stem,source,label,fold,has_mask,codec,setting,orig_bytes,compressed_bytes,compression_ratio,bpp,psnr_full,ssim_full,psnr_roi,psnr_background,ssim_roi,ssim_background,roi_lossless,dc_entropy,dc_avg_code_length,ac_entropy,ac_avg_code_length,encode_time_s,decode_time_s
CHNCXR_0001_0,Shenzhen,0,3,True,DCT,10,254976,3466,73.564916,0.108747,33.6576,0.85121,32.0081,34.365,0.793883,0.870374,False,1.6756,1.7976,1.9359,1.9762,0.057595,0.017588
CHNCXR_0001_0,Shenzhen,0,3,True,DCT,20,254976,6302,40.459537,0.197728,36.9885,0.917485,35.0519,37.8655,0.883589,0.929292,False,2.0874,2.1912,2.6027,2.6525,0.072313,0.02557
CHNCXR_0001_0,Shenzhen,0,3,True,DCT,30,254976,8663,29.43276,0.271806,38.7348,0.942407,36.6575,39.7015,0.915785,0.951494,False,2.2878,2.3589,2.8609,2.8999,0.102522,0.033968
CHNCXR_0001_0,Shenzhen,0,3,True,DCT,50,254976,12641,20.170556,0.396618,40.8796,0.96249,38.5619,42.0115,0.943719,0.969031,False,2.4889,2.5647,3.09,3.1185,0.096191,0.04415
CHNCXR_0001_0,Shenzhen,0,3,True,DCT,70,254976,17962,14.195301,0.563567,42.8052,0.973399,40.3555,44.0348,0.961952,0.977348,False,2.6365,2.7046,3.262,3.3096,0.112203,0.062235
CHNCXR_0001_0,Shenzhen,0,3,True,DCT,90,254976,35090,7.266344,1.100966,46.2973,0.987332,43.5746,47.7463,0.981318,0.989501,False,2.8709,2.9149,3.4795,3.515,0.178967,0.133196
CHNCXR_0002_0,Shenzhen,0,1,True,DCT,10,258048,3542,72.853755,0.109809,33.6831,0.853362,32.3978,34.1181,0.793299,0.871089,False,1.6936,1.8105,1.9829,2.0202,0.057061,0.017451
CHNCXR_0002_0,Shenzhen,0,1,True,DCT,20,258048,6340,40.701577,0.196553,37.0323,0.919587,35.3657,37.6343,0.880175,0.931079,False,2.1031,2.2026,2.659,2.7047,0.067738,0.027109
CHNCXR_0002_0,Shenzhen,0,1,True,DCT,30,258048,8644,29.852846,0.267981,38.8891,0.943799,36.8812,39.6599,0.912476,0.953034,False,2.2933,2.3559,2.9167,2.9575,0.099591,0.035945
CHNCXR_0002_0,Shenzhen,0,1,True,DCT,50,258048,12559,20.546859,0.389354,41.0355,0.963038,38.7509,41.9589,0.940722,0.969585,False,2.4875,2.5541,3.1346,3.1627,0.089556,0.045612
CHNCXR_0002_0,Shenzhen,0,1,True,DCT,70,258048,17746,14.541192,0.550161,42.936,0.97364,40.433,43.9912,0.958823,0.977984,False,2.6524,2.713,3.2764,3.326,0.11741,0.064637
CHNCXR_0002_0,Shenzhen,0,1,True,DCT,90,258048,34765,7.422638,1.077784,46.3389,0.987292,43.5526,47.5819,0.979474,0.989641,False,2.8734,2.9251,3.4978,3.5352,0.176542,0.119715
CHNCXR_0003_0,Shenzhen,0,3,True,DCT,10,258560,3944,65.557809,0.12203,33.1308,0.8555,32.4482,33.3698,0.802712,0.872727,False,1.7329,1.8591,2.1285,2.1485,0.061566,0.019422
CHNCXR_0003_0,Shenzhen,0,3,True,DCT,20,258560,6868,37.647059,0.2125,36.6041,0.919058,35.4619,37.036,0.88675,0.929679,False,2.1304,2.2258,2.7508,2.8062,0.088141,0.030707
CHNCXR_0003_0,Shenzhen,0,3,True,DCT,30,258560,9350,27.653476,0.289295,38.5355,0.942228,37.1282,39.0927,0.91838,0.950152,False,2.3098,2.3853,3.0119,3.0454,0.083119,0.04451
CHNCXR_0003_0,Shenzhen,0,3,True,DCT,50,258560,13305,19.433296,0.411665,40.7651,0.962604,39.0498,41.4832,0.945212,0.968498,False,2.512,2.592,3.2044,3.2321,0.091217,0.047103
CHNCXR_0003_0,Shenzhen,0,3,True,DCT,70,258560,18752,13.788396,0.580198,42.7298,0.974492,40.8251,43.5559,0.962655,0.97845,False,2.6463,2.7021,3.332,3.3797,0.122272,0.067728
CHNCXR_0003_0,Shenzhen,0,3,True,DCT,90,258560,36632,7.05831,1.133416,46.3587,0.987395,44.069,47.4291,0.981519,0.989429,False,2.8543,2.9109,3.5168,3.5544,0.188061,0.126837
CHNCXR_0004_0,Shenzhen,0,0,True,DCT,10,256512,3631,70.645001,0.113242,33.7038,0.856664,32.4401,34.1464,0.789115,0.877221,False,1.7253,1.8423,2.0025,2.0327,0.05534,0.01953
CHNCXR_0004_0,Shenzhen,0,0,True,DCT,20,256512,6425,39.924047,0.20038,37.0796,0.920014,35.3463,37.738,0.876363,0.93329,False,2.1155,2.2083,2.6612,2.7095,0.067647,0.02996
CHNCXR_0004_0,Shenzhen,0,0,True,DCT,30,256512,8798,29.155717,0.274389,38.941,0.94322,36.9347,39.7419,0.909299,0.953692,False,2.2976,2.3899,2.9163,2.9557,0.094255,0.036927
CHNCXR_0004_0,Shenzhen,0,0,True,DCT,50,256512,12681,20.228058,0.39549,41.0268,0.962191,38.7509,41.9827,0.938092,0.969469,False,2.5045,2.561,3.1374,3.1663,0.089768,0.047482
CHNCXR_0004_0,Shenzhen,0,0,True,DCT,70,256512,18048,14.212766,0.562874,42.8432,0.973576,40.4259,43.8868,0.95698,0.978632,False,2.6238,2.683,3.2904,3.3416,0.109837,0.062112
CHNCXR_0004_0,Shenzhen,0,0,True,DCT,90,256512,35650,7.195288,1.111839,46.2641,0.986737,43.5801,47.4863,0.978652,0.989256,False,2.8239,2.8896,3.4867,3.526,0.176828,0.129049
CHNCXR_0005_0,Shenzhen,0,1,True,DCT,10,256512,3669,69.913328,0.114427,33.572,0.8522,32.3132,34.0541,0.792945,0.871835,False,1.712,1.8428,2.0234,2.0562,0.060176,0.017977
CHNCXR_0005_0,Shenzhen,0,1,True,DCT,20,256512,6578,38.995439,0.205152,36.9654,0.919655,35.3499,37.6245,0.881953,0.932275,False,2.1055,2.2054,2.6712,2.7235,0.089087,0.032291
CHNCXR_0005_0,Shenzhen,0,1,True,DCT,30,256512,8969,28.599844,0.279722,38.7958,0.943412,36.9587,39.5766,0.91422,0.95302,False,2.2906,2.3621,2.9248,2.9639,0.079739,0.034575
CHNCXR_0005_0,Shenzhen,0,1,True,DCT,50,256512,12908,19.872327,0.40257,40.9089,0.962551,38.8661,41.8116,0.942527,0.969191,False,2.4865,2.5409,3.1386,3.1727,0.114049,0.048497
CHNCXR_0005_0,Shenzhen,0,1,True,DCT,70,256512,18299,14.017815,0.570702,42.7623,0.973997,40.6198,43.7276,0.960528,0.978327,False,2.6131,2.6751,3.2961,3.3434,0.110054,0.065883
CHNCXR_0005_0,Shenzhen,0,1,True,DCT,90,256512,36058,7.113872,1.124563,46.1901,0.986935,43.8106,47.314,0.980454,0.989165,False,2.816,2.8566,3.5041,3.5432,0.188353,0.13865
CHNCXR_0006_0,Shenzhen,0,3,True,DCT,10,246784,3847,64.149727,0.124708,33.2009,0.854363,32.0178,33.6287,0.785781,0.874915,False,1.7837,1.8624,2.1942,2.2088,0.0578,0.017807
CHNCXR_0006_0,Shenzhen,0,3,True,DCT,20,246784,6825,36.158828,0.221246,36.5923,0.919123,34.9972,37.2119,0.876743,0.931622,False,2.1685,2.2413,2.8165,2.8829,0.09119,0.028231
CHNCXR_0006_0,Shenzhen,0,3,True,DCT,30,246784,9152,26.965035,0.29668,38.3644,0.942755,36.5608,39.0918,0.909678,0.95245,False,2.3643,2.4237,3.041,3.0738,0.104583,0.033573
CHNCXR_0006_0,Shenzhen,0,3,True,DCT,50,246784,13135,18.788276,0.425797,40.5143,0.961985,38.4495,41.3887,0.939355,0.968887,False,2.5499,2.6155,3.2289,3.2599,0.097433,0.047962
CHNCXR_0006_0,Shenzhen,0,3,True,DCT,70,246784,18346,13.451652,0.594723,42.4217,0.973806,40.1225,43.4403,0.95796,0.978751,False,2.6719,2.6952,3.3456,3.3956,0.143861,0.065836
CHNCXR_0006_0,Shenzhen,0,3,True,DCT,90,246784,35564,6.939152,1.152879,46.0575,0.987039,43.3187,47.3845,0.979151,0.989587,False,2.8809,2.936,3.5341,3.5715,0.174316,0.117528
CHNCXR_0007_0,Shenzhen,0,4,True,DCT,10,260608,4059,64.204977,0.124601,32.6941,0.837972,32.8476,32.6127,0.801637,0.861129,False,1.7232,1.8269,2.2416,2.2617,0.058305,0.019648
CHNCXR_0007_0,Shenzhen,0,4,True,DCT,20,260608,7186,36.266073,0.220592,36.3738,0.908606,35.9023,36.6543,0.887989,0.922036,False,2.127,2.1963,2.8158,2.8817,0.069797,0.028132
CHNCXR_0007_0,Shenzhen,0,4,True,DCT,30,260608,9712,26.833608,0.298134,38.1747,0.936338,37.6733,38.4747,0.920655,0.946382,False,2.3045,2.366,3.0541,3.083,0.123212,0.042291
CHNCXR_0007_0,Shenzhen,0,4,True,DCT,50,260608,14013,18.597588,0.430163,40.5387,0.958258,39.6085,41.1449,0.947093,0.965337,False,2.5038,2.5642,3.2551,3.2851,0.115141,0.05193
CHNCXR_0007_0,Shenzhen,0,4,True,DCT,70,260608,19791,13.168006,0.607533,42.5691,0.972039,41.4213,43.3522,0.964412,0.976903,False,2.6472,2.7034,3.3751,3.4231,0.120445,0.069364
CHNCXR_0007_0,Shenzhen,0,4,True,DCT,90,260608,38165,6.828455,1.171568,46.1594,0.986242,44.7177,47.2093,0.982728,0.988562,False,2.8539,2.8938,3.5348,3.5713,0.191534,0.136945
CHNCXR_0008_0,Shenzhen,0,3,True,DCT,10,256512,3396,75.533569,0.105913,33.9341,0.865738,32.0582,34.4306,0.785168,0.882426,False,1.6513,1.7579,1.953,2.0002,0.055317,0.018614
CHNCXR_0008_0,Shenzhen,0,3,True,DCT,20,256512,5991,42.816224,0.186845,37.3329,0.924113,35.1167,37.9532,0.876671,0.934034,False,2.0678,2.1734,2.608,2.6401,0.072896,0.027708
CHNCXR_0008_0,Shenzhen,0,3,True,DCT,30,256512,8216,31.221032,0.256238,39.2259,0.946933,36.7047,39.9694,0.910809,0.954512,False,2.269,2.3346,2.87,2.9166,0.095509,0.033065
CHNCXR_0008_0,Shenzhen,0,3,True,DCT,50,256512,11857,21.633803,0.369792,41.3113,0.964768,38.5337,42.1682,0.938896,0.970232,False,2.4751,2.537,3.1045,3.131,0.105313,0.046079
CHNCXR_0008_0,Shenzhen,0,3,True,DCT,70,256512,16933,15.148645,0.5281,43.2369,0.975896,40.2454,44.1962,0.957913,0.979578,False,2.6371,2.7026,3.2664,3.318,0.105843,0.062432
CHNCXR_0008_0,Shenzhen,0,3,True,DCT,90,256512,33453,7.667832,1.04332,46.714,0.987909,43.3362,47.8787,0.978743,0.989912,False,2.8652,2.9206,3.4718,3.5117,0.211439,0.110609
CHNCXR_0009_0,Shenzhen,0,3,True,DCT,10,224256,3449,65.020586,0.123038,33.0922,0.853288,32.7178,33.1978,0.796313,0.867435,False,1.7703,1.875,2.1866,2.208,0.050826,0.016432
CHNCXR_0009_0,Shenzhen,0,3,True,DCT,20,224256,6033,37.171556,0.215218,36.3908,0.917673,35.721,36.5885,0.880364,0.926196,False,2.1606,2.2315,2.7983,2.8563,0.060643,0.025255
CHNCXR_0009_0,Shenzhen,0,3,True,DCT,30,224256,8131,27.580371,0.290061,38.2572,0.94146,37.2809,38.5598,0.912566,0.948532,False,2.3444,2.4199,3.0485,3.0832,0.07132,0.032059
CHNCXR_0009_0,Shenzhen,0,3,True,DCT,50,224256,11642,19.26267,0.415311,40.4323,0.961397,39.153,40.8488,0.941012,0.966313,False,2.5364,2.5884,3.2341,3.2632,0.092226,0.046175
CHNCXR_0009_0,Shenzhen,0,3,True,DCT,70,224256,16423,13.654996,0.585866,42.3887,0.973681,40.8947,42.8928,0.959565,0.977169,False,2.6744,2.7261,3.3508,3.3998,0.102924,0.059675
CHNCXR_0009_0,Shenzhen,0,3,True,DCT,90,224256,31846,7.041889,1.136059,46.2193,0.9872,44.0356,47.0516,0.979813,0.989203,False,2.8728,2.9352,3.5235,3.5615,0.184934,0.105422
CHNCXR_0010_0,Shenzhen,0,1,True,DCT,10,257536,3531,72.935712,0.109686,33.5234,0.861721,32.0036,33.8714,0.780103,0.876697,False,1.6764,1.7666,2.0086,2.0436,0.062036,0.019434
CHNCXR_0010_0,Shenzhen,0,1,True,DCT,20,257536,6308,40.826886,0.195949,36.9261,0.921981,34.9716,37.4051,0.874207,0.930537,False,2.0945,2.1947,2.6639,2.7035,0.069652,0.02837
CHNCXR_0010_0,Shenzhen,0,1,True,DCT,30,257536,8618,29.8835,0.267706,38.8061,0.944677,36.638,39.3561,0.909984,0.950918,False,2.2916,2.3532,2.9134,2.9557,0.076099,0.033941
CHNCXR_0010_0,Shenzhen,0,1,True,DCT,50,257536,12421,20.733918,0.385841,40.8663,0.962894,38.4469,41.5062,0.938678,0.967271,False,2.5064,2.5828,3.1175,3.1485,0.092534,0.04693
CHNCXR_0010_0,Shenzhen,0,1,True,DCT,70,257536,17655,14.587142,0.548428,42.7874,0.974393,40.1949,43.4934,0.958217,0.977387,False,2.6589,2.716,3.2673,3.3208,0.113574,0.063244
CHNCXR_0010_0,Shenzhen,0,1,True,DCT,90,257536,35162,7.324271,1.092259,46.2443,0.986942,43.3455,47.0768,0.979245,0.988422,False,2.8951,2.9603,3.4768,3.5172,0.205258,0.124267
CHNCXR_0011_0,Shenzhen,0,2,True,DCT,10,255488,3534,72.294284,0.110659,33.5991,0.858242,31.7624,34.2582,0.778283,0.88071,False,1.7174,1.8075,1.9843,2.0223,0.058632,0.017816
CHNCXR_0011_0,Shenzhen,0,2,True,DCT,20,255488,6377,40.06398,0.199681,36.9582,0.921945,34.6758,37.8462,0.873993,0.935645,False,2.1073,2.2068,2.6572,2.703,0.068601,0.027057
CHNCXR_0011_0,Shenzhen,0,2,True,DCT,30,255488,8760,29.165297,0.274299,38.7456,0.945131,36.3451,39.7006,0.911614,0.954785,False,2.3152,2.3844,2.9049,2.9446,0.078705,0.036732
CHNCXR_0011_0,Shenzhen,0,2,True,DCT,50,255488,12712,20.098175,0.398046,40.8918,0.963853,38.2878,41.9693,0.941262,0.970384,False,2.5287,2.6116,3.14,3.1697,0.097712,0.045582
CHNCXR_0011_0,Shenzhen,0,2,True,DCT,70,255488,17896,14.276263,0.560371,42.8357,0.975576,40.0562,44.0264,0.96032,0.979824,False,2.6681,2.722,3.2743,3.3236,0.110319,0.065932
CHNCXR_0011_0,Shenzhen,0,2,True,DCT,90,255488,34883,7.324141,1.092278,46.4236,0.988007,43.3363,47.8324,0.980794,0.990108,False,2.8929,2.9573,3.505,3.5412,0.215401,0.115129
CHNCXR_0012_0,Shenzhen,0,3,True,DCT,10,258560,3720,69.505376,0.115099,33.4383,0.849639,32.5444,33.8083,0.796978,0.869154,False,1.7306,1.8667,2.0067,2.0344,0.06181,0.020365
CHNCXR_0012_0,Shenzhen,0,3,True,DCT,20,258560,6655,38.851991,0.20591,36.7696,0.916065,35.4513,37.3581,0.88079,0.929038,False,2.1106,2.2178,2.6639,2.7132,0.079983,0.03789
CHNCXR_0012_0,Shenzhen,0,3,True,DCT,30,258560,9098,28.419433,0.281498,38.5734,0.93978,37.0388,39.2866,0.913083,0.94953,False,2.2939,2.377,2.9237,2.9593,0.079225,0.045327
CHNCXR_0012_0,Shenzhen,0,3,True,DCT,50,258560,13152,19.659367,0.406931,40.6264,0.95937,38.849,41.4921,0.940665,0.966426,False,2.4846,2.5544,3.1594,3.1903,0.09877,0.053316
CHNCXR_0012_0,Shenzhen,0,3,True,DCT,70,258560,18671,13.848214,0.577692,42.4324,0.971454,40.5115,43.3949,0.958508,0.976275,False,2.5972,2.6494,3.3043,3.3493,0.124412,0.067716
CHNCXR_0012_0,Shenzhen,0,3,True,DCT,90,258560,37236,6.943818,1.152104,45.8953,0.985598,43.681,47.0738,0.979338,0.988034,False,2.7993,2.8457,3.4942,3.536,0.208117,0.126896
CHNCXR_0013_0,Shenzhen,0,4,True,DCT,10,256512,3465,74.029437,0.108065,33.6916,0.862777,31.6677,34.4543,0.783261,0.884751,False,1.6502,1.7416,1.9965,2.0369,0.057147,0.023762
CHNCXR_0013_0,Shenzhen,0,4,True,DCT,20,256512,6286,40.806872,0.196045,37.1243,0.922479,34.7115,38.1019,0.879543,0.934494,False,2.0684,2.186,2.6604,2.7043,0.069804,0.026286
CHNCXR_0013_0,Shenzhen,0,4,True,DCT,30,256512,8577,29.90696,0.267496,38.866,0.945018,36.3422,39.9108,0.913411,0.953766,False,2.2883,2.3326,2.9076,2.9501,0.081054,0.032485
CHNCXR_0013_0,Shenzhen,0,4,True,DCT,50,256512,12441,20.618278,0.388005,40.9781,0.963551,38.2373,42.1623,0.941857,0.969613,False,2.5203,2.5868,3.1306,3.159,0.096064,0.047245
CHNCXR_0013_0,Shenzhen,0,4,True,DCT,70,256512,17640,14.541497,0.55015,42.8473,0.973981,40.0667,44.0585,0.961307,0.977568,False,2.6566,2.724,3.2749,3.3242,0.112113,0.061245
CHNCXR_0013_0,Shenzhen,0,4,True,DCT,90,256512,34662,7.400381,1.081025,46.2637,0.987382,43.2966,47.6064,0.981203,0.989214,False,2.9258,2.9933,3.4875,3.5244,0.174007,0.116085
CHNCXR_0014_0,Shenzhen,0,2,True,DCT,10,254976,3566,71.501963,0.111885,33.6401,0.85519,31.6102,34.3346,0.77724,0.875499,False,1.6709,1.7889,1.997,2.0269,0.057964,0.019175
CHNCXR_0014_0,Shenzhen,0,2,True,DCT,20,254976,6320,40.344304,0.198293,36.9804,0.919771,34.5372,37.8812,0.87414,0.931826,False,2.0793,2.1895,2.6371,2.6833,0.070308,0.026638
CHNCXR_0014_0,Shenzhen,0,2,True,DCT,30,254976,8670,29.408997,0.272026,38.8056,0.944414,36.1872,39.8032,0.910399,0.953358,False,2.2913,2.3475,2.9152,2.9562,0.080276,0.033283
CHNCXR_0014_0,Shenzhen,0,2,True,DCT,50,254976,12532,20.345994,0.393198,40.9671,0.963529,38.0021,42.1756,0.939198,0.969997,False,2.5028,2.5992,3.1363,3.1667,0.097066,0.046675
CHNCXR_0014_0,Shenzhen,0,2,True,DCT,70,254976,17624,14.467544,0.552962,42.8199,0.972812,39.763,44.089,0.958668,0.976564,False,2.642,2.747,3.2673,3.3151,0.116158,0.064888
CHNCXR_0014_0,Shenzhen,0,2,True,DCT,90,254976,34466,7.397899,1.081388,46.2629,0.987541,42.9779,47.6922,0.979697,0.989687,False,2.9107,2.9836,3.5078,3.544,0.176499,0.115312
CHNCXR_0015_0,Shenzhen,0,4,True,DCT,10,257024,3747,68.594609,0.116627,33.4935,0.85328,32.2918,33.917,0.79239,0.8719,False,1.701,1.8328,2.0447,2.069,0.060263,0.019692
CHNCXR_0015_0,Shenzhen,0,4,True,DCT,20,257024,6717,38.264702,0.20907,36.8181,0.918697,35.2971,37.3843,0.881166,0.929959,False,2.0986,2.2029,2.7045,2.764,0.066389,0.027329
CHNCXR_0015_0,Shenzhen,0,4,True,DCT,30,257024,9171,28.025733,0.285452,38.6493,0.942251,36.9611,39.2967,0.915203,0.950357,False,2.2838,2.3693,2.9579,2.9963,0.080387,0.036165
CHNCXR_0015_0,Shenzhen,0,4,True,DCT,50,257024,13224,19.436177,0.411604,40.7326,0.961493,38.8582,41.4759,0.942581,0.967158,False,2.4811,2.5275,3.1559,3.1884,0.09367,0.047555
CHNCXR_0015_0,Shenzhen,0,4,True,DCT,70,257024,18831,13.648983,0.586124,42.5738,0.973332,40.6021,43.3699,0.960911,0.977163,False,2.6135,2.6726,3.2951,3.339,0.119441,0.067188
CHNCXR_0015_0,Shenzhen,0,4,True,DCT,90,257024,36968,6.952608,1.150647,46.0405,0.986629,43.7563,47.019,0.980514,0.988537,False,2.8025,2.8599,3.4846,3.5208,0.188555,0.132175
CHNCXR_0016_0,Shenzhen,0,2,True,DCT,10,257024,3506,73.309755,0.109126,33.7982,0.859626,32.2653,34.2944,0.794245,0.876836,False,1.6792,1.777,1.9606,1.9978,0.067298,0.017937
CHNCXR_0016_0,Shenzhen,0,2,True,DCT,20,257024,6201,41.448799,0.193009,37.2577,0.923221,35.1777,37.9978,0.880956,0.933967,False,2.1001,2.1954,2.6061,2.6466,0.072875,0.030137
CHNCXR_0016_0,Shenzhen,0,2,True,DCT,30,257024,8510,30.202585,0.264878,39.06,0.946717,36.8252,39.8778,0.914551,0.954743,False,2.2796,2.35,2.8839,2.9279,0.079913,0.034661
CHNCXR_0016_0,Shenzhen,0,2,True,DCT,50,257024,12207,21.05546,0.379949,41.2108,0.965114,38.7252,42.1636,0.942976,0.97077,False,2.5022,2.5784,3.1081,3.135,0.09594,0.046123
CHNCXR_0016_0,Shenzhen,0,2,True,DCT,70,257024,17316,14.843151,0.538969,43.0859,0.974583,40.4281,44.1388,0.960535,0.978131,False,2.6609,2.7237,3.2664,3.3171,0.112884,0.066305
CHNCXR_0016_0,Shenzhen,0,2,True,DCT,90,257024,33950,7.570663,1.056711,46.5611,0.988063,43.5946,47.8102,0.980507,0.990105,False,2.8909,2.9591,3.4871,3.5257,0.170003,0.11786
CHNCXR_0017_0,Shenzhen,0,2,True,DCT,10,251392,3740,67.217112,0.119017,33.2262,0.848319,32.2504,33.5756,0.793259,0.865865,False,1.8005,1.8942,2.0833,2.1105,0.061297,0.019785
CHNCXR_0017_0,Shenzhen,0,2,True,DCT,20,251392,6605,38.060863,0.21019,36.6198,0.916081,35.1893,37.1735,0.880784,0.927149,False,2.1959,2.2533,2.7077,2.7567,0.068854,0.028458
CHNCXR_0017_0,Shenzhen,0,2,True,DCT,30,251392,8998,27.938653,0.286342,38.5557,0.942165,36.848,39.2503,0.914235,0.95117,False,2.3832,2.44,2.9621,3.0034,0.078267,0.038394
CHNCXR_0017_0,Shenzhen,0,2,True,DCT,50,251392,12863,19.543808,0.409337,40.698,0.962062,38.7458,41.529,0.942096,0.968489,False,2.5765,2.6129,3.1795,3.2099,0.127932,0.050734
CHNCXR_0017_0,Shenzhen,0,2,True,DCT,70,251392,18047,13.92985,0.574306,42.64,0.973254,40.4416,43.621,0.960193,0.977191,False,2.7008,2.7402,3.3156,3.3638,0.119761,0.100998
CHNCXR_0017_0,Shenzhen,0,2,True,DCT,90,251392,35048,7.172792,1.115326,46.1875,0.9871,43.5599,47.4664,0.979989,0.989495,False,2.9102,2.9478,3.5206,3.5576,0.191062,0.124348
CHNCXR_0018_0,Shenzhen,0,2,True,DCT,10,254976,3916,65.111338,0.122866,33.0322,0.845122,32.0913,33.4835,0.784991,0.871188,False,1.7147,1.849,2.1522,2.1726,0.058152,0.019804
CHNCXR_0018_0,Shenzhen,0,2,True,DCT,20,254976,6957,36.65028,0.218279,36.5075,0.913439,35.0276,37.2939,0.874887,0.930376,False,2.1127,2.2135,2.7646,2.83,0.100326,0.032355
CHNCXR_0018_0,Shenzhen,0,2,True,DCT,30,254976,9517,26.791636,0.298601,38.3262,0.938844,36.6034,39.2878,0.909451,0.951667,False,2.3065,2.377,3.0074,3.0397,0.088585,0.038477
CHNCXR_0018_0,Shenzhen,0,2,True,DCT,50,254976,13739,18.558556,0.431068,40.4505,0.959645,38.4666,41.6207,0.938946,0.96882,False,2.4963,2.5699,3.1931,3.2281,0.123346,0.051562
CHNCXR_0018_0,Shenzhen,0,2,True,DCT,70,254976,19421,13.128881,0.609344,42.351,0.971722,40.1403,43.7222,0.957863,0.977919,False,2.634,2.6962,3.3407,3.3862,0.121659,0.067562
CHNCXR_0018_0,Shenzhen,0,2,True,DCT,90,254976,37560,6.788498,1.178464,45.8735,0.986335,43.3254,47.584,0.979155,0.989605,False,2.8527,2.8996,3.5217,3.5567,0.199125,0.126739
CHNCXR_0019_0,Shenzhen,0,0,True,DCT,10,257024,3636,70.688669,0.113172,33.4962,0.852419,31.9795,34.1584,0.787499,0.875555,False,1.6586,1.8021,2.0134,2.0401,0.057837,0.01811
CHNCXR_0019_0,Shenzhen,0,0,True,DCT,20,257024,6677,38.493934,0.207825,36.8027,0.919101,34.9331,37.6754,0.879818,0.932936,False,2.0615,2.1806,2.6766,2.7356,0.083296,0.042802
CHNCXR_0019_0,Shenzhen,0,0,True,DCT,30,257024,9097,28.25371,0.283149,38.6072,0.943222,36.5734,39.5877,0.913761,0.953531,False,2.2687,2.3514,2.9157,2.9514,0.10189,0.037686
CHNCXR_0019_0,Shenzhen,0,0,True,DCT,50,257024,13296,19.330927,0.413845,40.689,0.96232,38.4186,41.8374,0.941837,0.969579,False,2.468,2.5437,3.1394,3.1712,0.097329,0.052982
CHNCXR_0019_0,Shenzhen,0,0,True,DCT,70,257024,18788,13.680221,0.584786,42.5616,0.974141,40.1781,43.7959,0.960333,0.97912,False,2.6013,2.6771,3.2804,3.3263,0.121498,0.067475
CHNCXR_0019_0,Shenzhen,0,0,True,DCT,90,257024,36527,7.036548,1.136921,46.0556,0.987119,43.43,47.4883,0.980635,0.989503,False,2.8368,2.8832,3.4777,3.5107,0.1918,0.123091
CHNCXR_0020_0,Shenzhen,0,0,True,DCT,10,242688,4269,56.848911,0.140724,32.682,0.84458,31.1048,33.6562,0.795636,0.869047,False,1.8595,2.0229,2.1778,2.1966,0.061269,0.021897
CHNCXR_0020_0,Shenzhen,0,0,True,DCT,20,242688,7665,31.66184,0.25267,35.8076,0.910204,33.9591,37.0194,0.882399,0.924653,False,2.2301,2.3195,2.798,2.8431,0.099,0.031538
CHNCXR_0020_0,Shenzhen,0,0,True,DCT,30,242688,10375,23.391614,0.342003,37.4132,0.933807,35.5276,38.6596,0.914624,0.94388,False,2.392,2.488,2.9969,3.0203,0.102455,0.044416
CHNCXR_0020_0,Shenzhen,0,0,True,DCT,50,242688,15009,16.169498,0.494759,39.2601,0.953597,37.321,40.5576,0.941636,0.959965,False,2.5724,2.6888,3.1879,3.2371,0.101211,0.054807
CHNCXR_0020_0,Shenzhen,0,0,True,DCT,70,242688,21105,11.499076,0.695708,40.9441,0.966471,38.9394,42.306,0.958965,0.970701,False,2.7047,2.7776,3.3247,3.3651,0.124786,0.077868
CHNCXR_0020_0,Shenzhen,0,0,True,DCT,90,242688,41532,5.843398,1.369066,43.9395,0.981614,41.9921,45.245,0.979021,0.983257,False,2.895,2.9523,3.5323,3.5693,0.201325,0.15092
CHNCXR_0021_0,Shenzhen,0,1,True,DCT,10,254464,3641,69.888492,0.114468,33.4956,0.852364,32.4349,33.9229,0.796816,0.871278,False,1.7409,1.8487,1.9751,2.0069,0.057066,0.019381
CHNCXR_0021_0,Shenzhen,0,1,True,DCT,20,254464,6460,39.390712,0.203094,36.8583,0.918083,35.5439,37.4119,0.885004,0.929064,False,2.1382,2.2101,2.6364,2.6853,0.069815,0.03336
CHNCXR_0021_0,Shenzhen,0,1,True,DCT,30,254464,8867,28.697869,0.278766,38.6688,0.942253,37.2,39.3051,0.917335,0.950499,False,2.3356,2.3837,2.9149,2.9564,0.08718,0.03705
CHNCXR_0021_0,Shenzhen,0,1,True,DCT,50,254464,12827,19.838154,0.403263,40.7842,0.961661,39.039,41.5804,0.943836,0.967806,False,2.5294,2.5756,3.136,3.1653,0.107054,0.050711
CHNCXR_0021_0,Shenzhen,0,1,True,DCT,70,254464,18211,13.973093,0.572529,42.7064,0.973425,40.8335,43.582,0.961982,0.977356,False,2.6597,2.7076,3.2665,3.3073,0.146871,0.069517
CHNCXR_0021_0,Shenzhen,0,1,True,DCT,90,254464,35681,7.131639,1.121762,46.317,0.987179,44.0344,47.4756,0.981288,0.989318,False,2.8706,2.9117,3.4869,3.5207,0.218529,0.120784
CHNCXR_0022_0,Shenzhen,0,2,True,DCT,10,258048,3760,68.629787,0.116567,33.3837,0.851499,32.4968,33.7633,0.799347,0.871218,False,1.7458,1.8795,2.0327,2.0542,0.077734,0.018753
CHNCXR_0022_0,Shenzhen,0,2,True,DCT,20,258048,6635,38.891937,0.205698,36.7171,0.915358,35.4025,37.3248,0.88117,0.928441,False,2.122,2.2259,2.6698,2.7238,0.07222,0.026204
CHNCXR_0022_0,Shenzhen,0,2,True,DCT,30,258048,9129,28.266842,0.283017,38.5232,0.94009,37.004,39.2529,0.914268,0.949862,False,2.309,2.3785,2.9354,2.9628,0.080065,0.035828
CHNCXR_0022_0,Shenzhen,0,2,True,DCT,50,258048,13242,19.487087,0.410528,40.6384,0.959992,38.8791,41.5239,0.941946,0.966822,False,2.5031,2.5652,3.1447,3.1729,0.115828,0.049459
CHNCXR_0022_0,Shenzhen,0,2,True,DCT,70,258048,18772,13.746431,0.581969,42.4682,0.972216,40.544,43.4693,0.959738,0.977035,False,2.6137,2.6838,3.2933,3.3384,0.115746,0.075159
CHNCXR_0022_0,Shenzhen,0,2,True,DCT,90,258048,37188,6.939013,1.152902,45.9104,0.986018,43.6612,47.1632,0.979764,0.988485,False,2.802,2.8378,3.4902,3.5292,0.185216,0.122803
CHNCXR_0023_0,Shenzhen,0,0,True,DCT,10,256512,3675,69.799184,0.114615,33.4362,0.849209,32.1405,33.9594,0.780589,0.872893,False,1.7432,1.8549,2.0399,2.0685,0.070436,0.019406
CHNCXR_0023_0,Shenzhen,0,0,True,DCT,20,256512,6674,38.434522,0.208146,36.8226,0.91569,34.9963,37.6352,0.870753,0.931231,False,2.1316,2.2257,2.6788,2.7326,0.096263,0.027825
CHNCXR_0023_0,Shenzhen,0,0,True,DCT,30,256512,9187,27.921193,0.286521,38.6054,0.940416,36.595,39.5322,0.907169,0.951877,False,2.3308,2.4053,2.9441,2.9783,0.081677,0.037679
CHNCXR_0023_0,Shenzhen,0,0,True,DCT,50,256512,13211,19.416547,0.41202,40.6418,0.959916,38.495,41.6586,0.937434,0.967668,False,2.5147,2.5744,3.1467,3.1806,0.092727,0.049768
CHNCXR_0023_0,Shenzhen,0,0,True,DCT,70,256512,18655,13.750308,0.581805,42.4337,0.972032,40.1944,43.5141,0.956935,0.977261,False,2.6359,2.688,3.2831,3.3301,0.150521,0.065089
CHNCXR_0023_0,Shenzhen,0,0,True,DCT,90,256512,36926,6.94665,1.151634,45.831,0.985716,43.3653,47.0776,0.978415,0.988309,False,2.845,2.8943,3.5016,3.5397,0.183825,0.118623
CHNCXR_0024_0,Shenzhen,0,4,True,DCT,10,258048,3733,69.126172,0.11573,33.454,0.854881,32.1772,33.8991,0.789516,0.873627,False,1.7293,1.8529,2.0313,2.0594,0.076288,0.021715
CHNCXR_0024_0,Shenzhen,0,4,True,DCT,20,258048,6649,38.810047,0.206132,36.8265,0.91968,35.0717,37.4912,0.876791,0.932287,False,2.1155,2.2123,2.6778,2.7348,0.075017,0.028094
CHNCXR_0024_0,Shenzhen,0,4,True,DCT,30,258048,9084,28.406869,0.281622,38.6945,0.943301,36.7426,39.4607,0.911461,0.952511,False,2.3033,2.3681,2.9239,2.9602,0.104415,0.038467
CHNCXR_0024_0,Shenzhen,0,4,True,DCT,50,258048,13130,19.653313,0.407056,40.7897,0.962594,38.581,41.6993,0.939951,0.969117,False,2.4984,2.5496,3.144,3.1753,0.095748,0.048924
CHNCXR_0024_0,Shenzhen,0,4,True,DCT,70,258048,18528,13.927461,0.574405,42.6551,0.97373,40.3162,43.6426,0.958742,0.978103,False,2.613,2.6773,3.2954,3.343,0.113079,0.065029
CHNCXR_0024_0,Shenzhen,0,4,True,DCT,90,258048,36323,7.104259,1.126085,46.1925,0.987102,43.5582,47.3718,0.979839,0.989321,False,2.8074,2.8594,3.4968,3.5356,0.182494,0.118356
CHNCXR_0025_0,Shenzhen,0,1,False,DCT,10,256512,3726,68.8438,0.116205,33.3704,0.848885,,,,,,1.7386,1.8571,2.0304,2.0577,0.058207,0.019832
CHNCXR_0025_0,Shenzhen,0,1,False,DCT,20,256512,6786,37.800177,0.211639,36.7443,0.916654,,,,,,2.1214,2.2155,2.6989,2.7582,0.068343,0.037054
CHNCXR_0025_0,Shenzhen,0,1,False,DCT,30,256512,9324,27.51094,0.290793,38.5077,0.940433,,,,,,2.3034,2.3834,2.959,2.9915,0.080396,0.037963
CHNCXR_0025_0,Shenzhen,0,1,False,DCT,50,256512,13430,19.099926,0.41885,40.5672,0.960422,,,,,,2.5001,2.5501,3.1629,3.1976,0.096176,0.052029
CHNCXR_0025_0,Shenzhen,0,1,False,DCT,70,256512,19049,13.465904,0.594093,42.4484,0.972609,,,,,,2.6236,2.69,3.2848,3.3302,0.115736,0.068203
CHNCXR_0025_0,Shenzhen,0,1,False,DCT,90,256512,37458,6.84799,1.168226,45.8953,0.98625,,,,,,2.8077,2.8626,3.4973,3.5335,0.18707,0.125309
CHNCXR_0026_0,Shenzhen,0,3,True,DCT,10,256512,3390,75.667257,0.105726,33.824,0.860197,32.1001,34.4354,0.785388,0.881069,False,1.6529,1.7587,1.923,1.969,0.055509,0.017518
CHNCXR_0026_0,Shenzhen,0,3,True,DCT,20,256512,6107,42.002947,0.190463,37.2752,0.923202,35.0691,38.1285,0.877167,0.936229,False,2.0642,2.1731,2.6137,2.6487,0.064335,0.025951
CHNCXR_0026_0,Shenzhen,0,3,True,DCT,30,256512,8383,30.59907,0.261446,39.112,0.945729,36.7125,40.0746,0.912685,0.954974,False,2.2681,2.3165,2.8809,2.9255,0.074221,0.033941
CHNCXR_0026_0,Shenzhen,0,3,True,DCT,50,256512,12122,21.160865,0.378056,41.2311,0.96425,38.548,42.3684,0.940715,0.970885,False,2.4823,2.5365,3.0967,3.1266,0.089656,0.045564
CHNCXR_0026_0,Shenzhen,0,3,True,DCT,70,256512,17257,14.864229,0.538205,43.1207,0.97453,40.3272,44.3312,0.959761,0.978596,False,2.6259,2.692,3.2575,3.3093,0.111136,0.062935
CHNCXR_0026_0,Shenzhen,0,3,True,DCT,90,256512,34042,7.535162,1.061689,46.5851,0.987804,43.5637,47.9573,0.980383,0.989978,False,2.8591,2.9132,3.4886,3.5268,0.184919,0.111955
CHNCXR_0027_0,Shenzhen,0,1,True,DCT,10,256000,3794,67.47496,0.118563,33.2436,0.855752,32.4146,33.4783,0.790352,0.873443,False,1.69,1.8053,2.115,2.1355,0.058638,0.018152
CHNCXR_0027_0,Shenzhen,0,1,True,DCT,20,256000,6593,38.829061,0.206031,36.7188,0.918508,35.3318,37.148,0.876047,0.930444,False,2.0895,2.1997,2.7268,2.7762,0.067839,0.027255
CHNCXR_0027_0,Shenzhen,0,1,True,DCT,30,256000,9020,28.381375,0.281875,38.5529,0.941595,36.9095,39.0837,0.910058,0.950468,False,2.2794,2.344,3.0217,3.0574,0.077816,0.035109
CHNCXR_0027_0,Shenzhen,0,1,True,DCT,50,256000,12945,19.775975,0.404531,40.7705,0.961792,38.8168,41.4361,0.93975,0.967978,False,2.4888,2.5441,3.2018,3.2307,0.094135,0.046735
CHNCXR_0027_0,Shenzhen,0,1,True,DCT,70,256000,18151,14.103906,0.567219,42.7427,0.973734,40.502,43.546,0.958351,0.978056,False,2.6164,2.6729,3.3153,3.364,0.112651,0.06166
CHNCXR_0027_0,Shenzhen,0,1,True,DCT,90,256000,35851,7.140666,1.120344,46.188,0.986632,43.6485,47.1502,0.9794,0.988678,False,2.8366,2.8926,3.5089,3.5478,0.200777,0.152479
CHNCXR_0028_0,Shenzhen,0,1,True,DCT,10,257024,3830,67.108094,0.119211,33.3157,0.843631,32.3326,33.8695,0.785014,0.872239,False,1.7134,1.8713,2.0648,2.0904,0.05897,0.019325
CHNCXR_0028_0,Shenzhen,0,1,True,DCT,20,257024,6906,37.217492,0.214953,36.5937,0.913332,35.2666,37.3948,0.874874,0.932028,False,2.0882,2.2014,2.7058,2.7708,0.072474,0.028763
CHNCXR_0028_0,Shenzhen,0,1,True,DCT,30,257024,9568,26.862876,0.297809,38.4028,0.938026,36.8603,39.3773,0.909928,0.95168,False,2.293,2.3562,2.9629,2.9937,0.08151,0.038572
CHNCXR_0028_0,Shenzhen,0,1,True,DCT,50,257024,13823,18.593938,0.430248,40.4822,0.958844,38.7291,41.6422,0.939117,0.968363,False,2.4809,2.5407,3.1537,3.1877,0.097398,0.051775
CHNCXR_0028_0,Shenzhen,0,1,True,DCT,70,257024,19549,13.14768,0.608472,42.2559,0.970807,40.3957,43.5169,0.957759,0.977186,False,2.5868,2.6575,3.3039,3.3455,0.134392,0.066355
CHNCXR_0028_0,Shenzhen,0,1,True,DCT,90,257024,38296,6.71151,1.191982,45.6396,0.98559,43.5063,47.1822,0.978791,0.989007,False,2.7911,2.844,3.4893,3.5238,0.205368,0.162374
CHNCXR_0029_0,Shenzhen,0,0,True,DCT,10,256512,3394,75.578079,0.105851,33.976,0.866452,31.9279,34.5004,0.777855,0.883875,False,1.6749,1.7569,1.9548,2.0021,0.057663,0.018014
CHNCXR_0029_0,Shenzhen,0,0,True,DCT,20,256512,5990,42.823372,0.186814,37.352,0.926471,34.9665,37.9978,0.875287,0.936588,False,2.0829,2.19,2.6058,2.6365,0.065684,0.025709
CHNCXR_0029_0,Shenzhen,0,0,True,DCT,30,256512,8187,31.331623,0.255333,39.2071,0.948826,36.5877,39.9451,0.910343,0.956374,False,2.2883,2.3368,2.8852,2.9336,0.09438,0.033558
CHNCXR_0029_0,Shenzhen,0,0,True,DCT,50,256512,11824,21.694181,0.368762,41.3902,0.966463,38.4082,42.2856,0.939161,0.9719,False,2.5227,2.592,3.1017,3.1315,0.088387,0.043691
CHNCXR_0029_0,Shenzhen,0,0,True,DCT,70,256512,16650,15.406126,0.519274,43.3432,0.977121,40.1806,44.3246,0.958894,0.980576,False,2.67,2.7287,3.2589,3.3109,0.11003,0.058701
CHNCXR_0029_0,Shenzhen,0,0,True,DCT,90,256512,32652,7.855935,1.018338,46.9457,0.98891,43.4329,48.1095,0.980006,0.990737,False,2.9106,2.9727,3.4831,3.5184,0.219558,0.128746
CHNCXR_0030_0,Shenzhen,0,4,True,DCT,10,250880,4056,61.854043,0.129337,32.8193,0.831907,31.4294,33.7432,0.802552,0.848251,False,1.8272,1.9529,2.075,2.0923,0.079159,0.026981
CHNCXR_0030_0,Shenzhen,0,4,True,DCT,20,250880,7419,33.815878,0.236575,35.9988,0.901969,34.4703,37.0465,0.887984,0.910697,False,2.209,2.2684,2.6786,2.739,0.089847,0.047123
CHNCXR_0030_0,Shenzhen,0,4,True,DCT,30,250880,10101,24.837145,0.322098,37.6342,0.927927,36.0778,38.7076,0.918469,0.933929,False,2.372,2.4294,2.8933,2.9222,0.08288,0.039701
CHNCXR_0030_0,Shenzhen,0,4,True,DCT,50,250880,14795,16.95708,0.471779,39.366,0.94803,37.8703,40.3838,0.943797,0.951065,False,2.5446,2.6197,3.1411,3.1902,0.099274,0.053296
CHNCXR_0030_0,Shenzhen,0,4,True,DCT,70,250880,21062,11.911499,0.67162,40.9747,0.961619,39.4687,42.0018,0.960052,0.963166,False,2.6712,2.7109,3.2851,3.3235,0.125632,0.07528
CHNCXR_0030_0,Shenzhen,0,4,True,DCT,90,250880,42345,5.924666,1.350287,43.8133,0.978415,42.469,44.6983,0.979152,0.978472,False,2.8564,2.9158,3.4773,3.5146,0.20692,0.14144
CHNCXR_0031_0,Shenzhen,0,4,True,DCT,10,257536,3997,64.432324,0.124161,33.0805,0.855044,32.3757,33.3434,0.800072,0.874017,False,1.7472,1.8524,2.2109,2.2279,0.058309,0.019847
CHNCXR_0031_0,Shenzhen,0,4,True,DCT,20,257536,6998,36.801372,0.217383,36.5087,0.918412,35.527,36.8923,0.886707,0.92898,False,2.1346,2.2321,2.81,2.873,0.069567,0.028108
CHNCXR_0031_0,Shenzhen,0,4,True,DCT,30,257536,9458,27.229435,0.2938,38.4388,0.941355,37.1556,38.9673,0.918745,0.948816,False,2.3169,2.3738,3.04,3.0745,0.078527,0.03621
CHNCXR_0031_0,Shenzhen,0,4,True,DCT,50,257536,13472,19.11639,0.418489,40.6175,0.961013,39.1169,41.2602,0.945668,0.966253,False,2.5154,2.5717,3.2378,3.2658,0.096033,0.049057
CHNCXR_0031_0,Shenzhen,0,4,True,DCT,70,257536,19018,13.541697,0.590768,42.5465,0.97305,40.8971,43.2727,0.963137,0.976598,False,2.6385,2.6915,3.3723,3.4203,0.123489,0.070304
CHNCXR_0031_0,Shenzhen,0,4,True,DCT,90,257536,37262,6.911492,1.157493,46.1308,0.986603,44.1662,47.0496,0.981982,0.988348,False,2.8237,2.8512,3.521,3.561,0.187985,0.130616
CHNCXR_0032_0,Shenzhen,0,3,True,DCT,10,256000,3674,69.678824,0.114812,33.586,0.858034,32.3932,34.0354,0.799515,0.877912,False,1.717,1.8281,2.0067,2.0362,0.057905,0.018052
CHNCXR_0032_0,Shenzhen,0,3,True,DCT,20,256000,6595,38.817286,0.206094,36.9607,0.921411,35.3991,37.5884,0.885266,0.933747,False,2.1171,2.2061,2.6577,2.7144,0.070359,0.0284
CHNCXR_0032_0,Shenzhen,0,3,True,DCT,30,256000,8984,28.495102,0.28075,38.7535,0.944165,37.0915,39.4338,0.918459,0.952935,False,2.2822,2.3495,2.9065,2.9422,0.077877,0.036424
CHNCXR_0032_0,Shenzhen,0,3,True,DCT,50,256000,12969,19.739379,0.405281,40.8915,0.963225,38.9932,41.7033,0.945425,0.969295,False,2.4808,2.5308,3.1285,3.1612,0.094965,0.048355
CHNCXR_0032_0,Shenzhen,0,3,True,DCT,70,256000,18337,13.960844,0.573031,42.8555,0.974995,40.8144,43.7524,0.963388,0.978943,False,2.6317,2.6778,3.2664,3.3175,0.126695,0.069924
CHNCXR_0032_0,Shenzhen,0,3,True,DCT,90,256000,35856,7.13967,1.1205,46.3719,0.987575,44.0227,47.4686,0.981933,0.989523,False,2.8052,2.8539,3.4854,3.5206,0.197037,0.121116
CHNCXR_0033_0,Shenzhen,0,3,True,DCT,10,258560,3664,70.567686,0.113366,33.4872,0.847613,32.2699,34.0187,0.78924,0.868933,False,1.6775,1.8035,2.0049,2.0384,0.059226,0.018539
CHNCXR_0033_0,Shenzhen,0,3,True,DCT,20,258560,6576,39.318735,0.203465,36.8211,0.916974,35.1917,37.5891,0.877098,0.931211,False,2.0806,2.1904,2.6534,2.7047,0.070598,0.028519
CHNCXR_0033_0,Shenzhen,0,3,True,DCT,30,258560,9026,28.646133,0.27927,38.6406,0.941445,36.7721,39.5634,0.910734,0.952408,False,2.2906,2.3521,2.9082,2.944,0.081963,0.036549
CHNCXR_0033_0,Shenzhen,0,3,True,DCT,50,258560,13093,19.747957,0.405105,40.762,0.961481,38.6424,41.8635,0.939619,0.969409,False,2.4959,2.5774,3.1216,3.1518,0.115707,0.052297
CHNCXR_0033_0,Shenzhen,0,3,True,DCT,70,258560,18451,14.013333,0.570885,42.5715,0.972461,40.3358,43.7618,0.958367,0.977612,False,2.6261,2.7007,3.259,3.307,0.117433,0.067427
CHNCXR_0033_0,Shenzhen,0,3,True,DCT,90,258560,36140,7.1544,1.118193,45.9653,0.986458,43.4615,47.3779,0.979098,0.989242,False,2.8699,2.9128,3.4907,3.5268,0.186434,0.129177
CHNCXR_0034_0,Shenzhen,0,2,True,DCT,10,241664,3438,70.29203,0.113811,33.1924,0.864366,32.2638,33.4027,0.801328,0.876592,False,1.5838,1.7132,2.1705,2.2018,0.05463,0.018518
CHNCXR_0034_0,Shenzhen,0,2,True,DCT,20,241664,5921,40.814727,0.196008,36.7342,0.923288,35.1432,37.133,0.882938,0.930664,False,2.0104,2.156,2.768,2.8085,0.082556,0.023967
CHNCXR_0034_0,Shenzhen,0,2,True,DCT,30,241664,7958,30.367429,0.26344,38.7435,0.946833,36.764,39.2716,0.915398,0.952603,False,2.2182,2.3003,2.9999,3.0438,0.071989,0.032535
CHNCXR_0034_0,Shenzhen,0,2,True,DCT,50,241664,11276,21.431713,0.373279,41.0519,0.965437,38.6214,41.7511,0.943003,0.969765,False,2.4435,2.5387,3.2046,3.2316,0.085253,0.041724
CHNCXR_0034_0,Shenzhen,0,2,True,DCT,70,241664,15796,15.299063,0.522908,43.1206,0.976671,40.3133,43.9834,0.960555,0.979739,False,2.5961,2.6915,3.3324,3.3804,0.104406,0.056718
CHNCXR_0034_0,Shenzhen,0,2,True,DCT,90,241664,30626,7.890812,1.013837,46.7076,0.988369,43.372,47.8378,0.980266,0.990103,False,2.8516,2.9168,3.5176,3.5521,0.163333,0.101371
CHNCXR_0035_0,Shenzhen,0,4,True,DCT,10,256512,3503,73.226377,0.10925,33.8236,0.857403,32.5715,34.1453,0.795846,0.87159,False,1.713,1.8316,1.9235,1.9646,0.058121,0.019889
CHNCXR_0035_0,Shenzhen,0,4,True,DCT,20,256512,6143,41.756796,0.191586,37.3316,0.922879,35.5529,37.8287,0.881035,0.932364,False,2.0933,2.1974,2.5904,2.6287,0.089247,0.026954
CHNCXR_0035_0,Shenzhen,0,4,True,DCT,30,256512,8485,30.231232,0.264627,39.1102,0.945477,37.154,39.673,0.913836,0.952593,False,2.2881,2.371,2.8524,2.9002,0.074652,0.034088
CHNCXR_0035_0,Shenzhen,0,4,True,DCT,50,256512,12186,21.049729,0.380052,41.2677,0.964044,38.9965,41.9571,0.941805,0.969041,False,2.4905,2.5417,3.0718,3.0982,0.093,0.046714
CHNCXR_0035_0,Shenzhen,0,4,True,DCT,70,256512,17389,14.751395,0.542322,43.1085,0.974601,40.7267,43.8454,0.960106,0.977779,False,2.6163,2.6731,3.2395,3.2887,0.111506,0.065243
CHNCXR_0035_0,Shenzhen,0,4,True,DCT,90,256512,34298,7.47892,1.069673,46.5354,0.987472,43.7895,47.442,0.979835,0.98926,False,2.8216,2.874,3.4735,3.5125,0.178456,0.119824
CHNCXR_0036_0,Shenzhen,0,2,False,DCT,10,258048,3778,68.302806,0.117125,33.2553,0.845858,,,,,,1.7423,1.8854,2.0387,2.0618,0.061765,0.018951
CHNCXR_0036_0,Shenzhen,0,2,False,DCT,20,258048,6821,37.831403,0.211465,36.6605,0.915743,,,,,,2.1177,2.2195,2.6833,2.7438,0.072916,0.029619
CHNCXR_0036_0,Shenzhen,0,2,False,DCT,30,258048,9291,27.773975,0.288039,38.5199,0.940097,,,,,,2.3055,2.3767,2.9388,2.9712,0.079437,0.035887
CHNCXR_0036_0,Shenzhen,0,2,False,DCT,50,258048,13490,19.128836,0.418217,40.6164,0.960278,,,,,,2.4938,2.5511,3.1335,3.168,0.09753,0.052917
CHNCXR_0036_0,Shenzhen,0,2,False,DCT,70,258048,18955,13.613717,0.587643,42.4539,0.972209,,,,,,2.6032,2.6744,3.2691,3.3161,0.124105,0.067258
CHNCXR_0036_0,Shenzhen,0,2,False,DCT,90,258048,37323,6.913914,1.157087,45.8819,0.98584,,,,,,2.7913,2.84,3.4884,3.5246,0.18685,0.126136
CHNCXR_0037_0,Shenzhen,0,0,False,DCT,10,259072,3608,71.804878,0.111413,33.5459,0.850186,,,,,,1.7145,1.8459,1.964,1.9999,0.062056,0.019173
CHNCXR_0037_0,Shenzhen,0,0,False,DCT,20,259072,6527,39.692355,0.20155,36.9067,0.916511,,,,,,2.111,2.2075,2.6583,2.7018,0.071545,0.026969
CHNCXR_0037_0,Shenzhen,0,0,False,DCT,30,259072,8946,28.959535,0.276248,38.7087,0.940644,,,,,,2.2946,2.3645,2.9246,2.9638,0.081826,0.038866
CHNCXR_0037_0,Shenzhen,0,0,False,DCT,50,259072,13038,19.870532,0.402606,40.8015,0.960691,,,,,,2.4879,2.5452,3.1571,3.1861,0.101272,0.048819
CHNCXR_0037_0,Shenzhen,0,0,False,DCT,70,259072,18579,13.944346,0.573709,42.6708,0.97291,,,,,,2.6293,2.6985,3.2975,3.3456,0.133157,0.070806
CHNCXR_0037_0,Shenzhen,0,0,False,DCT,90,259072,36346,7.127937,1.122344,46.1301,0.986459,,,,,,2.8398,2.8855,3.498,3.5338,0.187075,0.121779
CHNCXR_0038_0,Shenzhen,0,0,False,DCT,10,239616,3737,64.119882,0.124766,32.9002,0.839831,,,,,,1.8172,1.9187,2.1324,2.1485,0.057872,0.018258
CHNCXR_0038_0,Shenzhen,0,0,False,DCT,20,239616,6834,35.062335,0.228165,36.3259,0.911216,,,,,,2.2022,2.2524,2.78,2.8482,0.067917,0.029946
CHNCXR_0038_0,Shenzhen,0,0,False,DCT,30,239616,9218,25.994359,0.307759,38.2094,0.938124,,,,,,2.3715,2.4192,2.9786,3.0095,0.082353,0.037416
CHNCXR_0038_0,Shenzhen,0,0,False,DCT,50,239616,13297,18.020305,0.443944,40.2854,0.959422,,,,,,2.5623,2.6123,3.1885,3.2247,0.092591,0.048603
CHNCXR_0038_0,Shenzhen,0,0,False,DCT,70,239616,18656,12.843911,0.622863,42.2529,0.971668,,,,,,2.6974,2.741,3.3308,3.373,0.135812,0.066492
CHNCXR_0038_0,Shenzhen,0,0,False,DCT,90,239616,35827,6.68814,1.196147,45.9229,0.986656,,,,,,2.887,2.9401,3.5215,3.5566,0.172066,0.117679
CHNCXR_0039_0,Shenzhen,0,2,False,DCT,10,248320,3365,73.794948,0.108409,33.8475,0.858322,,,,,,1.7294,1.8189,1.928,1.9676,0.057263,0.01659
CHNCXR_0039_0,Shenzhen,0,2,False,DCT,20,248320,5919,41.953033,0.190689,37.2168,0.921259,,,,,,2.1261,2.2167,2.5846,2.6228,0.065495,0.025378
CHNCXR_0039_0,Shenzhen,0,2,False,DCT,30,248320,8109,30.622765,0.261244,39.0129,0.944853,,,,,,2.3355,2.395,2.8638,2.9079,0.092868,0.03235
CHNCXR_0039_0,Shenzhen,0,2,False,DCT,50,248320,11674,21.271201,0.376095,41.1481,0.963519,,,,,,2.5318,2.6027,3.1054,3.1335,0.091145,0.045088
CHNCXR_0039_0,Shenzhen,0,2,False,DCT,70,248320,16594,14.964445,0.534601,43.0362,0.973885,,,,,,2.6588,2.6998,3.2724,3.3226,0.106287,0.059999
CHNCXR_0039_0,Shenzhen,0,2,False,DCT,90,248320,32634,7.609242,1.051353,46.5065,0.987408,,,,,,2.8862,2.9511,3.4993,3.5365,0.16711,0.107481
CHNCXR_0040_0,Shenzhen,0,2,False,DCT,10,257024,3549,72.421527,0.110464,33.7036,0.863479,,,,,,1.7037,1.7937,1.9766,2.0149,0.060244,0.018342
CHNCXR_0040_0,Shenzhen,0,2,False,DCT,20,257024,6299,40.803937,0.19606,37.0223,0.922684,,,,,,2.1073,2.2014,2.6495,2.6918,0.068351,0.028823
CHNCXR_0040_0,Shenzhen,0,2,False,DCT,30,257024,8639,29.751592,0.268893,38.8711,0.945277,,,,,,2.2977,2.3628,2.8997,2.9438,0.079865,0.032939
CHNCXR_0040_0,Shenzhen,0,2,False,DCT,50,257024,12510,20.545484,0.38938,41.0309,0.96416,,,,,,2.5078,2.5791,3.1323,3.163,0.09107,0.046943
CHNCXR_0040_0,Shenzhen,0,2,False,DCT,70,257024,17712,14.511292,0.551295,42.9277,0.975366,,,,,,2.6479,2.6935,3.2812,3.3314,0.133919,0.062993
CHNCXR_0040_0,Shenzhen,0,2,False,DCT,90,257024,34797,7.386384,1.083074,46.5372,0.987841,,,,,,2.8666,2.9139,3.4924,3.531,0.177603,0.114639
CHNCXR_0041_0,Shenzhen,0,3,True,DCT,10,260608,4370,59.635698,0.134148,32.7455,0.832131,31.4382,33.5871,0.781746,0.859941,False,1.824,2.0068,2.1405,2.1586,0.065437,0.021516
CHNCXR_0041_0,Shenzhen,0,3,True,DCT,20,260608,7975,32.678119,0.244812,35.7735,0.901211,34.2553,36.7967,0.871515,0.917567,False,2.1909,2.3049,2.7774,2.8271,0.076327,0.033268
CHNCXR_0041_0,Shenzhen,0,3,True,DCT,30,260608,10897,23.915573,0.33451,37.3304,0.927099,35.7732,38.389,0.905915,0.938719,False,2.3653,2.4536,2.9904,3.0138,0.103113,0.041487
CHNCXR_0041_0,Shenzhen,0,3,True,DCT,50,260608,15936,16.353414,0.489194,39.0934,0.948002,37.5271,40.1604,0.934705,0.955377,False,2.5402,2.6282,3.1835,3.2302,0.107742,0.056499
CHNCXR_0041_0,Shenzhen,0,3,True,DCT,70,260608,22674,11.493693,0.696034,40.6966,0.962158,39.0522,41.8365,0.95324,0.967328,False,2.6439,2.7097,3.3192,3.3582,0.132306,0.083422
CHNCXR_0041_0,Shenzhen,0,3,True,DCT,90,260608,45210,5.764388,1.387832,43.6634,0.979333,42.046,44.7778,0.975959,0.981429,False,2.8199,2.8569,3.5023,3.5402,0.220761,0.146534
CHNCXR_0042_0,Shenzhen,0,0,True,DCT,10,257024,3848,66.794179,0.119771,33.3385,0.846807,31.6132,33.9403,0.770549,0.867724,False,1.7404,1.8785,2.0775,2.0995,0.059861,0.019247
CHNCXR_0042_0,Shenzhen,0,0,True,DCT,20,257024,6882,37.347283,0.214206,36.6956,0.917693,34.5458,37.5045,0.870155,0.930885,False,2.132,2.2279,2.6978,2.7625,0.068914,0.027904
CHNCXR_0042_0,Shenzhen,0,0,True,DCT,30,257024,9324,27.565852,0.290214,38.5293,0.941908,36.1297,39.4751,0.906376,0.951489,False,2.3182,2.3973,2.945,2.9775,0.078007,0.038651
CHNCXR_0042_0,Shenzhen,0,0,True,DCT,50,257024,13440,19.12381,0.418327,40.5731,0.961178,37.9433,41.6566,0.936057,0.967847,False,2.5146,2.5781,3.1545,3.1907,0.096781,0.049551
CHNCXR_0042_0,Shenzhen,0,0,True,DCT,70,257024,18904,13.596276,0.588396,42.3602,0.972377,39.5674,43.5485,0.955264,0.976995,False,2.6265,2.6897,3.2845,3.3296,0.118211,0.065612
CHNCXR_0042_0,Shenzhen,0,0,True,DCT,90,257024,37259,6.898306,1.159705,45.765,0.986235,42.7264,47.1246,0.97765,0.988652,False,2.8257,2.8852,3.5062,3.5431,0.204709,0.121275
CHNCXR_0043_0,Shenzhen,0,1,True,DCT,10,257024,3199,80.345108,0.09957,34.0738,0.864236,32.4332,34.5894,0.810512,0.876561,False,1.5899,1.7086,1.8572,1.9128,0.057302,0.017341
CHNCXR_0043_0,Shenzhen,0,1,True,DCT,20,257024,5748,44.715379,0.178909,37.5346,0.926359,35.5751,38.1849,0.894929,0.933195,False,2.0131,2.1538,2.5417,2.5706,0.062604,0.024636
CHNCXR_0043_0,Shenzhen,0,1,True,DCT,30,257024,7926,32.427959,0.246701,39.3912,0.949487,37.2554,40.1222,0.925582,0.954849,False,2.22,2.2847,2.8048,2.855,0.074902,0.031216
CHNCXR_0043_0,Shenzhen,0,1,True,DCT,50,257024,11536,22.280166,0.359064,41.617,0.967617,39.2449,42.4642,0.951392,0.971406,False,2.4444,2.5166,3.0565,3.081,0.088863,0.045322
CHNCXR_0043_0,Shenzhen,0,1,True,DCT,70,257024,16399,15.673151,0.510427,43.5535,0.976559,41.1193,44.4327,0.967749,0.978324,False,2.6064,2.6709,3.1996,3.2543,0.104288,0.056718
CHNCXR_0043_0,Shenzhen,0,1,True,DCT,90,257024,32211,7.979386,1.002583,47.1729,0.989281,44.4949,48.1855,0.984745,0.990476,False,2.8693,2.9231,3.4571,3.4942,0.184902,0.105116
CHNCXR_0044_0,Shenzhen,0,2,True,DCT,10,262144,4269,61.406418,0.13028,32.61,0.834812,31.997,32.8596,0.794055,0.85127,False,1.7142,1.8936,2.2135,2.23,0.062121,0.021454
CHNCXR_0044_0,Shenzhen,0,2,True,DCT,20,262144,7677,34.146672,0.234283,36.0313,0.906546,35.115,36.4245,0.883151,0.916267,False,2.0952,2.2119,2.7959,2.8593,0.077305,0.032902
CHNCXR_0044_0,Shenzhen,0,2,True,DCT,30,262144,10400,25.206154,0.317383,37.9508,0.9351,36.8078,38.4615,0.916468,0.942898,False,2.2827,2.3547,3.0033,3.035,0.088616,0.039163
CHNCXR_0044_0,Shenzhen,0,2,True,DCT,50,262144,14928,17.560557,0.455566,40.1581,0.957388,38.7346,40.828,0.944067,0.963042,False,2.4708,2.5403,3.1944,3.2378,0.103736,0.053897
CHNCXR_0044_0,Shenzhen,0,2,True,DCT,70,262144,20958,12.508064,0.639587,42.1145,0.969808,40.4732,42.9197,0.961912,0.973186,False,2.5926,2.6548,3.3187,3.3603,0.145524,0.075116
CHNCXR_0044_0,Shenzhen,0,2,True,DCT,90,262144,40158,6.527815,1.225525,45.5278,0.985475,43.5704,46.5506,0.98071,0.987558,False,2.8023,2.8572,3.5151,3.5492,0.204335,0.131755
CHNCXR_0045_0,Shenzhen,0,0,True,DCT,10,257024,3400,75.595294,0.105827,33.9671,0.862313,32.1147,34.4201,0.785393,0.876321,False,1.647,1.7567,1.9186,1.9615,0.057817,0.016385
CHNCXR_0045_0,Shenzhen,0,0,True,DCT,20,257024,6067,42.364266,0.188838,37.3445,0.924383,35.0244,37.9568,0.876101,0.933062,False,2.0697,2.1726,2.5836,2.6185,0.065695,0.026324
CHNCXR_0045_0,Shenzhen,0,0,True,DCT,30,257024,8305,30.948104,0.258497,39.2046,0.947308,36.65,39.9061,0.910854,0.953913,False,2.2698,2.3294,2.8488,2.9015,0.074738,0.03225
CHNCXR_0045_0,Shenzhen,0,0,True,DCT,50,257024,11979,21.456215,0.372852,41.3685,0.965408,38.4402,42.2265,0.938719,0.970309,False,2.4863,2.5637,3.088,3.113,0.089487,0.047583
CHNCXR_0045_0,Shenzhen,0,0,True,DCT,70,257024,16973,15.14311,0.528293,43.2332,0.973093,40.126,44.1734,0.957832,0.975872,False,2.649,2.7103,3.2551,3.306,0.109199,0.060228
CHNCXR_0045_0,Shenzhen,0,0,True,DCT,90,257024,33262,7.727256,1.035296,46.744,0.988487,43.3227,47.841,0.97926,0.990326,False,2.8956,2.9462,3.4635,3.5023,0.192168,0.112074
CHNCXR_0046_0,Shenzhen,0,4,True,DCT,10,256000,3500,73.142857,0.109375,33.6759,0.855431,32.3632,34.3318,0.795071,0.880846,False,1.6471,1.7778,1.9558,1.9899,0.057054,0.01833
CHNCXR_0046_0,Shenzhen,0,4,True,DCT,20,256000,6284,40.738383,0.196375,37.0224,0.919929,35.3306,37.9331,0.880824,0.936492,False,2.0511,2.1662,2.6375,2.6853,0.066178,0.024895
CHNCXR_0046_0,Shenzhen,0,4,True,DCT,30,256000,8670,29.527105,0.270937,38.7934,0.943034,36.9416,39.8238,0.913906,0.955402,False,2.2612,2.3301,2.9161,2.9532,0.077257,0.033668
CHNCXR_0046_0,Shenzhen,0,4,True,DCT,50,256000,12573,20.361091,0.392906,40.9754,0.962679,38.8483,42.2306,0.942277,0.971401,False,2.4744,2.5494,3.1211,3.1471,0.095476,0.04581
CHNCXR_0046_0,Shenzhen,0,4,True,DCT,70,256000,17878,14.319275,0.558688,42.8452,0.974369,40.5324,44.2677,0.959984,0.98026,False,2.6133,2.691,3.2667,3.3125,0.112107,0.065236
CHNCXR_0046_0,Shenzhen,0,4,True,DCT,90,256000,35082,7.297189,1.096313,46.2745,0.987103,43.7094,47.9481,0.98016,0.990096,False,2.8461,2.8993,3.4818,3.5159,0.175548,0.119666
CHNCXR_0047_0,Shenzhen,0,1,True,DCT,10,241664,3767,64.152907,0.124702,32.8332,0.836174,32.4048,33.0714,0.793473,0.860661,False,1.7569,1.8851,2.1593,2.1784,0.056942,0.017257
CHNCXR_0047_0,Shenzhen,0,1,True,DCT,20,241664,6826,35.403457,0.225967,36.2051,0.909049,35.4674,36.6401,0.881806,0.924807,False,2.1291,2.2182,2.7808,2.8522,0.065288,0.026931
CHNCXR_0047_0,Shenzhen,0,1,True,DCT,30,241664,9368,25.796755,0.310117,38.0577,0.935357,37.105,38.644,0.915087,0.947087,False,2.3286,2.407,3.0225,3.051,0.079257,0.035657
CHNCXR_0047_0,Shenzhen,0,1,True,DCT,50,241664,13422,18.005066,0.444319,40.2602,0.957599,38.9904,41.0947,0.942405,0.966402,False,2.5268,2.5932,3.2079,3.2465,0.095849,0.048275
CHNCXR_0047_0,Shenzhen,0,1,True,DCT,70,241664,18930,12.766191,0.626655,42.1495,0.970992,40.6593,43.1772,0.959999,0.977341,False,2.6314,2.696,3.3353,3.3779,0.117482,0.065674
CHNCXR_0047_0,Shenzhen,0,1,True,DCT,90,241664,36823,6.562855,1.218982,45.6603,0.985593,43.8609,46.9931,0.980149,0.988759,False,2.8193,2.8737,3.5268,3.563,0.181716,0.125618
CHNCXR_0048_0,Shenzhen,0,4,True,DCT,10,257536,3825,67.329673,0.118818,33.2356,0.848584,31.9126,33.6986,0.77574,0.869644,False,1.7237,1.8378,2.0943,2.1185,0.060887,0.019312
CHNCXR_0048_0,Shenzhen,0,4,True,DCT,20,257536,6903,37.307837,0.214432,36.6298,0.918203,34.9059,37.2765,0.871722,0.931471,False,2.1184,2.2091,2.7418,2.8076,0.074621,0.029422
CHNCXR_0048_0,Shenzhen,0,4,True,DCT,30,257536,9392,27.420784,0.29175,38.5244,0.94252,36.5168,39.3173,0.907768,0.952316,False,2.2891,2.3678,2.9938,3.0274,0.079929,0.037784
CHNCXR_0048_0,Shenzhen,0,4,True,DCT,50,257536,13519,19.04993,0.419949,40.6617,0.961913,38.4658,41.56,0.939026,0.968425,False,2.4974,2.5451,3.1819,3.2143,0.100176,0.051257
CHNCXR_0048_0,Shenzhen,0,4,True,DCT,70,257536,19056,13.514694,0.591948,42.5938,0.974112,40.2576,43.5754,0.95866,0.978618,False,2.6302,2.6825,3.3044,3.3527,0.116762,0.066104
CHNCXR_0048_0,Shenzhen,0,4,True,DCT,90,257536,36932,6.973248,1.147242,46.1484,0.98736,43.4908,47.3383,0.979776,0.989657,False,2.8156,2.8643,3.4827,3.5166,0.186248,0.124672
CHNCXR_0049_0,Shenzhen,0,0,True,DCT,10,256512,3741,68.567763,0.116673,33.605,0.860862,32.0209,33.9835,0.779284,0.877427,False,1.7248,1.8333,2.041,2.0694,0.058664,0.019235
CHNCXR_0049_0,Shenzhen,0,0,True,DCT,20,256512,6550,39.162137,0.204279,37.0399,0.924281,34.9416,37.5841,0.873877,0.934565,False,2.133,2.2103,2.6731,2.7252,0.07088,0.027091
CHNCXR_0049_0,Shenzhen,0,0,True,DCT,30,256512,8929,28.727965,0.278474,38.8506,0.947082,36.5779,39.4573,0.909668,0.954555,False,2.3213,2.3834,2.927,2.967,0.076525,0.038274
CHNCXR_0049_0,Shenzhen,0,0,True,DCT,50,256512,12799,20.041566,0.39917,41.0733,0.965596,38.4807,41.8039,0.939694,0.970847,False,2.5195,2.5821,3.144,3.1769,0.091626,0.048386
CHNCXR_0049_0,Shenzhen,0,0,True,DCT,70,256512,18011,14.241963,0.56172,42.9522,0.976035,40.2239,43.7393,0.958666,0.979359,False,2.6627,2.7086,3.2919,3.3432,0.110189,0.062139
CHNCXR_0049_0,Shenzhen,0,0,True,DCT,90,256512,34960,7.3373,1.090319,46.5264,0.988323,43.4861,47.4535,0.980145,0.990033,False,2.8846,2.9256,3.4934,3.5316,0.196565,0.121566
CHNCXR_0050_0,Shenzhen,0,0,True,DCT,10,257536,3916,65.765066,0.121645,33.0854,0.844459,32.0263,33.4137,0.782514,0.860957,False,1.7371,1.8653,2.1037,2.1271,0.061382,0.020411
CHNCXR_0050_0,Shenzhen,0,0,True,DCT,20,257536,7111,36.216566,0.220893,36.4117,0.913377,35.1536,36.8146,0.877974,0.922488,False,2.1146,2.2125,2.734,2.8083,0.072461,0.029838
CHNCXR_0050_0,Shenzhen,0,0,True,DCT,30,257536,9736,26.451931,0.302435,38.2204,0.938421,36.8427,38.6703,0.913375,0.945072,False,2.3025,2.3817,2.9792,3.0092,0.108926,0.038048
CHNCXR_0050_0,Shenzhen,0,0,True,DCT,50,257536,14212,18.121024,0.441476,40.2799,0.958917,38.6929,40.8168,0.941178,0.963603,False,2.4948,2.5588,3.1674,3.2073,0.101029,0.050937
CHNCXR_0050_0,Shenzhen,0,0,True,DCT,70,257536,20179,12.762575,0.626833,42.1928,0.972038,40.4782,42.7858,0.96008,0.975329,False,2.6224,2.6895,3.2818,3.3257,0.123949,0.071425
CHNCXR_0050_0,Shenzhen,0,0,True,DCT,90,257536,39123,6.582726,1.215302,45.8137,0.986463,43.7151,46.5906,0.980541,0.988114,False,2.8178,2.8681,3.4776,3.5076,0.192084,0.129898
CHNCXR_0051_0,Shenzhen,0,1,True,DCT,10,257536,4241,60.725301,0.131741,32.5404,0.841767,32.1375,32.6522,0.785198,0.857405,False,1.766,1.8921,2.2783,2.2876,0.0842,0.019261
CHNCXR_0051_0,Shenzhen,0,1,True,DCT,20,257536,7613,33.828451,0.236487,35.9696,0.910704,35.0984,36.2295,0.874776,0.920301,False,2.1497,2.2515,2.8465,2.9109,0.072658,0.031454
CHNCXR_0051_0,Shenzhen,0,1,True,DCT,30,257536,10288,25.032659,0.319583,37.8644,0.936707,36.7154,38.2228,0.9097,0.943983,False,2.3244,2.3839,3.0631,3.0922,0.085789,0.038543
CHNCXR_0051_0,Shenzhen,0,1,True,DCT,50,257536,14731,17.482588,0.457598,40.0184,0.958101,38.5959,40.4825,0.939128,0.963192,False,2.5121,2.5764,3.2283,3.2658,0.099426,0.053178
CHNCXR_0051_0,Shenzhen,0,1,True,DCT,70,257536,20641,12.476915,0.641184,41.8824,0.971125,40.2465,42.4358,0.957556,0.974768,False,2.633,2.6843,3.3572,3.402,0.125077,0.071064
CHNCXR_0051_0,Shenzhen,0,1,True,DCT,90,257536,40070,6.427152,1.244719,45.4935,0.985802,43.3951,46.2636,0.978771,0.987771,False,2.8211,2.8663,3.5347,3.5712,0.19871,0.135736
CHNCXR_0052_0,Shenzhen,0,1,True,DCT,10,248832,3690,67.434146,0.118634,33.1563,0.844333,32.5021,33.4041,0.79228,0.863789,False,1.7378,1.8537,2.0956,2.126,0.056873,0.016879
CHNCXR_0052_0,Shenzhen,0,1,True,DCT,20,248832,6516,38.187845,0.209491,36.5688,0.911912,35.4901,37.0081,0.880542,0.923517,False,2.1381,2.2082,2.7118,2.7686,0.089745,0.027615
CHNCXR_0052_0,Shenzhen,0,1,True,DCT,30,248832,9002,27.641857,0.289416,38.35,0.937136,37.0883,38.8806,0.913177,0.946081,False,2.2946,2.365,2.9768,3.0137,0.082084,0.034014
CHNCXR_0052_0,Shenzhen,0,1,True,DCT,50,248832,12924,19.253482,0.415509,40.5776,0.959057,38.981,41.2915,0.941374,0.96562,False,2.4903,2.5238,3.163,3.1959,0.09058,0.04704
CHNCXR_0052_0,Shenzhen,0,1,True,DCT,70,248832,18370,13.545563,0.590599,42.5145,0.971583,40.676,43.3754,0.95933,0.976127,False,2.628,2.6757,3.2952,3.3436,0.115364,0.064299
CHNCXR_0052_0,Shenzhen,0,1,True,DCT,90,248832,36197,6.874382,1.163741,45.9682,0.985751,43.8515,47.0155,0.979857,0.988002,False,2.8199,2.8714,3.4914,3.5285,0.177898,0.118809
CHNCXR_0053_0,Shenzhen,0,0,True,DCT,10,229376,3490,65.723782,0.121722,33.0824,0.847606,31.5462,33.5918,0.766459,0.867877,False,1.7553,1.8783,2.1254,2.144,0.051843,0.016437
CHNCXR_0053_0,Shenzhen,0,0,True,DCT,20,229376,6296,36.43202,0.219587,36.3453,0.913535,34.3788,37.0479,0.865699,0.925318,False,2.1569,2.2408,2.767,2.8388,0.061406,0.025142
CHNCXR_0053_0,Shenzhen,0,0,True,DCT,30,229376,8531,26.887352,0.297538,38.1635,0.939178,35.9561,38.9872,0.902683,0.948276,False,2.3383,2.3993,3.006,3.0354,0.07153,0.031913
CHNCXR_0053_0,Shenzhen,0,0,True,DCT,50,229376,12238,18.742932,0.426828,40.2444,0.959729,37.7521,41.2252,0.933416,0.96649,False,2.5373,2.6138,3.1832,3.2162,0.083719,0.044468
CHNCXR_0053_0,Shenzhen,0,0,True,DCT,70,229376,17160,13.3669,0.598493,42.1301,0.971091,39.3839,43.2654,0.953599,0.975709,False,2.6719,2.7441,3.3082,3.3554,0.107152,0.059352
CHNCXR_0053_0,Shenzhen,0,0,True,DCT,90,229376,33319,6.88424,1.162074,45.6328,0.986325,42.5263,47.0144,0.976997,0.988881,False,2.8847,2.9715,3.5087,3.5435,0.165014,0.110923
CHNCXR_0054_0,Shenzhen,0,1,True,DCT,10,256512,4074,62.963181,0.127058,33.1507,0.849924,32.2669,33.4254,0.797097,0.865095,False,1.763,1.908,2.1564,2.1681,0.059983,0.020106
CHNCXR_0054_0,Shenzhen,0,1,True,DCT,20,256512,7234,35.45922,0.225611,36.5433,0.915161,35.2687,36.9655,0.883967,0.924233,False,2.1371,2.2421,2.7353,2.8097,0.070505,0.029643
CHNCXR_0054_0,Shenzhen,0,1,True,DCT,30,256512,9788,26.206784,0.305264,38.221,0.938141,36.8394,38.687,0.915506,0.944593,False,2.3065,2.3854,2.9779,3.0045,0.082466,0.039437
CHNCXR_0054_0,Shenzhen,0,1,True,DCT,50,256512,14143,18.137029,0.441087,40.2293,0.957244,38.7619,40.7314,0.94363,0.961171,False,2.4927,2.5732,3.1856,3.2224,0.099295,0.051897
CHNCXR_0054_0,Shenzhen,0,1,True,DCT,70,256512,20020,12.812787,0.624376,41.977,0.969384,40.4729,42.4949,0.960979,0.97189,False,2.6002,2.6657,3.3279,3.3719,0.138592,0.073755
CHNCXR_0054_0,Shenzhen,0,1,True,DCT,90,256512,39700,6.461259,1.238149,45.244,0.983636,43.6876,45.7847,0.980869,0.98453,False,2.7752,2.814,3.5186,3.5577,0.199142,0.129997
CHNCXR_0055_0,Shenzhen,0,1,True,DCT,10,244224,3296,74.097087,0.107966,33.4961,0.84982,31.8716,34.0376,0.778298,0.869121,False,1.6536,1.7833,1.9544,2.0005,0.053186,0.015863
CHNCXR_0055_0,Shenzhen,0,1,True,DCT,20,244224,6021,40.562033,0.197229,36.9575,0.917416,34.864,37.7153,0.874697,0.928726,False,2.0617,2.1766,2.6595,2.7036,0.063196,0.024983
CHNCXR_0055_0,Shenzhen,0,1,True,DCT,30,244224,8233,29.664035,0.269687,38.8007,0.942299,36.4704,39.6814,0.909625,0.950994,False,2.2596,2.3286,2.8912,2.931,0.091523,0.032915
CHNCXR_0055_0,Shenzhen,0,1,True,DCT,50,244224,11973,20.397895,0.392197,40.949,0.962259,38.3657,41.973,0.939299,0.968361,False,2.4799,2.5641,3.1298,3.1564,0.090042,0.04442
CHNCXR_0055_0,Shenzhen,0,1,True,DCT,70,244224,16965,14.395756,0.555719,42.8174,0.973187,40.113,43.9149,0.958596,0.977029,False,2.6164,2.6966,3.2703,3.3205,0.107241,0.057738
CHNCXR_0055_0,Shenzhen,0,1,True,DCT,90,244224,33427,7.30619,1.094962,46.2646,0.986963,43.3008,47.5313,0.979537,0.98903,False,2.8618,2.9253,3.479,3.5179,0.168464,0.112239
CHNCXR_0056_0,Shenzhen,0,4,True,DCT,10,257536,3576,72.017897,0.111083,33.7023,0.859218,31.9811,34.1339,0.782807,0.874919,False,1.6995,1.8058,2.0111,2.0444,0.055202,0.017772
CHNCXR_0056_0,Shenzhen,0,4,True,DCT,20,257536,6337,40.64005,0.19685,37.1214,0.921547,34.9103,37.7217,0.87566,0.930821,False,2.0921,2.1939,2.6551,2.6994,0.07095,0.028056
CHNCXR_0056_0,Shenzhen,0,4,True,DCT,30,257536,8633,29.831577,0.268172,38.9795,0.944941,36.4731,39.6949,0.909028,0.952207,False,2.3039,2.3723,2.9016,2.9405,0.078465,0.034725
CHNCXR_0056_0,Shenzhen,0,4,True,DCT,50,257536,12392,20.78244,0.38494,41.1169,0.963911,38.337,41.9492,0.939289,0.968913,False,2.511,2.5836,3.12,3.1494,0.092619,0.04763
CHNCXR_0056_0,Shenzhen,0,4,True,DCT,70,257536,17570,14.657712,0.545788,42.9524,0.973633,40.0555,43.838,0.957792,0.976973,False,2.6427,2.7128,3.284,3.3347,0.135398,0.065345
CHNCXR_0056_0,Shenzhen,0,4,True,DCT,90,257536,34479,7.469358,1.071042,46.4955,0.987789,43.2553,47.5504,0.979302,0.989588,False,2.8803,2.9395,3.4928,3.53,0.171435,0.11681
CHNCXR_0057_0,Shenzhen,0,4,True,DCT,10,257024,3611,71.178067,0.112394,33.4577,0.85925,32.5431,33.7022,0.790596,0.875308,False,1.6984,1.7897,2.0264,2.0604,0.057267,0.017216
CHNCXR_0057_0,Shenzhen,0,4,True,DCT,20,257024,6371,40.342803,0.198301,36.7434,0.920603,35.4702,37.1035,0.878682,0.930139,False,2.109,2.1952,2.6522,2.6968,0.069258,0.027179
CHNCXR_0057_0,Shenzhen,0,4,True,DCT,30,257024,8732,29.434723,0.271788,38.5267,0.943362,37.1365,38.9273,0.91332,0.950152,False,2.3005,2.3423,2.9092,2.9485,0.080467,0.03505
CHNCXR_0057_0,Shenzhen,0,4,True,DCT,50,257024,12671,20.284429,0.394391,40.6342,0.962478,39.0235,41.1153,0.941551,0.967368,False,2.5154,2.5578,3.1277,3.1558,0.110714,0.045725
CHNCXR_0057_0,Shenzhen,0,4,True,DCT,70,257024,18045,14.243502,0.56166,42.4729,0.973298,40.7511,42.9967,0.959869,0.976428,False,2.6732,2.7247,3.2752,3.3246,0.111159,0.081886
CHNCXR_0057_0,Shenzhen,0,4,True,DCT,90,257024,35464,7.247462,1.103835,46.0302,0.986694,43.8352,46.7544,0.979709,0.988443,False,2.8825,2.9142,3.483,3.5192,0.17484,0.119032
CHNCXR_0058_0,Shenzhen,0,2,True,DCT,10,256512,3324,77.169675,0.103668,34.0787,0.864981,32.2936,34.4731,0.779333,0.88029,False,1.6248,1.7381,1.8934,1.9434,0.056765,0.017303
CHNCXR_0058_0,Shenzhen,0,2,True,DCT,20,256512,5831,43.991082,0.181855,37.6155,0.926197,35.1648,38.2176,0.874313,0.93551,False,2.0587,2.1649,2.5406,2.5697,0.064518,0.02377
CHNCXR_0058_0,Shenzhen,0,2,True,DCT,30,256512,8016,32.0,0.25,39.4182,0.948493,36.8062,40.0773,0.910068,0.95533,False,2.257,2.3232,2.84,2.8979,0.075473,0.032827
CHNCXR_0058_0,Shenzhen,0,2,True,DCT,50,256512,11487,22.330635,0.358252,41.6164,0.96645,38.6865,42.3968,0.939752,0.971243,False,2.4707,2.534,3.1045,3.1304,0.10974,0.04209
CHNCXR_0058_0,Shenzhen,0,2,True,DCT,70,256512,16321,15.716684,0.509013,43.5386,0.975978,40.403,44.4044,0.958482,0.978983,False,2.6306,2.7036,3.2677,3.3153,0.106386,0.05667
CHNCXR_0058_0,Shenzhen,0,2,True,DCT,90,256512,32033,8.007742,0.999033,47.0765,0.988737,43.5681,48.1125,0.979514,0.990459,False,2.8761,2.9397,3.466,3.5024,0.183312,0.105531
CHNCXR_0059_0,Shenzhen,0,0,True,DCT,10,257536,3578,71.977641,0.111146,33.618,0.857477,31.7962,34.1903,0.787962,0.874794,False,1.6775,1.7875,2.0258,2.0635,0.060883,0.017276
CHNCXR_0059_0,Shenzhen,0,0,True,DCT,20,257536,6412,40.164691,0.19918,37.0104,0.920636,34.7736,37.7655,0.879406,0.931042,False,2.0898,2.193,2.6924,2.7423,0.068398,0.02729
CHNCXR_0059_0,Shenzhen,0,0,True,DCT,30,257536,8734,29.486604,0.27131,38.8604,0.944945,36.4044,39.7228,0.913671,0.952858,False,2.2934,2.3435,2.9257,2.9616,0.082665,0.045975
CHNCXR_0059_0,Shenzhen,0,0,True,DCT,50,257536,12587,20.460475,0.390998,41.0499,0.964207,38.2679,42.0881,0.941882,0.969794,False,2.5032,2.561,3.1307,3.1566,0.089662,0.048567
CHNCXR_0059_0,Shenzhen,0,0,True,DCT,70,257536,17894,14.39231,0.555852,42.9569,0.974358,40.0504,44.0677,0.960706,0.977828,False,2.6459,2.7036,3.2707,3.3227,0.110862,0.064841
CHNCXR_0059_0,Shenzhen,0,0,True,DCT,90,257536,34716,7.418366,1.078405,46.5614,0.98821,43.3074,47.8939,0.980928,0.990094,False,2.8797,2.9241,3.4825,3.5166,0.19778,0.121359
CHNCXR_0060_0,Shenzhen,0,1,True,DCT,10,256000,3802,67.332983,0.118813,33.4419,0.854399,31.8526,33.8888,0.785804,0.870951,False,1.7497,1.8752,2.0375,2.0629,0.077577,0.023892
CHNCXR_0060_0,Shenzhen,0,1,True,DCT,20,256000,6860,37.317784,0.214375,36.8328,0.92013,34.9171,37.4012,0.878875,0.930297,False,2.1433,2.225,2.6842,2.7514,0.069548,0.029647
CHNCXR_0060_0,Shenzhen,0,1,True,DCT,30,256000,9251,27.672684,0.289094,38.6359,0.943414,36.5888,39.2569,0.913427,0.950744,False,2.3237,2.3911,2.9032,2.9369,0.079644,0.036135
CHNCXR_0060_0,Shenzhen,0,1,True,DCT,50,256000,13401,19.103052,0.418781,40.7508,0.96232,38.5257,41.4468,0.942303,0.967292,False,2.5135,2.5774,3.1278,3.1625,0.093252,0.048968
CHNCXR_0060_0,Shenzhen,0,1,True,DCT,70,256000,18900,13.544974,0.590625,42.6523,0.974137,40.3377,43.3876,0.961263,0.977274,False,2.6516,2.7051,3.2779,3.3222,0.119131,0.065173
CHNCXR_0060_0,Shenzhen,0,1,True,DCT,90,256000,37012,6.916676,1.156625,46.1679,0.987209,43.5918,47.0254,0.981267,0.988702,False,2.8481,2.9023,3.4939,3.5304,0.203073,0.124368
CHNCXR_0061_0,Shenzhen,0,4,True,DCT,10,258048,3968,65.032258,0.123016,33.0367,0.842416,32.4329,33.3094,0.790022,0.86451,False,1.7748,1.9065,2.1119,2.1261,0.058957,0.020186
CHNCXR_0061_0,Shenzhen,0,4,True,DCT,20,258048,7183,35.924822,0.222687,36.3407,0.912095,35.3206,36.8373,0.875818,0.92723,False,2.144,2.2411,2.7282,2.7968,0.070618,0.031046
CHNCXR_0061_0,Shenzhen,0,4,True,DCT,30,258048,9824,26.267101,0.304563,38.1154,0.937134,36.8671,38.7499,0.909752,0.948632,False,2.3223,2.3891,2.955,2.9815,0.080432,0.037387
CHNCXR_0061_0,Shenzhen,0,4,True,DCT,50,258048,14262,18.093395,0.44215,40.1877,0.957628,38.7293,40.9598,0.938756,0.965519,False,2.5011,2.5764,3.1622,3.2013,0.10254,0.051322
CHNCXR_0061_0,Shenzhen,0,4,True,DCT,70,258048,20154,12.803811,0.624814,42.0448,0.9708,40.4531,42.9103,0.957879,0.976266,False,2.6164,2.6753,3.3011,3.3439,0.142065,0.082032
CHNCXR_0061_0,Shenzhen,0,4,True,DCT,90,258048,39450,6.541141,1.223028,45.5736,0.985504,43.6719,46.6765,0.979165,0.988239,False,2.7965,2.8487,3.4952,3.5286,0.201954,0.13455
CHNCXR_0062_0,Shenzhen,0,3,True,DCT,10,257024,3855,66.672892,0.119989,33.3674,0.853088,32.2319,33.7396,0.785465,0.872185,False,1.7814,1.8921,2.0818,2.1031,0.060562,0.019344
CHNCXR_0062_0,Shenzhen,0,3,True,DCT,20,257024,6868,37.423413,0.21377,36.7194,0.918012,35.0835,37.3028,0.87443,0.930004,False,2.1692,2.248,2.6917,2.7555,0.070908,0.028511
CHNCXR_0062_0,Shenzhen,0,3,True,DCT,30,257024,9382,27.395438,0.292019,38.5139,0.941768,36.7112,39.1759,0.909735,0.950461,False,2.3464,2.4187,2.9439,2.979,0.079316,0.035082
CHNCXR_0062_0,Shenzhen,0,3,True,DCT,50,257024,13555,18.961564,0.421906,40.6342,0.961302,38.6829,41.3701,0.939736,0.967162,False,2.5311,2.5923,3.1538,3.1887,0.096606,0.049455
CHNCXR_0062_0,Shenzhen,0,3,True,DCT,70,257024,19132,13.434246,0.595493,42.4916,0.973089,40.4003,43.3008,0.95854,0.976989,False,2.6443,2.6974,3.2946,3.3408,0.117534,0.065838
CHNCXR_0062_0,Shenzhen,0,3,True,DCT,90,257024,37509,6.852329,1.167486,45.9395,0.986389,43.5873,46.8952,0.979547,0.98835,False,2.8402,2.879,3.5061,3.5428,0.180122,0.125106
CHNCXR_0063_0,Shenzhen,0,0,True,DCT,10,257024,3893,66.022091,0.121172,33.3447,0.853865,32.3682,33.7891,0.79631,0.876875,False,1.7492,1.8755,2.1034,2.1249,0.061984,0.01957
CHNCXR_0063_0,Shenzhen,0,0,True,DCT,20,257024,6917,37.158306,0.215295,36.669,0.918674,35.3508,37.308,0.880621,0.933552,False,2.1446,2.2312,2.7227,2.7866,0.071926,0.028246
CHNCXR_0063_0,Shenzhen,0,0,True,DCT,30,257024,9451,27.195429,0.294167,38.4275,0.941845,36.9212,39.1843,0.913438,0.952777,False,2.3278,2.4055,2.962,2.9946,0.090547,0.038084
CHNCXR_0063_0,Shenzhen,0,0,True,DCT,50,257024,13630,18.857227,0.424241,40.5749,0.961476,38.8448,41.4835,0.941667,0.969104,False,2.5244,2.594,3.1549,3.1888,0.102576,0.052874
CHNCXR_0063_0,Shenzhen,0,0,True,DCT,70,257024,19278,13.332503,0.600037,42.4406,0.973376,40.5973,43.4312,0.960169,0.978456,False,2.643,2.7103,3.2778,3.322,0.119123,0.067237
CHNCXR_0063_0,Shenzhen,0,0,True,DCT,90,257024,37660,6.824854,1.172186,45.9512,0.98676,43.7789,47.2029,0.980194,0.989419,False,2.8353,2.8899,3.5015,3.5358,0.189051,0.131059
CHNCXR_0064_0,Shenzhen,0,1,True,DCT,10,257024,3495,73.540486,0.108784,33.883,0.862295,32.4819,34.334,0.794471,0.880628,False,1.7284,1.8291,1.9579,1.9994,0.05942,0.017612
CHNCXR_0064_0,Shenzhen,0,1,True,DCT,20,257024,6124,41.969954,0.190613,37.3285,0.924287,35.4498,37.9847,0.881247,0.93572,False,2.1232,2.2123,2.6351,2.6679,0.065166,0.028015
CHNCXR_0064_0,Shenzhen,0,1,True,DCT,30,257024,8360,30.744498,0.260209,39.0904,0.945547,37.0122,39.8424,0.913234,0.954132,False,2.3277,2.3881,2.9208,2.9657,0.08244,0.033996
CHNCXR_0064_0,Shenzhen,0,1,True,DCT,50,257024,12046,21.336875,0.374938,41.2284,0.96395,38.9021,42.1094,0.941612,0.969856,False,2.542,2.6156,3.1335,3.1599,0.091109,0.042966
CHNCXR_0064_0,Shenzhen,0,1,True,DCT,70,257024,16979,15.137758,0.52848,43.0824,0.974599,40.6373,44.0291,0.959793,0.978578,False,2.6646,2.7158,3.2726,3.3201,0.119381,0.060132
CHNCXR_0064_0,Shenzhen,0,1,True,DCT,90,257024,33791,7.606286,1.051762,46.4799,0.987042,43.6726,47.6458,0.979488,0.989131,False,2.8906,2.9556,3.5016,3.5414,0.174852,0.11516
CHNCXR_0065_0,Shenzhen,0,3,False,DCT,10,257536,4012,64.191426,0.124627,33.2161,0.85258,,,,,,1.8029,1.9067,2.1408,2.1557,0.06128,0.018734
CHNCXR_0065_0,Shenzhen,0,3,False,DCT,20,257536,7104,36.252252,0.220676,36.5719,0.918572,,,,,,2.1743,2.2614,2.7511,2.821,0.071801,0.028798
CHNCXR_0065_0,Shenzhen,0,3,False,DCT,30,257536,9561,26.936095,0.296999,38.4029,0.941483,,,,,,2.3501,2.4308,2.9769,3.0099,0.081111,0.039283
CHNCXR_0065_0,Shenzhen,0,3,False,DCT,50,257536,13670,18.839503,0.42464,40.4546,0.960028,,,,,,2.5326,2.6009,3.1652,3.2012,0.095595,0.048956
CHNCXR_0065_0,Shenzhen,0,3,False,DCT,70,257536,19313,13.334852,0.599932,42.3041,0.971889,,,,,,2.6499,2.6959,3.3341,3.3786,0.151175,0.072144
CHNCXR_0065_0,Shenzhen,0,3,False,DCT,90,257536,38162,6.748493,1.18545,45.7982,0.985623,,,,,,2.8241,2.8626,3.5151,3.5534,0.21148,0.124837
CHNCXR_0066_0,Shenzhen,0,2,True,DCT,10,257024,3843,66.881082,0.119615,33.5292,0.858552,31.8194,33.8923,0.782003,0.871568,False,1.7579,1.8735,2.0656,2.0872,0.059494,0.018858
CHNCXR_0066_0,Shenzhen,0,2,True,DCT,20,257024,6802,37.786533,0.211716,36.8558,0.922249,34.7744,37.3242,0.874418,0.930434,False,2.1673,2.2418,2.6857,2.7491,0.090719,0.028017
CHNCXR_0066_0,Shenzhen,0,2,True,DCT,30,257024,9223,27.867722,0.28707,38.7537,0.94621,36.4179,39.3012,0.910452,0.952109,False,2.3413,2.4102,2.9178,2.956,0.081315,0.035678
CHNCXR_0066_0,Shenzhen,0,2,True,DCT,50,257024,13252,19.39511,0.412475,40.9277,0.964938,38.327,41.5642,0.940055,0.969086,False,2.5296,2.5893,3.1372,3.1708,0.104708,0.048526
CHNCXR_0066_0,Shenzhen,0,2,True,DCT,70,257024,18618,13.805135,0.579495,42.8688,0.97506,40.0908,43.5691,0.959156,0.977621,False,2.6657,2.7247,3.2803,3.3272,0.113209,0.063716
CHNCXR_0066_0,Shenzhen,0,2,True,DCT,90,257024,35974,7.144716,1.119709,46.456,0.98833,43.3159,47.2986,0.979983,0.989843,False,2.8698,2.9244,3.4976,3.5317,0.179268,0.115114
CHNCXR_0067_0,Shenzhen,0,2,True,DCT,10,257536,3867,66.598397,0.120123,33.1794,0.850176,31.9483,33.6733,0.783099,0.871656,False,1.744,1.8683,2.1254,2.1465,0.058497,0.020828
CHNCXR_0067_0,Shenzhen,0,2,True,DCT,20,257536,6952,37.044879,0.215954,36.5215,0.918031,34.8043,37.2738,0.872878,0.932766,False,2.1264,2.2225,2.7434,2.8074,0.093924,0.031677
CHNCXR_0067_0,Shenzhen,0,2,True,DCT,30,257536,9358,27.52041,0.290693,38.364,0.941229,36.3675,39.2868,0.906807,0.952342,False,2.3041,2.369,2.9797,3.0165,0.07753,0.03445
CHNCXR_0067_0,Shenzhen,0,2,True,DCT,50,257536,13504,19.07109,0.419483,40.4226,0.960147,38.1915,41.5029,0.936079,0.968109,False,2.4938,2.5491,3.1819,3.2158,0.096067,0.050767
CHNCXR_0067_0,Shenzhen,0,2,True,DCT,70,257536,19051,13.518241,0.591793,42.3545,0.972218,39.8902,43.6067,0.955711,0.977907,False,2.609,2.6669,3.3215,3.3667,0.116685,0.068306
CHNCXR_0067_0,Shenzhen,0,2,True,DCT,90,257536,37597,6.849908,1.167899,45.8321,0.986114,43.1035,47.2998,0.978108,0.988922,False,2.7983,2.8234,3.5217,3.5612,0.248242,0.131544
CHNCXR_0068_0,Shenzhen,0,0,True,DCT,10,257024,3376,76.132701,0.10508,33.9746,0.864121,32.1565,34.5363,0.781634,0.883462,False,1.651,1.776,1.9226,1.974,0.058931,0.016603
CHNCXR_0068_0,Shenzhen,0,0,True,DCT,20,257024,6046,42.511413,0.188185,37.332,0.924774,35.1149,38.0658,0.874798,0.936294,False,2.0673,2.184,2.6211,2.6567,0.092646,0.025529
CHNCXR_0068_0,Shenzhen,0,0,True,DCT,30,257024,8279,31.045295,0.257688,39.1989,0.947404,36.7693,40.0343,0.909896,0.956038,False,2.2806,2.3363,2.878,2.9262,0.075511,0.032936
CHNCXR_0068_0,Shenzhen,0,0,True,DCT,50,257024,11896,21.605918,0.370269,41.3654,0.965832,38.6931,42.3261,0.939917,0.971859,False,2.4916,2.5749,3.099,3.1267,0.097025,0.046335
CHNCXR_0068_0,Shenzhen,0,0,True,DCT,70,257024,16954,15.16008,0.527702,43.3429,0.976352,40.4896,44.4043,0.959661,0.980264,False,2.6206,2.7086,3.2649,3.3174,0.161599,0.085589
CHNCXR_0068_0,Shenzhen,0,0,True,DCT,90,257024,33090,7.767422,1.029943,46.9037,0.988561,43.7786,48.1295,0.980587,0.990547,False,2.8721,2.9343,3.4815,3.5194,0.181197,0.121727
CHNCXR_0069_0,Shenzhen,0,0,True,DCT,10,239616,3530,67.879887,0.117855,33.1885,0.84681,32.2389,33.5317,0.787941,0.867129,False,1.6615,1.7805,2.1291,2.157,0.054963,0.016608
CHNCXR_0069_0,Shenzhen,0,0,True,DCT,20,239616,6313,37.955964,0.210771,36.5625,0.913717,35.1534,37.1135,0.876825,0.926713,False,2.0718,2.1769,2.7863,2.842,0.066496,0.02418
CHNCXR_0069_0,Shenzhen,0,0,True,DCT,30,239616,8625,27.781565,0.287961,38.4715,0.939338,36.8064,39.1532,0.91216,0.948896,False,2.2504,2.3167,3.0272,3.0573,0.073202,0.03661
CHNCXR_0069_0,Shenzhen,0,0,True,DCT,50,239616,12360,19.386408,0.41266,40.6724,0.960426,38.704,41.525,0.940549,0.967351,False,2.4763,2.5485,3.177,3.2078,0.085611,0.043718
CHNCXR_0069_0,Shenzhen,0,0,True,DCT,70,239616,17501,13.69156,0.584302,42.6403,0.972931,40.382,43.6752,0.958818,0.977857,False,2.6164,2.6859,3.311,3.3615,0.115169,0.063313
CHNCXR_0069_0,Shenzhen,0,0,True,DCT,90,239616,34082,7.030573,1.137887,46.1296,0.986524,43.5262,47.4098,0.979413,0.989042,False,2.8365,2.8896,3.519,3.5547,0.175218,0.117134
CHNCXR_0070_0,Shenzhen,0,2,True,DCT,10,248832,4060,61.28867,0.13053,32.65,0.841378,32.1363,32.8943,0.791779,0.865215,False,1.7775,1.906,2.2502,2.2666,0.059428,0.019549
CHNCXR_0070_0,Shenzhen,0,2,True,DCT,20,248832,7274,34.208414,0.233861,36.1144,0.911558,35.3074,36.519,0.883871,0.925046,False,2.1592,2.2418,2.8364,2.9011,0.093148,0.0302
CHNCXR_0070_0,Shenzhen,0,2,True,DCT,30,248832,9800,25.39102,0.315072,38.0704,0.937206,36.9609,38.6591,0.916326,0.947375,False,2.3356,2.3835,3.0668,3.0994,0.088162,0.040454
CHNCXR_0070_0,Shenzhen,0,2,True,DCT,50,248832,14117,17.626408,0.453864,40.2185,0.958814,38.8932,40.9521,0.944434,0.96591,False,2.5233,2.5748,3.2423,3.2795,0.122221,0.052847
CHNCXR_0070_0,Shenzhen,0,2,True,DCT,70,248832,19745,12.602279,0.634806,42.2406,0.97226,40.7215,43.1152,0.962389,0.977146,False,2.6486,2.7049,3.3635,3.4068,0.117062,0.06953
CHNCXR_0070_0,Shenzhen,0,2,True,DCT,90,248832,37829,6.577811,1.21621,45.8409,0.986384,43.9336,47.0338,0.981533,0.988812,False,2.8356,2.8781,3.5319,3.567,0.193264,0.144255
CHNCXR_0071_0,Shenzhen,0,1,True,DCT,10,254976,3876,65.783282,0.121611,33.131,0.8447,32.1493,33.4856,0.788812,0.863593,False,1.816,1.9194,2.0548,2.0758,0.056703,0.017184
CHNCXR_0071_0,Shenzhen,0,1,True,DCT,20,254976,6860,37.168513,0.215236,36.5218,0.910356,35.0695,37.0907,0.87644,0.922166,False,2.2036,2.2619,2.6927,2.7561,0.074293,0.029211
CHNCXR_0071_0,Shenzhen,0,1,True,DCT,30,254976,9328,27.334477,0.292671,38.2358,0.936716,36.6541,38.8698,0.910245,0.945911,False,2.3731,2.4092,2.9549,2.9834,0.100758,0.037116
CHNCXR_0071_0,Shenzhen,0,1,True,DCT,50,254976,13568,18.792453,0.425703,40.4396,0.95811,38.5666,41.2315,0.93987,0.964505,False,2.5705,2.6329,3.1609,3.1912,0.101195,0.049976
CHNCXR_0071_0,Shenzhen,0,1,True,DCT,70,254976,19198,13.281383,0.602347,42.2974,0.970321,40.3046,43.1593,0.958849,0.974371,False,2.7155,2.7545,3.2965,3.3351,0.124578,0.074787
CHNCXR_0071_0,Shenzhen,0,1,True,DCT,90,254976,37739,6.7563,1.18408,45.6725,0.985145,43.4061,46.7063,0.979442,0.987174,False,2.9041,2.9596,3.5014,3.5378,0.247017,0.131405
CHNCXR_0072_0,Shenzhen,0,3,True,DCT,10,262144,4039,64.903194,0.12326,32.8943,0.837861,31.971,33.297,0.781458,0.861112,False,1.6793,1.821,2.2089,2.2358,0.067466,0.019949
CHNCXR_0072_0,Shenzhen,0,3,True,DCT,20,262144,7258,36.117939,0.221497,36.3254,0.908274,34.9841,36.9566,0.874366,0.92255,False,2.0753,2.1833,2.8057,2.8788,0.075099,0.032106
CHNCXR_0072_0,Shenzhen,0,3,True,DCT,30,262144,9840,26.64065,0.300293,38.2874,0.936529,36.6286,39.117,0.910061,0.947602,False,2.2771,2.3579,3.0093,3.042,0.09625,0.041829
CHNCXR_0072_0,Shenzhen,0,3,True,DCT,50,262144,14155,18.519534,0.431976,40.3969,0.95816,38.5075,41.3863,0.939387,0.966008,False,2.4804,2.5369,3.2008,3.2383,0.13917,0.059193
CHNCXR_0072_0,Shenzhen,0,3,True,DCT,70,262144,19836,13.215568,0.605347,42.3788,0.970675,40.2801,43.5266,0.958812,0.975383,False,2.601,2.6687,3.3295,3.3762,0.128277,0.075828
CHNCXR_0072_0,Shenzhen,0,3,True,DCT,90,262144,38560,6.79834,1.176758,45.8169,0.985766,43.4057,47.2284,0.979434,0.98847,False,2.821,2.8667,3.52,3.555,0.207442,0.142558
CHNCXR_0073_0,Shenzhen,0,1,True,DCT,10,257536,3701,69.585517,0.114966,33.6446,0.862785,32.135,34.0191,0.790933,0.876609,False,1.7472,1.85,2.0169,2.0438,0.059954,0.018589
CHNCXR_0073_0,Shenzhen,0,1,True,DCT,20,257536,6532,39.426822,0.202908,37.0888,0.925481,35.0646,37.6343,0.87863,0.934245,False,2.1361,2.222,2.6639,2.7182,0.073068,0.027103
CHNCXR_0073_0,Shenzhen,0,1,True,DCT,30,257536,8860,29.067269,0.275224,39.0096,0.947751,36.7342,39.6491,0.914224,0.953926,False,2.316,2.3924,2.9067,2.9449,0.105497,0.046497
CHNCXR_0073_0,Shenzhen,0,1,True,DCT,50,257536,12745,20.206826,0.395906,41.2116,0.965964,38.709,41.9427,0.943567,0.970083,False,2.517,2.5747,3.1318,3.1632,0.13829,0.058418
CHNCXR_0073_0,Shenzhen,0,1,True,DCT,70,257536,17911,14.37865,0.55638,43.1888,0.976941,40.5089,43.9963,0.961702,0.979834,False,2.638,2.6885,3.269,3.3195,0.119294,0.068677
CHNCXR_0073_0,Shenzhen,0,1,True,DCT,90,257536,34824,7.39536,1.081759,46.8057,0.988805,43.8436,47.7447,0.981738,0.990213,False,2.8336,2.8973,3.4866,3.5258,0.187785,0.127804
CHNCXR_0074_0,Shenzhen,0,4,True,DCT,10,206336,3317,62.205607,0.128606,32.4866,0.838259,32.772,32.4463,0.821802,0.843946,False,1.6257,1.739,2.3251,2.3514,0.052682,0.018577
CHNCXR_0074_0,Shenzhen,0,4,True,DCT,20,206336,5674,36.365174,0.219991,35.8242,0.904127,35.8876,35.815,0.89587,0.907563,False,2.0439,2.1664,2.833,2.8946,0.059742,0.024493
CHNCXR_0074_0,Shenzhen,0,4,True,DCT,30,206336,7668,26.908712,0.297301,37.7491,0.929668,37.6395,37.7654,0.925098,0.932073,False,2.2549,2.3143,3.0755,3.1064,0.068932,0.031545
CHNCXR_0074_0,Shenzhen,0,4,True,DCT,50,206336,10918,18.898699,0.42331,39.8772,0.949519,39.5211,39.932,0.948815,0.950889,False,2.4725,2.5322,3.2814,3.3112,0.079977,0.041608
CHNCXR_0074_0,Shenzhen,0,4,True,DCT,70,206336,15666,13.170943,0.607398,41.6559,0.96051,41.1696,41.732,0.963691,0.959919,False,2.6259,2.6857,3.4163,3.4557,0.104094,0.062422
CHNCXR_0074_0,Shenzhen,0,4,True,DCT,90,206336,31848,6.478774,1.234801,44.662,0.977879,43.9264,44.7812,0.979953,0.978189,False,2.8762,2.9228,3.5079,3.5439,0.182864,0.11059
CHNCXR_0075_0,Shenzhen,0,2,True,DCT,10,236032,3723,63.398335,0.126186,32.5872,0.828822,32.6196,32.5813,0.79664,0.836319,False,1.6541,1.7678,2.3098,2.3328,0.057242,0.019284
CHNCXR_0075_0,Shenzhen,0,2,True,DCT,20,236032,6581,35.865674,0.223055,35.7222,0.898501,35.7223,35.7222,0.884327,0.901865,False,2.0702,2.1727,2.8532,2.9225,0.068618,0.027695
CHNCXR_0075_0,Shenzhen,0,2,True,DCT,30,236032,8883,26.571203,0.301078,37.4645,0.923181,37.4371,37.4695,0.917848,0.924839,False,2.2565,2.3246,3.0791,3.1024,0.080247,0.036337
CHNCXR_0075_0,Shenzhen,0,2,True,DCT,50,236032,12908,18.285714,0.4375,39.6037,0.945761,39.4494,39.6321,0.945094,0.946393,False,2.4655,2.5197,3.2711,3.3056,0.111897,0.049463
CHNCXR_0075_0,Shenzhen,0,2,True,DCT,70,236032,18454,12.790289,0.625475,41.4085,0.959601,41.1266,41.4615,0.961305,0.959654,False,2.6135,2.6783,3.3979,3.4376,0.118084,0.070209
CHNCXR_0075_0,Shenzhen,0,2,True,DCT,90,236032,37479,6.297713,1.270302,44.3988,0.976613,43.9464,44.4859,0.979131,0.976666,False,2.8363,2.878,3.5155,3.5483,0.187869,0.140657
CHNCXR_0076_0,Shenzhen,0,2,True,DCT,10,238080,4040,58.930693,0.135753,32.292,0.827499,32.1777,32.3124,0.794144,0.833943,False,1.7095,1.8522,2.3236,2.3374,0.060639,0.019899
CHNCXR_0076_0,Shenzhen,0,2,True,DCT,20,238080,7132,33.381941,0.239651,35.4461,0.896834,35.3009,35.4721,0.882433,0.899,False,2.1008,2.2047,2.8792,2.9384,0.071741,0.030532
CHNCXR_0076_0,Shenzhen,0,2,True,DCT,30,238080,9560,24.903766,0.321237,37.2718,0.92223,37.0444,37.313,0.915663,0.923501,False,2.295,2.3742,3.0914,3.1174,0.08292,0.03759
CHNCXR_0076_0,Shenzhen,0,2,True,DCT,50,238080,13716,17.35783,0.460887,39.2914,0.944288,38.8935,39.3652,0.94324,0.944732,False,2.4882,2.5625,3.269,3.3039,0.096749,0.05314
CHNCXR_0076_0,Shenzhen,0,2,True,DCT,70,238080,19550,12.178005,0.656922,41.0607,0.958512,40.5076,41.1655,0.95959,0.958298,False,2.6249,2.6965,3.413,3.451,0.144269,0.073887
CHNCXR_0076_0,Shenzhen,0,2,True,DCT,90,238080,39265,6.063415,1.319388,44.0304,0.976182,43.3308,44.1658,0.978093,0.976234,False,2.8523,2.8954,3.5135,3.5482,0.198431,0.137875
CHNCXR_0077_0,Shenzhen,0,1,True,DCT,10,257024,3606,71.276761,0.112239,33.6207,0.863631,32.1816,34.04,0.796981,0.87916,False,1.7283,1.8187,1.9841,2.0174,0.061945,0.018968
CHNCXR_0077_0,Shenzhen,0,1,True,DCT,20,257024,6395,40.1914,0.199048,37.0735,0.925626,35.2719,37.6309,0.885724,0.93462,False,2.1301,2.2039,2.6409,2.686,0.072309,0.028323
CHNCXR_0077_0,Shenzhen,0,1,True,DCT,30,257024,8736,29.421245,0.271912,38.909,0.947315,36.9519,39.5308,0.918681,0.953742,False,2.3237,2.3834,2.8987,2.9422,0.081871,0.037395
CHNCXR_0077_0,Shenzhen,0,1,True,DCT,50,257024,12575,20.439284,0.391403,41.1445,0.965693,38.9472,41.8724,0.945844,0.970144,False,2.5236,2.5843,3.1221,3.1524,0.093643,0.04851
CHNCXR_0077_0,Shenzhen,0,1,True,DCT,70,257024,17737,14.490838,0.552073,43.121,0.976617,40.7721,43.9202,0.963459,0.979359,False,2.6551,2.7011,3.2731,3.3206,0.136987,0.069207
CHNCXR_0077_0,Shenzhen,0,1,True,DCT,90,257024,34493,7.451483,1.073612,46.8194,0.98884,44.1038,47.8077,0.982525,0.990373,False,2.8766,2.9313,3.4917,3.529,0.182333,0.121383
CHNCXR_0078_0,Shenzhen,0,1,True,DCT,10,259072,3792,68.320675,0.117095,33.3603,0.848164,32.3763,33.7414,0.787114,0.869111,False,1.7308,1.8442,2.0541,2.0784,0.061345,0.019476
CHNCXR_0078_0,Shenzhen,0,1,True,DCT,20,259072,6792,38.143698,0.209733,36.7016,0.914625,35.2872,37.2923,0.874019,0.92871,False,2.1189,2.2151,2.6832,2.7381,0.072094,0.029051
CHNCXR_0078_0,Shenzhen,0,1,True,DCT,30,259072,9334,27.755732,0.288229,38.504,0.939317,36.8673,39.216,0.909078,0.949786,False,2.308,2.3906,2.9374,2.9737,0.101729,0.038352
CHNCXR_0078_0,Shenzhen,0,1,True,DCT,50,259072,13544,19.128175,0.418231,40.5978,0.959465,38.7,41.4653,0.937612,0.967107,False,2.5031,2.5596,3.1651,3.1976,0.10256,0.051814
CHNCXR_0078_0,Shenzhen,0,1,True,DCT,70,259072,19262,13.449901,0.5948,42.4432,0.972109,40.4039,43.4014,0.957097,0.977234,False,2.6237,2.6858,3.2906,3.3351,0.122711,0.072149
CHNCXR_0078_0,Shenzhen,0,1,True,DCT,90,259072,37818,6.850494,1.167799,45.9052,0.98607,43.4972,47.1246,0.978381,0.988802,False,2.8407,2.8918,3.4707,3.5049,0.23063,0.13067
CHNCXR_0079_0,Shenzhen,0,1,True,DCT,10,257024,3596,71.474972,0.111927,33.4841,0.848609,32.328,33.9218,0.781375,0.870316,False,1.6799,1.8088,2.0069,2.0436,0.060861,0.02062
CHNCXR_0079_0,Shenzhen,0,1,True,DCT,20,257024,6516,39.445058,0.202814,36.8607,0.916532,35.2806,37.5054,0.87355,0.93031,False,2.0784,2.1895,2.6706,2.7203,0.072428,0.028876
CHNCXR_0079_0,Shenzhen,0,1,True,DCT,30,257024,8928,28.78853,0.277888,38.6991,0.941039,36.8822,39.4734,0.909226,0.951213,False,2.2668,2.3385,2.9199,2.9591,0.081821,0.036778
CHNCXR_0079_0,Shenzhen,0,1,True,DCT,50,257024,12954,19.841285,0.4032,40.748,0.960611,38.6968,41.662,0.937881,0.967808,False,2.4757,2.5263,3.1276,3.1614,0.106683,0.051818
CHNCXR_0079_0,Shenzhen,0,1,True,DCT,70,257024,18410,13.961108,0.57302,42.6052,0.972747,40.3791,43.6317,0.956917,0.97786,False,2.595,2.656,3.2776,3.3271,0.116825,0.067613
CHNCXR_0079_0,Shenzhen,0,1,True,DCT,90,257024,36290,7.082502,1.129544,46.1017,0.986367,43.5721,47.3423,0.978768,0.988906,False,2.7969,2.8333,3.4833,3.5189,0.21979,0.131246
CHNCXR_0080_0,Shenzhen,0,1,True,DCT,10,258048,3649,70.717457,0.113126,33.5789,0.848615,31.8749,34.0805,0.788483,0.861893,False,1.6785,1.7889,2.0302,2.0604,0.068848,0.021542
CHNCXR_0080_0,Shenzhen,0,1,True,DCT,20,258048,6520,39.577914,0.202133,36.9176,0.918844,34.9639,37.5172,0.882451,0.926496,False,2.0915,2.1935,2.6525,2.7054,0.071803,0.027524
CHNCXR_0080_0,Shenzhen,0,1,True,DCT,30,258048,8948,28.838623,0.277406,38.8592,0.945053,36.6312,39.5761,0.916484,0.950967,False,2.2888,2.3487,2.9124,2.9465,0.082257,0.038036
CHNCXR_0080_0,Shenzhen,0,1,True,DCT,50,258048,12839,20.098762,0.398034,41.0888,0.964486,38.6019,41.9268,0.944863,0.968623,False,2.5048,2.588,3.1127,3.1438,0.097841,0.051795
CHNCXR_0080_0,Shenzhen,0,1,True,DCT,70,258048,18025,14.316117,0.558811,42.979,0.973148,40.3977,43.8637,0.962699,0.975369,False,2.6589,2.7438,3.2579,3.3075,0.121767,0.069172
CHNCXR_0080_0,Shenzhen,0,1,True,DCT,90,258048,34887,7.396681,1.081566,46.5287,0.988196,43.6681,47.5614,0.9819,0.989676,False,2.9015,2.963,3.4734,3.5102,0.206665,0.131762
CHNCXR_0081_0,Shenzhen,0,3,True,DCT,10,257536,3842,67.031754,0.119346,33.251,0.84697,32.3627,33.7296,0.789261,0.873516,False,1.735,1.8537,2.0959,2.1194,0.068003,0.020805
CHNCXR_0081_0,Shenzhen,0,3,True,DCT,20,257536,6905,37.297031,0.214494,36.5475,0.914046,35.2424,37.3109,0.874955,0.931611,False,2.121,2.219,2.7159,2.7806,0.072215,0.029502
CHNCXR_0081_0,Shenzhen,0,3,True,DCT,30,257536,9454,27.240956,0.293675,38.3577,0.938825,36.825,39.2975,0.909233,0.952088,False,2.3046,2.3864,2.959,2.9953,0.083878,0.038347
CHNCXR_0081_0,Shenzhen,0,3,True,DCT,50,257536,13715,18.777689,0.426038,40.3874,0.958781,38.6338,41.5154,0.937661,0.968355,False,2.4983,2.5645,3.1585,3.1923,0.102805,0.053276
CHNCXR_0081_0,Shenzhen,0,3,True,DCT,70,257536,19489,13.214429,0.605399,42.2556,0.971591,40.3555,43.5188,0.957129,0.978126,False,2.6095,2.6682,3.292,3.3382,0.129723,0.073252
CHNCXR_0081_0,Shenzhen,0,3,True,DCT,90,257536,38198,6.742133,1.186568,45.6927,0.985809,43.5051,47.2486,0.978608,0.989207,False,2.8,2.8472,3.4962,3.5302,0.218924,0.147981
CHNCXR_0082_0,Shenzhen,0,0,True,DCT,10,257536,3836,67.136601,0.11916,33.2274,0.850999,32.0617,33.6418,0.777784,0.873528,False,1.7632,1.8708,2.1237,2.1481,0.065384,0.019436
CHNCXR_0082_0,Shenzhen,0,0,True,DCT,20,257536,6820,37.761877,0.211854,36.5936,0.916802,34.8852,37.2611,0.867209,0.932136,False,2.1463,2.2351,2.7262,2.7839,0.073493,0.02952
CHNCXR_0082_0,Shenzhen,0,0,True,DCT,30,257536,9271,27.778665,0.287991,38.421,0.940628,36.4079,39.2528,0.902351,0.952457,False,2.3116,2.3817,2.9587,2.9941,0.085027,0.038022
CHNCXR_0082_0,Shenzhen,0,0,True,DCT,50,257536,13373,19.257908,0.415414,40.4582,0.960176,38.1555,41.464,0.932488,0.968877,False,2.5135,2.5774,3.1601,3.194,0.101724,0.05176
CHNCXR_0082_0,Shenzhen,0,0,True,DCT,70,257536,18928,13.606086,0.587972,42.2728,0.97233,39.7899,43.3966,0.952823,0.978471,False,2.6358,2.6714,3.3013,3.3471,0.125573,0.082349
CHNCXR_0082_0,Shenzhen,0,0,True,DCT,90,257536,37184,6.92599,1.15507,45.8362,0.986356,42.922,47.2789,0.97639,0.989503,False,2.8186,2.8619,3.4915,3.5292,0.205796,0.129932
CHNCXR_0083_0,Shenzhen,0,3,True,DCT,10,257536,3404,75.656874,0.105741,33.8715,0.858455,32.3383,34.3291,0.78352,0.877123,False,1.6487,1.7574,1.9339,1.9794,0.060098,0.016398
CHNCXR_0083_0,Shenzhen,0,3,True,DCT,20,257536,6048,42.582011,0.187873,37.2344,0.921252,35.335,37.8371,0.876461,0.93247,False,2.0603,2.1761,2.5973,2.6329,0.071158,0.026979
CHNCXR_0083_0,Shenzhen,0,3,True,DCT,30,257536,8330,30.916687,0.25876,39.1354,0.945176,36.8772,39.8982,0.910665,0.953722,False,2.2789,2.3418,2.8693,2.9139,0.079463,0.036288
CHNCXR_0083_0,Shenzhen,0,3,True,DCT,50,257536,12084,21.312148,0.375373,41.3191,0.964072,38.8361,42.1925,0.940866,0.969873,False,2.4828,2.567,3.0962,3.1205,0.099108,0.048219
CHNCXR_0083_0,Shenzhen,0,3,True,DCT,70,257536,17179,14.991327,0.533642,43.1909,0.973744,40.5955,44.123,0.959758,0.977332,False,2.6467,2.7247,3.245,3.2974,0.119911,0.065584
CHNCXR_0083_0,Shenzhen,0,3,True,DCT,90,257536,33874,7.602763,1.052249,46.6731,0.987645,43.7565,47.7863,0.979963,0.989635,False,2.902,2.97,3.4886,3.5257,0.187583,0.121441
CHNCXR_0084_0,Shenzhen,0,2,True,DCT,10,243712,3802,64.100999,0.124803,33.1998,0.851956,32.4989,33.4822,0.799678,0.869823,False,1.7337,1.8508,2.187,2.2102,0.059216,0.019419
CHNCXR_0084_0,Shenzhen,0,2,True,DCT,20,243712,6773,35.982873,0.222328,36.4494,0.917085,35.5367,36.8309,0.886303,0.927389,False,2.1289,2.2049,2.8333,2.8985,0.070112,0.029112
CHNCXR_0084_0,Shenzhen,0,2,True,DCT,30,243712,9119,26.725737,0.299337,38.4925,0.942578,37.2257,39.0564,0.918854,0.950353,False,2.306,2.3479,3.0282,3.0589,0.085243,0.037316
CHNCXR_0084_0,Shenzhen,0,2,True,DCT,50,243712,13148,18.536051,0.431591,40.6366,0.962334,39.1534,41.3239,0.94587,0.967746,False,2.4933,2.526,3.22,3.2537,0.098286,0.052887
CHNCXR_0084_0,Shenzhen,0,2,True,DCT,70,243712,18451,13.208607,0.605666,42.6165,0.974638,40.9583,43.411,0.96344,0.978512,False,2.627,2.6742,3.3333,3.3812,0.123334,0.070393
CHNCXR_0084_0,Shenzhen,0,2,True,DCT,90,243712,35281,6.907741,1.158121,46.3564,0.987738,44.2283,47.4766,0.982332,0.989763,False,2.8132,2.8685,3.5108,3.5435,0.195555,0.131885
CHNCXR_0085_0,Shenzhen,0,2,True,DCT,10,257536,3751,68.657958,0.11652,33.3794,0.853541,31.7517,33.9515,0.779692,0.874499,False,1.6841,1.8137,2.072,2.0981,0.060048,0.019259
CHNCXR_0085_0,Shenzhen,0,2,True,DCT,20,257536,6704,38.415274,0.20825,36.8028,0.919109,34.7204,37.5964,0.873161,0.931855,False,2.0845,2.1927,2.7118,2.7706,0.072383,0.030163
CHNCXR_0085_0,Shenzhen,0,2,True,DCT,30,257536,9126,28.220031,0.283487,38.6653,0.943178,36.3145,39.6072,0.908211,0.952894,False,2.2902,2.3527,2.9537,2.9897,0.088347,0.037753
CHNCXR_0085_0,Shenzhen,0,2,True,DCT,50,257536,13192,19.522135,0.409791,40.7797,0.9625,38.2026,41.8582,0.938424,0.969379,False,2.503,2.589,3.1618,3.1942,0.098896,0.053287
CHNCXR_0085_0,Shenzhen,0,2,True,DCT,70,257536,18548,13.884839,0.576168,42.6537,0.973036,39.9099,43.8407,0.957722,0.977363,False,2.6299,2.7237,3.2993,3.345,0.121791,0.072159
CHNCXR_0085_0,Shenzhen,0,2,True,DCT,90,257536,36091,7.13574,1.121117,46.1156,0.98721,43.1196,47.4804,0.979042,0.989588,False,2.8737,2.9392,3.5031,3.5402,0.200284,0.134709
CHNCXR_0086_0,Shenzhen,0,3,True,DCT,10,258048,3688,69.969631,0.114335,33.5364,0.860345,32.0674,33.8973,0.78213,0.875482,False,1.7504,1.8606,2.0154,2.043,0.063982,0.019007
CHNCXR_0086_0,Shenzhen,0,3,True,DCT,20,258048,6463,39.926969,0.200366,36.9731,0.923446,34.9135,37.5294,0.871735,0.933407,False,2.1434,2.2205,2.6469,2.6944,0.076326,0.028181
CHNCXR_0086_0,Shenzhen,0,3,True,DCT,30,258048,8823,29.247195,0.273531,38.8006,0.945467,36.5506,39.4279,0.907834,0.952549,False,2.3171,2.3822,2.913,2.9552,0.086861,0.038267
CHNCXR_0086_0,Shenzhen,0,3,True,DCT,50,258048,12649,20.400664,0.392144,40.9571,0.963936,38.3756,41.7189,0.936924,0.969131,False,2.5126,2.568,3.1369,3.1673,0.102836,0.051438
CHNCXR_0086_0,Shenzhen,0,3,True,DCT,70,258048,17914,14.404823,0.55537,42.8537,0.975334,40.0804,43.7003,0.956527,0.979015,False,2.6509,2.7054,3.2871,3.3342,0.128627,0.072132
CHNCXR_0086_0,Shenzhen,0,3,True,DCT,90,258048,35158,7.339667,1.089968,46.4347,0.987851,43.3417,47.4352,0.978793,0.989705,False,2.8347,2.8929,3.5022,3.5404,0.188288,0.129294
CHNCXR_0087_0,Shenzhen,0,4,True,DCT,10,233984,3388,69.062574,0.115837,33.528,0.848506,32.0187,34.3463,0.790296,0.8746,False,1.7935,1.9108,1.9422,1.9685,0.058588,0.017492
CHNCXR_0087_0,Shenzhen,0,4,True,DCT,20,233984,6134,38.145419,0.209724,36.7971,0.915929,35.0385,37.8006,0.880731,0.931812,False,2.1856,2.2371,2.6072,2.6663,0.072404,0.028271
CHNCXR_0087_0,Shenzhen,0,4,True,DCT,30,233984,8479,27.595707,0.2899,38.6277,0.941039,36.7446,39.7308,0.914953,0.952926,False,2.3794,2.42,2.877,2.9141,0.080199,0.037221
CHNCXR_0087_0,Shenzhen,0,4,True,DCT,50,233984,12264,19.07893,0.419311,40.6514,0.961059,38.6592,41.8462,0.943367,0.969104,False,2.5718,2.6126,3.0876,3.1221,0.103689,0.050054
CHNCXR_0087_0,Shenzhen,0,4,True,DCT,70,233984,17343,13.491553,0.592964,42.5367,0.973313,40.4245,43.8376,0.961421,0.978765,False,2.6782,2.7152,3.2531,3.3004,0.136619,0.065829
CHNCXR_0087_0,Shenzhen,0,4,True,DCT,90,233984,33789,6.924857,1.155258,46.0311,0.986913,43.6952,47.5454,0.98124,0.989554,False,2.8888,2.9313,3.4836,3.5175,0.182338,0.122113
CHNCXR_0088_0,Shenzhen,0,4,True,DCT,10,247296,4441,55.684756,0.143666,32.6949,0.849471,30.6791,33.7151,0.796001,0.870198,False,1.8657,2.0579,2.2119,2.2239,0.067699,0.022548
CHNCXR_0088_0,Shenzhen,0,4,True,DCT,20,247296,7813,31.651862,0.25275,35.7343,0.914094,33.4809,36.9322,0.880021,0.927151,False,2.2333,2.3466,2.7924,2.8382,0.0852,0.03625
CHNCXR_0088_0,Shenzhen,0,4,True,DCT,30,247296,10668,23.181102,0.345109,37.4856,0.938,35.0383,38.842,0.912244,0.948248,False,2.3912,2.5156,3.0197,3.0463,0.110954,0.045303
CHNCXR_0088_0,Shenzhen,0,4,True,DCT,50,247296,15158,16.314553,0.49036,39.3389,0.957142,36.8165,40.7602,0.939819,0.964025,False,2.5711,2.7065,3.2002,3.2456,0.113781,0.061454
CHNCXR_0088_0,Shenzhen,0,4,True,DCT,70,247296,21189,11.670961,0.685462,41.0139,0.969128,38.4607,42.4625,0.957613,0.973775,False,2.7064,2.7513,3.3481,3.3895,0.144495,0.080365
CHNCXR_0088_0,Shenzhen,0,4,True,DCT,90,247296,40960,6.0375,1.325052,44.1979,0.983494,41.6752,45.6195,0.978745,0.985509,False,2.8955,2.9493,3.5545,3.5917,0.213653,0.146713
CHNCXR_0089_0,Shenzhen,0,0,True,DCT,10,261120,4056,64.378698,0.124265,32.6758,0.846011,32.2022,32.8357,0.783996,0.867052,False,1.7618,1.8582,2.211,2.2291,0.083612,0.020728
CHNCXR_0089_0,Shenzhen,0,0,True,DCT,20,261120,7240,36.066298,0.221814,36.1846,0.913943,35.1392,36.572,0.874837,0.927222,False,2.1586,2.2302,2.8404,2.9101,0.078331,0.031327
CHNCXR_0089_0,Shenzhen,0,0,True,DCT,30,261120,9800,26.644898,0.300245,38.0901,0.939372,36.7628,38.6065,0.909709,0.949426,False,2.3474,2.4131,3.0542,3.0815,0.090243,0.041079
CHNCXR_0089_0,Shenzhen,0,0,True,DCT,50,261120,14085,18.538871,0.431526,40.266,0.959942,38.6226,40.9424,0.938878,0.967082,False,2.5461,2.6042,3.2348,3.2681,0.107877,0.056009
CHNCXR_0089_0,Shenzhen,0,0,True,DCT,70,261120,19658,13.283142,0.602267,42.2585,0.972514,40.3161,43.1039,0.957707,0.977603,False,2.6696,2.7197,3.349,3.3963,0.129383,0.072266
CHNCXR_0089_0,Shenzhen,0,0,True,DCT,90,261120,38218,6.832383,1.170895,45.8688,0.986203,43.3991,47.0618,0.978584,0.988849,False,2.8796,2.9302,3.5304,3.5677,0.207795,0.137032
CHNCXR_0090_0,Shenzhen,0,3,True,DCT,10,249344,3790,65.789974,0.121599,32.9016,0.843422,31.8808,33.2493,0.784382,0.862427,False,1.7044,1.8294,2.1738,2.1945,0.063559,0.019926
CHNCXR_0090_0,Shenzhen,0,3,True,DCT,20,249344,6678,37.338125,0.214258,36.531,0.914175,34.8251,37.1845,0.874577,0.926736,False,2.1054,2.2116,2.7534,2.8127,0.070215,0.028283
CHNCXR_0090_0,Shenzhen,0,3,True,DCT,30,249344,9083,27.451723,0.291421,38.4741,0.940852,36.4446,39.299,0.910742,0.950339,False,2.3005,2.3737,3.0023,3.0325,0.10249,0.036028
CHNCXR_0090_0,Shenzhen,0,3,True,DCT,50,249344,13096,19.039707,0.420175,40.5546,0.960538,38.2473,41.5433,0.938582,0.967412,False,2.514,2.5984,3.1908,3.2243,0.099555,0.051313
CHNCXR_0090_0,Shenzhen,0,3,True,DCT,70,249344,18418,13.538061,0.590927,42.4314,0.971584,39.9211,43.5509,0.957215,0.976101,False,2.6531,2.739,3.3281,3.3727,0.126431,0.068601
CHNCXR_0090_0,Shenzhen,0,3,True,DCT,90,249344,35667,6.990888,1.144347,45.9289,0.98657,43.1021,47.2742,0.978793,0.989091,False,2.8835,2.9444,3.5043,3.5407,0.189861,0.128571
CHNCXR_0091_0,Shenzhen,0,0,True,DCT,10,228352,4080,55.968627,0.142937,32.6514,0.843015,31.3033,33.4952,0.7905,0.870683,False,1.9074,2.0633,2.2181,2.2312,0.056842,0.019359
CHNCXR_0091_0,Shenzhen,0,0,True,DCT,20,228352,7220,31.627701,0.252943,35.6899,0.908326,34.051,36.7824,0.872709,0.927086,False,2.2766,2.3532,2.787,2.8333,0.073384,0.029584
CHNCXR_0091_0,Shenzhen,0,0,True,DCT,30,228352,9904,23.056543,0.346973,37.2986,0.93304,35.5304,38.5123,0.9063,0.947179,False,2.4367,2.5229,3.0162,3.0362,0.083701,0.041697
CHNCXR_0091_0,Shenzhen,0,0,True,DCT,50,228352,14269,16.003364,0.499895,39.1473,0.953775,37.2315,40.5082,0.934248,0.963924,False,2.6075,2.6808,3.2141,3.2605,0.105148,0.055983
CHNCXR_0091_0,Shenzhen,0,0,True,DCT,70,228352,20131,11.343301,0.705262,40.843,0.966645,38.779,42.3622,0.952989,0.973982,False,2.7178,2.7746,3.3358,3.3772,0.127451,0.078038
CHNCXR_0091_0,Shenzhen,0,0,True,DCT,90,228352,39041,5.849031,1.367748,43.9399,0.98224,41.8382,45.5013,0.975749,0.985752,False,2.8883,2.9506,3.5383,3.5734,0.228799,0.148117
CHNCXR_0092_0,Shenzhen,0,4,True,DCT,10,248832,3449,72.146129,0.110886,33.0647,0.854607,32.3028,33.343,0.791951,0.875883,False,1.6454,1.7664,2.0564,2.0909,0.06052,0.017366
CHNCXR_0092_0,Shenzhen,0,4,True,DCT,20,248832,6116,40.685415,0.196631,36.811,0.917904,35.2528,37.4645,0.879865,0.930963,False,2.0633,2.1788,2.7354,2.7768,0.071261,0.026569
CHNCXR_0092_0,Shenzhen,0,4,True,DCT,30,248832,8281,30.048545,0.266236,38.7541,0.941933,36.9101,39.5696,0.914016,0.951572,False,2.2718,2.3373,2.9844,3.0252,0.082523,0.03475
CHNCXR_0092_0,Shenzhen,0,4,True,DCT,50,248832,11920,20.875168,0.38323,40.8724,0.961287,38.737,41.8718,0.941506,0.968254,False,2.4876,2.5666,3.1872,3.2134,0.097359,0.050608
CHNCXR_0092_0,Shenzhen,0,4,True,DCT,70,248832,16926,14.70117,0.544174,42.8458,0.972992,40.4307,44.042,0.959481,0.977566,False,2.6382,2.718,3.3138,3.3671,0.121095,0.065678
CHNCXR_0092_0,Shenzhen,0,4,True,DCT,90,248832,33225,7.4893,1.068191,46.3346,0.986746,43.5621,47.817,0.979819,0.98925,False,2.8792,2.9447,3.5026,3.5416,0.199542,0.121243
CHNCXR_0093_0,Shenzhen,0,0,True,DCT,10,245760,4251,57.812279,0.138379,32.5895,0.837174,30.8906,33.6129,0.784314,0.862164,False,1.8572,2.0417,2.1574,2.1733,0.062772,0.021111
CHNCXR_0093_0,Shenzhen,0,0,True,DCT,20,245760,7615,32.273145,0.247884,35.679,0.906277,33.7347,36.9146,0.874889,0.921386,False,2.218,2.3201,2.7329,2.7843,0.094285,0.034418
CHNCXR_0093_0,Shenzhen,0,0,True,DCT,30,245760,10437,23.546996,0.339746,37.3448,0.932205,35.2893,38.6844,0.908942,0.943494,False,2.3777,2.4583,2.9637,2.9873,0.091462,0.043212
CHNCXR_0093_0,Shenzhen,0,0,True,DCT,50,245760,15119,16.255043,0.492155,39.2511,0.953392,37.0568,40.728,0.937199,0.961244,False,2.555,2.6534,3.1676,3.221,0.113426,0.061298
CHNCXR_0093_0,Shenzhen,0,0,True,DCT,70,245760,21291,11.542905,0.693066,40.9276,0.966409,38.6589,42.4818,0.955644,0.971787,False,2.6747,2.7602,3.3017,3.3469,0.129708,0.077748
CHNCXR_0093_0,Shenzhen,0,0,True,DCT,90,245760,41460,5.927641,1.349609,44.0156,0.982134,41.7821,45.5329,0.977685,0.984474,False,2.847,2.8867,3.5253,3.5591,0.220765,0.148955
CHNCXR_0094_0,Shenzhen,0,0,True,DCT,10,257536,3778,68.167284,0.117358,33.3621,0.852632,32.3483,33.743,0.795205,0.871338,False,1.7305,1.8559,2.0775,2.1036,0.066272,0.01983
CHNCXR_0094_0,Shenzhen,0,0,True,DCT,20,257536,6624,38.879227,0.205765,36.8084,0.91896,35.3901,37.3802,0.883054,0.930457,False,2.1211,2.2093,2.6852,2.738,0.083749,0.029598
CHNCXR_0094_0,Shenzhen,0,0,True,DCT,30,257536,9101,28.29755,0.28271,38.6701,0.942322,37.0594,39.3424,0.91634,0.950731,False,2.2953,2.3653,2.9434,2.9856,0.084708,0.039169
CHNCXR_0094_0,Shenzhen,0,0,True,DCT,50,257536,13104,19.653236,0.407058,40.7745,0.961432,38.9966,41.5399,0.943775,0.967235,False,2.4972,2.5528,3.156,3.1883,0.115056,0.051582
CHNCXR_0094_0,Shenzhen,0,0,True,DCT,70,257536,18608,13.840069,0.578032,42.6333,0.973284,40.7184,43.4793,0.961346,0.977297,False,2.6345,2.6875,3.2816,3.3291,0.121528,0.070216
CHNCXR_0094_0,Shenzhen,0,0,True,DCT,90,257536,36659,7.025178,1.138761,46.1489,0.986668,43.9732,47.1601,0.980963,0.988613,False,2.8163,2.8695,3.4902,3.5282,0.196883,0.12646
CHNCXR_0095_0,Shenzhen,0,4,True,DCT,10,257536,3761,68.475405,0.11683,33.301,0.848411,32.1791,33.8046,0.785442,0.871747,False,1.7111,1.8425,2.0675,2.0973,0.066489,0.023203
CHNCXR_0095_0,Shenzhen,0,4,True,DCT,20,257536,6780,37.984661,0.210611,36.6581,0.917182,35.2036,37.3527,0.876825,0.931854,False,2.104,2.2046,2.7108,2.7686,0.075176,0.030182
CHNCXR_0095_0,Shenzhen,0,4,True,DCT,30,257536,9262,27.805658,0.287711,38.5576,0.941675,36.8655,39.4035,0.912268,0.952242,False,2.2945,2.37,2.9379,2.9764,0.084654,0.038047
CHNCXR_0095_0,Shenzhen,0,4,True,DCT,50,257536,13429,19.177601,0.417153,40.6806,0.961092,38.8256,41.6384,0.941514,0.968118,False,2.4728,2.5144,3.1627,3.1987,0.100823,0.052672
CHNCXR_0095_0,Shenzhen,0,4,True,DCT,70,257536,18918,13.613278,0.587662,42.5786,0.973168,40.5742,43.6458,0.959798,0.978078,False,2.6022,2.6622,3.2756,3.3242,0.127593,0.069749
CHNCXR_0095_0,Shenzhen,0,4,True,DCT,90,257536,37084,6.944666,1.151963,46.033,0.986512,43.8398,47.248,0.980426,0.988855,False,2.7978,2.8462,3.489,3.5239,0.206606,0.130525
CHNCXR_0096_0,Shenzhen,0,4,True,DCT,10,257536,3738,68.896736,0.116116,33.0066,0.841254,32.8267,33.0892,0.793817,0.863392,False,1.6264,1.7994,2.1133,2.142,0.064532,0.020388
CHNCXR_0096_0,Shenzhen,0,4,True,DCT,20,257536,6724,38.301011,0.208872,36.3513,0.909416,35.7789,36.6327,0.879148,0.923012,False,2.0218,2.156,2.8021,2.8593,0.074393,0.02933
CHNCXR_0096_0,Shenzhen,0,4,True,DCT,30,257536,9174,28.072378,0.284978,38.1882,0.935167,37.4159,38.5821,0.912806,0.945265,False,2.2281,2.3152,3.0289,3.0547,0.083406,0.038092
CHNCXR_0096_0,Shenzhen,0,4,True,DCT,50,257536,13245,19.444017,0.411438,40.4483,0.957097,39.3318,41.0559,0.941513,0.964229,False,2.4212,2.4861,3.217,3.2451,0.101326,0.054205
CHNCXR_0096_0,Shenzhen,0,4,True,DCT,70,257536,18814,13.68853,0.584431,42.4313,0.970515,41.02,43.246,0.959309,0.975559,False,2.5578,2.6342,3.3405,3.383,0.124002,0.071829
CHNCXR_0096_0,Shenzhen,0,4,True,DCT,90,257536,36975,6.965139,1.148577,45.9604,0.985121,44.0727,47.1666,0.979297,0.988003,False,2.7789,2.8346,3.5073,3.5441,0.198397,0.133753
CHNCXR_0097_0,Shenzhen,0,0,True,DCT,10,255488,3770,67.7687,0.118049,32.9405,0.839286,33.071,32.8559,0.806507,0.862824,False,1.696,1.7929,2.1418,2.176,0.063471,0.020079
CHNCXR_0097_0,Shenzhen,0,0,True,DCT,20,255488,6840,37.352047,0.214178,36.4067,0.909609,36.2104,36.5422,0.890287,0.922557,False,2.1013,2.1887,2.7937,2.8503,0.07388,0.031247
CHNCXR_0097_0,Shenzhen,0,0,True,DCT,30,255488,9323,27.404054,0.291928,38.2628,0.935937,37.8878,38.5312,0.921291,0.945664,False,2.2898,2.3385,3.025,3.0527,0.083588,0.03869
CHNCXR_0097_0,Shenzhen,0,0,True,DCT,50,255488,13498,18.927841,0.422658,40.5332,0.958172,39.8937,41.017,0.947745,0.965284,False,2.5025,2.5419,3.1977,3.234,0.099468,0.054428
CHNCXR_0097_0,Shenzhen,0,0,True,DCT,70,255488,19258,13.266591,0.603019,42.628,0.971774,41.7299,43.3474,0.964847,0.97637,False,2.6515,2.6994,3.3283,3.3765,0.147825,0.072966
CHNCXR_0097_0,Shenzhen,0,0,True,DCT,90,255488,37382,6.834519,1.170529,46.1966,0.986059,44.9198,47.3154,0.982496,0.988666,False,2.8788,2.9072,3.4926,3.5242,0.195626,0.133913
CHNCXR_0098_0,Shenzhen,0,4,True,DCT,10,258048,3558,72.526138,0.110305,33.7514,0.860641,31.9487,34.3003,0.781932,0.878949,False,1.7034,1.8197,1.999,2.0368,0.062398,0.018918
CHNCXR_0098_0,Shenzhen,0,4,True,DCT,20,258048,6247,41.307508,0.193669,37.1438,0.923655,34.803,37.9262,0.873235,0.934987,False,2.1121,2.2088,2.6587,2.7005,0.072397,0.027405
CHNCXR_0098_0,Shenzhen,0,4,True,DCT,30,258048,8520,30.287324,0.264137,39.0024,0.946001,36.4332,39.8974,0.908886,0.954274,False,2.3216,2.3775,2.9214,2.9615,0.083139,0.034523
CHNCXR_0098_0,Shenzhen,0,4,True,DCT,50,258048,12270,21.030807,0.380394,41.1505,0.964592,38.2689,42.2147,0.93815,0.970578,False,2.5252,2.6037,3.1428,3.168,0.094503,0.048785
CHNCXR_0098_0,Shenzhen,0,4,True,DCT,70,258048,17357,14.867085,0.538101,43.0428,0.975612,39.9271,44.2469,0.957166,0.98001,False,2.6516,2.7188,3.3106,3.3619,0.117904,0.066271
CHNCXR_0098_0,Shenzhen,0,4,True,DCT,90,258048,34041,7.580506,1.055339,46.5756,0.987986,43.1825,47.9622,0.979104,0.990183,False,2.8918,2.9484,3.5016,3.5377,0.203731,0.118289
CHNCXR_0099_0,Shenzhen,0,2,True,DCT,10,225792,4046,55.806228,0.143353,32.5639,0.849061,30.7006,33.5069,0.797496,0.869342,False,1.8897,2.0628,2.1857,2.199,0.060302,0.020467
CHNCXR_0099_0,Shenzhen,0,2,True,DCT,20,225792,7265,31.079422,0.257405,35.7627,0.91591,33.612,36.9173,0.883619,0.928965,False,2.2568,2.3638,2.7398,2.7831,0.091765,0.031994
CHNCXR_0099_0,Shenzhen,0,2,True,DCT,30,225792,9856,22.909091,0.349206,37.4368,0.939637,35.2155,38.6472,0.915787,0.949308,False,2.432,2.5391,2.9665,2.9905,0.081225,0.038388
CHNCXR_0099_0,Shenzhen,0,2,True,DCT,50,225792,14151,15.955904,0.501382,39.3232,0.959072,37.063,40.5651,0.942634,0.965677,False,2.6067,2.7054,3.1692,3.2216,0.105549,0.054517
CHNCXR_0099_0,Shenzhen,0,2,True,DCT,70,225792,19683,11.471422,0.697385,41.0847,0.971349,38.6754,42.4522,0.959852,0.976101,False,2.7194,2.8198,3.2808,3.3226,0.123545,0.075881
CHNCXR_0099_0,Shenzhen,0,2,True,DCT,90,225792,37799,5.973491,1.33925,44.4575,0.985261,42.0055,45.8624,0.980323,0.987337,False,2.9104,2.9833,3.5234,3.5572,0.197679,0.133446
CHNCXR_0100_0,Shenzhen,0,3,True,DCT,10,247296,4039,61.227036,0.130661,32.7563,0.838867,32.3373,32.9381,0.788225,0.862621,False,1.7925,1.8924,2.2966,2.3139,0.065595,0.019884
CHNCXR_0100_0,Shenzhen,0,3,True,DCT,20,247296,7086,34.899238,0.229231,36.1442,0.909137,35.461,36.4546,0.880735,0.922651,False,2.1808,2.2467,2.8637,2.935,0.074057,0.02942
CHNCXR_0100_0,Shenzhen,0,3,True,DCT,30,247296,9639,25.655773,0.311821,38.0412,0.935693,37.1262,38.4744,0.914928,0.945572,False,2.3741,2.4185,3.1062,3.13,0.107732,0.039261
CHNCXR_0100_0,Shenzhen,0,3,True,DCT,50,247296,13722,18.021863,0.443905,40.3866,0.958647,39.0775,41.0538,0.94321,0.965903,False,2.5684,2.6135,3.2667,3.2995,0.111528,0.05263
CHNCXR_0100_0,Shenzhen,0,3,True,DCT,70,247296,19238,12.854559,0.622347,42.4186,0.971923,40.8216,43.2799,0.961037,0.977048,False,2.6857,2.7305,3.3694,3.4162,0.13157,0.073735
CHNCXR_0100_0,Shenzhen,0,3,True,DCT,90,247296,36933,6.695801,1.194779,46.0356,0.986312,44.0229,47.2196,0.98081,0.988922,False,2.8799,2.9198,3.5257,3.5606,0.202668,0.134583
CHNCXR_0101_0,Shenzhen,0,1,True,DCT,10,262144,3857,67.965777,0.117706,33.326,0.852304,32.0918,33.7975,0.790797,0.873559,False,1.7573,1.8823,2.0567,2.0808,0.066632,0.020673
CHNCXR_0101_0,Shenzhen,0,1,True,DCT,20,262144,6850,38.269197,0.209045,36.695,0.918632,35.1033,37.3428,0.878562,0.932451,False,2.1342,2.2283,2.679,2.7382,0.076735,0.031259
CHNCXR_0101_0,Shenzhen,0,1,True,DCT,30,262144,9311,28.154226,0.284149,38.6376,0.942821,36.7326,39.4592,0.912361,0.953257,False,2.322,2.3901,2.933,2.9723,0.087965,0.038903
CHNCXR_0101_0,Shenzhen,0,1,True,DCT,50,262144,13423,19.529464,0.409637,40.7315,0.962021,38.6391,41.6669,0.940999,0.969194,False,2.5075,2.5569,3.1663,3.1993,0.10487,0.053786
CHNCXR_0101_0,Shenzhen,0,1,True,DCT,70,262144,18945,13.837107,0.578156,42.6721,0.974035,40.4117,43.7166,0.959791,0.978902,False,2.6186,2.6809,3.3165,3.3615,0.146713,0.071901
CHNCXR_0101_0,Shenzhen,0,1,True,DCT,90,262144,37076,7.07045,1.13147,46.2424,0.987123,43.7103,47.4788,0.980562,0.989381,False,2.805,2.8708,3.5244,3.5601,0.204111,0.135644
CHNCXR_0102_0,Shenzhen,0,2,True,DCT,10,231936,3823,60.668585,0.131864,32.8077,0.846845,32.612,32.8833,0.801607,0.864798,False,1.7866,1.9205,2.2721,2.286,0.061057,0.01856
CHNCXR_0102_0,Shenzhen,0,2,True,DCT,20,231936,6606,35.1099,0.227856,36.2581,0.913696,35.8189,36.4346,0.887893,0.923461,False,2.1848,2.2555,2.8505,2.9254,0.07168,0.028106
CHNCXR_0102_0,Shenzhen,0,2,True,DCT,30,231936,8981,25.825187,0.309775,38.1715,0.938901,37.4956,38.4543,0.920024,0.946058,False,2.3729,2.4101,3.1003,3.1305,0.080882,0.038052
CHNCXR_0102_0,Shenzhen,0,2,True,DCT,50,231936,12754,18.185354,0.439914,40.5123,0.960654,39.5338,40.9439,0.947268,0.965735,False,2.5569,2.6176,3.2745,3.3044,0.095894,0.051317
CHNCXR_0102_0,Shenzhen,0,2,True,DCT,70,231936,17828,13.009648,0.614928,42.4947,0.973016,41.3037,43.0406,0.963922,0.976138,False,2.6887,2.7231,3.3921,3.4363,0.121388,0.071513
CHNCXR_0102_0,Shenzhen,0,2,True,DCT,90,231936,34143,6.793076,1.17767,46.2655,0.987082,44.6291,47.0815,0.982564,0.988938,False,2.8939,2.9359,3.5339,3.5714,0.182756,0.125943
CHNCXR_0103_0,Shenzhen,0,0,True,DCT,10,199168,3759,52.984304,0.150988,32.0146,0.842149,31.9883,32.0256,0.790098,0.864607,False,1.874,1.9892,2.4962,2.5079,0.050526,0.017439
CHNCXR_0103_0,Shenzhen,0,0,True,DCT,20,199168,6515,30.570683,0.261689,35.7512,0.9129,34.9647,36.123,0.879837,0.926858,False,2.248,2.2943,3.0239,3.0701,0.06303,0.029659
CHNCXR_0103_0,Shenzhen,0,0,True,DCT,30,199168,8716,22.850849,0.350096,37.6881,0.939358,36.6305,38.2136,0.914393,0.949672,False,2.4135,2.463,3.2112,3.2359,0.071946,0.035734
CHNCXR_0103_0,Shenzhen,0,0,True,DCT,50,199168,12347,16.130882,0.495943,39.9497,0.960116,38.5508,40.6919,0.942727,0.967733,False,2.5858,2.639,3.3678,3.4075,0.089846,0.047215
CHNCXR_0103_0,Shenzhen,0,0,True,DCT,70,199168,17025,11.698561,0.683845,41.9104,0.972885,40.2669,42.8263,0.960687,0.978109,False,2.7013,2.736,3.445,3.4855,0.130152,0.063504
CHNCXR_0103_0,Shenzhen,0,0,True,DCT,90,199168,32003,6.223417,1.285468,45.5464,0.986736,43.4918,46.7962,0.980684,0.989526,False,2.8839,2.9279,3.582,3.6183,0.168023,0.114191
CHNCXR_0104_0,Shenzhen,0,3,True,DCT,10,262144,4345,60.332336,0.132599,32.8737,0.85098,30.7586,33.955,0.783396,0.8758,False,1.8288,1.9932,2.1271,2.1425,0.070828,0.023062
CHNCXR_0104_0,Shenzhen,0,3,True,DCT,20,262144,7865,33.330451,0.240021,36.0386,0.915552,33.6601,37.3237,0.877822,0.929585,False,2.216,2.3208,2.724,2.7708,0.084875,0.035814
CHNCXR_0104_0,Shenzhen,0,3,True,DCT,30,262144,10603,24.723569,0.323578,37.7469,0.939979,35.2608,39.122,0.911827,0.950513,False,2.3762,2.5088,2.9362,2.96,0.119886,0.045862
CHNCXR_0104_0,Shenzhen,0,3,True,DCT,50,262144,15220,17.223653,0.464478,39.6613,0.959425,37.0262,41.168,0.939407,0.966771,False,2.5693,2.6843,3.1485,3.1974,0.116098,0.065402
CHNCXR_0104_0,Shenzhen,0,3,True,DCT,70,262144,21272,12.32343,0.64917,41.3896,0.971171,38.6861,42.9596,0.958011,0.976226,False,2.7138,2.8062,3.2826,3.3238,0.144279,0.086823
CHNCXR_0104_0,Shenzhen,0,3,True,DCT,90,262144,41236,6.357164,1.258423,44.6187,0.98506,41.868,46.2334,0.979152,0.987426,False,2.9375,2.9932,3.5178,3.554,0.22588,0.15095
CHNCXR_0105_0,Shenzhen,0,1,True,DCT,10,228352,3657,62.442439,0.128118,32.8341,0.847643,32.095,33.0837,0.788634,0.865217,False,1.7238,1.8555,2.2485,2.2646,0.058823,0.019003
CHNCXR_0105_0,Shenzhen,0,1,True,DCT,20,228352,6463,35.332199,0.226422,36.3563,0.91666,35.1901,36.779,0.879726,0.926867,False,2.1213,2.2101,2.8414,2.9144,0.069706,0.029025
CHNCXR_0105_0,Shenzhen,0,1,True,DCT,30,228352,8669,26.341216,0.303707,38.3475,0.941982,36.7974,38.9479,0.913815,0.949905,False,2.3059,2.3535,3.0552,3.086,0.079234,0.03647
CHNCXR_0105_0,Shenzhen,0,1,True,DCT,50,228352,12461,18.325335,0.436554,40.5146,0.962129,38.7252,41.2383,0.942426,0.967699,False,2.5131,2.5614,3.221,3.2556,0.121808,0.049832
CHNCXR_0105_0,Shenzhen,0,1,True,DCT,70,228352,17426,13.104097,0.610496,42.4508,0.973217,40.4967,43.2656,0.960659,0.976439,False,2.6395,2.7126,3.3262,3.3706,0.117955,0.067513
CHNCXR_0105_0,Shenzhen,0,1,True,DCT,90,228352,33429,6.830955,1.171139,45.9896,0.987178,43.5751,47.0902,0.980104,0.989382,False,2.8404,2.8772,3.53,3.5634,0.180448,0.121697
CHNCXR_0106_0,Shenzhen,0,2,True,DCT,10,257024,4043,63.572595,0.12584,33.0646,0.845296,32.3103,33.354,0.786409,0.86644,False,1.7524,1.8896,2.1602,2.1748,0.068853,0.022182
CHNCXR_0106_0,Shenzhen,0,2,True,DCT,20,257024,7309,35.165413,0.227496,36.3785,0.914189,35.2117,36.859,0.873979,0.928462,False,2.1347,2.2299,2.7571,2.8224,0.079663,0.033585
CHNCXR_0106_0,Shenzhen,0,2,True,DCT,30,257024,9945,25.844545,0.309543,38.2134,0.939694,36.8331,38.8039,0.909327,0.950395,False,2.306,2.3757,2.9863,3.015,0.102961,0.0424
CHNCXR_0106_0,Shenzhen,0,2,True,DCT,50,257024,14380,17.873713,0.447585,40.2893,0.959597,38.6831,41.0058,0.938498,0.967067,False,2.497,2.5585,3.1762,3.2144,0.110702,0.059162
CHNCXR_0106_0,Shenzhen,0,2,True,DCT,70,257024,20138,12.763134,0.626805,42.1539,0.972,40.4061,42.9546,0.957612,0.977148,False,2.615,2.6753,3.2941,3.3372,0.133301,0.076173
CHNCXR_0106_0,Shenzhen,0,2,True,DCT,90,257024,39202,6.5564,1.220182,45.6155,0.985955,43.5549,46.6191,0.978854,0.988538,False,2.7992,2.8596,3.4974,3.5295,0.224987,0.14446
CHNCXR_0107_0,Shenzhen,0,2,True,DCT,10,246272,3740,65.848128,0.121492,32.8179,0.845729,32.6866,32.8711,0.799492,0.86495,False,1.6738,1.7912,2.1728,2.1985,0.063038,0.020315
CHNCXR_0107_0,Shenzhen,0,2,True,DCT,20,246272,6606,37.280048,0.214592,36.2284,0.910544,35.6705,36.4711,0.882268,0.922193,False,2.0825,2.1767,2.8011,2.8553,0.073377,0.028554
CHNCXR_0107_0,Shenzhen,0,2,True,DCT,30,246272,9029,27.275667,0.293302,38.2,0.93727,37.3462,38.5913,0.915531,0.946379,False,2.2774,2.3502,3.0391,3.0722,0.0912,0.049299
CHNCXR_0107_0,Shenzhen,0,2,True,DCT,50,246272,12992,18.955665,0.422037,40.4505,0.958508,39.2034,41.0648,0.942425,0.965081,False,2.4824,2.5389,3.2099,3.2418,0.122879,0.053425
CHNCXR_0107_0,Shenzhen,0,2,True,DCT,70,246272,18434,13.359661,0.598818,42.3268,0.971384,40.8865,43.0632,0.960051,0.976187,False,2.6227,2.6967,3.3302,3.379,0.122976,0.071107
CHNCXR_0107_0,Shenzhen,0,2,True,DCT,90,246272,35987,6.84336,1.169016,45.8648,0.985558,43.9984,46.9045,0.97983,0.988094,False,2.8469,2.9127,3.501,3.5371,0.192105,0.128315
CHNCXR_0108_0,Shenzhen,0,2,True,DCT,10,257024,3705,69.3722,0.11532,33.2868,0.849351,32.2471,33.8202,0.788758,0.874971,False,1.734,1.847,2.0231,2.05,0.063144,0.01996
CHNCXR_0108_0,Shenzhen,0,2,True,DCT,20,257024,6755,38.049445,0.210253,36.6157,0.916793,35.2256,37.379,0.878138,0.932486,False,2.1209,2.2071,2.6976,2.7591,0.093693,0.03015
CHNCXR_0108_0,Shenzhen,0,2,True,DCT,30,257024,9262,27.750378,0.288284,38.4679,0.941953,36.8941,39.3648,0.912538,0.953833,False,2.315,2.3899,2.9585,2.9905,0.087631,0.039793
CHNCXR_0108_0,Shenzhen,0,2,True,DCT,50,257024,13323,19.291751,0.414685,40.5894,0.961554,38.7921,41.6628,0.941319,0.969686,False,2.4993,2.5434,3.1519,3.1856,0.103563,0.053061
CHNCXR_0108_0,Shenzhen,0,2,True,DCT,70,257024,18810,13.664221,0.585471,42.4569,0.973732,40.5832,43.5947,0.960347,0.979296,False,2.6292,2.6875,3.2773,3.3252,0.126954,0.072485
CHNCXR_0108_0,Shenzhen,0,2,True,DCT,90,257024,36815,6.981502,1.145885,46.0774,0.986977,43.8185,47.5739,0.980495,0.989737,False,2.8277,2.8834,3.4868,3.5212,0.19991,0.133058
CHNCXR_0109_0,Shenzhen,0,3,True,DCT,10,210944,3229,65.327965,0.122459,33.2464,0.858899,32.2714,33.5045,0.790799,0.875882,False,1.7495,1.8341,2.1818,2.2065,0.054892,0.017054
CHNCXR_0109_0,Shenzhen,0,3,True,DCT,20,210944,5529,38.152288,0.209686,36.5279,0.921448,35.1733,36.9086,0.877532,0.932207,False,2.1624,2.2224,2.7681,2.8174,0.064213,0.025088
CHNCXR_0109_0,Shenzhen,0,3,True,DCT,30,210944,7511,28.084676,0.284853,38.7236,0.946131,36.8371,39.3022,0.912782,0.954521,False,2.334,2.3984,3.0289,3.0678,0.071379,0.030807
CHNCXR_0109_0,Shenzhen,0,3,True,DCT,50,210944,10581,19.936112,0.401282,40.9736,0.964799,38.7987,41.6746,0.942028,0.970444,False,2.5559,2.628,3.2267,3.2524,0.083648,0.040461
CHNCXR_0109_0,Shenzhen,0,3,True,DCT,70,210944,14884,14.172534,0.564472,43.0481,0.975599,40.562,43.895,0.960466,0.979361,False,2.7193,2.7819,3.3641,3.4132,0.118832,0.055121
CHNCXR_0109_0,Shenzhen,0,3,True,DCT,90,210944,28539,7.391429,1.082335,46.7315,0.988321,43.813,47.809,0.980866,0.990251,False,2.9311,3.0069,3.5393,3.5747,0.162728,0.102289
CHNCXR_0110_0,Shenzhen,0,2,True,DCT,10,241664,3247,74.426856,0.107488,33.586,0.859083,32.1668,34.0489,0.777696,0.880835,False,1.7043,1.7966,1.9747,2.0198,0.056461,0.017203
CHNCXR_0110_0,Shenzhen,0,2,True,DCT,20,241664,5817,41.544439,0.192565,36.879,0.920253,35.0622,37.5133,0.871666,0.932652,False,2.1043,2.201,2.6543,2.69,0.070661,0.025315
CHNCXR_0110_0,Shenzhen,0,2,True,DCT,30,241664,7961,30.355985,0.263539,38.6886,0.942977,36.6361,39.4359,0.906359,0.952215,False,2.3145,2.3451,2.8961,2.9432,0.077398,0.03355
CHNCXR_0110_0,Shenzhen,0,2,True,DCT,50,241664,11537,20.946867,0.381919,40.702,0.96117,38.4222,41.5671,0.935269,0.967886,False,2.525,2.5845,3.1256,3.1562,0.092021,0.04794
CHNCXR_0110_0,Shenzhen,0,2,True,DCT,70,241664,16407,14.729323,0.543134,42.5882,0.972979,40.1331,43.5509,0.955655,0.977562,False,2.6559,2.7111,3.276,3.3253,0.112021,0.063295
CHNCXR_0110_0,Shenzhen,0,2,True,DCT,90,241664,32950,7.334264,1.090771,46.0417,0.986231,43.1686,47.2642,0.977455,0.988615,False,2.889,2.9243,3.4969,3.536,0.2031,0.118304
CHNCXR_0111_0,Shenzhen,0,1,True,DCT,10,249856,3759,66.468742,0.120357,33.0476,0.846227,32.3683,33.3317,0.786219,0.868897,False,1.6762,1.7984,2.2046,2.2261,0.062596,0.020451
CHNCXR_0111_0,Shenzhen,0,1,True,DCT,20,249856,6774,36.884559,0.216893,36.2761,0.911249,35.3802,36.6651,0.877883,0.92325,False,2.0741,2.1888,2.8414,2.9085,0.073237,0.03102
CHNCXR_0111_0,Shenzhen,0,1,True,DCT,30,249856,9111,27.423554,0.29172,38.1323,0.936684,36.9778,38.6574,0.911758,0.945927,False,2.2756,2.3484,3.0608,3.0881,0.082206,0.037235
CHNCXR_0111_0,Shenzhen,0,1,True,DCT,50,249856,13223,18.895561,0.42338,40.2991,0.958013,38.8312,41.0068,0.940264,0.964707,False,2.4904,2.5758,3.2506,3.2821,0.103192,0.054431
CHNCXR_0111_0,Shenzhen,0,1,True,DCT,70,249856,18588,13.44179,0.595159,42.2958,0.971274,40.546,43.1872,0.958752,0.976015,False,2.6194,2.6962,3.3604,3.4092,0.126507,0.08753
CHNCXR_0111_0,Shenzhen,0,1,True,DCT,90,249856,36177,6.906488,1.158331,45.898,0.985897,43.6597,47.1599,0.979332,0.98857,False,2.8499,2.9109,3.5262,3.5635,0.208519,0.131371
CHNCXR_0112_0,Shenzhen,0,3,True,DCT,10,254464,3828,66.474399,0.120347,32.7825,0.837724,32.1076,33.0846,0.776688,0.865272,False,1.7805,1.8589,2.1573,2.1886,0.067142,0.020806
CHNCXR_0112_0,Shenzhen,0,3,True,DCT,20,254464,7012,36.289789,0.220448,36.1854,0.908201,35.0956,36.7108,0.871587,0.924822,False,2.193,2.2475,2.829,2.8934,0.088449,0.030329
CHNCXR_0112_0,Shenzhen,0,3,True,DCT,30,254464,9545,26.659403,0.300082,38.1121,0.935082,36.7825,38.7828,0.908829,0.947001,False,2.3827,2.4129,3.0476,3.0768,0.087847,0.040066
CHNCXR_0112_0,Shenzhen,0,3,True,DCT,50,254464,13758,18.495712,0.432533,40.3032,0.957572,38.6569,41.1871,0.938474,0.966178,False,2.5778,2.6198,3.2304,3.2634,0.109141,0.055897
CHNCXR_0112_0,Shenzhen,0,3,True,DCT,70,254464,19430,13.096449,0.610853,42.315,0.971203,40.3956,43.4054,0.957713,0.977241,False,2.7224,2.7726,3.3666,3.4097,0.136812,0.079038
CHNCXR_0112_0,Shenzhen,0,3,True,DCT,90,254464,37624,6.763343,1.182847,45.8564,0.985787,43.6398,47.1997,0.979435,0.988685,False,2.95,2.995,3.5329,3.5682,0.22097,0.136203
CHNCXR_0113_0,Shenzhen,0,0,True,DCT,10,248320,4308,57.641597,0.138789,32.563,0.841516,30.7367,33.5998,0.785686,0.865433,False,1.862,2.0318,2.1982,2.2065,0.072471,0.021136
CHNCXR_0113_0,Shenzhen,0,0,True,DCT,20,248320,7803,31.823658,0.251385,35.8091,0.912433,33.6939,37.087,0.878115,0.927621,False,2.2296,2.3258,2.765,2.8089,0.092782,0.033589
CHNCXR_0113_0,Shenzhen,0,0,True,DCT,30,248320,10554,23.52852,0.340013,37.4931,0.937102,35.2753,38.8642,0.911477,0.948375,False,2.3977,2.5215,2.9641,2.9895,0.109451,0.043718
CHNCXR_0113_0,Shenzhen,0,0,True,DCT,50,248320,15227,16.307874,0.490561,39.3895,0.956945,37.0966,40.8316,0.939528,0.96454,False,2.5769,2.7082,3.1792,3.2294,0.111563,0.060345
CHNCXR_0113_0,Shenzhen,0,0,True,DCT,70,248320,21199,11.71376,0.682957,41.156,0.969797,38.8024,42.6571,0.95831,0.974962,False,2.7226,2.8197,3.2977,3.3384,0.131723,0.078283
CHNCXR_0113_0,Shenzhen,0,0,True,DCT,90,248320,41088,6.043614,1.323711,44.371,0.984241,41.9987,45.8906,0.979301,0.986497,False,2.9246,2.9941,3.5235,3.5587,0.221001,0.154581
CHNCXR_0114_0,Shenzhen,0,4,True,DCT,10,256512,3900,65.772308,0.121632,33.3425,0.855257,31.9356,33.8098,0.783679,0.87422,False,1.8027,1.9077,2.0715,2.087,0.085854,0.021465
CHNCXR_0114_0,Shenzhen,0,4,True,DCT,20,256512,6965,36.828715,0.217222,36.7079,0.920094,34.9861,37.3113,0.878341,0.931033,False,2.1917,2.2592,2.7232,2.7948,0.077365,0.032281
CHNCXR_0114_0,Shenzhen,0,4,True,DCT,30,256512,9440,27.172881,0.294411,38.5384,0.944256,36.652,39.2189,0.913589,0.952165,False,2.364,2.4343,2.961,2.9932,0.086746,0.038956
CHNCXR_0114_0,Shenzhen,0,4,True,DCT,50,256512,13494,19.009337,0.420846,40.6364,0.963137,38.5906,41.3959,0.942298,0.968648,False,2.5557,2.6238,3.1678,3.2004,0.103223,0.055564
CHNCXR_0114_0,Shenzhen,0,4,True,DCT,70,256512,18922,13.556284,0.590132,42.5203,0.974598,40.2955,43.3738,0.960449,0.978491,False,2.6717,2.7264,3.3102,3.3598,0.130756,0.074186
CHNCXR_0114_0,Shenzhen,0,4,True,DCT,90,256512,36755,6.978969,1.146301,46.1356,0.987476,43.5878,47.1746,0.980732,0.989414,False,2.8393,2.8973,3.5247,3.5621,0.208164,0.140065
CHNCXR_0115_0,Shenzhen,0,4,True,DCT,10,245760,3951,62.201974,0.128613,32.5903,0.836975,32.2651,32.664,0.79361,0.847354,False,1.7434,1.8997,2.2341,2.2446,0.063245,0.019932
CHNCXR_0115_0,Shenzhen,0,4,True,DCT,20,245760,6886,35.689805,0.224154,35.5778,0.901706,35.4015,35.6169,0.884391,0.905525,False,2.1327,2.2357,2.7672,2.8378,0.10137,0.039749
CHNCXR_0115_0,Shenzhen,0,4,True,DCT,30,245760,9252,26.562905,0.301172,37.3115,0.926952,37.0771,37.364,0.916388,0.92934,False,2.3147,2.3885,2.9856,3.0148,0.08468,0.038103
CHNCXR_0115_0,Shenzhen,0,4,True,DCT,50,245760,13421,18.311601,0.436882,39.3283,0.947977,38.9572,39.413,0.942814,0.949103,False,2.5161,2.6,3.1838,3.2201,0.109288,0.055598
CHNCXR_0115_0,Shenzhen,0,4,True,DCT,70,245760,19097,12.869037,0.621647,41.122,0.957412,40.5657,41.2524,0.959219,0.955563,False,2.6435,2.7201,3.3171,3.3558,0.125249,0.075822
CHNCXR_0115_0,Shenzhen,0,4,True,DCT,90,245760,38601,6.366674,1.256543,44.2676,0.978016,43.3784,44.4866,0.97789,0.978336,False,2.8608,2.9117,3.4811,3.5153,0.212341,0.143072
CHNCXR_0116_0,Shenzhen,0,0,True,DCT,10,256000,3661,69.92625,0.114406,33.5588,0.852152,32.2323,34.1423,0.78531,0.877414,False,1.7077,1.8219,2.0377,2.0696,0.084865,0.020931
CHNCXR_0116_0,Shenzhen,0,0,True,DCT,20,256000,6613,38.711629,0.206656,36.9681,0.918122,35.241,37.787,0.875183,0.934427,False,2.107,2.1959,2.6953,2.7483,0.077506,0.031571
CHNCXR_0116_0,Shenzhen,0,0,True,DCT,30,256000,9094,28.150429,0.284187,38.7305,0.942182,36.871,39.6353,0.910707,0.954084,False,2.3066,2.3713,2.9468,2.9857,0.087441,0.040757
CHNCXR_0116_0,Shenzhen,0,0,True,DCT,50,256000,13087,19.561397,0.408969,40.7548,0.961391,38.7056,41.7906,0.939604,0.969643,False,2.5164,2.5873,3.1306,3.1641,0.104245,0.053965
CHNCXR_0116_0,Shenzhen,0,0,True,DCT,70,256000,18522,13.821402,0.578812,42.626,0.973233,40.4154,43.781,0.958194,0.978892,False,2.6389,2.7044,3.267,3.3163,0.128018,0.074983
CHNCXR_0116_0,Shenzhen,0,0,True,DCT,90,256000,36465,7.020431,1.139531,45.9562,0.986213,43.5137,47.2972,0.978933,0.989015,False,2.8619,2.9157,3.4885,3.5253,0.19776,0.135146
CHNCXR_0117_0,Shenzhen,0,2,True,DCT,10,223232,3390,65.850147,0.121488,33.0412,0.856339,32.1875,33.3001,0.777839,0.877135,False,1.7592,1.8199,2.1929,2.2165,0.058341,0.016873
CHNCXR_0117_0,Shenzhen,0,2,True,DCT,20,223232,6021,37.075569,0.215776,36.4054,0.917939,34.9758,36.8814,0.868746,0.930837,False,2.1665,2.2293,2.8316,2.8916,0.067668,0.026865
CHNCXR_0117_0,Shenzhen,0,2,True,DCT,30,223232,8147,27.400516,0.291965,38.2465,0.941365,36.5315,38.8461,0.904379,0.950987,False,2.3789,2.4145,3.0535,3.0832,0.077843,0.03341
CHNCXR_0117_0,Shenzhen,0,2,True,DCT,50,223232,11729,19.032484,0.420334,40.4185,0.961482,38.4535,41.1364,0.936129,0.968016,False,2.5698,2.6443,3.215,3.2472,0.089667,0.044831
CHNCXR_0117_0,Shenzhen,0,2,True,DCT,70,223232,16367,13.639152,0.586547,42.4786,0.973842,40.1539,43.3858,0.956045,0.978303,False,2.7195,2.7582,3.3176,3.3687,0.132013,0.062662
CHNCXR_0117_0,Shenzhen,0,2,True,DCT,90,223232,31697,7.042685,1.13593,46.1039,0.987057,43.2435,47.343,0.977759,0.989647,False,2.9478,3.0185,3.5262,3.5615,0.173588,0.116955
CHNCXR_0118_0,Shenzhen,0,1,True,DCT,10,261632,3947,66.286293,0.120689,33.4306,0.865591,30.5603,34.1901,0.798313,0.876828,False,1.7709,1.8853,2.0368,2.0549,0.066462,0.020981
CHNCXR_0118_0,Shenzhen,0,1,True,DCT,20,261632,7055,37.084621,0.215723,36.633,0.924268,33.5434,37.4823,0.88639,0.930696,False,2.1742,2.2617,2.6467,2.7228,0.100651,0.032625
CHNCXR_0118_0,Shenzhen,0,1,True,DCT,30,261632,9547,27.40463,0.291921,38.3694,0.945807,35.1649,39.2684,0.918365,0.950639,False,2.3602,2.4585,2.8939,2.9237,0.09192,0.041645
CHNCXR_0118_0,Shenzhen,0,1,True,DCT,50,261632,13649,19.168584,0.41735,40.4325,0.963899,37.1144,41.3826,0.946298,0.967073,False,2.5637,2.6731,3.1028,3.1408,0.10764,0.054379
CHNCXR_0118_0,Shenzhen,0,1,True,DCT,70,261632,19172,13.646568,0.586228,42.2496,0.974568,38.8282,43.2478,0.962909,0.976727,False,2.7137,2.7932,3.2651,3.3075,0.130611,0.075565
CHNCXR_0118_0,Shenzhen,0,1,True,DCT,90,261632,37402,6.995134,1.143652,45.5536,0.986673,42.2126,46.5142,0.982274,0.987593,False,2.9432,2.9988,3.5081,3.5467,0.204908,0.133985
CHNCXR_0119_0,Shenzhen,0,1,True,DCT,10,245248,4134,59.324625,0.134851,32.8796,0.852485,30.5308,33.7676,0.79174,0.869352,False,1.839,2.0057,2.1512,2.1683,0.060839,0.0201
CHNCXR_0119_0,Shenzhen,0,1,True,DCT,20,245248,7386,33.204441,0.240932,36.0965,0.918007,33.5473,37.0973,0.883012,0.927624,False,2.2143,2.3156,2.6933,2.7522,0.077964,0.033654
CHNCXR_0119_0,Shenzhen,0,1,True,DCT,30,245248,10060,24.378529,0.328158,37.8835,0.942269,35.1885,38.9717,0.916513,0.949544,False,2.3881,2.4961,2.9332,2.9598,0.087691,0.042284
CHNCXR_0119_0,Shenzhen,0,1,True,DCT,50,245248,14360,17.078552,0.468424,39.8543,0.961639,37.0263,41.0265,0.943702,0.966691,False,2.5642,2.6828,3.1427,3.1914,0.127701,0.057425
CHNCXR_0119_0,Shenzhen,0,1,True,DCT,70,245248,19965,12.283897,0.651259,41.7063,0.973445,38.7148,42.9877,0.961039,0.977004,False,2.7,2.7878,3.2771,3.3176,0.123625,0.077574
CHNCXR_0119_0,Shenzhen,0,1,True,DCT,90,245248,38305,6.402506,1.249511,44.9509,0.986133,41.9602,46.2317,0.980896,0.98767,False,2.8968,2.9674,3.5135,3.5495,0.207729,0.141846
CHNCXR_0120_0,Shenzhen,0,3,True,DCT,10,257536,3940,65.364467,0.122391,33.2324,0.851313,32.0159,33.6836,0.791181,0.870406,False,1.7573,1.8616,2.1167,2.1354,0.067298,0.021078
CHNCXR_0120_0,Shenzhen,0,3,True,DCT,20,257536,7077,36.390561,0.219837,36.7269,0.920157,35.1685,37.3406,0.882896,0.93186,False,2.1551,2.2374,2.7479,2.8199,0.074137,0.031927
CHNCXR_0120_0,Shenzhen,0,3,True,DCT,30,257536,9504,27.097643,0.295229,38.6093,0.944749,36.854,39.3255,0.916817,0.953475,False,2.3215,2.3881,2.9575,2.9853,0.087948,0.041328
CHNCXR_0120_0,Shenzhen,0,3,True,DCT,50,257536,13602,18.933686,0.422527,40.8457,0.964044,38.8089,41.7215,0.944789,0.970213,False,2.5361,2.6106,3.1583,3.1931,0.105445,0.055288
CHNCXR_0120_0,Shenzhen,0,3,True,DCT,70,257536,19091,13.489917,0.593036,42.7629,0.975197,40.6145,43.7069,0.962572,0.979274,False,2.6733,2.7366,3.2992,3.3461,0.128255,0.072934
CHNCXR_0120_0,Shenzhen,0,3,True,DCT,90,257536,36654,7.026136,1.138606,46.3472,0.987943,43.9013,47.487,0.981761,0.989983,False,2.8711,2.9226,3.5057,3.541,0.202966,0.134045
CHNCXR_0121_0,Shenzhen,0,2,True,DCT,10,241152,4151,58.094917,0.137706,32.9373,0.860325,30.9617,33.9491,0.786904,0.887405,False,1.9232,2.058,2.1817,2.1926,0.062805,0.020492
CHNCXR_0121_0,Shenzhen,0,2,True,DCT,20,241152,7300,33.034521,0.242171,36.0118,0.920333,33.7812,37.2164,0.875682,0.936915,False,2.2965,2.3835,2.7584,2.812,0.090355,0.031183
CHNCXR_0121_0,Shenzhen,0,2,True,DCT,30,241152,9956,24.221776,0.330281,37.7199,0.942689,35.2763,39.1018,0.908393,0.955501,False,2.4832,2.6086,3.0188,3.0375,0.087173,0.044147
CHNCXR_0121_0,Shenzhen,0,2,True,DCT,50,241152,14169,17.019691,0.470044,39.7279,0.961689,37.0921,41.2844,0.937581,0.970498,False,2.6688,2.763,3.1894,3.2306,0.105364,0.056866
CHNCXR_0121_0,Shenzhen,0,2,True,DCT,70,241152,19613,12.295518,0.650644,41.5042,0.972915,38.7168,43.2094,0.956288,0.979195,False,2.7923,2.8882,3.323,3.362,0.125941,0.075717
CHNCXR_0121_0,Shenzhen,0,2,True,DCT,90,241152,37688,6.398641,1.250265,44.7684,0.985762,41.8921,46.5656,0.977902,0.98886,False,3.019,3.0765,3.5456,3.5827,0.201068,0.139628
CHNCXR_0122_0,Shenzhen,0,1,True,DCT,10,233984,4020,58.204975,0.137445,32.8545,0.856519,30.7086,33.7937,0.790496,0.878131,False,1.8743,2.0191,2.1763,2.1872,0.063049,0.020718
CHNCXR_0122_0,Shenzhen,0,1,True,DCT,20,233984,7200,32.497778,0.246171,36.0581,0.919455,33.6394,37.1753,0.880927,0.932364,False,2.2548,2.3578,2.7445,2.7913,0.075372,0.030788
CHNCXR_0122_0,Shenzhen,0,1,True,DCT,30,233984,9734,24.037806,0.332809,37.7759,0.942952,35.2432,38.9732,0.914044,0.952622,False,2.4373,2.5512,2.9573,2.9749,0.084429,0.039501
CHNCXR_0122_0,Shenzhen,0,1,True,DCT,50,233984,13874,16.864927,0.474357,39.7213,0.961671,37.1465,40.9491,0.942463,0.968008,False,2.6096,2.7209,3.1524,3.1979,0.098637,0.053815
CHNCXR_0122_0,Shenzhen,0,1,True,DCT,70,233984,19283,12.134211,0.659293,41.4605,0.972984,38.7689,42.7755,0.959598,0.977533,False,2.7519,2.8699,3.2964,3.3374,0.146834,0.075287
CHNCXR_0122_0,Shenzhen,0,1,True,DCT,90,233984,37047,6.315869,1.266651,44.726,0.985889,41.9682,46.0924,0.979993,0.987922,False,2.9622,3.0482,3.5375,3.5736,0.225462,0.133222
CHNCXR_0123_0,Shenzhen,0,1,True,DCT,10,257536,3673,70.115981,0.114097,33.5904,0.862277,32.109,33.9119,0.798813,0.873113,False,1.7142,1.808,2.0466,2.0759,0.063161,0.019443
CHNCXR_0123_0,Shenzhen,0,1,True,DCT,20,257536,6496,39.64532,0.201789,37.0869,0.92519,35.1338,37.543,0.88368,0.932008,False,2.118,2.2031,2.6839,2.7339,0.076608,0.029787
CHNCXR_0123_0,Shenzhen,0,1,True,DCT,30,257536,8788,29.305416,0.272987,38.9969,0.947907,36.7505,39.5467,0.916368,0.953116,False,2.3091,2.3703,2.9193,2.9588,0.085633,0.038052
CHNCXR_0123_0,Shenzhen,0,1,True,DCT,50,257536,12590,20.4556,0.391091,41.1609,0.966026,38.7065,41.7824,0.944687,0.969551,False,2.5211,2.5955,3.1244,3.1537,0.106947,0.083802
CHNCXR_0123_0,Shenzhen,0,1,True,DCT,70,257536,17810,14.460191,0.553243,43.1371,0.976973,40.4342,43.8508,0.961883,0.979427,False,2.6563,2.6994,3.2655,3.3177,0.143319,0.071795
CHNCXR_0123_0,Shenzhen,0,1,True,DCT,90,257536,34601,7.443022,1.074832,46.7155,0.988636,43.5778,47.6091,0.980998,0.990022,False,2.8663,2.9241,3.4821,3.5193,0.197887,0.128458
CHNCXR_0124_0,Shenzhen,0,0,True,DCT,10,214528,3279,65.424825,0.122278,33.1969,0.854499,32.5705,33.4313,0.792533,0.877591,False,1.7641,1.8208,2.2168,2.2476,0.054871,0.016442
CHNCXR_0124_0,Shenzhen,0,0,True,DCT,20,214528,5688,37.715893,0.212112,36.6731,0.916584,35.4606,37.1747,0.879015,0.93085,False,2.1673,2.2406,2.8488,2.8993,0.075341,0.024233
CHNCXR_0124_0,Shenzhen,0,0,True,DCT,30,214528,7648,28.050209,0.285203,38.6846,0.941851,37.1085,39.3811,0.913335,0.952908,False,2.3605,2.3818,3.0808,3.1178,0.073693,0.032619
CHNCXR_0124_0,Shenzhen,0,0,True,DCT,50,214528,10981,19.53629,0.409494,40.9441,0.96236,39.0087,41.86,0.941777,0.970293,False,2.5874,2.6341,3.2659,3.2923,0.089907,0.043575
CHNCXR_0124_0,Shenzhen,0,0,True,DCT,70,214528,15390,13.939441,0.573911,43.0504,0.975015,40.8074,44.1797,0.960615,0.980029,False,2.7441,2.7845,3.3666,3.4194,0.124993,0.059461
CHNCXR_0124_0,Shenzhen,0,0,True,DCT,90,214528,29368,7.304822,1.095167,46.6637,0.988054,44.0277,48.1067,0.980612,0.990919,False,2.988,3.0454,3.5314,3.5669,0.174469,0.109487
CHNCXR_0125_0,Shenzhen,0,1,True,DCT,10,262144,4256,61.593985,0.129883,33.0792,0.853568,31.0804,33.9232,0.79142,0.873467,False,1.8332,2.0063,2.0894,2.105,0.09992,0.022275
CHNCXR_0125_0,Shenzhen,0,1,True,DCT,20,262144,7588,34.54718,0.231567,36.2914,0.91766,33.9988,37.3159,0.879026,0.930144,False,2.2109,2.3118,2.7055,2.7666,0.081623,0.035509
CHNCXR_0125_0,Shenzhen,0,1,True,DCT,30,262144,10249,25.57752,0.312775,38.0236,0.941675,35.6078,39.1299,0.912857,0.950891,False,2.3733,2.5088,2.9339,2.9592,0.095756,0.045237
CHNCXR_0125_0,Shenzhen,0,1,True,DCT,50,262144,14691,17.84385,0.448334,39.9619,0.960803,37.3833,41.1825,0.940026,0.967316,False,2.5651,2.6707,3.1473,3.1903,0.112193,0.059486
CHNCXR_0125_0,Shenzhen,0,1,True,DCT,70,262144,20664,12.686024,0.630615,41.7104,0.97235,39.0108,43.0207,0.95818,0.976996,False,2.7007,2.7815,3.2844,3.3232,0.145523,0.084363
CHNCXR_0125_0,Shenzhen,0,1,True,DCT,90,262144,40073,6.541661,1.222931,44.9665,0.985731,42.1524,46.3661,0.9789,0.988051,False,2.9072,2.9641,3.5131,3.5491,0.231133,0.153327
CHNCXR_0126_0,Shenzhen,0,0,True,DCT,10,256512,3603,71.194005,0.112369,33.2806,0.857655,32.4896,33.408,0.780649,0.869907,False,1.6597,1.7567,2.0635,2.0933,0.067281,0.020343
CHNCXR_0126_0,Shenzhen,0,0,True,DCT,20,256512,6317,40.606617,0.197012,36.8697,0.922176,35.4106,37.1281,0.870999,0.930334,False,2.0757,2.1828,2.6826,2.7248,0.078353,0.029643
CHNCXR_0126_0,Shenzhen,0,0,True,DCT,30,256512,8548,30.008423,0.266592,38.8093,0.944822,37.04,39.1373,0.908014,0.950659,False,2.2697,2.3127,2.9503,2.9879,0.08274,0.03773
CHNCXR_0126_0,Shenzhen,0,0,True,DCT,50,256512,12311,20.836,0.383951,40.998,0.96454,38.8928,41.4086,0.937856,0.968745,False,2.4876,2.5474,3.1595,3.1848,0.10288,0.054282
CHNCXR_0126_0,Shenzhen,0,0,True,DCT,70,256512,17372,14.76583,0.541791,43.0421,0.975972,40.6646,43.526,0.957841,0.978672,False,2.6414,2.7046,3.2942,3.3427,0.146701,0.071364
CHNCXR_0126_0,Shenzhen,0,0,True,DCT,90,256512,34009,7.542474,1.06066,46.8147,0.988398,43.8536,47.4768,0.97934,0.989866,False,2.8656,2.9249,3.5041,3.5425,0.207219,0.13116
CHNCXR_0127_0,Shenzhen,0,2,True,DCT,10,251904,3544,71.079007,0.112551,33.3133,0.849737,32.3585,33.7596,0.790615,0.874455,False,1.635,1.7616,2.0507,2.0819,0.065545,0.020499
CHNCXR_0127_0,Shenzhen,0,2,True,DCT,20,251904,6382,39.471012,0.20268,36.745,0.915345,35.4263,37.4047,0.881042,0.93028,False,2.0449,2.1638,2.6962,2.7438,0.07638,0.030637
CHNCXR_0127_0,Shenzhen,0,2,True,DCT,30,251904,8738,28.828565,0.277503,38.6039,0.939671,37.0964,39.3861,0.915408,0.950261,False,2.2207,2.2971,2.9523,2.9909,0.0873,0.0392
CHNCXR_0127_0,Shenzhen,0,2,True,DCT,50,251904,12602,19.989208,0.400216,40.9327,0.961215,39.1254,41.929,0.944642,0.968437,False,2.4556,2.536,3.1444,3.1775,0.105123,0.054118
CHNCXR_0127_0,Shenzhen,0,2,True,DCT,70,251904,17828,14.129684,0.566184,42.8004,0.973148,40.9177,43.8548,0.96246,0.977439,False,2.5874,2.6729,3.2843,3.3354,0.130506,0.075453
CHNCXR_0127_0,Shenzhen,0,2,True,DCT,90,251904,35078,7.181253,1.114012,46.295,0.98643,44.1799,47.5399,0.981722,0.988554,False,2.8231,2.8707,3.502,3.5392,0.198909,0.136338
CHNCXR_0128_0,Shenzhen,0,1,True,DCT,10,262144,4096,64.0,0.125,33.2129,0.857537,30.8953,34.2063,0.781101,0.880729,False,1.8134,1.9661,2.0433,2.063,0.069588,0.023447
CHNCXR_0128_0,Shenzhen,0,1,True,DCT,20,262144,7372,35.559414,0.224976,36.3985,0.919853,33.7998,37.5762,0.8765,0.93302,False,2.1993,2.293,2.6734,2.7412,0.087767,0.035667
CHNCXR_0128_0,Shenzhen,0,1,True,DCT,30,262144,9932,26.393878,0.303101,38.1032,0.942625,35.3553,39.3872,0.909704,0.952614,False,2.3592,2.4924,2.9033,2.9317,0.097057,0.045438
CHNCXR_0128_0,Shenzhen,0,1,True,DCT,50,262144,14309,18.320218,0.436676,40.0597,0.961574,37.1453,41.47,0.938401,0.968513,False,2.5574,2.6897,3.136,3.1765,0.119588,0.063523
CHNCXR_0128_0,Shenzhen,0,1,True,DCT,70,262144,19997,13.109166,0.61026,41.8179,0.972859,38.792,43.3179,0.956882,0.977842,False,2.7163,2.803,3.2793,3.3187,0.142414,0.079515
CHNCXR_0128_0,Shenzhen,0,1,True,DCT,90,262144,39068,6.709942,1.192261,45.0225,0.985839,41.955,46.5569,0.978425,0.988251,False,2.93,2.9844,3.5173,3.5563,0.216818,0.155416
CHNCXR_0129_0,Shenzhen,0,1,True,DCT,10,218112,3310,65.894864,0.121406,33.2772,0.852637,32.1702,33.5624,0.786579,0.866245,False,1.759,1.853,2.1126,2.1347,0.056559,0.016754
CHNCXR_0129_0,Shenzhen,0,1,True,DCT,20,218112,5891,37.024614,0.216072,36.7242,0.920139,35.1367,37.1654,0.879668,0.927738,False,2.1507,2.2161,2.7656,2.8257,0.069361,0.026884
CHNCXR_0129_0,Shenzhen,0,1,True,DCT,30,218112,8000,27.264,0.293427,38.583,0.943889,36.8568,39.0736,0.914741,0.949505,False,2.3563,2.3953,3.0012,3.0393,0.097131,0.032717
CHNCXR_0129_0,Shenzhen,0,1,True,DCT,50,218112,11497,18.97121,0.421692,40.8438,0.963133,38.8207,41.4481,0.943178,0.967308,False,2.5331,2.5671,3.1943,3.225,0.092612,0.047955
CHNCXR_0129_0,Shenzhen,0,1,True,DCT,70,218112,16090,13.555749,0.590156,42.8025,0.975181,40.6017,43.48,0.961288,0.978037,False,2.6638,2.6936,3.3177,3.3657,0.112505,0.063512
CHNCXR_0129_0,Shenzhen,0,1,True,DCT,90,218112,31006,7.034509,1.137251,46.4831,0.987953,43.8914,47.3379,0.981392,0.989465,False,2.8707,2.9022,3.5128,3.5488,0.175717,0.112065
CHNCXR_0130_0,Shenzhen,0,2,True,DCT,10,261632,4318,60.591014,0.132033,32.9025,0.85591,30.6239,33.8925,0.783825,0.877931,False,1.8571,2.0125,2.1352,2.1442,0.070754,0.022324
CHNCXR_0130_0,Shenzhen,0,2,True,DCT,20,261632,7683,34.053365,0.234925,36.1419,0.922186,33.473,37.3958,0.875796,0.936154,False,2.2301,2.3303,2.7264,2.7845,0.084584,0.034889
CHNCXR_0130_0,Shenzhen,0,2,True,DCT,30,261632,10384,25.195686,0.317515,37.825,0.944084,35.0546,39.1544,0.910914,0.954421,False,2.4191,2.5325,2.9806,3.0037,0.093047,0.044244
CHNCXR_0130_0,Shenzhen,0,2,True,DCT,50,261632,14753,17.734156,0.451107,39.8194,0.962469,36.8527,41.3042,0.938902,0.969614,False,2.5984,2.7095,3.1728,3.2118,0.115584,0.060683
CHNCXR_0130_0,Shenzhen,0,2,True,DCT,70,261632,20531,12.743266,0.627783,41.5812,0.973595,38.5026,43.1604,0.95756,0.978525,False,2.7466,2.8535,3.2972,3.3386,0.137798,0.081921
CHNCXR_0130_0,Shenzhen,0,2,True,DCT,90,261632,39448,6.632326,1.206213,44.9418,0.986339,41.8653,46.519,0.979396,0.988617,False,2.9755,3.0225,3.5418,3.5771,0.218097,0.143655
CHNCXR_0131_0,Shenzhen,0,1,True,DCT,10,227840,4024,56.620278,0.141292,32.7231,0.854685,30.6138,33.7879,0.790279,0.878103,False,1.9002,2.0617,2.197,2.2048,0.062012,0.021348
CHNCXR_0131_0,Shenzhen,0,1,True,DCT,20,227840,7167,31.790149,0.25165,35.9524,0.919654,33.5513,37.2408,0.880072,0.934259,False,2.2653,2.3725,2.786,2.8313,0.074121,0.031694
CHNCXR_0131_0,Shenzhen,0,1,True,DCT,30,227840,9640,23.634855,0.338483,37.6665,0.942499,35.1514,39.05,0.913447,0.953149,False,2.4595,2.5991,2.9876,3.014,0.107711,0.039486
CHNCXR_0131_0,Shenzhen,0,1,True,DCT,50,227840,13732,16.591902,0.482163,39.6154,0.961386,36.9185,41.1603,0.940617,0.96897,False,2.6427,2.7575,3.1899,3.2361,0.10258,0.056899
CHNCXR_0131_0,Shenzhen,0,1,True,DCT,70,227840,19017,11.980859,0.667732,41.3575,0.972632,38.5496,43.0076,0.958241,0.977952,False,2.7605,2.8917,3.3154,3.3562,0.124763,0.072206
CHNCXR_0131_0,Shenzhen,0,1,True,DCT,90,227840,36343,6.269158,1.276088,44.7013,0.985843,41.8877,46.3569,0.979524,0.988245,False,2.9822,3.0502,3.5309,3.5657,0.199443,0.132325
CHNCXR_0132_0,Shenzhen,0,0,True,DCT,10,257536,3937,65.414275,0.122297,33.0539,0.849695,32.0716,33.3192,0.785029,0.864723,False,1.7305,1.8517,2.1591,2.1773,0.066586,0.02127
CHNCXR_0132_0,Shenzhen,0,0,True,DCT,20,257536,6909,37.275438,0.214619,36.5461,0.917,34.9371,37.0265,0.874688,0.926812,False,2.1259,2.2125,2.7488,2.8102,0.099027,0.031165
CHNCXR_0132_0,Shenzhen,0,0,True,DCT,30,257536,9419,27.342181,0.292588,38.4947,0.942125,36.5697,39.1006,0.909888,0.949594,False,2.2972,2.3581,2.9975,3.0293,0.090463,0.041939
CHNCXR_0132_0,Shenzhen,0,0,True,DCT,50,257536,13431,19.174745,0.417215,40.7447,0.962717,38.4999,41.4917,0.940136,0.967936,False,2.493,2.5372,3.1985,3.2318,0.108784,0.05479
CHNCXR_0132_0,Shenzhen,0,0,True,DCT,70,257536,18809,13.692169,0.584276,42.6647,0.974734,40.2169,43.5093,0.959025,0.978409,False,2.6329,2.6813,3.333,3.3782,0.130999,0.077304
CHNCXR_0132_0,Shenzhen,0,0,True,DCT,90,257536,36431,7.069144,1.131679,46.3682,0.987775,43.4519,47.4667,0.97981,0.989746,False,2.8272,2.8921,3.5245,3.5614,0.20118,0.13538
CHNCXR_0133_0,Shenzhen,0,0,True,DCT,10,258048,3705,69.648583,0.114862,33.4584,0.852849,32.0083,33.9296,0.780575,0.871697,False,1.729,1.8457,2.0464,2.0742,0.066123,0.020739
CHNCXR_0133_0,Shenzhen,0,0,True,DCT,20,258048,6618,38.99184,0.205171,36.8741,0.919383,34.9642,37.5458,0.874809,0.930719,False,2.11,2.2056,2.6816,2.7364,0.077836,0.030306
CHNCXR_0133_0,Shenzhen,0,0,True,DCT,30,258048,9060,28.482119,0.280878,38.7239,0.943442,36.6244,39.4876,0.91013,0.951698,False,2.3103,2.3911,2.9261,2.9602,0.088934,0.040472
CHNCXR_0133_0,Shenzhen,0,0,True,DCT,50,258048,13007,19.839164,0.403243,40.8802,0.963095,38.5198,41.7811,0.939729,0.969091,False,2.5156,2.5885,3.1234,3.1552,0.104772,0.054403
CHNCXR_0133_0,Shenzhen,0,0,True,DCT,70,258048,18413,14.014446,0.57084,42.8144,0.974481,40.2908,43.8077,0.959201,0.978459,False,2.6372,2.7056,3.3016,3.3495,0.150076,0.073231
CHNCXR_0133_0,Shenzhen,0,0,True,DCT,90,258048,35795,7.209052,1.109716,46.3792,0.987638,43.5138,47.5849,0.979932,0.989752,False,2.8461,2.9147,3.5006,3.5368,0.20095,0.131862
CHNCXR_0134_0,Shenzhen,0,4,True,DCT,10,221184,3428,64.522754,0.123987,32.6694,0.83658,32.445,32.773,0.789474,0.858245,False,1.7213,1.8608,2.1763,2.1921,0.076131,0.017126
CHNCXR_0134_0,Shenzhen,0,4,True,DCT,20,221184,6194,35.709396,0.224031,36.1054,0.908221,35.388,36.4667,0.876886,0.92278,False,2.1129,2.2104,2.8061,2.8776,0.068814,0.029604
CHNCXR_0134_0,Shenzhen,0,4,True,DCT,30,221184,8419,26.272004,0.304507,37.9467,0.934135,36.949,38.4761,0.910088,0.945489,False,2.2986,2.3553,3.0464,3.0726,0.076077,0.03466
CHNCXR_0134_0,Shenzhen,0,4,True,DCT,50,221184,12280,18.011726,0.444155,40.1062,0.956496,38.7456,40.8815,0.938118,0.965189,False,2.4973,2.5509,3.245,3.281,0.093502,0.048089
CHNCXR_0134_0,Shenzhen,0,4,True,DCT,70,221184,17236,12.832676,0.623409,42.0305,0.970414,40.4023,43.0112,0.956844,0.976857,False,2.6205,2.6852,3.3431,3.3868,0.11322,0.067855
CHNCXR_0134_0,Shenzhen,0,4,True,DCT,90,221184,33398,6.622672,1.207972,45.6052,0.985325,43.4984,47.0164,0.978179,0.988786,False,2.8195,2.8715,3.5227,3.5551,0.183595,0.120729
CHNCXR_0135_0,Shenzhen,0,1,True,DCT,10,257536,3720,69.230108,0.115557,33.4966,0.857696,32.396,33.8484,0.787,0.87654,False,1.7301,1.8502,2.0451,2.0718,0.065634,0.020999
CHNCXR_0135_0,Shenzhen,0,1,True,DCT,20,257536,6613,38.943898,0.205424,36.8553,0.921352,35.3616,37.365,0.875031,0.933216,False,2.1191,2.2178,2.6905,2.7439,0.077583,0.030626
CHNCXR_0135_0,Shenzhen,0,1,True,DCT,30,257536,9051,28.453873,0.281157,38.7774,0.944686,37.0111,39.4091,0.910851,0.953284,False,2.3137,2.3988,2.9417,2.9782,0.102796,0.040811
CHNCXR_0135_0,Shenzhen,0,1,True,DCT,50,257536,12986,19.831819,0.403392,40.9187,0.96351,38.8758,41.6863,0.939907,0.969487,False,2.506,2.5732,3.147,3.1782,0.105532,0.054141
CHNCXR_0135_0,Shenzhen,0,1,True,DCT,70,257536,18315,14.06148,0.56893,42.8565,0.975029,40.6399,43.7164,0.958974,0.979168,False,2.636,2.6808,3.2914,3.3376,0.141093,0.075833
CHNCXR_0135_0,Shenzhen,0,1,True,DCT,90,257536,35731,7.207635,1.109934,46.4142,0.987636,43.9143,47.4375,0.980045,0.989694,False,2.8417,2.8884,3.4926,3.5288,0.198285,0.131081
CHNCXR_0136_0,Shenzhen,0,4,True,DCT,10,257024,4055,63.384464,0.126214,32.8382,0.849385,31.9213,33.014,0.781087,0.861776,False,1.7656,1.8619,2.2072,2.2195,0.067089,0.021674
CHNCXR_0136_0,Shenzhen,0,4,True,DCT,20,257024,7152,35.93736,0.22261,36.2787,0.917821,34.857,36.5723,0.875348,0.925308,False,2.1585,2.2369,2.7936,2.8695,0.108894,0.031537
CHNCXR_0136_0,Shenzhen,0,4,True,DCT,30,257024,9665,26.593275,0.300828,38.2333,0.943362,36.537,38.5985,0.912065,0.948958,False,2.3441,2.4112,3.014,3.0445,0.09914,0.040428
CHNCXR_0136_0,Shenzhen,0,4,True,DCT,50,257024,13764,18.673641,0.428411,40.5472,0.963676,38.489,41.0161,0.941395,0.967614,False,2.5369,2.6024,3.1742,3.2105,0.1099,0.055999
CHNCXR_0136_0,Shenzhen,0,4,True,DCT,70,257024,19201,13.385969,0.597641,42.5402,0.97548,40.1424,43.117,0.959269,0.978117,False,2.6904,2.7282,3.3059,3.3555,0.131819,0.076187
CHNCXR_0136_0,Shenzhen,0,4,True,DCT,90,257024,36723,6.998992,1.143022,46.2674,0.988205,43.3728,47.0241,0.980084,0.989704,False,2.8962,2.9534,3.5203,3.5539,0.200715,0.144505
CHNCXR_0137_0,Shenzhen,0,4,True,DCT,10,257024,3370,76.268249,0.104893,33.8619,0.85226,32.361,34.3521,0.787437,0.869522,False,1.623,1.7455,1.9167,1.957,0.064697,0.020144
CHNCXR_0137_0,Shenzhen,0,4,True,DCT,20,257024,6089,42.211201,0.189523,37.1375,0.917409,35.2016,37.8188,0.875723,0.928712,False,2.0331,2.1553,2.617,2.6566,0.083034,0.027785
CHNCXR_0137_0,Shenzhen,0,4,True,DCT,30,257024,8453,30.406246,0.263104,38.9641,0.942076,36.8463,39.7341,0.910627,0.95053,False,2.2665,2.3259,2.8926,2.9323,0.086366,0.036865
CHNCXR_0137_0,Shenzhen,0,4,True,DCT,50,257024,12271,20.945644,0.381941,41.1635,0.962286,38.725,42.1041,0.940025,0.968331,False,2.4727,2.5506,3.1216,3.1461,0.101096,0.051094
CHNCXR_0137_0,Shenzhen,0,4,True,DCT,70,257024,17454,14.725794,0.543264,43.0005,0.97212,40.4155,44.0256,0.958641,0.975885,False,2.6365,2.721,3.2605,3.3077,0.12326,0.070886
CHNCXR_0137_0,Shenzhen,0,4,True,DCT,90,257024,34691,7.408953,1.079775,46.4035,0.986927,43.5918,47.5692,0.979591,0.988997,False,2.9052,2.9717,3.4744,3.5127,0.212313,0.128237
CHNCXR_0138_0,Shenzhen,0,1,True,DCT,10,257024,3573,71.935069,0.111211,33.8241,0.86868,32.1773,34.3186,0.792435,0.886362,False,1.6943,1.7865,2.0058,2.0411,0.062719,0.023877
CHNCXR_0138_0,Shenzhen,0,1,True,DCT,20,257024,6251,41.117261,0.194565,37.3313,0.929491,35.2474,38.0052,0.883738,0.9399,False,2.1039,2.189,2.6334,2.676,0.075337,0.029613
CHNCXR_0138_0,Shenzhen,0,1,True,DCT,30,257024,8478,30.316584,0.263882,39.1919,0.950517,36.9182,39.9521,0.917152,0.958127,False,2.3126,2.3648,2.9053,2.9507,0.085343,0.036528
CHNCXR_0138_0,Shenzhen,0,1,True,DCT,50,257024,12053,21.324484,0.375156,41.3665,0.967753,38.8907,42.2248,0.945088,0.972877,False,2.5287,2.5925,3.1299,3.1599,0.097694,0.048378
CHNCXR_0138_0,Shenzhen,0,1,True,DCT,70,257024,16949,15.164552,0.527546,43.3031,0.977715,40.7257,44.2135,0.963361,0.981063,False,2.6788,2.7473,3.2927,3.3428,0.14136,0.065831
CHNCXR_0138_0,Shenzhen,0,1,True,DCT,90,257024,32956,7.799005,1.025772,46.9701,0.989059,43.9887,48.1069,0.982155,0.990754,False,2.9263,2.9839,3.4998,3.5364,0.185203,0.123077
CHNCXR_0139_0,Shenzhen,0,2,True,DCT,10,256000,3499,73.163761,0.109344,34.0723,0.866178,31.7493,34.7318,0.788204,0.882088,False,1.6888,1.8031,1.9314,1.965,0.06429,0.01974
CHNCXR_0139_0,Shenzhen,0,2,True,DCT,20,256000,6108,41.912246,0.190875,37.4745,0.926817,34.808,38.2779,0.881617,0.936436,False,2.0909,2.182,2.5812,2.6231,0.074524,0.028962
CHNCXR_0139_0,Shenzhen,0,2,True,DCT,30,256000,8393,30.501608,0.262281,39.3314,0.949484,36.5042,40.2079,0.916773,0.956425,False,2.2638,2.3547,2.8683,2.9175,0.105363,0.037582
CHNCXR_0139_0,Shenzhen,0,2,True,DCT,50,256000,11993,21.345785,0.374781,41.4701,0.967399,38.3982,42.4659,0.944281,0.972321,False,2.4886,2.5677,3.0981,3.1241,0.102948,0.049692
CHNCXR_0139_0,Shenzhen,0,2,True,DCT,70,256000,16962,15.09256,0.530062,43.3948,0.976385,40.212,44.448,0.962545,0.979233,False,2.6449,2.723,3.2685,3.3148,0.121092,0.068883
CHNCXR_0139_0,Shenzhen,0,2,True,DCT,90,256000,32786,7.808211,1.024563,47.0139,0.989239,43.5231,48.2391,0.981985,0.990827,False,2.8585,2.9256,3.4895,3.5265,0.185689,0.124803
CHNCXR_0140_0,Shenzhen,0,1,True,DCT,10,243200,4115,59.100851,0.135362,32.1825,0.830182,31.8364,32.3607,0.790809,0.852943,False,1.6928,1.8458,2.3255,2.3376,0.065298,0.021002
CHNCXR_0140_0,Shenzhen,0,1,True,DCT,20,243200,7413,32.807231,0.243849,35.6,0.902842,34.8633,36.0076,0.880073,0.916241,False,2.0956,2.1964,2.9143,2.9685,0.077953,0.031675
CHNCXR_0140_0,Shenzhen,0,1,True,DCT,30,243200,10069,24.153342,0.331217,37.4794,0.932085,36.5724,37.998,0.915106,0.941967,False,2.2827,2.362,3.0973,3.1213,0.089476,0.040721
CHNCXR_0140_0,Shenzhen,0,1,True,DCT,50,243200,14398,16.891235,0.473618,39.7614,0.955619,38.5146,40.5246,0.943334,0.962725,False,2.4715,2.5349,3.2562,3.2991,0.10705,0.058614
CHNCXR_0140_0,Shenzhen,0,1,True,DCT,70,243200,20255,12.006912,0.666283,41.8095,0.970154,40.2998,42.7867,0.961566,0.974853,False,2.6119,2.6768,3.3728,3.417,0.148108,0.079969
CHNCXR_0140_0,Shenzhen,0,1,True,DCT,90,243200,38497,6.317375,1.266349,45.4256,0.985368,43.5559,46.7379,0.981306,0.987781,False,2.8212,2.8755,3.5277,3.5588,0.213571,0.142392
CHNCXR_0141_0,Shenzhen,0,4,True,DCT,10,256000,3594,71.229827,0.112312,33.7153,0.858793,32.492,34.118,0.790641,0.878903,False,1.7141,1.8296,2.0015,2.036,0.062106,0.019696
CHNCXR_0141_0,Shenzhen,0,4,True,DCT,20,256000,6390,40.062598,0.199687,37.0595,0.92263,35.4506,37.6248,0.878516,0.935637,False,2.1138,2.2059,2.6568,2.7028,0.075392,0.029021
CHNCXR_0141_0,Shenzhen,0,4,True,DCT,30,256000,8777,29.167141,0.274281,38.8343,0.944763,37.0382,39.4863,0.912091,0.954392,False,2.3059,2.381,2.9341,2.972,0.084867,0.036923
CHNCXR_0141_0,Shenzhen,0,4,True,DCT,50,256000,12655,20.229158,0.395469,40.9422,0.963659,38.9538,41.6893,0.940955,0.970353,False,2.5086,2.5749,3.1528,3.1822,0.104443,0.053049
CHNCXR_0141_0,Shenzhen,0,4,True,DCT,70,256000,17910,14.293691,0.559688,42.8425,0.974996,40.7208,43.6593,0.959822,0.979351,False,2.6518,2.7168,3.2791,3.3268,0.128513,0.069435
CHNCXR_0141_0,Shenzhen,0,4,True,DCT,90,256000,35054,7.303018,1.095438,46.4302,0.987641,43.9003,47.4825,0.980227,0.989848,False,2.8659,2.9164,3.4813,3.5189,0.19409,0.132425
CHNCXR_0142_0,Shenzhen,0,4,True,DCT,10,260096,3794,68.55456,0.116695,32.8313,0.842045,32.4773,32.9696,0.792127,0.863235,False,1.5915,1.7434,2.1702,2.2077,0.064324,0.021533
CHNCXR_0142_0,Shenzhen,0,4,True,DCT,20,260096,6782,38.350929,0.2086,36.4073,0.908968,35.4293,36.8319,0.879035,0.921796,False,2.0124,2.1504,2.7911,2.8447,0.077335,0.031449
CHNCXR_0142_0,Shenzhen,0,4,True,DCT,30,260096,9250,28.118486,0.28451,38.3429,0.936617,37.0926,38.9132,0.913569,0.946494,False,2.2199,2.3015,3.0125,3.043,0.087392,0.039907
CHNCXR_0142_0,Shenzhen,0,4,True,DCT,50,260096,13266,19.606211,0.408034,40.7932,0.959674,38.9922,41.7058,0.941621,0.967151,False,2.425,2.5015,3.1906,3.2196,0.127948,0.055363
CHNCXR_0142_0,Shenzhen,0,4,True,DCT,70,260096,18798,13.836366,0.578187,42.7103,0.971824,40.6896,43.781,0.959589,0.976474,False,2.5623,2.6589,3.3208,3.3705,0.129457,0.072528
CHNCXR_0142_0,Shenzhen,0,4,True,DCT,90,260096,36628,7.101016,1.126599,46.1925,0.986115,43.8342,47.5354,0.97976,0.988796,False,2.8105,2.8582,3.5067,3.5443,0.202103,0.133985
CHNCXR_0143_0,Shenzhen,0,4,True,DCT,10,256512,4207,60.972665,0.131206,33.1024,0.853178,30.6457,33.8853,0.788309,0.868771,False,1.8197,1.998,2.0572,2.077,0.066915,0.021653
CHNCXR_0143_0,Shenzhen,0,4,True,DCT,20,256512,7450,34.431141,0.232348,36.2959,0.916353,33.5335,37.2261,0.878639,0.925516,False,2.1872,2.2537,2.6573,2.7244,0.081854,0.035321
CHNCXR_0143_0,Shenzhen,0,4,True,DCT,30,256512,10148,25.277099,0.316492,37.995,0.939113,35.1219,38.9824,0.911884,0.945893,False,2.3711,2.4824,2.9208,2.9482,0.091607,0.044589
CHNCXR_0143_0,Shenzhen,0,4,True,DCT,50,256512,14500,17.690483,0.452221,39.8276,0.957754,36.8912,40.8488,0.939586,0.962238,False,2.5577,2.6719,3.1424,3.1862,0.13471,0.061088
CHNCXR_0143_0,Shenzhen,0,4,True,DCT,70,256512,20430,12.555653,0.637163,41.5543,0.969492,38.536,42.6205,0.957972,0.972523,False,2.6981,2.7445,3.3021,3.341,0.138666,0.084374
CHNCXR_0143_0,Shenzhen,0,4,True,DCT,90,256512,40293,6.366168,1.256643,44.536,0.983283,41.6949,45.5067,0.979001,0.984508,False,2.9195,2.9635,3.5266,3.5641,0.225158,0.153221
CHNCXR_0144_0,Shenzhen,0,2,True,DCT,10,215040,3587,59.949819,0.133445,32.7132,0.838742,32.4287,32.83,0.785915,0.863027,False,1.8266,1.9298,2.2791,2.2908,0.054245,0.017425
CHNCXR_0144_0,Shenzhen,0,2,True,DCT,20,215040,6348,33.875236,0.236161,36.0511,0.908972,35.4227,36.3245,0.877181,0.923465,False,2.2136,2.2647,2.9131,2.9774,0.066898,0.028189
CHNCXR_0144_0,Shenzhen,0,2,True,DCT,30,215040,8503,25.289898,0.316332,38.0398,0.936082,37.069,38.4886,0.91161,0.947225,False,2.3834,2.416,3.1113,3.1416,0.079664,0.037836
CHNCXR_0144_0,Shenzhen,0,2,True,DCT,50,215040,12168,17.672584,0.452679,40.2143,0.957827,38.94,40.8374,0.940168,0.965776,False,2.5805,2.6247,3.2826,3.3135,0.093964,0.051832
CHNCXR_0144_0,Shenzhen,0,2,True,DCT,70,215040,16980,12.664311,0.631696,42.2336,0.971563,40.7141,43.0126,0.959363,0.976785,False,2.7088,2.7426,3.4028,3.4484,0.116288,0.067932
CHNCXR_0144_0,Shenzhen,0,2,True,DCT,90,215040,32429,6.631102,1.206436,45.8665,0.985919,43.913,46.9603,0.979842,0.988738,False,2.9097,2.9688,3.566,3.6039,0.182613,0.123185
CHNCXR_0145_0,Shenzhen,0,4,True,DCT,10,262144,4399,59.591725,0.134247,32.8654,0.852609,30.9521,33.7417,0.789171,0.874593,False,1.8457,2.0237,2.1337,2.1496,0.070151,0.023442
CHNCXR_0145_0,Shenzhen,0,4,True,DCT,20,262144,7900,33.182785,0.241089,36.0468,0.916878,33.8579,37.1056,0.877663,0.9306,False,2.2082,2.3174,2.7169,2.7754,0.088025,0.037401
CHNCXR_0145_0,Shenzhen,0,4,True,DCT,30,262144,10642,24.632964,0.324768,37.7714,0.941123,35.4388,38.9332,0.911955,0.951223,False,2.3675,2.4802,2.9405,2.9681,0.118869,0.046443
CHNCXR_0145_0,Shenzhen,0,4,True,DCT,50,262144,15316,17.115696,0.467407,39.7146,0.960241,37.1887,41.0247,0.938932,0.967495,False,2.5586,2.6592,3.1532,3.2007,0.117046,0.067043
CHNCXR_0145_0,Shenzhen,0,4,True,DCT,70,262144,21392,12.254301,0.652832,41.4715,0.971924,38.8435,42.8649,0.957002,0.977188,False,2.6843,2.7581,3.2843,3.3252,0.147895,0.087654
CHNCXR_0145_0,Shenzhen,0,4,True,DCT,90,262144,41321,6.344087,1.261017,44.758,0.985571,42.0297,46.2369,0.978661,0.988106,False,2.8846,2.936,3.5135,3.5478,0.233317,0.15837
CHNCXR_0146_0,Shenzhen,0,2,True,DCT,10,261120,4256,61.353383,0.130392,32.8221,0.852517,31.7613,33.0887,0.777984,0.868574,False,1.799,1.9175,2.1967,2.2042,0.071806,0.024692
CHNCXR_0146_0,Shenzhen,0,2,True,DCT,20,261120,7595,34.380513,0.23269,36.2538,0.918599,34.6748,36.6842,0.873637,0.928384,False,2.1789,2.2571,2.8059,2.8787,0.085548,0.035164
CHNCXR_0146_0,Shenzhen,0,2,True,DCT,30,261120,10083,25.897054,0.308915,38.1348,0.943961,36.3689,38.631,0.910514,0.950826,False,2.3411,2.4036,3.0094,3.0441,0.094658,0.044452
CHNCXR_0146_0,Shenzhen,0,2,True,DCT,50,261120,14446,18.075592,0.442586,40.3752,0.963437,38.2511,41.0088,0.940297,0.968313,False,2.5376,2.6082,3.2096,3.2451,0.11227,0.058666
CHNCXR_0146_0,Shenzhen,0,2,True,DCT,70,261120,20082,13.002689,0.615257,42.3988,0.975434,40.037,43.1327,0.959796,0.978918,False,2.6548,2.7092,3.3329,3.3836,0.166348,0.081744
CHNCXR_0146_0,Shenzhen,0,2,True,DCT,90,261120,38348,6.809221,1.174877,46.1385,0.988067,43.3106,47.094,0.980476,0.989848,False,2.8338,2.8843,3.5483,3.5828,0.220431,0.146194
CHNCXR_0147_0,Shenzhen,0,3,True,DCT,10,258048,4188,61.616046,0.129836,32.81,0.843042,31.832,33.2041,0.786921,0.863234,False,1.7601,1.9018,2.2069,2.2215,0.07029,0.024109
CHNCXR_0147_0,Shenzhen,0,3,True,DCT,20,258048,7552,34.169492,0.234127,36.221,0.9144,34.9263,36.7727,0.880344,0.926477,False,2.138,2.2344,2.7769,2.8379,0.082586,0.034612
CHNCXR_0147_0,Shenzhen,0,3,True,DCT,30,258048,10214,25.264147,0.316654,38.0985,0.939766,36.5919,38.7659,0.914353,0.948921,False,2.3084,2.3606,2.9791,3.0096,0.097124,0.046082
CHNCXR_0147_0,Shenzhen,0,3,True,DCT,50,258048,14726,17.523292,0.456535,40.2353,0.960288,38.5151,41.0285,0.942755,0.966735,False,2.4943,2.5513,3.1747,3.2184,0.118008,0.062146
CHNCXR_0147_0,Shenzhen,0,3,True,DCT,70,258048,20645,12.499298,0.640036,42.0993,0.972606,40.2963,42.944,0.961011,0.976909,False,2.6086,2.6726,3.3054,3.3497,0.163298,0.08272
CHNCXR_0147_0,Shenzhen,0,3,True,DCT,90,258048,39771,6.488346,1.23298,45.5921,0.98638,43.5065,46.6254,0.980753,0.988501,False,2.7811,2.8172,3.5108,3.5428,0.224764,0.152606
CHNCXR_0148_0,Shenzhen,0,3,True,DCT,10,240640,3617,66.530274,0.120246,32.9914,0.846753,32.0581,33.2979,0.785235,0.865191,False,1.6985,1.8144,2.1629,2.1873,0.062807,0.019355
CHNCXR_0148_0,Shenzhen,0,3,True,DCT,20,240640,6522,36.896657,0.216822,36.366,0.914516,35.1137,36.7996,0.878463,0.92563,False,2.0992,2.1973,2.8071,2.8709,0.074081,0.030044
CHNCXR_0148_0,Shenzhen,0,3,True,DCT,30,240640,8913,26.998766,0.29631,38.4084,0.940348,36.8079,38.9967,0.913553,0.948724,False,2.3106,2.3766,3.0328,3.0659,0.086843,0.038869
CHNCXR_0148_0,Shenzhen,0,3,True,DCT,50,240640,12744,18.882611,0.42367,40.5958,0.961168,38.777,41.2907,0.942787,0.966881,False,2.4984,2.5596,3.2022,3.2349,0.121257,0.05269
CHNCXR_0148_0,Shenzhen,0,3,True,DCT,70,240640,17980,13.38376,0.597739,42.598,0.973725,40.5694,43.4033,0.961126,0.977667,False,2.6326,2.6986,3.3437,3.3924,0.132657,0.071646
CHNCXR_0148_0,Shenzhen,0,3,True,DCT,90,240640,34602,6.954511,1.150332,46.2921,0.987339,43.8304,47.3536,0.981175,0.989337,False,2.8653,2.9187,3.5369,3.5731,0.197535,0.130964
CHNCXR_0149_0,Shenzhen,0,3,True,DCT,10,262144,4155,63.091215,0.126801,33.1158,0.855258,30.8622,33.9233,0.792463,0.871583,False,1.8054,1.9736,2.0999,2.1108,0.071247,0.023373
CHNCXR_0149_0,Shenzhen,0,3,True,DCT,20,262144,7475,35.069431,0.228119,36.3586,0.920216,33.7924,37.3329,0.882366,0.9303,False,2.185,2.2959,2.7135,2.7752,0.086778,0.035349
CHNCXR_0149_0,Shenzhen,0,3,True,DCT,30,262144,10039,26.112561,0.306366,38.1615,0.94446,35.3988,39.2506,0.915465,0.952222,False,2.342,2.4631,2.928,2.9505,0.097506,0.044622
CHNCXR_0149_0,Shenzhen,0,3,True,DCT,50,262144,14394,18.212033,0.43927,40.2173,0.963796,37.306,41.399,0.943373,0.9691,False,2.5449,2.6719,3.1218,3.1622,0.136217,0.060931
CHNCXR_0149_0,Shenzhen,0,3,True,DCT,70,262144,20058,13.069299,0.612122,42.0535,0.974879,38.9662,43.3518,0.960617,0.978743,False,2.6977,2.7842,3.2659,3.3107,0.14267,0.084511
CHNCXR_0149_0,Shenzhen,0,3,True,DCT,90,262144,38661,6.78058,1.17984,45.6123,0.987785,42.3712,47.0192,0.981387,0.989609,False,2.8913,2.9517,3.5238,3.5585,0.220553,0.148346
CHNCXR_0150_0,Shenzhen,0,1,True,DCT,10,243200,3577,67.989936,0.117664,33.4061,0.850721,32.5531,33.7087,0.785457,0.87288,False,1.7364,1.8206,2.123,2.1552,0.063718,0.019657
CHNCXR_0150_0,Shenzhen,0,1,True,DCT,20,243200,6313,38.523681,0.207664,36.7741,0.916177,35.5595,37.232,0.876013,0.929788,False,2.1379,2.2076,2.7241,2.7738,0.077428,0.028947
CHNCXR_0150_0,Shenzhen,0,1,True,DCT,30,243200,8614,28.233109,0.283355,38.6804,0.941342,37.1323,39.2992,0.910442,0.951732,False,2.3406,2.3852,2.9706,3.0104,0.083791,0.039795
CHNCXR_0150_0,Shenzhen,0,1,True,DCT,50,243200,12415,19.589207,0.408388,40.8254,0.961341,39.0,41.593,0.939135,0.968689,False,2.5464,2.5917,3.1876,3.2188,0.099342,0.053014
CHNCXR_0150_0,Shenzhen,0,1,True,DCT,70,243200,17573,13.839413,0.578059,42.8245,0.972699,40.765,43.7297,0.958728,0.977255,False,2.6587,2.6911,3.3278,3.3781,0.124872,0.071434
CHNCXR_0150_0,Shenzhen,0,1,True,DCT,90,243200,34076,7.136988,1.120921,46.405,0.987031,43.8945,47.6122,0.97939,0.989706,False,2.8911,2.9198,3.513,3.5504,0.209873,0.126673
CHNCXR_0151_0,Shenzhen,0,0,True,DCT,10,257536,3910,65.865985,0.121459,33.1222,0.860541,32.5252,33.2559,0.800388,0.8739,False,1.725,1.8363,2.1793,2.1986,0.06892,0.022249
CHNCXR_0151_0,Shenzhen,0,0,True,DCT,20,257536,6806,37.839553,0.211419,36.687,0.922351,35.5766,36.9554,0.885247,0.930608,False,2.1168,2.2225,2.7836,2.8411,0.082502,0.034741
CHNCXR_0151_0,Shenzhen,0,0,True,DCT,30,257536,9196,28.00522,0.285661,38.7026,0.944566,37.2432,39.0749,0.918535,0.950302,False,2.3205,2.3966,3.0348,3.0697,0.090129,0.039823
CHNCXR_0151_0,Shenzhen,0,0,True,DCT,50,257536,13099,19.660737,0.406902,40.9145,0.964063,39.1668,41.3814,0.945114,0.968307,False,2.5075,2.5722,3.2241,3.2512,0.108584,0.055036
CHNCXR_0151_0,Shenzhen,0,0,True,DCT,70,257536,18382,14.010227,0.571011,42.9184,0.975462,40.9782,43.4532,0.963006,0.978302,False,2.645,2.7029,3.3402,3.3898,0.130478,0.072479
CHNCXR_0151_0,Shenzhen,0,0,True,DCT,90,257536,35880,7.177703,1.114563,46.575,0.987973,44.2982,47.239,0.982234,0.989313,False,2.8641,2.9343,3.5203,3.5578,0.203051,0.138134
CHNCXR_0152_0,Shenzhen,0,3,True,DCT,10,249856,3944,63.350913,0.126281,32.773,0.840341,32.4979,32.8757,0.799267,0.855079,False,1.7257,1.875,2.1709,2.1862,0.070552,0.023446
CHNCXR_0152_0,Shenzhen,0,3,True,DCT,20,249856,7139,34.998739,0.22858,36.2502,0.911692,35.6472,36.4877,0.886502,0.92066,False,2.0988,2.21,2.8049,2.8728,0.079956,0.032812
CHNCXR_0152_0,Shenzhen,0,3,True,DCT,30,249856,9584,26.070117,0.306865,38.1326,0.937631,37.346,38.4521,0.919264,0.943861,False,2.2859,2.3386,3.0141,3.0469,0.089704,0.042389
CHNCXR_0152_0,Shenzhen,0,3,True,DCT,50,249856,13812,18.089777,0.442239,40.4238,0.95942,39.3753,40.8697,0.946873,0.963921,False,2.4668,2.5236,3.2121,3.2486,0.106958,0.058257
CHNCXR_0152_0,Shenzhen,0,3,True,DCT,70,249856,19405,12.875857,0.621318,42.2947,0.972277,41.1256,42.8027,0.963489,0.975427,False,2.564,2.6186,3.3335,3.3794,0.154354,0.081011
CHNCXR_0152_0,Shenzhen,0,3,True,DCT,90,249856,37523,6.658743,1.201428,46.0305,0.986677,44.4226,46.7883,0.9824,0.98831,False,2.7469,2.7759,3.5095,3.5443,0.212716,0.14481
CHNCXR_0153_0,Shenzhen,0,3,True,DCT,10,257024,3725,68.999732,0.115942,33.5542,0.859703,32.4434,33.8938,0.789818,0.878039,False,1.7301,1.8519,2.0282,2.0561,0.067711,0.020841
CHNCXR_0153_0,Shenzhen,0,3,True,DCT,20,257024,6542,39.288291,0.203623,36.9795,0.922477,35.441,37.4843,0.877608,0.933869,False,2.1298,2.221,2.6517,2.7043,0.080573,0.034053
CHNCXR_0153_0,Shenzhen,0,3,True,DCT,30,257024,8921,28.81112,0.277671,38.7785,0.944211,36.9863,39.3925,0.910458,0.952882,False,2.3147,2.3938,2.9268,2.969,0.087389,0.039099
CHNCXR_0153_0,Shenzhen,0,3,True,DCT,50,257024,12803,20.075295,0.3985,40.8786,0.962841,38.8498,41.6033,0.939303,0.968795,False,2.5076,2.5804,3.1499,3.181,0.106497,0.055234
CHNCXR_0153_0,Shenzhen,0,3,True,DCT,70,257024,18144,14.165785,0.564741,42.7076,0.974131,40.4806,43.5321,0.957555,0.978447,False,2.6351,2.7016,3.2988,3.3404,0.129438,0.073849
CHNCXR_0153_0,Shenzhen,0,3,True,DCT,90,257024,35903,7.158845,1.117499,46.2134,0.987018,43.6311,47.2353,0.97884,0.989249,False,2.836,2.8899,3.4845,3.5257,0.203059,0.134318
CHNCXR_0154_0,Shenzhen,0,4,True,DCT,10,257024,3712,69.241379,0.115538,33.3756,0.851174,31.8727,33.9166,0.775333,0.872685,False,1.6977,1.8284,2.0346,2.0618,0.067783,0.020984
CHNCXR_0154_0,Shenzhen,0,4,True,DCT,20,257024,6771,37.959533,0.210751,36.7799,0.919683,35.0368,37.4343,0.876984,0.931707,False,2.0932,2.1969,2.703,2.7644,0.082597,0.030841
CHNCXR_0154_0,Shenzhen,0,4,True,DCT,30,257024,9297,27.645907,0.289374,38.6447,0.943454,36.7491,39.3761,0.912889,0.951889,False,2.2925,2.3648,2.9468,2.9809,0.090735,0.042666
CHNCXR_0154_0,Shenzhen,0,4,True,DCT,50,257024,13337,19.2715,0.415121,40.8373,0.963183,38.6944,41.7027,0.942222,0.969063,False,2.4933,2.564,3.1316,3.1685,0.109795,0.057183
CHNCXR_0154_0,Shenzhen,0,4,True,DCT,70,257024,18787,13.68095,0.584755,42.7234,0.974575,40.474,43.6503,0.960725,0.978508,False,2.6235,2.6942,3.2949,3.341,0.151758,0.075125
CHNCXR_0154_0,Shenzhen,0,4,True,DCT,90,257024,36436,7.054122,1.134089,46.2803,0.987538,43.7994,47.3495,0.98115,0.989469,False,2.8419,2.907,3.4922,3.5273,0.206426,0.137167
CHNCXR_0155_0,Shenzhen,0,1,True,DCT,10,202240,3455,58.535456,0.136669,32.3666,0.862239,32.1924,32.3947,0.780745,0.876651,False,1.7248,1.8128,2.3951,2.4107,0.055359,0.01739
CHNCXR_0155_0,Shenzhen,0,1,True,DCT,20,202240,5914,34.196821,0.23394,35.9228,0.921299,35.1866,36.0511,0.874409,0.929756,False,2.1271,2.2344,2.939,3.0133,0.065798,0.026791
CHNCXR_0155_0,Shenzhen,0,1,True,DCT,30,202240,7842,25.789339,0.310206,37.8567,0.944784,36.91,38.0266,0.912211,0.950813,False,2.3379,2.3803,3.1377,3.1653,0.075217,0.03235
CHNCXR_0155_0,Shenzhen,0,1,True,DCT,50,202240,11051,18.300606,0.437144,40.2019,0.962984,38.8123,40.4679,0.941604,0.966958,False,2.5485,2.6144,3.3167,3.343,0.088883,0.046515
CHNCXR_0155_0,Shenzhen,0,1,True,DCT,70,202240,15387,13.143563,0.608663,42.2851,0.974346,40.6559,42.6083,0.960783,0.976672,False,2.6936,2.7697,3.4366,3.4811,0.107101,0.060448
CHNCXR_0155_0,Shenzhen,0,1,True,DCT,90,202240,29728,6.803014,1.175949,46.1588,0.987217,43.9472,46.6388,0.981086,0.988441,False,2.946,3.0003,3.5771,3.6122,0.163715,0.112995
CHNCXR_0156_0,Shenzhen,0,2,True,DCT,10,258560,4451,58.090317,0.137717,32.3354,0.847685,31.4086,32.5289,0.784941,0.859812,False,1.7638,1.8909,2.3044,2.3106,0.071595,0.023402
CHNCXR_0156_0,Shenzhen,0,2,True,DCT,20,258560,7858,32.904047,0.243131,35.8471,0.915239,34.3698,36.1823,0.876994,0.922428,False,2.1519,2.2483,2.8808,2.9372,0.084762,0.034967
CHNCXR_0156_0,Shenzhen,0,2,True,DCT,30,258560,10541,24.528982,0.326145,37.7222,0.94062,36.0108,38.1248,0.911777,0.946222,False,2.3382,2.4194,3.0771,3.1047,0.117712,0.046021
CHNCXR_0156_0,Shenzhen,0,2,True,DCT,50,258560,14945,17.300769,0.462407,39.9126,0.96082,37.8859,40.4138,0.940789,0.964726,False,2.5267,2.6125,3.2372,3.2718,0.118404,0.064783
CHNCXR_0156_0,Shenzhen,0,2,True,DCT,70,258560,20745,12.463726,0.641863,41.8702,0.973459,39.5963,42.4556,0.959389,0.976156,False,2.649,2.7083,3.3692,3.4148,0.143259,0.084587
CHNCXR_0156_0,Shenzhen,0,2,True,DCT,90,258560,39806,6.495503,1.231621,45.6086,0.987104,42.9627,46.3337,0.98067,0.988416,False,2.8572,2.9324,3.5537,3.5908,0.220155,0.147995
CHNCXR_0157_0,Shenzhen,0,1,True,DCT,10,259584,4128,62.883721,0.127219,32.9034,0.849909,31.9822,33.1553,0.777942,0.86849,False,1.7466,1.8621,2.2077,2.2203,0.071635,0.025116
CHNCXR_0157_0,Shenzhen,0,1,True,DCT,20,259584,7375,35.197831,0.227287,36.2899,0.916584,34.9234,36.6908,0.871573,0.928339,False,2.1394,2.2336,2.7822,2.8563,0.084914,0.034574
CHNCXR_0157_0,Shenzhen,0,1,True,DCT,30,259584,9971,26.033898,0.307292,38.2648,0.942065,36.6153,38.7718,0.909558,0.9506,False,2.3318,2.4185,3.0134,3.043,0.116182,0.042626
CHNCXR_0157_0,Shenzhen,0,1,True,DCT,50,259584,14137,18.362029,0.435682,40.443,0.962155,38.4058,41.1119,0.937834,0.968528,False,2.5341,2.6143,3.1886,3.2248,0.111558,0.058033
CHNCXR_0157_0,Shenzhen,0,1,True,DCT,70,259584,19799,13.110965,0.610176,42.3477,0.974174,40.1608,43.0849,0.957611,0.978254,False,2.6567,2.7153,3.3328,3.3799,0.136707,0.07981
CHNCXR_0157_0,Shenzhen,0,1,True,DCT,90,259584,38196,6.796104,1.177145,46.0472,0.987451,43.4063,47.014,0.979356,0.989597,False,2.8692,2.947,3.5284,3.565,0.212623,0.142644
CHNCXR_0158_0,Shenzhen,0,4,True,DCT,10,239616,3798,63.090047,0.126803,33.0434,0.851388,32.1648,33.2766,0.791101,0.866865,False,1.7796,1.8747,2.2104,2.2251,0.062092,0.020113
CHNCXR_0158_0,Shenzhen,0,4,True,DCT,20,239616,6663,35.962179,0.222456,36.3266,0.915427,35.0118,36.7002,0.877007,0.925242,False,2.1772,2.2383,2.7937,2.8597,0.07535,0.030722
CHNCXR_0158_0,Shenzhen,0,4,True,DCT,30,239616,9021,26.562022,0.301182,38.252,0.940759,36.6448,38.731,0.91066,0.948372,False,2.372,2.4296,3.0072,3.0434,0.088313,0.038856
CHNCXR_0158_0,Shenzhen,0,4,True,DCT,50,239616,12995,18.439092,0.433861,40.4524,0.960978,38.4913,41.0725,0.940041,0.966358,False,2.5661,2.6181,3.2159,3.2493,0.105015,0.053677
CHNCXR_0158_0,Shenzhen,0,4,True,DCT,70,239616,18182,13.178748,0.607038,42.4531,0.973225,40.2618,43.1743,0.959116,0.976941,False,2.6746,2.7074,3.3247,3.3726,0.126699,0.072224
CHNCXR_0158_0,Shenzhen,0,4,True,DCT,90,239616,35367,6.775129,1.180789,46.0315,0.986937,43.3803,46.9797,0.979609,0.988888,False,2.8819,2.9219,3.5252,3.5628,0.222835,0.131907
CHNCXR_0159_0,Shenzhen,0,4,True,DCT,10,262144,3885,67.475933,0.118561,33.4602,0.855595,31.2488,34.1547,0.796583,0.869076,False,1.7849,1.9492,1.9685,1.9905,0.09047,0.022261
CHNCXR_0159_0,Shenzhen,0,4,True,DCT,20,262144,7014,37.374394,0.21405,36.6793,0.918632,34.102,37.543,0.88107,0.927337,False,2.1618,2.2759,2.6073,2.689,0.083467,0.035349
CHNCXR_0159_0,Shenzhen,0,4,True,DCT,30,262144,9461,27.707853,0.288727,38.4408,0.943211,35.6446,39.4162,0.91356,0.950117,False,2.3395,2.4731,2.8527,2.8821,0.096061,0.044898
CHNCXR_0159_0,Shenzhen,0,4,True,DCT,50,262144,13641,19.217359,0.41629,40.3952,0.961695,37.4494,41.4521,0.941339,0.96627,False,2.5439,2.6726,3.0865,3.1207,0.110794,0.056295
CHNCXR_0159_0,Shenzhen,0,4,True,DCT,70,262144,19207,13.648357,0.586151,42.1557,0.972817,39.1084,43.2704,0.958959,0.976171,False,2.6714,2.7595,3.249,3.2924,0.13996,0.081357
CHNCXR_0159_0,Shenzhen,0,4,True,DCT,90,262144,37997,6.899071,1.159576,45.319,0.985643,42.1364,46.5142,0.978972,0.987362,False,2.8684,2.9294,3.5045,3.5444,0.218412,0.169367
CHNCXR_0160_0,Shenzhen,0,4,True,DCT,10,238080,4185,56.888889,0.140625,32.758,0.853969,31.0664,33.6238,0.795997,0.877519,False,1.8904,2.0416,2.1806,2.1939,0.06482,0.021461
CHNCXR_0160_0,Shenzhen,0,4,True,DCT,20,238080,7394,32.19908,0.248454,36.0754,0.918701,34.1166,37.1339,0.883881,0.933357,False,2.2567,2.3567,2.7206,2.7757,0.080334,0.03356
CHNCXR_0160_0,Shenzhen,0,4,True,DCT,30,238080,10022,23.755737,0.336761,37.7965,0.942022,35.7263,38.9418,0.916311,0.952881,False,2.4416,2.5715,2.9728,2.9938,0.092861,0.04295
CHNCXR_0160_0,Shenzhen,0,4,True,DCT,50,238080,14323,16.622216,0.481284,39.7393,0.960832,37.577,40.9592,0.942893,0.968283,False,2.616,2.7346,3.151,3.1999,0.130459,0.05994
CHNCXR_0160_0,Shenzhen,0,4,True,DCT,70,238080,19897,11.965623,0.668582,41.4952,0.972571,39.2606,42.7759,0.960425,0.977701,False,2.7438,2.8535,3.285,3.3275,0.135097,0.081025
CHNCXR_0160_0,Shenzhen,0,4,True,DCT,90,238080,38120,6.24554,1.280914,44.7481,0.985675,42.4254,46.1053,0.979994,0.988106,False,2.9606,3.0299,3.5041,3.5386,0.219651,0.158073
CHNCXR_0161_0,Shenzhen,0,2,True,DCT,10,245248,3924,62.49949,0.128001,33.0739,0.83757,31.2986,33.6484,0.796201,0.848296,False,1.8104,2.0135,2.0323,2.0476,0.067205,0.021833
CHNCXR_0161_0,Shenzhen,0,2,True,DCT,20,245248,7062,34.727839,0.230363,36.2829,0.908781,34.1444,37.02,0.880093,0.916746,False,2.1788,2.299,2.6631,2.7296,0.079123,0.033039
CHNCXR_0161_0,Shenzhen,0,2,True,DCT,30,245248,9553,25.672354,0.311619,37.9127,0.934372,35.6716,38.6995,0.912061,0.940624,False,2.3546,2.4695,2.8957,2.9187,0.104421,0.045154
CHNCXR_0161_0,Shenzhen,0,2,True,DCT,50,245248,13911,17.629789,0.453777,39.75,0.954555,37.4638,40.5592,0.940065,0.95869,False,2.5343,2.6622,3.1222,3.1636,0.117518,0.064038
CHNCXR_0161_0,Shenzhen,0,2,True,DCT,70,245248,19724,12.433989,0.643398,41.3986,0.966459,39.0664,42.231,0.957565,0.969269,False,2.6577,2.7401,3.2717,3.3106,0.136577,0.080798
CHNCXR_0161_0,Shenzhen,0,2,True,DCT,90,245248,39129,6.267679,1.27639,44.3476,0.981964,42.0691,45.153,0.978266,0.983243,False,2.8594,2.9029,3.4977,3.5371,0.213591,0.145893
CHNCXR_0162_0,Shenzhen,0,3,True,DCT,10,257536,3871,66.529579,0.120247,33.2527,0.851068,32.171,33.6657,0.789711,0.871233,False,1.7282,1.8559,2.1147,2.1355,0.06992,0.021459
CHNCXR_0162_0,Shenzhen,0,3,True,DCT,20,257536,6989,36.848762,0.217104,36.669,0.918645,35.2396,37.2488,0.880678,0.93096,False,2.1234,2.215,2.7431,2.8111,0.083274,0.034053
CHNCXR_0162_0,Shenzhen,0,3,True,DCT,30,257536,9450,27.252487,0.293551,38.5422,0.942887,36.8847,39.243,0.914538,0.951953,False,2.3048,2.3849,2.9585,2.9933,0.096039,0.046827
CHNCXR_0162_0,Shenzhen,0,3,True,DCT,50,257536,13581,18.962963,0.421875,40.7235,0.962298,38.8328,41.5586,0.94316,0.968501,False,2.4982,2.5593,3.1557,3.1925,0.134149,0.05595
CHNCXR_0162_0,Shenzhen,0,3,True,DCT,70,257536,19057,13.513984,0.591979,42.58,0.973891,40.5675,43.49,0.960836,0.97818,False,2.6198,2.6838,3.2937,3.3414,0.130522,0.075899
CHNCXR_0162_0,Shenzhen,0,3,True,DCT,90,257536,37199,6.923197,1.155536,46.0958,0.986932,43.7743,47.2117,0.980735,0.989033,False,2.8168,2.8805,3.5177,3.5553,0.212314,0.143732
CHNCXR_0163_0,Shenzhen,0,2,True,DCT,10,258560,3858,67.019181,0.119369,33.2175,0.856937,32.1664,33.5056,0.787501,0.874112,False,1.7262,1.8306,2.1411,2.1665,0.072602,0.02471
CHNCXR_0163_0,Shenzhen,0,2,True,DCT,20,258560,6739,38.36771,0.208509,36.7673,0.920848,35.1582,37.2496,0.877163,0.931708,False,2.1161,2.2136,2.7573,2.8105,0.102707,0.033442
CHNCXR_0163_0,Shenzhen,0,2,True,DCT,30,258560,9162,28.220912,0.283478,38.6683,0.945012,36.8119,39.2481,0.91259,0.952987,False,2.3112,2.3643,2.9971,3.0319,0.091597,0.041245
CHNCXR_0163_0,Shenzhen,0,2,True,DCT,50,258560,13059,19.799372,0.404053,40.9805,0.964136,38.7594,41.7195,0.94194,0.969736,False,2.5219,2.592,3.1893,3.2187,0.109519,0.05478
CHNCXR_0163_0,Shenzhen,0,2,True,DCT,70,258560,18231,14.182437,0.564078,42.9743,0.975642,40.5119,43.8298,0.960336,0.979477,False,2.6548,2.7058,3.3323,3.3814,0.133399,0.073008
CHNCXR_0163_0,Shenzhen,0,2,True,DCT,90,258560,35432,7.297358,1.096287,46.5682,0.988001,43.7034,47.6411,0.980406,0.989976,False,2.8713,2.928,3.5186,3.5536,0.204182,0.138966
CHNCXR_0164_0,Shenzhen,0,3,True,DCT,10,257024,3688,69.691974,0.114791,33.4996,0.857395,32.0382,33.8629,0.778452,0.87328,False,1.6825,1.8021,2.0635,2.0899,0.069241,0.021913
CHNCXR_0164_0,Shenzhen,0,3,True,DCT,20,257024,6622,38.813651,0.206113,36.9212,0.92121,35.0581,37.4148,0.875236,0.930271,False,2.0886,2.1944,2.693,2.748,0.079302,0.030631
CHNCXR_0164_0,Shenzhen,0,3,True,DCT,30,257024,9064,28.356575,0.282122,38.7922,0.944588,36.7366,39.3543,0.911148,0.951239,False,2.296,2.3539,2.9328,2.9691,0.092217,0.041971
CHNCXR_0164_0,Shenzhen,0,3,True,DCT,50,257024,13104,19.614164,0.407869,40.9555,0.964095,38.6313,41.6204,0.940482,0.968797,False,2.4907,2.5508,3.1375,3.169,0.107809,0.055345
CHNCXR_0164_0,Shenzhen,0,3,True,DCT,70,257024,18504,13.890186,0.575946,42.9182,0.975765,40.4747,43.6316,0.959918,0.978971,False,2.6216,2.691,3.2653,3.3144,0.130865,0.075869
CHNCXR_0164_0,Shenzhen,0,3,True,DCT,90,257024,35866,7.16623,1.116347,46.4932,0.988198,43.6435,47.387,0.980121,0.989905,False,2.8402,2.8948,3.4805,3.5144,0.226028,0.139753
CHNCXR_0165_0,Shenzhen,0,0,True,DCT,10,260096,3870,67.208269,0.119033,33.5903,0.858262,32.7559,33.9004,0.793166,0.880695,False,1.7939,1.8569,2.1271,2.1536,0.071343,0.021263
CHNCXR_0165_0,Shenzhen,0,0,True,DCT,20,260096,6622,39.27756,0.203679,37.0555,0.920929,35.6392,37.6378,0.876594,0.936065,False,2.1909,2.2546,2.7424,2.7863,0.081744,0.031525
CHNCXR_0165_0,Shenzhen,0,0,True,DCT,30,260096,9005,28.883509,0.276975,38.9576,0.945605,37.239,39.7044,0.910955,0.957628,False,2.3898,2.4226,3.0267,3.0626,0.111735,0.041127
CHNCXR_0165_0,Shenzhen,0,0,True,DCT,50,260096,12783,20.347023,0.393178,41.1387,0.96469,39.1141,42.0715,0.93928,0.973605,False,2.6134,2.6765,3.2212,3.2442,0.115919,0.053964
CHNCXR_0165_0,Shenzhen,0,0,True,DCT,70,260096,17971,14.473096,0.55275,43.116,0.975195,40.8203,44.2324,0.958053,0.981118,False,2.7556,2.8274,3.3418,3.3956,0.135413,0.074495
CHNCXR_0165_0,Shenzhen,0,0,True,DCT,90,260096,34521,7.534428,1.061793,46.7808,0.988314,44.0261,48.2575,0.979327,0.991498,False,2.9927,3.042,3.5285,3.5639,0.207426,0.133836
CHNCXR_0166_0,Shenzhen,0,1,True,DCT,10,253440,4266,59.409283,0.134659,32.5899,0.837823,32.0338,32.8479,0.781441,0.862377,False,1.8005,1.9345,2.3133,2.3236,0.069777,0.022087
CHNCXR_0166_0,Shenzhen,0,1,True,DCT,20,253440,7685,32.97853,0.242582,35.6535,0.905451,34.9913,35.9666,0.874551,0.918301,False,2.1708,2.2576,2.9167,2.9734,0.083258,0.034711
CHNCXR_0166_0,Shenzhen,0,1,True,DCT,30,253440,10472,24.201681,0.330556,37.5904,0.932647,36.6511,38.0574,0.909753,0.9425,False,2.3573,2.404,3.121,3.1485,0.099688,0.048526
CHNCXR_0166_0,Shenzhen,0,1,True,DCT,50,253440,15033,16.85891,0.474527,39.7693,0.955611,38.5534,40.4063,0.939341,0.962721,False,2.544,2.5973,3.2899,3.3285,0.115953,0.061957
CHNCXR_0166_0,Shenzhen,0,1,True,DCT,70,253440,20926,12.111249,0.660543,41.6862,0.969317,40.2348,42.4826,0.958034,0.974052,False,2.6513,2.7124,3.3863,3.4268,0.1609,0.085168
CHNCXR_0166_0,Shenzhen,0,1,True,DCT,90,253440,40428,6.268923,1.276136,45.3207,0.985016,43.4674,46.4262,0.979328,0.987637,False,2.8418,2.8989,3.5522,3.5876,0.231089,0.155254
CHNCXR_0167_0,Shenzhen,0,2,True,DCT,10,244224,4254,57.410437,0.139347,32.6898,0.84487,30.5552,33.7516,0.786488,0.867007,False,1.8598,2.0055,2.2304,2.2439,0.065951,0.022323
CHNCXR_0167_0,Shenzhen,0,2,True,DCT,20,244224,7590,32.177075,0.248624,35.8289,0.910402,33.4721,37.0563,0.877423,0.923258,False,2.2355,2.3326,2.778,2.827,0.097905,0.033852
CHNCXR_0167_0,Shenzhen,0,2,True,DCT,30,244224,10245,23.83836,0.335594,37.4546,0.93412,34.9836,38.7732,0.909956,0.943554,False,2.4213,2.5099,2.9905,3.0141,0.092596,0.045678
CHNCXR_0167_0,Shenzhen,0,2,True,DCT,50,244224,14747,16.560928,0.483065,39.3226,0.954471,36.7562,40.7208,0.938301,0.960774,False,2.5992,2.7044,3.1899,3.2348,0.11544,0.064616
CHNCXR_0167_0,Shenzhen,0,2,True,DCT,70,244224,20746,11.772101,0.679573,40.978,0.966974,38.3394,42.4386,0.956218,0.971344,False,2.7337,2.8388,3.3224,3.364,0.140659,0.086298
CHNCXR_0167_0,Shenzhen,0,2,True,DCT,90,244224,40600,6.015369,1.329927,44.032,0.982159,41.5004,45.4008,0.978152,0.983917,False,2.951,2.999,3.5244,3.5615,0.229583,0.155608
CHNCXR_0168_0,Shenzhen,0,3,True,DCT,10,256000,3963,64.597527,0.123844,33.0235,0.841202,32.1541,33.5837,0.789527,0.871689,False,1.7534,1.8683,2.1215,2.1409,0.067908,0.022133
CHNCXR_0168_0,Shenzhen,0,3,True,DCT,20,256000,7255,35.28601,0.226719,36.3342,0.912784,35.2254,37.0853,0.880509,0.931575,False,2.1365,2.2163,2.7289,2.7956,0.081383,0.035852
CHNCXR_0168_0,Shenzhen,0,3,True,DCT,30,256000,9927,25.788254,0.310219,38.1335,0.938061,36.8911,38.9999,0.914656,0.951751,False,2.3142,2.376,2.9619,2.9888,0.098354,0.048175
CHNCXR_0168_0,Shenzhen,0,3,True,DCT,50,256000,14426,17.745737,0.450813,40.2189,0.958755,38.832,41.2176,0.942958,0.967986,False,2.512,2.5682,3.1432,3.1836,0.120834,0.063677
CHNCXR_0168_0,Shenzhen,0,3,True,DCT,70,256000,20390,12.555174,0.637188,42.079,0.971715,40.6486,43.1192,0.961516,0.977749,False,2.6511,2.7036,3.28,3.3253,0.143578,0.08472
CHNCXR_0168_0,Shenzhen,0,3,True,DCT,90,256000,39431,6.492354,1.232219,45.6162,0.98604,43.8574,46.9986,0.981005,0.98903,False,2.8368,2.8981,3.4839,3.513,0.232095,0.153258
CHNCXR_0169_0,Shenzhen,0,1,True,DCT,10,248832,4269,58.288124,0.137249,32.6769,0.841398,32.6714,32.6783,0.795579,0.852243,False,1.9119,2.009,2.2969,2.3069,0.069329,0.023044
CHNCXR_0169_0,Shenzhen,0,1,True,DCT,20,248832,7368,33.771987,0.236883,35.881,0.90772,35.7485,35.9155,0.880794,0.913198,False,2.2794,2.3322,2.8675,2.9313,0.081347,0.032667
CHNCXR_0169_0,Shenzhen,0,1,True,DCT,30,248832,9787,25.424747,0.314654,37.6359,0.930477,37.2331,37.7453,0.910276,0.934612,False,2.4135,2.4675,3.095,3.1203,0.092693,0.043559
CHNCXR_0169_0,Shenzhen,0,1,True,DCT,50,248832,13986,17.791506,0.449653,39.6139,0.950006,38.978,39.7928,0.937138,0.952768,False,2.6013,2.6434,3.2849,3.3117,0.112266,0.058836
CHNCXR_0169_0,Shenzhen,0,1,True,DCT,70,248832,19854,12.533092,0.63831,41.3911,0.963376,40.6016,41.6186,0.955824,0.964774,False,2.7074,2.7587,3.4227,3.4641,0.157611,0.07975
CHNCXR_0169_0,Shenzhen,0,1,True,DCT,90,248832,39533,6.294286,1.270994,44.4376,0.97917,43.4134,44.744,0.976131,0.980229,False,2.8702,2.9106,3.531,3.5676,0.225953,0.154966
CHNCXR_0170_0,Shenzhen,0,3,True,DCT,10,258048,3469,74.386855,0.107546,33.6288,0.854768,31.7948,34.0808,0.789918,0.866886,False,1.6154,1.7458,1.9766,2.0157,0.067878,0.020905
CHNCXR_0170_0,Shenzhen,0,3,True,DCT,20,258048,6193,41.667689,0.191995,37.1767,0.922204,34.723,37.8462,0.879902,0.930067,False,2.0364,2.1622,2.6066,2.65,0.079748,0.02986
CHNCXR_0170_0,Shenzhen,0,3,True,DCT,30,258048,8551,30.177523,0.265098,39.1044,0.946541,36.4788,39.8421,0.914839,0.952525,False,2.258,2.3247,2.8717,2.9123,0.088046,0.041037
CHNCXR_0170_0,Shenzhen,0,3,True,DCT,50,258048,12296,20.986337,0.3812,41.3222,0.965708,38.4055,42.1846,0.943457,0.969945,False,2.4579,2.5407,3.1011,3.1287,0.107177,0.057013
CHNCXR_0170_0,Shenzhen,0,3,True,DCT,70,258048,17398,14.83205,0.539373,43.2037,0.974027,40.1237,44.1416,0.96116,0.976481,False,2.619,2.7135,3.2665,3.3181,0.131535,0.071544
CHNCXR_0170_0,Shenzhen,0,3,True,DCT,90,258048,33863,7.620353,1.04982,46.8444,0.988761,43.5546,47.8855,0.981701,0.990204,False,2.8905,2.9524,3.4886,3.5217,0.197003,0.131004
CHNCXR_0171_0,Shenzhen,0,4,True,DCT,10,262144,4611,56.851876,0.140717,32.7524,0.860922,30.539,33.7399,0.789825,0.882203,False,1.8892,2.063,2.2063,2.2155,0.074406,0.026228
CHNCXR_0171_0,Shenzhen,0,4,True,DCT,20,262144,8118,32.291697,0.247742,35.8967,0.921495,33.3935,37.0801,0.878822,0.934291,False,2.2535,2.3667,2.7614,2.8109,0.090915,0.038408
CHNCXR_0171_0,Shenzhen,0,4,True,DCT,30,262144,10997,23.837774,0.335602,37.6549,0.944887,35.0089,38.9433,0.913257,0.954708,False,2.4384,2.531,2.9954,3.0173,0.103388,0.050775
CHNCXR_0171_0,Shenzhen,0,4,True,DCT,50,262144,15605,16.798718,0.476227,39.6189,0.962867,36.8177,41.0287,0.940944,0.969781,False,2.6124,2.7278,3.1743,3.2209,0.15217,0.069263
CHNCXR_0171_0,Shenzhen,0,4,True,DCT,70,262144,21564,12.156557,0.658081,41.3617,0.973805,38.4325,42.8775,0.958573,0.978792,False,2.7354,2.8459,3.3112,3.3531,0.151044,0.089718
CHNCXR_0171_0,Shenzhen,0,4,True,DCT,90,262144,41147,6.370914,1.255707,44.7615,0.986477,41.6934,46.3991,0.979604,0.988808,False,2.9412,3.0039,3.5579,3.5934,0.246137,0.164522
CHNCXR_0172_0,Shenzhen,0,1,True,DCT,10,249856,3957,63.142785,0.126697,32.6863,0.838675,32.5968,32.7296,0.795245,0.860944,False,1.7157,1.8389,2.2462,2.2663,0.088213,0.022357
CHNCXR_0172_0,Shenzhen,0,1,True,DCT,20,249856,7055,35.41545,0.22589,36.1117,0.907486,35.7115,36.3157,0.883153,0.920098,False,2.1094,2.208,2.8451,2.9157,0.080004,0.033735
CHNCXR_0172_0,Shenzhen,0,1,True,DCT,30,249856,9584,26.070117,0.306865,38.0487,0.934749,37.3886,38.4015,0.916285,0.944185,False,2.3024,2.3809,3.0661,3.0978,0.093481,0.043313
CHNCXR_0172_0,Shenzhen,0,1,True,DCT,50,249856,13808,18.095017,0.442111,40.2558,0.95697,39.2765,40.8122,0.943429,0.963823,False,2.4977,2.5517,3.2448,3.2805,0.111413,0.059748
CHNCXR_0172_0,Shenzhen,0,1,True,DCT,70,249856,19522,12.798689,0.625064,42.1783,0.970308,41.0296,42.8533,0.961218,0.975053,False,2.6281,2.6977,3.3601,3.4068,0.142078,0.092951
CHNCXR_0172_0,Shenzhen,0,1,True,DCT,90,249856,37945,6.584688,1.21494,45.7408,0.985288,44.2531,46.6786,0.980873,0.987686,False,2.8408,2.906,3.5091,3.5435,0.213064,0.148964
CHNCXR_0173_0,Shenzhen,0,1,True,DCT,10,231936,3471,66.821089,0.119723,33.1843,0.847644,32.3067,33.5398,0.782171,0.872189,False,1.7828,1.8687,2.1051,2.1277,0.059495,0.019078
CHNCXR_0173_0,Shenzhen,0,1,True,DCT,20,231936,6221,37.282752,0.214576,36.5326,0.914782,35.2463,37.0927,0.874024,0.930185,False,2.1795,2.2382,2.7514,2.8142,0.076211,0.030282
CHNCXR_0173_0,Shenzhen,0,1,True,DCT,30,231936,8485,27.334826,0.292667,38.3986,0.939897,36.8436,39.1102,0.909238,0.951512,False,2.3804,2.4265,3.0093,3.039,0.085228,0.03922
CHNCXR_0173_0,Shenzhen,0,1,True,DCT,50,231936,12176,19.04862,0.419978,40.5211,0.960059,38.6861,41.4071,0.938079,0.96849,False,2.5611,2.6357,3.2076,3.2384,0.101729,0.050234
CHNCXR_0173_0,Shenzhen,0,1,True,DCT,70,231936,17147,13.526331,0.591439,42.4976,0.972614,40.3458,43.605,0.956947,0.978654,False,2.6826,2.7234,3.349,3.3958,0.122986,0.070234
CHNCXR_0173_0,Shenzhen,0,1,True,DCT,90,231936,33311,6.962745,1.148972,45.999,0.986255,43.4808,47.4004,0.978475,0.989307,False,2.9133,2.9663,3.5215,3.5592,0.197021,0.127438
CHNCXR_0174_0,Shenzhen,0,0,True,DCT,10,228352,3493,65.374177,0.122372,33.007,0.846393,32.5334,33.171,0.780537,0.866918,False,1.7468,1.8343,2.198,2.2212,0.079845,0.019552
CHNCXR_0174_0,Shenzhen,0,0,True,DCT,20,228352,6260,36.477955,0.219311,36.3025,0.912082,35.4634,36.6109,0.871109,0.924629,False,2.1475,2.2294,2.8423,2.9072,0.07925,0.029292
CHNCXR_0174_0,Shenzhen,0,0,True,DCT,30,228352,8458,26.998345,0.296314,38.1339,0.937178,37.0066,38.5689,0.905562,0.946765,False,2.3365,2.3987,3.0426,3.0688,0.083898,0.038126
CHNCXR_0174_0,Shenzhen,0,0,True,DCT,50,228352,12317,18.539579,0.431509,40.2226,0.957657,38.7716,40.8155,0.934829,0.964629,False,2.546,2.6225,3.2395,3.2718,0.100028,0.053015
CHNCXR_0174_0,Shenzhen,0,0,True,DCT,70,228352,17365,13.15013,0.608359,42.2108,0.970902,40.4499,42.9723,0.954702,0.975888,False,2.6708,2.719,3.3549,3.4042,0.126987,0.077712
CHNCXR_0174_0,Shenzhen,0,0,True,DCT,90,228352,33926,6.730885,1.188551,45.7082,0.985415,43.4559,46.7798,0.976826,0.988308,False,2.8897,2.9448,3.5075,3.546,0.191217,0.129794
CHNCXR_0175_0,Shenzhen,0,1,True,DCT,10,238592,3681,64.817169,0.123424,32.6444,0.852126,31.793,32.9155,0.789881,0.872322,False,1.6087,1.7275,2.3229,2.3544,0.066324,0.019835
CHNCXR_0175_0,Shenzhen,0,1,True,DCT,20,238592,6422,37.152289,0.21533,36.2453,0.916938,34.7841,36.7599,0.882461,0.928292,False,2.0372,2.1647,2.8954,2.956,0.074633,0.028979
CHNCXR_0175_0,Shenzhen,0,1,True,DCT,30,238592,8564,27.859879,0.287151,38.2915,0.941261,36.4723,38.9737,0.916591,0.949474,False,2.2283,2.2961,3.1155,3.1519,0.085217,0.036534
CHNCXR_0175_0,Shenzhen,0,1,True,DCT,50,238592,12121,19.684184,0.406418,40.774,0.9636,38.4378,41.7381,0.945197,0.969572,False,2.4474,2.5244,3.2824,3.3082,0.123056,0.050172
CHNCXR_0175_0,Shenzhen,0,1,True,DCT,70,238592,16872,14.141299,0.565719,42.874,0.975751,40.2498,44.0197,0.963108,0.979788,False,2.6256,2.705,3.3858,3.4377,0.122864,0.069059
CHNCXR_0175_0,Shenzhen,0,1,True,DCT,90,238592,32145,7.422367,1.077823,46.574,0.988152,43.5695,47.9926,0.982385,0.990081,False,2.8854,2.9492,3.5543,3.5888,0.187319,0.128887
CHNCXR_0176_0,Shenzhen,0,4,True,DCT,10,257024,4051,63.44705,0.126089,32.9961,0.857017,32.2227,33.1599,0.782413,0.871974,False,1.7524,1.8532,2.2228,2.2354,0.070807,0.02276
CHNCXR_0176_0,Shenzhen,0,4,True,DCT,20,257024,7055,36.431467,0.21959,36.4349,0.919079,35.0677,36.7513,0.870467,0.928641,False,2.1434,2.2215,2.8119,2.8792,0.090904,0.034253
CHNCXR_0176_0,Shenzhen,0,4,True,DCT,30,257024,9462,27.163813,0.294509,38.3558,0.943397,36.6098,38.7844,0.90566,0.95065,False,2.3257,2.401,3.0332,3.0653,0.093172,0.041666
CHNCXR_0176_0,Shenzhen,0,4,True,DCT,50,257024,13465,19.088303,0.419105,40.5336,0.962757,38.4514,41.0732,0.936474,0.96791,False,2.5327,2.594,3.2322,3.2596,0.137551,0.056526
CHNCXR_0176_0,Shenzhen,0,4,True,DCT,70,257024,18900,13.599153,0.588272,42.4718,0.974643,40.1501,43.0977,0.956219,0.97834,False,2.664,2.714,3.3417,3.3888,0.136657,0.075751
CHNCXR_0176_0,Shenzhen,0,4,True,DCT,90,257024,36660,7.01102,1.141061,46.1509,0.98765,43.286,46.9991,0.978221,0.989598,False,2.8715,2.9231,3.5225,3.5594,0.221888,0.15045
CHNCXR_0177_0,Shenzhen,0,1,True,DCT,10,259584,4302,60.340307,0.132581,32.635,0.836839,31.8654,33.0912,0.782022,0.867223,False,1.8413,1.9431,2.2786,2.2909,0.079732,0.024321
CHNCXR_0177_0,Shenzhen,0,1,True,DCT,20,259584,7830,33.15249,0.241309,36.0208,0.906799,34.9229,36.7159,0.876242,0.923823,False,2.2211,2.2822,2.8789,2.9435,0.08798,0.03576
CHNCXR_0177_0,Shenzhen,0,1,True,DCT,30,259584,10618,24.447542,0.327231,37.8535,0.933799,36.6196,38.6573,0.911728,0.946218,False,2.4126,2.4548,3.0705,3.096,0.120443,0.049564
CHNCXR_0177_0,Shenzhen,0,1,True,DCT,50,259584,15238,17.035306,0.469613,39.9504,0.955652,38.5511,40.8951,0.940858,0.96402,False,2.5964,2.646,3.2661,3.3036,0.118557,0.064255
CHNCXR_0177_0,Shenzhen,0,1,True,DCT,70,259584,21201,12.243951,0.653384,41.7991,0.969101,40.2733,42.8585,0.959148,0.974811,False,2.7096,2.7524,3.376,3.4138,0.147264,0.085433
CHNCXR_0177_0,Shenzhen,0,1,True,DCT,90,259584,41102,6.315605,1.266704,45.2682,0.984374,43.5001,46.5664,0.979821,0.98706,False,2.9102,2.9619,3.5589,3.5954,0.248293,0.166314
CHNCXR_0178_0,Shenzhen,0,3,True,DCT,10,230912,3974,58.105687,0.13768,32.2185,0.837952,32.9553,32.0354,0.80821,0.846389,False,1.76,1.8586,2.3904,2.4034,0.066937,0.02096
CHNCXR_0178_0,Shenzhen,0,3,True,DCT,20,230912,6982,33.072472,0.241893,35.5642,0.906465,36.224,35.3984,0.893808,0.909206,False,2.1559,2.2278,2.9104,2.9705,0.07933,0.031748
CHNCXR_0178_0,Shenzhen,0,3,True,DCT,30,230912,9350,24.696471,0.323933,37.4257,0.931965,38.0103,37.2773,0.925078,0.933535,False,2.3435,2.3986,3.0912,3.1167,0.086412,0.041242
CHNCXR_0178_0,Shenzhen,0,3,True,DCT,50,230912,13308,17.351368,0.461059,39.5622,0.952642,39.9586,39.4589,0.949753,0.953253,False,2.5479,2.6047,3.2634,3.3005,0.130362,0.060943
CHNCXR_0178_0,Shenzhen,0,3,True,DCT,70,230912,18725,12.331749,0.648732,41.4256,0.963247,41.6836,41.357,0.965091,0.961729,False,2.6905,2.7558,3.3782,3.4198,0.157625,0.078735
CHNCXR_0178_0,Shenzhen,0,3,True,DCT,90,230912,36738,6.285372,1.272797,44.8504,0.981267,44.6287,44.9136,0.981506,0.98153,False,2.9014,2.9389,3.5361,3.5704,0.20872,0.141147
CHNCXR_0179_0,Shenzhen,0,2,True,DCT,10,257024,3369,76.290888,0.104862,33.9102,0.862351,32.0288,34.436,0.790677,0.87725,False,1.6143,1.7269,1.9438,1.987,0.072101,0.020951
CHNCXR_0179_0,Shenzhen,0,2,True,DCT,20,257024,5987,42.930349,0.186348,37.3894,0.926325,35.0858,38.0807,0.881352,0.935345,False,2.0412,2.1617,2.6104,2.6418,0.090768,0.031265
CHNCXR_0179_0,Shenzhen,0,2,True,DCT,30,257024,8233,31.218754,0.256256,39.2144,0.948178,36.7361,39.9811,0.915128,0.954795,False,2.2615,2.3152,2.8819,2.9286,0.090742,0.039014
CHNCXR_0179_0,Shenzhen,0,2,True,DCT,50,257024,11800,21.781695,0.367281,41.4286,0.966121,38.6689,42.3263,0.94308,0.970865,False,2.4817,2.56,3.0953,3.1223,0.10295,0.051926
CHNCXR_0179_0,Shenzhen,0,2,True,DCT,70,257024,16732,15.361224,0.520792,43.3163,0.975039,40.4105,44.2873,0.961047,0.97791,False,2.6453,2.7207,3.2597,3.3148,0.129655,0.069979
CHNCXR_0179_0,Shenzhen,0,2,True,DCT,90,257024,32865,7.820599,1.022939,46.8453,0.988356,43.7209,47.9329,0.98133,0.989943,False,2.9122,2.9802,3.4906,3.526,0.197844,0.132267
CHNCXR_0180_0,Shenzhen,0,2,True,DCT,10,215040,3357,64.057194,0.124888,32.7694,0.844002,32.0034,32.9573,0.782737,0.859395,False,1.671,1.8152,2.1857,2.2,0.058496,0.019075
CHNCXR_0180_0,Shenzhen,0,2,True,DCT,20,215040,6034,35.638051,0.224479,36.2526,0.914308,35.073,36.5608,0.879158,0.923299,False,2.0624,2.1937,2.7759,2.849,0.070415,0.029392
CHNCXR_0180_0,Shenzhen,0,2,True,DCT,30,215040,8160,26.352941,0.303571,38.1618,0.939876,36.6936,38.5632,0.913035,0.946789,False,2.2692,2.3402,3.0174,3.0461,0.077317,0.036458
CHNCXR_0180_0,Shenzhen,0,2,True,DCT,50,215040,11718,18.351254,0.435937,40.43,0.960775,38.6225,40.9522,0.941962,0.965604,False,2.4466,2.5,3.2032,3.2374,0.095228,0.050098
CHNCXR_0180_0,Shenzhen,0,2,True,DCT,70,215040,16485,13.044586,0.613281,42.4646,0.973667,40.4129,43.082,0.960742,0.976662,False,2.5799,2.6394,3.3389,3.385,0.132544,0.0661
CHNCXR_0180_0,Shenzhen,0,2,True,DCT,90,215040,31648,6.794742,1.177381,46.1922,0.987373,43.7061,46.9992,0.981054,0.988991,False,2.7831,2.8225,3.5125,3.547,0.185594,0.124786
CHNCXR_0181_0,Shenzhen,0,3,False,DCT,10,256512,3328,77.076923,0.103792,33.9151,0.866743,,,,,,1.5699,1.693,1.9321,1.9689,0.07231,0.019865
CHNCXR_0181_0,Shenzhen,0,3,False,DCT,20,256512,6002,42.737754,0.187188,37.5346,0.928425,,,,,,2.0032,2.1379,2.6182,2.6537,0.078227,0.029552
CHNCXR_0181_0,Shenzhen,0,3,False,DCT,30,256512,8235,31.148998,0.25683,39.3437,0.950264,,,,,,2.207,2.2795,2.8717,2.9169,0.088028,0.038805
CHNCXR_0181_0,Shenzhen,0,3,False,DCT,50,256512,11829,21.685011,0.368918,41.5595,0.967898,,,,,,2.4374,2.5102,3.0755,3.1059,0.103336,0.052494
CHNCXR_0181_0,Shenzhen,0,3,False,DCT,70,256512,16735,15.327876,0.521925,43.5175,0.977606,,,,,,2.5978,2.6704,3.2246,3.2803,0.147814,0.069892
CHNCXR_0181_0,Shenzhen,0,3,False,DCT,90,256512,32677,7.849925,1.019118,47.0968,0.989318,,,,,,2.8575,2.9105,3.4599,3.4967,0.196946,0.131037
CHNCXR_0182_0,Shenzhen,0,3,False,DCT,10,255488,3673,69.558399,0.115011,33.4659,0.853117,,,,,,1.7,1.8361,2.0291,2.0597,0.067582,0.021898
CHNCXR_0182_0,Shenzhen,0,3,False,DCT,20,255488,6660,38.361562,0.208542,36.9078,0.919351,,,,,,2.0991,2.2044,2.66,2.7178,0.080871,0.033627
CHNCXR_0182_0,Shenzhen,0,3,False,DCT,30,255488,9041,28.258821,0.283097,38.7047,0.943704,,,,,,2.2944,2.3611,2.8952,2.9322,0.095807,0.040742
CHNCXR_0182_0,Shenzhen,0,3,False,DCT,50,255488,13074,19.541686,0.409381,40.7689,0.96275,,,,,,2.5088,2.5928,3.1361,3.1694,0.108822,0.054862
CHNCXR_0182_0,Shenzhen,0,3,False,DCT,70,255488,18501,13.809416,0.579315,42.6674,0.974429,,,,,,2.6384,2.7125,3.2839,3.3294,0.139517,0.074475
CHNCXR_0182_0,Shenzhen,0,3,False,DCT,90,255488,35952,7.106364,1.125752,46.2197,0.987381,,,,,,2.8686,2.9209,3.4856,3.5213,0.225484,0.13931
CHNCXR_0183_0,Shenzhen,0,4,False,DCT,10,257536,3877,66.426619,0.120434,33.088,0.845685,,,,,,1.7703,1.8849,2.0901,2.1102,0.069859,0.022132
CHNCXR_0183_0,Shenzhen,0,4,False,DCT,20,257536,6973,36.933314,0.216607,36.4429,0.914309,,,,,,2.142,2.2257,2.7134,2.7793,0.084983,0.032523
CHNCXR_0183_0,Shenzhen,0,4,False,DCT,30,257536,9501,27.106199,0.295135,38.236,0.938572,,,,,,2.3075,2.3628,2.955,2.9875,0.098248,0.043819
CHNCXR_0183_0,Shenzhen,0,4,False,DCT,50,257536,13822,18.632325,0.429361,40.2385,0.958344,,,,,,2.5131,2.5655,3.1721,3.208,0.114488,0.058655
CHNCXR_0183_0,Shenzhen,0,4,False,DCT,70,257536,19510,13.200205,0.606051,42.0696,0.971002,,,,,,2.6296,2.684,3.3082,3.348,0.140283,0.080419
CHNCXR_0183_0,Shenzhen,0,4,False,DCT,90,257536,38611,6.670016,1.199397,45.5871,0.985556,,,,,,2.7971,2.844,3.5058,3.5445,0.239667,0.150301
CHNCXR_0184_0,Shenzhen,0,0,False,DCT,10,257536,3745,68.767957,0.116333,33.4604,0.859291,,,,,,1.7519,1.8728,2.0427,2.069,0.07134,0.022064
CHNCXR_0184_0,Shenzhen,0,0,False,DCT,20,257536,6596,39.044269,0.204896,36.8394,0.922737,,,,,,2.155,2.2374,2.6754,2.7263,0.082974,0.032021
CHNCXR_0184_0,Shenzhen,0,0,False,DCT,30,257536,8934,28.826505,0.277522,38.6841,0.945433,,,,,,2.327,2.3909,2.923,2.9684,0.108482,0.042137
CHNCXR_0184_0,Shenzhen,0,0,False,DCT,50,257536,12799,20.121572,0.397583,40.7863,0.963896,,,,,,2.5257,2.5893,3.1337,3.167,0.113016,0.054925
CHNCXR_0184_0,Shenzhen,0,0,False,DCT,70,257536,18057,14.262391,0.560916,42.6796,0.974963,,,,,,2.6632,2.7269,3.2713,3.3215,0.138873,0.085522
CHNCXR_0184_0,Shenzhen,0,0,False,DCT,90,257536,35326,7.290268,1.097353,46.1954,0.987335,,,,,,2.8603,2.9214,3.4877,3.5259,0.211261,0.137471
CHNCXR_0185_0,Shenzhen,0,3,False,DCT,10,249856,3266,76.502143,0.104572,33.5622,0.857578,,,,,,1.6187,1.7549,1.917,1.9624,0.065848,0.019237
CHNCXR_0185_0,Shenzhen,0,3,False,DCT,20,249856,5942,42.049142,0.190254,36.902,0.919247,,,,,,2.0416,2.1665,2.6096,2.6483,0.078173,0.029461
CHNCXR_0185_0,Shenzhen,0,3,False,DCT,30,249856,8257,30.259901,0.264376,38.7676,0.943172,,,,,,2.2461,2.323,2.871,2.9104,0.087924,0.038958
CHNCXR_0185_0,Shenzhen,0,3,False,DCT,50,249856,11982,20.852612,0.383645,40.9206,0.962608,,,,,,2.4566,2.5438,3.0762,3.1021,0.104386,0.052819
CHNCXR_0185_0,Shenzhen,0,3,False,DCT,70,249856,17089,14.620867,0.547163,42.8436,0.97388,,,,,,2.6146,2.7098,3.2468,3.2991,0.130712,0.073325
CHNCXR_0185_0,Shenzhen,0,3,False,DCT,90,249856,33590,7.438404,1.075499,46.2945,0.98708,,,,,,2.8505,2.9165,3.4686,3.504,0.231782,0.130409
CHNCXR_0186_0,Shenzhen,0,1,False,DCT,10,225792,3117,72.438884,0.110438,33.377,0.851033,,,,,,1.6695,1.7734,1.9979,2.0417,0.060476,0.017027
CHNCXR_0186_0,Shenzhen,0,1,False,DCT,20,225792,5468,41.293343,0.193736,36.8856,0.917466,,,,,,2.0888,2.183,2.6816,2.7153,0.070395,0.025892
CHNCXR_0186_0,Shenzhen,0,1,False,DCT,30,225792,7508,30.073522,0.266015,38.7945,0.940794,,,,,,2.321,2.3516,2.9781,3.0238,0.077864,0.032668
CHNCXR_0186_0,Shenzhen,0,1,False,DCT,50,225792,10875,20.762483,0.38531,40.9909,0.961423,,,,,,2.5303,2.5818,3.2037,3.2296,0.103012,0.051832
CHNCXR_0186_0,Shenzhen,0,1,False,DCT,70,225792,15444,14.620047,0.547194,42.9953,0.973607,,,,,,2.6624,2.7196,3.3221,3.3707,0.112629,0.061693
CHNCXR_0186_0,Shenzhen,0,1,False,DCT,90,225792,30431,7.419802,1.078196,46.4407,0.986938,,,,,,2.914,2.9688,3.4947,3.5353,0.178658,0.116429
CHNCXR_0187_0,Shenzhen,0,4,False,DCT,10,208384,3291,63.319356,0.126344,32.6719,0.840246,,,,,,1.7619,1.9087,2.1726,2.1905,0.072711,0.015353
CHNCXR_0187_0,Shenzhen,0,4,False,DCT,20,208384,6006,34.695971,0.230574,36.0431,0.909703,,,,,,2.1487,2.2359,2.8302,2.8946,0.06904,0.027319
CHNCXR_0187_0,Shenzhen,0,4,False,DCT,30,208384,8128,25.637795,0.312039,37.9182,0.936228,,,,,,2.3118,2.3566,3.0577,3.0828,0.078569,0.037117
CHNCXR_0187_0,Shenzhen,0,4,False,DCT,50,208384,11816,17.635748,0.453624,40.1874,0.958426,,,,,,2.4948,2.5478,3.2415,3.2797,0.095766,0.049895
CHNCXR_0187_0,Shenzhen,0,4,False,DCT,70,208384,16443,12.673113,0.631258,42.1693,0.972083,,,,,,2.5874,2.6419,3.3443,3.3895,0.118421,0.066248
CHNCXR_0187_0,Shenzhen,0,4,False,DCT,90,208384,31647,6.584637,1.214949,45.8351,0.986348,,,,,,2.7645,2.8042,3.5279,3.5615,0.182912,0.12483
CHNCXR_0188_0,Shenzhen,0,2,False,DCT,10,261632,4095,63.890598,0.125214,33.2815,0.855739,,,,,,1.8286,1.9763,2.0453,2.0622,0.068968,0.023946
CHNCXR_0188_0,Shenzhen,0,2,False,DCT,20,261632,7283,35.923658,0.222694,36.4714,0.920365,,,,,,2.2097,2.3049,2.6414,2.7142,0.088204,0.035396
CHNCXR_0188_0,Shenzhen,0,2,False,DCT,30,261632,9885,26.467577,0.302257,38.1723,0.943412,,,,,,2.3794,2.5117,2.8993,2.927,0.097192,0.045603
CHNCXR_0188_0,Shenzhen,0,2,False,DCT,50,261632,14211,18.410527,0.434534,40.188,0.961906,,,,,,2.5732,2.7041,3.1313,3.1716,0.119316,0.062481
CHNCXR_0188_0,Shenzhen,0,2,False,DCT,70,261632,19967,13.10322,0.610537,41.9382,0.973341,,,,,,2.7185,2.8018,3.2892,3.3331,0.144097,0.083034
CHNCXR_0188_0,Shenzhen,0,2,False,DCT,90,261632,38757,6.750574,1.185084,45.2703,0.986247,,,,,,2.9336,2.9924,3.5011,3.5387,0.232083,0.162309
CHNCXR_0189_0,Shenzhen,0,0,False,DCT,10,235520,4190,56.210024,0.142323,32.6622,0.843853,,,,,,1.915,2.1086,2.1865,2.2015,0.06742,0.022406
CHNCXR_0189_0,Shenzhen,0,0,False,DCT,20,235520,7431,31.694254,0.252412,35.7879,0.911474,,,,,,2.2719,2.3904,2.7658,2.8156,0.084883,0.035778
CHNCXR_0189_0,Shenzhen,0,0,False,DCT,30,235520,10145,23.215377,0.344599,37.4639,0.935913,,,,,,2.4418,2.5617,3.0038,3.0278,0.096744,0.043824
CHNCXR_0189_0,Shenzhen,0,0,False,DCT,50,235520,14593,16.139245,0.495686,39.3978,0.956994,,,,,,2.6111,2.6988,3.1697,3.2198,0.113613,0.060716
CHNCXR_0189_0,Shenzhen,0,0,False,DCT,70,235520,20320,11.590551,0.690217,41.1674,0.969618,,,,,,2.7108,2.795,3.2876,3.3307,0.156796,0.079359
CHNCXR_0189_0,Shenzhen,0,0,False,DCT,90,235520,39120,6.02045,1.328804,44.3932,0.984164,,,,,,2.8849,2.9477,3.5158,3.5479,0.224454,0.164628
CHNCXR_0190_0,Shenzhen,0,0,False,DCT,10,256512,3523,72.810673,0.109874,33.7294,0.857576,,,,,,1.6775,1.7902,1.9825,2.0183,0.06691,0.020851
CHNCXR_0190_0,Shenzhen,0,0,False,DCT,20,256512,6317,40.606617,0.197012,37.0821,0.919992,,,,,,2.0914,2.1922,2.6502,2.6937,0.08029,0.032206
CHNCXR_0190_0,Shenzhen,0,0,False,DCT,30,256512,8687,29.528261,0.270927,38.8336,0.943469,,,,,,2.3099,2.3619,2.9064,2.9433,0.10618,0.039582
CHNCXR_0190_0,Shenzhen,0,0,False,DCT,50,256512,12602,20.354864,0.393026,40.9408,0.962627,,,,,,2.5103,2.5776,3.121,3.1471,0.107177,0.055536
CHNCXR_0190_0,Shenzhen,0,0,False,DCT,70,256512,17895,14.334283,0.558103,42.8242,0.973687,,,,,,2.6449,2.7185,3.2651,3.3137,0.134734,0.077102
CHNCXR_0190_0,Shenzhen,0,0,False,DCT,90,256512,35134,7.300962,1.095746,46.3081,0.98713,,,,,,2.8861,2.942,3.4836,3.5193,0.224703,0.13982
CHNCXR_0191_0,Shenzhen,0,0,False,DCT,10,257536,3906,65.933436,0.121334,33.2832,0.850066,,,,,,1.7441,1.8807,2.1,2.1186,0.070138,0.022957
CHNCXR_0191_0,Shenzhen,0,0,False,DCT,20,257536,7005,36.764597,0.217601,36.5775,0.914961,,,,,,2.1375,2.2299,2.7171,2.7861,0.093494,0.03528
CHNCXR_0191_0,Shenzhen,0,0,False,DCT,30,257536,9553,26.958652,0.296751,38.3949,0.940524,,,,,,2.315,2.3686,2.9547,2.9824,0.09628,0.043079
CHNCXR_0191_0,Shenzhen,0,0,False,DCT,50,257536,13834,18.616163,0.429734,40.513,0.96091,,,,,,2.5081,2.5732,3.1517,3.1891,0.144896,0.059009
CHNCXR_0191_0,Shenzhen,0,0,False,DCT,70,257536,19495,13.210362,0.605585,42.3823,0.972399,,,,,,2.6335,2.6992,3.2904,3.3366,0.144473,0.079267
CHNCXR_0191_0,Shenzhen,0,0,False,DCT,90,257536,37824,6.808799,1.17495,45.9124,0.986925,,,,,,2.8445,2.9129,3.4868,3.5204,0.225903,0.152936
CHNCXR_0192_0,Shenzhen,0,2,False,DCT,10,261632,4376,59.787934,0.133806,32.9867,0.862582,,,,,,1.8781,2.0386,2.1242,2.1396,0.076762,0.024192
CHNCXR_0192_0,Shenzhen,0,2,False,DCT,20,261632,7655,34.177923,0.234069,36.3948,0.929155,,,,,,2.2504,2.3618,2.7054,2.7664,0.091518,0.036658
CHNCXR_0192_0,Shenzhen,0,2,False,DCT,30,261632,10345,25.290672,0.316322,38.13,0.949761,,,,,,2.4092,2.543,2.9724,2.9991,0.100926,0.047057
CHNCXR_0192_0,Shenzhen,0,2,False,DCT,50,261632,14597,17.923683,0.446337,40.2313,0.966666,,,,,,2.6145,2.7424,3.1639,3.2035,0.120536,0.06393
CHNCXR_0192_0,Shenzhen,0,2,False,DCT,70,261632,20027,13.063964,0.612372,42.0161,0.976803,,,,,,2.7726,2.8828,3.3139,3.3565,0.162392,0.084874
CHNCXR_0192_0,Shenzhen,0,2,False,DCT,90,261632,38154,6.857263,1.166646,45.4501,0.988073,,,,,,3.0229,3.0916,3.5606,3.5971,0.227777,0.151133
CHNCXR_0193_0,Shenzhen,0,2,False,DCT,10,252928,4324,58.493987,0.136766,32.8375,0.846559,,,,,,1.8604,2.0222,2.1654,2.1816,0.069607,0.024598
CHNCXR_0193_0,Shenzhen,0,2,False,DCT,20,252928,7695,32.869136,0.243389,35.9994,0.912435,,,,,,2.2314,2.3296,2.7467,2.7991,0.109667,0.036336
CHNCXR_0193_0,Shenzhen,0,2,False,DCT,30,252928,10504,24.079208,0.332237,37.6264,0.936448,,,,,,2.4073,2.5184,2.972,2.993,0.114691,0.046712
CHNCXR_0193_0,Shenzhen,0,2,False,DCT,50,252928,15275,16.558298,0.483141,39.595,0.957167,,,,,,2.5913,2.7031,3.1702,3.2158,0.124797,0.067339
CHNCXR_0193_0,Shenzhen,0,2,False,DCT,70,252928,21379,11.830675,0.676208,41.3569,0.969759,,,,,,2.7151,2.8072,3.2784,3.3161,0.153041,0.09242
CHNCXR_0193_0,Shenzhen,0,2,False,DCT,90,252928,41280,6.127132,1.305668,44.4662,0.984007,,,,,,2.9131,2.9879,3.4927,3.5233,0.247015,0.167733
CHNCXR_0194_0,Shenzhen,0,3,False,DCT,10,262144,4093,64.046909,0.124908,33.1789,0.860047,,,,,,1.8445,1.9751,2.0623,2.0796,0.08051,0.023245
CHNCXR_0194_0,Shenzhen,0,3,False,DCT,20,262144,7319,35.816915,0.223358,36.5269,0.92441,,,,,,2.2262,2.3289,2.6826,2.7584,0.084821,0.034681
CHNCXR_0194_0,Shenzhen,0,3,False,DCT,30,262144,9791,26.773976,0.298798,38.2361,0.94552,,,,,,2.4079,2.5059,2.9441,2.9721,0.100894,0.047512
CHNCXR_0194_0,Shenzhen,0,3,False,DCT,50,262144,14046,18.663249,0.42865,40.2288,0.963545,,,,,,2.6038,2.7515,3.1705,3.2061,0.139376,0.062892
CHNCXR_0194_0,Shenzhen,0,3,False,DCT,70,262144,19602,13.373329,0.598206,41.9993,0.974288,,,,,,2.7664,2.8921,3.3072,3.353,0.146417,0.08545
CHNCXR_0194_0,Shenzhen,0,3,False,DCT,90,262144,37845,6.92678,1.154938,45.3273,0.986683,,,,,,3.0217,3.0901,3.5261,3.565,0.231054,0.15937
CHNCXR_0195_0,Shenzhen,0,2,False,DCT,10,261632,4365,59.938603,0.13347,32.8585,0.855904,,,,,,1.8604,2.0112,2.1489,2.1648,0.076322,0.025387
CHNCXR_0195_0,Shenzhen,0,2,False,DCT,20,261632,7821,33.4525,0.239145,35.9537,0.919352,,,,,,2.2343,2.345,2.7698,2.8182,0.093145,0.037945
CHNCXR_0195_0,Shenzhen,0,2,False,DCT,30,261632,10679,24.499672,0.326535,37.6998,0.942355,,,,,,2.4201,2.5662,3.0126,3.0315,0.109328,0.050184
CHNCXR_0195_0,Shenzhen,0,2,False,DCT,50,261632,15175,17.240988,0.464011,39.6488,0.96113,,,,,,2.6012,2.7466,3.1882,3.228,0.12322,0.068361
CHNCXR_0195_0,Shenzhen,0,2,False,DCT,70,261632,21183,12.351036,0.647719,41.4505,0.972704,,,,,,2.7533,2.8879,3.3354,3.3783,0.17286,0.08904
CHNCXR_0195_0,Shenzhen,0,2,False,DCT,90,261632,40610,6.442551,1.241744,44.8058,0.985996,,,,,,2.9907,3.0703,3.5534,3.5902,0.243182,0.162491
CHNCXR_0196_0,Shenzhen,0,3,False,DCT,10,262144,4113,63.735473,0.125519,33.3179,0.865169,,,,,,1.8241,1.9575,2.078,2.0935,0.076216,0.025216
CHNCXR_0196_0,Shenzhen,0,3,False,DCT,20,262144,7334,35.74366,0.223816,36.6035,0.92508,,,,,,2.2074,2.3042,2.6749,2.7468,0.090863,0.036375
CHNCXR_0196_0,Shenzhen,0,3,False,DCT,30,262144,9884,26.522056,0.301636,38.3631,0.946557,,,,,,2.3812,2.5151,2.9298,2.9585,0.099841,0.046973
CHNCXR_0196_0,Shenzhen,0,3,False,DCT,50,262144,14106,18.583865,0.430481,40.4454,0.964923,,,,,,2.5913,2.7268,3.1306,3.1691,0.118811,0.064421
CHNCXR_0196_0,Shenzhen,0,3,False,DCT,70,262144,19634,13.351533,0.599182,42.2769,0.975621,,,,,,2.7412,2.8474,3.2887,3.3334,0.145781,0.084073
CHNCXR_0196_0,Shenzhen,0,3,False,DCT,90,262144,37800,6.935026,1.153564,45.5988,0.987452,,,,,,2.9784,3.0383,3.5399,3.5764,0.249801,0.151773
CHNCXR_0197_0,Shenzhen,0,0,False,DCT,10,257024,3383,75.97517,0.105298,33.9438,0.86215,,,,,,1.6431,1.745,1.9374,1.9866,0.069189,0.020489
CHNCXR_0197_0,Shenzhen,0,0,False,DCT,20,257024,5961,43.117598,0.185539,37.4621,0.926618,,,,,,2.0599,2.1843,2.6167,2.6476,0.083959,0.031487
CHNCXR_0197_0,Shenzhen,0,0,False,DCT,30,257024,8124,31.637617,0.252864,39.3307,0.949088,,,,,,2.2724,2.3279,2.8872,2.9346,0.107975,0.039153
CHNCXR_0197_0,Shenzhen,0,0,False,DCT,50,257024,11712,21.945355,0.364542,41.5004,0.96673,,,,,,2.5012,2.5776,3.1253,3.1484,0.106726,0.054178
CHNCXR_0197_0,Shenzhen,0,0,False,DCT,70,257024,16448,15.626459,0.511952,43.3926,0.975719,,,,,,2.6657,2.751,3.2701,3.3192,0.130473,0.072175
CHNCXR_0197_0,Shenzhen,0,0,False,DCT,90,257024,32271,7.96455,1.004451,46.9325,0.988806,,,,,,2.9257,3.0079,3.4977,3.5315,0.20273,0.130954
CHNCXR_0198_0,Shenzhen,0,1,False,DCT,10,261120,4352,60.0,0.133333,32.9313,0.856469,,,,,,1.8702,2.0354,2.1215,2.141,0.074628,0.026304
CHNCXR_0198_0,Shenzhen,0,1,False,DCT,20,261120,7796,33.4941,0.238848,36.2071,0.922148,,,,,,2.2441,2.3555,2.74,2.7929,0.089269,0.037475
CHNCXR_0198_0,Shenzhen,0,1,False,DCT,30,261120,10496,24.878049,0.321569,37.8994,0.944647,,,,,,2.437,2.5696,2.9387,2.9615,0.103582,0.051604
CHNCXR_0198_0,Shenzhen,0,1,False,DCT,50,261120,15050,17.350166,0.461091,39.926,0.963061,,,,,,2.603,2.7361,3.1722,3.2122,0.124161,0.064738
CHNCXR_0198_0,Shenzhen,0,1,False,DCT,70,261120,21001,12.433694,0.643413,41.7383,0.97433,,,,,,2.749,2.8794,3.3253,3.3693,0.178685,0.089195
CHNCXR_0198_0,Shenzhen,0,1,False,DCT,90,261120,39873,6.548792,1.221599,45.1427,0.986879,,,,,,2.9811,3.0571,3.5379,3.5752,0.243656,0.16727
CHNCXR_0199_0,Shenzhen,0,3,False,DCT,10,257536,3944,65.298174,0.122515,33.0781,0.853324,,,,,,1.7264,1.8207,2.1919,2.2122,0.071055,0.022207
CHNCXR_0199_0,Shenzhen,0,3,False,DCT,20,257536,6979,36.901562,0.216793,36.434,0.91703,,,,,,2.1347,2.2019,2.8098,2.8742,0.086474,0.033027
CHNCXR_0199_0,Shenzhen,0,3,False,DCT,30,257536,9406,27.37997,0.292184,38.403,0.941932,,,,,,2.3161,2.3847,3.0321,3.0617,0.098405,0.043647
CHNCXR_0199_0,Shenzhen,0,3,False,DCT,50,257536,13499,19.078154,0.419328,40.7134,0.962335,,,,,,2.5144,2.5685,3.2367,3.2658,0.118279,0.06113
CHNCXR_0199_0,Shenzhen,0,3,False,DCT,70,257536,18884,13.637789,0.586605,42.8347,0.974739,,,,,,2.6793,2.7344,3.352,3.3958,0.178245,0.093043
CHNCXR_0199_0,Shenzhen,0,3,False,DCT,90,257536,36197,7.114844,1.12441,46.5971,0.98777,,,,,,2.8928,2.9551,3.5281,3.5653,0.22163,0.146295
CHNCXR_0200_0,Shenzhen,0,2,False,DCT,10,261632,4450,58.793708,0.136069,32.8151,0.854457,,,,,,1.8989,2.062,2.1421,2.155,0.077474,0.024943
CHNCXR_0200_0,Shenzhen,0,2,False,DCT,20,261632,7955,32.889001,0.243242,35.9513,0.920148,,,,,,2.2662,2.366,2.7478,2.8019,0.092912,0.039385
CHNCXR_0200_0,Shenzhen,0,2,False,DCT,30,261632,10871,24.066967,0.332406,37.6225,0.94201,,,,,,2.4535,2.5615,3.0017,3.0265,0.113247,0.064495
CHNCXR_0200_0,Shenzhen,0,2,False,DCT,50,261632,15420,16.967056,0.471502,39.6196,0.960919,,,,,,2.6326,2.7385,3.1876,3.2313,0.128713,0.06955
CHNCXR_0200_0,Shenzhen,0,2,False,DCT,70,261632,21326,12.268217,0.652091,41.3654,0.972669,,,,,,2.7627,2.8696,3.3338,3.377,0.174622,0.091126
CHNCXR_0200_0,Shenzhen,0,2,False,DCT,90,261632,40866,6.402193,1.249572,44.7508,0.985909,,,,,,2.9812,3.0471,3.5515,3.5877,0.242673,0.165006
CHNCXR_0201_0,Shenzhen,0,1,False,DCT,10,260096,4306,60.403158,0.132443,32.5862,0.827651,,,,,,1.8502,1.978,2.2017,2.2099,0.081145,0.02577
CHNCXR_0201_0,Shenzhen,0,1,False,DCT,20,260096,7626,34.106478,0.23456,35.6796,0.896314,,,,,,2.2101,2.2825,2.8182,2.8824,0.093385,0.040176
CHNCXR_0201_0,Shenzhen,0,1,False,DCT,30,260096,10253,25.367795,0.31536,37.4007,0.922061,,,,,,2.3908,2.4353,3.0321,3.0585,0.111831,0.050132
CHNCXR_0201_0,Shenzhen,0,1,False,DCT,50,260096,14725,17.663565,0.45291,39.267,0.942501,,,,,,2.5606,2.6292,3.2514,3.2831,0.125407,0.065541
CHNCXR_0201_0,Shenzhen,0,1,False,DCT,70,260096,21110,12.320985,0.649299,40.9043,0.957148,,,,,,2.6599,2.7144,3.4256,3.4641,0.15651,0.089743
CHNCXR_0201_0,Shenzhen,0,1,False,DCT,90,260096,42965,6.053672,1.321512,44.1399,0.977532,,,,,,2.8325,2.8735,3.5565,3.5911,0.287158,0.172479
CHNCXR_0202_0,Shenzhen,0,0,False,DCT,10,220160,3284,67.040195,0.119331,32.6812,0.840969,,,,,,1.6851,1.7758,2.1961,2.2301,0.064563,0.018369
CHNCXR_0202_0,Shenzhen,0,0,False,DCT,20,220160,5657,38.918154,0.20556,35.8021,0.906233,,,,,,2.0814,2.1895,2.736,2.7856,0.084394,0.027422
CHNCXR_0202_0,Shenzhen,0,0,False,DCT,30,220160,7683,28.655473,0.279179,37.5852,0.929127,,,,,,2.2906,2.3293,2.9908,3.0271,0.080064,0.035372
CHNCXR_0202_0,Shenzhen,0,0,False,DCT,50,220160,11042,19.938417,0.401235,39.7292,0.948948,,,,,,2.4979,2.542,3.1791,3.2072,0.095179,0.049185
CHNCXR_0202_0,Shenzhen,0,0,False,DCT,70,220160,16014,13.747971,0.581904,41.5521,0.960568,,,,,,2.6406,2.6916,3.3328,3.3804,0.125155,0.068731
CHNCXR_0202_0,Shenzhen,0,0,False,DCT,90,220160,33270,6.617373,1.208939,44.6054,0.977421,,,,,,2.8761,2.906,3.4657,3.5009,0.199565,0.136866
CHNCXR_0203_0,Shenzhen,0,1,False,DCT,10,261632,4249,61.574959,0.129923,33.199,0.862839,,,,,,1.8335,1.9785,2.0982,2.1122,0.078019,0.025385
CHNCXR_0203_0,Shenzhen,0,1,False,DCT,20,261632,7632,34.280922,0.233366,36.2889,0.923192,,,,,,2.2198,2.3242,2.6955,2.7561,0.109409,0.041639
CHNCXR_0203_0,Shenzhen,0,1,False,DCT,30,261632,10293,25.41844,0.314732,38.056,0.945162,,,,,,2.3769,2.5242,2.9352,2.9613,0.104752,0.049497
CHNCXR_0203_0,Shenzhen,0,1,False,DCT,50,261632,14700,17.798095,0.449486,40.0682,0.963848,,,,,,2.5795,2.7168,3.146,3.1895,0.124723,0.064205
CHNCXR_0203_0,Shenzhen,0,1,False,DCT,70,261632,20395,12.828242,0.623624,41.8781,0.97469,,,,,,2.7305,2.8357,3.2853,3.327,0.150504,0.085704
CHNCXR_0203_0,Shenzhen,0,1,False,DCT,90,261632,39338,6.650872,1.20285,45.1252,0.986852,,,,,,2.9469,3.0054,3.5248,3.5631,0.23836,0.157571
CHNCXR_0204_0,Shenzhen,0,3,False,DCT,10,261632,4715,55.48929,0.144172,32.5738,0.849582,,,,,,1.8882,2.0642,2.2302,2.2404,0.079827,0.026897
CHNCXR_0204_0,Shenzhen,0,3,False,DCT,20,261632,8367,31.269511,0.25584,35.7358,0.917521,,,,,,2.2501,2.3657,2.7803,2.8233,0.093559,0.042021
CHNCXR_0204_0,Shenzhen,0,3,False,DCT,30,261632,11402,22.94615,0.348642,37.4988,0.942004,,,,,,2.4212,2.554,3.0135,3.0349,0.108388,0.051793
CHNCXR_0204_0,Shenzhen,0,3,False,DCT,50,261632,16209,16.141156,0.495627,39.4823,0.961209,,,,,,2.5987,2.6987,3.1946,3.2439,0.130616,0.071162
CHNCXR_0204_0,Shenzhen,0,3,False,DCT,70,261632,22400,11.68,0.684932,41.286,0.972882,,,,,,2.7271,2.8337,3.3203,3.3623,0.160448,0.096502
CHNCXR_0204_0,Shenzhen,0,3,False,DCT,90,261632,42524,6.152573,1.300269,44.6183,0.98615,,,,,,2.944,3.0151,3.5392,3.5729,0.265438,0.172341
CHNCXR_0205_0,Shenzhen,0,2,False,DCT,10,258560,3853,67.106151,0.119214,33.2335,0.842521,,,,,,1.7334,1.8518,2.0837,2.1106,0.072474,0.023355
CHNCXR_0205_0,Shenzhen,0,2,False,DCT,20,258560,6725,38.447584,0.208075,36.5687,0.908077,,,,,,2.1258,2.2144,2.688,2.7418,0.107485,0.034814
CHNCXR_0205_0,Shenzhen,0,2,False,DCT,30,258560,9122,28.344661,0.28224,38.2736,0.931613,,,,,,2.3057,2.3564,2.9559,2.99,0.095014,0.043985
CHNCXR_0205_0,Shenzhen,0,2,False,DCT,50,258560,13234,19.537555,0.409468,40.2631,0.952243,,,,,,2.4999,2.5403,3.1995,3.2267,0.118177,0.061821
CHNCXR_0205_0,Shenzhen,0,2,False,DCT,70,258560,18861,13.708711,0.583571,42.0819,0.965582,,,,,,2.6317,2.7031,3.3218,3.363,0.141966,0.082374
CHNCXR_0205_0,Shenzhen,0,2,False,DCT,90,258560,38350,6.742112,1.186572,45.1194,0.980632,,,,,,2.8095,2.832,3.4944,3.5315,0.233479,0.156627
CHNCXR_0206_0,Shenzhen,0,0,False,DCT,10,232448,3351,69.366756,0.115329,33.2707,0.858214,,,,,,1.6541,1.7492,2.1678,2.205,0.061338,0.019426
CHNCXR_0206_0,Shenzhen,0,0,False,DCT,20,232448,5848,39.74829,0.201267,36.6276,0.918819,,,,,,2.075,2.1944,2.7865,2.8311,0.072398,0.027426
CHNCXR_0206_0,Shenzhen,0,0,False,DCT,30,232448,7935,29.294014,0.273093,38.5748,0.942738,,,,,,2.286,2.3363,3.0319,3.0705,0.085725,0.035436
CHNCXR_0206_0,Shenzhen,0,0,False,DCT,50,232448,11444,20.311779,0.39386,40.8021,0.961723,,,,,,2.5037,2.5543,3.2384,3.2633,0.101421,0.05112
CHNCXR_0206_0,Shenzhen,0,0,False,DCT,70,232448,16098,14.439558,0.554034,42.9279,0.973668,,,,,,2.6594,2.7294,3.3426,3.3954,0.124252,0.06784
CHNCXR_0206_0,Shenzhen,0,0,False,DCT,90,232448,31915,7.283346,1.098396,46.4906,0.986402,,,,,,2.9201,2.9879,3.5476,3.5852,0.199772,0.128991
CHNCXR_0207_0,Shenzhen,0,4,False,DCT,10,262144,4321,60.667438,0.131866,33.003,0.861171,,,,,,1.8588,1.9976,2.1299,2.1407,0.076157,0.025768
CHNCXR_0207_0,Shenzhen,0,4,False,DCT,20,262144,7576,34.601901,0.231201,36.347,0.925434,,,,,,2.2408,2.3538,2.7081,2.768,0.089692,0.037249
CHNCXR_0207_0,Shenzhen,0,4,False,DCT,30,262144,10221,25.647588,0.31192,38.0797,0.946552,,,,,,2.4221,2.5605,2.9582,2.9809,0.121356,0.048198
CHNCXR_0207_0,Shenzhen,0,4,False,DCT,50,262144,14529,18.042811,0.44339,40.0631,0.964307,,,,,,2.6112,2.7476,3.163,3.2017,0.124202,0.064543
CHNCXR_0207_0,Shenzhen,0,4,False,DCT,70,262144,20179,12.990931,0.615814,41.8238,0.974751,,,,,,2.7744,2.9011,3.3042,3.3423,0.153091,0.086532
CHNCXR_0207_0,Shenzhen,0,4,False,DCT,90,262144,38695,6.774622,1.180878,45.1726,0.986988,,,,,,3.0184,3.0964,3.5411,3.5787,0.234525,0.153439
CHNCXR_0208_0,Shenzhen,0,2,False,DCT,10,241664,4007,60.310457,0.132647,32.6424,0.841341,,,,,,1.7782,1.9145,2.2542,2.2698,0.071871,0.021329
CHNCXR_0208_0,Shenzhen,0,2,False,DCT,20,241664,7192,33.60178,0.238083,35.9318,0.909461,,,,,,2.1589,2.246,2.8757,2.9319,0.08328,0.032678
CHNCXR_0208_0,Shenzhen,0,2,False,DCT,30,241664,9724,24.852324,0.321901,37.8167,0.935341,,,,,,2.3222,2.3694,3.0643,3.0927,0.092145,0.044765
CHNCXR_0208_0,Shenzhen,0,2,False,DCT,50,241664,14007,17.253088,0.463685,40.0885,0.957708,,,,,,2.5098,2.5681,3.2558,3.2946,0.136613,0.059937
CHNCXR_0208_0,Shenzhen,0,2,False,DCT,70,241664,19620,12.317227,0.649497,42.0645,0.971469,,,,,,2.6297,2.6822,3.3664,3.4105,0.143331,0.084184
CHNCXR_0208_0,Shenzhen,0,2,False,DCT,90,241664,37601,6.427063,1.244736,45.7407,0.986374,,,,,,2.806,2.8626,3.5189,3.5516,0.22255,0.156055
CHNCXR_0209_0,Shenzhen,0,3,False,DCT,10,261120,4085,63.921665,0.125153,33.1698,0.857923,,,,,,1.7976,1.9387,2.0729,2.093,0.076221,0.024261
CHNCXR_0209_0,Shenzhen,0,3,False,DCT,20,261120,7406,35.257899,0.2269,36.408,0.921321,,,,,,2.1837,2.3015,2.6857,2.7483,0.091086,0.037548
CHNCXR_0209_0,Shenzhen,0,3,False,DCT,30,261120,9964,26.206343,0.30527,38.0609,0.943664,,,,,,2.3577,2.488,2.9086,2.9336,0.119384,0.047026
CHNCXR_0209_0,Shenzhen,0,3,False,DCT,50,261120,14361,18.182578,0.439982,40.0727,0.962414,,,,,,2.5715,2.7163,3.1366,3.1764,0.120761,0.06464
CHNCXR_0209_0,Shenzhen,0,3,False,DCT,70,261120,20031,13.035795,0.613695,41.8474,0.973633,,,,,,2.7184,2.8333,3.3017,3.3467,0.146855,0.086646
CHNCXR_0209_0,Shenzhen,0,3,False,DCT,90,261120,38714,6.744847,1.186091,45.1246,0.986263,,,,,,2.9614,3.0229,3.543,3.5812,0.236849,0.157734
CHNCXR_0210_0,Shenzhen,0,0,False,DCT,10,262144,4324,60.625347,0.131958,33.1109,0.864371,,,,,,1.8953,2.0583,2.1204,2.1295,0.07521,0.024955
CHNCXR_0210_0,Shenzhen,0,0,False,DCT,20,262144,7655,34.244807,0.233612,36.352,0.925757,,,,,,2.2669,2.3801,2.7294,2.7842,0.08931,0.03728
CHNCXR_0210_0,Shenzhen,0,0,False,DCT,30,262144,10323,25.394168,0.315033,38.0683,0.947014,,,,,,2.4607,2.5962,2.9811,2.9995,0.102293,0.050621
CHNCXR_0210_0,Shenzhen,0,0,False,DCT,50,262144,14608,17.945235,0.445801,40.1328,0.964913,,,,,,2.633,2.7446,3.1942,3.229,0.123067,0.066421
CHNCXR_0210_0,Shenzhen,0,0,False,DCT,70,262144,20191,12.98321,0.61618,41.91,0.975395,,,,,,2.7831,2.9001,3.3347,3.3794,0.147821,0.085354
CHNCXR_0210_0,Shenzhen,0,0,False,DCT,90,262144,38474,6.813536,1.174133,45.2799,0.987345,,,,,,3.0326,3.0969,3.5528,3.589,0.254043,0.155499
CHNCXR_0211_0,Shenzhen,0,4,False,DCT,10,261632,4431,59.045814,0.135488,33.0262,0.858694,,,,,,1.8774,2.0291,2.1449,2.1595,0.078727,0.025753
CHNCXR_0211_0,Shenzhen,0,4,False,DCT,20,261632,7853,33.316185,0.240124,36.1661,0.922336,,,,,,2.2534,2.3525,2.7123,2.7689,0.093357,0.039071
CHNCXR_0211_0,Shenzhen,0,4,False,DCT,30,261632,10602,24.677608,0.324181,37.919,0.944411,,,,,,2.4078,2.5437,2.9657,2.9912,0.108448,0.05033
CHNCXR_0211_0,Shenzhen,0,4,False,DCT,50,261632,15196,17.217162,0.464653,39.9728,0.963592,,,,,,2.6002,2.7161,3.1661,3.2104,0.150771,0.066473
CHNCXR_0211_0,Shenzhen,0,4,False,DCT,70,261632,20994,12.462227,0.64194,41.7755,0.974531,,,,,,2.7495,2.8447,3.293,3.3325,0.15334,0.105043
CHNCXR_0211_0,Shenzhen,0,4,False,DCT,90,261632,39985,6.543254,1.222633,45.0477,0.986849,,,,,,2.9585,3.0088,3.5309,3.5673,0.232931,0.158523
CHNCXR_0212_0,Shenzhen,0,4,False,DCT,10,242688,3606,67.301165,0.118869,33.097,0.849458,,,,,,1.6374,1.7549,2.1681,2.1986,0.069041,0.020937
CHNCXR_0212_0,Shenzhen,0,4,False,DCT,20,242688,6348,38.230624,0.209256,36.6073,0.914767,,,,,,2.0549,2.1693,2.7696,2.8196,0.080949,0.030468
CHNCXR_0212_0,Shenzhen,0,4,False,DCT,30,242688,8702,27.888761,0.286854,38.4503,0.939706,,,,,,2.2641,2.3391,3.0314,3.067,0.096109,0.041382
CHNCXR_0212_0,Shenzhen,0,4,False,DCT,50,242688,12539,19.354653,0.413337,40.7842,0.960873,,,,,,2.478,2.5641,3.2067,3.2385,0.127619,0.05596
CHNCXR_0212_0,Shenzhen,0,4,False,DCT,70,242688,17638,13.759383,0.581421,42.7522,0.973298,,,,,,2.6342,2.7255,3.3323,3.3782,0.138835,0.078324
CHNCXR_0212_0,Shenzhen,0,4,False,DCT,90,242688,34309,7.073596,1.130967,46.184,0.986522,,,,,,2.8927,2.9609,3.5224,3.5597,0.208045,0.138677
CHNCXR_0213_0,Shenzhen,0,4,False,DCT,10,257024,3475,73.963741,0.108161,33.8322,0.859318,,,,,,1.6706,1.7768,1.9768,2.0202,0.069044,0.02014
CHNCXR_0213_0,Shenzhen,0,4,False,DCT,20,257024,6198,41.468861,0.192916,37.2133,0.922786,,,,,,2.0736,2.1781,2.6444,2.6823,0.081902,0.031189
CHNCXR_0213_0,Shenzhen,0,4,False,DCT,30,257024,8482,30.302287,0.264006,38.9787,0.944932,,,,,,2.2731,2.3217,2.9198,2.9635,0.09334,0.042148
CHNCXR_0213_0,Shenzhen,0,4,False,DCT,50,257024,12319,20.864031,0.383435,41.0541,0.963271,,,,,,2.4944,2.5409,3.1402,3.1694,0.128549,0.055219
CHNCXR_0213_0,Shenzhen,0,4,False,DCT,70,257024,17509,14.679536,0.544976,42.9804,0.97497,,,,,,2.6266,2.6783,3.2874,3.338,0.136186,0.076686
CHNCXR_0213_0,Shenzhen,0,4,False,DCT,90,257024,34382,7.47554,1.070157,46.514,0.987669,,,,,,2.8517,2.9023,3.4906,3.5281,0.217263,0.140901
CHNCXR_0214_0,Shenzhen,0,1,False,DCT,10,250368,3649,68.612771,0.116596,33.3136,0.847833,,,,,,1.7675,1.8894,2.0265,2.0577,0.06776,0.021978
CHNCXR_0214_0,Shenzhen,0,1,False,DCT,20,250368,6494,38.553742,0.207503,36.6247,0.914274,,,,,,2.1492,2.2306,2.6377,2.6875,0.082924,0.032306
CHNCXR_0214_0,Shenzhen,0,1,False,DCT,30,250368,8929,28.03987,0.285308,38.4214,0.939278,,,,,,2.3576,2.4047,2.9076,2.9474,0.092187,0.046255
CHNCXR_0214_0,Shenzhen,0,1,False,DCT,50,250368,13002,19.256114,0.415452,40.578,0.959725,,,,,,2.55,2.593,3.1365,3.1684,0.118012,0.058296
CHNCXR_0214_0,Shenzhen,0,1,False,DCT,70,250368,18360,13.636601,0.586656,42.4202,0.970911,,,,,,2.6632,2.7223,3.2719,3.3166,0.137733,0.079919
CHNCXR_0214_0,Shenzhen,0,1,False,DCT,90,250368,35979,6.958726,1.149636,45.949,0.986111,,,,,,2.882,2.9181,3.4869,3.5215,0.219352,0.14226
CHNCXR_0215_0,Shenzhen,0,2,False,DCT,10,257024,3769,68.194216,0.117312,33.2825,0.850456,,,,,,1.719,1.8053,2.1266,2.1516,0.072604,0.021284
CHNCXR_0215_0,Shenzhen,0,2,False,DCT,20,257024,6483,39.645843,0.201787,36.5622,0.91294,,,,,,2.1199,2.2068,2.7548,2.7963,0.082213,0.031183
CHNCXR_0215_0,Shenzhen,0,2,False,DCT,30,257024,8692,29.570179,0.270543,38.4866,0.935771,,,,,,2.3127,2.3733,2.9989,3.0405,0.095482,0.043245
CHNCXR_0215_0,Shenzhen,0,2,False,DCT,50,257024,12365,20.786413,0.384867,40.4803,0.954035,,,,,,2.502,2.5407,3.2396,3.262,0.131824,0.054367
CHNCXR_0215_0,Shenzhen,0,2,False,DCT,70,257024,17626,14.582095,0.548618,42.2872,0.966076,,,,,,2.6424,2.6793,3.4043,3.4502,0.134276,0.075554
CHNCXR_0215_0,Shenzhen,0,2,False,DCT,90,257024,36417,7.057803,1.133497,45.288,0.98022,,,,,,2.8409,2.8842,3.5452,3.5816,0.220915,0.14493
CHNCXR_0216_0,Shenzhen,0,4,False,DCT,10,262144,3594,72.939343,0.10968,33.6288,0.854714,,,,,,1.66,1.7759,2.0013,2.0354,0.073874,0.021577
CHNCXR_0216_0,Shenzhen,0,4,False,DCT,20,262144,6418,40.845123,0.195862,37.0034,0.920461,,,,,,2.0639,2.1792,2.6368,2.6826,0.085413,0.033336
CHNCXR_0216_0,Shenzhen,0,4,False,DCT,30,262144,8815,29.7384,0.269012,38.8977,0.944736,,,,,,2.278,2.3503,2.8849,2.9217,0.099443,0.043589
CHNCXR_0216_0,Shenzhen,0,4,False,DCT,50,262144,12708,20.628266,0.387817,41.0761,0.963844,,,,,,2.4932,2.5708,3.1081,3.1362,0.112877,0.057548
CHNCXR_0216_0,Shenzhen,0,4,False,DCT,70,262144,17982,14.578134,0.548767,42.9516,0.973893,,,,,,2.6255,2.7004,3.2579,3.3088,0.139073,0.080717
CHNCXR_0216_0,Shenzhen,0,4,False,DCT,90,262144,35206,7.446004,1.074402,46.5085,0.987808,,,,,,2.8716,2.9338,3.4945,3.5301,0.233217,0.145708
CHNCXR_0217_0,Shenzhen,0,3,False,DCT,10,257536,3865,66.632859,0.120061,33.3216,0.857506,,,,,,1.713,1.8676,2.0195,2.0338,0.072276,0.024364
CHNCXR_0217_0,Shenzhen,0,3,False,DCT,20,257536,6897,37.340293,0.214246,36.718,0.922735,,,,,,2.1142,2.2359,2.6243,2.6969,0.106193,0.034121
CHNCXR_0217_0,Shenzhen,0,3,False,DCT,30,257536,9375,27.470507,0.291221,38.4694,0.944361,,,,,,2.3048,2.4194,2.9082,2.9338,0.096977,0.044601
CHNCXR_0217_0,Shenzhen,0,3,False,DCT,50,257536,13358,19.279533,0.414948,40.5205,0.961863,,,,,,2.5059,2.6468,3.1081,3.1484,0.115951,0.059865
CHNCXR_0217_0,Shenzhen,0,3,False,DCT,70,257536,18797,13.70091,0.583903,42.228,0.972439,,,,,,2.6594,2.7656,3.2814,3.3222,0.139319,0.082306
CHNCXR_0217_0,Shenzhen,0,3,False,DCT,90,257536,37447,6.877347,1.163239,45.4014,0.985427,,,,,,2.9033,2.968,3.5153,3.5535,0.233328,0.154914
CHNCXR_0218_0,Shenzhen,0,1,False,DCT,10,261120,3747,69.68775,0.114798,33.591,0.853897,,,,,,1.7323,1.8718,1.965,1.9918,0.076502,0.023618
CHNCXR_0218_0,Shenzhen,0,1,False,DCT,20,261120,6684,39.066427,0.204779,36.8737,0.920733,,,,,,2.1232,2.2368,2.6193,2.6889,0.083587,0.033693
CHNCXR_0218_0,Shenzhen,0,1,False,DCT,30,261120,8967,29.120107,0.274724,38.5685,0.944839,,,,,,2.3171,2.4194,2.8419,2.8732,0.096577,0.043791
CHNCXR_0218_0,Shenzhen,0,1,False,DCT,50,261120,12955,20.155924,0.396906,40.6221,0.963129,,,,,,2.5381,2.668,3.0978,3.1275,0.116089,0.058138
CHNCXR_0218_0,Shenzhen,0,1,False,DCT,70,261120,18347,14.2323,0.562102,42.3523,0.972137,,,,,,2.6885,2.8052,3.2664,3.3115,0.140252,0.084362
CHNCXR_0218_0,Shenzhen,0,1,False,DCT,90,261120,36446,7.164572,1.116605,45.5867,0.986054,,,,,,2.9493,3.0125,3.5115,3.5496,0.248568,0.152845
CHNCXR_0219_0,Shenzhen,0,2,False,DCT,10,261632,3964,66.002018,0.121208,33.4168,0.850101,,,,,,1.7647,1.9338,1.9996,2.0161,0.075598,0.024865
CHNCXR_0219_0,Shenzhen,0,2,False,DCT,20,261632,7021,37.264207,0.214683,36.7102,0.921414,,,,,,2.143,2.2566,2.6034,2.6809,0.090677,0.03654
CHNCXR_0219_0,Shenzhen,0,2,False,DCT,30,261632,9523,27.473695,0.291188,38.4269,0.944226,,,,,,2.3185,2.436,2.8787,2.9115,0.102181,0.046707
CHNCXR_0219_0,Shenzhen,0,2,False,DCT,50,261632,13722,19.066608,0.419582,40.5085,0.962675,,,,,,2.523,2.6516,3.1136,3.1524,0.122598,0.064154
CHNCXR_0219_0,Shenzhen,0,2,False,DCT,70,261632,19225,13.608947,0.587849,42.2588,0.97119,,,,,,2.6677,2.7712,3.2726,3.3126,0.151016,0.085761
CHNCXR_0219_0,Shenzhen,0,2,False,DCT,90,261632,37634,6.952011,1.150746,45.5098,0.986432,,,,,,2.9102,2.989,3.5206,3.5609,0.255963,0.154148
CHNCXR_0220_0,Shenzhen,0,1,False,DCT,10,260096,4169,62.388103,0.12823,32.6851,0.827661,,,,,,1.7988,1.9075,2.2211,2.2368,0.07834,0.023964
CHNCXR_0220_0,Shenzhen,0,1,False,DCT,20,260096,7589,34.272763,0.233422,35.9267,0.901134,,,,,,2.1907,2.2532,2.825,2.8876,0.091626,0.039481
CHNCXR_0220_0,Shenzhen,0,1,False,DCT,30,260096,10423,24.954044,0.320589,37.6444,0.929251,,,,,,2.3743,2.4072,3.0261,3.0504,0.110093,0.050499
CHNCXR_0220_0,Shenzhen,0,1,False,DCT,50,260096,15208,17.102578,0.467766,39.7436,0.952823,,,,,,2.5639,2.6003,3.202,3.2452,0.134163,0.072726
CHNCXR_0220_0,Shenzhen,0,1,False,DCT,70,260096,21546,12.071661,0.662709,41.6275,0.967481,,,,,,2.6782,2.7258,3.3267,3.3697,0.159291,0.09411
CHNCXR_0220_0,Shenzhen,0,1,False,DCT,90,260096,41699,6.237464,1.282573,45.0989,0.983854,,,,,,2.8687,2.9009,3.5055,3.5335,0.276404,0.176324
CHNCXR_0221_0,Shenzhen,0,0,True,DCT,10,220672,3442,64.111563,0.124782,32.6438,0.838758,31.8831,32.9639,0.778146,0.861847,False,1.7317,1.8698,2.1647,2.1796,0.063466,0.019681
CHNCXR_0221_0,Shenzhen,0,0,True,DCT,20,220672,6306,34.993974,0.228611,36.0339,0.91004,34.8794,36.5548,0.875243,0.923263,False,2.114,2.2205,2.8084,2.8727,0.079584,0.030584
CHNCXR_0221_0,Shenzhen,0,0,True,DCT,30,220672,8610,25.629733,0.312137,37.9204,0.937182,36.5405,38.5694,0.910917,0.947193,False,2.3045,2.3678,3.0513,3.0746,0.086676,0.040416
CHNCXR_0221_0,Shenzhen,0,0,True,DCT,50,220672,12527,17.61571,0.45414,40.1579,0.958725,38.4883,40.9882,0.940536,0.966027,False,2.4882,2.5553,3.2543,3.2917,0.108658,0.054227
CHNCXR_0221_0,Shenzhen,0,0,True,DCT,70,220672,17428,12.661923,0.631816,42.1847,0.972174,40.2138,43.2259,0.95916,0.977474,False,2.6147,2.6846,3.3499,3.3955,0.147746,0.077018
CHNCXR_0221_0,Shenzhen,0,0,True,DCT,90,220672,33278,6.631168,1.206424,45.7794,0.986438,43.4578,47.1007,0.97999,0.989103,False,2.8086,2.8655,3.5503,3.5834,0.213215,0.133584
CHNCXR_0222_0,Shenzhen,0,3,True,DCT,10,261120,4429,58.956875,0.135692,33.064,0.862396,30.4835,34.1443,0.790856,0.881987,False,1.8531,2.0283,2.1724,2.1848,0.078034,0.027787
CHNCXR_0222_0,Shenzhen,0,3,True,DCT,20,261120,7814,33.416944,0.2394,36.1473,0.922601,33.3074,37.3995,0.881772,0.933782,False,2.2269,2.3489,2.7752,2.8286,0.09458,0.040038
CHNCXR_0222_0,Shenzhen,0,3,True,DCT,30,261120,10500,24.868571,0.321691,37.8797,0.945496,34.8916,39.2382,0.914496,0.954001,False,2.3971,2.5522,3.0096,3.0336,0.105592,0.048579
CHNCXR_0222_0,Shenzhen,0,3,True,DCT,50,261120,14879,17.549567,0.455852,39.9118,0.963436,36.7266,41.4217,0.941935,0.969312,False,2.5853,2.7327,3.1913,3.2316,0.131554,0.068531
CHNCXR_0222_0,Shenzhen,0,3,True,DCT,70,261120,20646,12.647486,0.632537,41.675,0.974139,38.3588,43.2927,0.959658,0.978325,False,2.7276,2.8394,3.3233,3.3626,0.159628,0.090947
CHNCXR_0222_0,Shenzhen,0,3,True,DCT,90,261120,39728,6.572694,1.217157,44.9735,0.986567,41.6718,46.5789,0.980422,0.988436,False,2.9409,3.0073,3.5608,3.6002,0.261065,0.165035
CHNCXR_0223_0,Shenzhen,0,0,True,DCT,10,257024,3467,74.13441,0.107912,33.9696,0.860132,31.6453,34.4589,0.783373,0.87134,False,1.6344,1.7567,1.9728,2.0105,0.074928,0.021089
CHNCXR_0223_0,Shenzhen,0,0,True,DCT,20,257024,6152,41.778934,0.191484,37.3413,0.923116,34.6496,37.9423,0.877386,0.929797,False,2.0505,2.1711,2.5959,2.6382,0.082937,0.030936
CHNCXR_0223_0,Shenzhen,0,0,True,DCT,30,257024,8476,30.323738,0.26382,39.2173,0.946938,36.3899,39.8628,0.913934,0.951698,False,2.2637,2.3343,2.8651,2.9033,0.095248,0.040827
CHNCXR_0223_0,Shenzhen,0,0,True,DCT,50,257024,12173,21.114269,0.378891,41.3578,0.965518,38.187,42.1246,0.941292,0.969078,False,2.4809,2.5647,3.0903,3.1145,0.112995,0.05608
CHNCXR_0223_0,Shenzhen,0,0,True,DCT,70,257024,17249,14.900806,0.536884,43.2392,0.974154,39.8845,44.0767,0.959398,0.97619,False,2.6293,2.7247,3.2667,3.3154,0.133195,0.076075
CHNCXR_0223_0,Shenzhen,0,0,True,DCT,90,257024,33818,7.600213,1.052602,46.7452,0.988479,43.2814,47.6265,0.980831,0.989774,False,2.8921,2.9603,3.4977,3.5308,0.209731,0.136849
CHNCXR_0224_0,Shenzhen,0,2,True,DCT,10,261120,4258,61.324566,0.130453,33.1564,0.862637,30.5985,34.1506,0.792305,0.880595,False,1.8414,1.988,2.1078,2.126,0.076438,0.024897
CHNCXR_0224_0,Shenzhen,0,2,True,DCT,20,261120,7615,34.290217,0.233303,36.2968,0.923261,33.5336,37.4142,0.8819,0.933979,False,2.223,2.3364,2.7361,2.794,0.091839,0.037572
CHNCXR_0224_0,Shenzhen,0,2,True,DCT,30,261120,10263,25.442853,0.31443,38.0327,0.945424,35.1419,39.2315,0.91611,0.952831,False,2.3853,2.5234,2.9363,2.957,0.111252,0.049055
CHNCXR_0224_0,Shenzhen,0,2,True,DCT,50,261120,14726,17.731903,0.451164,40.0731,0.963865,36.9983,41.3967,0.943026,0.969246,False,2.591,2.7175,3.1483,3.1894,0.127496,0.067682
CHNCXR_0224_0,Shenzhen,0,2,True,DCT,70,261120,20405,12.796864,0.625153,41.868,0.974678,38.6819,43.2715,0.960387,0.978585,False,2.739,2.8552,3.307,3.3499,0.15176,0.088272
CHNCXR_0224_0,Shenzhen,0,2,True,DCT,90,261120,39284,6.646981,1.203554,45.1809,0.986844,41.9002,46.6552,0.980363,0.988712,False,2.9631,3.0225,3.5426,3.5794,0.241415,0.163388
CHNCXR_0225_0,Shenzhen,0,0,True,DCT,10,262144,3582,73.183696,0.109314,33.6454,0.848735,32.395,34.149,0.789427,0.870119,False,1.68,1.8069,1.9411,1.977,0.073101,0.022699
CHNCXR_0225_0,Shenzhen,0,0,True,DCT,20,262144,6410,40.8961,0.195618,37.0469,0.916528,35.4356,37.7394,0.879321,0.930047,False,2.0861,2.1882,2.5934,2.6364,0.087453,0.033719
CHNCXR_0225_0,Shenzhen,0,0,True,DCT,30,262144,8822,29.714804,0.269226,38.8219,0.941714,37.0777,39.5902,0.913232,0.951894,False,2.2825,2.3555,2.8596,2.9004,0.097528,0.04321
CHNCXR_0225_0,Shenzhen,0,0,True,DCT,50,262144,12784,20.505632,0.390137,40.938,0.961625,38.9243,41.8721,0.941232,0.968917,False,2.4923,2.5583,3.0932,3.1223,0.116722,0.060051
CHNCXR_0225_0,Shenzhen,0,0,True,DCT,70,262144,18220,14.387706,0.55603,42.8663,0.972392,40.6437,43.9412,0.959621,0.977037,False,2.627,2.6907,3.2579,3.3065,0.162991,0.080723
CHNCXR_0225_0,Shenzhen,0,0,True,DCT,90,262144,35929,7.296167,1.096466,46.2936,0.986808,43.8085,47.5624,0.979904,0.989297,False,2.8515,2.8972,3.4879,3.5254,0.223627,0.146035
CHNCXR_0226_0,Shenzhen,0,3,True,DCT,10,262144,4464,58.724014,0.13623,32.8342,0.859703,30.3984,33.6233,0.792573,0.873715,False,1.8582,2.0107,2.1839,2.1909,0.080476,0.02637
CHNCXR_0226_0,Shenzhen,0,3,True,DCT,20,262144,8000,32.768,0.244141,36.0412,0.922616,33.2747,36.993,0.88325,0.931181,False,2.2403,2.3577,2.7435,2.796,0.093558,0.041002
CHNCXR_0226_0,Shenzhen,0,3,True,DCT,30,262144,10774,24.331168,0.328796,37.8314,0.945452,34.9207,38.86,0.916151,0.951995,False,2.3908,2.5586,2.9783,3.0032,0.107277,0.0496
CHNCXR_0226_0,Shenzhen,0,3,True,DCT,50,262144,15287,17.148165,0.466522,39.8638,0.963922,36.8341,40.9589,0.943987,0.968511,False,2.6065,2.7432,3.1743,3.2194,0.129832,0.069509
CHNCXR_0226_0,Shenzhen,0,3,True,DCT,70,262144,21037,12.461092,0.641998,41.6411,0.974861,38.4851,42.8101,0.961078,0.978182,False,2.7532,2.8782,3.3105,3.3498,0.151429,0.09722
CHNCXR_0226_0,Shenzhen,0,3,True,DCT,90,262144,40019,6.550489,1.221283,45.1144,0.987302,41.9085,46.3135,0.981421,0.988786,False,2.9552,3.0188,3.5411,3.5789,0.240568,0.163703
CHNCXR_0227_0,Shenzhen,0,4,True,DCT,10,262144,4565,57.424754,0.139313,32.839,0.862476,30.6972,33.8255,0.78967,0.88547,False,1.9103,2.0752,2.1935,2.2057,0.076339,0.02595
CHNCXR_0227_0,Shenzhen,0,4,True,DCT,20,262144,8053,32.552341,0.245758,35.9598,0.922418,33.445,37.2093,0.874253,0.93779,False,2.2778,2.3962,2.7764,2.8222,0.113017,0.039178
CHNCXR_0227_0,Shenzhen,0,4,True,DCT,30,262144,10898,24.054322,0.332581,37.6728,0.944647,34.983,39.06,0.908895,0.956331,False,2.4722,2.6226,2.9998,3.021,0.108541,0.051704
CHNCXR_0227_0,Shenzhen,0,4,True,DCT,50,262144,15492,16.92125,0.472778,39.6506,0.962585,36.7685,41.201,0.937521,0.970881,False,2.6522,2.8086,3.2067,3.2493,0.131425,0.068006
CHNCXR_0227_0,Shenzhen,0,4,True,DCT,70,262144,21322,12.294531,0.650696,41.4087,0.973718,38.3632,43.109,0.95578,0.979812,False,2.7898,2.9153,3.3355,3.3789,0.157686,0.093401
CHNCXR_0227_0,Shenzhen,0,4,True,DCT,90,262144,40655,6.448014,1.240692,44.726,0.986443,41.5627,46.5414,0.978125,0.989323,False,3.0385,3.1157,3.5512,3.5884,0.247179,0.163064
CHNCXR_0228_0,Shenzhen,0,0,True,DCT,10,254976,3785,67.364861,0.118756,33.0471,0.839698,32.9111,33.0881,0.800294,0.851702,False,1.6939,1.8031,2.1503,2.1829,0.072851,0.022029
CHNCXR_0228_0,Shenzhen,0,0,True,DCT,20,254976,6584,38.72661,0.206576,36.2242,0.907077,36.1569,36.2442,0.885804,0.911978,False,2.1049,2.1935,2.7226,2.7757,0.083875,0.033604
CHNCXR_0228_0,Shenzhen,0,0,True,DCT,30,254976,8919,28.587958,0.279838,38.0083,0.931279,37.7312,38.0937,0.91601,0.935176,False,2.2977,2.3433,2.9781,3.0136,0.118847,0.042682
CHNCXR_0228_0,Shenzhen,0,0,True,DCT,50,254976,12922,19.73193,0.405434,39.8851,0.950439,39.5565,39.9871,0.942005,0.95274,False,2.5106,2.5759,3.2038,3.232,0.116534,0.059478
CHNCXR_0228_0,Shenzhen,0,0,True,DCT,70,254976,18624,13.690722,0.584337,41.6231,0.960511,41.1408,41.7766,0.958414,0.960275,False,2.6661,2.7245,3.341,3.3831,0.144645,0.082862
CHNCXR_0228_0,Shenzhen,0,0,True,DCT,90,254976,38237,6.668306,1.199705,44.8066,0.979309,43.9665,45.0894,0.977619,0.980145,False,2.9162,2.9534,3.481,3.5184,0.234507,0.16505
CHNCXR_0229_0,Shenzhen,0,4,True,DCT,10,261120,4077,64.047093,0.124908,33.4815,0.871201,30.7603,34.236,0.797218,0.884659,False,1.7911,1.9128,2.0805,2.0951,0.079001,0.024251
CHNCXR_0229_0,Shenzhen,0,4,True,DCT,20,261120,7131,36.617585,0.218474,36.6891,0.927441,33.6298,37.5892,0.881653,0.935958,False,2.1888,2.2917,2.6587,2.7351,0.087738,0.037952
CHNCXR_0229_0,Shenzhen,0,4,True,DCT,30,261120,9600,27.2,0.294118,38.3895,0.948401,35.2594,39.3223,0.91628,0.954303,False,2.3682,2.4839,2.9285,2.9589,0.101549,0.046614
CHNCXR_0229_0,Shenzhen,0,4,True,DCT,50,261120,13686,19.079351,0.419301,40.5035,0.96639,37.1218,41.5588,0.943994,0.97051,False,2.5738,2.7036,3.1421,3.1759,0.123405,0.061503
CHNCXR_0229_0,Shenzhen,0,4,True,DCT,70,261120,19040,13.714286,0.583333,42.3458,0.976421,38.824,43.474,0.961254,0.979389,False,2.743,2.8601,3.3027,3.3451,0.146277,0.083315
CHNCXR_0229_0,Shenzhen,0,4,True,DCT,90,261120,36723,7.11053,1.125092,45.6876,0.987912,42.1414,46.829,0.981395,0.98926,False,2.9948,3.0525,3.5248,3.5618,0.244147,0.148616
CHNCXR_0230_0,Shenzhen,0,3,True,DCT,10,261632,4153,62.998314,0.126988,33.1219,0.854707,30.5652,33.9376,0.793599,0.867568,False,1.8261,1.9707,2.0696,2.0866,0.076273,0.023849
CHNCXR_0230_0,Shenzhen,0,3,True,DCT,20,261632,7422,35.250876,0.226945,36.3447,0.920896,33.4408,37.3315,0.880378,0.929064,False,2.208,2.3027,2.6649,2.7295,0.091206,0.039242
CHNCXR_0230_0,Shenzhen,0,3,True,DCT,30,261632,10065,25.994237,0.307761,38.0948,0.943882,34.9814,39.1954,0.912714,0.950559,False,2.3778,2.5088,2.9369,2.9615,0.122918,0.047821
CHNCXR_0230_0,Shenzhen,0,3,True,DCT,50,261632,14347,18.236008,0.438693,40.0954,0.962511,36.7701,41.3202,0.940508,0.967468,False,2.5731,2.6973,3.1367,3.1767,0.124919,0.064743
CHNCXR_0230_0,Shenzhen,0,3,True,DCT,70,261632,19953,13.112414,0.610109,41.841,0.97365,38.4079,43.1328,0.958429,0.977163,False,2.7294,2.8179,3.2955,3.3364,0.152189,0.09214
CHNCXR_0230_0,Shenzhen,0,3,True,DCT,90,261632,38893,6.726969,1.189243,45.1892,0.986423,41.6714,46.5354,0.97958,0.988093,False,2.9437,3.0027,3.5243,3.5641,0.23957,0.161559
CHNCXR_0231_0,Shenzhen,0,4,True,DCT,10,261632,4334,60.367328,0.132522,32.8661,0.84864,30.3554,33.8803,0.784712,0.865866,False,1.8127,1.9653,2.1341,2.149,0.076697,0.024893
CHNCXR_0231_0,Shenzhen,0,4,True,DCT,20,261632,7805,33.521076,0.238656,36.0553,0.917606,33.4324,37.1382,0.882222,0.92695,False,2.1939,2.2917,2.7195,2.7727,0.110362,0.039799
CHNCXR_0231_0,Shenzhen,0,4,True,DCT,30,261632,10601,24.679936,0.32415,37.8598,0.942507,35.0305,39.0768,0.915719,0.949886,False,2.3536,2.49,2.9551,2.9828,0.107446,0.049969
CHNCXR_0231_0,Shenzhen,0,4,True,DCT,50,261632,15203,17.209235,0.464867,39.8726,0.961982,36.8714,41.2096,0.943268,0.967173,False,2.5614,2.6892,3.1653,3.2128,0.128625,0.068119
CHNCXR_0231_0,Shenzhen,0,4,True,DCT,70,261632,21068,12.418455,0.644203,41.6798,0.973324,38.5885,43.0831,0.960932,0.976891,False,2.7067,2.7837,3.2977,3.3389,0.162349,0.089755
CHNCXR_0231_0,Shenzhen,0,4,True,DCT,90,261632,40681,6.431307,1.243915,44.9797,0.986408,41.9209,46.3588,0.981192,0.987996,False,2.9111,2.9749,3.5399,3.5787,0.242198,0.167918
CHNCXR_0232_0,Shenzhen,0,0,True,DCT,10,261632,3737,70.011239,0.114267,33.541,0.853773,30.8318,34.3251,0.787713,0.865898,False,1.7332,1.8965,1.9171,1.9486,0.07761,0.023383
CHNCXR_0232_0,Shenzhen,0,0,True,DCT,20,261632,6818,38.373717,0.208476,36.7249,0.917868,33.7361,37.6341,0.87999,0.925067,False,2.1228,2.238,2.6024,2.6733,0.091619,0.036395
CHNCXR_0232_0,Shenzhen,0,0,True,DCT,30,261632,9228,28.351972,0.282167,38.5208,0.943921,35.3178,39.5339,0.912814,0.950046,False,2.3091,2.4343,2.8649,2.9003,0.100904,0.04558
CHNCXR_0232_0,Shenzhen,0,0,True,DCT,50,261632,13238,19.763711,0.404782,40.5534,0.962289,37.1966,41.6461,0.94152,0.966469,False,2.5142,2.6465,3.1038,3.1375,0.123148,0.06104
CHNCXR_0232_0,Shenzhen,0,0,True,DCT,70,261632,18694,13.995507,0.571612,42.3613,0.972534,38.92,43.4995,0.959984,0.975215,False,2.667,2.7598,3.2675,3.3123,0.169902,0.082726
CHNCXR_0232_0,Shenzhen,0,0,True,DCT,90,261632,36994,7.072282,1.131177,45.5243,0.985915,42.2482,46.5747,0.980735,0.987128,False,2.9079,2.9622,3.5053,3.5446,0.235971,0.153383
CHNCXR_0233_0,Shenzhen,0,4,True,DCT,10,257024,3482,73.815049,0.108379,33.8057,0.857963,32.1419,34.2995,0.779422,0.876386,False,1.67,1.7939,1.9673,2.0093,0.069944,0.021878
CHNCXR_0233_0,Shenzhen,0,4,True,DCT,20,257024,6196,41.482247,0.192854,37.0993,0.920082,35.1032,37.7257,0.872725,0.930718,False,2.0766,2.1877,2.622,2.6611,0.08412,0.032947
CHNCXR_0233_0,Shenzhen,0,4,True,DCT,30,257024,8615,29.834475,0.268146,38.9436,0.943926,36.7759,39.6445,0.909523,0.951863,False,2.283,2.3633,2.9007,2.9421,0.095221,0.042478
CHNCXR_0233_0,Shenzhen,0,4,True,DCT,50,257024,12404,20.721058,0.386081,41.0829,0.963133,38.606,41.929,0.938747,0.968813,False,2.4866,2.5501,3.1326,3.16,0.115799,0.057593
CHNCXR_0233_0,Shenzhen,0,4,True,DCT,70,257024,17510,14.678698,0.545007,42.9444,0.973259,40.2567,43.8987,0.957392,0.97702,False,2.6252,2.7056,3.279,3.328,0.139282,0.07802
CHNCXR_0233_0,Shenzhen,0,4,True,DCT,90,257024,34545,7.440266,1.07523,46.3996,0.987302,43.4261,47.5142,0.978946,0.989362,False,2.851,2.9149,3.503,3.538,0.219953,0.146041
CHNCXR_0234_0,Shenzhen,0,3,True,DCT,10,262144,3990,65.700251,0.121765,33.4148,0.866661,30.5485,34.2597,0.791823,0.880375,False,1.8017,1.9226,2.0684,2.0844,0.079056,0.025255
CHNCXR_0234_0,Shenzhen,0,3,True,DCT,20,262144,7167,36.576531,0.218719,36.5846,0.924279,33.4769,37.5413,0.884012,0.932068,False,2.1889,2.2922,2.6863,2.7633,0.090581,0.036703
CHNCXR_0234_0,Shenzhen,0,3,True,DCT,30,262144,9675,27.094987,0.295258,38.3221,0.945709,35.127,39.3216,0.917402,0.951248,False,2.3514,2.481,2.9338,2.9595,0.102627,0.048642
CHNCXR_0234_0,Shenzhen,0,3,True,DCT,50,262144,13858,18.916438,0.422913,40.3786,0.96412,37.0261,41.4584,0.944863,0.967896,False,2.5778,2.71,3.1452,3.1774,0.120709,0.063158
CHNCXR_0234_0,Shenzhen,0,3,True,DCT,70,262144,19398,13.513971,0.59198,42.1835,0.974764,38.7687,43.2965,0.962332,0.977382,False,2.7329,2.8433,3.2974,3.3438,0.167098,0.083462
CHNCXR_0234_0,Shenzhen,0,3,True,DCT,90,262144,37678,6.957482,1.149841,45.4516,0.986721,42.0185,46.5743,0.981627,0.987882,False,2.9491,3.0068,3.542,3.5779,0.234915,0.156758
CHNCXR_0235_0,Shenzhen,0,3,True,DCT,10,250880,4264,58.836773,0.135969,32.4631,0.832033,32.1775,32.6122,0.790545,0.855907,False,1.8414,1.9398,2.2882,2.3041,0.076149,0.024131
CHNCXR_0235_0,Shenzhen,0,3,True,DCT,20,250880,7639,32.841995,0.243591,35.8026,0.904726,35.178,36.1495,0.879073,0.919381,False,2.2185,2.2734,2.8919,2.9499,0.090306,0.037218
CHNCXR_0235_0,Shenzhen,0,3,True,DCT,30,250880,10413,24.092961,0.332047,37.7334,0.933117,36.8071,38.2788,0.912979,0.944625,False,2.382,2.4017,3.1136,3.1362,0.124772,0.047816
CHNCXR_0235_0,Shenzhen,0,3,True,DCT,50,250880,15093,16.622275,0.481282,39.9635,0.956556,38.7742,40.7019,0.942265,0.964647,False,2.5627,2.6033,3.2626,3.3038,0.124513,0.066863
CHNCXR_0235_0,Shenzhen,0,3,True,DCT,70,250880,21048,11.919422,0.671173,41.9481,0.970535,40.5104,42.889,0.960426,0.976358,False,2.6742,2.7119,3.3651,3.4108,0.15362,0.090336
CHNCXR_0235_0,Shenzhen,0,3,True,DCT,90,250880,40103,6.255891,1.278795,45.5276,0.985593,43.6884,46.8454,0.980326,0.988638,False,2.8494,2.901,3.5293,3.5601,0.253921,0.17492
CHNCXR_0236_0,Shenzhen,0,0,True,DCT,10,242176,3957,61.201921,0.130715,33.1748,0.857691,31.1617,33.8932,0.794847,0.874916,False,1.9016,2.0669,2.0714,2.09,0.074197,0.023526
CHNCXR_0236_0,Shenzhen,0,0,True,DCT,20,242176,7018,34.507837,0.231831,36.5621,0.923485,34.0125,37.5667,0.881167,0.935336,False,2.2707,2.3716,2.6805,2.7499,0.085792,0.034312
CHNCXR_0236_0,Shenzhen,0,0,True,DCT,30,242176,9462,25.594589,0.312566,38.2828,0.945351,35.6137,39.3589,0.913851,0.954222,False,2.4258,2.5784,2.9229,2.9474,0.097459,0.045211
CHNCXR_0236_0,Shenzhen,0,0,True,DCT,50,242176,13442,18.016367,0.444041,40.1843,0.96305,37.4745,41.2855,0.941514,0.969005,False,2.6177,2.7479,3.1417,3.1799,0.11686,0.061251
CHNCXR_0236_0,Shenzhen,0,0,True,DCT,70,242176,18840,12.854352,0.622357,41.9585,0.973982,39.1042,43.1521,0.958924,0.9783,False,2.7674,2.8867,3.2984,3.3434,0.142479,0.083928
CHNCXR_0236_0,Shenzhen,0,0,True,DCT,90,242176,36404,6.652456,1.202563,45.1061,0.986236,42.2059,46.3301,0.979195,0.988298,False,2.968,3.0503,3.5254,3.5641,0.279318,0.160202
CHNCXR_0237_0,Shenzhen,0,1,True,DCT,10,256512,3182,80.613451,0.099239,34.181,0.864639,32.4372,34.7014,0.790193,0.88198,False,1.6034,1.72,1.8319,1.8878,0.069883,0.020617
CHNCXR_0237_0,Shenzhen,0,1,True,DCT,20,256512,5674,45.208319,0.176959,37.5969,0.922796,35.4092,38.301,0.877817,0.933478,False,2.031,2.1577,2.5421,2.562,0.079106,0.030626
CHNCXR_0237_0,Shenzhen,0,1,True,DCT,30,256512,7838,32.726716,0.244449,39.3182,0.945199,36.9632,40.0988,0.910866,0.953359,False,2.2284,2.2927,2.8257,2.882,0.112885,0.038126
CHNCXR_0237_0,Shenzhen,0,1,True,DCT,50,256512,11448,22.406709,0.357036,41.4656,0.964096,38.891,42.3534,0.940658,0.969771,False,2.4465,2.5213,3.086,3.1063,0.111985,0.055319
CHNCXR_0237_0,Shenzhen,0,1,True,DCT,70,256512,16386,15.654339,0.51104,43.3338,0.973374,40.6332,44.287,0.959505,0.976411,False,2.6273,2.6964,3.2498,3.2992,0.13663,0.076559
CHNCXR_0237_0,Shenzhen,0,1,True,DCT,90,256512,32695,7.845603,1.019679,46.7528,0.987484,43.8241,47.832,0.980047,0.989377,False,2.8863,2.9504,3.4767,3.5139,0.222921,0.138199
CHNCXR_0238_0,Shenzhen,0,0,True,DCT,10,258048,3583,72.020095,0.11108,33.5867,0.856146,32.3006,33.9943,0.78195,0.875189,False,1.6811,1.7899,2.0183,2.0562,0.078403,0.023945
CHNCXR_0238_0,Shenzhen,0,0,True,DCT,20,258048,6397,40.338909,0.19832,37.0064,0.92035,35.2301,37.618,0.874235,0.931927,False,2.0787,2.19,2.669,2.7164,0.096119,0.032956
CHNCXR_0238_0,Shenzhen,0,0,True,DCT,30,258048,8722,29.585875,0.270399,38.8719,0.944066,36.8518,39.598,0.909629,0.952714,False,2.283,2.3542,2.9006,2.9326,0.099453,0.044719
CHNCXR_0238_0,Shenzhen,0,0,True,DCT,50,258048,12689,20.336354,0.393384,41.0112,0.963427,38.7295,41.8713,0.938998,0.969775,False,2.4887,2.5575,3.1287,3.1556,0.11371,0.058925
CHNCXR_0238_0,Shenzhen,0,0,True,DCT,70,258048,17939,14.384748,0.556145,42.9297,0.975096,40.4322,43.91,0.957969,0.979605,False,2.6224,2.6721,3.2611,3.3107,0.142944,0.081676
CHNCXR_0238_0,Shenzhen,0,0,True,DCT,90,258048,35218,7.327162,1.091828,46.4227,0.987654,43.6162,47.5925,0.979239,0.989986,False,2.8409,2.8899,3.4823,3.5169,0.244156,0.156291
CHNCXR_0239_0,Shenzhen,0,3,True,DCT,10,261632,4547,57.539477,0.139035,32.8041,0.856503,30.8078,33.6834,0.787795,0.878161,False,1.9097,2.0483,2.2044,2.2112,0.08328,0.027959
CHNCXR_0239_0,Shenzhen,0,3,True,DCT,20,261632,8056,32.476663,0.246331,35.8923,0.919437,33.6825,36.907,0.877252,0.932817,False,2.2801,2.373,2.7865,2.8344,0.095502,0.041259
CHNCXR_0239_0,Shenzhen,0,3,True,DCT,30,261632,10964,23.862824,0.33525,37.5976,0.941874,35.2408,38.7121,0.910979,0.951724,False,2.4624,2.5962,3.029,3.0485,0.117783,0.052968
CHNCXR_0239_0,Shenzhen,0,3,True,DCT,50,261632,15624,16.74552,0.47774,39.5802,0.960811,37.032,40.8335,0.938895,0.967905,False,2.6486,2.7549,3.228,3.2681,0.158244,0.072598
CHNCXR_0239_0,Shenzhen,0,3,True,DCT,70,261632,21622,12.100268,0.661142,41.3521,0.972147,38.6146,42.7537,0.956803,0.977339,False,2.7718,2.8911,3.3501,3.3931,0.161671,0.094953
CHNCXR_0239_0,Shenzhen,0,3,True,DCT,90,261632,41415,6.317325,1.266359,44.6652,0.985525,41.8247,46.1524,0.978487,0.98797,False,2.9743,3.0403,3.5555,3.5923,0.258375,0.178658
CHNCXR_0240_0,Shenzhen,0,2,True,DCT,10,261632,4305,60.773984,0.131635,33.0743,0.859344,30.8128,33.9334,0.782923,0.878909,False,1.872,2.0081,2.1163,2.1292,0.088533,0.028808
CHNCXR_0240_0,Shenzhen,0,2,True,DCT,20,261632,7622,34.325899,0.23306,36.2119,0.921951,33.6392,37.2484,0.874017,0.93435,False,2.2523,2.3569,2.7216,2.7838,0.102472,0.039269
CHNCXR_0240_0,Shenzhen,0,2,True,DCT,30,261632,10385,25.19326,0.317545,38.0096,0.945245,35.2163,39.1847,0.909785,0.954704,False,2.4244,2.5588,2.9626,2.9867,0.110817,0.054856
CHNCXR_0240_0,Shenzhen,0,2,True,DCT,50,261632,14683,17.818702,0.448966,40.0343,0.963753,37.0288,41.3542,0.938245,0.970562,False,2.6262,2.749,3.1422,3.1842,0.132308,0.068864
CHNCXR_0240_0,Shenzhen,0,2,True,DCT,70,261632,20362,12.849033,0.622615,41.84,0.974497,38.6842,43.27,0.957037,0.979354,False,2.7768,2.8904,3.3003,3.3428,0.162009,0.092997
CHNCXR_0240_0,Shenzhen,0,2,True,DCT,90,261632,39034,6.702669,1.193554,45.1171,0.986807,41.8955,46.5975,0.978714,0.989148,False,3.0115,3.0708,3.5489,3.587,0.270337,0.168386
CHNCXR_0241_0,Shenzhen,0,3,True,DCT,10,260096,4232,61.459357,0.130167,32.924,0.841066,32.7416,33.0433,0.80582,0.863775,False,1.8428,1.957,2.1803,2.1969,0.084427,0.02542
CHNCXR_0241_0,Shenzhen,0,3,True,DCT,20,260096,7535,34.518381,0.231761,36.2274,0.910452,35.8712,36.4685,0.889851,0.922224,False,2.2095,2.2749,2.8039,2.878,0.096241,0.039359
CHNCXR_0241_0,Shenzhen,0,3,True,DCT,30,260096,10142,25.645435,0.311946,37.9918,0.936194,37.5469,38.2985,0.920842,0.945491,False,2.3825,2.4041,3.0271,3.0586,0.10938,0.049969
CHNCXR_0241_0,Shenzhen,0,3,True,DCT,50,260096,14658,17.744303,0.450849,40.1536,0.957371,39.5016,40.6227,0.947158,0.963781,False,2.5555,2.5969,3.2149,3.254,0.130533,0.070215
CHNCXR_0241_0,Shenzhen,0,3,True,DCT,70,260096,20594,12.629698,0.633428,42.0827,0.97092,41.2978,42.6635,0.964101,0.975527,False,2.6653,2.6953,3.3374,3.3755,0.163428,0.09343
CHNCXR_0241_0,Shenzhen,0,3,True,DCT,90,260096,39882,6.521639,1.226686,45.7108,0.985592,44.503,46.6942,0.982165,0.988018,False,2.8424,2.8848,3.5158,3.5499,0.273666,0.16733
CHNCXR_0242_0,Shenzhen,0,4,True,DCT,10,251904,4051,62.183165,0.128652,32.8067,0.835477,32.9284,32.7285,0.802367,0.860714,False,1.6832,1.8448,2.2461,2.2648,0.077549,0.024708
CHNCXR_0242_0,Shenzhen,0,4,True,DCT,20,251904,7297,34.521584,0.231739,36.1778,0.907669,36.0815,36.2422,0.888361,0.922509,False,2.0769,2.189,2.8543,2.9178,0.089051,0.03775
CHNCXR_0242_0,Shenzhen,0,4,True,DCT,30,251904,9882,25.491196,0.313834,38.043,0.934372,37.7865,38.2202,0.920491,0.945034,False,2.2519,2.3158,3.0813,3.1087,0.101549,0.050448
CHNCXR_0242_0,Shenzhen,0,4,True,DCT,50,251904,14325,17.584921,0.454935,40.3498,0.957332,39.7736,40.775,0.947271,0.965143,False,2.4284,2.4829,3.2579,3.2951,0.123142,0.064933
CHNCXR_0242_0,Shenzhen,0,4,True,DCT,70,251904,20150,12.501439,0.639926,42.4096,0.971428,41.5635,43.0717,0.964229,0.977033,False,2.5651,2.626,3.3661,3.4083,0.154536,0.091245
CHNCXR_0242_0,Shenzhen,0,4,True,DCT,90,251904,38498,6.543301,1.222624,46.0423,0.986199,44.8103,47.097,0.98255,0.989053,False,2.7399,2.8022,3.5316,3.5645,0.247842,0.161418
CHNCXR_0243_0,Shenzhen,0,3,True,DCT,10,257024,3718,69.12964,0.115725,33.5105,0.853905,32.5108,33.9697,0.793347,0.878213,False,1.7214,1.8452,2.0338,2.0615,0.074174,0.022499
CHNCXR_0243_0,Shenzhen,0,3,True,DCT,20,257024,6642,38.696778,0.206736,36.768,0.918083,35.4347,37.4196,0.88036,0.933433,False,2.1106,2.213,2.6894,2.7448,0.089547,0.035431
CHNCXR_0243_0,Shenzhen,0,3,True,DCT,30,257024,9162,28.053263,0.285172,38.6363,0.942692,37.0873,39.4255,0.914504,0.954115,False,2.3116,2.3971,2.945,2.9804,0.101747,0.044588
CHNCXR_0243_0,Shenzhen,0,3,True,DCT,50,257024,13228,19.430299,0.411728,40.8035,0.962075,38.9801,41.7848,0.942198,0.970104,False,2.502,2.5754,3.1551,3.1891,0.124918,0.061273
CHNCXR_0243_0,Shenzhen,0,3,True,DCT,70,257024,18504,13.890186,0.575946,42.7282,0.974151,40.692,43.8741,0.960218,0.979778,False,2.6251,2.6865,3.2883,3.3357,0.167838,0.085555
CHNCXR_0243_0,Shenzhen,0,3,True,DCT,90,257024,36175,7.105017,1.125965,46.2218,0.987158,43.8831,47.628,0.9803,0.989992,False,2.8335,2.8894,3.5204,3.5556,0.23268,0.153718
CHNCXR_0244_0,Shenzhen,0,2,True,DCT,10,250880,4176,60.076628,0.133163,32.7864,0.835707,32.3422,33.0298,0.790563,0.859641,False,1.8493,1.9612,2.2173,2.2327,0.076283,0.024639
CHNCXR_0244_0,Shenzhen,0,2,True,DCT,20,250880,7582,33.088895,0.241773,36.0982,0.907965,35.4351,36.4768,0.881964,0.921084,False,2.2089,2.2697,2.8616,2.9162,0.095363,0.03996
CHNCXR_0244_0,Shenzhen,0,2,True,DCT,30,250880,10366,24.202199,0.330548,37.97,0.935167,37.1167,38.4756,0.915944,0.945162,False,2.3987,2.434,3.0776,3.1024,0.10443,0.050009
CHNCXR_0244_0,Shenzhen,0,2,True,DCT,50,250880,14883,16.856817,0.474585,40.1384,0.956941,39.0751,40.7956,0.943918,0.963753,False,2.584,2.6187,3.2373,3.2783,0.137472,0.066773
CHNCXR_0244_0,Shenzhen,0,2,True,DCT,70,250880,20788,12.068501,0.662883,42.0426,0.97089,40.8629,42.7893,0.961968,0.975803,False,2.6859,2.7296,3.3437,3.3877,0.17038,0.092354
CHNCXR_0244_0,Shenzhen,0,2,True,DCT,90,250880,39798,6.303834,1.269069,45.5867,0.985724,44.1253,46.5693,0.981456,0.988157,False,2.876,2.9123,3.4993,3.5306,0.245531,0.168117
CHNCXR_0245_0,Shenzhen,0,0,True,DCT,10,262144,4714,55.609673,0.14386,32.6641,0.858255,30.4553,33.6139,0.787612,0.878847,False,1.933,2.1008,2.2251,2.2346,0.082956,0.026911
CHNCXR_0245_0,Shenzhen,0,0,True,DCT,20,262144,8290,31.621713,0.252991,35.8621,0.921394,33.2792,37.0583,0.876456,0.934788,False,2.3008,2.4153,2.7947,2.8402,0.096836,0.042438
CHNCXR_0245_0,Shenzhen,0,0,True,DCT,30,262144,11249,23.30376,0.343292,37.6309,0.944772,34.8792,38.9507,0.91109,0.954979,False,2.486,2.6301,3.0386,3.0619,0.12151,0.054446
CHNCXR_0245_0,Shenzhen,0,0,True,DCT,50,262144,15759,16.634558,0.480927,39.613,0.962895,36.6816,41.0738,0.939249,0.970149,False,2.6599,2.7878,3.2223,3.2634,0.13765,0.072575
CHNCXR_0245_0,Shenzhen,0,0,True,DCT,70,262144,21705,12.077586,0.662384,41.4097,0.973985,38.2921,43.0284,0.957278,0.979277,False,2.7902,2.9102,3.3387,3.3809,0.165011,0.101522
CHNCXR_0245_0,Shenzhen,0,0,True,DCT,90,262144,41294,6.348235,1.260193,44.8437,0.986683,41.6649,46.517,0.979337,0.989064,False,3.0152,3.0698,3.5648,3.603,0.258727,0.173174
CHNCXR_0246_0,Shenzhen,0,3,True,DCT,10,257536,3500,73.581714,0.108723,33.6302,0.854157,32.14,34.1818,0.78946,0.874068,False,1.6666,1.7768,1.9723,2.0111,0.074229,0.023006
CHNCXR_0246_0,Shenzhen,0,3,True,DCT,20,257536,6240,41.271795,0.193837,37.0831,0.919946,35.0967,37.887,0.878177,0.932848,False,2.0799,2.1823,2.6212,2.6631,0.084675,0.031891
CHNCXR_0246_0,Shenzhen,0,3,True,DCT,30,257536,8533,30.181179,0.265066,38.9178,0.944172,36.6823,39.8662,0.911567,0.954059,False,2.286,2.3306,2.8913,2.9292,0.094438,0.053909
CHNCXR_0246_0,Shenzhen,0,3,True,DCT,50,257536,12344,20.863253,0.383449,41.0532,0.963054,38.5337,42.1834,0.940023,0.970134,False,2.5028,2.557,3.1007,3.1275,0.134757,0.058864
CHNCXR_0246_0,Shenzhen,0,3,True,DCT,70,257536,17504,14.71298,0.543738,42.9067,0.972893,40.2461,44.1348,0.958577,0.977327,False,2.6571,2.7304,3.232,3.2833,0.142376,0.082909
CHNCXR_0246_0,Shenzhen,0,3,True,DCT,90,257536,34596,7.444098,1.074677,46.3103,0.987088,43.3749,47.7455,0.979377,0.989506,False,2.9078,2.9586,3.4653,3.5032,0.219711,0.142363
CHNCXR_0247_0,Shenzhen,0,2,True,DCT,10,257024,3754,68.466702,0.116845,33.6608,0.859931,32.6635,33.9284,0.800592,0.874093,False,1.7412,1.8547,2.0572,2.0835,0.074466,0.024644
CHNCXR_0247_0,Shenzhen,0,2,True,DCT,20,257024,6552,39.228327,0.203934,37.1009,0.923923,35.5467,37.5564,0.883837,0.933339,False,2.1337,2.2262,2.6605,2.711,0.087492,0.034237
CHNCXR_0247_0,Shenzhen,0,2,True,DCT,30,257024,8874,28.963714,0.276208,38.9326,0.945974,37.2385,39.4408,0.917215,0.95244,False,2.3107,2.3847,2.9096,2.9537,0.100354,0.044601
CHNCXR_0247_0,Shenzhen,0,2,True,DCT,50,257024,12683,20.265237,0.394765,41.0184,0.96402,39.1552,41.5934,0.944497,0.968382,False,2.5078,2.5709,3.1304,3.1576,0.11778,0.05802
CHNCXR_0247_0,Shenzhen,0,2,True,DCT,70,257024,17961,14.310116,0.559045,42.8908,0.975032,40.9005,43.5184,0.962093,0.978038,False,2.6492,2.6987,3.276,3.3236,0.165088,0.08403
CHNCXR_0247_0,Shenzhen,0,2,True,DCT,90,257024,35458,7.248689,1.103648,46.3658,0.9873,44.0202,47.1529,0.980918,0.988873,False,2.8417,2.8963,3.4862,3.5272,0.23224,0.153681
CHNCXR_0248_0,Shenzhen,0,4,True,DCT,10,229376,3870,59.270284,0.134975,32.5272,0.835044,32.4689,32.5508,0.802086,0.848664,False,1.8674,1.9693,2.289,2.2995,0.069099,0.023971
CHNCXR_0248_0,Shenzhen,0,4,True,DCT,20,229376,6835,33.559034,0.238386,35.5754,0.903079,35.497,35.6073,0.885204,0.909982,False,2.2413,2.2905,2.8468,2.9037,0.084253,0.033885
CHNCXR_0248_0,Shenzhen,0,4,True,DCT,30,229376,9209,24.907808,0.321184,37.3846,0.929707,37.1438,37.4852,0.917415,0.93473,False,2.4067,2.4434,3.0685,3.0943,0.093053,0.044765
CHNCXR_0248_0,Shenzhen,0,4,True,DCT,50,229376,13261,17.297036,0.462507,39.4936,0.950551,39.0183,39.7001,0.943578,0.953496,False,2.5958,2.642,3.2633,3.3001,0.111469,0.059623
CHNCXR_0248_0,Shenzhen,0,4,True,DCT,70,229376,18713,12.257575,0.652658,41.3383,0.963823,40.6568,41.6452,0.960214,0.965354,False,2.7261,2.7617,3.3903,3.4315,0.138176,0.080227
CHNCXR_0248_0,Shenzhen,0,4,True,DCT,90,229376,37123,6.178811,1.294747,44.5296,0.97993,43.5607,44.989,0.978603,0.980851,False,2.9079,2.969,3.5267,3.562,0.226696,0.154538
CHNCXR_0249_0,Shenzhen,0,1,True,DCT,10,261632,4219,62.012799,0.129006,33.2003,0.860811,30.6356,34.0562,0.796231,0.874691,False,1.8535,2.0247,2.0506,2.068,0.07989,0.026263
CHNCXR_0249_0,Shenzhen,0,1,True,DCT,20,261632,7526,34.763752,0.230125,36.3078,0.921104,33.4203,37.3305,0.87997,0.929906,False,2.2222,2.3315,2.698,2.763,0.118864,0.038826
CHNCXR_0249_0,Shenzhen,0,1,True,DCT,30,261632,10239,25.552495,0.313081,38.0431,0.944282,34.9873,39.1606,0.913568,0.950959,False,2.374,2.5271,2.9531,2.9788,0.111447,0.0499
CHNCXR_0249_0,Shenzhen,0,1,True,DCT,50,261632,14532,18.003854,0.444349,40.0651,0.962582,36.8092,41.3033,0.941217,0.967603,False,2.5736,2.6934,3.1636,3.2012,0.130573,0.068686
CHNCXR_0249_0,Shenzhen,0,1,True,DCT,70,261632,20278,12.902259,0.620046,41.8435,0.97389,38.4659,43.1596,0.959075,0.977398,False,2.7066,2.7908,3.3181,3.3605,0.187967,0.122421
CHNCXR_0249_0,Shenzhen,0,1,True,DCT,90,261632,39090,6.693067,1.195267,45.2026,0.986564,41.7339,46.5794,0.979936,0.988242,False,2.8924,2.9451,3.5508,3.5865,0.250574,0.164951
CHNCXR_0250_0,Shenzhen,0,4,True,DCT,10,258048,3872,66.644628,0.12004,33.1187,0.84514,32.3098,33.5252,0.793837,0.868066,False,1.7485,1.8648,2.102,2.1255,0.073034,0.023917
CHNCXR_0250_0,Shenzhen,0,4,True,DCT,20,258048,7004,36.842947,0.217138,36.4593,0.913873,35.2764,37.0975,0.879686,0.929049,False,2.1371,2.22,2.7019,2.7726,0.085221,0.036581
CHNCXR_0250_0,Shenzhen,0,4,True,DCT,30,258048,9565,26.978359,0.296534,38.2599,0.938747,36.8947,39.0234,0.913009,0.950226,False,2.326,2.3998,2.9431,2.9737,0.145373,0.055085
CHNCXR_0250_0,Shenzhen,0,4,True,DCT,50,258048,13920,18.537931,0.431548,40.3063,0.959398,38.7632,41.2011,0.941219,0.967533,False,2.5229,2.5866,3.1341,3.1729,0.123528,0.064216
CHNCXR_0250_0,Shenzhen,0,4,True,DCT,70,258048,19629,13.146263,0.608538,42.2103,0.972289,40.5061,43.2327,0.959668,0.977961,False,2.6519,2.7101,3.2731,3.3193,0.178244,0.092296
CHNCXR_0250_0,Shenzhen,0,4,True,DCT,90,258048,38286,6.740009,1.186942,45.7808,0.986343,43.6972,47.1401,0.979997,0.989272,False,2.8436,2.8978,3.4865,3.518,0.249497,0.175766
CHNCXR_0251_0,Shenzhen,0,0,True,DCT,10,258560,3843,67.28077,0.118905,33.2995,0.851755,32.5655,33.5978,0.793019,0.874743,False,1.7729,1.8389,2.1156,2.1504,0.078278,0.023461
CHNCXR_0251_0,Shenzhen,0,0,True,DCT,20,258560,6586,39.259034,0.203775,36.8077,0.917026,35.5637,37.3608,0.880389,0.931209,False,2.1805,2.2422,2.7385,2.7794,0.122062,0.035544
CHNCXR_0251_0,Shenzhen,0,0,True,DCT,30,258560,8963,28.847484,0.277321,38.6029,0.942187,37.1901,39.2509,0.913779,0.953243,False,2.3833,2.4053,2.9986,3.0399,0.124688,0.044501
CHNCXR_0251_0,Shenzhen,0,0,True,DCT,50,258560,12710,20.343037,0.393255,41.0977,0.963152,39.0515,42.1602,0.941211,0.971682,False,2.6021,2.6724,3.1886,3.2149,0.121459,0.05985
CHNCXR_0251_0,Shenzhen,0,0,True,DCT,70,258560,17944,14.409273,0.555198,42.9573,0.973907,40.7984,44.1048,0.959873,0.979306,False,2.7618,2.8174,3.35,3.4025,0.151648,0.083608
CHNCXR_0251_0,Shenzhen,0,0,True,DCT,90,258560,34461,7.502974,1.066244,46.6122,0.987783,43.9697,48.1739,0.980064,0.990834,False,3.0359,3.0803,3.5269,3.5626,0.243003,0.15218
CHNCXR_0252_0,Shenzhen,0,1,True,DCT,10,261120,4666,55.96228,0.142953,32.7651,0.855076,30.6402,33.8034,0.790123,0.877165,False,1.901,2.0876,2.2211,2.2305,0.10868,0.030514
CHNCXR_0252_0,Shenzhen,0,1,True,DCT,20,261120,8224,31.750973,0.251961,36.0476,0.923253,33.5165,37.3937,0.87925,0.938211,False,2.2691,2.3809,2.7972,2.8444,0.103279,0.041583
CHNCXR_0252_0,Shenzhen,0,1,True,DCT,30,261120,10998,23.742499,0.336949,37.7437,0.945936,35.1075,39.1782,0.913116,0.957074,False,2.4417,2.5935,2.9926,3.0192,0.113288,0.054504
CHNCXR_0252_0,Shenzhen,0,1,True,DCT,50,261120,15546,16.796604,0.476287,39.8233,0.963887,36.9465,41.4761,0.94112,0.971761,False,2.6217,2.7219,3.1836,3.2292,0.141036,0.075559
CHNCXR_0252_0,Shenzhen,0,1,True,DCT,70,261120,21390,12.207574,0.655331,41.6651,0.975031,38.6396,43.4651,0.959144,0.980707,False,2.7572,2.865,3.332,3.3747,0.168899,0.099752
CHNCXR_0252_0,Shenzhen,0,1,True,DCT,90,261120,40584,6.434063,1.243382,45.018,0.987166,41.9301,46.8829,0.979909,0.989843,False,2.9714,3.0535,3.5754,3.6142,0.284447,0.180098
CHNCXR_0253_0,Shenzhen,0,4,True,DCT,10,257024,3518,73.059693,0.1095,33.6737,0.85288,32.7631,33.9932,0.796228,0.870564,False,1.7013,1.8142,1.9715,2.0122,0.076007,0.023948
CHNCXR_0253_0,Shenzhen,0,4,True,DCT,20,257024,6291,40.855826,0.195811,37.0402,0.918568,35.7011,37.5452,0.880405,0.930169,False,2.1055,2.2034,2.6215,2.66,0.092268,0.036554
CHNCXR_0253_0,Shenzhen,0,4,True,DCT,30,257024,8711,29.505682,0.271134,38.8313,0.942483,37.3653,39.3966,0.91468,0.950924,False,2.2949,2.3527,2.9031,2.9444,0.123126,0.043903
CHNCXR_0253_0,Shenzhen,0,4,True,DCT,50,257024,12647,20.322922,0.393644,40.9609,0.961716,39.2798,41.6345,0.942917,0.967517,False,2.4999,2.5583,3.1182,3.1446,0.119699,0.061266
CHNCXR_0253_0,Shenzhen,0,4,True,DCT,70,257024,18141,14.168127,0.564648,42.8807,0.973902,41.0168,43.6531,0.960861,0.978018,False,2.6329,2.6885,3.2595,3.3057,0.147557,0.082372
CHNCXR_0253_0,Shenzhen,0,4,True,DCT,90,257024,35876,7.164232,1.116658,46.4696,0.98738,44.3149,47.4131,0.981141,0.989391,False,2.8412,2.8745,3.4632,3.499,0.230201,0.154393
CHNCXR_0254_0,Shenzhen,0,0,True,DCT,10,259072,3853,67.239035,0.118979,33.0828,0.840362,32.3103,33.4588,0.789783,0.863137,False,1.7083,1.8396,2.081,2.105,0.078493,0.024844
CHNCXR_0254_0,Shenzhen,0,0,True,DCT,20,259072,6986,37.084455,0.215724,36.5003,0.909949,35.2897,37.1398,0.878695,0.924227,False,2.1109,2.2061,2.7403,2.7994,0.093598,0.038271
CHNCXR_0254_0,Shenzhen,0,0,True,DCT,30,259072,9576,27.054302,0.295702,38.2674,0.937476,36.8753,39.0294,0.91187,0.949025,False,2.2957,2.3684,2.9778,3.01,0.10511,0.04774
CHNCXR_0254_0,Shenzhen,0,0,True,DCT,50,259072,13838,18.721781,0.42731,40.5037,0.959557,38.7645,41.5261,0.940929,0.96805,False,2.4966,2.5657,3.1661,3.1997,0.125361,0.065264
CHNCXR_0254_0,Shenzhen,0,0,True,DCT,70,259072,19488,13.293924,0.601779,42.4072,0.971315,40.4901,43.5781,0.959458,0.976707,False,2.6446,2.7139,3.3151,3.3598,0.153156,0.091411
CHNCXR_0254_0,Shenzhen,0,0,True,DCT,90,259072,37680,6.875584,1.163538,45.9559,0.98667,43.6214,47.5243,0.979782,0.98989,False,2.8688,2.9294,3.4994,3.5333,0.258409,0.164186
CHNCXR_0255_0,Shenzhen,0,0,True,DCT,10,232448,3671,63.320076,0.126342,32.8331,0.848583,31.7823,33.317,0.781849,0.873756,False,1.7775,1.884,2.1944,2.2087,0.069117,0.02038
CHNCXR_0255_0,Shenzhen,0,0,True,DCT,20,232448,6549,35.493663,0.225392,36.12,0.914557,34.8034,36.7569,0.875395,0.92894,False,2.1661,2.2429,2.813,2.8827,0.080171,0.032469
CHNCXR_0255_0,Shenzhen,0,0,True,DCT,30,232448,8967,25.922605,0.308611,38.0828,0.939832,36.432,38.9348,0.910408,0.950762,False,2.3419,2.3994,3.0537,3.081,0.09593,0.04361
CHNCXR_0255_0,Shenzhen,0,0,True,DCT,50,232448,12825,18.1246,0.441389,40.2431,0.960519,38.329,41.2854,0.939809,0.968182,False,2.5518,2.6138,3.2092,3.2461,0.111515,0.057813
CHNCXR_0255_0,Shenzhen,0,0,True,DCT,70,232448,18020,12.899445,0.620182,42.1332,0.972886,40.0717,43.2909,0.958891,0.978182,False,2.6734,2.733,3.3358,3.3804,0.162429,0.0786
CHNCXR_0255_0,Shenzhen,0,0,True,DCT,90,232448,34526,6.732549,1.188257,45.7765,0.986635,43.342,47.2612,0.979937,0.989336,False,2.8686,2.9309,3.5455,3.5794,0.217698,0.147376
CHNCXR_0256_0,Shenzhen,0,0,True,DCT,10,239104,3800,62.922105,0.127141,33.0043,0.840526,32.7589,33.077,0.800997,0.851522,False,1.854,1.9486,2.1694,2.1855,0.077042,0.022688
CHNCXR_0256_0,Shenzhen,0,0,True,DCT,20,239104,6700,35.687164,0.22417,36.0842,0.904002,35.7709,36.1779,0.883293,0.909449,False,2.2179,2.2865,2.8005,2.8698,0.087521,0.036292
CHNCXR_0256_0,Shenzhen,0,0,True,DCT,30,239104,8995,26.581879,0.300957,37.7719,0.927973,37.3867,37.8885,0.914915,0.93144,False,2.3996,2.4534,3.0118,3.0419,0.095031,0.041726
CHNCXR_0256_0,Shenzhen,0,0,True,DCT,50,239104,13125,18.217448,0.439139,39.7524,0.948358,39.1878,39.9281,0.941338,0.950424,False,2.5909,2.6478,3.2286,3.26,0.119256,0.061535
CHNCXR_0256_0,Shenzhen,0,0,True,DCT,70,239104,18733,12.763786,0.626773,41.4435,0.961378,40.8,41.6461,0.958153,0.962453,False,2.7022,2.7669,3.3848,3.4261,0.145829,0.084421
CHNCXR_0256_0,Shenzhen,0,0,True,DCT,90,239104,38016,6.289562,1.271949,44.3452,0.977603,43.6423,44.5687,0.977559,0.977988,False,2.892,2.9367,3.5157,3.5506,0.245081,0.160327
CHNCXR_0257_0,Shenzhen,0,2,True,DCT,10,261632,4380,59.733333,0.133929,33.0658,0.860756,30.9435,34.1179,0.793986,0.884308,False,1.8776,2.0227,2.1486,2.1597,0.079869,0.026684
CHNCXR_0257_0,Shenzhen,0,2,True,DCT,20,261632,7705,33.956132,0.235598,36.1998,0.922793,33.8784,37.399,0.882271,0.936688,False,2.2611,2.3525,2.7271,2.7876,0.096089,0.041676
CHNCXR_0257_0,Shenzhen,0,2,True,DCT,30,261632,10397,25.164182,0.317912,37.9073,0.944657,35.4186,39.2394,0.914321,0.955193,False,2.4328,2.564,2.9845,3.0074,0.11328,0.051575
CHNCXR_0257_0,Shenzhen,0,2,True,DCT,50,261632,14888,17.573348,0.455235,39.9006,0.96266,37.1907,41.4237,0.941029,0.970196,False,2.6246,2.7314,3.2147,3.25,0.149045,0.068267
CHNCXR_0257_0,Shenzhen,0,2,True,DCT,70,261632,20650,12.669831,0.631421,41.7115,0.973819,38.8343,43.3917,0.958841,0.979304,False,2.7664,2.8794,3.3265,3.3663,0.153855,0.09002
CHNCXR_0257_0,Shenzhen,0,2,True,DCT,90,261632,39532,6.618233,1.208782,44.9976,0.986427,42.0353,46.7624,0.979353,0.989069,False,2.9857,3.0601,3.5271,3.5633,0.235728,0.160526
CHNCXR_0258_0,Shenzhen,0,0,True,DCT,10,257536,3938,65.397664,0.122329,33.074,0.852967,32.3378,33.3131,0.788043,0.871997,False,1.7676,1.8837,2.1478,2.1645,0.072995,0.023364
CHNCXR_0258_0,Shenzhen,0,0,True,DCT,20,257536,7008,36.748858,0.217694,36.5127,0.916922,35.1997,36.9815,0.874951,0.928912,False,2.1539,2.2483,2.7878,2.8535,0.089099,0.0355
CHNCXR_0258_0,Shenzhen,0,0,True,DCT,30,257536,9432,27.304495,0.292992,38.5152,0.942689,36.8567,39.1441,0.911301,0.95187,False,2.334,2.4144,3.0226,3.0546,0.096929,0.04358
CHNCXR_0258_0,Shenzhen,0,0,True,DCT,50,257536,13472,19.11639,0.418489,40.6732,0.962481,38.7218,41.4534,0.939886,0.969041,False,2.5235,2.6019,3.2131,3.2417,0.120884,0.060698
CHNCXR_0258_0,Shenzhen,0,0,True,DCT,70,257536,18848,13.663837,0.585487,42.5856,0.97442,40.4022,43.4974,0.958629,0.978994,False,2.6417,2.6972,3.3375,3.3857,0.143937,0.082461
CHNCXR_0258_0,Shenzhen,0,0,True,DCT,90,257536,36464,7.062747,1.132704,46.202,0.987303,43.5945,47.3855,0.979401,0.989731,False,2.8269,2.8752,3.5339,3.5696,0.223065,0.150724
CHNCXR_0259_0,Shenzhen,0,4,True,DCT,10,233984,3479,67.256108,0.118948,33.4206,0.866894,32.5205,33.636,0.795364,0.882513,False,1.8011,1.8745,2.1012,2.1337,0.066431,0.018941
CHNCXR_0259_0,Shenzhen,0,4,True,DCT,20,233984,6015,38.900083,0.205655,36.8837,0.927946,35.7395,37.1679,0.890091,0.936497,False,2.1847,2.2487,2.7525,2.7968,0.074097,0.027267
CHNCXR_0259_0,Shenzhen,0,4,True,DCT,30,233984,8006,29.22608,0.273728,38.8871,0.949607,37.5782,39.2206,0.923632,0.955498,False,2.3891,2.423,2.9969,3.0363,0.083515,0.03711
CHNCXR_0259_0,Shenzhen,0,4,True,DCT,50,233984,11373,20.573639,0.388847,41.2392,0.967677,39.6219,41.6719,0.950493,0.971642,False,2.6102,2.6791,3.2303,3.2532,0.098146,0.050314
CHNCXR_0259_0,Shenzhen,0,4,True,DCT,70,233984,15753,14.853298,0.538601,43.3367,0.97819,41.5059,43.8437,0.96696,0.980839,False,2.738,2.8187,3.3679,3.4145,0.119005,0.06433
CHNCXR_0259_0,Shenzhen,0,4,True,DCT,90,233984,30315,7.718423,1.036481,47.2207,0.989332,44.9208,47.9097,0.984451,0.990571,False,2.9737,3.0226,3.5397,3.571,0.186732,0.122043
CHNCXR_0260_0,Shenzhen,0,4,True,DCT,10,256512,3585,71.551464,0.111808,33.7759,0.861268,32.4667,34.1949,0.797564,0.879019,False,1.7092,1.8239,1.9727,2.0087,0.073953,0.022799
CHNCXR_0260_0,Shenzhen,0,4,True,DCT,20,256512,6370,40.26876,0.198665,37.238,0.924583,35.4893,37.8409,0.883989,0.935715,False,2.1166,2.2031,2.6433,2.6897,0.084801,0.032839
CHNCXR_0260_0,Shenzhen,0,4,True,DCT,30,256512,8739,29.352558,0.272549,39.1253,0.947087,37.1393,39.8391,0.916675,0.955363,False,2.3128,2.3854,2.918,2.9601,0.097684,0.041659
CHNCXR_0260_0,Shenzhen,0,4,True,DCT,50,256512,12480,20.553846,0.389222,41.2344,0.965185,39.1035,42.0206,0.944595,0.970852,False,2.507,2.5675,3.1364,3.1666,0.131202,0.058887
CHNCXR_0260_0,Shenzhen,0,4,True,DCT,70,256512,17683,14.506136,0.551491,43.224,0.976349,40.8933,44.1161,0.962266,0.980323,False,2.6503,2.7145,3.2946,3.3465,0.139231,0.077016
CHNCXR_0260_0,Shenzhen,0,4,True,DCT,90,256512,34466,7.442465,1.074913,46.7954,0.988425,44.2067,47.836,0.98181,0.99032,False,2.8652,2.9184,3.4925,3.5317,0.216737,0.149183
CHNCXR_0261_0,Shenzhen,0,3,True,DCT,10,258048,4610,55.975705,0.142919,32.613,0.858425,30.7712,33.3103,0.79391,0.876479,False,1.8687,1.9839,2.2423,2.2547,0.078292,0.026758
CHNCXR_0261_0,Shenzhen,0,3,True,DCT,20,258048,8085,31.916883,0.250651,35.811,0.919369,33.6911,36.6554,0.880783,0.930328,False,2.2527,2.3266,2.7821,2.8236,0.093032,0.041621
CHNCXR_0261_0,Shenzhen,0,3,True,DCT,30,258048,11002,23.454645,0.341084,37.4724,0.941728,35.2102,38.3979,0.912954,0.949801,False,2.4322,2.5067,3.0178,3.0428,0.107303,0.050851
CHNCXR_0261_0,Shenzhen,0,3,True,DCT,50,258048,15695,16.441414,0.486576,39.3825,0.959891,37.026,40.3642,0.940343,0.965565,False,2.6298,2.7227,3.2126,3.2566,0.131554,0.075377
CHNCXR_0261_0,Shenzhen,0,3,True,DCT,70,258048,21799,11.837607,0.675812,41.1012,0.971429,38.6595,42.1352,0.958211,0.975472,False,2.7736,2.8743,3.3389,3.3781,0.177058,0.09579
CHNCXR_0261_0,Shenzhen,0,3,True,DCT,90,258048,42028,6.139907,1.302951,44.3385,0.984812,41.8202,45.4211,0.978896,0.986756,False,3.01,3.0722,3.5572,3.595,0.244829,0.17124
CHNCXR_0262_0,Shenzhen,0,4,True,DCT,10,256512,3789,67.699129,0.11817,33.4198,0.849496,32.0504,33.9859,0.778724,0.874383,False,1.7486,1.874,2.0459,2.0691,0.096544,0.020232
CHNCXR_0262_0,Shenzhen,0,4,True,DCT,20,256512,6839,37.507238,0.213292,36.8246,0.918086,34.9541,37.6733,0.872874,0.933922,False,2.1399,2.2316,2.7092,2.7714,0.090308,0.033466
CHNCXR_0262_0,Shenzhen,0,4,True,DCT,30,256512,9347,27.443244,0.291511,38.6339,0.94243,36.5432,39.6241,0.907797,0.954437,False,2.33,2.4169,2.948,2.9776,0.121746,0.041633
CHNCXR_0262_0,Shenzhen,0,4,True,DCT,50,256512,13468,19.046035,0.420035,40.7638,0.961973,38.4917,41.8801,0.938874,0.970003,False,2.5243,2.5938,3.1711,3.204,0.116145,0.060408
CHNCXR_0262_0,Shenzhen,0,4,True,DCT,70,256512,18938,13.54483,0.590631,42.5934,0.973799,40.1975,43.8009,0.958036,0.979165,False,2.6489,2.7088,3.2994,3.3454,0.144893,0.079461
CHNCXR_0262_0,Shenzhen,0,4,True,DCT,90,256512,36987,6.935193,1.153537,46.0304,0.986925,43.3929,47.4299,0.979351,0.989633,False,2.8529,2.9219,3.4969,3.5329,0.221318,0.150269
CHNCXR_0263_0,Shenzhen,0,3,True,DCT,10,257024,3723,69.036798,0.11588,33.6164,0.855559,32.2776,34.0936,0.787796,0.875603,False,1.7435,1.8591,2.0206,2.0511,0.094026,0.022804
CHNCXR_0263_0,Shenzhen,0,3,True,DCT,20,257024,6648,38.661853,0.206922,37.0428,0.92105,35.2673,37.726,0.878218,0.933543,False,2.1442,2.2267,2.6841,2.738,0.083635,0.03323
CHNCXR_0263_0,Shenzhen,0,3,True,DCT,30,257024,9030,28.463344,0.281063,38.8806,0.945059,36.9702,39.6338,0.913575,0.954101,False,2.3175,2.3946,2.9369,2.9763,0.095315,0.042325
CHNCXR_0263_0,Shenzhen,0,3,True,DCT,50,257024,12987,19.790868,0.404227,41.0412,0.964328,38.9388,41.9002,0.942791,0.970582,False,2.5174,2.5878,3.1592,3.1904,0.115219,0.058636
CHNCXR_0263_0,Shenzhen,0,3,True,DCT,70,257024,18275,14.064241,0.568818,42.9698,0.974652,40.7413,43.9024,0.96123,0.978609,False,2.6655,2.7267,3.2889,3.3373,0.142476,0.07724
CHNCXR_0263_0,Shenzhen,0,3,True,DCT,90,257024,35367,7.26734,1.100815,46.5569,0.988132,44.0072,47.6932,0.981259,0.990278,False,2.8706,2.9454,3.4812,3.5172,0.21902,0.153011
CHNCXR_0264_0,Shenzhen,0,3,True,DCT,10,262144,4664,56.205832,0.142334,32.7282,0.859423,30.4315,33.5049,0.80915,0.870816,False,1.8746,2.042,2.2317,2.24,0.094442,0.037935
CHNCXR_0264_0,Shenzhen,0,3,True,DCT,20,262144,8190,32.007814,0.249939,36.0832,0.924511,33.4887,37.0092,0.891944,0.93214,False,2.2397,2.3481,2.7709,2.8198,0.094625,0.040822
CHNCXR_0264_0,Shenzhen,0,3,True,DCT,30,262144,11035,23.755686,0.336761,37.8656,0.946785,35.1452,38.8597,0.922929,0.95252,False,2.4043,2.5576,3.0062,3.03,0.106245,0.052646
CHNCXR_0264_0,Shenzhen,0,3,True,DCT,50,262144,15606,16.797642,0.476257,39.9165,0.964967,37.0292,41.0057,0.9481,0.969086,False,2.602,2.7378,3.1767,3.2253,0.129898,0.070763
CHNCXR_0264_0,Shenzhen,0,3,True,DCT,70,262144,21470,12.209781,0.655212,41.7181,0.975327,38.7254,42.8703,0.964078,0.978256,False,2.746,2.8579,3.3103,3.3503,0.157845,0.0956
CHNCXR_0264_0,Shenzhen,0,3,True,DCT,90,262144,40816,6.422579,1.245605,45.067,0.987296,41.9794,46.2783,0.982408,0.988635,False,2.9606,3.0208,3.5477,3.5858,0.275445,0.169265
CHNCXR_0265_0,Shenzhen,0,3,True,DCT,10,230400,3804,60.567823,0.132083,32.9974,0.856285,31.7121,33.3126,0.79468,0.86947,False,1.8462,1.9145,2.2665,2.2794,0.064497,0.021056
CHNCXR_0265_0,Shenzhen,0,3,True,DCT,20,230400,6641,34.69357,0.23059,36.2531,0.917947,34.691,36.6531,0.882565,0.925205,False,2.2366,2.2958,2.8529,2.9185,0.080755,0.038067
CHNCXR_0265_0,Shenzhen,0,3,True,DCT,30,230400,8809,26.155069,0.305868,38.1155,0.941187,36.4696,38.5427,0.917793,0.945951,False,2.4211,2.4627,3.0489,3.0751,0.089034,0.039612
CHNCXR_0265_0,Shenzhen,0,3,True,DCT,50,230400,12611,18.269764,0.437882,40.197,0.960011,38.3296,40.6992,0.944387,0.963179,False,2.6399,2.7078,3.2693,3.2971,0.107095,0.055223
CHNCXR_0265_0,Shenzhen,0,3,True,DCT,70,230400,17602,13.089422,0.611181,42.1799,0.972102,40.0744,42.7688,0.962357,0.973695,False,2.7771,2.8484,3.3871,3.4323,0.130742,0.074135
CHNCXR_0265_0,Shenzhen,0,3,True,DCT,90,230400,34217,6.733495,1.18809,45.8518,0.986193,43.3635,46.5947,0.981679,0.987265,False,2.9998,3.057,3.5387,3.578,0.210599,0.137186
CHNCXR_0266_0,Shenzhen,0,4,True,DCT,10,261632,4062,64.40965,0.124205,33.3525,0.863674,31.1017,33.9873,0.799802,0.876585,False,1.8179,1.9539,2.0595,2.0734,0.07928,0.024005
CHNCXR_0266_0,Shenzhen,0,4,True,DCT,20,261632,7217,36.252182,0.220676,36.6571,0.92682,34.109,37.4133,0.88707,0.93458,False,2.194,2.2939,2.6528,2.7331,0.099641,0.036709
CHNCXR_0266_0,Shenzhen,0,4,True,DCT,30,261632,9683,27.019725,0.29608,38.4942,0.948329,35.7699,39.3282,0.91936,0.954313,False,2.3738,2.4985,2.9107,2.9402,0.123429,0.043525
CHNCXR_0266_0,Shenzhen,0,4,True,DCT,50,261632,13784,18.980847,0.421477,40.516,0.965532,37.6372,41.422,0.945597,0.969581,False,2.582,2.72,3.1351,3.1726,0.124178,0.061277
CHNCXR_0266_0,Shenzhen,0,4,True,DCT,70,261632,19217,13.614612,0.587604,42.3625,0.975696,39.3437,43.3373,0.96221,0.9786,False,2.7377,2.8455,3.2992,3.3415,0.145575,0.084429
CHNCXR_0266_0,Shenzhen,0,4,True,DCT,90,261632,37242,7.025187,1.13876,45.6067,0.987212,42.4732,46.6401,0.980916,0.988661,False,2.979,3.03,3.5285,3.5683,0.228592,0.153983
CHNCXR_0267_0,Shenzhen,0,3,True,DCT,10,255488,3829,66.724471,0.119896,33.2543,0.853496,31.8488,33.5477,0.786158,0.866595,False,1.6763,1.7669,2.1459,2.1648,0.072404,0.022417
CHNCXR_0267_0,Shenzhen,0,3,True,DCT,20,255488,6706,38.098419,0.209982,36.9098,0.919285,34.803,37.3998,0.878355,0.927458,False,2.0978,2.1917,2.7571,2.8141,0.104261,0.03236
CHNCXR_0267_0,Shenzhen,0,3,True,DCT,30,255488,9010,28.356049,0.282127,38.7356,0.944541,36.4439,39.2847,0.912474,0.95088,False,2.2942,2.35,2.9902,3.0228,0.098821,0.041532
CHNCXR_0267_0,Shenzhen,0,3,True,DCT,50,255488,12950,19.728803,0.405498,41.0427,0.964622,38.3624,41.7275,0.942037,0.969034,False,2.5095,2.5853,3.1802,3.2087,0.116396,0.056571
CHNCXR_0267_0,Shenzhen,0,3,True,DCT,70,255488,18126,14.095112,0.567573,43.0233,0.974754,40.1534,43.7806,0.960716,0.977534,False,2.6748,2.7421,3.3032,3.3535,0.139848,0.078734
CHNCXR_0267_0,Shenzhen,0,3,True,DCT,90,255488,35013,7.296947,1.096349,46.6159,0.98843,43.402,47.5166,0.980959,0.989908,False,2.9211,2.9844,3.5115,3.5478,0.217571,0.149455
CHNCXR_0268_0,Shenzhen,0,4,True,DCT,10,226816,3976,57.046278,0.140237,32.9308,0.855178,30.5844,33.841,0.801192,0.870017,False,1.8779,2.0497,2.1835,2.1946,0.066028,0.021565
CHNCXR_0268_0,Shenzhen,0,4,True,DCT,20,226816,6998,32.411546,0.246826,36.0845,0.919334,33.5167,37.1234,0.886936,0.928341,False,2.2413,2.361,2.7416,2.7978,0.083042,0.033702
CHNCXR_0268_0,Shenzhen,0,4,True,DCT,30,226816,9462,23.971253,0.333733,37.8409,0.942832,35.12,38.9751,0.91903,0.949545,False,2.3851,2.5555,2.9774,3.0011,0.092729,0.042888
CHNCXR_0268_0,Shenzhen,0,4,True,DCT,50,226816,13478,16.82861,0.475381,39.8989,0.962293,37.0104,41.1442,0.945992,0.966968,False,2.5735,2.7148,3.1672,3.2126,0.118317,0.060957
CHNCXR_0268_0,Shenzhen,0,4,True,DCT,70,226816,18647,12.163672,0.657696,41.6931,0.973538,38.7406,42.9827,0.963044,0.976705,False,2.7106,2.8209,3.3032,3.3412,0.135893,0.081211
CHNCXR_0268_0,Shenzhen,0,4,True,DCT,90,226816,35781,6.339007,1.262027,45.0067,0.986268,42.0542,46.2963,0.982052,0.987625,False,2.8757,2.9495,3.5404,3.5781,0.214502,0.149877
CHNCXR_0269_0,Shenzhen,0,3,True,DCT,10,259072,3701,70.00054,0.114285,33.7961,0.866264,32.0641,34.306,0.780484,0.886476,False,1.736,1.8032,2.0638,2.097,0.074377,0.022769
CHNCXR_0269_0,Shenzhen,0,3,True,DCT,20,259072,6490,39.918644,0.200408,37.2652,0.924165,34.9683,38.0098,0.875174,0.936304,False,2.1575,2.2283,2.7113,2.7534,0.105597,0.032592
CHNCXR_0269_0,Shenzhen,0,3,True,DCT,30,259072,8762,29.567679,0.270566,39.1811,0.947007,36.6411,40.0411,0.91063,0.95607,False,2.3607,2.3936,2.995,3.0391,0.100498,0.042722
CHNCXR_0269_0,Shenzhen,0,3,True,DCT,50,259072,12524,20.686043,0.386734,41.3458,0.9657,38.4767,42.3782,0.939978,0.972107,False,2.5757,2.6516,3.1971,3.222,0.114924,0.057491
CHNCXR_0269_0,Shenzhen,0,3,True,DCT,70,259072,17663,14.667497,0.545424,43.2913,0.975012,40.2447,44.4257,0.959275,0.978876,False,2.7323,2.813,3.3345,3.3862,0.142521,0.078199
CHNCXR_0269_0,Shenzhen,0,3,True,DCT,90,259072,33844,7.654887,1.045084,46.9688,0.988904,43.5708,48.3253,0.98043,0.991071,False,2.9982,3.054,3.5058,3.5432,0.21328,0.139279
CHNCXR_0270_0,Shenzhen,0,2,True,DCT,10,262144,4233,61.928656,0.129181,33.1045,0.860606,30.6613,33.9001,0.798951,0.873979,False,1.8362,1.9836,2.099,2.1089,0.07842,0.026296
CHNCXR_0270_0,Shenzhen,0,2,True,DCT,20,262144,7634,34.33901,0.232971,36.3498,0.923153,33.5964,37.2983,0.884966,0.931839,False,2.2098,2.3179,2.7191,2.7789,0.090745,0.040134
CHNCXR_0270_0,Shenzhen,0,2,True,DCT,30,262144,10317,25.408937,0.31485,38.1728,0.94647,35.3208,39.1735,0.919384,0.952631,False,2.377,2.5281,2.9597,2.9833,0.102566,0.050127
CHNCXR_0270_0,Shenzhen,0,2,True,DCT,50,262144,14593,17.963681,0.445343,40.2072,0.964623,37.1784,41.3062,0.945392,0.969088,False,2.5865,2.7126,3.1625,3.2025,0.148041,0.065902
CHNCXR_0270_0,Shenzhen,0,2,True,DCT,70,262144,20210,12.971004,0.61676,42.0194,0.975248,38.8828,43.1815,0.962343,0.978394,False,2.7212,2.8181,3.3078,3.3513,0.153891,0.097053
CHNCXR_0270_0,Shenzhen,0,2,True,DCT,90,262144,38596,6.791999,1.177856,45.4769,0.987552,42.2176,46.7138,0.981764,0.989049,False,2.9462,2.9985,3.543,3.5815,0.247757,0.166998
CHNCXR_0271_0,Shenzhen,0,0,True,DCT,10,261632,4509,58.024396,0.137873,32.8302,0.85468,30.9422,33.717,0.796959,0.874993,False,1.8841,2.0459,2.1757,2.1865,0.077978,0.026074
CHNCXR_0271_0,Shenzhen,0,0,True,DCT,20,261632,7961,32.864213,0.243426,35.9782,0.920251,33.8204,37.0476,0.882026,0.933494,False,2.2507,2.3491,2.7599,2.8135,0.096339,0.040805
CHNCXR_0271_0,Shenzhen,0,0,True,DCT,30,261632,10829,24.16031,0.331122,37.7529,0.943816,35.4122,38.9577,0.914496,0.954111,False,2.4363,2.5688,2.9951,3.0175,0.130375,0.052851
CHNCXR_0271_0,Shenzhen,0,0,True,DCT,50,261632,15381,17.010077,0.470309,39.7515,0.962341,37.257,41.078,0.941507,0.969675,False,2.6171,2.7358,3.196,3.2379,0.131119,0.069449
CHNCXR_0271_0,Shenzhen,0,0,True,DCT,70,261632,21354,12.252131,0.652948,41.5649,0.973575,38.8757,43.0574,0.959055,0.978908,False,2.7493,2.8555,3.3253,3.3666,0.164776,0.096304
CHNCXR_0271_0,Shenzhen,0,0,True,DCT,90,261632,40710,6.426726,1.244802,44.9345,0.986561,42.1299,46.5321,0.979936,0.989058,False,2.9843,3.0613,3.529,3.5636,0.257053,0.176152
CHNCXR_0272_0,Shenzhen,0,3,True,DCT,10,261120,4332,60.277008,0.132721,32.6241,0.83165,32.2131,32.8614,0.78147,0.861957,False,1.7994,1.9255,2.2833,2.2933,0.094753,0.025475
CHNCXR_0272_0,Shenzhen,0,3,True,DCT,20,261120,7691,33.951372,0.235631,35.8576,0.902192,35.0903,36.3321,0.870638,0.921307,False,2.1839,2.2424,2.8763,2.9376,0.090583,0.039252
CHNCXR_0272_0,Shenzhen,0,3,True,DCT,30,261120,10486,24.901774,0.321262,37.6278,0.929853,36.6709,38.2427,0.906268,0.943993,False,2.343,2.4023,3.0829,3.1036,0.106125,0.049716
CHNCXR_0272_0,Shenzhen,0,3,True,DCT,50,261120,15199,17.180078,0.465656,39.728,0.952795,38.5144,40.5512,0.936699,0.962515,False,2.5384,2.5957,3.2646,3.3044,0.132136,0.07919
CHNCXR_0272_0,Shenzhen,0,3,True,DCT,70,261120,21394,12.205291,0.655453,41.6324,0.967406,40.152,42.6978,0.955541,0.974578,False,2.6714,2.7029,3.3671,3.4092,0.166688,0.097525
CHNCXR_0272_0,Shenzhen,0,3,True,DCT,90,261120,41502,6.291745,1.271507,45.0257,0.983467,43.239,46.4078,0.977564,0.987075,False,2.8646,2.9155,3.5275,3.5606,0.26842,0.195777
CHNCXR_0273_0,Shenzhen,0,2,True,DCT,10,226304,3810,59.397375,0.134686,32.8841,0.845018,32.257,33.1513,0.790122,0.86774,False,1.8955,1.9897,2.2468,2.2551,0.066957,0.021854
CHNCXR_0273_0,Shenzhen,0,2,True,DCT,20,226304,6664,33.959184,0.235577,36.2661,0.913883,35.2776,36.7149,0.878896,0.928629,False,2.2713,2.3072,2.8307,2.8997,0.081848,0.033872
CHNCXR_0273_0,Shenzhen,0,2,True,DCT,30,226304,8974,25.21774,0.317237,38.155,0.939533,36.9606,38.7181,0.913802,0.950378,False,2.4369,2.4827,3.0526,3.0794,0.094206,0.042985
CHNCXR_0273_0,Shenzhen,0,2,True,DCT,50,226304,12767,17.725699,0.451322,40.3173,0.960053,38.8137,41.0689,0.941568,0.967826,False,2.6288,2.6713,3.2545,3.2848,0.111129,0.058966
CHNCXR_0273_0,Shenzhen,0,2,True,DCT,70,226304,17867,12.666032,0.631611,42.3062,0.972709,40.5806,43.2074,0.959998,0.978007,False,2.7497,2.7835,3.3774,3.4235,0.155207,0.085414
CHNCXR_0273_0,Shenzhen,0,2,True,DCT,90,226304,34042,6.647788,1.203408,45.9743,0.986749,43.8356,47.1915,0.980491,0.989477,False,2.9277,2.9927,3.5417,3.5774,0.253259,0.152639
CHNCXR_0274_0,Shenzhen,0,3,True,DCT,10,232448,3815,60.930013,0.131298,32.487,0.828704,32.208,32.6267,0.786691,0.851163,False,1.7899,1.9394,2.2355,2.2529,0.075202,0.032891
CHNCXR_0274_0,Shenzhen,0,3,True,DCT,20,232448,6889,33.741907,0.237094,35.777,0.902374,35.2,36.0819,0.876286,0.915562,False,2.1624,2.2615,2.8383,2.8957,0.090815,0.045054
CHNCXR_0274_0,Shenzhen,0,3,True,DCT,30,232448,9434,24.639389,0.324683,37.5843,0.929779,36.7819,38.0266,0.909928,0.939948,False,2.3458,2.403,3.0423,3.071,0.099817,0.045962
CHNCXR_0274_0,Shenzhen,0,3,True,DCT,50,232448,13792,16.853828,0.47467,39.7483,0.952461,38.6354,40.4001,0.938614,0.959752,False,2.5284,2.6058,3.213,3.2569,0.12447,0.069532
CHNCXR_0274_0,Shenzhen,0,3,True,DCT,70,232448,19406,11.978151,0.667883,41.568,0.96691,40.3023,42.3326,0.957163,0.972081,False,2.6273,2.7067,3.3298,3.3743,0.160984,0.099711
CHNCXR_0274_0,Shenzhen,0,3,True,DCT,90,232448,37842,6.142593,1.302382,44.9579,0.983181,43.3656,45.9889,0.978214,0.985865,False,2.8228,2.8586,3.4955,3.5284,0.281357,0.17804
CHNCXR_0275_0,Shenzhen,0,1,True,DCT,10,262144,3980,65.865327,0.12146,33.4683,0.866596,30.5895,34.3344,0.789322,0.880558,False,1.8041,1.9424,2.015,2.0363,0.100006,0.027675
CHNCXR_0275_0,Shenzhen,0,1,True,DCT,20,262144,7074,37.057393,0.215881,36.6746,0.924583,33.4202,37.7234,0.876976,0.933866,False,2.1912,2.2964,2.6441,2.7221,0.101573,0.039103
CHNCXR_0275_0,Shenzhen,0,1,True,DCT,30,262144,9592,27.329441,0.292725,38.4073,0.945929,34.9453,39.5676,0.910687,0.952918,False,2.362,2.4978,2.9197,2.9459,0.112777,0.051598
CHNCXR_0275_0,Shenzhen,0,1,True,DCT,50,262144,13690,19.148576,0.417786,40.385,0.964061,36.7211,41.662,0.938775,0.969151,False,2.57,2.7166,3.1509,3.1835,0.172635,0.078345
CHNCXR_0275_0,Shenzhen,0,1,True,DCT,70,262144,19182,13.666145,0.585388,42.1392,0.974618,38.3228,43.5103,0.956885,0.978322,False,2.724,2.834,3.2921,3.3332,0.16969,0.09269
CHNCXR_0275_0,Shenzhen,0,1,True,DCT,90,262144,37267,7.034213,1.137299,45.4692,0.986984,41.6644,46.833,0.979244,0.988682,False,2.9612,3.0178,3.5317,3.5679,0.275682,0.157779
CHNCXR_0276_0,Shenzhen,0,0,True,DCT,10,260096,4025,64.620124,0.1238,33.0694,0.845926,30.9089,33.8226,0.785459,0.861628,False,1.798,1.9463,2.0244,2.0399,0.086378,0.026563
CHNCXR_0276_0,Shenzhen,0,0,True,DCT,20,260096,7256,35.845645,0.223179,36.2338,0.911084,33.6855,37.1877,0.874792,0.920974,False,2.179,2.2876,2.6765,2.7447,0.121189,0.04123
CHNCXR_0276_0,Shenzhen,0,0,True,DCT,30,260096,9843,26.424464,0.30275,37.7625,0.933776,35.1557,38.7491,0.906958,0.941009,False,2.3559,2.4893,2.888,2.9137,0.147308,0.054215
CHNCXR_0276_0,Shenzhen,0,0,True,DCT,50,260096,14309,18.177091,0.440114,39.5502,0.952742,36.8823,40.5717,0.935501,0.957501,False,2.5578,2.6846,3.1316,3.1713,0.159401,0.073019
CHNCXR_0276_0,Shenzhen,0,0,True,DCT,70,260096,20370,12.768581,0.626538,41.175,0.965292,38.4696,42.2184,0.954737,0.968418,False,2.684,2.7817,3.2904,3.3296,0.164683,0.103119
CHNCXR_0276_0,Shenzhen,0,0,True,DCT,90,260096,41350,6.290109,1.271838,44.1157,0.980418,41.4717,45.1235,0.976754,0.98172,False,2.8858,2.9607,3.5186,3.5528,0.27353,0.174672
CHNCXR_0277_0,Shenzhen,0,0,True,DCT,10,229376,3374,67.983402,0.117676,33.2365,0.848176,32.2519,33.5614,0.777951,0.868177,False,1.7125,1.8379,2.1197,2.1428,0.072973,0.022521
CHNCXR_0277_0,Shenzhen,0,0,True,DCT,20,229376,5933,38.661048,0.206927,36.5471,0.913474,35.0651,37.0786,0.868122,0.925713,False,2.1153,2.2087,2.7653,2.8176,0.082976,0.033073
CHNCXR_0277_0,Shenzhen,0,0,True,DCT,30,229376,8068,28.430342,0.28139,38.4183,0.938792,36.6678,39.0764,0.90541,0.94791,False,2.3099,2.3876,3.0054,3.0397,0.097628,0.042805
CHNCXR_0277_0,Shenzhen,0,0,True,DCT,50,229376,11634,19.716005,0.405762,40.5675,0.959431,38.5048,41.3881,0.935105,0.966131,False,2.5084,2.5857,3.1968,3.2265,0.114619,0.05828
CHNCXR_0277_0,Shenzhen,0,0,True,DCT,70,229376,16415,13.973561,0.57251,42.4505,0.970217,40.1232,43.424,0.954541,0.974147,False,2.647,2.7126,3.327,3.3758,0.134779,0.07687
CHNCXR_0277_0,Shenzhen,0,0,True,DCT,90,229376,32172,7.129678,1.12207,45.9184,0.98603,43.2046,47.1438,0.977076,0.988647,False,2.8824,2.9383,3.5063,3.5455,0.203595,0.13108
CHNCXR_0278_0,Shenzhen,0,0,True,DCT,10,235008,4356,53.950413,0.148284,32.4947,0.842728,31.062,33.5044,0.790271,0.872124,False,1.9297,2.1037,2.2351,2.2532,0.074951,0.025851
CHNCXR_0278_0,Shenzhen,0,0,True,DCT,20,235008,7791,30.164035,0.265217,35.6228,0.909633,33.9789,36.8391,0.878555,0.927329,False,2.2835,2.3976,2.8261,2.8631,0.08735,0.037582
CHNCXR_0278_0,Shenzhen,0,0,True,DCT,30,235008,10537,22.303122,0.358694,37.3183,0.934357,35.5302,38.6875,0.911435,0.947371,False,2.4626,2.5797,3.0424,3.0686,0.098479,0.049048
CHNCXR_0278_0,Shenzhen,0,0,True,DCT,50,235008,15067,15.597531,0.512902,39.1557,0.953878,37.3102,40.5887,0.938916,0.962501,False,2.6236,2.6956,3.2027,3.254,0.117339,0.064277
CHNCXR_0278_0,Shenzhen,0,0,True,DCT,70,235008,21042,11.16852,0.716299,40.8602,0.966992,38.9755,42.338,0.957478,0.972575,False,2.7311,2.8209,3.3182,3.3594,0.148318,0.088815
CHNCXR_0278_0,Shenzhen,0,0,True,DCT,90,235008,40807,5.759012,1.389127,43.927,0.98213,42.0446,45.402,0.978267,0.984546,False,2.9116,2.9865,3.5383,3.5723,0.24459,0.169203
CHNCXR_0279_0,Shenzhen,0,1,True,DCT,10,246784,4073,60.590228,0.132034,32.7662,0.840157,32.3288,32.989,0.794743,0.863164,False,1.8542,1.9501,2.2526,2.2676,0.068892,0.022134
CHNCXR_0279_0,Shenzhen,0,1,True,DCT,20,246784,7136,34.58296,0.231328,36.2014,0.910014,35.3021,36.7005,0.88058,0.924956,False,2.2413,2.2812,2.8525,2.9202,0.084101,0.034287
CHNCXR_0279_0,Shenzhen,0,1,True,DCT,30,246784,9682,25.488949,0.313862,38.1084,0.936884,36.9469,38.7873,0.913995,0.948584,False,2.4083,2.4444,3.0654,3.0892,0.09669,0.077628
CHNCXR_0279_0,Shenzhen,0,1,True,DCT,50,246784,13875,17.786234,0.449786,40.3534,0.958705,38.878,41.2736,0.942572,0.966957,False,2.5917,2.6345,3.2359,3.2723,0.121436,0.063636
CHNCXR_0279_0,Shenzhen,0,1,True,DCT,70,246784,19479,12.669234,0.631451,42.271,0.971775,40.5924,43.3651,0.960282,0.97763,False,2.7324,2.7661,3.3627,3.406,0.152009,0.087775
CHNCXR_0279_0,Shenzhen,0,1,True,DCT,90,246784,37194,6.635049,1.205718,45.7424,0.985979,43.7289,47.1594,0.979972,0.9891,False,2.9278,2.981,3.5196,3.5526,0.244621,0.147181
CHNCXR_0280_0,Shenzhen,0,3,True,DCT,10,248832,3301,75.380794,0.106128,33.6792,0.856426,31.8865,34.1405,0.775929,0.873941,False,1.6432,1.7723,1.9447,1.9869,0.065928,0.019473
CHNCXR_0280_0,Shenzhen,0,3,True,DCT,20,248832,5788,42.991016,0.186085,37.1995,0.921164,34.8718,37.8537,0.872264,0.931603,False,2.0562,2.1783,2.585,2.6169,0.100404,0.029489
CHNCXR_0280_0,Shenzhen,0,3,True,DCT,30,248832,7971,31.217162,0.256269,38.9445,0.94413,36.4794,39.6537,0.908322,0.95192,False,2.2632,2.3368,2.861,2.9098,0.103884,0.039676
CHNCXR_0280_0,Shenzhen,0,3,True,DCT,50,248832,11509,21.620645,0.370017,41.2361,0.963738,38.377,42.1175,0.938481,0.969209,False,2.4737,2.5663,3.1254,3.1539,0.109274,0.052693
CHNCXR_0280_0,Shenzhen,0,3,True,DCT,70,248832,16372,15.198632,0.526363,43.1802,0.973389,40.0793,44.1792,0.957528,0.976664,False,2.6306,2.7221,3.291,3.3412,0.126329,0.070724
CHNCXR_0280_0,Shenzhen,0,3,True,DCT,90,248832,32387,7.683083,1.041249,46.5807,0.987214,43.3142,47.6661,0.979235,0.988981,False,2.8817,2.9567,3.5099,3.5436,0.197496,0.130851
CHNCXR_0281_0,Shenzhen,0,0,True,DCT,10,257536,3729,69.06302,0.115836,33.4266,0.849934,32.1807,33.9756,0.788418,0.872805,False,1.7139,1.8467,2.0519,2.0814,0.071145,0.022352
CHNCXR_0281_0,Shenzhen,0,0,True,DCT,20,257536,6763,38.080142,0.210083,36.837,0.917548,35.2351,37.5912,0.881072,0.930808,False,2.107,2.2068,2.6891,2.7501,0.13366,0.050002
CHNCXR_0281_0,Shenzhen,0,0,True,DCT,30,257536,9201,27.990001,0.285816,38.7189,0.942853,36.9254,39.5952,0.915262,0.952747,False,2.3167,2.3951,2.9248,2.9588,0.124803,0.044254
CHNCXR_0281_0,Shenzhen,0,0,True,DCT,50,257536,13370,19.262229,0.415321,40.8928,0.962741,38.9084,41.9001,0.944232,0.969482,False,2.5002,2.5737,3.1516,3.1866,0.120466,0.059985
CHNCXR_0281_0,Shenzhen,0,0,True,DCT,70,257536,18675,13.790415,0.580113,42.7758,0.973313,40.7365,43.8225,0.962441,0.977434,False,2.6424,2.714,3.2635,3.309,0.136967,0.082446
CHNCXR_0281_0,Shenzhen,0,0,True,DCT,90,257536,36286,7.097393,1.127174,46.291,0.987529,44.0353,47.5021,0.981923,0.989705,False,2.8575,2.9174,3.5015,3.5368,0.21417,0.147341
CHNCXR_0282_0,Shenzhen,0,4,True,DCT,10,259072,3743,69.215068,0.115582,33.4881,0.85349,32.2963,34.004,0.785479,0.877907,False,1.7432,1.8303,2.0468,2.0749,0.073849,0.026897
CHNCXR_0282_0,Shenzhen,0,4,True,DCT,20,259072,6768,38.27896,0.208992,36.7857,0.918856,35.3504,37.4353,0.880414,0.932893,False,2.1513,2.2202,2.6983,2.7527,0.08443,0.033149
CHNCXR_0282_0,Shenzhen,0,4,True,DCT,30,259072,9150,28.31388,0.282547,38.611,0.943255,37.027,39.3482,0.914009,0.953764,False,2.3203,2.386,2.9317,2.9657,0.115097,0.043806
CHNCXR_0282_0,Shenzhen,0,4,True,DCT,50,259072,13174,19.665402,0.406806,40.7658,0.962647,38.8723,41.7017,0.942017,0.970308,False,2.5329,2.6074,3.1279,3.1616,0.112494,0.058052
CHNCXR_0282_0,Shenzhen,0,4,True,DCT,70,259072,18620,13.913641,0.574975,42.6779,0.974543,40.6493,43.7082,0.960738,0.97947,False,2.678,2.7236,3.2729,3.3216,0.139296,0.078061
CHNCXR_0282_0,Shenzhen,0,4,True,DCT,90,259072,36178,7.161037,1.117157,46.2389,0.987445,43.7941,47.5946,0.980405,0.990111,False,2.8917,2.9529,3.4808,3.5153,0.214238,0.15126
CHNCXR_0283_0,Shenzhen,0,1,True,DCT,10,261632,3588,72.918618,0.109711,33.6276,0.850813,32.009,34.275,0.791853,0.86975,False,1.7056,1.8188,1.9157,1.9472,0.074057,0.022673
CHNCXR_0283_0,Shenzhen,0,1,True,DCT,20,261632,6565,39.852551,0.20074,36.9821,0.918901,35.041,37.8061,0.883764,0.929905,False,2.1017,2.1941,2.5699,2.626,0.082638,0.033456
CHNCXR_0283_0,Shenzhen,0,1,True,DCT,30,261632,9141,28.621814,0.279507,38.6707,0.942234,36.6322,39.5521,0.915671,0.950723,False,2.2862,2.3645,2.8586,2.8962,0.099207,0.045433
CHNCXR_0283_0,Shenzhen,0,1,True,DCT,50,261632,13241,19.759233,0.404874,40.8131,0.962208,38.5596,41.829,0.943889,0.96826,False,2.4877,2.5466,3.0838,3.1154,0.114652,0.060507
CHNCXR_0283_0,Shenzhen,0,1,True,DCT,70,261632,18808,13.910676,0.575098,42.698,0.973536,40.2927,43.8156,0.961502,0.977521,False,2.6221,2.689,3.242,3.2894,0.142103,0.087195
CHNCXR_0283_0,Shenzhen,0,1,True,DCT,90,261632,36793,7.110918,1.125031,46.2528,0.987502,43.5171,47.6141,0.981011,0.989688,False,2.8395,2.8862,3.4827,3.5175,0.244929,0.14907
CHNCXR_0284_0,Shenzhen,0,0,True,DCT,10,258560,3453,74.879815,0.106838,33.902,0.866783,31.8347,34.47,0.782773,0.883848,False,1.6901,1.7727,1.9414,1.9863,0.071597,0.022729
CHNCXR_0284_0,Shenzhen,0,0,True,DCT,20,258560,6021,42.943033,0.186293,37.352,0.926476,34.7507,38.1349,0.877579,0.936402,False,2.0947,2.1951,2.5899,2.6212,0.081424,0.031623
CHNCXR_0284_0,Shenzhen,0,0,True,DCT,30,258560,8237,31.390069,0.254858,39.1856,0.948987,36.4326,40.0366,0.912968,0.956288,False,2.2963,2.3521,2.8665,2.9132,0.115009,0.038918
CHNCXR_0284_0,Shenzhen,0,0,True,DCT,50,258560,11851,21.817568,0.366677,41.3768,0.966597,38.2855,42.3931,0.940882,0.971935,False,2.5235,2.5974,3.0801,3.1071,0.109164,0.052421
CHNCXR_0284_0,Shenzhen,0,0,True,DCT,70,258560,16746,15.440105,0.518131,43.2948,0.975901,39.985,44.4288,0.959424,0.97928,False,2.6779,2.7422,3.2523,3.3007,0.131369,0.072739
CHNCXR_0284_0,Shenzhen,0,0,True,DCT,90,258560,32873,7.865421,1.01711,46.8263,0.988752,43.1886,48.1551,0.980159,0.990607,False,2.9374,3.012,3.4666,3.5046,0.20199,0.133101
CHNCXR_0285_0,Shenzhen,0,4,True,DCT,10,262144,3482,75.285468,0.106262,33.7347,0.845824,32.4414,34.3178,0.788359,0.866858,False,1.7528,1.8271,1.8872,1.931,0.070987,0.021729
CHNCXR_0285_0,Shenzhen,0,4,True,DCT,20,262144,6309,41.5508,0.192535,37.0805,0.914795,35.4634,37.8556,0.880732,0.927945,False,2.1592,2.2256,2.572,2.6157,0.081749,0.031975
CHNCXR_0285_0,Shenzhen,0,4,True,DCT,30,262144,8727,30.038272,0.266327,38.8097,0.94131,37.0785,39.658,0.914046,0.951763,False,2.3418,2.3909,2.8546,2.8918,0.096689,0.043281
CHNCXR_0285_0,Shenzhen,0,4,True,DCT,50,262144,12759,20.545811,0.389374,40.8386,0.961837,38.9636,41.7838,0.942168,0.969401,False,2.5702,2.6462,3.0971,3.1248,0.113513,0.058977
CHNCXR_0285_0,Shenzhen,0,4,True,DCT,70,262144,18113,14.472699,0.552765,42.7558,0.97303,40.7159,43.8191,0.960587,0.977803,False,2.7408,2.7986,3.233,3.2784,0.137036,0.079299
CHNCXR_0285_0,Shenzhen,0,4,True,DCT,90,262144,35693,7.344409,1.089264,46.3154,0.987424,44.0435,47.5589,0.98101,0.989959,False,2.9979,3.0603,3.4768,3.5106,0.251708,0.147107
CHNCXR_0286_0,Shenzhen,0,3,True,DCT,10,258048,3918,65.862175,0.121466,32.8606,0.839203,32.4849,33.0326,0.788833,0.862211,False,1.71,1.8306,2.1977,2.2149,0.069397,0.021272
CHNCXR_0286_0,Shenzhen,0,3,True,DCT,20,258048,6956,37.097182,0.21565,36.2419,0.907254,35.3685,36.6788,0.875344,0.921778,False,2.1078,2.215,2.7871,2.8477,0.083289,0.034333
CHNCXR_0286_0,Shenzhen,0,3,True,DCT,30,258048,9613,26.843649,0.298022,38.1628,0.933829,36.9362,38.819,0.909274,0.945071,False,2.2971,2.3822,3.0393,3.0687,0.09802,0.044816
CHNCXR_0286_0,Shenzhen,0,3,True,DCT,50,258048,13857,18.622213,0.429594,40.2785,0.956333,38.7542,41.1439,0.937997,0.964584,False,2.486,2.5389,3.2079,3.2431,0.12367,0.063294
CHNCXR_0286_0,Shenzhen,0,3,True,DCT,70,258048,19739,13.073003,0.611948,42.202,0.970099,40.4651,43.2328,0.957056,0.976095,False,2.6025,2.6585,3.3163,3.3653,0.176185,0.088275
CHNCXR_0286_0,Shenzhen,0,3,True,DCT,90,258048,38657,6.675324,1.198444,45.6573,0.985141,43.6295,46.9397,0.978716,0.988128,False,2.8005,2.8472,3.4908,3.523,0.231169,0.155854
CHNCXR_0287_0,Shenzhen,0,0,True,DCT,10,241664,3899,61.981021,0.129072,32.9158,0.848755,32.4377,33.0979,0.804232,0.861047,False,1.7169,1.8345,2.2624,2.2739,0.068291,0.021923
CHNCXR_0287_0,Shenzhen,0,0,True,DCT,20,241664,6897,35.039002,0.228317,36.2846,0.915052,35.5093,36.5951,0.887564,0.921958,False,2.1178,2.2121,2.8617,2.9276,0.084853,0.032874
CHNCXR_0287_0,Shenzhen,0,0,True,DCT,30,241664,9300,25.985376,0.307865,38.0921,0.939098,37.1262,38.4917,0.91793,0.944649,False,2.3007,2.384,3.075,3.104,0.101081,0.044435
CHNCXR_0287_0,Shenzhen,0,0,True,DCT,50,241664,13359,18.089977,0.442234,40.3537,0.959709,39.0822,40.9091,0.945152,0.964224,False,2.4975,2.5506,3.2641,3.2962,0.115568,0.062713
CHNCXR_0287_0,Shenzhen,0,0,True,DCT,70,241664,18639,12.965502,0.617022,42.3041,0.972502,40.8569,42.957,0.962658,0.975848,False,2.6163,2.6613,3.384,3.4324,0.133603,0.075651
CHNCXR_0287_0,Shenzhen,0,0,True,DCT,90,241664,35998,6.713262,1.191671,45.9523,0.986618,44.0657,46.8782,0.981617,0.988385,False,2.8228,2.8718,3.5521,3.5892,0.219404,0.142296
CHNCXR_0288_0,Shenzhen,0,1,True,DCT,10,207360,3072,67.5,0.118519,33.2275,0.849649,32.5137,33.5347,0.786805,0.875647,False,1.7534,1.8603,2.1019,2.1296,0.055051,0.016515
CHNCXR_0288_0,Shenzhen,0,1,True,DCT,20,207360,5486,37.798031,0.211651,36.5132,0.914284,35.3819,37.0376,0.876089,0.929905,False,2.1462,2.2249,2.7657,2.8212,0.069723,0.026303
CHNCXR_0288_0,Shenzhen,0,1,True,DCT,30,207360,7536,27.515924,0.290741,38.4916,0.939998,37.0155,39.2218,0.911231,0.951667,False,2.3333,2.3778,3.0248,3.0584,0.078643,0.034345
CHNCXR_0288_0,Shenzhen,0,1,True,DCT,50,207360,10876,19.065833,0.419599,40.6904,0.960557,38.9389,41.605,0.940305,0.968906,False,2.5396,2.5846,3.2042,3.2367,0.09689,0.047543
CHNCXR_0288_0,Shenzhen,0,1,True,DCT,70,207360,15261,13.587576,0.588773,42.635,0.973206,40.639,43.731,0.958802,0.979187,False,2.6407,2.7056,3.3425,3.3893,0.115681,0.063822
CHNCXR_0288_0,Shenzhen,0,1,True,DCT,90,207360,29600,7.005405,1.141975,46.1524,0.986607,43.7048,47.6361,0.979037,0.989777,False,2.8496,2.8995,3.5306,3.5677,0.170947,0.126476
CHNCXR_0289_0,Shenzhen,0,4,True,DCT,10,257536,3610,71.339612,0.11214,33.576,0.8622,32.3555,33.988,0.792986,0.882122,False,1.714,1.8363,1.9981,2.0313,0.072444,0.021948
CHNCXR_0289_0,Shenzhen,0,4,True,DCT,20,257536,6384,40.340852,0.19831,37.0635,0.925183,35.3388,37.6984,0.882329,0.93736,False,2.1142,2.2006,2.6643,2.7098,0.084966,0.03211
CHNCXR_0289_0,Shenzhen,0,4,True,DCT,30,257536,8660,29.738568,0.269011,38.9641,0.947513,36.9945,39.7217,0.91589,0.956443,False,2.2912,2.3566,2.9182,2.9619,0.093216,0.041151
CHNCXR_0289_0,Shenzhen,0,4,True,DCT,50,257536,12453,20.680639,0.386835,41.2249,0.965988,38.9374,42.1585,0.944458,0.972212,False,2.504,2.563,3.1382,3.1669,0.115553,0.058378
CHNCXR_0289_0,Shenzhen,0,4,True,DCT,70,257536,17546,14.677761,0.545042,43.1551,0.976987,40.7558,44.1554,0.962722,0.981119,False,2.6439,2.7121,3.2971,3.345,0.134347,0.077609
CHNCXR_0289_0,Shenzhen,0,4,True,DCT,90,257536,33882,7.600968,1.052498,46.8407,0.988715,44.1365,48.0382,0.982328,0.990607,False,2.833,2.8948,3.5172,3.5521,0.203748,0.134968
CHNCXR_0290_0,Shenzhen,0,2,True,DCT,10,257536,4023,64.015909,0.124969,32.8507,0.838382,32.1332,33.106,0.784552,0.856712,False,1.7214,1.8636,2.1873,2.2039,0.094089,0.023787
CHNCXR_0290_0,Shenzhen,0,2,True,DCT,20,257536,7198,35.778827,0.223596,36.2001,0.908555,35.0368,36.6461,0.875702,0.919658,False,2.1027,2.2016,2.7917,2.8634,0.084705,0.035176
CHNCXR_0290_0,Shenzhen,0,2,True,DCT,30,257536,9832,26.193653,0.305417,38.0543,0.93636,36.6324,38.6246,0.910044,0.944941,False,2.2994,2.3611,3.0075,3.037,0.097157,0.044998
CHNCXR_0290_0,Shenzhen,0,2,True,DCT,50,257536,14204,18.131231,0.441228,40.3027,0.958404,38.5407,41.0547,0.939552,0.964714,False,2.4907,2.557,3.1824,3.2222,0.119133,0.061919
CHNCXR_0290_0,Shenzhen,0,2,True,DCT,70,257536,19968,12.897436,0.620278,42.1464,0.970682,40.2172,42.996,0.958279,0.974913,False,2.6257,2.6905,3.2946,3.3405,0.14637,0.084147
CHNCXR_0290_0,Shenzhen,0,2,True,DCT,90,257536,38837,6.631202,1.206418,45.6788,0.986006,43.3579,46.7828,0.978997,0.988462,False,2.8271,2.877,3.5022,3.5346,0.248122,0.170806
CHNCXR_0291_0,Shenzhen,0,4,True,DCT,10,257024,4590,55.996514,0.142866,32.568,0.836383,31.278,33.5244,0.796082,0.860867,False,1.8336,2.063,2.1897,2.2062,0.073844,0.025066
CHNCXR_0291_0,Shenzhen,0,4,True,DCT,20,257024,8161,31.49418,0.254015,35.7311,0.906259,34.3382,36.7883,0.884375,0.920153,False,2.1886,2.3177,2.7499,2.7987,0.090332,0.040892
CHNCXR_0291_0,Shenzhen,0,4,True,DCT,30,257024,11123,23.107435,0.346209,37.3646,0.93113,35.9565,38.4372,0.915931,0.940814,False,2.3595,2.4859,2.989,3.0147,0.101906,0.051033
CHNCXR_0291_0,Shenzhen,0,4,True,DCT,50,257024,16096,15.968191,0.500996,39.2717,0.951787,37.7928,40.4172,0.942516,0.957759,False,2.5305,2.6538,3.1848,3.2391,0.126228,0.071555
CHNCXR_0291_0,Shenzhen,0,4,True,DCT,70,257024,22711,11.317159,0.706891,40.9594,0.965387,39.4459,42.1413,0.959775,0.969198,False,2.628,2.7165,3.3211,3.3577,0.177864,0.093029
CHNCXR_0291_0,Shenzhen,0,4,True,DCT,90,257024,44244,5.80924,1.377117,43.9521,0.981034,42.4593,45.112,0.979074,0.982533,False,2.8232,2.869,3.511,3.5479,0.273069,0.2018
CHNCXR_0292_0,Shenzhen,0,2,True,DCT,10,257536,3755,68.58482,0.116644,33.3372,0.859302,32.3668,33.661,0.794695,0.878221,False,1.6966,1.8083,2.1092,2.1366,0.069484,0.021664
CHNCXR_0292_0,Shenzhen,0,2,True,DCT,20,257536,6568,39.210719,0.204026,36.7881,0.920632,35.4142,37.2785,0.881607,0.931794,False,2.0934,2.1897,2.7294,2.7787,0.081489,0.032105
CHNCXR_0292_0,Shenzhen,0,2,True,DCT,30,257536,8941,28.803937,0.27774,38.7622,0.944576,37.1298,39.3717,0.916713,0.952563,False,2.2874,2.3495,2.9837,3.022,0.092211,0.039709
CHNCXR_0292_0,Shenzhen,0,2,True,DCT,50,257536,12778,20.154641,0.396931,41.1194,0.964567,39.1601,41.8953,0.945246,0.97019,False,2.4999,2.5603,3.1863,3.2141,0.110868,0.057855
CHNCXR_0292_0,Shenzhen,0,2,True,DCT,70,257536,17891,14.394724,0.555759,43.0457,0.975982,40.9521,43.8958,0.963079,0.979804,False,2.6351,2.693,3.3247,3.3736,0.164559,0.078795
CHNCXR_0292_0,Shenzhen,0,2,True,DCT,90,257536,34654,7.431638,1.076479,46.779,0.988315,44.26,47.8893,0.982218,0.990211,False,2.8444,2.8993,3.5049,3.5424,0.22981,0.142153
CHNCXR_0293_0,Shenzhen,0,4,True,DCT,10,257536,3674,70.096897,0.114128,33.4596,0.849485,32.4653,33.9401,0.794229,0.873463,False,1.7166,1.8425,2.0178,2.0467,0.070654,0.022728
CHNCXR_0293_0,Shenzhen,0,4,True,DCT,20,257536,6586,39.103553,0.204585,36.7589,0.916084,35.3587,37.4898,0.879898,0.931799,False,2.109,2.2061,2.6633,2.7168,0.101335,0.033567
CHNCXR_0293_0,Shenzhen,0,4,True,DCT,30,257536,8932,28.83296,0.27746,38.5853,0.941152,36.967,39.4676,0.9133,0.953201,False,2.3073,2.3852,2.8947,2.9296,0.097225,0.043559
CHNCXR_0293_0,Shenzhen,0,4,True,DCT,50,257536,12940,19.902318,0.401963,40.7186,0.960795,38.7931,41.8377,0.940766,0.969494,False,2.5011,2.5692,3.1065,3.1363,0.123043,0.061298
CHNCXR_0293_0,Shenzhen,0,4,True,DCT,70,257536,18386,14.007179,0.571136,42.554,0.972371,40.4542,43.8217,0.95889,0.978196,False,2.6295,2.6922,3.262,3.31,0.158712,0.090739
CHNCXR_0293_0,Shenzhen,0,4,True,DCT,90,257536,36192,7.115827,1.124254,45.9653,0.986324,43.5692,47.5128,0.979402,0.989357,False,2.8458,2.9095,3.4911,3.528,0.241469,0.150981
CHNCXR_0294_0,Shenzhen,0,3,True,DCT,10,257536,3603,71.478213,0.111922,33.5636,0.856199,33.052,33.7934,0.809542,0.876026,False,1.7173,1.8408,2.0235,2.0608,0.08331,0.024428
CHNCXR_0294_0,Shenzhen,0,3,True,DCT,20,257536,6383,40.347172,0.198279,37.0163,0.921375,36.1743,37.4173,0.891935,0.933909,False,2.113,2.2001,2.6626,2.7034,0.096235,0.0335
CHNCXR_0294_0,Shenzhen,0,3,True,DCT,30,257536,8753,29.422598,0.2719,38.9488,0.945125,37.8913,39.4729,0.923336,0.95425,False,2.2936,2.3614,2.9119,2.957,0.095228,0.041747
CHNCXR_0294_0,Shenzhen,0,3,True,DCT,50,257536,12600,20.439365,0.391402,41.1036,0.963523,39.8465,41.7507,0.948533,0.969954,False,2.4832,2.5258,3.1226,3.1557,0.171202,0.071857
CHNCXR_0294_0,Shenzhen,0,3,True,DCT,70,257536,17831,14.443161,0.553895,43.0054,0.97499,41.6635,43.7076,0.965027,0.979296,False,2.6189,2.687,3.2722,3.3222,0.148501,0.076953
CHNCXR_0294_0,Shenzhen,0,3,True,DCT,90,257536,35240,7.308059,1.094682,46.6314,0.987626,44.918,47.5975,0.982953,0.989682,False,2.8104,2.8666,3.471,3.5112,0.208878,0.14048
CHNCXR_0295_0,Shenzhen,0,0,True,DCT,10,247808,3838,64.566962,0.123902,32.6424,0.84491,32.874,32.5338,0.801821,0.866214,False,1.7077,1.8028,2.2342,2.255,0.074682,0.022393
CHNCXR_0295_0,Shenzhen,0,0,True,DCT,20,247808,6808,36.39953,0.219783,36.156,0.912657,35.9171,36.2774,0.88505,0.926279,False,2.1141,2.1862,2.8638,2.9226,0.093092,0.036705
CHNCXR_0295_0,Shenzhen,0,0,True,DCT,30,247808,9190,26.964962,0.296681,38.2888,0.938137,37.5292,38.7136,0.916737,0.948692,False,2.3078,2.3573,3.0782,3.1097,0.096754,0.040516
CHNCXR_0295_0,Shenzhen,0,0,True,DCT,50,247808,13182,18.798968,0.425555,40.536,0.959532,39.459,41.1771,0.944134,0.967388,False,2.5011,2.5397,3.2431,3.2768,0.114964,0.062378
CHNCXR_0295_0,Shenzhen,0,0,True,DCT,70,247808,18550,13.358922,0.598851,42.5242,0.972459,41.1843,43.366,0.96156,0.978036,False,2.6562,2.7118,3.3624,3.4101,0.147076,0.088043
CHNCXR_0295_0,Shenzhen,0,0,True,DCT,90,247808,35753,6.931111,1.154216,46.0896,0.986251,44.3582,47.2748,0.980897,0.98913,False,2.8852,2.9129,3.5343,3.5709,0.236866,0.142674
CHNCXR_0296_0,Shenzhen,0,0,True,DCT,10,247808,4679,52.961744,0.151052,32.3862,0.838953,30.6802,33.5746,0.799984,0.860093,False,1.8936,2.0838,2.2432,2.2665,0.086742,0.027227
CHNCXR_0296_0,Shenzhen,0,0,True,DCT,20,247808,8325,29.766727,0.268756,35.483,0.90639,33.6835,36.764,0.886359,0.917427,False,2.2447,2.3502,2.8127,2.851,0.109827,0.044759
CHNCXR_0296_0,Shenzhen,0,0,True,DCT,30,247808,11281,21.966847,0.364185,37.0937,0.930929,35.2858,38.3833,0.917943,0.938284,False,2.4124,2.5187,3.0162,3.0437,0.106033,0.053083
CHNCXR_0296_0,Shenzhen,0,0,True,DCT,50,247808,16335,15.17037,0.527344,38.9307,0.951775,37.1651,40.1776,0.944521,0.956055,False,2.5867,2.6816,3.1997,3.2462,0.171608,0.091038
CHNCXR_0296_0,Shenzhen,0,0,True,DCT,70,247808,22777,10.879747,0.735311,40.5808,0.964909,38.8032,41.8397,0.961156,0.96735,False,2.6882,2.771,3.319,3.3561,0.16229,0.100391
CHNCXR_0296_0,Shenzhen,0,0,True,DCT,90,247808,44564,5.560722,1.438662,43.5936,0.980824,41.8637,44.8053,0.980126,0.981552,False,2.8707,2.9383,3.5164,3.5526,0.280441,0.185207
CHNCXR_0297_0,Shenzhen,0,2,True,DCT,10,239616,3785,63.306737,0.126369,32.843,0.844116,33.2312,32.729,0.806725,0.855583,False,1.8182,1.9094,2.2275,2.2471,0.088034,0.026465
CHNCXR_0297_0,Shenzhen,0,2,True,DCT,20,239616,6483,36.960666,0.216446,36.096,0.907483,36.2533,36.0482,0.887021,0.913374,False,2.2149,2.2736,2.7951,2.8482,0.088882,0.034769
CHNCXR_0297_0,Shenzhen,0,2,True,DCT,30,239616,8714,27.49782,0.290932,37.7799,0.929907,37.8338,37.7633,0.916541,0.933819,False,2.4056,2.4534,3.0547,3.0861,0.093187,0.037729
CHNCXR_0297_0,Shenzhen,0,2,True,DCT,50,239616,12448,19.249357,0.415598,39.6837,0.948214,39.554,39.7249,0.940914,0.950507,False,2.5917,2.6364,3.2667,3.2905,0.128187,0.057644
CHNCXR_0297_0,Shenzhen,0,2,True,DCT,70,239616,17852,13.422362,0.59602,41.349,0.960736,41.0684,41.4401,0.956978,0.961981,False,2.7186,2.768,3.3964,3.4394,0.135888,0.075665
CHNCXR_0297_0,Shenzhen,0,2,True,DCT,90,239616,36878,6.497532,1.231237,44.3842,0.977038,43.7715,44.594,0.975984,0.977744,False,2.9367,2.9711,3.5158,3.5538,0.221029,0.166347
CHNCXR_0298_0,Shenzhen,0,2,True,DCT,10,257536,3592,71.697105,0.111581,33.3738,0.846569,32.256,33.9339,0.793058,0.868742,False,1.6601,1.775,2.0095,2.0387,0.069635,0.021191
CHNCXR_0298_0,Shenzhen,0,2,True,DCT,20,257536,6519,39.505446,0.202504,36.8003,0.91642,35.1924,37.6872,0.881352,0.93086,False,2.0758,2.1813,2.6444,2.6975,0.084288,0.030457
CHNCXR_0298_0,Shenzhen,0,2,True,DCT,30,257536,8945,28.791056,0.277864,38.6276,0.941454,36.8522,39.6414,0.915204,0.952321,False,2.2637,2.3281,2.9031,2.9394,0.088857,0.04215
CHNCXR_0298_0,Shenzhen,0,2,True,DCT,50,257536,13024,19.773956,0.404573,40.7302,0.961061,38.7381,41.9216,0.943155,0.968407,False,2.4885,2.562,3.1209,3.1511,0.120353,0.056751
CHNCXR_0298_0,Shenzhen,0,2,True,DCT,70,257536,18467,13.945741,0.573652,42.5565,0.971979,40.4743,43.8269,0.960988,0.976565,False,2.6277,2.6942,3.2559,3.3003,0.130919,0.079171
CHNCXR_0298_0,Shenzhen,0,2,True,DCT,90,257536,36116,7.130801,1.121894,45.9593,0.986595,43.6334,47.4592,0.980682,0.989174,False,2.8651,2.9087,3.4787,3.5117,0.237121,0.14695
CHNCXR_0299_0,Shenzhen,0,4,True,DCT,10,216064,3415,63.269107,0.126444,33.3663,0.858718,32.9813,33.4394,0.80581,0.868415,False,1.8333,1.9525,2.1828,2.203,0.068076,0.018993
CHNCXR_0299_0,Shenzhen,0,4,True,DCT,20,216064,5734,37.6812,0.212307,36.5128,0.917241,35.9045,36.632,0.885078,0.922664,False,2.2087,2.2898,2.7693,2.8177,0.069204,0.029373
CHNCXR_0299_0,Shenzhen,0,4,True,DCT,30,216064,7688,28.104058,0.284656,38.2819,0.938316,37.5688,38.4237,0.91601,0.942209,False,2.3948,2.4652,3.0316,3.0659,0.077317,0.033764
CHNCXR_0299_0,Shenzhen,0,4,True,DCT,50,216064,10953,19.726468,0.405547,40.4758,0.957494,39.4024,40.7008,0.942932,0.960094,False,2.5578,2.6424,3.2434,3.2639,0.109471,0.047659
CHNCXR_0299_0,Shenzhen,0,4,True,DCT,70,216064,15401,14.029219,0.570238,42.3499,0.96922,41.0505,42.6315,0.960035,0.970693,False,2.6663,2.7415,3.3763,3.4263,0.109765,0.06146
CHNCXR_0299_0,Shenzhen,0,4,True,DCT,90,216064,30874,6.998251,1.143143,45.4864,0.98269,44.026,45.8108,0.979232,0.983513,False,2.8405,2.8915,3.5685,3.6044,0.212345,0.128593
CHNCXR_0300_0,Shenzhen,0,2,True,DCT,10,258048,3517,73.371624,0.109034,33.5321,0.854585,32.809,33.7851,0.789262,0.876115,False,1.6785,1.8056,1.9866,2.0243,0.072401,0.019622
CHNCXR_0300_0,Shenzhen,0,2,True,DCT,20,258048,6170,41.823015,0.191282,36.9217,0.917725,35.6445,37.4121,0.872477,0.932395,False,2.0695,2.1848,2.6235,2.6585,0.081697,0.029329
CHNCXR_0300_0,Shenzhen,0,2,True,DCT,30,258048,8521,30.28377,0.264168,38.7694,0.940806,37.2251,39.391,0.90678,0.951843,False,2.2675,2.3398,2.9105,2.9565,0.0885,0.038894
CHNCXR_0300_0,Shenzhen,0,2,True,DCT,50,258048,12398,20.81368,0.384363,40.799,0.959719,38.9966,41.5596,0.935508,0.967563,False,2.471,2.5218,3.15,3.1789,0.106218,0.055005
CHNCXR_0300_0,Shenzhen,0,2,True,DCT,70,258048,17705,14.574866,0.54889,42.5877,0.971701,40.6558,43.423,0.955156,0.977147,False,2.6037,2.6756,3.3051,3.3513,0.155518,0.079184
CHNCXR_0300_0,Shenzhen,0,2,True,DCT,90,258048,35835,7.201005,1.110956,46.0621,0.985533,43.7408,47.1449,0.977223,0.9883,False,2.7911,2.8341,3.4985,3.539,0.227983,0.15006
CHNCXR_0301_0,Shenzhen,0,2,True,DCT,10,257536,3696,69.679654,0.114811,33.4796,0.855586,32.1496,33.9013,0.781782,0.875113,False,1.7319,1.8512,2.0349,2.0651,0.068817,0.021914
CHNCXR_0301_0,Shenzhen,0,2,True,DCT,20,257536,6524,39.475169,0.202659,36.8288,0.919786,35.0363,37.4433,0.87342,0.931822,False,2.1329,2.2178,2.6679,2.7176,0.080227,0.032592
CHNCXR_0301_0,Shenzhen,0,2,True,DCT,30,257536,8923,28.862042,0.277181,38.7215,0.943341,36.6773,39.4541,0.908861,0.952226,False,2.3002,2.3586,2.9226,2.9629,0.10633,0.047838
CHNCXR_0301_0,Shenzhen,0,2,True,DCT,50,257536,12932,19.91463,0.401715,40.8375,0.962393,38.4998,41.7212,0.93833,0.968601,False,2.4879,2.5337,3.1417,3.1744,0.115727,0.058512
CHNCXR_0301_0,Shenzhen,0,2,True,DCT,70,257536,18276,14.091486,0.567719,42.7158,0.974114,40.2557,43.6675,0.957536,0.97843,False,2.6316,2.6783,3.283,3.3301,0.136815,0.076051
CHNCXR_0301_0,Shenzhen,0,2,True,DCT,90,257536,35992,7.155368,1.118042,46.2423,0.987189,43.4108,47.4194,0.97906,0.989387,False,2.8118,2.8648,3.4968,3.5353,0.210723,0.148372
CHNCXR_0302_0,Shenzhen,0,0,True,DCT,10,229888,3716,61.86437,0.129315,32.9162,0.846905,32.2402,33.1436,0.784967,0.865817,False,1.8811,1.9613,2.1741,2.19,0.067499,0.019924
CHNCXR_0302_0,Shenzhen,0,0,True,DCT,20,229888,6612,34.7683,0.230095,36.1335,0.913971,35.1468,36.4827,0.874881,0.926085,False,2.2631,2.3035,2.7827,2.8568,0.078381,0.032186
CHNCXR_0302_0,Shenzhen,0,0,True,DCT,30,229888,8974,25.617116,0.312291,37.9757,0.938966,36.7584,38.4236,0.90988,0.94797,False,2.4324,2.4786,3.0157,3.0447,0.098807,0.049225
CHNCXR_0302_0,Shenzhen,0,0,True,DCT,50,229888,12845,17.897081,0.447,40.1107,0.959427,38.6285,40.6818,0.938871,0.965931,False,2.6254,2.6606,3.1735,3.2109,0.104244,0.057445
CHNCXR_0302_0,Shenzhen,0,0,True,DCT,70,229888,18131,12.679279,0.630951,41.966,0.972148,40.3785,42.5892,0.958162,0.976624,False,2.7515,2.7941,3.3004,3.3475,0.13585,0.073009
CHNCXR_0302_0,Shenzhen,0,0,True,DCT,90,229888,35007,6.566915,1.218228,45.575,0.986078,43.5114,46.4595,0.978971,0.988432,False,2.9347,2.9751,3.5001,3.5325,0.221529,0.154357
CHNCXR_0303_0,Shenzhen,0,0,True,DCT,10,260096,3891,66.845541,0.119679,33.4486,0.856955,33.3424,33.4604,0.805658,0.862492,False,1.681,1.7659,2.2189,2.2585,0.071201,0.022442
CHNCXR_0303_0,Shenzhen,0,0,True,DCT,20,260096,6570,39.588432,0.202079,36.8064,0.917231,36.5153,36.8395,0.887958,0.919975,False,2.0831,2.188,2.8289,2.871,0.111043,0.043753
CHNCXR_0303_0,Shenzhen,0,0,True,DCT,30,260096,8822,29.482657,0.271346,38.7125,0.939424,38.1958,38.7731,0.9203,0.941025,False,2.2858,2.3396,3.0737,3.1127,0.100727,0.044132
CHNCXR_0303_0,Shenzhen,0,0,True,DCT,50,260096,12509,20.792709,0.38475,40.7484,0.957411,40.1905,40.8142,0.946556,0.958438,False,2.4957,2.5566,3.2888,3.3082,0.110805,0.055569
CHNCXR_0303_0,Shenzhen,0,0,True,DCT,70,260096,17724,14.674791,0.545153,42.5307,0.968216,41.8788,42.6085,0.96267,0.968451,False,2.6391,2.6821,3.4197,3.4636,0.143564,0.090717
CHNCXR_0303_0,Shenzhen,0,0,True,DCT,90,260096,36179,7.189143,1.112789,45.6263,0.98194,44.7763,45.7306,0.98017,0.982392,False,2.8796,2.926,3.5547,3.5916,0.230479,0.153549
CHNCXR_0304_0,Shenzhen,0,3,True,DCT,10,257536,3789,67.969385,0.1177,33.3813,0.856544,32.0627,33.8109,0.790187,0.874671,False,1.7294,1.8465,2.0772,2.1029,0.074572,0.022448
CHNCXR_0304_0,Shenzhen,0,3,True,DCT,20,257536,6715,38.352345,0.208592,36.8912,0.922676,35.1075,37.5202,0.880992,0.933767,False,2.1229,2.2121,2.6899,2.7499,0.081376,0.037698
CHNCXR_0304_0,Shenzhen,0,3,True,DCT,30,257536,9085,28.347386,0.282213,38.7683,0.946073,36.766,39.5024,0.915633,0.954071,False,2.3013,2.3681,2.9487,2.9832,0.094968,0.044452
CHNCXR_0304_0,Shenzhen,0,3,True,DCT,50,257536,13095,19.666743,0.406778,40.9689,0.964476,38.7206,41.831,0.943939,0.96992,False,2.5086,2.5697,3.1568,3.1878,0.123583,0.062302
CHNCXR_0304_0,Shenzhen,0,3,True,DCT,70,257536,18389,14.004894,0.571229,42.8847,0.975801,40.5357,43.8026,0.96224,0.979459,False,2.6339,2.6964,3.2946,3.3384,0.16548,0.085064
CHNCXR_0304_0,Shenzhen,0,3,True,DCT,90,257536,35876,7.178504,1.114438,46.447,0.987959,43.7593,47.5679,0.981331,0.989828,False,2.8112,2.8626,3.4999,3.5385,0.22875,0.160918
CHNCXR_0305_0,Shenzhen,0,3,True,DCT,10,235008,4097,57.360996,0.139468,32.379,0.838337,31.7428,32.597,0.781159,0.858639,False,1.8323,1.9211,2.3672,2.375,0.067126,0.022163
CHNCXR_0305_0,Shenzhen,0,3,True,DCT,20,235008,7150,32.868252,0.243396,35.8346,0.909325,34.6122,36.2964,0.873526,0.92185,False,2.2002,2.2584,2.9366,2.9938,0.105471,0.035882
CHNCXR_0305_0,Shenzhen,0,3,True,DCT,30,235008,9673,24.295255,0.329282,37.6813,0.935409,36.2025,38.2655,0.908479,0.944924,False,2.3901,2.4671,3.1337,3.1609,0.106737,0.044771
CHNCXR_0305_0,Shenzhen,0,3,True,DCT,50,235008,13748,17.093977,0.468001,39.9682,0.957446,38.097,40.7623,0.938591,0.964295,False,2.5776,2.6301,3.3069,3.3383,0.117446,0.068503
CHNCXR_0305_0,Shenzhen,0,3,True,DCT,70,235008,19148,12.27324,0.651825,41.9276,0.970787,39.7978,42.8773,0.957459,0.975676,False,2.6804,2.7193,3.4315,3.475,0.142281,0.089852
CHNCXR_0305_0,Shenzhen,0,3,True,DCT,90,235008,36763,6.392514,1.251464,45.5275,0.985518,43.1049,46.6724,0.979384,0.987835,False,2.8804,2.9224,3.575,3.6123,0.222956,0.143928
CHNCXR_0306_0,Shenzhen,0,0,True,DCT,10,256000,3226,79.355239,0.100812,34.2216,0.864435,32.0201,34.7959,0.781057,0.880877,False,1.6123,1.7316,1.847,1.8972,0.07499,0.022658
CHNCXR_0306_0,Shenzhen,0,0,True,DCT,20,256000,5687,45.014946,0.177719,37.6857,0.926715,34.9353,38.4732,0.875895,0.936754,False,2.0429,2.1724,2.5255,2.5511,0.079623,0.03139
CHNCXR_0306_0,Shenzhen,0,0,True,DCT,30,256000,7780,32.904884,0.243125,39.4782,0.948453,36.5858,40.3271,0.911127,0.955873,False,2.245,2.3185,2.7991,2.8577,0.108548,0.038319
CHNCXR_0306_0,Shenzhen,0,0,True,DCT,50,256000,11226,22.804205,0.350813,41.6307,0.966141,38.4399,42.619,0.939775,0.971486,False,2.4677,2.5747,3.0752,3.0983,0.110479,0.050031
CHNCXR_0306_0,Shenzhen,0,0,True,DCT,70,256000,16031,15.96906,0.500969,43.5385,0.975241,40.1816,44.6109,0.95882,0.978337,False,2.6448,2.7391,3.2562,3.3013,0.123393,0.069194
CHNCXR_0306_0,Shenzhen,0,0,True,DCT,90,256000,31778,8.055888,0.993062,46.9195,0.988163,43.4203,48.0678,0.979875,0.989915,False,2.9123,3.0045,3.4783,3.5125,0.186268,0.126505
CHNCXR_0307_0,Shenzhen,0,2,True,DCT,10,257536,3659,70.384258,0.113662,33.5874,0.859941,32.2851,33.9338,0.790184,0.874968,False,1.7233,1.8333,2.0051,2.0388,0.07556,0.022034
CHNCXR_0307_0,Shenzhen,0,2,True,DCT,20,257536,6476,39.767758,0.201168,37.0134,0.922185,35.3249,37.4911,0.880276,0.931141,False,2.1134,2.2029,2.6592,2.7074,0.08675,0.037566
CHNCXR_0307_0,Shenzhen,0,2,True,DCT,30,257536,8824,29.185857,0.274105,38.8848,0.944974,36.9601,39.4511,0.91347,0.95162,False,2.3,2.3819,2.9097,2.954,0.113564,0.039688
CHNCXR_0307_0,Shenzhen,0,2,True,DCT,50,257536,12744,20.208412,0.395875,41.0928,0.964132,38.9313,41.7548,0.942743,0.968664,False,2.4986,2.5446,3.1431,3.1732,0.109247,0.054868
CHNCXR_0307_0,Shenzhen,0,2,True,DCT,70,257536,18003,14.305171,0.559238,43.0115,0.97542,40.6657,43.7534,0.960652,0.978675,False,2.6272,2.6788,3.2867,3.3321,0.131312,0.073436
CHNCXR_0307_0,Shenzhen,0,2,True,DCT,90,257536,35455,7.263743,1.101361,46.5451,0.987861,43.8786,47.4381,0.98067,0.989543,False,2.8259,2.8817,3.4857,3.5254,0.221698,0.13878
CHNCXR_0308_0,Shenzhen,0,4,True,DCT,10,257536,3822,67.382522,0.118725,33.0733,0.850543,32.0104,33.4335,0.778861,0.871911,False,1.718,1.8403,2.1316,2.1545,0.068683,0.021372
CHNCXR_0308_0,Shenzhen,0,4,True,DCT,20,257536,6773,38.023918,0.210394,36.5248,0.917255,35.0242,37.0725,0.873842,0.930185,False,2.1081,2.2118,2.762,2.8214,0.081575,0.032341
CHNCXR_0308_0,Shenzhen,0,4,True,DCT,30,257536,9220,27.932321,0.286407,38.4922,0.942285,36.6504,39.2063,0.909505,0.951953,False,2.3022,2.3775,3.0029,3.0397,0.091821,0.039999
CHNCXR_0308_0,Shenzhen,0,4,True,DCT,50,257536,13148,19.587466,0.408424,40.8396,0.96275,38.5128,41.8275,0.938869,0.969786,False,2.511,2.5799,3.1854,3.2158,0.111503,0.055715
CHNCXR_0308_0,Shenzhen,0,4,True,DCT,70,257536,18449,13.959347,0.573093,42.7557,0.974545,40.2255,43.8737,0.957898,0.979632,False,2.6177,2.683,3.3156,3.3654,0.13958,0.074026
CHNCXR_0308_0,Shenzhen,0,4,True,DCT,90,257536,35912,7.171308,1.115557,46.3025,0.987408,43.5086,47.6052,0.979598,0.98982,False,2.8354,2.8728,3.5355,3.5705,0.22364,0.138381
CHNCXR_0309_0,Shenzhen,0,2,True,DCT,10,254464,3909,65.096956,0.122894,33.0217,0.843656,32.2173,33.3853,0.796537,0.863171,False,1.7564,1.909,2.0886,2.1107,0.068923,0.021801
CHNCXR_0309_0,Shenzhen,0,2,True,DCT,20,254464,7075,35.966643,0.222428,36.3684,0.912989,35.3346,36.8553,0.884568,0.924626,False,2.1395,2.2356,2.6991,2.769,0.083194,0.033797
CHNCXR_0309_0,Shenzhen,0,2,True,DCT,30,254464,9667,26.322954,0.303917,38.2073,0.93842,36.9837,38.8042,0.917184,0.947162,False,2.3097,2.3829,2.9271,2.96,0.093405,0.043575
CHNCXR_0309_0,Shenzhen,0,2,True,DCT,50,254464,14080,18.072727,0.442656,40.3497,0.959091,38.9091,41.0824,0.944517,0.965148,False,2.5028,2.5813,3.138,3.1791,0.139032,0.059014
CHNCXR_0309_0,Shenzhen,0,2,True,DCT,70,254464,19817,12.840692,0.623019,42.2635,0.971928,40.7045,43.075,0.962332,0.975939,False,2.6196,2.6902,3.2804,3.3243,0.140917,0.081039
CHNCXR_0309_0,Shenzhen,0,2,True,DCT,90,254464,38653,6.583292,1.215197,45.7759,0.98617,43.9664,46.7666,0.981637,0.988121,False,2.8092,2.8601,3.4942,3.5288,0.232197,0.155535
CHNCXR_0310_0,Shenzhen,0,4,True,DCT,10,259584,4014,64.669656,0.123706,32.9547,0.83357,31.4955,33.5867,0.796147,0.847452,False,1.7283,1.8767,2.0775,2.0966,0.077638,0.026173
CHNCXR_0310_0,Shenzhen,0,4,True,DCT,20,259584,7270,35.70619,0.224051,36.0282,0.902355,34.4663,36.7176,0.882492,0.909798,False,2.1244,2.2263,2.6751,2.7397,0.085146,0.034864
CHNCXR_0310_0,Shenzhen,0,4,True,DCT,30,259584,10001,25.955804,0.308216,37.7314,0.927945,36.0616,38.4834,0.914712,0.933243,False,2.3155,2.4043,2.9257,2.9484,0.094388,0.044603
CHNCXR_0310_0,Shenzhen,0,4,True,DCT,50,259584,14560,17.828571,0.448718,39.6153,0.948205,37.8912,40.3997,0.941402,0.95135,False,2.5037,2.5967,3.1366,3.1753,0.152734,0.067947
CHNCXR_0310_0,Shenzhen,0,4,True,DCT,70,259584,20980,12.372927,0.646573,41.1215,0.961254,39.4733,41.8607,0.958232,0.962935,False,2.6373,2.709,3.3054,3.3414,0.148408,0.086222
CHNCXR_0310_0,Shenzhen,0,4,True,DCT,90,259584,42675,6.082812,1.315181,43.8835,0.977702,42.3388,44.5631,0.977663,0.978122,False,2.8503,2.9182,3.4827,3.5178,0.257543,0.18241
CHNCXR_0311_0,Shenzhen,0,3,True,DCT,10,258048,3950,65.328608,0.122458,33.0756,0.842495,32.0219,33.6085,0.783183,0.868537,False,1.741,1.8859,2.1236,2.1428,0.068283,0.021005
CHNCXR_0311_0,Shenzhen,0,3,True,DCT,20,258048,7118,36.25288,0.220672,36.4488,0.913768,35.0328,37.2168,0.875022,0.930725,False,2.1214,2.2217,2.7062,2.7789,0.081967,0.033146
CHNCXR_0311_0,Shenzhen,0,3,True,DCT,30,258048,9718,26.553612,0.301277,38.2754,0.939501,36.623,39.2156,0.909997,0.9523,False,2.2836,2.3328,2.9619,2.9934,0.10225,0.04657
CHNCXR_0311_0,Shenzhen,0,3,True,DCT,50,258048,14065,18.346818,0.436043,40.397,0.95983,38.5244,41.5134,0.93941,0.968881,False,2.4698,2.5295,3.1543,3.1962,0.13533,0.05933
CHNCXR_0311_0,Shenzhen,0,3,True,DCT,70,258048,19821,13.018919,0.61449,42.29,0.972398,40.2597,43.5428,0.958414,0.978648,False,2.5803,2.6458,3.3035,3.3463,0.147277,0.096163
CHNCXR_0311_0,Shenzhen,0,3,True,DCT,90,258048,38551,6.693679,1.195157,45.7758,0.98632,43.5058,47.2552,0.979649,0.989343,False,2.7491,2.7917,3.5122,3.5484,0.239929,0.155492
CHNCXR_0312_0,Shenzhen,0,4,True,DCT,10,256512,3534,72.584041,0.110217,33.7417,0.861836,31.6808,34.4013,0.786179,0.87971,False,1.6563,1.7763,1.9705,1.9971,0.077465,0.019114
CHNCXR_0312_0,Shenzhen,0,4,True,DCT,20,256512,6377,40.224557,0.198883,37.2451,0.924216,34.7119,38.1269,0.879537,0.935044,False,2.0737,2.1786,2.6352,2.6855,0.079053,0.030642
CHNCXR_0312_0,Shenzhen,0,4,True,DCT,30,256512,8683,29.541863,0.270802,39.0663,0.94751,36.404,40.0153,0.914646,0.955326,False,2.2655,2.3361,2.8899,2.9374,0.092681,0.043577
CHNCXR_0312_0,Shenzhen,0,4,True,DCT,50,256512,12504,20.514395,0.38997,41.2473,0.966036,38.3269,42.3404,0.943445,0.971494,False,2.485,2.5813,3.1165,3.149,0.11938,0.055517
CHNCXR_0312_0,Shenzhen,0,4,True,DCT,70,256512,17610,14.566269,0.549214,43.1164,0.97583,40.088,44.2738,0.961534,0.979213,False,2.6357,2.7202,3.2731,3.3227,0.130916,0.073115
CHNCXR_0312_0,Shenzhen,0,4,True,DCT,90,256512,34142,7.513092,1.064808,46.5679,0.988415,43.2966,47.8801,0.981174,0.990237,False,2.8828,2.9402,3.493,3.5303,0.209718,0.132937
CHNCXR_0313_0,Shenzhen,0,2,True,DCT,10,233984,3763,62.180175,0.128658,32.9804,0.844566,32.693,33.0514,0.798623,0.855997,False,1.8524,1.962,2.2213,2.2404,0.066111,0.019649
CHNCXR_0313_0,Shenzhen,0,2,True,DCT,20,233984,6412,36.491578,0.219229,36.1999,0.909204,35.6598,36.3383,0.881437,0.915692,False,2.2293,2.3041,2.7929,2.8463,0.075619,0.031292
CHNCXR_0313_0,Shenzhen,0,2,True,DCT,30,233984,8637,27.090888,0.295302,38.0605,0.932934,37.2781,38.2684,0.91365,0.937686,False,2.409,2.4768,3.0433,3.0747,0.097669,0.042543
CHNCXR_0313_0,Shenzhen,0,2,True,DCT,50,233984,12283,19.049418,0.41996,40.0888,0.952495,39.0808,40.3662,0.940426,0.955732,False,2.5924,2.6589,3.2673,3.2927,0.100945,0.051028
CHNCXR_0313_0,Shenzhen,0,2,True,DCT,70,233984,17299,13.525869,0.591459,41.827,0.965046,40.7167,42.1375,0.958058,0.967078,False,2.7179,2.7845,3.3882,3.4369,0.126123,0.072794
CHNCXR_0313_0,Shenzhen,0,2,True,DCT,90,233984,34944,6.695971,1.194748,44.9482,0.980191,43.7025,45.3041,0.978209,0.981037,False,2.9032,2.9316,3.5515,3.5857,0.20846,0.1405
CHNCXR_0314_0,Shenzhen,0,1,True,DCT,10,238592,3655,65.278249,0.122552,33.3144,0.853595,32.0658,33.8101,0.791599,0.872434,False,1.7668,1.8493,2.14,2.1611,0.077056,0.020332
CHNCXR_0314_0,Shenzhen,0,1,True,DCT,20,238592,6459,36.939464,0.216571,36.7308,0.918999,34.9708,37.4975,0.878407,0.930536,False,2.1651,2.2201,2.7658,2.8255,0.080675,0.032699
CHNCXR_0314_0,Shenzhen,0,1,True,DCT,30,238592,8795,27.128141,0.294897,38.6125,0.943589,36.6333,39.5115,0.914252,0.951913,False,2.3708,2.406,3.0089,3.0426,0.087856,0.038847
CHNCXR_0314_0,Shenzhen,0,1,True,DCT,50,238592,12610,18.920856,0.422814,40.6565,0.962449,38.5278,41.6523,0.94252,0.968304,False,2.5747,2.6359,3.2009,3.2341,0.113898,0.054427
CHNCXR_0314_0,Shenzhen,0,1,True,DCT,70,238592,17643,13.523324,0.591571,42.5903,0.972995,40.2551,43.7288,0.960483,0.976615,False,2.6993,2.7474,3.3231,3.3729,0.120632,0.068087
CHNCXR_0314_0,Shenzhen,0,1,True,DCT,90,238592,33950,7.027747,1.138345,46.1065,0.987146,43.4618,47.4827,0.980592,0.989349,False,2.9267,2.9725,3.5115,3.5449,0.22012,0.123468
CHNCXR_0315_0,Shenzhen,0,2,True,DCT,10,260608,3759,69.329077,0.115392,33.372,0.84946,32.243,33.8723,0.78919,0.872299,False,1.7248,1.8398,2.0482,2.0772,0.075057,0.02151
CHNCXR_0315_0,Shenzhen,0,2,True,DCT,20,260608,6822,38.201114,0.209418,36.6941,0.916061,35.2606,37.366,0.878058,0.930042,False,2.1216,2.2075,2.6987,2.757,0.09064,0.03481
CHNCXR_0315_0,Shenzhen,0,2,True,DCT,30,260608,9349,27.875495,0.28699,38.4888,0.94037,36.8608,39.2808,0.912112,0.950586,False,2.3082,2.386,2.9512,2.9913,0.114357,0.059024
CHNCXR_0315_0,Shenzhen,0,2,True,DCT,50,260608,13481,19.331504,0.413832,40.5582,0.960335,38.7491,41.4701,0.940767,0.967506,False,2.5057,2.5601,3.1585,3.1929,0.115607,0.058521
CHNCXR_0315_0,Shenzhen,0,2,True,DCT,70,260608,19158,13.60309,0.588102,42.4801,0.972812,40.5102,43.5058,0.959736,0.977768,False,2.6247,2.6902,3.2949,3.3417,0.155568,0.076913
CHNCXR_0315_0,Shenzhen,0,2,True,DCT,90,260608,37527,6.944547,1.151983,45.9875,0.986393,43.6163,47.3318,0.979672,0.989053,False,2.824,2.8779,3.487,3.5206,0.212042,0.145951
CHNCXR_0316_0,Shenzhen,0,1,True,DCT,10,234496,3780,62.035979,0.128957,32.8326,0.837501,32.1482,33.1072,0.78433,0.85954,False,1.7875,1.8904,2.2312,2.2483,0.065568,0.024523
CHNCXR_0316_0,Shenzhen,0,1,True,DCT,20,234496,6664,35.188475,0.227347,36.2627,0.906987,35.2023,36.7167,0.878044,0.919307,False,2.1991,2.2543,2.8137,2.8842,0.116004,0.030719
CHNCXR_0316_0,Shenzhen,0,1,True,DCT,30,234496,9038,25.945563,0.308338,38.1317,0.935374,36.8817,38.6854,0.91316,0.944628,False,2.3708,2.4143,3.056,3.0841,0.089863,0.03848
CHNCXR_0316_0,Shenzhen,0,1,True,DCT,50,234496,12944,18.116193,0.441594,40.4342,0.958047,38.7824,41.223,0.94162,0.964925,False,2.5653,2.6223,3.2374,3.2717,0.100585,0.049762
CHNCXR_0316_0,Shenzhen,0,1,True,DCT,70,234496,18149,12.920602,0.619166,42.4926,0.97051,40.5355,43.4853,0.960039,0.97481,False,2.7191,2.7613,3.3413,3.3886,0.125111,0.072025
CHNCXR_0316_0,Shenzhen,0,1,True,DCT,90,234496,34605,6.776362,1.180575,46.0729,0.986366,43.7692,47.3287,0.980484,0.988847,False,2.937,2.9817,3.5079,3.5409,0.194531,0.132167
CHNCXR_0317_0,Shenzhen,0,1,True,DCT,10,256512,3584,71.571429,0.111776,33.5422,0.850483,31.8334,34.2831,0.787972,0.871904,False,1.6499,1.7597,2.0137,2.0439,0.087234,0.019253
CHNCXR_0317_0,Shenzhen,0,1,True,DCT,20,256512,6547,39.180082,0.204185,36.9027,0.917018,34.8453,37.8563,0.880394,0.929615,False,2.074,2.1786,2.6675,2.7248,0.08641,0.034748
CHNCXR_0317_0,Shenzhen,0,1,True,DCT,30,256512,8977,28.574357,0.279971,38.7104,0.942126,36.4924,39.772,0.9148,0.951516,False,2.2773,2.3289,2.9091,2.9432,0.09066,0.038893
CHNCXR_0317_0,Shenzhen,0,1,True,DCT,50,256512,13029,19.687773,0.406344,40.8404,0.961692,38.3904,42.07,0.942597,0.96828,False,2.503,2.5804,3.1107,3.1383,0.107547,0.055901
CHNCXR_0317_0,Shenzhen,0,1,True,DCT,70,256512,18459,13.896311,0.575692,42.6757,0.971778,40.1287,43.9804,0.960578,0.975651,False,2.6573,2.7376,3.251,3.2985,0.130184,0.075913
CHNCXR_0317_0,Shenzhen,0,1,True,DCT,90,256512,36175,7.090864,1.128212,46.0917,0.986698,43.3838,47.5278,0.980794,0.988815,False,2.9265,2.9814,3.4755,3.5089,0.213127,0.137296
CHNCXR_0318_0,Shenzhen,0,3,True,DCT,10,256512,3856,66.522822,0.120259,33.259,0.84879,32.2907,33.6971,0.796648,0.870517,False,1.7144,1.8584,2.0808,2.1049,0.06518,0.02132
CHNCXR_0318_0,Shenzhen,0,3,True,DCT,20,256512,7012,36.58186,0.218688,36.6602,0.916896,35.2372,37.3605,0.881298,0.931495,False,2.0999,2.2041,2.7111,2.7815,0.079626,0.032869
CHNCXR_0318_0,Shenzhen,0,3,True,DCT,30,256512,9515,26.958697,0.29675,38.4613,0.941076,36.9148,39.2408,0.915781,0.951311,False,2.2796,2.3375,2.9403,2.9749,0.092687,0.043281
CHNCXR_0318_0,Shenzhen,0,3,True,DCT,50,256512,13765,18.635089,0.429298,40.58,0.960829,38.845,41.4878,0.943278,0.967951,False,2.4674,2.5164,3.1715,3.2073,0.112375,0.057178
CHNCXR_0318_0,Shenzhen,0,3,True,DCT,70,256512,19357,13.25164,0.603699,42.4055,0.972762,40.5905,43.3706,0.961094,0.9774,False,2.5793,2.6498,3.3046,3.3482,0.135244,0.080796
CHNCXR_0318_0,Shenzhen,0,3,True,DCT,90,256512,37847,6.777605,1.180358,45.8324,0.986129,43.7997,46.9633,0.980725,0.988388,False,2.7789,2.8219,3.5066,3.5443,0.21539,0.150786
CHNCXR_0319_0,Shenzhen,0,1,True,DCT,10,257536,3701,69.585517,0.114966,33.5747,0.856373,32.5435,33.8762,0.792174,0.872558,False,1.7336,1.8438,2.0492,2.0747,0.064596,0.019484
CHNCXR_0319_0,Shenzhen,0,1,True,DCT,20,257536,6545,39.34851,0.203311,36.9083,0.919156,35.4505,37.3651,0.87846,0.929191,False,2.1213,2.2259,2.6686,2.7213,0.077778,0.03051
CHNCXR_0319_0,Shenzhen,0,1,True,DCT,30,257536,8909,28.907397,0.276746,38.7961,0.942941,37.0719,39.3611,0.913097,0.950286,False,2.3018,2.3869,2.9125,2.9481,0.09142,0.041194
CHNCXR_0319_0,Shenzhen,0,1,True,DCT,50,257536,12862,20.023014,0.39954,40.9399,0.961614,38.9969,41.601,0.941477,0.966578,False,2.494,2.5618,3.1437,3.1745,0.11073,0.056022
CHNCXR_0319_0,Shenzhen,0,1,True,DCT,70,257536,18153,14.186966,0.563898,42.8135,0.973369,40.6899,43.5596,0.95955,0.976976,False,2.6209,2.6642,3.3009,3.3489,0.136476,0.076708
CHNCXR_0319_0,Shenzhen,0,1,True,DCT,90,257536,36153,7.123503,1.123043,46.235,0.98651,43.7748,47.1541,0.979565,0.988389,False,2.8041,2.8405,3.4927,3.5329,0.208666,0.136623
CHNCXR_0320_0,Shenzhen,0,4,True,DCT,10,256512,3611,71.036278,0.112619,33.6603,0.850944,32.0184,34.3049,0.78093,0.873048,False,1.7001,1.8249,1.9869,2.0196,0.065181,0.020418
CHNCXR_0320_0,Shenzhen,0,4,True,DCT,20,256512,6402,40.067479,0.199663,37.0461,0.918608,34.8764,37.9859,0.871734,0.933384,False,2.0969,2.1964,2.638,2.6862,0.076636,0.030064
CHNCXR_0320_0,Shenzhen,0,4,True,DCT,30,256512,8849,28.987682,0.275979,38.7752,0.943018,36.5006,39.7807,0.908335,0.95391,False,2.3086,2.3782,2.9116,2.9458,0.090544,0.039632
CHNCXR_0320_0,Shenzhen,0,4,True,DCT,50,256512,12799,20.041566,0.39917,40.9019,0.962369,38.3215,42.1148,0.93757,0.970167,False,2.5097,2.5933,3.1193,3.148,0.111517,0.057326
CHNCXR_0320_0,Shenzhen,0,4,True,DCT,70,256512,18081,14.186826,0.563903,42.7455,0.972605,39.9791,44.0971,0.95674,0.977648,False,2.6476,2.7227,3.2626,3.311,0.156753,0.077271
CHNCXR_0320_0,Shenzhen,0,4,True,DCT,90,256512,35470,7.231802,1.106225,46.1433,0.986991,43.1286,47.6976,0.978603,0.989711,False,2.8902,2.9526,3.4876,3.5231,0.200329,0.136876
CHNCXR_0321_0,Shenzhen,0,0,True,DCT,10,258048,3555,72.587342,0.110212,33.6034,0.855544,32.2219,34.1485,0.784649,0.878079,False,1.6737,1.7837,1.9975,2.0324,0.064474,0.01957
CHNCXR_0321_0,Shenzhen,0,0,True,DCT,20,258048,6330,40.765877,0.196243,36.9269,0.919771,35.0487,37.7385,0.873546,0.934238,False,2.0747,2.1793,2.6581,2.7035,0.079612,0.029594
CHNCXR_0321_0,Shenzhen,0,0,True,DCT,30,258048,8647,29.842489,0.268074,38.8203,0.943367,36.6733,39.7972,0.908323,0.954284,False,2.283,2.3462,2.9173,2.952,0.095117,0.040405
CHNCXR_0321_0,Shenzhen,0,0,True,DCT,50,258048,12501,20.642189,0.387556,40.9478,0.962473,38.5007,42.1304,0.937625,0.970327,False,2.4958,2.565,3.1272,3.1553,0.128094,0.056436
CHNCXR_0321_0,Shenzhen,0,0,True,DCT,70,258048,17698,14.580631,0.548673,42.8294,0.973509,40.2142,44.1383,0.957182,0.978779,False,2.637,2.7088,3.2777,3.3244,0.129779,0.070775
CHNCXR_0321_0,Shenzhen,0,0,True,DCT,90,258048,34984,7.376172,1.084573,46.2994,0.987041,43.3839,47.8571,0.978831,0.98981,False,2.8855,2.9479,3.4876,3.5265,0.203034,0.135422
CHNCXR_0322_0,Shenzhen,0,2,True,DCT,10,257536,3783,68.077187,0.117514,33.2764,0.846348,32.3062,33.7544,0.786326,0.871314,False,1.7316,1.8745,2.0348,2.0608,0.067669,0.02277
CHNCXR_0322_0,Shenzhen,0,2,True,DCT,20,257536,6894,37.356542,0.214153,36.6441,0.915351,35.2881,37.363,0.878151,0.930299,False,2.1179,2.2113,2.7085,2.7743,0.08146,0.03259
CHNCXR_0322_0,Shenzhen,0,2,True,DCT,30,257536,9372,27.4793,0.291128,38.4334,0.939786,36.8879,39.2843,0.911479,0.95087,False,2.2978,2.3673,2.9274,2.9596,0.10867,0.042463
CHNCXR_0322_0,Shenzhen,0,2,True,DCT,50,257536,13654,18.861579,0.424143,40.4984,0.959661,38.7161,41.5288,0.939868,0.967636,False,2.4876,2.5456,3.1405,3.1791,0.109031,0.056503
CHNCXR_0322_0,Shenzhen,0,2,True,DCT,70,257536,19356,13.305228,0.601267,42.3559,0.972134,40.4125,43.5188,0.958429,0.977655,False,2.6077,2.6763,3.2873,3.3328,0.13136,0.078056
CHNCXR_0322_0,Shenzhen,0,2,True,DCT,90,257536,38017,6.774233,1.180946,45.7827,0.986055,43.5809,47.1784,0.979293,0.98893,False,2.7973,2.8415,3.4849,3.5207,0.209942,0.142402
CHNCXR_0323_0,Shenzhen,0,1,True,DCT,10,258048,3542,72.853755,0.109809,33.5317,0.856064,31.788,34.1038,0.776634,0.875227,False,1.6555,1.7783,2.0021,2.0408,0.065645,0.019337
CHNCXR_0323_0,Shenzhen,0,1,True,DCT,20,258048,6372,40.497175,0.197545,36.9203,0.921025,34.8142,37.6564,0.873806,0.932091,False,2.0779,2.1825,2.6458,2.6926,0.096339,0.030655
CHNCXR_0323_0,Shenzhen,0,1,True,DCT,30,258048,8751,29.48783,0.271298,38.8229,0.94445,36.4594,39.6884,0.909887,0.952606,False,2.2771,2.3425,2.8912,2.9324,0.088129,0.038963
CHNCXR_0323_0,Shenzhen,0,1,True,DCT,50,258048,12670,20.366851,0.392795,41.0263,0.964011,38.4362,42.0156,0.940782,0.969496,False,2.4845,2.5503,3.1136,3.1449,0.105601,0.053435
CHNCXR_0323_0,Shenzhen,0,1,True,DCT,70,258048,17879,14.433022,0.554284,42.9396,0.975185,40.2103,44.0103,0.959872,0.978828,False,2.6324,2.7046,3.2709,3.3228,0.125348,0.070219
CHNCXR_0323_0,Shenzhen,0,1,True,DCT,90,258048,34934,7.386729,1.083023,46.5136,0.987961,43.559,47.7252,0.980938,0.98978,False,2.8621,2.9132,3.4953,3.5308,0.1941,0.132648
CHNCXR_0324_0,Shenzhen,0,1,True,DCT,10,257536,3729,69.06302,0.115836,33.4352,0.850757,32.2785,33.8608,0.778528,0.873729,False,1.7102,1.8435,2.0576,2.0833,0.065904,0.021125
CHNCXR_0324_0,Shenzhen,0,1,True,DCT,20,257536,6630,38.844042,0.205952,36.7542,0.916353,35.1176,37.4092,0.869135,0.931003,False,2.0926,2.1979,2.6975,2.7514,0.079455,0.031836
CHNCXR_0324_0,Shenzhen,0,1,True,DCT,30,257536,9097,28.309992,0.282586,38.566,0.940117,36.7117,39.3382,0.904803,0.951018,False,2.2992,2.3638,2.9526,2.987,0.086526,0.039976
CHNCXR_0324_0,Shenzhen,0,1,True,DCT,50,257536,13196,19.516217,0.409916,40.6729,0.960218,38.5504,41.603,0.935727,0.967703,False,2.4866,2.5392,3.1649,3.1968,0.10567,0.053981
CHNCXR_0324_0,Shenzhen,0,1,True,DCT,70,257536,18573,13.86615,0.576945,42.4943,0.972342,40.2502,43.5011,0.955743,0.97752,False,2.6089,2.682,3.3038,3.3475,0.129401,0.074733
CHNCXR_0324_0,Shenzhen,0,1,True,DCT,90,257536,36931,6.973437,1.14721,45.899,0.985899,43.3863,47.0889,0.977899,0.988472,False,2.8102,2.8569,3.5132,3.5527,0.209915,0.140648
CHNCXR_0325_0,Shenzhen,0,4,True,DCT,10,257024,3726,68.981213,0.115974,33.4673,0.851113,31.823,34.0532,0.778398,0.871325,False,1.7038,1.8304,2.0572,2.0832,0.066544,0.021172
CHNCXR_0325_0,Shenzhen,0,4,True,DCT,20,257024,6722,38.236239,0.209226,36.8345,0.917445,34.8401,37.5909,0.873569,0.929796,False,2.0937,2.1957,2.7088,2.7657,0.08052,0.030621
CHNCXR_0325_0,Shenzhen,0,4,True,DCT,30,257024,9240,27.81645,0.2876,38.6653,0.941812,36.4479,39.5417,0.908737,0.951033,False,2.2918,2.3621,2.95,2.986,0.091586,0.043173
CHNCXR_0325_0,Shenzhen,0,4,True,DCT,50,257024,13402,19.178033,0.417144,40.8066,0.962073,38.333,41.8331,0.939238,0.968286,False,2.496,2.5501,3.1598,3.1952,0.127688,0.057146
CHNCXR_0325_0,Shenzhen,0,4,True,DCT,70,257024,18789,13.679493,0.584817,42.6799,0.973637,40.0741,43.7896,0.958265,0.977984,False,2.6045,2.6833,3.2956,3.3399,0.13017,0.074275
CHNCXR_0325_0,Shenzhen,0,4,True,DCT,90,257024,36567,7.028851,1.138166,46.1217,0.987083,43.2781,47.3919,0.979445,0.989315,False,2.8148,2.8581,3.5086,3.5445,0.211829,0.140431
CHNCXR_0326_0,Shenzhen,0,1,True,DCT,10,257024,3631,70.786009,0.113017,33.567,0.847994,32.2057,34.0581,0.787491,0.866537,False,1.6886,1.8247,1.9972,2.0306,0.065898,0.021882
CHNCXR_0326_0,Shenzhen,0,1,True,DCT,20,257024,6505,39.51176,0.202471,36.9412,0.915891,35.237,37.5941,0.879429,0.92704,False,2.0859,2.1935,2.6382,2.6884,0.074469,0.03069
CHNCXR_0326_0,Shenzhen,0,1,True,DCT,30,257024,8961,28.682513,0.278916,38.777,0.941525,36.8597,39.5404,0.91264,0.950413,False,2.298,2.3819,2.9062,2.9414,0.089662,0.040856
CHNCXR_0326_0,Shenzhen,0,1,True,DCT,50,257024,12933,19.873502,0.402546,40.9226,0.961674,38.7056,41.8564,0.940942,0.968012,False,2.496,2.5603,3.1186,3.1489,0.109139,0.054892
CHNCXR_0326_0,Shenzhen,0,1,True,DCT,70,257024,18383,13.981613,0.57218,42.7918,0.971907,40.463,43.7941,0.959731,0.975657,False,2.6178,2.7011,3.2807,3.3258,0.153133,0.074548
CHNCXR_0326_0,Shenzhen,0,1,True,DCT,90,257024,35969,7.145709,1.119553,46.2305,0.986941,43.5915,47.4387,0.979838,0.989198,False,2.863,2.9204,3.4949,3.532,0.211314,0.142566
CHNCXR_0327_1,Shenzhen,1,0,True,DCT,10,262144,4727,55.456738,0.144257,32.3892,0.830477,31.2985,33.3183,0.79347,0.857802,False,1.8644,2.0574,2.2126,2.2342,0.070877,0.02463
CHNCXR_0327_1,Shenzhen,1,0,True,DCT,20,262144,8505,30.82234,0.259552,35.4394,0.901576,34.1258,36.6214,0.877765,0.919052,False,2.2229,2.3318,2.7757,2.8196,0.088337,0.038751
CHNCXR_0327_1,Shenzhen,1,0,True,DCT,30,262144,11639,22.522897,0.355194,37.0586,0.928725,35.6453,38.363,0.910348,0.942336,False,2.3905,2.4827,2.9953,3.0216,0.103667,0.04931
CHNCXR_0327_1,Shenzhen,1,0,True,DCT,50,262144,16847,15.560278,0.51413,38.852,0.950076,37.3993,40.2067,0.938008,0.958997,False,2.5382,2.6548,3.185,3.2385,0.150078,0.073308
CHNCXR_0327_1,Shenzhen,1,0,True,DCT,70,262144,23774,11.0265,0.725525,40.5355,0.96416,39.0147,41.9797,0.95629,0.970182,False,2.675,2.7585,3.3172,3.3581,0.16342,0.098804
CHNCXR_0327_1,Shenzhen,1,0,True,DCT,90,262144,46222,5.671412,1.410583,43.5637,0.980622,42.019,45.0399,0.977017,0.983498,False,2.8564,2.9138,3.5317,3.5675,0.260657,0.180197
CHNCXR_0328_1,Shenzhen,1,4,True,DCT,10,258048,3965,65.081463,0.122923,32.9089,0.851377,32.4723,33.0389,0.794533,0.867871,False,1.73,1.8385,2.1626,2.1777,0.068748,0.021852
CHNCXR_0328_1,Shenzhen,1,4,True,DCT,20,258048,6983,36.953745,0.216487,36.3037,0.91534,35.3892,36.5972,0.879715,0.92555,False,2.1314,2.221,2.77,2.8362,0.079824,0.032487
CHNCXR_0328_1,Shenzhen,1,4,True,DCT,30,258048,9465,27.263391,0.293434,38.2405,0.94044,36.9666,38.6742,0.9123,0.94857,False,2.311,2.372,3.0216,3.0522,0.109619,0.040235
CHNCXR_0328_1,Shenzhen,1,4,True,DCT,50,258048,13637,18.922637,0.422774,40.5049,0.961408,38.8895,41.088,0.941591,0.96719,False,2.5115,2.5645,3.2133,3.244,0.112222,0.059033
CHNCXR_0328_1,Shenzhen,1,4,True,DCT,70,258048,19135,13.485655,0.593223,42.4668,0.973686,40.6358,43.1533,0.959955,0.977639,False,2.6442,2.6925,3.3094,3.356,0.131692,0.080205
CHNCXR_0328_1,Shenzhen,1,4,True,DCT,90,258048,37234,6.93044,1.154328,46.1055,0.987054,43.821,47.0369,0.980196,0.989102,False,2.847,2.9062,3.511,3.5465,0.217837,0.149655
CHNCXR_0329_1,Shenzhen,1,0,True,DCT,10,253440,4595,55.155604,0.145044,32.5505,0.840696,31.173,33.395,0.789979,0.866354,False,1.8913,2.0726,2.2315,2.2483,0.07041,0.023379
CHNCXR_0329_1,Shenzhen,1,0,True,DCT,20,253440,8196,30.922401,0.258712,35.5948,0.908734,34.1459,36.4967,0.880065,0.923037,False,2.2603,2.3586,2.8061,2.8433,0.08643,0.036792
CHNCXR_0329_1,Shenzhen,1,0,True,DCT,30,253440,11250,22.528,0.355114,37.179,0.932316,35.7012,38.1045,0.912544,0.942555,False,2.4187,2.5149,3.015,3.0373,0.102682,0.051741
CHNCXR_0329_1,Shenzhen,1,0,True,DCT,50,253440,16162,15.681228,0.510164,39.1259,0.953066,37.5001,40.1772,0.939585,0.960299,False,2.5955,2.7067,3.1889,3.2408,0.128059,0.069784
CHNCXR_0329_1,Shenzhen,1,0,True,DCT,70,253440,22685,11.17214,0.716067,40.7868,0.966518,39.097,41.8949,0.957301,0.971563,False,2.7193,2.8092,3.3375,3.3817,0.154371,0.097894
CHNCXR_0329_1,Shenzhen,1,0,True,DCT,90,253440,43935,5.768522,1.386837,43.9157,0.982195,42.1272,45.1148,0.977904,0.984625,False,2.9133,2.9791,3.5299,3.5665,0.265112,0.16786
CHNCXR_0330_1,Shenzhen,1,4,True,DCT,10,247808,4743,52.247101,0.153119,32.2898,0.832641,30.8045,33.53,0.794725,0.856801,False,1.9223,2.1186,2.2732,2.2932,0.072313,0.024687
CHNCXR_0330_1,Shenzhen,1,4,True,DCT,20,247808,8422,29.42389,0.271888,35.2899,0.902493,33.6605,36.7006,0.879384,0.917372,False,2.2711,2.3888,2.8059,2.8408,0.090447,0.040558
CHNCXR_0330_1,Shenzhen,1,4,True,DCT,30,247808,11450,21.64262,0.369641,36.8927,0.929835,35.1755,38.4135,0.91182,0.941523,False,2.4342,2.5402,3.007,3.0332,0.105255,0.051234
CHNCXR_0330_1,Shenzhen,1,4,True,DCT,50,247808,16552,14.971484,0.534349,38.7752,0.951686,36.9663,40.4168,0.939221,0.959897,False,2.5895,2.6785,3.192,3.2434,0.120795,0.069067
CHNCXR_0330_1,Shenzhen,1,4,True,DCT,70,247808,23094,10.730406,0.745545,40.4167,0.964888,38.5464,42.1423,0.957079,0.970284,False,2.7066,2.7892,3.309,3.3491,0.151692,0.08702
CHNCXR_0330_1,Shenzhen,1,4,True,DCT,90,247808,44798,5.531676,1.446216,43.5082,0.98148,41.6411,45.2293,0.978113,0.983887,False,2.88,2.9393,3.5199,3.5538,0.265821,0.169193
CHNCXR_0331_1,Shenzhen,1,1,True,DCT,10,259584,4682,55.442973,0.144292,32.4051,0.833124,31.2867,33.3149,0.790068,0.862351,False,1.863,2.0535,2.2289,2.239,0.074197,0.024736
CHNCXR_0331_1,Shenzhen,1,1,True,DCT,20,259584,8512,30.496241,0.262327,35.3958,0.902679,34.2332,36.3514,0.878528,0.918966,False,2.2282,2.3364,2.8128,2.8504,0.089214,0.0389
CHNCXR_0331_1,Shenzhen,1,1,True,DCT,30,259584,11648,22.285714,0.358974,37.093,0.929103,35.7969,38.1932,0.911022,0.941444,False,2.3855,2.4734,3.0291,3.0494,0.108403,0.051122
CHNCXR_0331_1,Shenzhen,1,1,True,DCT,50,259584,16975,15.292135,0.523145,38.9988,0.950828,37.5695,40.2528,0.938592,0.959545,False,2.5594,2.665,3.1951,3.2482,0.127341,0.06897
CHNCXR_0331_1,Shenzhen,1,1,True,DCT,70,259584,23942,10.842202,0.737857,40.6402,0.964843,39.1862,41.9238,0.956798,0.970688,False,2.6758,2.7681,3.3209,3.3643,0.181895,0.09363
CHNCXR_0331_1,Shenzhen,1,1,True,DCT,90,259584,46421,5.591952,1.430627,43.6893,0.981151,42.1956,45.0216,0.977621,0.983802,False,2.8528,2.9009,3.4977,3.5307,0.253088,0.176522
CHNCXR_0332_1,Shenzhen,1,1,True,DCT,10,251904,4748,53.05476,0.150788,32.2161,0.835095,30.7749,33.2504,0.799647,0.855402,False,1.885,2.0771,2.2486,2.2683,0.071775,0.023844
CHNCXR_0332_1,Shenzhen,1,1,True,DCT,20,251904,8541,29.493502,0.271246,35.3764,0.906736,33.691,36.6566,0.884416,0.919778,False,2.2452,2.3493,2.7882,2.827,0.086788,0.042573
CHNCXR_0332_1,Shenzhen,1,1,True,DCT,30,251904,11569,21.774051,0.36741,36.9444,0.932061,35.2362,38.2491,0.915932,0.941206,False,2.4003,2.5113,2.9896,3.0152,0.100483,0.04857
CHNCXR_0332_1,Shenzhen,1,1,True,DCT,50,251904,16719,15.06693,0.530964,38.7551,0.952057,37.0052,40.1052,0.942171,0.95784,False,2.5567,2.6658,3.1745,3.2268,0.123269,0.0681
CHNCXR_0332_1,Shenzhen,1,1,True,DCT,70,251904,23468,10.733936,0.7453,40.4898,0.965835,38.6116,41.9854,0.958952,0.970077,False,2.6894,2.7699,3.3108,3.3516,0.171035,0.093176
CHNCXR_0332_1,Shenzhen,1,1,True,DCT,90,251904,45501,5.53623,1.445027,43.627,0.981786,41.69,45.1926,0.979133,0.983583,False,2.875,2.934,3.5248,3.5598,0.247071,0.167551
CHNCXR_0333_1,Shenzhen,1,3,True,DCT,10,260096,4619,56.310024,0.142071,32.4008,0.831412,31.107,33.4574,0.794809,0.856146,False,1.8766,2.0339,2.2043,2.2147,0.073315,0.024245
CHNCXR_0333_1,Shenzhen,1,3,True,DCT,20,260096,8384,31.022901,0.257874,35.4605,0.900752,34.0032,36.6994,0.881888,0.913997,False,2.2455,2.3313,2.7663,2.8096,0.090554,0.038633
CHNCXR_0333_1,Shenzhen,1,3,True,DCT,30,260096,11409,22.797441,0.350917,36.9856,0.925909,35.5306,38.2216,0.912824,0.93506,False,2.4075,2.4766,2.9801,3.0055,0.104627,0.050187
CHNCXR_0333_1,Shenzhen,1,3,True,DCT,50,260096,16787,15.493894,0.516332,38.7473,0.946764,37.2655,40.0146,0.93939,0.952159,False,2.5877,2.6748,3.1943,3.2474,0.125038,0.071033
CHNCXR_0333_1,Shenzhen,1,3,True,DCT,70,260096,23822,10.918311,0.732714,40.4032,0.961584,38.8833,41.7155,0.957372,0.964963,False,2.7047,2.78,3.3054,3.3462,0.156315,0.095266
CHNCXR_0333_1,Shenzhen,1,3,True,DCT,90,260096,47012,5.532545,1.445989,43.3593,0.978762,41.8857,44.6171,0.977949,0.979738,False,2.882,2.9407,3.4855,3.52,0.289485,0.180376
CHNCXR_0334_1,Shenzhen,1,2,True,DCT,10,255488,3741,68.294039,0.117141,33.3309,0.844577,32.4037,33.8033,0.785274,0.872114,False,1.7384,1.8775,2.029,2.0542,0.068352,0.021445
CHNCXR_0334_1,Shenzhen,1,2,True,DCT,20,255488,6824,37.439625,0.213677,36.63,0.912705,35.3586,37.322,0.875119,0.930392,False,2.1298,2.223,2.676,2.7381,0.077103,0.031762
CHNCXR_0334_1,Shenzhen,1,2,True,DCT,30,255488,9336,27.365895,0.292335,38.3683,0.93779,36.9364,39.173,0.909098,0.951265,False,2.3113,2.3762,2.9217,2.9585,0.088044,0.040586
CHNCXR_0334_1,Shenzhen,1,2,True,DCT,50,255488,13659,18.704737,0.427699,40.4656,0.958426,38.7985,41.4491,0.938073,0.967971,False,2.5121,2.5838,3.1456,3.1817,0.10989,0.058119
CHNCXR_0334_1,Shenzhen,1,2,True,DCT,70,255488,19303,13.235663,0.604428,42.3382,0.971399,40.5225,43.444,0.957456,0.977804,False,2.6308,2.6969,3.2896,3.3343,0.133424,0.078669
CHNCXR_0334_1,Shenzhen,1,2,True,DCT,90,255488,37906,6.740041,1.186936,45.7545,0.985645,43.6695,47.1026,0.978744,0.98891,False,2.8247,2.8837,3.5028,3.5372,0.212318,0.143202
CHNCXR_0335_1,Shenzhen,1,2,True,DCT,10,247296,4230,58.462411,0.13684,32.7719,0.843687,31.0978,33.6188,0.793024,0.864224,False,1.8548,2.0228,2.1428,2.1553,0.070479,0.021707
CHNCXR_0335_1,Shenzhen,1,2,True,DCT,20,247296,7505,32.950833,0.242786,35.8657,0.910194,33.9793,36.8616,0.879706,0.922215,False,2.221,2.3166,2.7056,2.7595,0.080968,0.032559
CHNCXR_0335_1,Shenzhen,1,2,True,DCT,30,247296,10218,24.201996,0.330551,37.542,0.93387,35.535,38.6282,0.912581,0.942603,False,2.3789,2.4892,2.9363,2.9588,0.093171,0.044192
CHNCXR_0335_1,Shenzhen,1,2,True,DCT,50,247296,14833,16.672015,0.479846,39.4192,0.953464,37.2808,40.6092,0.939376,0.959509,False,2.5626,2.6865,3.1498,3.1978,0.111755,0.060007
CHNCXR_0335_1,Shenzhen,1,2,True,DCT,70,247296,20976,11.789474,0.678571,41.0092,0.966063,38.8932,42.1812,0.957086,0.969981,False,2.6941,2.7736,3.3009,3.3429,0.152747,0.081543
CHNCXR_0335_1,Shenzhen,1,2,True,DCT,90,247296,41415,5.97117,1.339771,44.0255,0.981342,41.9065,45.1998,0.977989,0.982923,False,2.8788,2.9329,3.5097,3.5479,0.222521,0.154673
CHNCXR_0336_1,Shenzhen,1,3,False,DCT,10,236544,4278,55.293128,0.144683,32.538,0.834771,,,,,,1.9194,2.0954,2.2023,2.2187,0.061722,0.020096
CHNCXR_0336_1,Shenzhen,1,3,False,DCT,20,236544,7600,31.124211,0.257035,35.5938,0.904834,,,,,,2.274,2.3742,2.7769,2.8206,0.079857,0.033271
CHNCXR_0336_1,Shenzhen,1,3,False,DCT,30,236544,10419,22.703138,0.352374,37.174,0.930052,,,,,,2.4233,2.511,3.0059,3.0269,0.090404,0.042366
CHNCXR_0336_1,Shenzhen,1,3,False,DCT,50,236544,15052,15.715121,0.509064,39.0513,0.952109,,,,,,2.594,2.6703,3.1827,3.235,0.108809,0.063708
CHNCXR_0336_1,Shenzhen,1,3,False,DCT,70,236544,21178,11.169327,0.716247,40.7006,0.965367,,,,,,2.6955,2.7627,3.3141,3.3527,0.134145,0.083513
CHNCXR_0336_1,Shenzhen,1,3,False,DCT,90,236544,41113,5.753509,1.390456,43.7761,0.981579,,,,,,2.858,2.9087,3.5087,3.5425,0.239771,0.150798
CHNCXR_0337_1,Shenzhen,1,4,True,DCT,10,251904,4470,56.354362,0.141959,32.5501,0.834414,31.3321,33.6149,0.795143,0.862807,False,1.8694,2.0454,2.21,2.2263,0.070305,0.023506
CHNCXR_0337_1,Shenzhen,1,4,True,DCT,20,251904,8039,31.335241,0.255304,35.5674,0.903477,34.2357,36.7652,0.880836,0.920256,False,2.2322,2.3367,2.7964,2.8418,0.087318,0.036926
CHNCXR_0337_1,Shenzhen,1,4,True,DCT,30,251904,10999,22.902446,0.349308,37.1595,0.928792,35.7877,38.4059,0.912405,0.940949,False,2.4053,2.4607,3.0107,3.0354,0.098455,0.047287
CHNCXR_0337_1,Shenzhen,1,4,True,DCT,50,251904,15906,15.837043,0.505145,39.0273,0.950549,37.5608,40.3928,0.939392,0.958772,False,2.5697,2.6489,3.1875,3.24,0.1186,0.068208
CHNCXR_0337_1,Shenzhen,1,4,True,DCT,70,251904,22480,11.205694,0.713923,40.6829,0.96404,39.1853,42.0888,0.957139,0.969359,False,2.6869,2.7656,3.3144,3.3561,0.147086,0.08822
CHNCXR_0337_1,Shenzhen,1,4,True,DCT,90,251904,43966,5.729518,1.396278,43.7518,0.980601,42.2365,45.181,0.977908,0.982788,False,2.8698,2.9302,3.5131,3.547,0.23825,0.161806
CHNCXR_0338_1,Shenzhen,1,3,True,DCT,10,215040,3958,54.33047,0.147247,32.5881,0.841011,31.0303,33.5699,0.803861,0.860528,False,1.92,2.1191,2.2198,2.2335,0.059588,0.019989
CHNCXR_0338_1,Shenzhen,1,3,True,DCT,20,215040,6965,30.874372,0.259115,35.6549,0.908718,33.922,36.7898,0.887085,0.919979,False,2.2736,2.4051,2.7892,2.8296,0.08927,0.030189
CHNCXR_0338_1,Shenzhen,1,3,True,DCT,30,215040,9478,22.688331,0.352604,37.2264,0.933069,35.4274,38.4222,0.917297,0.941533,False,2.4241,2.5466,3.0239,3.0458,0.082151,0.038937
CHNCXR_0338_1,Shenzhen,1,3,True,DCT,50,215040,13622,15.786228,0.506771,39.0853,0.953579,37.1786,40.3842,0.942908,0.95935,False,2.5706,2.6787,3.1823,3.2315,0.099796,0.053713
CHNCXR_0338_1,Shenzhen,1,3,True,DCT,70,215040,19210,11.19417,0.714658,40.7302,0.966221,38.7419,42.1107,0.959477,0.970018,False,2.6979,2.7907,3.3096,3.3464,0.126668,0.072942
CHNCXR_0338_1,Shenzhen,1,3,True,DCT,90,215040,37488,5.736236,1.394643,43.8418,0.982039,41.8577,45.2181,0.979544,0.983605,False,2.8664,2.9272,3.5237,3.5603,0.198031,0.137712
CHNCXR_0339_1,Shenzhen,1,3,True,DCT,10,253952,4434,57.273793,0.13968,32.4908,0.833769,31.6647,33.2478,0.810081,0.85336,False,1.8657,2.03,2.1829,2.1998,0.068048,0.021471
CHNCXR_0339_1,Shenzhen,1,3,True,DCT,20,253952,7982,31.815585,0.251449,35.636,0.903888,34.6069,36.6277,0.889546,0.915974,False,2.2244,2.3248,2.7414,2.7862,0.082793,0.034183
CHNCXR_0339_1,Shenzhen,1,3,True,DCT,30,253952,10985,23.11807,0.34605,37.2714,0.93022,36.1695,38.3532,0.919379,0.939538,False,2.3941,2.4798,2.9679,2.9892,0.09514,0.045854
CHNCXR_0339_1,Shenzhen,1,3,True,DCT,50,253952,15953,15.918761,0.502552,39.1212,0.951588,37.9693,40.2672,0.944337,0.957805,False,2.5539,2.6492,3.1513,3.2061,0.115939,0.064414
CHNCXR_0339_1,Shenzhen,1,3,True,DCT,70,253952,22434,11.319961,0.706716,40.7866,0.965134,39.5837,41.9995,0.960696,0.969148,False,2.6648,2.7319,3.2767,3.3173,0.144553,0.092319
CHNCXR_0339_1,Shenzhen,1,3,True,DCT,90,253952,44200,5.74552,1.392389,43.8435,0.981261,42.5507,45.1791,0.979402,0.983069,False,2.8425,2.8896,3.4907,3.5245,0.247954,0.170317
CHNCXR_0340_1,Shenzhen,1,3,True,DCT,10,262144,4229,61.987231,0.129059,32.722,0.835367,31.2355,33.6998,0.801071,0.85342,False,1.7868,1.9412,2.1133,2.1287,0.067827,0.022143
CHNCXR_0340_1,Shenzhen,1,3,True,DCT,20,262144,7749,33.829397,0.236481,35.8665,0.904027,34.2122,36.9959,0.88634,0.913933,False,2.1634,2.2617,2.7372,2.7855,0.084003,0.035273
CHNCXR_0340_1,Shenzhen,1,3,True,DCT,30,262144,10521,24.916263,0.321075,37.4915,0.928845,35.7727,38.6822,0.917089,0.935688,False,2.3382,2.4277,2.9328,2.9588,0.095743,0.047382
CHNCXR_0340_1,Shenzhen,1,3,True,DCT,50,262144,15346,17.082236,0.468323,39.2678,0.949423,37.5475,40.46,0.942874,0.953431,False,2.5188,2.6243,3.1409,3.1864,0.123384,0.065646
CHNCXR_0340_1,Shenzhen,1,3,True,DCT,70,262144,21801,12.024403,0.665314,40.8689,0.962824,39.1523,42.0576,0.959802,0.964986,False,2.6528,2.7175,3.2713,3.3086,0.168622,0.088305
CHNCXR_0340_1,Shenzhen,1,3,True,DCT,90,262144,44031,5.953624,1.343719,43.7726,0.979327,42.17,44.8541,0.9793,0.979743,False,2.843,2.8962,3.4769,3.5108,0.24077,0.170164
CHNCXR_0341_1,Shenzhen,1,1,False,DCT,10,257536,3829,67.259337,0.118943,33.4057,0.855279,,,,,,1.7545,1.8931,2.0495,2.0752,0.069503,0.021049
CHNCXR_0341_1,Shenzhen,1,1,False,DCT,20,257536,6656,38.692308,0.206759,36.8633,0.920205,,,,,,2.146,2.2351,2.6563,2.7116,0.079404,0.03458
CHNCXR_0341_1,Shenzhen,1,1,False,DCT,30,257536,9121,28.2355,0.283331,38.7726,0.943629,,,,,,2.3189,2.3986,2.9298,2.9697,0.112716,0.041402
CHNCXR_0341_1,Shenzhen,1,1,False,DCT,50,257536,13099,19.660737,0.406902,40.8968,0.96252,,,,,,2.5177,2.5809,3.1508,3.1836,0.111712,0.056544
CHNCXR_0341_1,Shenzhen,1,1,False,DCT,70,257536,18588,13.85496,0.577411,42.7992,0.974328,,,,,,2.6283,2.6992,3.2852,3.3292,0.137712,0.078758
CHNCXR_0341_1,Shenzhen,1,1,False,DCT,90,257536,36323,7.090163,1.128324,46.3342,0.987272,,,,,,2.8254,2.8844,3.5067,3.5458,0.206101,0.134411
CHNCXR_0342_1,Shenzhen,1,4,False,DCT,10,246784,4864,50.736842,0.157676,32.0398,0.828017,,,,,,1.9199,2.1124,2.3091,2.3299,0.075452,0.023448
CHNCXR_0342_1,Shenzhen,1,4,False,DCT,20,246784,8763,28.162045,0.28407,35.169,0.902675,,,,,,2.2631,2.3822,2.8234,2.8594,0.090808,0.039602
CHNCXR_0342_1,Shenzhen,1,4,False,DCT,30,246784,11849,20.827412,0.384109,36.7843,0.929147,,,,,,2.427,2.4793,3.0247,3.0571,0.102203,0.051392
CHNCXR_0342_1,Shenzhen,1,4,False,DCT,50,246784,17020,14.499647,0.551738,38.6061,0.951202,,,,,,2.5965,2.6609,3.2038,3.2505,0.147746,0.069182
CHNCXR_0342_1,Shenzhen,1,4,False,DCT,70,246784,23751,10.390468,0.769936,40.2438,0.964798,,,,,,2.6673,2.7395,3.322,3.3631,0.154321,0.097172
CHNCXR_0342_1,Shenzhen,1,4,False,DCT,90,246784,45816,5.386415,1.485218,43.4497,0.981645,,,,,,2.8447,2.8973,3.5278,3.5618,0.242609,0.17234
CHNCXR_0343_1,Shenzhen,1,3,False,DCT,10,248320,4478,55.453327,0.144265,32.6542,0.851829,,,,,,1.8741,2.0492,2.2306,2.2484,0.091742,0.022456
CHNCXR_0343_1,Shenzhen,1,3,False,DCT,20,248320,7838,31.681551,0.252513,35.8176,0.913843,,,,,,2.2451,2.3532,2.7886,2.8378,0.081526,0.0353
CHNCXR_0343_1,Shenzhen,1,3,False,DCT,30,248320,10646,23.325193,0.342977,37.4864,0.93727,,,,,,2.4215,2.5049,3.0006,3.028,0.094747,0.04315
CHNCXR_0343_1,Shenzhen,1,3,False,DCT,50,248320,15247,16.286483,0.491205,39.4211,0.956441,,,,,,2.5914,2.7136,3.1918,3.2399,0.114181,0.062388
CHNCXR_0343_1,Shenzhen,1,3,False,DCT,70,248320,21300,11.658216,0.686211,41.0848,0.968326,,,,,,2.7242,2.8394,3.3157,3.3568,0.14175,0.081678
CHNCXR_0343_1,Shenzhen,1,3,False,DCT,90,248320,41755,5.947072,1.3452,44.1141,0.982658,,,,,,2.9211,2.9831,3.529,3.5655,0.218177,0.157304
CHNCXR_0344_1,Shenzhen,1,0,False,DCT,10,260608,4169,62.510914,0.127978,32.8904,0.834913,,,,,,1.7774,1.9617,2.0791,2.098,0.069579,0.022549
CHNCXR_0344_1,Shenzhen,1,0,False,DCT,20,260608,7614,34.227476,0.23373,36.0188,0.903323,,,,,,2.142,2.2583,2.7079,2.7697,0.08714,0.035077
CHNCXR_0344_1,Shenzhen,1,0,False,DCT,30,260608,10409,25.036795,0.31953,37.6059,0.928621,,,,,,2.3234,2.418,2.9223,2.9463,0.10056,0.046021
CHNCXR_0344_1,Shenzhen,1,0,False,DCT,50,260608,15189,17.15768,0.466264,39.4083,0.94912,,,,,,2.4957,2.6038,3.147,3.1897,0.134754,0.064456
CHNCXR_0344_1,Shenzhen,1,0,False,DCT,70,260608,21730,11.993005,0.667056,41.0489,0.962873,,,,,,2.6054,2.6685,3.3072,3.3462,0.147497,0.085907
CHNCXR_0344_1,Shenzhen,1,0,False,DCT,90,260608,43626,5.973685,1.339207,43.9119,0.979124,,,,,,2.7934,2.832,3.4898,3.5257,0.242235,0.163716
CHNCXR_0345_1,Shenzhen,1,3,False,DCT,10,247808,4697,52.758782,0.151634,32.2379,0.832617,,,,,,1.9001,2.1019,2.2865,2.3035,0.06971,0.02289
CHNCXR_0345_1,Shenzhen,1,3,False,DCT,20,247808,8374,29.592548,0.270338,35.2124,0.90276,,,,,,2.2496,2.3706,2.813,2.8498,0.083123,0.037093
CHNCXR_0345_1,Shenzhen,1,3,False,DCT,30,247808,11396,21.745174,0.367898,36.8305,0.928953,,,,,,2.3974,2.5085,3.0159,3.0437,0.095782,0.048095
CHNCXR_0345_1,Shenzhen,1,3,False,DCT,50,247808,16494,15.02413,0.532477,38.6797,0.950757,,,,,,2.56,2.6655,3.1859,3.2407,0.118428,0.06744
CHNCXR_0345_1,Shenzhen,1,3,False,DCT,70,247808,23066,10.743432,0.744641,40.3273,0.964393,,,,,,2.6854,2.7715,3.3057,3.3483,0.146926,0.093528
CHNCXR_0345_1,Shenzhen,1,3,False,DCT,90,247808,44805,5.530811,1.446442,43.4954,0.981212,,,,,,2.8501,2.9078,3.5265,3.5603,0.25858,0.16811
CHNCXR_0346_1,Shenzhen,1,3,False,DCT,10,239104,4381,54.577494,0.146581,32.4259,0.835038,,,,,,1.9373,2.1088,2.1805,2.1944,0.067003,0.022303
CHNCXR_0346_1,Shenzhen,1,3,False,DCT,20,239104,7957,30.049516,0.266227,35.5289,0.906093,,,,,,2.2807,2.3578,2.7707,2.8122,0.081843,0.034249
CHNCXR_0346_1,Shenzhen,1,3,False,DCT,30,239104,10848,22.041298,0.362955,37.3169,0.9327,,,,,,2.4379,2.5262,2.9885,3.0142,0.094426,0.04482
CHNCXR_0346_1,Shenzhen,1,3,False,DCT,50,239104,15672,15.256764,0.524358,39.1875,0.95327,,,,,,2.5985,2.6809,3.1758,3.2311,0.114985,0.06402
CHNCXR_0346_1,Shenzhen,1,3,False,DCT,70,239104,21817,10.959527,0.729959,40.8892,0.966807,,,,,,2.7036,2.7632,3.2976,3.3402,0.140486,0.084555
CHNCXR_0346_1,Shenzhen,1,3,False,DCT,90,239104,42082,5.681859,1.40799,43.8872,0.981965,,,,,,2.8686,2.9105,3.5083,3.5427,0.227872,0.15752
CHNCXR_0347_1,Shenzhen,1,2,False,DCT,10,240640,3932,61.200407,0.130718,32.4665,0.835291,,,,,,1.7632,1.916,2.2317,2.2447,0.063261,0.019874
CHNCXR_0347_1,Shenzhen,1,2,False,DCT,20,240640,7045,34.157559,0.234209,35.9035,0.906263,,,,,,2.1461,2.2368,2.8146,2.8777,0.092157,0.029692
CHNCXR_0347_1,Shenzhen,1,2,False,DCT,30,240640,9609,25.043189,0.319448,37.5422,0.932647,,,,,,2.3285,2.37,3.042,3.0658,0.083807,0.039295
CHNCXR_0347_1,Shenzhen,1,2,False,DCT,50,240640,14046,17.13228,0.466955,39.9395,0.955868,,,,,,2.5031,2.5702,3.2362,3.2785,0.105009,0.058582
CHNCXR_0347_1,Shenzhen,1,2,False,DCT,70,240640,19701,12.214608,0.654953,41.8572,0.969793,,,,,,2.6178,2.6878,3.3433,3.383,0.130763,0.077722
CHNCXR_0347_1,Shenzhen,1,2,False,DCT,90,240640,37987,6.334799,1.262866,45.3773,0.985126,,,,,,2.8048,2.8559,3.5133,3.5442,0.203656,0.142669
CHNCXR_0348_1,Shenzhen,1,1,False,DCT,10,233984,3470,67.430548,0.118641,33.3783,0.848454,,,,,,1.8284,1.9168,2.0369,2.0635,0.062709,0.017648
CHNCXR_0348_1,Shenzhen,1,1,False,DCT,20,233984,6202,37.727185,0.212049,36.7823,0.915463,,,,,,2.2094,2.2796,2.682,2.7379,0.072551,0.027697
CHNCXR_0348_1,Shenzhen,1,1,False,DCT,30,233984,8441,27.719938,0.288601,38.5474,0.941376,,,,,,2.3793,2.4375,2.9284,2.9618,0.082415,0.036671
CHNCXR_0348_1,Shenzhen,1,1,False,DCT,50,233984,12204,19.17273,0.417259,40.8859,0.961921,,,,,,2.5788,2.6447,3.144,3.1776,0.097541,0.050434
CHNCXR_0348_1,Shenzhen,1,1,False,DCT,70,233984,17165,13.631459,0.586878,42.8408,0.973737,,,,,,2.6911,2.7325,3.282,3.333,0.139329,0.067875
CHNCXR_0348_1,Shenzhen,1,1,False,DCT,90,233984,33343,7.017485,1.14001,46.3559,0.987397,,,,,,2.8831,2.9289,3.505,3.5409,0.196079,0.126164
CHNCXR_0349_1,Shenzhen,1,4,False,DCT,10,257536,3571,72.118734,0.110928,33.5585,0.854719,,,,,,1.7057,1.814,2.0048,2.037,0.06544,0.019949
CHNCXR_0349_1,Shenzhen,1,4,False,DCT,20,257536,6413,40.158428,0.199211,36.8853,0.919445,,,,,,2.1028,2.2019,2.6463,2.6927,0.07633,0.030739
CHNCXR_0349_1,Shenzhen,1,4,False,DCT,30,257536,8765,29.382316,0.272273,38.7177,0.942499,,,,,,2.3026,2.3762,2.9083,2.9462,0.090597,0.039415
CHNCXR_0349_1,Shenzhen,1,4,False,DCT,50,257536,12752,20.195734,0.396123,40.8073,0.961357,,,,,,2.5034,2.5521,3.1287,3.1578,0.105195,0.052347
CHNCXR_0349_1,Shenzhen,1,4,False,DCT,70,257536,18079,14.245036,0.561599,42.6558,0.973085,,,,,,2.6267,2.6947,3.279,3.3253,0.127973,0.072153
CHNCXR_0349_1,Shenzhen,1,4,False,DCT,90,257536,36176,7.118974,1.123757,46.091,0.986384,,,,,,2.8434,2.9,3.488,3.5286,0.214932,0.135502
CHNCXR_0350_1,Shenzhen,1,2,False,DCT,10,251904,4473,56.316566,0.142054,32.6256,0.846232,,,,,,1.9009,2.0466,2.233,2.2438,0.087183,0.022273
CHNCXR_0350_1,Shenzhen,1,2,False,DCT,20,251904,7981,31.562962,0.253462,35.6736,0.909914,,,,,,2.2646,2.3674,2.7815,2.8258,0.083018,0.034886
CHNCXR_0350_1,Shenzhen,1,2,False,DCT,30,251904,10851,23.214819,0.344607,37.2673,0.933983,,,,,,2.4272,2.5529,2.9917,3.0122,0.096452,0.044857
CHNCXR_0350_1,Shenzhen,1,2,False,DCT,50,251904,15701,16.043819,0.498634,39.0814,0.954014,,,,,,2.6027,2.6996,3.1958,3.2436,0.116563,0.063293
CHNCXR_0350_1,Shenzhen,1,2,False,DCT,70,251904,22095,11.40095,0.701696,40.7405,0.966676,,,,,,2.7209,2.818,3.3125,3.3589,0.144573,0.085847
CHNCXR_0350_1,Shenzhen,1,2,False,DCT,90,251904,43070,5.848711,1.367823,43.8579,0.982194,,,,,,2.9006,2.9743,3.521,3.5548,0.231356,0.163544
CHNCXR_0351_1,Shenzhen,1,2,False,DCT,10,258048,3961,65.147185,0.122799,32.881,0.839471,,,,,,1.7341,1.8686,2.1345,2.1522,0.070013,0.021318
CHNCXR_0351_1,Shenzhen,1,2,False,DCT,20,258048,7209,35.795256,0.223493,36.2461,0.911691,,,,,,2.1252,2.217,2.7466,2.8099,0.082233,0.033066
CHNCXR_0351_1,Shenzhen,1,2,False,DCT,30,258048,9908,26.044409,0.307168,38.0323,0.937219,,,,,,2.2985,2.3666,2.9838,3.0072,0.095676,0.043152
CHNCXR_0351_1,Shenzhen,1,2,False,DCT,50,258048,14405,17.91378,0.446584,40.0879,0.958186,,,,,,2.5063,2.5689,3.1631,3.2034,0.128748,0.060137
CHNCXR_0351_1,Shenzhen,1,2,False,DCT,70,258048,20278,12.725515,0.628658,41.9551,0.971145,,,,,,2.612,2.6768,3.2929,3.3367,0.138919,0.090389
CHNCXR_0351_1,Shenzhen,1,2,False,DCT,90,258048,39440,6.542799,1.222718,45.4363,0.985728,,,,,,2.8067,2.8641,3.4931,3.5258,0.218878,0.147758
CHNCXR_0352_1,Shenzhen,1,0,False,DCT,10,230912,4147,55.681698,0.143674,32.566,0.843815,,,,,,1.9027,2.0814,2.2233,2.2346,0.06391,0.020949
CHNCXR_0352_1,Shenzhen,1,0,False,DCT,20,230912,7327,31.515218,0.253846,35.7001,0.911349,,,,,,2.2706,2.3761,2.7871,2.8304,0.076487,0.0312
CHNCXR_0352_1,Shenzhen,1,0,False,DCT,30,230912,10042,22.994623,0.347907,37.4163,0.935572,,,,,,2.46,2.5792,3.0076,3.0286,0.087826,0.041244
CHNCXR_0352_1,Shenzhen,1,0,False,DCT,50,230912,14358,16.082463,0.497436,39.2958,0.95599,,,,,,2.6279,2.7456,3.179,3.2266,0.1079,0.067702
CHNCXR_0352_1,Shenzhen,1,0,False,DCT,70,230912,19995,11.548487,0.692731,40.9474,0.967995,,,,,,2.7479,2.8646,3.3147,3.3575,0.132385,0.078674
CHNCXR_0352_1,Shenzhen,1,0,False,DCT,90,230912,38887,5.938026,1.347249,44.0854,0.982923,,,,,,2.9602,3.0304,3.5315,3.5673,0.229209,0.146724
CHNCXR_0353_1,Shenzhen,1,1,False,DCT,10,237056,4091,57.945735,0.13806,32.7088,0.850626,,,,,,1.8485,2.0051,2.2014,2.2119,0.064878,0.020187
CHNCXR_0353_1,Shenzhen,1,1,False,DCT,20,237056,7358,32.21745,0.248313,35.8247,0.913244,,,,,,2.2246,2.326,2.7951,2.8432,0.079119,0.032184
CHNCXR_0353_1,Shenzhen,1,1,False,DCT,30,237056,9937,23.855892,0.335347,37.4895,0.936899,,,,,,2.4059,2.4989,2.992,3.014,0.099607,0.040635
CHNCXR_0353_1,Shenzhen,1,1,False,DCT,50,237056,14396,16.466796,0.485826,39.4113,0.956564,,,,,,2.577,2.712,3.1813,3.2285,0.106074,0.059676
CHNCXR_0353_1,Shenzhen,1,1,False,DCT,70,237056,20124,11.779765,0.679131,41.1525,0.968907,,,,,,2.7215,2.8389,3.3095,3.354,0.130688,0.078614
CHNCXR_0353_1,Shenzhen,1,1,False,DCT,90,237056,39044,6.071509,1.31763,44.3165,0.983373,,,,,,2.9328,2.9881,3.5175,3.5514,0.214936,0.143269
CHNCXR_0354_1,Shenzhen,1,3,False,DCT,10,233984,4216,55.499051,0.144147,32.548,0.843581,,,,,,1.9532,2.0824,2.2079,2.2191,0.064363,0.020521
CHNCXR_0354_1,Shenzhen,1,3,False,DCT,20,233984,7522,31.106621,0.25718,35.6041,0.909367,,,,,,2.3079,2.3753,2.7887,2.8316,0.099091,0.031804
CHNCXR_0354_1,Shenzhen,1,3,False,DCT,30,233984,10294,22.730134,0.351956,37.2209,0.934094,,,,,,2.4653,2.57,3.0121,3.037,0.090281,0.041891
CHNCXR_0354_1,Shenzhen,1,3,False,DCT,50,233984,14793,15.817211,0.505778,39.0429,0.95438,,,,,,2.6451,2.6953,3.196,3.2432,0.109815,0.057757
CHNCXR_0354_1,Shenzhen,1,3,False,DCT,70,233984,20673,11.318338,0.706818,40.6756,0.967057,,,,,,2.7599,2.8182,3.3201,3.3599,0.135697,0.081651
CHNCXR_0354_1,Shenzhen,1,3,False,DCT,90,233984,40084,5.837342,1.370487,43.8701,0.982663,,,,,,2.9354,2.9949,3.5335,3.57,0.216299,0.149675
CHNCXR_0355_1,Shenzhen,1,4,False,DCT,10,259072,4381,59.135357,0.135283,32.968,0.857599,,,,,,1.8477,1.9854,2.1735,2.1848,0.069163,0.023616
CHNCXR_0355_1,Shenzhen,1,4,False,DCT,20,259072,7739,33.47616,0.238976,36.1,0.917451,,,,,,2.2326,2.3142,2.7698,2.8261,0.087847,0.035665
CHNCXR_0355_1,Shenzhen,1,4,False,DCT,30,259072,10449,24.793952,0.322659,37.7613,0.939528,,,,,,2.4233,2.5256,2.9818,3.0055,0.097022,0.045372
CHNCXR_0355_1,Shenzhen,1,4,False,DCT,50,259072,14969,17.307235,0.462234,39.5825,0.957395,,,,,,2.6082,2.707,3.1756,3.2143,0.123623,0.06109
CHNCXR_0355_1,Shenzhen,1,4,False,DCT,70,259072,21142,12.253902,0.652853,41.2642,0.969264,,,,,,2.7395,2.8352,3.3135,3.3556,0.141036,0.083896
CHNCXR_0355_1,Shenzhen,1,4,False,DCT,90,259072,41630,6.223204,1.285511,44.33,0.983307,,,,,,2.9489,3.0139,3.5391,3.5757,0.247321,0.154021
CHNCXR_0356_1,Shenzhen,1,3,False,DCT,10,234496,4081,57.460426,0.139226,32.6466,0.838754,,,,,,1.9128,2.0652,2.1728,2.1885,0.06555,0.021421
CHNCXR_0356_1,Shenzhen,1,3,False,DCT,20,234496,7436,31.535234,0.253684,35.7296,0.906493,,,,,,2.2796,2.3559,2.7908,2.833,0.079381,0.034124
CHNCXR_0356_1,Shenzhen,1,3,False,DCT,30,234496,10146,23.112162,0.346138,37.3289,0.931461,,,,,,2.4514,2.5501,3.02,3.0416,0.091218,0.044083
CHNCXR_0356_1,Shenzhen,1,3,False,DCT,50,234496,14698,15.954279,0.501433,39.1701,0.952346,,,,,,2.6053,2.6864,3.2064,3.2556,0.113918,0.059547
CHNCXR_0356_1,Shenzhen,1,3,False,DCT,70,234496,20626,11.368952,0.703671,40.8049,0.965424,,,,,,2.7355,2.7998,3.3224,3.3656,0.134951,0.0798
CHNCXR_0356_1,Shenzhen,1,3,False,DCT,90,234496,40396,5.804931,1.378139,43.9146,0.981762,,,,,,2.9047,2.9642,3.5234,3.5576,0.216456,0.148625
CHNCXR_0357_1,Shenzhen,1,3,False,DCT,10,255488,4840,52.786777,0.151553,32.3295,0.83763,,,,,,1.9128,2.1076,2.2253,2.244,0.093099,0.02499
CHNCXR_0357_1,Shenzhen,1,3,False,DCT,20,255488,8727,29.275582,0.273265,35.3585,0.907942,,,,,,2.2599,2.3683,2.8021,2.8383,0.088374,0.038814
CHNCXR_0357_1,Shenzhen,1,3,False,DCT,30,255488,11837,21.583847,0.370648,37.0547,0.933563,,,,,,2.4133,2.5062,3.0197,3.0418,0.104018,0.049864
CHNCXR_0357_1,Shenzhen,1,3,False,DCT,50,255488,16978,15.04818,0.531626,38.9166,0.954699,,,,,,2.5688,2.6525,3.1945,3.2432,0.123493,0.069808
CHNCXR_0357_1,Shenzhen,1,3,False,DCT,70,255488,23671,10.793291,0.741201,40.5866,0.967616,,,,,,2.6785,2.7726,3.3217,3.3623,0.155405,0.092452
CHNCXR_0357_1,Shenzhen,1,3,False,DCT,90,255488,45267,5.644023,1.417429,43.825,0.983264,,,,,,2.856,2.9152,3.5324,3.567,0.239331,0.170733
CHNCXR_0358_1,Shenzhen,1,4,False,DCT,10,226816,4152,54.628131,0.146445,32.7124,0.850443,,,,,,1.8988,2.0991,2.2163,2.2304,0.060827,0.020452
CHNCXR_0358_1,Shenzhen,1,4,False,DCT,20,226816,7212,31.449806,0.254374,35.8563,0.915779,,,,,,2.2582,2.3658,2.7745,2.82,0.075767,0.032018
CHNCXR_0358_1,Shenzhen,1,4,False,DCT,30,226816,9806,23.130328,0.345866,37.5112,0.938548,,,,,,2.4262,2.5259,3.0158,3.0405,0.087485,0.039754
CHNCXR_0358_1,Shenzhen,1,4,False,DCT,50,226816,14017,16.181494,0.494392,39.4211,0.958102,,,,,,2.6147,2.7238,3.2054,3.2514,0.101884,0.055909
CHNCXR_0358_1,Shenzhen,1,4,False,DCT,70,226816,19550,11.601841,0.689546,41.108,0.969904,,,,,,2.7235,2.8334,3.3264,3.3624,0.144916,0.074272
CHNCXR_0358_1,Shenzhen,1,4,False,DCT,90,226816,37724,6.012512,1.330559,44.2508,0.984032,,,,,,2.9272,2.9819,3.5283,3.566,0.203756,0.139253
CHNCXR_0359_1,Shenzhen,1,4,False,DCT,10,231424,4412,52.453309,0.152517,32.4186,0.848849,,,,,,1.9244,2.0792,2.326,2.3403,0.065919,0.020076
CHNCXR_0359_1,Shenzhen,1,4,False,DCT,20,231424,7804,29.654536,0.269773,35.5046,0.914701,,,,,,2.2861,2.3799,2.8274,2.8625,0.076059,0.032583
CHNCXR_0359_1,Shenzhen,1,4,False,DCT,30,231424,10567,21.900634,0.365286,37.1649,0.938551,,,,,,2.4546,2.5293,3.0209,3.0444,0.087201,0.043726
CHNCXR_0359_1,Shenzhen,1,4,False,DCT,50,231424,15053,15.373945,0.520361,39.0839,0.958286,,,,,,2.6356,2.73,3.1986,3.2528,0.110672,0.058267
CHNCXR_0359_1,Shenzhen,1,4,False,DCT,70,231424,20903,11.071329,0.722587,40.8172,0.970359,,,,,,2.7418,2.8377,3.3264,3.3677,0.133494,0.085361
CHNCXR_0359_1,Shenzhen,1,4,False,DCT,90,231424,39922,5.796904,1.380047,44.1174,0.984634,,,,,,2.9322,2.9997,3.5601,3.5957,0.211138,0.143304
CHNCXR_0360_1,Shenzhen,1,1,False,DCT,10,241152,4322,55.796391,0.143378,32.5731,0.852925,,,,,,1.8937,2.0196,2.249,2.2603,0.083436,0.022463
CHNCXR_0360_1,Shenzhen,1,1,False,DCT,20,241152,7748,31.124419,0.257033,35.686,0.914527,,,,,,2.2738,2.3443,2.7936,2.8342,0.08141,0.034432
CHNCXR_0360_1,Shenzhen,1,1,False,DCT,30,241152,10462,23.050277,0.347067,37.3755,0.937594,,,,,,2.4469,2.5249,2.9992,3.0234,0.09581,0.045429
CHNCXR_0360_1,Shenzhen,1,1,False,DCT,50,241152,15031,16.043643,0.49864,39.2617,0.956999,,,,,,2.618,2.7235,3.1912,3.2413,0.112118,0.059753
CHNCXR_0360_1,Shenzhen,1,1,False,DCT,70,241152,20937,11.517983,0.694566,40.9592,0.969134,,,,,,2.7578,2.8263,3.3166,3.3604,0.136099,0.080302
CHNCXR_0360_1,Shenzhen,1,1,False,DCT,90,241152,40646,5.932982,1.348394,44.1339,0.983379,,,,,,2.953,3.0058,3.5348,3.5706,0.213769,0.157264
CHNCXR_0361_1,Shenzhen,1,0,True,DCT,10,258048,4202,61.410757,0.13027,32.9451,0.849133,30.8128,33.6894,0.790067,0.86508,False,1.8222,1.9903,2.0844,2.1033,0.069021,0.022687
CHNCXR_0361_1,Shenzhen,1,0,True,DCT,20,258048,7461,34.586248,0.231306,36.1221,0.91257,33.6954,37.0156,0.877844,0.922187,False,2.1983,2.2989,2.6932,2.7589,0.082285,0.033977
CHNCXR_0361_1,Shenzhen,1,0,True,DCT,30,258048,10189,25.326136,0.315879,37.7979,0.936414,35.2366,38.7651,0.911499,0.943386,False,2.3818,2.4712,2.9315,2.9593,0.095365,0.043088
CHNCXR_0361_1,Shenzhen,1,0,True,DCT,50,258048,14739,17.507836,0.456938,39.6724,0.956175,37.0016,40.7021,0.939044,0.961,False,2.566,2.6808,3.1466,3.1895,0.11258,0.05889
CHNCXR_0361_1,Shenzhen,1,0,True,DCT,70,258048,20774,12.421681,0.644035,41.3352,0.96826,38.5764,42.4169,0.956768,0.971595,False,2.6914,2.7723,3.291,3.3303,0.139167,0.079051
CHNCXR_0361_1,Shenzhen,1,0,True,DCT,90,258048,41295,6.248892,1.280227,44.3809,0.982807,41.7094,45.411,0.978203,0.984273,False,2.9029,2.9504,3.5104,3.5465,0.219824,0.160122
CHNCXR_0362_1,Shenzhen,1,4,True,DCT,10,259072,4730,54.772093,0.14606,32.5939,0.842676,30.7688,33.6696,0.782832,0.868559,False,1.8628,2.0718,2.2274,2.2399,0.073851,0.025562
CHNCXR_0362_1,Shenzhen,1,4,True,DCT,20,259072,8351,31.022872,0.257874,35.78,0.911282,33.6095,37.1606,0.873217,0.928459,False,2.2219,2.3481,2.7737,2.8201,0.089254,0.037538
CHNCXR_0362_1,Shenzhen,1,4,True,DCT,30,259072,11370,22.785576,0.351099,37.4269,0.935739,35.173,38.8884,0.908765,0.948074,False,2.3724,2.4885,3.0068,3.0304,0.12118,0.049602
CHNCXR_0362_1,Shenzhen,1,4,True,DCT,50,259072,16325,15.869648,0.504107,39.2738,0.955579,36.9891,40.7659,0.937524,0.963737,False,2.5571,2.6733,3.2113,3.2618,0.123804,0.066339
CHNCXR_0362_1,Shenzhen,1,4,True,DCT,70,259072,22777,11.374281,0.703341,40.9956,0.968369,38.6178,42.583,0.956253,0.97403,False,2.6869,2.729,3.3514,3.3885,0.147683,0.086554
CHNCXR_0362_1,Shenzhen,1,4,True,DCT,90,259072,44138,5.869591,1.362957,44.0984,0.9831,41.8239,45.5804,0.978158,0.985542,False,2.8764,2.9143,3.5596,3.5977,0.229612,0.158963
CHNCXR_0363_1,Shenzhen,1,2,True,DCT,10,231424,4220,54.83981,0.145879,32.4443,0.843793,30.8515,33.2499,0.797249,0.862831,False,1.8859,2.0471,2.2549,2.2675,0.062925,0.019261
CHNCXR_0363_1,Shenzhen,1,2,True,DCT,20,231424,7471,30.976308,0.258262,35.5365,0.909042,33.7208,36.4967,0.880222,0.921265,False,2.2579,2.3498,2.8067,2.8538,0.073341,0.033679
CHNCXR_0363_1,Shenzhen,1,2,True,DCT,30,231424,10203,22.681956,0.352703,37.1459,0.933422,35.2896,38.1357,0.912248,0.942476,False,2.3998,2.5206,3.0114,3.0363,0.089426,0.04188
CHNCXR_0363_1,Shenzhen,1,2,True,DCT,50,231424,14653,15.793626,0.506533,39.0014,0.953601,37.0492,40.0632,0.939665,0.959528,False,2.5957,2.719,3.1996,3.2513,0.13276,0.056479
CHNCXR_0363_1,Shenzhen,1,2,True,DCT,70,231424,20595,11.236902,0.71194,40.6732,0.966316,38.6549,41.7863,0.957268,0.970365,False,2.7338,2.8254,3.3277,3.3726,0.125958,0.077768
CHNCXR_0363_1,Shenzhen,1,2,True,DCT,90,231424,39951,5.792696,1.38105,43.8357,0.981817,41.862,44.914,0.978341,0.983502,False,2.9274,3.0044,3.5383,3.5737,0.21734,0.181829
CHNCXR_0364_1,Shenzhen,1,1,True,DCT,10,259584,3882,66.868624,0.119638,33.3439,0.852722,32.1074,33.7229,0.782906,0.87084,False,1.7335,1.8403,2.1042,2.1235,0.066787,0.021295
CHNCXR_0364_1,Shenzhen,1,1,True,DCT,20,259584,6900,37.62087,0.212648,36.6752,0.91803,35.0316,37.2143,0.874809,0.929466,False,2.1289,2.219,2.7072,2.771,0.107911,0.030711
CHNCXR_0364_1,Shenzhen,1,1,True,DCT,30,259584,9364,27.721487,0.288585,38.436,0.941568,36.6358,39.0424,0.909074,0.950104,False,2.3179,2.3918,2.9529,2.9866,0.091633,0.042937
CHNCXR_0364_1,Shenzhen,1,1,True,DCT,50,259584,13491,19.241272,0.415773,40.5201,0.960915,38.4922,41.2311,0.938297,0.966986,False,2.5298,2.6035,3.153,3.1877,0.108056,0.054781
CHNCXR_0364_1,Shenzhen,1,1,True,DCT,70,259584,19003,13.660159,0.585645,42.3703,0.97265,40.2585,43.1218,0.958061,0.976152,False,2.6648,2.7205,3.2833,3.3289,0.12986,0.075072
CHNCXR_0364_1,Shenzhen,1,1,True,DCT,90,259584,37452,6.931112,1.154216,45.8128,0.986039,43.4477,46.6942,0.979204,0.987934,False,2.8832,2.9487,3.4873,3.5254,0.225229,0.142199
CHNCXR_0365_1,Shenzhen,1,1,True,DCT,10,229376,3984,57.574297,0.138951,32.7571,0.847837,31.4616,33.3888,0.792663,0.870943,False,1.9048,2.031,2.2057,2.2159,0.059127,0.018575
CHNCXR_0365_1,Shenzhen,1,1,True,DCT,20,229376,7091,32.347483,0.247314,35.8687,0.911791,34.2911,36.6809,0.877048,0.926089,False,2.2724,2.3384,2.7728,2.8239,0.071731,0.028667
CHNCXR_0365_1,Shenzhen,1,1,True,DCT,30,229376,9665,23.732644,0.337088,37.5667,0.936007,35.8145,38.5009,0.909578,0.947166,False,2.4383,2.5198,3.0067,3.0302,0.097632,0.041083
CHNCXR_0365_1,Shenzhen,1,1,True,DCT,50,229376,13885,16.519698,0.48427,39.4394,0.955696,37.5658,40.4635,0.937557,0.963379,False,2.6147,2.6886,3.1818,3.2278,0.118134,0.061668
CHNCXR_0365_1,Shenzhen,1,1,True,DCT,70,229376,19594,11.706441,0.683384,41.1017,0.968054,39.1531,42.1836,0.955552,0.973524,False,2.7501,2.8108,3.3389,3.3823,0.141967,0.106935
CHNCXR_0365_1,Shenzhen,1,1,True,DCT,90,229376,37893,6.053255,1.321603,44.2152,0.982999,42.1148,45.4197,0.976778,0.985796,False,2.947,3.0223,3.5354,3.5708,0.256459,0.146027
CHNCXR_0366_1,Shenzhen,1,1,True,DCT,10,248320,4172,59.520614,0.134407,32.8981,0.85433,30.3906,33.7431,0.798713,0.867882,False,1.8483,1.9803,2.1502,2.1636,0.064319,0.02083
CHNCXR_0366_1,Shenzhen,1,1,True,DCT,20,248320,7421,33.461798,0.239079,36.08,0.916098,33.2965,37.067,0.883275,0.92448,False,2.2295,2.3248,2.7499,2.806,0.079307,0.033942
CHNCXR_0366_1,Shenzhen,1,1,True,DCT,30,248320,10031,24.755259,0.323164,37.7708,0.939443,34.7616,38.8844,0.914613,0.9459,False,2.4119,2.4908,2.9748,2.9977,0.102656,0.047683
CHNCXR_0366_1,Shenzhen,1,1,True,DCT,50,248320,14477,17.152725,0.466398,39.6627,0.958372,36.6278,40.7914,0.942262,0.962498,False,2.5968,2.7134,3.1709,3.2108,0.12609,0.067841
CHNCXR_0366_1,Shenzhen,1,1,True,DCT,70,248320,20302,12.231307,0.654059,41.3524,0.969827,38.2523,42.5201,0.959672,0.97264,False,2.7412,2.8601,3.3195,3.3622,0.153441,0.085012
CHNCXR_0366_1,Shenzhen,1,1,True,DCT,90,248320,39643,6.263905,1.277159,44.4618,0.983647,41.5099,45.5423,0.980124,0.984735,False,2.9511,2.9954,3.5167,3.5546,0.22535,0.149697
CHNCXR_0367_1,Shenzhen,1,1,True,DCT,10,221184,4449,49.715442,0.160916,32.0261,0.83507,30.8333,32.8766,0.793575,0.861017,False,1.9256,2.1146,2.384,2.4014,0.080369,0.020236
CHNCXR_0367_1,Shenzhen,1,1,True,DCT,20,221184,7921,27.923747,0.286495,35.1238,0.905398,33.8527,36.0461,0.882852,0.919697,False,2.2803,2.3874,2.8758,2.9065,0.080564,0.036558
CHNCXR_0367_1,Shenzhen,1,1,True,DCT,30,221184,10736,20.602086,0.38831,36.8073,0.931786,35.4031,37.8574,0.914226,0.943021,False,2.4447,2.5116,3.0478,3.0741,0.09761,0.05898
CHNCXR_0367_1,Shenzhen,1,1,True,DCT,50,221184,15344,14.415016,0.554977,38.7504,0.953722,37.2238,39.9253,0.94125,0.961606,False,2.6167,2.6982,3.2176,3.268,0.116562,0.069549
CHNCXR_0367_1,Shenzhen,1,1,True,DCT,70,221184,21270,10.398872,0.769314,40.46,0.967193,38.8727,41.6994,0.958855,0.972625,False,2.7227,2.8015,3.3529,3.3955,0.13409,0.081856
CHNCXR_0367_1,Shenzhen,1,1,True,DCT,90,221184,40251,5.495118,1.455838,43.7583,0.983106,42.0944,45.0818,0.979354,0.985664,False,2.8964,2.9592,3.5334,3.5677,0.283513,0.160201
CHNCXR_0368_1,Shenzhen,1,1,True,DCT,10,222720,3726,59.774557,0.133836,33.0449,0.853982,31.3873,33.7088,0.798077,0.871943,False,1.8918,2.0446,2.1044,2.1201,0.06183,0.022016
CHNCXR_0368_1,Shenzhen,1,1,True,DCT,20,222720,6695,33.266617,0.240481,36.1433,0.916146,34.3636,36.8723,0.885015,0.926684,False,2.2612,2.3602,2.7059,2.7669,0.08423,0.036831
CHNCXR_0368_1,Shenzhen,1,1,True,DCT,30,222720,9069,24.558386,0.325754,37.8479,0.939286,35.9934,38.6181,0.916615,0.946901,False,2.4316,2.5523,2.9507,2.9739,0.084436,0.043237
CHNCXR_0368_1,Shenzhen,1,1,True,DCT,50,222720,12953,17.194472,0.465266,39.775,0.958076,37.8459,40.5873,0.942964,0.963165,False,2.593,2.7045,3.136,3.1809,0.09687,0.051251
CHNCXR_0368_1,Shenzhen,1,1,True,DCT,70,222720,18106,12.300895,0.650359,41.4761,0.969749,39.5018,42.3146,0.96002,0.973099,False,2.7396,2.8386,3.2734,3.3181,0.140488,0.069224
CHNCXR_0368_1,Shenzhen,1,1,True,DCT,90,222720,35358,6.298999,1.270043,44.4674,0.983248,42.4439,45.3348,0.978879,0.984877,False,2.9457,3.0312,3.5017,3.5383,0.21221,0.147265
CHNCXR_0369_1,Shenzhen,1,0,True,DCT,10,250368,4281,58.483532,0.136791,32.7247,0.842844,30.5453,33.6353,0.777303,0.863784,False,1.8676,2.0202,2.1565,2.1721,0.067682,0.022011
CHNCXR_0369_1,Shenzhen,1,0,True,DCT,20,250368,7714,32.456313,0.246485,35.8673,0.911254,33.347,36.9928,0.87046,0.924542,False,2.2407,2.3367,2.76,2.8058,0.083753,0.033348
CHNCXR_0369_1,Shenzhen,1,0,True,DCT,30,250368,10536,23.763098,0.336656,37.478,0.934712,34.85,38.6774,0.904702,0.944632,False,2.4068,2.5529,2.9975,3.018,0.137993,0.048203
CHNCXR_0369_1,Shenzhen,1,0,True,DCT,50,250368,15117,16.562016,0.483033,39.2995,0.954678,36.6249,40.5318,0.934902,0.961239,False,2.6087,2.7399,3.1698,3.216,0.135582,0.062662
CHNCXR_0369_1,Shenzhen,1,0,True,DCT,70,250368,21286,11.762097,0.680151,40.9373,0.967169,38.1824,42.2279,0.953856,0.971713,False,2.7213,2.8201,3.3087,3.351,0.167134,0.081204
CHNCXR_0369_1,Shenzhen,1,0,True,DCT,90,250368,41653,6.010804,1.330937,44.0371,0.982456,41.3522,45.2768,0.97699,0.98441,False,2.9222,3.0043,3.5253,3.5609,0.215266,0.156209
CHNCXR_0370_1,Shenzhen,1,1,True,DCT,10,257536,3466,74.30352,0.107667,33.8652,0.865971,32.138,34.2185,0.769456,0.88156,False,1.72,1.8098,1.9671,2.0088,0.10442,0.022128
CHNCXR_0370_1,Shenzhen,1,1,True,DCT,20,257536,6024,42.75166,0.187127,37.2953,0.925577,35.0779,37.7847,0.867955,0.934854,False,2.1214,2.2051,2.6184,2.6493,0.07518,0.028383
CHNCXR_0370_1,Shenzhen,1,1,True,DCT,30,257536,8211,31.364755,0.255063,39.1308,0.946934,36.605,39.7167,0.903529,0.953883,False,2.3293,2.3802,2.8932,2.9428,0.087042,0.037873
CHNCXR_0370_1,Shenzhen,1,1,True,DCT,50,257536,11884,21.670818,0.36916,41.2705,0.964618,38.3976,41.9763,0.934123,0.96948,False,2.5469,2.6215,3.1359,3.1596,0.102845,0.047452
CHNCXR_0370_1,Shenzhen,1,1,True,DCT,70,257536,16844,15.28948,0.523236,43.1463,0.975539,40.1087,43.9137,0.954552,0.97903,False,2.6809,2.7545,3.2689,3.3163,0.114573,0.063916
CHNCXR_0370_1,Shenzhen,1,1,True,DCT,90,257536,33465,7.695682,1.039544,46.6163,0.987734,43.1603,47.5558,0.977293,0.989511,False,2.9226,2.9864,3.4755,3.516,0.228869,0.122323
CHNCXR_0371_1,Shenzhen,1,2,True,DCT,10,257536,4014,64.159442,0.124689,32.8787,0.842061,31.8489,33.2411,0.77733,0.862381,False,1.7156,1.8641,2.1597,2.1775,0.075031,0.023881
CHNCXR_0371_1,Shenzhen,1,2,True,DCT,20,257536,7310,35.230643,0.227075,36.2529,0.914909,34.8147,36.7954,0.873926,0.92767,False,2.0962,2.2096,2.7453,2.8124,0.082532,0.034713
CHNCXR_0371_1,Shenzhen,1,2,True,DCT,30,257536,10005,25.74073,0.310792,38.0739,0.939963,36.4996,38.6822,0.910314,0.949249,False,2.2887,2.3557,2.9632,2.9929,0.08988,0.041484
CHNCXR_0371_1,Shenzhen,1,2,True,DCT,50,257536,14395,17.890656,0.447161,40.1753,0.960173,38.3992,40.887,0.939658,0.966641,False,2.4754,2.5375,3.1541,3.197,0.124442,0.069885
CHNCXR_0371_1,Shenzhen,1,2,True,DCT,70,257536,20290,12.692755,0.630281,42.0602,0.972691,40.1162,42.8636,0.958779,0.97707,False,2.5852,2.6577,3.2971,3.3382,0.132309,0.078552
CHNCXR_0371_1,Shenzhen,1,2,True,DCT,90,257536,39238,6.563433,1.218874,45.6347,0.986519,43.3407,46.6483,0.979764,0.988687,False,2.7765,2.809,3.503,3.5353,0.208144,0.146009
CHNCXR_0372_1,Shenzhen,1,2,True,DCT,10,257536,3744,68.786325,0.116302,33.3957,0.851638,32.3403,33.8003,0.787447,0.872693,False,1.7234,1.84,2.0718,2.0991,0.07004,0.020376
CHNCXR_0372_1,Shenzhen,1,2,True,DCT,20,257536,6691,38.489912,0.207847,36.7106,0.91749,35.301,37.2856,0.878006,0.930381,False,2.1132,2.2158,2.7046,2.7599,0.077297,0.030571
CHNCXR_0372_1,Shenzhen,1,2,True,DCT,30,257536,9162,28.109146,0.284605,38.545,0.941611,36.8833,39.2546,0.911129,0.951434,False,2.3033,2.3743,2.9659,3.0005,0.086595,0.038191
CHNCXR_0372_1,Shenzhen,1,2,True,DCT,50,257536,13321,19.333083,0.413798,40.6894,0.961252,38.7452,41.5651,0.939801,0.968288,False,2.5061,2.5662,3.1646,3.1981,0.125126,0.056172
CHNCXR_0372_1,Shenzhen,1,2,True,DCT,70,257536,18738,13.74405,0.58207,42.5417,0.972938,40.4359,43.5205,0.95835,0.977804,False,2.6282,2.6964,3.2845,3.3334,0.128498,0.075921
CHNCXR_0372_1,Shenzhen,1,2,True,DCT,90,257536,36876,6.983838,1.145502,46.0189,0.986566,43.624,47.199,0.979403,0.988992,False,2.8208,2.8671,3.4904,3.5258,0.195219,0.136442
CHNCXR_0373_1,Shenzhen,1,3,True,DCT,10,244224,3282,74.413163,0.107508,33.7311,0.853014,32.3241,34.426,0.78531,0.880474,False,1.7469,1.8573,1.889,1.9294,0.05811,0.01631
CHNCXR_0373_1,Shenzhen,1,3,True,DCT,20,244224,5918,41.267996,0.193855,37.0691,0.917406,35.2866,38.0172,0.875517,0.934353,False,2.1412,2.2198,2.5966,2.6342,0.070309,0.027033
CHNCXR_0373_1,Shenzhen,1,3,True,DCT,30,244224,8271,29.527748,0.270932,38.8745,0.941042,36.9186,39.9527,0.910448,0.953483,False,2.3601,2.4005,2.8914,2.9309,0.077962,0.032206
CHNCXR_0373_1,Shenzhen,1,3,True,DCT,50,244224,12016,20.3249,0.393606,40.9397,0.960764,38.7858,42.1784,0.939617,0.969377,False,2.5555,2.6052,3.1099,3.1377,0.095747,0.047905
CHNCXR_0373_1,Shenzhen,1,3,True,DCT,70,244224,17188,14.208983,0.563024,42.8287,0.97262,40.5539,44.1721,0.958903,0.978138,False,2.6721,2.7268,3.2609,3.3107,0.115242,0.068208
CHNCXR_0373_1,Shenzhen,1,3,True,DCT,90,244224,33957,7.192155,1.112323,46.1503,0.986191,43.7259,47.6311,0.979665,0.988967,False,2.9095,2.9518,3.479,3.5137,0.194059,0.130329
CHNCXR_0374_1,Shenzhen,1,1,True,DCT,10,256000,3639,70.348997,0.113719,33.5212,0.85416,32.0541,34.0539,0.775574,0.877729,False,1.7277,1.8375,2.0016,2.0356,0.062896,0.019632
CHNCXR_0374_1,Shenzhen,1,1,True,DCT,20,256000,6566,38.98873,0.205187,36.9114,0.919809,35.0623,37.6299,0.871547,0.934721,False,2.122,2.2096,2.6597,2.7116,0.076053,0.030542
CHNCXR_0374_1,Shenzhen,1,1,True,DCT,30,256000,8925,28.683473,0.278906,38.6922,0.944012,36.7161,39.478,0.907815,0.955107,False,2.3038,2.3805,2.9171,2.9559,0.085498,0.038691
CHNCXR_0374_1,Shenzhen,1,1,True,DCT,50,256000,12965,19.745469,0.405156,40.8467,0.963275,38.6293,41.7692,0.938819,0.970811,False,2.5034,2.5652,3.1491,3.1797,0.102394,0.052101
CHNCXR_0374_1,Shenzhen,1,1,True,DCT,70,256000,18205,14.062071,0.568906,42.7839,0.975085,40.3559,43.8361,0.957924,0.98007,False,2.6428,2.6947,3.2843,3.3325,0.12976,0.070836
CHNCXR_0374_1,Shenzhen,1,1,True,DCT,90,256000,35453,7.220828,1.107906,46.4454,0.987836,43.7024,47.712,0.979751,0.990353,False,2.8393,2.8896,3.5012,3.538,0.19906,0.129776
CHNCXR_0375_1,Shenzhen,1,0,True,DCT,10,261632,4731,55.301628,0.144661,32.6703,0.853359,30.8355,33.6149,0.784587,0.879275,False,1.9399,2.0906,2.2185,2.2297,0.095034,0.026136
CHNCXR_0375_1,Shenzhen,1,0,True,DCT,20,261632,8366,31.273249,0.25581,35.6632,0.916804,33.614,36.7656,0.872133,0.933886,False,2.3023,2.3982,2.7884,2.8299,0.08874,0.038072
CHNCXR_0375_1,Shenzhen,1,0,True,DCT,30,261632,11378,22.994551,0.347909,37.3673,0.940347,35.1141,38.6331,0.905702,0.953518,False,2.469,2.6143,3.0316,3.0524,0.103854,0.049795
CHNCXR_0375_1,Shenzhen,1,0,True,DCT,50,261632,16273,16.077675,0.497584,39.3173,0.959621,36.8767,40.7462,0.935011,0.96909,False,2.652,2.7493,3.2286,3.2744,0.126037,0.066522
CHNCXR_0375_1,Shenzhen,1,0,True,DCT,70,261632,22503,11.626539,0.688081,41.0896,0.971601,38.4654,42.6919,0.954351,0.97849,False,2.7797,2.8936,3.3319,3.3703,0.147386,0.084427
CHNCXR_0375_1,Shenzhen,1,0,True,DCT,90,261632,42950,6.091548,1.313295,44.4234,0.985504,41.6672,46.1597,0.977386,0.988799,False,2.9726,3.0498,3.5526,3.5877,0.224207,0.154186
CHNCXR_0376_1,Shenzhen,1,3,True,DCT,10,259072,4281,60.516702,0.132195,32.9489,0.842108,31.0056,33.7194,0.801016,0.854341,False,1.8276,2.0076,2.0733,2.0898,0.072994,0.02558
CHNCXR_0376_1,Shenzhen,1,3,True,DCT,20,259072,7701,33.641345,0.237803,36.1425,0.910708,33.8739,37.0988,0.884783,0.919085,False,2.1992,2.3066,2.6862,2.7455,0.111634,0.037821
CHNCXR_0376_1,Shenzhen,1,3,True,DCT,30,259072,10502,24.668825,0.324296,37.74,0.934114,35.4311,38.7208,0.915315,0.940369,False,2.3487,2.4478,2.94,2.9639,0.096603,0.047256
CHNCXR_0376_1,Shenzhen,1,3,True,DCT,50,259072,15223,17.018459,0.470078,39.5784,0.953988,37.1665,40.6236,0.941085,0.958362,False,2.5334,2.6482,3.1272,3.1721,0.120015,0.062818
CHNCXR_0376_1,Shenzhen,1,3,True,DCT,70,259072,21576,12.007416,0.666255,41.2012,0.966606,38.7657,42.2617,0.95857,0.969498,False,2.6678,2.7395,3.2833,3.3225,0.141902,0.08384
CHNCXR_0376_1,Shenzhen,1,3,True,DCT,90,259072,42887,6.040805,1.324327,44.1317,0.981553,41.8072,45.1221,0.978825,0.982708,False,2.8332,2.8652,3.5041,3.5425,0.230947,0.15887
CHNCXR_0377_1,Shenzhen,1,3,True,DCT,10,225280,4124,54.626576,0.146449,32.5272,0.844897,30.5899,33.3021,0.790208,0.861917,False,1.9199,2.0767,2.2492,2.2635,0.077028,0.019952
CHNCXR_0377_1,Shenzhen,1,3,True,DCT,20,225280,7313,30.805415,0.259695,35.5584,0.910127,33.3904,36.4639,0.878589,0.91995,False,2.2759,2.3585,2.7973,2.8376,0.070659,0.030933
CHNCXR_0377_1,Shenzhen,1,3,True,DCT,30,225280,9996,22.537015,0.354972,37.2068,0.935047,34.9322,38.1763,0.91184,0.942418,False,2.445,2.5381,3.0182,3.0447,0.083762,0.041195
CHNCXR_0377_1,Shenzhen,1,3,True,DCT,50,225280,14328,15.72306,0.508807,39.1063,0.955147,36.7074,40.1539,0.939788,0.960176,False,2.6203,2.7224,3.197,3.2502,0.100412,0.053929
CHNCXR_0377_1,Shenzhen,1,3,True,DCT,70,225280,19966,11.283181,0.70902,40.7823,0.967648,38.3685,41.8395,0.958105,0.970961,False,2.7367,2.8148,3.3344,3.379,0.12182,0.072327
CHNCXR_0377_1,Shenzhen,1,3,True,DCT,90,225280,38689,5.822844,1.373899,43.9725,0.982915,41.5503,45.0352,0.979428,0.984252,False,2.915,2.9855,3.542,3.5789,0.207858,0.14008
CHNCXR_0378_1,Shenzhen,1,0,True,DCT,10,260096,4246,61.256712,0.130598,32.9271,0.851806,30.4779,33.7584,0.780666,0.868978,False,1.846,1.9873,2.1176,2.1279,0.090493,0.022124
CHNCXR_0378_1,Shenzhen,1,0,True,DCT,20,260096,7683,33.853443,0.236313,36.0615,0.91686,33.2125,37.1028,0.87286,0.927621,False,2.2271,2.3201,2.7355,2.7861,0.081171,0.034428
CHNCXR_0378_1,Shenzhen,1,0,True,DCT,30,260096,10310,25.227546,0.317114,37.6321,0.938913,34.7477,38.6935,0.90765,0.94642,False,2.4101,2.49,2.93,2.9499,0.093255,0.043071
CHNCXR_0378_1,Shenzhen,1,0,True,DCT,50,260096,14910,17.4444,0.4586,39.4672,0.957486,36.4652,40.5971,0.936282,0.962602,False,2.6035,2.7058,3.1335,3.1753,0.113897,0.059787
CHNCXR_0378_1,Shenzhen,1,0,True,DCT,70,260096,21010,12.379629,0.646223,41.1416,0.969469,38.0016,42.3559,0.954717,0.973208,False,2.7462,2.8474,3.2876,3.33,0.153304,0.090157
CHNCXR_0378_1,Shenzhen,1,0,True,DCT,90,260096,41260,6.303829,1.26907,44.3767,0.983906,41.2148,45.6048,0.978033,0.985549,False,2.9722,3.0452,3.5158,3.5532,0.218332,0.152074
CHNCXR_0379_1,Shenzhen,1,4,True,DCT,10,246784,4490,54.963029,0.145552,32.4549,0.838839,31.0724,33.113,0.79212,0.858166,False,1.8685,2.0428,2.2309,2.2426,0.081538,0.022053
CHNCXR_0379_1,Shenzhen,1,4,True,DCT,20,246784,8090,30.504821,0.262254,35.5994,0.909074,34.0309,36.373,0.881673,0.920424,False,2.2299,2.3222,2.8023,2.8389,0.076169,0.033472
CHNCXR_0379_1,Shenzhen,1,4,True,DCT,30,246784,10971,22.494212,0.355647,37.2386,0.932819,35.6056,38.0542,0.913057,0.941171,False,2.3804,2.4718,3.009,3.0297,0.093703,0.045599
CHNCXR_0379_1,Shenzhen,1,4,True,DCT,50,246784,15926,15.495667,0.516273,39.0878,0.953224,37.4699,39.8935,0.941472,0.958335,False,2.5706,2.6755,3.1841,3.2395,0.112841,0.060515
CHNCXR_0379_1,Shenzhen,1,4,True,DCT,70,246784,22166,11.133448,0.718555,40.7914,0.966448,39.1026,41.6441,0.958931,0.969887,False,2.6898,2.752,3.3093,3.3511,0.135594,0.084643
CHNCXR_0379_1,Shenzhen,1,4,True,DCT,90,246784,43008,5.738095,1.394191,43.8324,0.9817,42.1292,44.695,0.978747,0.983205,False,2.8561,2.9042,3.5264,3.5627,0.21781,0.153752
CHNCXR_0380_1,Shenzhen,1,2,True,DCT,10,262144,4221,62.104715,0.128815,33.0706,0.867217,30.5262,33.677,0.791518,0.879723,False,1.8359,1.9446,2.1159,2.1256,0.066945,0.021098
CHNCXR_0380_1,Shenzhen,1,2,True,DCT,20,262144,7393,35.458407,0.225616,36.4782,0.926703,33.4062,37.2785,0.879244,0.934587,False,2.2163,2.3091,2.6957,2.7636,0.084035,0.033969
CHNCXR_0380_1,Shenzhen,1,2,True,DCT,30,262144,9969,26.295917,0.30423,38.1576,0.946421,34.9812,39.0004,0.912496,0.952075,False,2.4136,2.5154,2.9671,2.9911,0.116055,0.043832
CHNCXR_0380_1,Shenzhen,1,2,True,DCT,50,262144,14166,18.505153,0.432312,40.0939,0.963376,36.7542,41.006,0.940362,0.96726,False,2.6255,2.7495,3.1706,3.206,0.10806,0.056922
CHNCXR_0380_1,Shenzhen,1,2,True,DCT,70,262144,19814,13.230241,0.604675,41.8493,0.973925,38.4498,42.7876,0.95881,0.976672,False,2.7737,2.8762,3.3221,3.3625,0.131416,0.078281
CHNCXR_0380_1,Shenzhen,1,2,True,DCT,90,262144,38510,6.807167,1.175232,45.0327,0.986058,41.6068,45.9828,0.979538,0.987346,False,3.0433,3.1067,3.5466,3.5863,0.209143,0.141112
CHNCXR_0381_1,Shenzhen,1,4,True,DCT,10,258560,4401,58.750284,0.13617,32.7049,0.849358,30.4271,33.4335,0.789132,0.863632,False,1.8554,1.9841,2.1656,2.1771,0.065012,0.022167
CHNCXR_0381_1,Shenzhen,1,4,True,DCT,20,258560,7826,33.038589,0.242141,35.8464,0.912382,33.3188,36.6915,0.877704,0.921037,False,2.2309,2.3108,2.742,2.7923,0.086518,0.035909
CHNCXR_0381_1,Shenzhen,1,4,True,DCT,30,258560,10505,24.613041,0.325031,37.4287,0.935293,34.7962,38.3259,0.910311,0.941679,False,2.4073,2.5066,2.9377,2.962,0.096944,0.045313
CHNCXR_0381_1,Shenzhen,1,4,True,DCT,50,258560,15187,17.025087,0.469895,39.2476,0.954036,36.5894,40.1578,0.938835,0.958082,False,2.593,2.6868,3.1559,3.2002,0.130588,0.060856
CHNCXR_0381_1,Shenzhen,1,4,True,DCT,70,258560,21288,12.14581,0.658663,40.834,0.965925,38.2001,41.7317,0.956895,0.968498,False,2.7218,2.801,3.2943,3.333,0.135082,0.079603
CHNCXR_0381_1,Shenzhen,1,4,True,DCT,90,258560,42768,6.045642,1.323267,43.9243,0.980962,41.329,44.8027,0.978455,0.981885,False,2.9236,2.9949,3.5358,3.5688,0.227456,0.155331
CHNCXR_0382_1,Shenzhen,1,0,True,DCT,10,226304,4014,56.378675,0.141898,32.6972,0.841774,30.7521,33.6357,0.780866,0.864421,False,1.9005,2.0759,2.1712,2.1881,0.058841,0.018706
CHNCXR_0382_1,Shenzhen,1,0,True,DCT,20,226304,7116,31.802136,0.251555,35.787,0.909787,33.4935,36.9748,0.871412,0.92397,False,2.2653,2.3666,2.7537,2.8008,0.071939,0.029291
CHNCXR_0382_1,Shenzhen,1,0,True,DCT,30,226304,9739,23.236883,0.34428,37.3773,0.933864,34.9432,38.6762,0.904744,0.944776,False,2.4364,2.5338,2.9991,3.023,0.101811,0.040251
CHNCXR_0382_1,Shenzhen,1,0,True,DCT,50,226304,14024,16.136908,0.495758,39.2088,0.954759,36.6019,40.6534,0.933531,0.962638,False,2.5928,2.6761,3.1774,3.2265,0.101983,0.053868
CHNCXR_0382_1,Shenzhen,1,0,True,DCT,70,226304,19621,11.533765,0.693616,40.8704,0.967233,38.182,42.3874,0.952968,0.972674,False,2.7137,2.7919,3.2954,3.3351,0.124348,0.073408
CHNCXR_0382_1,Shenzhen,1,0,True,DCT,90,226304,38536,5.872535,1.362274,44.0369,0.982691,41.3791,45.5263,0.976586,0.985136,False,2.9014,2.9838,3.5329,3.5683,0.19994,0.13512
CHNCXR_0383_1,Shenzhen,1,1,True,DCT,10,255488,4174,61.209391,0.130699,32.9694,0.84205,31.0182,33.6758,0.792078,0.857072,False,1.7957,1.8847,2.1351,2.1473,0.06645,0.021626
CHNCXR_0383_1,Shenzhen,1,1,True,DCT,20,255488,7391,34.567447,0.231432,36.0112,0.908166,33.758,36.8729,0.876891,0.917353,False,2.1792,2.2284,2.713,2.7717,0.103925,0.03232
CHNCXR_0383_1,Shenzhen,1,1,True,DCT,30,255488,10142,25.191087,0.317573,37.6626,0.932982,35.2916,38.5895,0.910011,0.939922,False,2.3525,2.472,2.9634,2.9853,0.090635,0.041747
CHNCXR_0383_1,Shenzhen,1,1,True,DCT,50,255488,14761,17.308312,0.462206,39.5455,0.952884,37.0046,40.5716,0.937468,0.95778,False,2.5458,2.6674,3.173,3.2143,0.11201,0.05713
CHNCXR_0383_1,Shenzhen,1,1,True,DCT,70,255488,20925,12.209701,0.655217,41.117,0.965459,38.5497,42.1591,0.955156,0.968813,False,2.6896,2.7289,3.3199,3.3604,0.136303,0.075702
CHNCXR_0383_1,Shenzhen,1,1,True,DCT,90,255488,41749,6.11962,1.307271,44.0448,0.980887,41.5427,45.0478,0.976866,0.982334,False,2.8961,2.9531,3.5242,3.5584,0.214779,0.147528
CHNCXR_0384_1,Shenzhen,1,2,True,DCT,10,257024,3820,67.28377,0.118899,33.3018,0.854556,32.684,33.5209,0.79614,0.873677,False,1.7202,1.8261,2.122,2.1511,0.065744,0.021106
CHNCXR_0384_1,Shenzhen,1,2,True,DCT,20,257024,6707,38.321753,0.208759,36.6595,0.918903,35.6712,37.0322,0.881674,0.930938,False,2.1223,2.1974,2.749,2.8008,0.07465,0.030867
CHNCXR_0384_1,Shenzhen,1,2,True,DCT,30,257024,9197,27.946504,0.286261,38.5678,0.942672,37.3117,39.0638,0.915213,0.951348,False,2.306,2.3673,3.0094,3.0448,0.086022,0.039966
CHNCXR_0384_1,Shenzhen,1,2,True,DCT,50,257024,13225,19.434707,0.411635,40.842,0.962591,39.2996,41.483,0.944103,0.968547,False,2.4961,2.5533,3.1961,3.2256,0.100011,0.049805
CHNCXR_0384_1,Shenzhen,1,2,True,DCT,70,257024,18630,13.796243,0.579868,42.8384,0.974707,41.0733,43.6028,0.961842,0.978933,False,2.6452,2.6858,3.3149,3.362,0.141824,0.06931
CHNCXR_0384_1,Shenzhen,1,2,True,DCT,90,257024,36090,7.121751,1.123319,46.5392,0.987821,44.4059,47.5308,0.981705,0.989953,False,2.8465,2.88,3.5198,3.5557,0.190337,0.129489
CHNCXR_0385_1,Shenzhen,1,1,True,DCT,10,249344,3609,69.089498,0.115792,33.1998,0.845577,32.2115,33.6123,0.776372,0.872048,False,1.7076,1.8225,2.085,2.1142,0.062456,0.018355
CHNCXR_0385_1,Shenzhen,1,1,True,DCT,20,249344,6561,38.003963,0.210504,36.5475,0.913333,35.1347,37.1841,0.87011,0.929908,False,2.099,2.2021,2.7116,2.7704,0.073638,0.028326
CHNCXR_0385_1,Shenzhen,1,1,True,DCT,30,249344,8976,27.778966,0.287988,38.3911,0.938486,36.6524,39.2244,0.905391,0.951203,False,2.3068,2.363,2.9416,2.9749,0.083199,0.038596
CHNCXR_0385_1,Shenzhen,1,1,True,DCT,50,249344,13055,19.099502,0.418859,40.484,0.959364,38.5386,41.4552,0.93641,0.968151,False,2.4992,2.5564,3.1557,3.193,0.125443,0.048802
CHNCXR_0385_1,Shenzhen,1,1,True,DCT,70,249344,18484,13.489721,0.593044,42.3924,0.972008,40.2181,43.5301,0.955923,0.978155,False,2.6243,2.6921,3.2882,3.3368,0.122644,0.069453
CHNCXR_0385_1,Shenzhen,1,1,True,DCT,90,249344,36347,6.860098,1.166164,45.8767,0.985989,43.3217,47.328,0.977845,0.9891,False,2.8353,2.8704,3.5066,3.5416,0.192767,0.128549
CHNCXR_0386_1,Shenzhen,1,0,True,DCT,10,257536,3838,67.101615,0.119222,33.3368,0.851116,32.0987,33.7538,0.783994,0.869752,False,1.7328,1.8552,2.0895,2.115,0.064176,0.020617
CHNCXR_0386_1,Shenzhen,1,0,True,DCT,20,257536,6777,38.001476,0.210518,36.7945,0.917952,35.0407,37.4398,0.875141,0.929517,False,2.1251,2.2098,2.6933,2.7545,0.073699,0.029903
CHNCXR_0386_1,Shenzhen,1,0,True,DCT,30,257536,9220,27.932321,0.286407,38.6595,0.942053,36.6495,39.434,0.909389,0.951064,False,2.2958,2.3733,2.9416,2.9775,0.082994,0.03829
CHNCXR_0386_1,Shenzhen,1,0,True,DCT,50,257536,13258,19.424951,0.411841,40.7176,0.961514,38.4496,41.6344,0.938246,0.967935,False,2.5001,2.5508,3.1216,3.1556,0.101682,0.056074
CHNCXR_0386_1,Shenzhen,1,0,True,DCT,70,257536,18797,13.70091,0.583903,42.593,0.972899,40.163,43.6061,0.957414,0.977375,False,2.6431,2.7004,3.2697,3.3143,0.148893,0.071368
CHNCXR_0386_1,Shenzhen,1,0,True,DCT,90,257536,36841,6.990473,1.144415,46.0593,0.986805,43.3284,47.2679,0.978964,0.989129,False,2.8411,2.8924,3.47,3.5049,0.192786,0.128555
CHNCXR_0387_1,Shenzhen,1,3,True,DCT,10,253440,4478,56.596695,0.141351,32.4252,0.831572,30.8808,33.2974,0.782512,0.854299,False,1.8504,2.0376,2.1819,2.1966,0.066224,0.021515
CHNCXR_0387_1,Shenzhen,1,3,True,DCT,20,253440,8265,30.664247,0.26089,35.4199,0.902664,33.7431,36.3932,0.875477,0.91546,False,2.2047,2.3138,2.7744,2.8148,0.080958,0.033994
CHNCXR_0387_1,Shenzhen,1,3,True,DCT,30,253440,11248,22.532006,0.355051,37.1117,0.929288,35.298,38.1953,0.90882,0.938823,False,2.3505,2.4342,2.9747,3.0026,0.091386,0.043801
CHNCXR_0387_1,Shenzhen,1,3,True,DCT,50,253440,16308,15.540839,0.514773,38.9581,0.951032,37.0767,40.0987,0.937785,0.957291,False,2.5,2.5675,3.1578,3.214,0.130103,0.060592
CHNCXR_0387_1,Shenzhen,1,3,True,DCT,70,253440,22865,11.08419,0.721749,40.68,0.965014,38.7132,41.895,0.95664,0.969193,False,2.6138,2.691,3.2787,3.3206,0.155483,0.087795
CHNCXR_0387_1,Shenzhen,1,3,True,DCT,90,253440,44618,5.680219,1.408396,43.7832,0.981264,41.8291,44.9872,0.978029,0.982976,False,2.762,2.8024,3.5078,3.5426,0.237669,0.166603
CHNCXR_0388_1,Shenzhen,1,1,True,DCT,10,248320,4430,56.054176,0.142719,32.6004,0.846878,30.8227,33.5039,0.794002,0.868289,False,1.8773,2.0453,2.2006,2.214,0.06416,0.021729
CHNCXR_0388_1,Shenzhen,1,1,True,DCT,20,248320,7908,31.401113,0.254768,35.8101,0.912695,33.8071,36.8757,0.88301,0.925128,False,2.2472,2.3453,2.7499,2.7945,0.075967,0.032537
CHNCXR_0388_1,Shenzhen,1,1,True,DCT,30,248320,10754,23.090943,0.346456,37.4641,0.936859,35.3314,38.63,0.914793,0.946196,False,2.4269,2.53,2.968,2.9913,0.08722,0.041408
CHNCXR_0388_1,Shenzhen,1,1,True,DCT,50,248320,15464,16.057941,0.498196,39.3498,0.956672,37.1356,40.5815,0.941858,0.962848,False,2.6018,2.7193,3.1659,3.2185,0.107786,0.057577
CHNCXR_0388_1,Shenzhen,1,1,True,DCT,70,248320,21610,11.490976,0.696198,41.0121,0.968605,38.727,42.3029,0.958783,0.972885,False,2.7293,2.821,3.3036,3.342,0.169733,0.085486
CHNCXR_0388_1,Shenzhen,1,1,True,DCT,90,248320,41892,5.927623,1.349613,44.1525,0.983253,41.8734,45.4383,0.979227,0.985095,False,2.9272,2.9898,3.5179,3.5548,0.221801,0.153481
CHNCXR_0389_1,Shenzhen,1,0,True,DCT,10,241152,3341,72.179587,0.110835,33.1359,0.839876,32.2947,33.3661,0.782346,0.854687,False,1.7376,1.8181,1.9938,2.0233,0.055373,0.0157
CHNCXR_0389_1,Shenzhen,1,0,True,DCT,20,241152,6230,38.708186,0.206675,36.3142,0.906505,35.2949,36.6009,0.875771,0.914555,False,2.1356,2.2074,2.6808,2.7355,0.068956,0.025625
CHNCXR_0389_1,Shenzhen,1,0,True,DCT,30,241152,8598,28.047453,0.285231,38.0885,0.933025,36.8894,38.4355,0.910301,0.93882,False,2.3324,2.3816,2.9113,2.9439,0.07826,0.034907
CHNCXR_0389_1,Shenzhen,1,0,True,DCT,50,241152,12650,19.063399,0.419652,40.0411,0.954369,38.7299,40.4274,0.939147,0.958205,False,2.5245,2.5728,3.1359,3.1674,0.096136,0.052067
CHNCXR_0389_1,Shenzhen,1,0,True,DCT,70,241152,18151,13.28588,0.602143,41.9101,0.967996,40.4256,42.36,0.958126,0.970553,False,2.6786,2.7227,3.2712,3.3144,0.123581,0.0751
CHNCXR_0389_1,Shenzhen,1,0,True,DCT,90,241152,36490,6.608715,1.210523,45.3622,0.98375,43.539,45.9471,0.979033,0.985052,False,2.901,2.9346,3.4609,3.4982,0.203659,0.136292
CHNCXR_0390_1,Shenzhen,1,4,True,DCT,10,250880,4796,52.310259,0.152934,32.2695,0.843441,30.5827,33.3483,0.785529,0.872014,False,1.9153,2.0728,2.3144,2.3271,0.066298,0.023652
CHNCXR_0390_1,Shenzhen,1,4,True,DCT,20,250880,8455,29.672383,0.269611,35.3747,0.909491,33.4151,36.7076,0.87469,0.926842,False,2.2666,2.3589,2.8238,2.8628,0.08514,0.036933
CHNCXR_0390_1,Shenzhen,1,4,True,DCT,30,250880,11514,21.789126,0.367156,37.0284,0.934545,34.9461,38.4861,0.908566,0.947659,False,2.4381,2.5028,3.0301,3.0566,0.09731,0.047697
CHNCXR_0390_1,Shenzhen,1,4,True,DCT,50,250880,16538,15.169912,0.52736,38.8518,0.954789,36.682,40.403,0.936679,0.963884,False,2.6083,2.6701,3.2084,3.2627,0.118313,0.065069
CHNCXR_0390_1,Shenzhen,1,4,True,DCT,70,250880,23112,10.854967,0.73699,40.5608,0.967705,38.3289,42.1808,0.955764,0.973903,False,2.7162,2.7913,3.3339,3.3785,0.146891,0.084219
CHNCXR_0390_1,Shenzhen,1,4,True,DCT,90,250880,44332,5.659118,1.413648,43.8251,0.983164,41.5979,45.4399,0.978065,0.985915,False,2.8827,2.9516,3.5481,3.582,0.24442,0.163758
CHNCXR_0391_1,Shenzhen,1,4,True,DCT,10,223744,3483,64.238875,0.124535,33.1865,0.855088,32.4812,33.3983,0.787091,0.873331,False,1.845,1.917,2.1679,2.187,0.062622,0.019548
CHNCXR_0391_1,Shenzhen,1,4,True,DCT,20,223744,6000,37.290667,0.214531,36.5734,0.917517,35.4777,36.9235,0.874468,0.92853,False,2.2372,2.2821,2.8129,2.8668,0.066087,0.02584
CHNCXR_0391_1,Shenzhen,1,4,True,DCT,30,223744,8029,27.866982,0.287078,38.3826,0.940589,37.0108,38.8415,0.908836,0.948749,False,2.411,2.4548,3.0399,3.0735,0.092183,0.032618
CHNCXR_0391_1,Shenzhen,1,4,True,DCT,50,223744,11563,19.349996,0.413437,40.5822,0.960404,38.8305,41.2075,0.937468,0.96658,False,2.6105,2.6648,3.2589,3.2842,0.08803,0.043246
CHNCXR_0391_1,Shenzhen,1,4,True,DCT,70,223744,16243,13.774795,0.580771,42.6272,0.973264,40.5176,43.4302,0.956856,0.977421,False,2.7421,2.7838,3.3621,3.4096,0.108728,0.065097
CHNCXR_0391_1,Shenzhen,1,4,True,DCT,90,223744,31386,7.128784,1.122211,46.2348,0.986702,43.6245,47.3274,0.978229,0.989183,False,2.9367,2.9963,3.5254,3.565,0.204107,0.110002
CHNCXR_0392_1,Shenzhen,1,4,True,DCT,10,247808,4449,55.699708,0.143627,32.5682,0.838786,31.1633,33.502,0.790955,0.864775,False,1.8909,2.0651,2.2117,2.231,0.066374,0.022033
CHNCXR_0392_1,Shenzhen,1,4,True,DCT,20,247808,8020,30.898753,0.25891,35.5709,0.905904,33.9682,36.684,0.874893,0.922819,False,2.255,2.3522,2.8133,2.8537,0.07841,0.033015
CHNCXR_0392_1,Shenzhen,1,4,True,DCT,30,247808,10888,22.759735,0.351498,37.2095,0.931354,35.4858,38.4405,0.907943,0.94412,False,2.4255,2.5179,3.0116,3.0366,0.09203,0.04294
CHNCXR_0392_1,Shenzhen,1,4,True,DCT,50,247808,15732,15.751843,0.507877,39.0402,0.952214,37.2264,40.3631,0.936251,0.960763,False,2.5899,2.6627,3.2095,3.2607,0.109001,0.058981
CHNCXR_0392_1,Shenzhen,1,4,True,DCT,70,247808,22075,11.22573,0.712649,40.7019,0.965278,38.7753,42.1458,0.954297,0.971411,False,2.7032,2.7792,3.3344,3.3742,0.147886,0.082232
CHNCXR_0392_1,Shenzhen,1,4,True,DCT,90,247808,43069,5.753744,1.390399,43.782,0.981378,41.8189,45.2664,0.976368,0.98424,False,2.8779,2.939,3.5261,3.5612,0.221925,0.151735
CHNCXR_0393_1,Shenzhen,1,3,True,DCT,10,255488,4533,56.361791,0.14194,32.616,0.837562,31.1776,33.4594,0.794762,0.858307,False,1.8689,2.0637,2.1826,2.1961,0.069335,0.022228
CHNCXR_0393_1,Shenzhen,1,3,True,DCT,20,255488,8115,31.483426,0.254102,35.6569,0.90669,34.0926,36.5986,0.880273,0.918933,False,2.234,2.3447,2.7483,2.793,0.081641,0.036079
CHNCXR_0393_1,Shenzhen,1,3,True,DCT,30,255488,11031,23.16091,0.34541,37.3235,0.931278,35.6463,38.3578,0.912252,0.940481,False,2.3837,2.4886,2.9622,2.9848,0.09144,0.044493
CHNCXR_0393_1,Shenzhen,1,3,True,DCT,50,255488,15990,15.977986,0.500689,39.1671,0.951592,37.4375,40.2457,0.939408,0.957786,False,2.5528,2.6714,3.1769,3.2286,0.146423,0.079895
CHNCXR_0393_1,Shenzhen,1,3,True,DCT,70,255488,22571,11.319304,0.706757,40.7605,0.964748,39.0298,41.8402,0.957027,0.968733,False,2.674,2.7545,3.3197,3.3589,0.13621,0.08233
CHNCXR_0393_1,Shenzhen,1,3,True,DCT,90,255488,44225,5.777004,1.384801,43.712,0.980413,41.9719,44.7997,0.977322,0.982131,False,2.8385,2.8894,3.5127,3.5499,0.222814,0.151575
CHNCXR_0394_1,Shenzhen,1,1,True,DCT,10,258560,4840,53.421488,0.149752,32.2746,0.848463,30.3849,33.3227,0.78238,0.87604,False,1.9019,2.0212,2.2742,2.286,0.071981,0.023674
CHNCXR_0394_1,Shenzhen,1,1,True,DCT,20,258560,8663,29.846474,0.268038,35.3426,0.912843,33.1518,36.6387,0.872174,0.929727,False,2.2767,2.3372,2.8244,2.8625,0.08352,0.037777
CHNCXR_0394_1,Shenzhen,1,1,True,DCT,30,258560,11754,21.997618,0.363676,36.9568,0.936955,34.6467,38.3604,0.906301,0.949471,False,2.439,2.5461,3.0126,3.035,0.100571,0.04686
CHNCXR_0394_1,Shenzhen,1,1,True,DCT,50,258560,16945,15.258778,0.524288,38.8326,0.95649,36.3891,40.3634,0.935202,0.965457,False,2.6301,2.7102,3.201,3.2532,0.120883,0.066361
CHNCXR_0394_1,Shenzhen,1,1,True,DCT,70,258560,23505,11.000213,0.727259,40.5246,0.969162,37.9755,42.1617,0.954064,0.975628,False,2.7684,2.8408,3.3279,3.372,0.145991,0.086958
CHNCXR_0394_1,Shenzhen,1,1,True,DCT,90,258560,45017,5.743608,1.392853,43.8562,0.984074,41.2376,45.566,0.977438,0.98705,False,2.9663,3.0366,3.5492,3.5823,0.283463,0.159302
CHNCXR_0395_1,Shenzhen,1,2,True,DCT,10,245248,3618,67.785517,0.118019,32.8694,0.842905,32.0907,33.1966,0.776145,0.869773,False,1.7151,1.863,2.0809,2.1059,0.060192,0.018518
CHNCXR_0395_1,Shenzhen,1,2,True,DCT,20,245248,6554,37.419591,0.213792,36.2174,0.911291,34.9692,36.7876,0.870253,0.927774,False,2.1046,2.2109,2.746,2.8068,0.070701,0.028181
CHNCXR_0395_1,Shenzhen,1,2,True,DCT,30,245248,8921,27.491088,0.291003,38.1285,0.936643,36.5449,38.8993,0.905633,0.948997,False,2.3014,2.3703,2.98,3.0118,0.081998,0.037373
CHNCXR_0395_1,Shenzhen,1,2,True,DCT,50,245248,12930,18.967363,0.421777,40.3436,0.957868,38.3877,41.3687,0.93584,0.96677,False,2.4868,2.5464,3.1961,3.2302,0.121076,0.050885
CHNCXR_0395_1,Shenzhen,1,2,True,DCT,70,245248,18228,13.454466,0.594598,42.2689,0.971265,40.068,43.483,0.955675,0.977578,False,2.6053,2.6745,3.3317,3.3769,0.121286,0.084486
CHNCXR_0395_1,Shenzhen,1,2,True,DCT,90,245248,35749,6.860276,1.166134,45.7565,0.985509,43.2899,47.1987,0.978218,0.988493,False,2.8046,2.8328,3.5225,3.5607,0.182364,0.128324
CHNCXR_0396_1,Shenzhen,1,3,True,DCT,10,237056,4165,56.916206,0.140558,32.54,0.840299,31.1232,33.3755,0.773982,0.872597,False,1.8872,2.0366,2.2125,2.223,0.061276,0.019749
CHNCXR_0396_1,Shenzhen,1,3,True,DCT,20,237056,7499,31.611682,0.253071,35.5055,0.905166,33.8154,36.5615,0.862653,0.925663,False,2.2571,2.3494,2.8137,2.8543,0.089606,0.031646
CHNCXR_0396_1,Shenzhen,1,3,True,DCT,30,237056,10245,23.138702,0.345741,37.0806,0.929567,35.2535,38.2571,0.897916,0.945059,False,2.4443,2.5132,3.0298,3.0501,0.085369,0.042015
CHNCXR_0396_1,Shenzhen,1,3,True,DCT,50,237056,14827,15.98813,0.500371,38.865,0.950968,36.9154,40.1554,0.928127,0.962106,False,2.6216,2.7104,3.2064,3.2535,0.103302,0.057611
CHNCXR_0396_1,Shenzhen,1,3,True,DCT,70,237056,20941,11.320185,0.706702,40.5382,0.964616,38.4594,41.9561,0.948674,0.972517,False,2.7333,2.8273,3.3362,3.3775,0.125667,0.074391
CHNCXR_0396_1,Shenzhen,1,3,True,DCT,90,237056,40968,5.78637,1.382559,43.6677,0.981057,41.514,45.1628,0.973439,0.984917,False,2.9381,3.0143,3.5585,3.5949,0.208626,0.144568
CHNCXR_0397_1,Shenzhen,1,1,True,DCT,10,238592,4149,57.505905,0.139116,32.8415,0.850484,30.9304,33.6123,0.791723,0.869088,False,1.8723,2.0347,2.1794,2.1941,0.057651,0.018622
CHNCXR_0397_1,Shenzhen,1,1,True,DCT,20,238592,7326,32.567841,0.245641,36.084,0.915622,33.9284,36.994,0.882019,0.92655,False,2.2369,2.3292,2.7512,2.807,0.072295,0.030175
CHNCXR_0397_1,Shenzhen,1,1,True,DCT,30,238592,9913,24.068597,0.332383,37.752,0.938556,35.4511,38.751,0.913725,0.94661,False,2.4175,2.5124,2.9804,3.006,0.102959,0.038558
CHNCXR_0397_1,Shenzhen,1,1,True,DCT,50,238592,14264,16.726865,0.478273,39.6409,0.957599,37.2451,40.7008,0.940418,0.963193,False,2.6005,2.6886,3.1952,3.2377,0.099101,0.052918
CHNCXR_0397_1,Shenzhen,1,1,True,DCT,70,238592,19887,11.997385,0.666812,41.3212,0.969319,38.9062,42.3937,0.958829,0.972883,False,2.722,2.8072,3.3218,3.3629,0.147187,0.072415
CHNCXR_0397_1,Shenzhen,1,1,True,DCT,90,238592,38929,6.128901,1.305291,44.3683,0.983317,41.9883,45.4178,0.979071,0.984907,False,2.9129,2.995,3.5281,3.5661,0.19971,0.137073
CHNCXR_0398_1,Shenzhen,1,4,True,DCT,10,215552,3499,61.603887,0.129862,32.827,0.846042,32.3029,32.9856,0.792246,0.863125,False,1.7944,1.9298,2.2107,2.2252,0.051374,0.015383
CHNCXR_0398_1,Shenzhen,1,4,True,DCT,20,215552,6272,34.367347,0.232779,36.146,0.911781,35.3254,36.4062,0.879881,0.922139,False,2.1674,2.2529,2.8402,2.9137,0.062428,0.025274
CHNCXR_0398_1,Shenzhen,1,4,True,DCT,30,215552,8448,25.515152,0.313539,38.1379,0.938651,37.0129,38.5127,0.91439,0.94655,False,2.3468,2.4004,3.0669,3.096,0.072233,0.033379
CHNCXR_0398_1,Shenzhen,1,4,True,DCT,50,215552,12106,17.805386,0.449302,40.3747,0.959886,38.9604,40.8693,0.943135,0.96532,False,2.5185,2.566,3.269,3.3004,0.088046,0.048199
CHNCXR_0398_1,Shenzhen,1,4,True,DCT,70,215552,16956,12.712432,0.629305,42.3586,0.972726,40.7314,42.9489,0.961085,0.9765,False,2.6381,2.6996,3.369,3.4151,0.110751,0.06593
CHNCXR_0398_1,Shenzhen,1,4,True,DCT,90,215552,32522,6.627883,1.207022,46.0096,0.986698,44.0147,46.7824,0.981153,0.988532,False,2.8168,2.8853,3.5375,3.5732,0.170931,0.116447
CHNCXR_0399_1,Shenzhen,1,4,True,DCT,10,240640,4270,56.355972,0.141955,32.5655,0.835947,30.9656,33.1821,0.785162,0.852597,False,1.8992,2.0877,2.1725,2.1849,0.06103,0.020109
CHNCXR_0399_1,Shenzhen,1,4,True,DCT,20,240640,7619,31.584197,0.253291,35.7106,0.907972,33.7455,36.52,0.87409,0.919393,False,2.2612,2.366,2.7353,2.7803,0.077915,0.032008
CHNCXR_0399_1,Shenzhen,1,4,True,DCT,30,240640,10451,23.025548,0.34744,37.3051,0.932781,35.2213,38.1828,0.906925,0.941567,False,2.416,2.5352,2.9725,2.9944,0.088987,0.042193
CHNCXR_0399_1,Shenzhen,1,4,True,DCT,50,240640,15181,15.851393,0.504687,39.1535,0.954008,36.9136,40.1255,0.935418,0.96019,False,2.5936,2.7068,3.1593,3.2132,0.107807,0.055706
CHNCXR_0399_1,Shenzhen,1,4,True,DCT,70,240640,21265,11.316247,0.706948,40.8449,0.967223,38.487,41.8921,0.954153,0.971633,False,2.718,2.8093,3.2862,3.3287,0.129049,0.077247
CHNCXR_0399_1,Shenzhen,1,4,True,DCT,90,240640,41317,5.824237,1.37357,43.9571,0.982807,41.5049,45.0669,0.976688,0.984952,False,2.8983,2.9711,3.5026,3.5362,0.211209,0.147052
CHNCXR_0400_1,Shenzhen,1,4,True,DCT,10,258560,4011,64.462727,0.124103,33.0555,0.842143,32.011,33.5588,0.78731,0.866215,False,1.8171,1.9285,2.0899,2.1128,0.066487,0.020938
CHNCXR_0400_1,Shenzhen,1,4,True,DCT,20,258560,7210,35.861304,0.223082,36.4058,0.91061,35.0688,37.0867,0.879615,0.92435,False,2.2167,2.2673,2.7341,2.8096,0.07659,0.031395
CHNCXR_0400_1,Shenzhen,1,4,True,DCT,30,258560,9724,26.589881,0.300866,38.16,0.936355,36.684,38.9323,0.912599,0.946875,False,2.398,2.4409,2.9557,2.9857,0.091777,0.041058
CHNCXR_0400_1,Shenzhen,1,4,True,DCT,50,258560,14089,18.351906,0.435922,40.3122,0.957495,38.6,41.2517,0.941472,0.964726,False,2.5851,2.637,3.1815,3.2156,0.108407,0.054876
CHNCXR_0400_1,Shenzhen,1,4,True,DCT,70,258560,19900,12.992965,0.615718,42.1818,0.970898,40.3363,43.2228,0.959861,0.975885,False,2.7082,2.739,3.3181,3.3591,0.14886,0.076999
CHNCXR_0400_1,Shenzhen,1,4,True,DCT,90,258560,38931,6.641494,1.204548,45.6849,0.985576,43.5258,46.9879,0.980185,0.988064,False,2.9165,2.9636,3.5063,3.5443,0.20858,0.140032
CHNCXR_0401_1,Shenzhen,1,0,True,DCT,10,218624,3847,56.829737,0.140771,32.8751,0.85115,30.7459,33.6443,0.794926,0.866769,False,1.8848,2.0822,2.1794,2.1882,0.05455,0.01669
CHNCXR_0401_1,Shenzhen,1,0,True,DCT,20,218624,6700,32.630448,0.24517,35.9802,0.915146,33.6491,36.8539,0.881773,0.924602,False,2.2468,2.2749,2.7197,2.7766,0.065195,0.027015
CHNCXR_0401_1,Shenzhen,1,0,True,DCT,30,218624,9199,23.766062,0.336614,37.6693,0.938604,35.1952,38.6218,0.914744,0.945572,False,2.4347,2.5153,2.9941,3.0198,0.077568,0.036302
CHNCXR_0401_1,Shenzhen,1,0,True,DCT,50,218624,13128,16.65326,0.480386,39.5717,0.958158,36.987,40.5878,0.941474,0.962931,False,2.5885,2.6861,3.1853,3.2277,0.092408,0.049296
CHNCXR_0401_1,Shenzhen,1,0,True,DCT,70,218624,18378,11.895963,0.672497,41.2874,0.969982,38.6305,42.3466,0.959176,0.973175,False,2.7034,2.7378,3.3099,3.3511,0.113187,0.065724
CHNCXR_0401_1,Shenzhen,1,0,True,DCT,90,218624,35844,6.099319,1.311622,44.456,0.984175,41.7991,45.5151,0.979634,0.985638,False,2.8997,2.9525,3.5483,3.5862,0.180976,0.123742
CHNCXR_0402_1,Shenzhen,1,3,True,DCT,10,231936,4290,54.064336,0.147972,32.4378,0.845745,30.1344,33.4605,0.779491,0.867366,False,1.8844,2.0647,2.2523,2.2683,0.06009,0.01978
CHNCXR_0402_1,Shenzhen,1,3,True,DCT,20,231936,7556,30.695606,0.260624,35.6142,0.914318,33.0378,36.8225,0.87565,0.927279,False,2.2518,2.3671,2.7805,2.8228,0.072797,0.031369
CHNCXR_0402_1,Shenzhen,1,3,True,DCT,30,231936,10249,22.63011,0.353511,37.2362,0.937575,34.5528,38.5229,0.908621,0.947275,False,2.4383,2.5318,3.0071,3.0349,0.106295,0.042046
CHNCXR_0402_1,Shenzhen,1,3,True,DCT,50,231936,14664,15.816694,0.505795,39.1107,0.957152,36.2976,40.4971,0.937305,0.963777,False,2.5952,2.7157,3.2048,3.2554,0.107814,0.056555
CHNCXR_0402_1,Shenzhen,1,3,True,DCT,70,231936,20420,11.358276,0.704332,40.8009,0.969351,37.9261,42.2367,0.956207,0.973858,False,2.724,2.8358,3.3407,3.379,0.131675,0.081213
CHNCXR_0402_1,Shenzhen,1,3,True,DCT,90,231936,39289,5.903332,1.355167,44.0082,0.983823,41.1945,45.3951,0.978475,0.985742,False,2.9346,2.9723,3.5473,3.5854,0.205376,0.145587
CHNCXR_0403_1,Shenzhen,1,0,True,DCT,10,247296,4696,52.660988,0.151915,32.2999,0.840417,30.4682,33.3488,0.791312,0.862205,False,1.8927,2.0996,2.2597,2.2729,0.065809,0.023352
CHNCXR_0403_1,Shenzhen,1,0,True,DCT,20,247296,8360,29.580861,0.270445,35.3636,0.909128,33.37,36.5455,0.880027,0.922039,False,2.2469,2.3635,2.8067,2.8403,0.082798,0.036145
CHNCXR_0403_1,Shenzhen,1,0,True,DCT,30,247296,11373,21.744131,0.367915,37.0974,0.934333,34.8686,38.4896,0.912254,0.944334,False,2.4201,2.5369,3.0192,3.0443,0.112965,0.047174
CHNCXR_0403_1,Shenzhen,1,0,True,DCT,50,247296,16326,15.147372,0.528144,38.9393,0.95493,36.6557,40.3838,0.93983,0.961703,False,2.5811,2.6806,3.1882,3.2407,0.118869,0.064827
CHNCXR_0403_1,Shenzhen,1,0,True,DCT,70,247296,22713,10.887862,0.734763,40.6605,0.96794,38.3067,42.1739,0.958062,0.972483,False,2.6956,2.7851,3.3079,3.349,0.146303,0.084167
CHNCXR_0403_1,Shenzhen,1,0,True,DCT,90,247296,43652,5.66517,1.412138,43.8982,0.983253,41.5696,45.3865,0.979342,0.985219,False,2.8718,2.9296,3.5256,3.5577,0.258496,0.158074
CHNCXR_0404_1,Shenzhen,1,1,True,DCT,10,220160,3673,59.940103,0.133467,32.5788,0.841832,31.8691,32.9016,0.778358,0.869471,False,1.8069,1.9329,2.2753,2.282,0.055252,0.016677
CHNCXR_0404_1,Shenzhen,1,1,True,DCT,20,220160,6542,33.653317,0.237718,36.013,0.909831,34.7633,36.6407,0.870717,0.927517,False,2.1866,2.2558,2.8795,2.9353,0.065386,0.027382
CHNCXR_0404_1,Shenzhen,1,1,True,DCT,30,220160,8880,24.792793,0.322674,37.7496,0.936515,36.3461,38.4757,0.906581,0.949883,False,2.3536,2.3872,3.0849,3.1112,0.076651,0.035777
CHNCXR_0404_1,Shenzhen,1,1,True,DCT,50,220160,12692,17.34636,0.461192,40.0878,0.958637,38.2031,41.163,0.937319,0.968206,False,2.5467,2.603,3.2452,3.2815,0.093222,0.048372
CHNCXR_0404_1,Shenzhen,1,1,True,DCT,70,220160,17719,12.42508,0.643859,42.0181,0.97189,39.9172,43.2738,0.956963,0.978592,False,2.6637,2.715,3.3589,3.4056,0.11575,0.073076
CHNCXR_0404_1,Shenzhen,1,1,True,DCT,90,220160,33692,6.534489,1.224273,45.6298,0.986268,43.1423,47.2541,0.978808,0.989615,False,2.8306,2.8869,3.5641,3.5972,0.177603,0.122428
CHNCXR_0405_1,Shenzhen,1,4,True,DCT,10,251904,3854,65.361702,0.122396,32.9608,0.852259,32.2384,33.2299,0.784159,0.876259,False,1.7734,1.874,2.1776,2.1972,0.062069,0.019773
CHNCXR_0405_1,Shenzhen,1,4,True,DCT,20,251904,6784,37.132075,0.215447,36.6987,0.918465,35.2276,37.3228,0.875478,0.934045,False,2.1628,2.2369,2.7761,2.8362,0.075684,0.030116
CHNCXR_0405_1,Shenzhen,1,4,True,DCT,30,251904,9126,27.602893,0.289825,38.3412,0.941654,36.8284,38.988,0.910138,0.952946,False,2.3608,2.4226,2.9919,3.0295,0.107097,0.03821
CHNCXR_0405_1,Shenzhen,1,4,True,DCT,50,251904,13013,19.357873,0.413269,40.725,0.961792,38.6348,41.7227,0.938216,0.970276,False,2.5441,2.5988,3.228,3.2558,0.103244,0.052815
CHNCXR_0405_1,Shenzhen,1,4,True,DCT,70,251904,18251,13.802203,0.579618,42.81,0.974394,40.3689,44.0621,0.957594,0.980526,False,2.6651,2.6998,3.3584,3.4057,0.137075,0.068279
CHNCXR_0405_1,Shenzhen,1,4,True,DCT,90,251904,35239,7.148443,1.119125,46.3248,0.987177,43.4882,47.9112,0.978701,0.990273,False,2.8795,2.9239,3.5609,3.5967,0.186677,0.12657
CHNCXR_0406_1,Shenzhen,1,3,True,DCT,10,228864,4168,54.909789,0.145694,32.5186,0.849052,30.7975,33.3755,0.795402,0.870209,False,1.919,2.0608,2.2507,2.2605,0.085127,0.026707
CHNCXR_0406_1,Shenzhen,1,3,True,DCT,20,228864,7318,31.274119,0.255803,35.6582,0.913418,33.5966,36.7579,0.88009,0.926806,False,2.2846,2.3616,2.8034,2.8445,0.074778,0.03044
CHNCXR_0406_1,Shenzhen,1,3,True,DCT,30,228864,10018,22.845278,0.350182,37.2752,0.936606,35.0933,38.469,0.912056,0.946532,False,2.4576,2.5312,3.0432,3.064,0.084705,0.039207
CHNCXR_0406_1,Shenzhen,1,3,True,DCT,50,228864,14380,15.915438,0.502657,39.1778,0.9566,36.8654,40.4789,0.939546,0.96343,False,2.6418,2.7299,3.2174,3.2656,0.10236,0.05518
CHNCXR_0406_1,Shenzhen,1,3,True,DCT,70,228864,20070,11.403288,0.701552,40.8867,0.968829,38.5076,42.2451,0.957877,0.973367,False,2.7677,2.861,3.3407,3.3825,0.148819,0.069698
CHNCXR_0406_1,Shenzhen,1,3,True,DCT,90,228864,38868,5.888237,1.358641,44.0697,0.983432,41.6656,45.4501,0.97907,0.985356,False,2.9584,3.0075,3.5423,3.5783,0.194381,0.139013
CHNCXR_0407_1,Shenzhen,1,0,True,DCT,10,260608,4516,57.707706,0.13863,32.9249,0.860747,30.8401,33.8108,0.794034,0.882111,False,1.8485,1.9924,2.2182,2.2274,0.083943,0.022761
CHNCXR_0407_1,Shenzhen,1,0,True,DCT,20,260608,8007,32.547521,0.245794,36.0256,0.921017,33.8103,36.9908,0.882015,0.933158,False,2.2256,2.3276,2.7924,2.84,0.079827,0.034045
CHNCXR_0407_1,Shenzhen,1,0,True,DCT,30,260608,10786,24.161691,0.331103,37.7545,0.94261,35.4058,38.805,0.914231,0.951664,False,2.4203,2.5032,2.9949,3.0143,0.091817,0.043771
CHNCXR_0407_1,Shenzhen,1,0,True,DCT,50,260608,15343,16.985466,0.470991,39.6847,0.960878,37.1965,40.8291,0.941501,0.966968,False,2.617,2.7319,3.1895,3.2315,0.109601,0.059079
CHNCXR_0407_1,Shenzhen,1,0,True,DCT,70,260608,21369,12.19561,0.655974,41.3505,0.971673,38.8404,42.51,0.958956,0.975863,False,2.7454,2.8669,3.3314,3.3754,0.133896,0.077889
CHNCXR_0407_1,Shenzhen,1,0,True,DCT,90,260608,41343,6.303558,1.269125,44.5525,0.984826,41.978,45.7575,0.979167,0.986804,False,2.9861,3.0183,3.5281,3.5658,0.212069,0.142325
CHNCXR_0408_1,Shenzhen,1,1,True,DCT,10,259584,4820,53.855602,0.148545,32.3102,0.843253,30.5183,33.4927,0.791381,0.86876,False,1.8903,2.0686,2.2588,2.2678,0.068315,0.024519
CHNCXR_0408_1,Shenzhen,1,1,True,DCT,20,259584,8654,29.99584,0.266704,35.4287,0.911568,33.3881,36.8551,0.881734,0.926132,False,2.2538,2.3508,2.8041,2.8383,0.083651,0.041343
CHNCXR_0408_1,Shenzhen,1,1,True,DCT,30,259584,11754,22.084737,0.362241,37.08,0.936046,34.9423,38.6093,0.914318,0.946756,False,2.435,2.5249,3.0128,3.0375,0.094321,0.048688
CHNCXR_0408_1,Shenzhen,1,1,True,DCT,50,259584,16861,15.395528,0.519631,39.0236,0.955887,36.7324,40.726,0.941305,0.96329,False,2.6022,2.7024,3.1883,3.2435,0.113968,0.064602
CHNCXR_0408_1,Shenzhen,1,1,True,DCT,70,259584,23442,11.073458,0.722448,40.6969,0.968634,38.4016,42.4041,0.959373,0.973515,False,2.7242,2.8066,3.3241,3.3649,0.167921,0.086618
CHNCXR_0408_1,Shenzhen,1,1,True,DCT,90,259584,45192,5.744025,1.392751,43.9001,0.983492,41.613,45.5978,0.979946,0.985518,False,2.9146,2.9861,3.5399,3.5765,0.224934,0.15801
CHNCXR_0409_1,Shenzhen,1,4,True,DCT,10,246272,3815,64.553604,0.123928,32.945,0.845925,32.2659,33.2511,0.787082,0.871405,False,1.8497,1.9298,2.1175,2.1443,0.06025,0.01817
CHNCXR_0409_1,Shenzhen,1,4,True,DCT,20,246272,6793,36.253791,0.220667,36.3685,0.914189,35.2967,36.887,0.878054,0.929581,False,2.2328,2.281,2.7583,2.8219,0.071318,0.026576
CHNCXR_0409_1,Shenzhen,1,4,True,DCT,30,246272,9216,26.722222,0.299376,38.2195,0.939172,36.9127,38.8802,0.912107,0.950652,False,2.4205,2.4675,2.9935,3.0247,0.081166,0.035785
CHNCXR_0409_1,Shenzhen,1,4,True,DCT,50,246272,13310,18.50278,0.432367,40.3589,0.959696,38.8209,41.1725,0.94099,0.967664,False,2.6207,2.6775,3.2022,3.2344,0.094606,0.053698
CHNCXR_0409_1,Shenzhen,1,4,True,DCT,70,246272,18762,13.126106,0.609472,42.3259,0.972575,40.5499,43.3119,0.959724,0.978072,False,2.7398,2.793,3.3196,3.3652,0.137324,0.068999
CHNCXR_0409_1,Shenzhen,1,4,True,DCT,90,246272,36310,6.782484,1.179509,45.9704,0.986604,43.7868,47.2936,0.980227,0.989389,False,2.9547,3.0036,3.508,3.5424,0.187447,0.126846
CHNCXR_0410_1,Shenzhen,1,3,True,DCT,10,247808,3973,62.373018,0.128261,32.8248,0.843103,31.8964,33.241,0.793677,0.861068,False,1.7844,1.8876,2.2097,2.2287,0.062212,0.018893
CHNCXR_0410_1,Shenzhen,1,3,True,DCT,20,247808,7129,34.760555,0.230146,36.1059,0.912929,34.944,36.6492,0.883219,0.92337,False,2.1748,2.2336,2.8027,2.8694,0.0742,0.028651
CHNCXR_0410_1,Shenzhen,1,3,True,DCT,30,247808,9753,25.408387,0.314857,38.0912,0.938688,36.6224,38.819,0.91656,0.946563,False,2.3472,2.4165,3.0151,3.044,0.084115,0.039935
CHNCXR_0410_1,Shenzhen,1,3,True,DCT,50,247808,13983,17.722091,0.451414,40.253,0.959788,38.5614,41.1286,0.944354,0.965142,False,2.5495,2.6027,3.1887,3.2294,0.103521,0.055634
CHNCXR_0410_1,Shenzhen,1,3,True,DCT,70,247808,19611,12.636174,0.633103,42.1644,0.972483,40.3698,43.1128,0.962367,0.976048,False,2.6791,2.7231,3.3069,3.3512,0.12625,0.070988
CHNCXR_0410_1,Shenzhen,1,3,True,DCT,90,247808,37681,6.576471,1.216458,45.7341,0.986382,43.5801,46.9615,0.98143,0.988382,False,2.8855,2.9534,3.5057,3.5363,0.212659,0.136585
CHNCXR_0411_1,Shenzhen,1,3,True,DCT,10,257536,4335,59.408535,0.134661,32.906,0.852428,30.8511,33.7063,0.794233,0.870221,False,1.8489,1.9251,2.1693,2.1816,0.065307,0.022197
CHNCXR_0411_1,Shenzhen,1,3,True,DCT,20,257536,7708,33.41152,0.239438,36.095,0.917278,33.6486,37.1209,0.877798,0.928991,False,2.2313,2.3341,2.7343,2.7883,0.075419,0.031795
CHNCXR_0411_1,Shenzhen,1,3,True,DCT,30,257536,10365,24.846696,0.321974,37.7008,0.939087,35.1735,38.7776,0.910812,0.947563,False,2.4231,2.5074,2.9821,3.0064,0.089671,0.039776
CHNCXR_0411_1,Shenzhen,1,3,True,DCT,50,257536,14889,17.297065,0.462506,39.5774,0.957355,36.891,40.7586,0.937934,0.963186,False,2.5849,2.7158,3.1896,3.2285,0.105154,0.057339
CHNCXR_0411_1,Shenzhen,1,3,True,DCT,70,257536,20874,12.337645,0.648422,41.2578,0.969505,38.4843,42.4991,0.956283,0.97368,False,2.7238,2.7656,3.3285,3.3674,0.134842,0.080709
CHNCXR_0411_1,Shenzhen,1,3,True,DCT,90,257536,40843,6.305511,1.268731,44.3479,0.983491,41.5483,45.6076,0.977654,0.985453,False,2.937,2.9878,3.5508,3.5883,0.21594,0.150247
CHNCXR_0412_1,Shenzhen,1,1,True,DCT,10,257536,4128,62.387597,0.128231,33.0939,0.859216,30.6804,33.8796,0.790938,0.87569,False,1.7961,1.9244,2.1227,2.1347,0.06313,0.020475
CHNCXR_0412_1,Shenzhen,1,1,True,DCT,20,257536,7311,35.225824,0.227106,36.2779,0.919361,33.5488,37.2186,0.878303,0.928932,False,2.1909,2.2944,2.7088,2.7745,0.074188,0.030008
CHNCXR_0412_1,Shenzhen,1,1,True,DCT,30,257536,9962,25.851837,0.309456,37.8723,0.940078,35.0876,38.8421,0.912112,0.946781,False,2.3794,2.4722,2.9602,2.9862,0.102944,0.040445
CHNCXR_0412_1,Shenzhen,1,1,True,DCT,50,257536,14333,17.968046,0.445235,39.8185,0.95885,36.8975,40.8621,0.940136,0.963351,False,2.5759,2.6977,3.1694,3.208,0.111554,0.057987
CHNCXR_0412_1,Shenzhen,1,1,True,DCT,70,257536,20147,12.782846,0.625839,41.495,0.970337,38.5107,42.5741,0.958052,0.973461,False,2.7218,2.8343,3.3092,3.3505,0.133156,0.078378
CHNCXR_0412_1,Shenzhen,1,1,True,DCT,90,257536,39554,6.510998,1.22869,44.6175,0.983924,41.6254,45.7011,0.978792,0.98537,False,2.9609,3.0042,3.5097,3.5471,0.207969,0.143785
CHNCXR_0413_1,Shenzhen,1,0,True,DCT,10,218624,3316,65.930036,0.121341,33.4465,0.856248,32.5785,33.7652,0.797713,0.875846,False,1.8381,1.8996,2.0908,2.1127,0.050371,0.01466
CHNCXR_0413_1,Shenzhen,1,0,True,DCT,20,218624,5854,37.346088,0.214213,36.9091,0.920815,35.6396,37.4084,0.885601,0.933163,False,2.2328,2.2734,2.736,2.7949,0.061407,0.032369
CHNCXR_0413_1,Shenzhen,1,0,True,DCT,30,218624,7899,27.677428,0.289044,38.689,0.944088,37.3155,39.2391,0.91739,0.953515,False,2.415,2.4447,2.9894,3.0223,0.069189,0.030471
CHNCXR_0413_1,Shenzhen,1,0,True,DCT,50,218624,11296,19.354108,0.413349,41.0376,0.964507,39.3148,41.7728,0.945592,0.971081,False,2.6282,2.678,3.1947,3.2219,0.084576,0.045675
CHNCXR_0413_1,Shenzhen,1,0,True,DCT,70,218624,15804,13.83346,0.578308,43.047,0.976113,41.1095,43.9081,0.963391,0.980375,False,2.7719,2.8275,3.3283,3.3753,0.111139,0.060559
CHNCXR_0413_1,Shenzhen,1,0,True,DCT,90,218624,30205,7.238007,1.105277,46.8033,0.988833,44.4039,47.9718,0.982307,0.991164,False,2.9969,3.0503,3.5024,3.5382,0.160005,0.106393
CHNCXR_0414_1,Shenzhen,1,4,True,DCT,10,247808,3986,62.169594,0.12868,32.7523,0.84748,31.612,33.1745,0.783707,0.869927,False,1.7907,1.8786,2.2554,2.2702,0.063031,0.020123
CHNCXR_0414_1,Shenzhen,1,4,True,DCT,20,247808,7086,34.971493,0.228758,36.2332,0.914462,34.6273,36.8783,0.878098,0.92744,False,2.1864,2.2344,2.8801,2.9505,0.076034,0.030922
CHNCXR_0414_1,Shenzhen,1,4,True,DCT,30,247808,9535,25.989303,0.307819,38.1896,0.940154,36.3075,38.9851,0.91415,0.949482,False,2.3946,2.4342,3.0783,3.1064,0.087006,0.039175
CHNCXR_0414_1,Shenzhen,1,4,True,DCT,50,247808,13626,18.186408,0.439889,40.359,0.960333,38.162,41.3453,0.941823,0.966988,False,2.5799,2.6263,3.2582,3.2913,0.103602,0.054681
CHNCXR_0414_1,Shenzhen,1,4,True,DCT,70,247808,18976,13.059022,0.612603,42.3576,0.973472,39.9233,43.5033,0.96068,0.97792,False,2.7072,2.7482,3.3434,3.3919,0.123771,0.071639
CHNCXR_0414_1,Shenzhen,1,4,True,DCT,90,247808,36262,6.833821,1.170648,45.9711,0.986918,43.1929,47.3763,0.980971,0.989105,False,2.9166,2.9618,3.5264,3.5594,0.184628,0.125332
CHNCXR_0415_1,Shenzhen,1,3,True,DCT,10,220672,3455,63.870333,0.125254,32.927,0.844461,32.2256,33.2775,0.782638,0.873336,False,1.8195,1.9094,2.1671,2.1813,0.073753,0.017351
CHNCXR_0415_1,Shenzhen,1,3,True,DCT,20,220672,6204,35.56931,0.224913,36.3735,0.913765,35.227,36.9966,0.876789,0.931076,False,2.2049,2.2509,2.7891,2.8611,0.067776,0.026426
CHNCXR_0415_1,Shenzhen,1,3,True,DCT,30,220672,8395,26.286123,0.304343,38.1213,0.938996,36.8672,38.8174,0.91142,0.952173,False,2.362,2.4274,3.0309,3.0566,0.071713,0.033142
CHNCXR_0415_1,Shenzhen,1,3,True,DCT,50,220672,12119,18.208763,0.439349,40.5217,0.961263,38.817,41.5601,0.941348,0.970781,False,2.5646,2.6059,3.2284,3.2644,0.085576,0.045602
CHNCXR_0415_1,Shenzhen,1,3,True,DCT,70,220672,16958,13.012855,0.614777,42.5327,0.974162,40.592,43.7776,0.960098,0.98085,False,2.7017,2.7387,3.3404,3.3855,0.107626,0.061491
CHNCXR_0415_1,Shenzhen,1,3,True,DCT,90,220672,32207,6.851678,1.167597,46.3116,0.987863,43.9612,47.9714,0.981045,0.991147,False,2.8949,2.9468,3.5314,3.5645,0.164988,0.111003
CHNCXR_0416_1,Shenzhen,1,1,True,DCT,10,229888,3607,63.733851,0.125522,33.0296,0.849667,32.782,33.1082,0.793401,0.867905,False,1.8249,1.8909,2.2061,2.2276,0.053457,0.016393
CHNCXR_0416_1,Shenzhen,1,1,True,DCT,20,229888,6348,36.214241,0.220908,36.3674,0.913331,35.6496,36.6126,0.878958,0.92404,False,2.2213,2.2717,2.828,2.8883,0.091982,0.024506
CHNCXR_0416_1,Shenzhen,1,1,True,DCT,30,229888,8591,26.759167,0.298963,38.2148,0.938779,37.2626,38.5529,0.912119,0.946876,False,2.3833,2.4263,3.0592,3.0943,0.074086,0.034028
CHNCXR_0416_1,Shenzhen,1,1,True,DCT,50,229888,12303,18.685524,0.428139,40.4276,0.959988,39.2614,40.8568,0.942116,0.965559,False,2.5847,2.6184,3.2082,3.2417,0.088929,0.045894
CHNCXR_0416_1,Shenzhen,1,1,True,DCT,70,229888,17252,13.325296,0.600362,42.4943,0.973231,40.9846,43.0841,0.960009,0.977412,False,2.709,2.7429,3.3299,3.3818,0.109581,0.061973
CHNCXR_0416_1,Shenzhen,1,1,True,DCT,90,229888,33246,6.914757,1.156946,46.1652,0.986901,44.1722,47.0159,0.98025,0.98912,False,2.8933,2.9224,3.5178,3.5521,0.171668,0.117324
CHNCXR_0417_1,Shenzhen,1,0,True,DCT,10,243712,3961,61.527897,0.130022,32.836,0.844817,32.1578,33.1408,0.784294,0.869115,False,1.8292,1.9375,2.2009,2.2108,0.058836,0.018536
CHNCXR_0417_1,Shenzhen,1,0,True,DCT,20,243712,7097,34.340144,0.232963,36.1818,0.914445,35.044,36.7375,0.874691,0.929889,False,2.2093,2.2648,2.8385,2.9001,0.069232,0.029414
CHNCXR_0417_1,Shenzhen,1,0,True,DCT,30,243712,9528,25.578505,0.312763,38.1046,0.939384,36.6382,38.8675,0.908554,0.951371,False,2.3832,2.4359,3.0529,3.0771,0.082163,0.037259
CHNCXR_0417_1,Shenzhen,1,0,True,DCT,50,243712,13653,17.850436,0.448168,40.1278,0.95904,38.4422,41.0439,0.937571,0.967413,False,2.5577,2.6089,3.2301,3.2655,0.102004,0.05045
CHNCXR_0417_1,Shenzhen,1,0,True,DCT,70,243712,19195,12.69664,0.630088,42.1119,0.972004,40.1014,43.2815,0.956546,0.978255,False,2.6939,2.7279,3.3569,3.3987,0.142412,0.070515
CHNCXR_0417_1,Shenzhen,1,0,True,DCT,90,243712,37105,6.568171,1.217995,45.6218,0.986192,43.2582,47.1095,0.978435,0.98946,False,2.8806,2.9417,3.5473,3.5843,0.193678,0.129459
CHNCXR_0418_1,Shenzhen,1,0,True,DCT,10,242176,3524,68.721907,0.116411,33.1836,0.841409,32.0154,33.7255,0.775751,0.869107,False,1.7468,1.8534,2.0097,2.0368,0.061088,0.018884
CHNCXR_0418_1,Shenzhen,1,0,True,DCT,20,242176,6353,38.119943,0.209864,36.5087,0.91196,35.0496,37.2234,0.87336,0.927966,False,2.1452,2.2104,2.661,2.7193,0.070828,0.027408
CHNCXR_0418_1,Shenzhen,1,0,True,DCT,30,242176,8708,27.810749,0.287659,38.2295,0.937234,36.6017,39.0534,0.907703,0.949584,False,2.3668,2.4062,2.9092,2.9402,0.077705,0.034833
CHNCXR_0418_1,Shenzhen,1,0,True,DCT,50,242176,12762,18.976336,0.421578,40.4217,0.95873,38.496,41.4567,0.937941,0.967453,False,2.5566,2.6021,3.1386,3.174,0.112352,0.047983
CHNCXR_0418_1,Shenzhen,1,0,True,DCT,70,242176,18035,13.428112,0.595765,42.3998,0.971237,40.2357,43.6231,0.957571,0.976956,False,2.6814,2.7328,3.2805,3.327,0.116662,0.067006
CHNCXR_0418_1,Shenzhen,1,0,True,DCT,90,242176,35329,6.854878,1.167052,45.8466,0.985918,43.4579,47.2652,0.979214,0.988787,False,2.9162,2.9568,3.515,3.5505,0.186626,0.122616
CHNCXR_0419_1,Shenzhen,1,0,True,DCT,10,219648,3374,65.100178,0.122888,33.1359,0.854156,32.0927,33.4537,0.785894,0.870736,False,1.755,1.84,2.186,2.2079,0.053197,0.01633
CHNCXR_0419_1,Shenzhen,1,0,True,DCT,20,219648,5973,36.773481,0.217548,36.4501,0.917161,34.9164,36.9566,0.874664,0.927121,False,2.1529,2.2228,2.7914,2.8539,0.061419,0.024025
CHNCXR_0419_1,Shenzhen,1,0,True,DCT,30,219648,8096,27.130435,0.294872,38.3343,0.942124,36.5648,38.9427,0.910267,0.949697,False,2.3605,2.4115,3.0143,3.0476,0.074122,0.033922
CHNCXR_0419_1,Shenzhen,1,0,True,DCT,50,219648,11630,18.886328,0.423587,40.5067,0.96189,38.4277,41.2617,0.939524,0.967378,False,2.5494,2.592,3.2078,3.2384,0.102933,0.042433
CHNCXR_0419_1,Shenzhen,1,0,True,DCT,70,219648,16284,13.488578,0.593094,42.4869,0.973603,40.1546,43.374,0.958412,0.977215,False,2.682,2.7405,3.3324,3.3741,0.103585,0.058219
CHNCXR_0419_1,Shenzhen,1,0,True,DCT,90,219648,31606,6.949567,1.151151,46.1257,0.98721,43.343,47.2797,0.97955,0.98922,False,2.8953,2.9502,3.5147,3.5526,0.169678,0.109036
CHNCXR_0420_1,Shenzhen,1,4,True,DCT,10,248320,3744,66.324786,0.120619,33.0618,0.847159,32.4544,33.3277,0.7869,0.872819,False,1.7866,1.8876,2.1186,2.139,0.059319,0.017882
CHNCXR_0420_1,Shenzhen,1,4,True,DCT,20,248320,6631,37.448349,0.213628,36.3984,0.911646,35.3239,36.9097,0.873762,0.927935,False,2.1765,2.2451,2.739,2.7983,0.069782,0.028797
CHNCXR_0420_1,Shenzhen,1,4,True,DCT,30,248320,9014,27.548258,0.290399,38.2096,0.936864,36.8535,38.8899,0.907516,0.949528,False,2.3659,2.4411,2.9784,3.0142,0.079642,0.0336
CHNCXR_0420_1,Shenzhen,1,4,True,DCT,50,248320,13098,18.95862,0.421972,40.4478,0.95811,38.7659,41.3476,0.937795,0.966863,False,2.5496,2.6206,3.1836,3.2172,0.09777,0.049052
CHNCXR_0420_1,Shenzhen,1,4,True,DCT,70,248320,18462,13.45033,0.594781,42.3527,0.971154,40.5071,43.3737,0.957298,0.977121,False,2.6824,2.7336,3.3035,3.3512,0.137704,0.067932
CHNCXR_0420_1,Shenzhen,1,4,True,DCT,90,248320,36270,6.84643,1.168492,45.8592,0.985648,43.6643,47.1679,0.978804,0.988619,False,2.885,2.9357,3.506,3.5414,0.193063,0.126855
CHNCXR_0421_1,Shenzhen,1,3,True,DCT,10,261632,3879,67.448311,0.118609,33.2002,0.839766,32.3978,33.6611,0.789429,0.865287,False,1.7616,1.8904,2.0463,2.0676,0.063143,0.021097
CHNCXR_0421_1,Shenzhen,1,3,True,DCT,20,261632,7007,37.338661,0.214255,36.4179,0.911163,35.3336,37.0766,0.877512,0.927422,False,2.1384,2.2271,2.6608,2.7288,0.072833,0.030507
CHNCXR_0421_1,Shenzhen,1,3,True,DCT,30,261632,9738,26.867119,0.297762,38.1345,0.935394,36.8842,38.9204,0.909854,0.947581,False,2.3215,2.3855,2.9513,2.9816,0.087819,0.03924
CHNCXR_0421_1,Shenzhen,1,3,True,DCT,50,261632,14196,18.42998,0.434075,40.2657,0.956722,38.7647,41.2612,0.938812,0.965851,False,2.5135,2.5745,3.1526,3.19,0.105141,0.056387
CHNCXR_0421_1,Shenzhen,1,3,True,DCT,70,261632,20088,13.024293,0.614237,42.0761,0.970181,40.3856,43.2459,0.957069,0.976893,False,2.6233,2.6829,3.2897,3.3316,0.129147,0.074814
CHNCXR_0421_1,Shenzhen,1,3,True,DCT,90,261632,39549,6.615389,1.209302,45.5888,0.985238,43.5035,47.174,0.978369,0.988869,False,2.8165,2.8694,3.4908,3.5249,0.220544,0.135667
CHNCXR_0422_1,Shenzhen,1,0,True,DCT,10,258048,4440,58.118919,0.137649,32.6699,0.849427,30.4446,33.6003,0.790579,0.867731,False,1.857,1.9928,2.2187,2.2277,0.065469,0.021838
CHNCXR_0422_1,Shenzhen,1,0,True,DCT,20,258048,7894,32.689131,0.24473,35.9333,0.917068,33.478,37.0067,0.882548,0.927517,False,2.2367,2.3237,2.7558,2.8046,0.077369,0.033747
CHNCXR_0422_1,Shenzhen,1,0,True,DCT,30,258048,10648,24.23441,0.330109,37.6468,0.939727,34.9816,38.8621,0.913709,0.947879,False,2.4143,2.5166,2.9634,2.989,0.090821,0.043881
CHNCXR_0422_1,Shenzhen,1,0,True,DCT,50,258048,15256,16.914525,0.472966,39.5243,0.958233,36.7759,40.7993,0.941229,0.963445,False,2.6053,2.7173,3.1747,3.2187,0.106908,0.05986
CHNCXR_0422_1,Shenzhen,1,0,True,DCT,70,258048,21287,12.122328,0.659939,41.1887,0.969836,38.4235,42.4759,0.959177,0.973335,False,2.7407,2.8361,3.3055,3.3503,0.130886,0.078206
CHNCXR_0422_1,Shenzhen,1,0,True,DCT,90,258048,41327,6.244054,1.281219,44.362,0.983926,41.6417,45.6165,0.97981,0.985414,False,2.9433,3.0136,3.5208,3.5585,0.233028,0.151617
CHNCXR_0423_1,Shenzhen,1,4,True,DCT,10,258560,4555,56.763996,0.140934,32.7171,0.853311,31.0724,33.6561,0.797228,0.878164,False,1.9093,2.064,2.1628,2.1756,0.069415,0.022326
CHNCXR_0423_1,Shenzhen,1,4,True,DCT,20,258560,8063,32.067469,0.249474,35.8898,0.916823,33.9583,37.0618,0.881866,0.93234,False,2.2756,2.3606,2.7356,2.7825,0.079784,0.034833
CHNCXR_0423_1,Shenzhen,1,4,True,DCT,30,258560,10950,23.612785,0.3388,37.5351,0.939571,35.4591,38.8358,0.913323,0.951146,False,2.4398,2.5295,2.9566,2.9755,0.093992,0.043792
CHNCXR_0423_1,Shenzhen,1,4,True,DCT,50,258560,15787,16.378033,0.488459,39.4411,0.958486,37.2159,40.8836,0.940613,0.966679,False,2.6235,2.7183,3.1734,3.2218,0.112705,0.06007
CHNCXR_0423_1,Shenzhen,1,4,True,DCT,70,258560,22008,11.748455,0.680941,41.1269,0.970577,38.8204,42.6508,0.958142,0.97632,False,2.7436,2.8303,3.3056,3.348,0.143002,0.082934
CHNCXR_0423_1,Shenzhen,1,4,True,DCT,90,258560,42508,6.08262,1.315223,44.3237,0.984459,41.9735,45.8927,0.978985,0.987145,False,2.9446,3.0154,3.5307,3.5666,0.249221,0.152278
CHNCXR_0424_1,Shenzhen,1,2,True,DCT,10,259072,4552,56.913884,0.140563,32.6948,0.85989,30.7242,33.6001,0.801707,0.878811,False,1.862,1.9841,2.2021,2.2151,0.068496,0.023255
CHNCXR_0424_1,Shenzhen,1,2,True,DCT,20,259072,8110,31.94476,0.250432,36.0298,0.921651,33.7605,37.1362,0.888708,0.932731,False,2.2418,2.3286,2.7556,2.8055,0.08197,0.034523
CHNCXR_0424_1,Shenzhen,1,2,True,DCT,30,259072,10934,23.694165,0.337636,37.7412,0.943313,35.3695,38.9221,0.919447,0.951553,False,2.4255,2.5061,2.9811,3.0054,0.097075,0.047204
CHNCXR_0424_1,Shenzhen,1,2,True,DCT,50,259072,15659,16.544607,0.483541,39.6126,0.960799,37.1595,40.855,0.945343,0.966172,False,2.6274,2.7278,3.185,3.2319,0.117426,0.060844
CHNCXR_0424_1,Shenzhen,1,2,True,DCT,70,259072,21718,11.928907,0.67064,41.3833,0.972261,38.9103,42.641,0.962399,0.975849,False,2.7639,2.8616,3.3083,3.3508,0.146424,0.082955
CHNCXR_0424_1,Shenzhen,1,2,True,DCT,90,259072,41768,6.202643,1.289773,44.5958,0.985212,42.1591,45.8255,0.98152,0.986679,False,2.9897,3.0308,3.5341,3.5698,0.216603,0.146503
CHNCXR_0425_1,Shenzhen,1,0,True,DCT,10,258048,4325,59.664277,0.134084,32.7795,0.849992,30.8221,33.7608,0.786189,0.873622,False,1.8774,2.0203,2.1367,2.1473,0.069559,0.022573
CHNCXR_0425_1,Shenzhen,1,0,True,DCT,20,258048,7735,33.361086,0.2398,35.916,0.914057,33.5604,37.1989,0.873001,0.929128,False,2.2511,2.342,2.7373,2.7897,0.079273,0.03367
CHNCXR_0425_1,Shenzhen,1,0,True,DCT,30,258048,10513,24.54561,0.325924,37.5647,0.937257,35.0623,38.9719,0.906729,0.948429,False,2.4386,2.5139,2.9764,3.0004,0.089132,0.044169
CHNCXR_0425_1,Shenzhen,1,0,True,DCT,50,258048,15172,17.008173,0.470362,39.4032,0.956315,36.7719,40.9263,0.935227,0.964171,False,2.6195,2.7088,3.1913,3.2325,0.110347,0.060631
CHNCXR_0425_1,Shenzhen,1,0,True,DCT,70,258048,21212,12.16519,0.657614,41.0865,0.968633,38.4,42.6611,0.954763,0.974044,False,2.7229,2.815,3.3048,3.3466,0.13072,0.077065
CHNCXR_0425_1,Shenzhen,1,0,True,DCT,90,258048,41629,6.198756,1.290582,44.2434,0.983258,41.5449,45.8295,0.977368,0.985715,False,2.9249,2.9742,3.5381,3.575,0.20553,0.145905
CHNCXR_0426_1,Shenzhen,1,2,True,DCT,10,236544,3911,60.481718,0.132271,32.6705,0.834596,32.0311,33.0055,0.781573,0.860216,False,1.8208,1.923,2.2669,2.2835,0.060316,0.017864
CHNCXR_0426_1,Shenzhen,1,2,True,DCT,20,236544,7141,33.124772,0.241511,35.8866,0.905783,34.898,36.4399,0.872002,0.922336,False,2.1944,2.2581,2.9255,2.9805,0.070928,0.029156
CHNCXR_0426_1,Shenzhen,1,2,True,DCT,30,236544,9726,24.32079,0.328937,37.63,0.93207,36.4701,38.3014,0.90663,0.944798,False,2.3872,2.4278,3.1211,3.1429,0.079136,0.039083
CHNCXR_0426_1,Shenzhen,1,2,True,DCT,50,236544,14151,16.715709,0.478592,39.7244,0.954683,38.3103,40.5867,0.936626,0.963871,False,2.5671,2.639,3.2967,3.3363,0.099915,0.053842
CHNCXR_0426_1,Shenzhen,1,2,True,DCT,70,236544,19783,11.956933,0.669068,41.6161,0.968983,40.0422,42.609,0.956669,0.975307,False,2.6828,2.7255,3.3742,3.4202,0.121993,0.072748
CHNCXR_0426_1,Shenzhen,1,2,True,DCT,90,236544,38064,6.214376,1.287338,45.1933,0.984777,43.2829,46.4924,0.978788,0.987916,False,2.8847,2.9397,3.5435,3.5755,0.194528,0.1311
CHNCXR_0427_1,Shenzhen,1,2,True,DCT,10,258048,4336,59.512915,0.134425,32.9267,0.865319,30.6776,33.7483,0.796819,0.88305,False,1.8597,1.9903,2.1423,2.158,0.065701,0.021371
CHNCXR_0427_1,Shenzhen,1,2,True,DCT,20,258048,7753,33.283632,0.240358,36.2431,0.925599,33.5081,37.338,0.881058,0.937123,False,2.2466,2.3393,2.7511,2.8066,0.079154,0.033017
CHNCXR_0427_1,Shenzhen,1,2,True,DCT,30,258048,10439,24.719609,0.32363,37.968,0.947047,35.1278,39.1288,0.915387,0.955202,False,2.4379,2.5553,2.9828,3.0097,0.088745,0.042285
CHNCXR_0427_1,Shenzhen,1,2,True,DCT,50,258048,14776,17.463996,0.458085,39.9841,0.964491,37.0321,41.2176,0.943076,0.970094,False,2.6206,2.7324,3.1866,3.2286,0.104877,0.054643
CHNCXR_0427_1,Shenzhen,1,2,True,DCT,70,258048,20401,12.648792,0.632471,41.7236,0.974943,38.6692,43.0268,0.960155,0.97896,False,2.756,2.8619,3.3254,3.367,0.152602,0.075428
CHNCXR_0427_1,Shenzhen,1,2,True,DCT,90,258048,39078,6.603409,1.211496,45.1352,0.987242,41.9981,46.4965,0.980766,0.989096,False,2.9821,3.0414,3.5571,3.5956,0.196478,0.133089
CHNCXR_0428_1,Shenzhen,1,2,True,DCT,10,261120,4607,56.678967,0.141146,32.8132,0.86047,30.6408,33.7534,0.797364,0.879939,False,1.8955,2.0347,2.2019,2.2147,0.079764,0.022628
CHNCXR_0428_1,Shenzhen,1,2,True,DCT,20,261120,8084,32.300841,0.247672,36.0584,0.921643,33.6214,37.1696,0.885683,0.933312,False,2.2632,2.3572,2.7608,2.8117,0.080517,0.033331
CHNCXR_0428_1,Shenzhen,1,2,True,DCT,30,261120,10848,24.070796,0.332353,37.7345,0.94372,35.2123,38.9045,0.917272,0.952131,False,2.44,2.5757,2.9779,3.007,0.090976,0.043909
CHNCXR_0428_1,Shenzhen,1,2,True,DCT,50,261120,15436,16.9163,0.472917,39.7112,0.961709,36.9763,41.0369,0.942954,0.967659,False,2.6361,2.7583,3.1912,3.2363,0.110006,0.056878
CHNCXR_0428_1,Shenzhen,1,2,True,DCT,70,261120,21425,12.187631,0.656403,41.4316,0.972821,38.6283,42.8103,0.960335,0.97688,False,2.7714,2.8806,3.3331,3.3729,0.133097,0.076069
CHNCXR_0428_1,Shenzhen,1,2,True,DCT,90,261120,41075,6.357152,1.258425,44.665,0.985619,41.8614,46.0439,0.980384,0.987447,False,2.9986,3.063,3.5478,3.5849,0.207979,0.14486
CHNCXR_0429_1,Shenzhen,1,2,True,DCT,10,258560,4693,55.094822,0.145204,32.5608,0.860451,30.696,33.297,0.795418,0.880088,False,1.9067,2.0115,2.2332,2.2457,0.06831,0.022268
CHNCXR_0429_1,Shenzhen,1,2,True,DCT,20,258560,8306,31.129304,0.256993,35.7236,0.920269,33.5545,36.6298,0.881286,0.932017,False,2.2867,2.3503,2.7924,2.8381,0.103055,0.034783
CHNCXR_0429_1,Shenzhen,1,2,True,DCT,30,258560,11202,23.081593,0.346597,37.3733,0.942353,35.0797,38.3547,0.912839,0.951241,False,2.4619,2.5684,3.0119,3.0331,0.093471,0.044405
CHNCXR_0429_1,Shenzhen,1,2,True,DCT,50,258560,16078,16.081602,0.497463,39.3216,0.960771,36.8921,40.3892,0.941165,0.967007,False,2.6691,2.7615,3.2241,3.2689,0.112439,0.061369
CHNCXR_0429_1,Shenzhen,1,2,True,DCT,70,258560,22239,11.626422,0.688088,41.0531,0.972094,38.5469,42.1714,0.959037,0.976353,False,2.8012,2.8875,3.3305,3.3692,0.140741,0.083047
CHNCXR_0429_1,Shenzhen,1,2,True,DCT,90,258560,42618,6.06692,1.318626,44.4035,0.985477,41.8452,45.557,0.979993,0.987367,False,3.0351,3.0969,3.5578,3.5941,0.220922,0.14908
CHNCXR_0430_1,Shenzhen,1,2,True,DCT,10,257536,4001,64.367908,0.124286,33.2712,0.857439,31.0543,33.8942,0.785934,0.872366,False,1.8038,1.9167,2.0759,2.0941,0.060509,0.018864
CHNCXR_0430_1,Shenzhen,1,2,True,DCT,20,257536,7014,36.717422,0.21788,36.4008,0.918817,33.8137,37.1756,0.87398,0.927967,False,2.1989,2.2785,2.6614,2.7402,0.070528,0.029478
CHNCXR_0430_1,Shenzhen,1,2,True,DCT,30,257536,9489,27.140478,0.294763,37.9816,0.939191,35.4386,38.7373,0.909389,0.945569,False,2.3746,2.4583,2.9245,2.9543,0.085071,0.03969
CHNCXR_0430_1,Shenzhen,1,2,True,DCT,50,257536,13712,18.781797,0.425944,39.8751,0.95728,37.2289,40.6759,0.938051,0.961521,False,2.5848,2.6835,3.1572,3.1901,0.120383,0.05255
CHNCXR_0430_1,Shenzhen,1,2,True,DCT,70,257536,19439,13.248418,0.603846,41.5482,0.96889,38.8672,42.3645,0.956702,0.971668,False,2.734,2.8209,3.3053,3.3492,0.125439,0.076241
CHNCXR_0430_1,Shenzhen,1,2,True,DCT,90,257536,38836,6.631373,1.206387,44.682,0.982903,41.9718,45.5115,0.978262,0.98414,False,2.9612,3.0161,3.5101,3.5491,0.199929,0.138861
CHNCXR_0431_1,Shenzhen,1,0,True,DCT,10,258560,4654,55.556511,0.143998,32.7202,0.854463,31.2181,33.6701,0.805812,0.879461,False,1.9056,2.031,2.2335,2.2458,0.066958,0.022931
CHNCXR_0431_1,Shenzhen,1,0,True,DCT,20,258560,8205,31.512492,0.253868,35.8556,0.916796,34.1252,37.0061,0.885808,0.932638,False,2.2737,2.3325,2.7906,2.8314,0.083051,0.03627
CHNCXR_0431_1,Shenzhen,1,0,True,DCT,30,258560,11086,23.32311,0.343007,37.4828,0.939636,35.6356,38.7438,0.915906,0.95157,False,2.4384,2.5168,3.0092,3.0285,0.094997,0.045008
CHNCXR_0431_1,Shenzhen,1,0,True,DCT,50,258560,15956,16.204563,0.493688,39.4179,0.958473,37.418,40.8328,0.942007,0.967102,False,2.6305,2.7056,3.203,3.2481,0.115322,0.06348
CHNCXR_0431_1,Shenzhen,1,0,True,DCT,70,258560,22306,11.5915,0.690161,41.1236,0.97063,39.0268,42.642,0.959207,0.976672,False,2.7713,2.8318,3.3201,3.3642,0.139075,0.084795
CHNCXR_0431_1,Shenzhen,1,0,True,DCT,90,258560,42611,6.067917,1.31841,44.342,0.984622,42.1569,45.9591,0.979253,0.987572,False,2.9594,2.9995,3.5309,3.563,0.236411,0.150234
CHNCXR_0432_1,Shenzhen,1,2,True,DCT,10,258560,4277,60.453589,0.132333,33.0022,0.860765,30.6461,34.1418,0.785737,0.886247,False,1.8947,1.9976,2.1369,2.1467,0.067256,0.023236
CHNCXR_0432_1,Shenzhen,1,2,True,DCT,20,258560,7555,34.223693,0.233756,36.0667,0.917851,33.3978,37.4452,0.873714,0.933089,False,2.2731,2.3345,2.7329,2.7924,0.07927,0.032519
CHNCXR_0432_1,Shenzhen,1,2,True,DCT,30,258560,10151,25.471382,0.314078,37.6971,0.940057,34.882,39.1984,0.906967,0.95142,False,2.4431,2.5435,2.9623,2.9823,0.091427,0.042989
CHNCXR_0432_1,Shenzhen,1,2,True,DCT,50,258560,14538,17.785115,0.449814,39.5137,0.957688,36.5401,41.1569,0.934634,0.965573,False,2.6481,2.741,3.1689,3.203,0.12745,0.055237
CHNCXR_0432_1,Shenzhen,1,2,True,DCT,70,258560,20350,12.705651,0.629641,41.0935,0.968993,38.0626,42.7906,0.952896,0.974697,False,2.7888,2.8796,3.3181,3.3648,0.131524,0.074452
CHNCXR_0432_1,Shenzhen,1,2,True,DCT,90,258560,40304,6.415244,1.24703,44.2298,0.983264,41.2233,45.9038,0.976269,0.985875,False,3.0141,3.0757,3.547,3.5822,0.209606,0.143908
CHNCXR_0433_1,Shenzhen,1,2,True,DCT,10,257024,4578,56.143294,0.142493,32.579,0.845817,30.6889,33.5936,0.790015,0.868268,False,1.8684,2.0618,2.1931,2.2039,0.067102,0.022186
CHNCXR_0433_1,Shenzhen,1,2,True,DCT,20,257024,8136,31.590954,0.253237,35.7881,0.914169,33.6622,36.9872,0.880598,0.927799,False,2.2297,2.3447,2.7478,2.7968,0.080293,0.034987
CHNCXR_0433_1,Shenzhen,1,2,True,DCT,30,257024,11010,23.344596,0.342692,37.4061,0.937614,35.2056,38.6675,0.913288,0.947376,False,2.383,2.4923,2.9618,2.987,0.108724,0.044158
CHNCXR_0433_1,Shenzhen,1,2,True,DCT,50,257024,15934,16.130538,0.495954,39.3538,0.957114,37.0373,40.7159,0.940715,0.963673,False,2.5626,2.6987,3.1813,3.2307,0.111027,0.060087
CHNCXR_0433_1,Shenzhen,1,2,True,DCT,70,257024,22127,11.615854,0.688714,41.0356,0.969291,38.6919,42.4223,0.958867,0.973697,False,2.6834,2.7225,3.3168,3.3598,0.138399,0.081783
CHNCXR_0433_1,Shenzhen,1,2,True,DCT,90,257024,42835,6.000327,1.333261,44.204,0.983582,41.9265,45.5317,0.979674,0.985415,False,2.8511,2.8921,3.5387,3.5758,0.216971,0.149433
CHNCXR_0434_1,Shenzhen,1,1,True,DCT,10,259584,4468,58.098478,0.137697,32.8783,0.857243,30.7516,33.8789,0.800797,0.87614,False,1.8567,1.9966,2.1764,2.1895,0.069557,0.022554
CHNCXR_0434_1,Shenzhen,1,1,True,DCT,20,259584,7919,32.779896,0.244052,35.9673,0.91733,33.5997,37.1368,0.883236,0.929002,False,2.2331,2.3306,2.7628,2.8175,0.081704,0.033926
CHNCXR_0434_1,Shenzhen,1,1,True,DCT,30,259584,10673,24.321559,0.328926,37.5936,0.939964,35.1035,38.8554,0.913984,0.948785,False,2.4224,2.5168,2.9904,3.0144,0.092342,0.044037
CHNCXR_0434_1,Shenzhen,1,1,True,DCT,50,259584,15328,16.935282,0.472387,39.4931,0.957891,36.8453,40.8809,0.939707,0.964236,False,2.6032,2.7271,3.207,3.2482,0.113752,0.05908
CHNCXR_0434_1,Shenzhen,1,1,True,DCT,70,259584,21498,12.074798,0.662537,41.1542,0.969748,38.449,42.5897,0.957433,0.974217,False,2.75,2.8752,3.3323,3.3727,0.154688,0.077123
CHNCXR_0434_1,Shenzhen,1,1,True,DCT,90,259584,41878,6.198577,1.290619,44.2936,0.983589,41.6391,45.6868,0.978709,0.985517,False,2.9826,3.0286,3.5568,3.5942,0.217627,0.152198
CHNCXR_0435_1,Shenzhen,1,4,True,DCT,10,249856,3992,62.589178,0.127818,32.7924,0.832238,31.2774,33.6071,0.79949,0.846258,False,1.7379,1.9229,2.0925,2.1077,0.062944,0.02049
CHNCXR_0435_1,Shenzhen,1,4,True,DCT,20,249856,7321,34.128671,0.234407,35.8888,0.900921,34.2678,36.7793,0.884962,0.908661,False,2.1211,2.2449,2.698,2.7549,0.080173,0.031068
CHNCXR_0435_1,Shenzhen,1,4,True,DCT,30,249856,9968,25.065811,0.31916,37.5127,0.927797,35.8617,38.4253,0.916748,0.933158,False,2.316,2.4075,2.9249,2.9505,0.088251,0.042586
CHNCXR_0435_1,Shenzhen,1,4,True,DCT,50,249856,14529,17.197054,0.465196,39.2953,0.947961,37.727,40.1477,0.943301,0.950569,False,2.4927,2.5863,3.1325,3.1825,0.107882,0.058631
CHNCXR_0435_1,Shenzhen,1,4,True,DCT,70,249856,20734,12.050545,0.66387,40.9044,0.961596,39.3474,41.7487,0.960049,0.962844,False,2.6107,2.6903,3.2818,3.3212,0.13796,0.082141
CHNCXR_0435_1,Shenzhen,1,4,True,DCT,90,249856,41803,5.976987,1.338467,43.7757,0.978427,42.3254,44.5456,0.979116,0.97854,False,2.8192,2.8681,3.4749,3.5101,0.217981,0.157162
CHNCXR_0436_1,Shenzhen,1,4,True,DCT,10,252928,4385,57.680274,0.138696,32.876,0.846575,30.8028,33.8327,0.799398,0.86382,False,1.8517,2.0181,2.1862,2.2006,0.064966,0.021472
CHNCXR_0436_1,Shenzhen,1,4,True,DCT,20,252928,7689,32.894785,0.2432,35.9985,0.910754,33.7799,37.0522,0.884364,0.920501,False,2.2246,2.3284,2.768,2.8217,0.076621,0.031526
CHNCXR_0436_1,Shenzhen,1,4,True,DCT,30,252928,10426,24.259352,0.32977,37.571,0.933842,35.3216,38.6461,0.915775,0.940676,False,2.3795,2.5106,2.994,3.0189,0.094794,0.043716
CHNCXR_0436_1,Shenzhen,1,4,True,DCT,50,252928,15053,16.802498,0.47612,39.4373,0.954074,37.0694,40.5966,0.941961,0.958738,False,2.5777,2.7077,3.1868,3.2309,0.110673,0.060079
CHNCXR_0436_1,Shenzhen,1,4,True,DCT,70,252928,21201,11.930003,0.670578,41.0937,0.966345,38.672,42.2927,0.958886,0.969409,False,2.7079,2.7989,3.308,3.3492,0.154935,0.081657
CHNCXR_0436_1,Shenzhen,1,4,True,DCT,90,252928,41880,6.039351,1.324646,44.0099,0.981284,41.7178,45.1148,0.978873,0.982464,False,2.909,2.9839,3.5219,3.5587,0.21844,0.144775
CHNCXR_0437_1,Shenzhen,1,2,True,DCT,10,247808,4324,57.309898,0.139592,32.6074,0.837275,31.3071,33.3173,0.793991,0.857517,False,1.89,2.0658,2.1594,2.1774,0.069448,0.020938
CHNCXR_0437_1,Shenzhen,1,2,True,DCT,20,247808,7775,31.872412,0.251001,35.6571,0.904357,34.213,36.4684,0.879524,0.916282,False,2.2407,2.3432,2.7753,2.8226,0.080414,0.032548
CHNCXR_0437_1,Shenzhen,1,2,True,DCT,30,247808,10590,23.400189,0.341878,37.2395,0.929375,35.7746,38.0661,0.912405,0.937605,False,2.4238,2.5269,2.9764,2.9986,0.109846,0.043837
CHNCXR_0437_1,Shenzhen,1,2,True,DCT,50,247808,15474,16.014476,0.499548,39.058,0.949654,37.531,39.9306,0.939406,0.954723,False,2.5771,2.6885,3.1688,3.2191,0.115175,0.062474
CHNCXR_0437_1,Shenzhen,1,2,True,DCT,70,247808,21837,11.348079,0.704965,40.7375,0.963725,39.1308,41.6709,0.957277,0.967052,False,2.6972,2.7815,3.285,3.327,0.134472,0.080808
CHNCXR_0437_1,Shenzhen,1,2,True,DCT,90,247808,43171,5.74015,1.393692,43.6873,0.980001,42.0812,44.6202,0.977715,0.981344,False,2.8885,2.9541,3.4824,3.5184,0.223683,0.151973
CHNCXR_0438_1,Shenzhen,1,0,True,DCT,10,242176,3901,62.080492,0.128865,32.8484,0.836789,30.8486,33.8414,0.797988,0.851796,False,1.7738,1.9576,2.0914,2.1074,0.062615,0.019346
CHNCXR_0438_1,Shenzhen,1,0,True,DCT,20,242176,7006,34.566943,0.231435,35.9801,0.90464,33.8163,37.091,0.88486,0.912723,False,2.1464,2.2617,2.6612,2.7218,0.074488,0.030808
CHNCXR_0438_1,Shenzhen,1,0,True,DCT,30,242176,9585,25.266145,0.316629,37.5797,0.929063,35.3915,38.7089,0.916225,0.934634,False,2.3299,2.4401,2.8981,2.925,0.089617,0.041468
CHNCXR_0438_1,Shenzhen,1,0,True,DCT,50,242176,13998,17.300757,0.462408,39.3636,0.948917,37.196,40.4774,0.942557,0.951987,False,2.5172,2.6292,3.12,3.165,0.104519,0.054952
CHNCXR_0438_1,Shenzhen,1,0,True,DCT,70,242176,20005,12.105774,0.660842,40.9407,0.96225,38.8307,42.012,0.959625,0.963746,False,2.6354,2.7073,3.2648,3.306,0.147714,0.076565
CHNCXR_0438_1,Shenzhen,1,0,True,DCT,90,242176,40524,5.976113,1.338663,43.7761,0.978625,41.8668,44.7071,0.979322,0.978804,False,2.829,2.8794,3.488,3.522,0.210972,0.142924
CHNCXR_0439_1,Shenzhen,1,4,True,DCT,10,258560,3935,65.707751,0.121751,32.9417,0.845826,32.1768,33.2251,0.785364,0.867766,False,1.7157,1.8367,2.1586,2.181,0.065198,0.020327
CHNCXR_0439_1,Shenzhen,1,4,True,DCT,20,258560,7055,36.649185,0.218286,36.2807,0.911988,35.0878,36.7563,0.873162,0.926073,False,2.1158,2.2102,2.7815,2.8427,0.078345,0.03435
CHNCXR_0439_1,Shenzhen,1,4,True,DCT,30,258560,9575,27.003655,0.296256,38.1557,0.937034,36.6649,38.7824,0.908369,0.947334,False,2.3082,2.3857,3.0105,3.0407,0.108035,0.040484
CHNCXR_0439_1,Shenzhen,1,4,True,DCT,50,258560,13892,18.612151,0.429827,40.3198,0.958327,38.5315,41.1141,0.93823,0.965645,False,2.4956,2.5588,3.2147,3.2463,0.108177,0.054012
CHNCXR_0439_1,Shenzhen,1,4,True,DCT,70,258560,19574,13.209359,0.605631,42.1953,0.971291,40.2235,43.1026,0.957453,0.976299,False,2.6243,2.696,3.3331,3.3806,0.132834,0.073527
CHNCXR_0439_1,Shenzhen,1,4,True,DCT,90,258560,38395,6.73421,1.187964,45.7588,0.985779,43.3746,46.9507,0.978817,0.988324,False,2.8357,2.8909,3.5186,3.5544,0.199998,0.135604
CHNCXR_0440_1,Shenzhen,1,3,True,DCT,10,243712,3712,65.655172,0.121849,32.8729,0.850555,32.8005,32.8966,0.801179,0.865651,False,1.7342,1.818,2.1932,2.2187,0.059895,0.017469
CHNCXR_0440_1,Shenzhen,1,3,True,DCT,20,243712,6552,37.196581,0.215074,36.3316,0.91518,35.8164,36.5126,0.886259,0.924086,False,2.1434,2.2083,2.8433,2.8978,0.068183,0.02641
CHNCXR_0440_1,Shenzhen,1,3,True,DCT,30,243712,8864,27.494585,0.290966,38.4337,0.940531,37.4901,38.7895,0.918274,0.947527,False,2.3295,2.3792,3.0743,3.1075,0.076928,0.035948
CHNCXR_0440_1,Shenzhen,1,3,True,DCT,50,243712,12722,19.156736,0.417608,40.6072,0.960577,39.3655,41.1,0.944112,0.965744,False,2.5252,2.5737,3.2666,3.2933,0.095264,0.046712
CHNCXR_0440_1,Shenzhen,1,3,True,DCT,70,243712,17870,13.638053,0.586594,42.6387,0.97345,41.0831,43.2917,0.961618,0.977089,False,2.6724,2.7177,3.3734,3.4242,0.117753,0.067815
CHNCXR_0440_1,Shenzhen,1,3,True,DCT,90,243712,34658,7.031912,1.137671,46.359,0.986974,44.3001,47.3097,0.981057,0.989122,False,2.8907,2.931,3.527,3.5636,0.184223,0.124917
CHNCXR_0441_1,Shenzhen,1,0,True,DCT,10,231936,3543,65.463167,0.122206,32.9943,0.843523,32.0908,33.2764,0.779588,0.860127,False,1.7328,1.8265,2.1706,2.1877,0.057762,0.016573
CHNCXR_0441_1,Shenzhen,1,0,True,DCT,20,231936,6446,35.981384,0.222337,36.2573,0.910317,35.0238,36.6636,0.871958,0.919517,False,2.1422,2.2141,2.7852,2.8572,0.067866,0.026699
CHNCXR_0441_1,Shenzhen,1,0,True,DCT,30,231936,8712,26.62259,0.300497,38.0127,0.936031,36.5876,38.4974,0.906567,0.943398,False,2.3262,2.3813,2.9847,3.0143,0.076263,0.033941
CHNCXR_0441_1,Shenzhen,1,0,True,DCT,50,231936,12792,18.131332,0.441225,40.0222,0.957097,38.4071,40.5897,0.936546,0.962213,False,2.5285,2.6042,3.1723,3.2114,0.093074,0.048275
CHNCXR_0441_1,Shenzhen,1,0,True,DCT,70,231936,17958,12.915469,0.619412,41.8577,0.969438,40.0683,42.5059,0.955944,0.972436,False,2.687,2.7368,3.3014,3.3457,0.135094,0.064014
CHNCXR_0441_1,Shenzhen,1,0,True,DCT,90,231936,35199,6.589278,1.214094,45.3354,0.985038,43.1199,46.2024,0.977602,0.987064,False,2.9012,2.957,3.5014,3.5352,0.182766,0.12312
CHNCXR_0442_1,Shenzhen,1,3,True,DCT,10,256000,4227,60.563047,0.132094,33.0351,0.850057,30.7796,33.7964,0.795263,0.864341,False,1.8388,1.9787,2.1098,2.125,0.065841,0.020408
CHNCXR_0442_1,Shenzhen,1,3,True,DCT,20,256000,7493,34.165221,0.234156,36.2186,0.913686,33.7494,37.0846,0.8833,0.921963,False,2.2222,2.3162,2.7071,2.7666,0.077848,0.03375
CHNCXR_0442_1,Shenzhen,1,3,True,DCT,30,256000,10166,25.181979,0.317688,37.8499,0.936836,35.3114,38.7517,0.914616,0.942969,False,2.3686,2.4945,2.9516,2.9761,0.090248,0.042012
CHNCXR_0442_1,Shenzhen,1,3,True,DCT,50,256000,14589,17.547467,0.455906,39.6997,0.956146,37.0834,40.6426,0.941831,0.960129,False,2.5818,2.7125,3.151,3.1945,0.109975,0.059306
CHNCXR_0442_1,Shenzhen,1,3,True,DCT,70,256000,20492,12.49268,0.640375,41.3647,0.967819,38.7527,42.3053,0.959433,0.970344,False,2.7269,2.8147,3.2939,3.3335,0.132065,0.078727
CHNCXR_0442_1,Shenzhen,1,3,True,DCT,90,256000,40868,6.26407,1.277125,44.3433,0.982208,41.8186,45.2379,0.979279,0.983231,False,2.915,2.9804,3.5198,3.5543,0.209204,0.141655
CHNCXR_0443_1,Shenzhen,1,1,True,DCT,10,261632,4215,62.071649,0.128883,33.0628,0.85863,30.7585,33.9814,0.789705,0.878238,False,1.8454,1.9722,2.0899,2.1062,0.091611,0.022232
CHNCXR_0443_1,Shenzhen,1,1,True,DCT,20,261632,7574,34.543438,0.231592,36.2192,0.921275,33.5613,37.3538,0.877931,0.933258,False,2.2298,2.3159,2.7095,2.7687,0.078521,0.033062
CHNCXR_0443_1,Shenzhen,1,1,True,DCT,30,261632,10270,25.475365,0.314029,37.8623,0.942356,35.0881,39.0744,0.910637,0.951219,False,2.4301,2.5291,2.95,2.9718,0.094055,0.043839
CHNCXR_0443_1,Shenzhen,1,1,True,DCT,50,261632,14850,17.618316,0.454073,39.8255,0.960636,36.8392,41.1885,0.938187,0.967109,False,2.6108,2.7195,3.1774,3.2153,0.110393,0.060101
CHNCXR_0443_1,Shenzhen,1,1,True,DCT,70,261632,20740,12.614851,0.634173,41.5649,0.97258,38.4478,43.0274,0.956656,0.977228,False,2.7606,2.8716,3.315,3.3579,0.139495,0.07774
CHNCXR_0443_1,Shenzhen,1,1,True,DCT,90,261632,40250,6.500174,1.230736,44.8214,0.985713,41.5746,46.3881,0.978087,0.988036,False,3.0113,3.0791,3.5483,3.5857,0.213586,0.150263
CHNCXR_0444_1,Shenzhen,1,4,True,DCT,10,261632,4335,60.353403,0.132553,32.9295,0.855338,30.9196,33.8792,0.799842,0.874304,False,1.8547,1.9973,2.1291,2.146,0.066772,0.02226
CHNCXR_0444_1,Shenzhen,1,4,True,DCT,20,261632,7697,33.991425,0.235353,36.1625,0.919326,33.8042,37.3583,0.882522,0.932055,False,2.2413,2.3359,2.6985,2.7541,0.079816,0.033203
CHNCXR_0444_1,Shenzhen,1,4,True,DCT,30,261632,10545,24.811,0.322438,37.8177,0.941468,35.317,39.1245,0.91353,0.951403,False,2.4107,2.5369,2.964,2.9837,0.090558,0.042877
CHNCXR_0444_1,Shenzhen,1,4,True,DCT,50,261632,15114,17.310573,0.462145,39.757,0.960606,37.083,41.2079,0.940409,0.967696,False,2.606,2.7346,3.1509,3.1936,0.110746,0.060606
CHNCXR_0444_1,Shenzhen,1,4,True,DCT,70,261632,21056,12.425532,0.643836,41.4667,0.971825,38.6418,43.0523,0.957648,0.976972,False,2.7444,2.8538,3.2806,3.3224,0.161705,0.078982
CHNCXR_0444_1,Shenzhen,1,4,True,DCT,90,261632,40917,6.394213,1.251131,44.6499,0.985182,41.7853,46.2723,0.978651,0.987578,False,2.9599,3.0237,3.5141,3.5472,0.214816,0.148904
CHNCXR_0445_1,Shenzhen,1,0,True,DCT,10,261632,4537,57.666299,0.138729,32.7561,0.85007,31.0719,33.6033,0.782785,0.876135,False,1.9184,2.0833,2.1643,2.1766,0.067536,0.022437
CHNCXR_0445_1,Shenzhen,1,0,True,DCT,20,261632,8145,32.121793,0.249052,35.933,0.916806,33.8166,37.0959,0.871675,0.934221,False,2.2841,2.3672,2.7789,2.8238,0.08202,0.034896
CHNCXR_0445_1,Shenzhen,1,0,True,DCT,30,261632,11028,23.724338,0.337206,37.5449,0.939003,35.3515,38.7701,0.906087,0.951671,False,2.459,2.5405,3.0069,3.0269,0.097067,0.045768
CHNCXR_0445_1,Shenzhen,1,0,True,DCT,50,261632,15828,16.529694,0.483977,39.4331,0.958007,37.0676,40.805,0.934678,0.967211,False,2.6405,2.7312,3.1909,3.2347,0.114232,0.060989
CHNCXR_0445_1,Shenzhen,1,0,True,DCT,70,261632,22043,11.869165,0.674015,41.1273,0.97045,38.6365,42.6131,0.953861,0.977027,False,2.7542,2.845,3.3131,3.3559,0.140089,0.086327
CHNCXR_0445_1,Shenzhen,1,0,True,DCT,90,261632,42548,6.149102,1.301003,44.389,0.984593,41.7129,46.0554,0.976415,0.987952,False,2.9448,2.9929,3.53,3.5645,0.231703,0.171693
CHNCXR_0446_1,Shenzhen,1,3,True,DCT,10,255488,3699,69.069478,0.115825,33.5009,0.853112,32.3104,33.9434,0.787052,0.87487,False,1.7144,1.847,2.0167,2.0467,0.063371,0.018615
CHNCXR_0446_1,Shenzhen,1,3,True,DCT,20,255488,6604,38.686856,0.206789,36.9363,0.919591,35.3593,37.5635,0.878601,0.933326,False,2.1094,2.2046,2.641,2.6976,0.072984,0.029418
CHNCXR_0446_1,Shenzhen,1,3,True,DCT,30,255488,8985,28.434947,0.281344,38.7131,0.942893,37.0627,39.3782,0.913929,0.952602,False,2.2932,2.3542,2.8972,2.933,0.103526,0.038077
CHNCXR_0446_1,Shenzhen,1,3,True,DCT,50,255488,13054,19.571626,0.408755,40.9174,0.962372,39.0117,41.7224,0.942456,0.969048,False,2.5001,2.5575,3.1353,3.1668,0.104641,0.053532
CHNCXR_0446_1,Shenzhen,1,3,True,DCT,70,255488,18461,13.839337,0.578062,42.8444,0.974362,40.7875,43.7386,0.960822,0.978787,False,2.636,2.7068,3.2794,3.3255,0.12637,0.074089
CHNCXR_0446_1,Shenzhen,1,3,True,DCT,90,255488,36046,7.087832,1.128695,46.3145,0.987249,44.0192,47.3598,0.980955,0.989373,False,2.8345,2.8839,3.4908,3.5277,0.19936,0.129498
CHNCXR_0447_1,Shenzhen,1,4,True,DCT,10,232960,4321,53.913446,0.148386,32.5805,0.858798,30.1812,33.4506,0.804073,0.873587,False,1.876,2.006,2.297,2.3086,0.065098,0.022023
CHNCXR_0447_1,Shenzhen,1,4,True,DCT,20,232960,7587,30.705154,0.260543,35.6728,0.919612,33.1203,36.6251,0.890761,0.927608,False,2.246,2.3377,2.8183,2.8536,0.076568,0.034242
CHNCXR_0447_1,Shenzhen,1,4,True,DCT,30,232960,10283,22.654867,0.353125,37.3704,0.942673,34.7417,38.3653,0.923025,0.94829,False,2.4328,2.4926,3.0169,3.0416,0.090787,0.043447
CHNCXR_0447_1,Shenzhen,1,4,True,DCT,50,232960,14595,15.961631,0.501202,39.2958,0.961249,36.5628,40.351,0.948182,0.964891,False,2.631,2.7212,3.1921,3.2435,0.100321,0.055687
CHNCXR_0447_1,Shenzhen,1,4,True,DCT,70,232960,20210,11.526967,0.694025,41.0445,0.972747,38.1814,42.1781,0.963967,0.975266,False,2.7429,2.8531,3.3345,3.3741,0.132333,0.072362
CHNCXR_0447_1,Shenzhen,1,4,True,DCT,90,232960,38815,6.001803,1.332933,44.4683,0.986072,41.5554,45.633,0.982885,0.987078,False,2.9614,2.9953,3.5609,3.5986,0.19547,0.137855
CHNCXR_0448_1,Shenzhen,1,4,True,DCT,10,219136,4389,49.928458,0.160229,32.0695,0.840843,30.3551,33.0759,0.796684,0.861624,False,1.9577,2.1065,2.3381,2.3572,0.063762,0.021358
CHNCXR_0448_1,Shenzhen,1,4,True,DCT,20,219136,7734,28.334109,0.282345,35.129,0.909625,33.1569,36.3531,0.883698,0.921655,False,2.3155,2.3863,2.852,2.8814,0.079603,0.033469
CHNCXR_0448_1,Shenzhen,1,4,True,DCT,30,219136,10463,20.943898,0.381973,36.6818,0.933781,34.6408,37.9684,0.914539,0.94251,False,2.4827,2.5877,3.0358,3.0612,0.104446,0.041797
CHNCXR_0448_1,Shenzhen,1,4,True,DCT,50,219136,15071,14.540243,0.550197,38.477,0.954425,36.3514,39.8429,0.941083,0.960306,False,2.6488,2.7509,3.2077,3.2547,0.10148,0.054291
CHNCXR_0448_1,Shenzhen,1,4,True,DCT,70,219136,20925,10.472449,0.763909,40.1737,0.967794,37.929,41.6565,0.958425,0.97223,False,2.7728,2.8406,3.2973,3.3358,0.125145,0.075774
CHNCXR_0448_1,Shenzhen,1,4,True,DCT,90,219136,40218,5.448705,1.468239,43.4732,0.983333,41.1811,45.0042,0.979666,0.985146,False,2.9693,3.024,3.543,3.576,0.196106,0.140928
CHNCXR_0449_1,Shenzhen,1,2,True,DCT,10,261632,4000,65.408,0.122309,33.2179,0.846265,31.9587,33.7245,0.782388,0.868292,False,1.7809,1.9114,2.1121,2.1298,0.074462,0.020447
CHNCXR_0449_1,Shenzhen,1,2,True,DCT,20,261632,7117,36.761557,0.217619,36.6077,0.915412,34.838,37.3893,0.873286,0.929889,False,2.1595,2.2402,2.7089,2.7767,0.101814,0.030465
CHNCXR_0449_1,Shenzhen,1,2,True,DCT,30,261632,9657,27.092472,0.295285,38.4163,0.940498,36.4509,39.3173,0.908683,0.951417,False,2.3298,2.3997,2.9529,2.9791,0.090216,0.040841
CHNCXR_0449_1,Shenzhen,1,2,True,DCT,50,261632,13984,18.709382,0.427593,40.479,0.960526,38.3335,41.4981,0.938826,0.967892,False,2.5206,2.5769,3.164,3.199,0.106644,0.05485
CHNCXR_0449_1,Shenzhen,1,2,True,DCT,70,261632,19664,13.305126,0.601272,42.3229,0.972768,40.0032,43.4643,0.957522,0.978001,False,2.6277,2.6899,3.2862,3.3318,0.132662,0.075366
CHNCXR_0449_1,Shenzhen,1,2,True,DCT,90,261632,38482,6.798815,1.176676,45.7919,0.98644,43.1636,47.1721,0.978932,0.989075,False,2.8044,2.8501,3.501,3.5367,0.216718,0.135994
CHNCXR_0450_1,Shenzhen,1,3,True,DCT,10,258048,4297,60.05306,0.133216,32.8504,0.864989,30.4123,33.9338,0.789797,0.886904,False,1.857,1.9933,2.1789,2.1885,0.064775,0.022476
CHNCXR_0450_1,Shenzhen,1,3,True,DCT,20,258048,7601,33.949217,0.235646,36.2208,0.925913,33.3743,37.5962,0.881486,0.938725,False,2.2405,2.3477,2.7569,2.8099,0.101436,0.033236
CHNCXR_0450_1,Shenzhen,1,3,True,DCT,30,258048,10214,25.264147,0.316654,37.9134,0.946354,34.9752,39.3612,0.914037,0.955452,False,2.4427,2.5112,2.9954,3.0167,0.087296,0.042526
CHNCXR_0450_1,Shenzhen,1,3,True,DCT,50,258048,14514,17.779248,0.449963,39.8612,0.963444,36.8216,41.3923,0.941951,0.969622,False,2.6288,2.7453,3.1809,3.2176,0.104649,0.056323
CHNCXR_0450_1,Shenzhen,1,3,True,DCT,70,258048,20050,12.870224,0.62159,41.5809,0.974028,38.5068,43.1411,0.959863,0.978332,False,2.7731,2.9172,3.328,3.3693,0.130605,0.077073
CHNCXR_0450_1,Shenzhen,1,3,True,DCT,90,258048,38661,6.674633,1.198568,44.9059,0.986362,41.8223,46.4743,0.980618,0.988282,False,3.0179,3.0479,3.5578,3.5952,0.206312,0.13834
CHNCXR_0451_1,Shenzhen,1,1,True,DCT,10,251392,4554,55.202459,0.144921,32.6518,0.849675,30.3332,33.6919,0.794485,0.867625,False,1.8854,2.0567,2.2185,2.2314,0.089007,0.022224
CHNCXR_0451_1,Shenzhen,1,1,True,DCT,20,251392,7987,31.475147,0.254169,35.761,0.914173,33.2627,36.9229,0.88364,0.924062,False,2.2461,2.3518,2.7629,2.8091,0.077247,0.032449
CHNCXR_0451_1,Shenzhen,1,1,True,DCT,30,251392,10771,23.339708,0.342763,37.4596,0.936968,34.8518,38.6999,0.915843,0.944164,False,2.4226,2.4917,2.9951,3.02,0.09148,0.042712
CHNCXR_0451_1,Shenzhen,1,1,True,DCT,50,251392,15406,16.317798,0.490262,39.3164,0.956236,36.6568,40.595,0.942627,0.960886,False,2.5968,2.7029,3.1905,3.2362,0.107673,0.058213
CHNCXR_0451_1,Shenzhen,1,1,True,DCT,70,251392,21533,11.674732,0.685241,40.9769,0.96793,38.3133,42.2585,0.960015,0.970883,False,2.7118,2.8032,3.3328,3.3699,0.135212,0.079362
CHNCXR_0451_1,Shenzhen,1,1,True,DCT,90,251392,42105,5.970597,1.339899,44.0642,0.982409,41.4853,45.2835,0.979961,0.983486,False,2.8962,2.9695,3.5421,3.5787,0.216903,0.176036
CHNCXR_0452_1,Shenzhen,1,1,True,DCT,10,226304,4367,51.821388,0.154376,32.3024,0.84031,30.8447,33.2627,0.789407,0.867575,False,1.9352,2.1041,2.3133,2.3218,0.062008,0.021095
CHNCXR_0452_1,Shenzhen,1,1,True,DCT,20,226304,7754,29.185453,0.274109,35.4096,0.909031,33.6276,36.6724,0.876367,0.926322,False,2.2743,2.3753,2.8492,2.8854,0.078451,0.035272
CHNCXR_0452_1,Shenzhen,1,1,True,DCT,30,226304,10504,21.544554,0.371324,37.077,0.934352,35.1678,38.4713,0.909333,0.947827,False,2.4452,2.4983,3.027,3.051,0.084466,0.04225
CHNCXR_0452_1,Shenzhen,1,1,True,DCT,50,226304,15096,14.990991,0.533654,38.912,0.954825,36.8951,40.4239,0.937452,0.964162,False,2.6015,2.6568,3.2034,3.2568,0.099035,0.056257
CHNCXR_0452_1,Shenzhen,1,1,True,DCT,70,226304,21142,10.704002,0.747384,40.6125,0.967805,38.5078,42.2249,0.955877,0.974458,False,2.6975,2.7575,3.3285,3.374,0.12861,0.078961
CHNCXR_0452_1,Shenzhen,1,1,True,DCT,90,226304,40344,5.60936,1.426188,43.7978,0.983176,41.6279,45.488,0.977819,0.98625,False,2.8523,2.8917,3.5453,3.5773,0.22252,0.163869
CHNCXR_0453_1,Shenzhen,1,0,True,DCT,10,259072,4432,58.454874,0.136858,32.8878,0.859626,30.5886,33.5429,0.789149,0.874458,False,1.8527,1.98,2.1686,2.1793,0.065169,0.02156
CHNCXR_0453_1,Shenzhen,1,0,True,DCT,20,259072,7813,33.159094,0.241261,36.1149,0.923383,33.4475,36.9249,0.877928,0.932941,False,2.2282,2.3203,2.7612,2.8123,0.082103,0.035054
CHNCXR_0453_1,Shenzhen,1,0,True,DCT,30,259072,10480,24.720611,0.323617,37.7707,0.944447,35.014,38.6213,0.91152,0.95153,False,2.4122,2.5288,2.991,3.0139,0.09459,0.045585
CHNCXR_0453_1,Shenzhen,1,0,True,DCT,50,259072,14887,17.402566,0.459702,39.665,0.961873,36.7397,40.5953,0.938731,0.966715,False,2.6088,2.7344,3.2041,3.244,0.128832,0.056754
CHNCXR_0453_1,Shenzhen,1,0,True,DCT,70,259072,20781,12.466773,0.641706,41.38,0.972854,38.3539,42.3604,0.956995,0.976375,False,2.7634,2.8718,3.3443,3.3835,0.137077,0.080064
CHNCXR_0453_1,Shenzhen,1,0,True,DCT,90,259072,40004,6.476152,1.235301,44.7112,0.98565,41.6208,45.7245,0.979081,0.987214,False,3.0208,3.0945,3.5542,3.5942,0.209678,0.142737
CHNCXR_0454_1,Shenzhen,1,4,True,DCT,10,235008,4238,55.452572,0.144267,32.5658,0.842273,30.9683,33.4783,0.784437,0.868933,False,1.89,2.0649,2.2258,2.2373,0.064192,0.020311
CHNCXR_0454_1,Shenzhen,1,4,True,DCT,20,235008,7581,30.999604,0.258068,35.4927,0.907128,33.6598,36.593,0.872157,0.923523,False,2.2527,2.3731,2.8121,2.8511,0.074545,0.030399
CHNCXR_0454_1,Shenzhen,1,4,True,DCT,30,235008,10335,22.739042,0.351818,37.136,0.931971,35.097,38.4169,0.904656,0.94488,False,2.4514,2.5326,3.0186,3.0406,0.097485,0.039804
CHNCXR_0454_1,Shenzhen,1,4,True,DCT,50,235008,14896,15.776584,0.507081,38.9353,0.952932,36.8261,40.2814,0.933971,0.961769,False,2.61,2.7093,3.1809,3.2335,0.124584,0.057801
CHNCXR_0454_1,Shenzhen,1,4,True,DCT,70,235008,20862,11.264884,0.710172,40.584,0.965804,38.4035,41.9986,0.953251,0.971842,False,2.7166,2.7686,3.3062,3.3519,0.130536,0.079105
CHNCXR_0454_1,Shenzhen,1,4,True,DCT,90,235008,40785,5.762118,1.388378,43.7183,0.981745,41.4848,45.1853,0.976305,0.984466,False,2.9176,2.9833,3.5343,3.5697,0.214673,0.149258
CHNCXR_0455_1,Shenzhen,1,2,True,DCT,10,260096,3433,75.763472,0.105592,34.0979,0.876293,31.723,34.3959,0.779926,0.884866,False,1.7173,1.7693,1.8769,1.9134,0.064837,0.019746
CHNCXR_0455_1,Shenzhen,1,2,True,DCT,20,260096,5967,43.589073,0.183532,37.3982,0.92809,34.5104,37.7889,0.870792,0.933383,False,2.1285,2.2212,2.5598,2.5987,0.073727,0.028863
CHNCXR_0455_1,Shenzhen,1,2,True,DCT,30,260096,8064,32.253968,0.248031,38.9544,0.945611,36.0026,39.3576,0.904963,0.949356,False,2.3348,2.4033,2.8441,2.8934,0.083183,0.03636
CHNCXR_0455_1,Shenzhen,1,2,True,DCT,50,260096,11607,22.408547,0.357007,40.8221,0.96139,37.7211,41.2553,0.934229,0.963914,False,2.5696,2.6208,3.1316,3.1508,0.098256,0.047844
CHNCXR_0455_1,Shenzhen,1,2,True,DCT,70,260096,16889,15.40032,0.51947,42.5795,0.97158,39.3608,43.0374,0.954067,0.973458,False,2.749,2.8215,3.318,3.364,0.121241,0.068655
CHNCXR_0455_1,Shenzhen,1,2,True,DCT,90,260096,34768,7.480902,1.06939,45.6535,0.984057,42.5145,46.0946,0.977419,0.984926,False,3.0454,3.1213,3.5129,3.5564,0.197339,0.133978
CHNCXR_0456_1,Shenzhen,1,3,True,DCT,10,242176,4059,59.663957,0.134084,32.5694,0.835506,32.2219,32.7493,0.795099,0.857434,False,1.8847,1.974,2.2366,2.2491,0.060896,0.01936
CHNCXR_0456_1,Shenzhen,1,3,True,DCT,20,242176,7283,33.252231,0.240585,35.9295,0.905893,35.1771,36.3492,0.880729,0.91928,False,2.2575,2.3039,2.8623,2.9232,0.074056,0.032466
CHNCXR_0456_1,Shenzhen,1,3,True,DCT,30,242176,9851,24.5839,0.325416,37.8007,0.93307,36.841,38.3582,0.915007,0.942736,False,2.4257,2.463,3.0659,3.0924,0.085762,0.040032
CHNCXR_0456_1,Shenzhen,1,3,True,DCT,50,242176,14232,17.016301,0.470137,39.9381,0.955533,38.764,40.65,0.942915,0.962329,False,2.6156,2.6521,3.2446,3.2836,0.124172,0.056173
CHNCXR_0456_1,Shenzhen,1,3,True,DCT,70,242176,19931,12.15072,0.658397,41.7937,0.969184,40.4849,42.6097,0.960719,0.973822,False,2.7295,2.7633,3.3611,3.4054,0.132302,0.075757
CHNCXR_0456_1,Shenzhen,1,3,True,DCT,90,242176,38522,6.286693,1.272529,45.3131,0.984717,43.6482,46.4344,0.980387,0.987139,False,2.9038,2.9531,3.5179,3.5512,0.206365,0.14696
CHNCXR_0457_1,Shenzhen,1,4,True,DCT,10,243712,4512,54.014184,0.148109,32.5121,0.847385,30.9917,33.3586,0.802429,0.867905,False,1.875,2.0503,2.2937,2.3032,0.064492,0.022956
CHNCXR_0457_1,Shenzhen,1,4,True,DCT,20,243712,7943,30.682614,0.260734,35.5622,0.910934,33.8729,36.5359,0.884075,0.923599,False,2.2422,2.3466,2.8135,2.855,0.080751,0.033835
CHNCXR_0457_1,Shenzhen,1,4,True,DCT,30,243712,10799,22.568016,0.354484,37.1973,0.935088,35.3771,38.2758,0.914786,0.944655,False,2.4257,2.5036,3.0374,3.0592,0.089716,0.043706
CHNCXR_0457_1,Shenzhen,1,4,True,DCT,50,243712,15606,15.616558,0.512277,39.1025,0.955512,37.1809,40.2665,0.941725,0.961998,False,2.5825,2.6909,3.2148,3.2644,0.111489,0.061615
CHNCXR_0457_1,Shenzhen,1,4,True,DCT,70,243712,21653,11.255346,0.710773,40.7918,0.967863,38.8096,42.0084,0.958976,0.972195,False,2.7142,2.8174,3.3146,3.3599,0.137108,0.080942
CHNCXR_0457_1,Shenzhen,1,4,True,DCT,90,243712,42049,5.795905,1.380285,43.986,0.982833,41.9683,45.2343,0.979297,0.984676,False,2.9107,2.975,3.5212,3.5536,0.240968,0.151614
CHNCXR_0458_1,Shenzhen,1,1,True,DCT,10,243200,4173,58.279415,0.13727,32.7855,0.842129,31.3387,33.5993,0.788955,0.866936,False,1.8662,2.0453,2.1484,2.1616,0.065283,0.020844
CHNCXR_0458_1,Shenzhen,1,1,True,DCT,20,243200,7458,32.609279,0.245329,35.7618,0.906861,34.0757,36.7584,0.873846,0.92233,False,2.2408,2.3492,2.7393,2.7903,0.075535,0.032318
CHNCXR_0458_1,Shenzhen,1,1,True,DCT,30,243200,10255,23.715261,0.337336,37.4495,0.932301,35.5623,38.6142,0.906772,0.944608,False,2.4035,2.4883,3.0023,3.024,0.093644,0.045824
CHNCXR_0458_1,Shenzhen,1,1,True,DCT,50,243200,14896,16.326531,0.49,39.2708,0.953043,37.2767,40.531,0.934996,0.961677,False,2.5626,2.6938,3.1855,3.2323,0.113166,0.060727
CHNCXR_0458_1,Shenzhen,1,1,True,DCT,70,243200,21048,11.554542,0.692368,40.8947,0.96606,38.8403,42.2108,0.953789,0.972049,False,2.712,2.8141,3.2923,3.3315,0.15652,0.079631
CHNCXR_0458_1,Shenzhen,1,1,True,DCT,90,243200,41128,5.913246,1.352895,43.9812,0.981983,41.8611,45.36,0.976406,0.984768,False,2.9079,2.9552,3.5063,3.5394,0.220024,0.151734
CHNCXR_0459_1,Shenzhen,1,1,True,DCT,10,220160,4069,54.10666,0.147856,32.5211,0.847602,30.6583,33.3429,0.784134,0.869724,False,1.8947,2.0825,2.2549,2.2654,0.05927,0.019839
CHNCXR_0459_1,Shenzhen,1,1,True,DCT,20,220160,7207,30.548078,0.261882,35.6474,0.912337,33.6027,36.5816,0.876728,0.924947,False,2.2619,2.388,2.8127,2.8516,0.068966,0.030481
CHNCXR_0459_1,Shenzhen,1,1,True,DCT,30,220160,9738,22.608338,0.353852,37.2507,0.93619,35.0833,38.2652,0.908624,0.946005,False,2.4325,2.5298,3.0295,3.049,0.082874,0.040105
CHNCXR_0459_1,Shenzhen,1,1,True,DCT,50,220160,14006,15.718978,0.508939,39.125,0.956219,36.8668,40.2014,0.937344,0.96283,False,2.6024,2.7083,3.2166,3.266,0.096908,0.053832
CHNCXR_0459_1,Shenzhen,1,1,True,DCT,70,220160,19480,11.301848,0.707849,40.8504,0.968634,38.4566,42.0235,0.955617,0.97338,False,2.7125,2.8261,3.3283,3.3681,0.122029,0.071921
CHNCXR_0459_1,Shenzhen,1,1,True,DCT,90,220160,37635,5.849874,1.367551,44.0312,0.983398,41.574,45.2512,0.977619,0.985555,False,2.905,2.9656,3.5434,3.5792,0.217641,0.136904
CHNCXR_0460_1,Shenzhen,1,0,True,DCT,10,248320,4760,52.168067,0.153351,32.4009,0.849326,30.2844,33.5616,0.787751,0.873918,False,1.9066,2.1043,2.3033,2.316,0.065593,0.021668
CHNCXR_0460_1,Shenzhen,1,0,True,DCT,20,248320,8285,29.972239,0.266914,35.4734,0.914029,33.1575,36.7993,0.878971,0.928393,False,2.2674,2.3745,2.8334,2.8652,0.101263,0.036594
CHNCXR_0460_1,Shenzhen,1,0,True,DCT,30,248320,11240,22.092527,0.362113,37.1018,0.937781,34.7051,38.4987,0.912209,0.948255,False,2.4381,2.5233,3.0389,3.0654,0.096852,0.046098
CHNCXR_0460_1,Shenzhen,1,0,True,DCT,50,248320,16055,15.466833,0.517236,38.9969,0.957347,36.4892,40.4955,0.939977,0.964496,False,2.6034,2.7141,3.2198,3.2721,0.113219,0.064455
CHNCXR_0460_1,Shenzhen,1,0,True,DCT,70,248320,22171,11.200216,0.714272,40.6792,0.969373,38.1275,42.2195,0.958252,0.974074,False,2.7226,2.8243,3.3322,3.3719,0.138777,0.083192
CHNCXR_0460_1,Shenzhen,1,0,True,DCT,90,248320,42879,5.79118,1.381411,43.923,0.983912,41.3964,45.4394,0.979562,0.985867,False,2.9176,2.9752,3.5572,3.5952,0.228545,0.152088
CHNCXR_0461_1,Shenzhen,1,3,True,DCT,10,257024,3661,70.205955,0.11395,33.5684,0.8551,32.3515,34.0229,0.788896,0.876262,False,1.7353,1.8552,2.0084,2.0384,0.065418,0.02059
CHNCXR_0461_1,Shenzhen,1,3,True,DCT,20,257024,6530,39.36049,0.20325,36.935,0.920037,35.2706,37.6077,0.876875,0.933554,False,2.1237,2.2212,2.6681,2.7168,0.074459,0.029169
CHNCXR_0461_1,Shenzhen,1,3,True,DCT,30,257024,8922,28.807891,0.277702,38.7391,0.943243,36.8347,39.5437,0.910359,0.953468,False,2.298,2.3728,2.928,2.9658,0.085643,0.037678
CHNCXR_0461_1,Shenzhen,1,3,True,DCT,50,257024,12919,19.895038,0.40211,40.8548,0.962152,38.7264,41.7931,0.939324,0.969275,False,2.4846,2.5325,3.1493,3.1803,0.103762,0.052198
CHNCXR_0461_1,Shenzhen,1,3,True,DCT,70,257024,18226,14.102052,0.567293,42.7289,0.97391,40.4165,43.7859,0.957939,0.978946,False,2.6113,2.6637,3.2736,3.3233,0.124871,0.070478
CHNCXR_0461_1,Shenzhen,1,3,True,DCT,90,257024,35966,7.146305,1.11946,46.2133,0.986921,43.5479,47.5228,0.978916,0.989552,False,2.8022,2.8482,3.4981,3.5368,0.196838,0.129162
CHNCXR_0462_1,Shenzhen,1,0,True,DCT,10,223744,4184,53.476099,0.1496,32.3532,0.84287,30.7626,33.3765,0.791703,0.868678,False,1.9292,2.1205,2.257,2.2708,0.060185,0.020626
CHNCXR_0462_1,Shenzhen,1,0,True,DCT,20,223744,7506,29.808686,0.268378,35.4311,0.908456,33.6222,36.6528,0.878808,0.92396,False,2.2789,2.4105,2.8113,2.8472,0.073064,0.032551
CHNCXR_0462_1,Shenzhen,1,0,True,DCT,30,223744,10121,22.106906,0.361878,37.0305,0.93293,35.087,38.3845,0.909492,0.945082,False,2.4631,2.5744,3.0101,3.0312,0.090346,0.045253
CHNCXR_0462_1,Shenzhen,1,0,True,DCT,50,223744,14666,15.255966,0.524385,38.8552,0.953702,36.8292,40.2946,0.937544,0.962073,False,2.615,2.7034,3.2039,3.2554,0.105598,0.05674
CHNCXR_0462_1,Shenzhen,1,0,True,DCT,70,223744,20516,10.90583,0.733553,40.556,0.966811,38.4474,42.0842,0.955977,0.972597,False,2.7189,2.8193,3.3108,3.353,0.126226,0.076663
CHNCXR_0462_1,Shenzhen,1,0,True,DCT,90,223744,39584,5.652385,1.415332,43.7517,0.982576,41.6528,45.2693,0.978014,0.985122,False,2.8928,2.9574,3.5289,3.5615,0.208991,0.14365
CHNCXR_0463_1,Shenzhen,1,0,True,DCT,10,231424,4307,53.732064,0.148887,32.5986,0.848406,30.5822,33.6507,0.802449,0.866113,False,1.8949,2.0927,2.2424,2.2549,0.061378,0.019742
CHNCXR_0463_1,Shenzhen,1,0,True,DCT,20,231424,7587,30.502702,0.262272,35.6795,0.912996,33.5012,36.855,0.885659,0.923606,False,2.2411,2.3539,2.774,2.8181,0.076106,0.033351
CHNCXR_0463_1,Shenzhen,1,0,True,DCT,30,231424,10287,22.496743,0.355607,37.3729,0.93772,35.0664,38.6521,0.916915,0.946011,False,2.4216,2.5458,2.9939,3.0182,0.087995,0.043893
CHNCXR_0463_1,Shenzhen,1,0,True,DCT,50,231424,14700,15.743129,0.508158,39.2638,0.957345,36.8966,40.5942,0.943504,0.963006,False,2.579,2.6686,3.195,3.2465,0.105593,0.05734
CHNCXR_0463_1,Shenzhen,1,0,True,DCT,70,231424,20346,11.374422,0.703332,40.9923,0.969339,38.5337,42.4022,0.96027,0.973129,False,2.6713,2.7615,3.3106,3.3504,0.129862,0.075349
CHNCXR_0463_1,Shenzhen,1,0,True,DCT,90,231424,39392,5.874898,1.361726,44.1624,0.983828,41.7779,45.5076,0.98041,0.985376,False,2.857,2.9243,3.5181,3.5544,0.205487,0.14117
CHNCXR_0464_1,Shenzhen,1,3,True,DCT,10,245248,3738,65.609417,0.121934,33.128,0.846385,31.2105,33.9857,0.804459,0.860214,False,1.7911,1.9318,2.0424,2.0602,0.062985,0.018875
CHNCXR_0464_1,Shenzhen,1,3,True,DCT,20,245248,6688,36.669856,0.218163,36.1534,0.907627,34.1015,37.0953,0.886586,0.914922,False,2.1828,2.2716,2.6497,2.72,0.074368,0.029842
CHNCXR_0464_1,Shenzhen,1,3,True,DCT,30,245248,9160,26.773799,0.2988,37.744,0.930905,35.661,38.706,0.917289,0.935966,False,2.3591,2.4695,2.9071,2.9324,0.083174,0.03738
CHNCXR_0464_1,Shenzhen,1,3,True,DCT,50,245248,13279,18.468861,0.433162,39.553,0.950477,37.4696,40.5152,0.943591,0.953225,False,2.5557,2.675,3.1171,3.1551,0.115063,0.053141
CHNCXR_0464_1,Shenzhen,1,3,True,DCT,70,245248,19102,12.838865,0.623108,41.1233,0.961239,39.0782,42.0608,0.960234,0.962187,False,2.7048,2.7977,3.2957,3.3339,0.124013,0.07105
CHNCXR_0464_1,Shenzhen,1,3,True,DCT,90,245248,39016,6.285831,1.272704,43.9668,0.978797,42.1282,44.7769,0.979493,0.979011,False,2.9347,3.0094,3.4684,3.5019,0.209203,0.140466
CHNCXR_0465_1,Shenzhen,1,3,True,DCT,10,254976,4470,57.041611,0.140248,32.8107,0.856872,30.5098,33.8662,0.794854,0.876686,False,1.881,2.0429,2.1885,2.1972,0.066289,0.021191
CHNCXR_0465_1,Shenzhen,1,3,True,DCT,20,254976,7935,32.133081,0.248965,35.9839,0.919184,33.3959,37.2427,0.883204,0.930574,False,2.2526,2.3609,2.7539,2.8035,0.102235,0.034751
CHNCXR_0465_1,Shenzhen,1,3,True,DCT,30,254976,10730,23.762908,0.336659,37.6723,0.941396,34.9834,39.0081,0.916704,0.94945,False,2.4374,2.5766,2.9732,2.9987,0.096076,0.044422
CHNCXR_0465_1,Shenzhen,1,3,True,DCT,50,254976,15204,16.770324,0.477033,39.5492,0.95943,36.8052,40.9285,0.942881,0.964876,False,2.6157,2.7431,3.1784,3.2218,0.113816,0.062667
CHNCXR_0465_1,Shenzhen,1,3,True,DCT,70,254976,21167,12.045921,0.664125,41.2,0.970601,38.4444,42.5886,0.960148,0.974203,False,2.7468,2.869,3.3314,3.3716,0.140985,0.085873
CHNCXR_0465_1,Shenzhen,1,3,True,DCT,90,254976,41164,6.19415,1.291541,44.389,0.984287,41.6952,45.7287,0.980376,0.985726,False,2.9538,3.0248,3.5276,3.5671,0.229965,0.154934
CHNCXR_0466_1,Shenzhen,1,0,True,DCT,10,243712,4606,52.911854,0.151195,32.3024,0.842928,30.7419,33.3296,0.794277,0.867885,False,1.9142,2.0911,2.2517,2.2681,0.065789,0.021161
CHNCXR_0466_1,Shenzhen,1,0,True,DCT,20,243712,8248,29.548012,0.270746,35.3567,0.908737,33.7034,36.4678,0.881942,0.922662,False,2.2643,2.376,2.8061,2.8423,0.097793,0.034586
CHNCXR_0466_1,Shenzhen,1,0,True,DCT,30,243712,11224,21.713471,0.368435,36.9487,0.93303,35.2,38.1494,0.913014,0.943424,False,2.4457,2.5128,3.0243,3.0487,0.092702,0.045517
CHNCXR_0466_1,Shenzhen,1,0,True,DCT,50,243712,16213,15.031888,0.532202,38.7952,0.9538,37.0097,40.0317,0.940761,0.960467,False,2.6073,2.7039,3.1909,3.244,0.118512,0.065771
CHNCXR_0466_1,Shenzhen,1,0,True,DCT,70,243712,22704,10.73432,0.745273,40.4807,0.966742,38.6387,41.7729,0.958448,0.971297,False,2.7073,2.7922,3.309,3.3506,0.148299,0.08773
CHNCXR_0466_1,Shenzhen,1,0,True,DCT,90,243712,43780,5.566743,1.437106,43.6778,0.982454,41.774,45.0331,0.97906,0.984384,False,2.8922,2.9661,3.5083,3.5382,0.234147,0.158017
CHNCXR_0467_1,Shenzhen,1,3,True,DCT,10,231424,4291,53.932417,0.148334,32.4693,0.841614,30.7716,33.3847,0.792343,0.86266,False,1.9024,2.1053,2.2229,2.2398,0.064838,0.019804
CHNCXR_0467_1,Shenzhen,1,3,True,DCT,20,231424,7569,30.575241,0.26165,35.5195,0.909535,33.562,36.6336,0.878256,0.923034,False,2.2513,2.3714,2.764,2.8087,0.075227,0.033853
CHNCXR_0467_1,Shenzhen,1,3,True,DCT,30,231424,10283,22.505495,0.355469,37.1438,0.934139,35.1475,38.2893,0.911663,0.943811,False,2.4148,2.5406,2.9958,3.0192,0.109243,0.045893
CHNCXR_0467_1,Shenzhen,1,3,True,DCT,50,231424,14764,15.674885,0.510371,38.9898,0.954221,36.875,40.2348,0.938219,0.9611,False,2.5781,2.6861,3.1814,3.2353,0.106867,0.059537
CHNCXR_0467_1,Shenzhen,1,3,True,DCT,70,231424,20628,11.218926,0.713081,40.6508,0.966893,38.4523,41.9692,0.956095,0.971703,False,2.7027,2.8111,3.301,3.3443,0.133734,0.079783
CHNCXR_0467_1,Shenzhen,1,3,True,DCT,90,231424,40063,5.776502,1.384921,43.8301,0.982428,41.7015,45.087,0.978303,0.984349,False,2.8709,2.9386,3.5323,3.5678,0.209159,0.144596
CHNCXR_0468_1,Shenzhen,1,1,True,DCT,10,238080,4114,57.870685,0.138239,32.7867,0.845229,31.2187,33.8034,0.800945,0.868672,False,1.9114,2.0747,2.132,2.1499,0.063567,0.019775
CHNCXR_0468_1,Shenzhen,1,1,True,DCT,20,238080,7365,32.325866,0.24748,36.0053,0.911362,34.2175,37.2228,0.886588,0.924835,False,2.2753,2.3554,2.735,2.7839,0.07486,0.030531
CHNCXR_0468_1,Shenzhen,1,1,True,DCT,30,238080,9958,23.908415,0.33461,37.618,0.934162,35.7497,38.9141,0.91592,0.94418,False,2.4373,2.5331,2.9575,2.9818,0.090754,0.048206
CHNCXR_0468_1,Shenzhen,1,1,True,DCT,50,238080,14445,16.481828,0.485383,39.4455,0.954185,37.5365,40.7825,0.942193,0.960708,False,2.6221,2.7007,3.159,3.2068,0.111598,0.060399
CHNCXR_0468_1,Shenzhen,1,1,True,DCT,70,238080,20334,11.708469,0.683266,41.1146,0.967018,39.1811,42.4765,0.959455,0.971347,False,2.7352,2.8167,3.2888,3.3253,0.129824,0.078262
CHNCXR_0468_1,Shenzhen,1,1,True,DCT,90,238080,40162,5.927992,1.34953,44.1241,0.982078,42.2168,45.4594,0.979071,0.9839,False,2.9206,2.9995,3.505,3.5416,0.226961,0.153479
CHNCXR_0469_1,Shenzhen,1,3,True,DCT,10,215552,4141,52.053127,0.153689,32.3165,0.841924,30.981,33.1274,0.800013,0.863215,False,1.9669,2.1232,2.2813,2.2956,0.055868,0.019095
CHNCXR_0469_1,Shenzhen,1,3,True,DCT,20,215552,7326,29.422877,0.271897,35.4409,0.908663,33.8355,36.4733,0.882129,0.922195,False,2.3162,2.4015,2.8188,2.8549,0.068422,0.030412
CHNCXR_0469_1,Shenzhen,1,3,True,DCT,30,215552,9995,21.565983,0.370955,37.1034,0.93419,35.4422,38.1849,0.915538,0.943729,False,2.4692,2.5911,3.0283,3.0465,0.132798,0.040629
CHNCXR_0469_1,Shenzhen,1,3,True,DCT,50,215552,14326,15.04621,0.531695,39.0057,0.954985,37.1988,40.2209,0.94152,0.961968,False,2.6369,2.7102,3.2087,3.262,0.098038,0.053706
CHNCXR_0469_1,Shenzhen,1,3,True,DCT,70,215552,19955,10.801904,0.74061,40.6424,0.967704,38.798,41.8937,0.958547,0.972419,False,2.7571,2.8237,3.3126,3.3561,0.123009,0.075035
CHNCXR_0469_1,Shenzhen,1,3,True,DCT,90,215552,38286,5.630048,1.420947,43.8391,0.982986,41.9024,45.1812,0.978784,0.985285,False,2.912,2.985,3.5274,3.56,0.203137,0.135777
CHNCXR_0470_1,Shenzhen,1,0,True,DCT,10,215552,4073,52.92217,0.151165,32.3617,0.842006,30.848,33.3595,0.797412,0.865411,False,1.9441,2.1221,2.263,2.2764,0.058526,0.019211
CHNCXR_0470_1,Shenzhen,1,0,True,DCT,20,215552,7256,29.706725,0.269299,35.5084,0.909807,33.7974,36.687,0.882878,0.924245,False,2.2981,2.4042,2.8242,2.8562,0.06921,0.031564
CHNCXR_0470_1,Shenzhen,1,0,True,DCT,30,215552,9801,21.992858,0.363754,37.1356,0.93454,35.3185,38.4184,0.913875,0.945436,False,2.469,2.5516,3.0294,3.0504,0.11533,0.038702
CHNCXR_0470_1,Shenzhen,1,0,True,DCT,50,215552,14094,15.293884,0.523085,38.9991,0.955006,37.1154,40.3498,0.941038,0.96258,False,2.6319,2.7008,3.2149,3.2673,0.112698,0.055074
CHNCXR_0470_1,Shenzhen,1,0,True,DCT,70,215552,19538,11.03245,0.725134,40.6661,0.967607,38.6931,42.1114,0.95831,0.972671,False,2.7331,2.819,3.3277,3.3666,0.124529,0.074856
CHNCXR_0470_1,Shenzhen,1,0,True,DCT,90,215552,37946,5.680493,1.408328,43.7839,0.982604,41.7678,45.2762,0.97846,0.984994,False,2.9018,2.9853,3.5514,3.5885,0.201237,0.135339
CHNCXR_0471_1,Shenzhen,1,2,True,DCT,10,227328,3964,57.348133,0.139499,32.7118,0.849603,30.5505,33.5521,0.793709,0.866037,False,1.8691,2.0265,2.2134,2.2281,0.058972,0.020101
CHNCXR_0471_1,Shenzhen,1,2,True,DCT,20,227328,7019,32.38752,0.247009,35.8292,0.912806,33.4871,36.7712,0.883266,0.921769,False,2.2433,2.3502,2.7569,2.812,0.085353,0.028054
CHNCXR_0471_1,Shenzhen,1,2,True,DCT,30,227328,9536,23.838926,0.335586,37.473,0.936649,35.0553,38.4595,0.914862,0.943326,False,2.419,2.5566,2.9765,3.0001,0.078298,0.038568
CHNCXR_0471_1,Shenzhen,1,2,True,DCT,50,227328,13746,16.537756,0.483742,39.3511,0.956026,36.8853,40.3666,0.942512,0.960215,False,2.5949,2.736,3.1772,3.2245,0.099785,0.052014
CHNCXR_0471_1,Shenzhen,1,2,True,DCT,70,227328,19207,11.835685,0.675922,41.0289,0.968049,38.525,42.0677,0.959918,0.970746,False,2.7497,2.8764,3.3063,3.3478,0.122695,0.07168
CHNCXR_0471_1,Shenzhen,1,2,True,DCT,90,227328,37700,6.02992,1.326717,44.1114,0.98254,41.6623,45.1168,0.979675,0.983619,False,2.9573,3.0321,3.5278,3.563,0.222066,0.133761
CHNCXR_0472_1,Shenzhen,1,0,True,DCT,10,231424,4024,57.510934,0.139104,32.6625,0.840224,30.9222,33.6492,0.784575,0.864884,False,1.9033,2.0655,2.1917,2.2036,0.058317,0.018343
CHNCXR_0472_1,Shenzhen,1,0,True,DCT,20,231424,7249,31.924955,0.250588,35.7917,0.909426,33.8256,36.9612,0.876714,0.923999,False,2.2631,2.3569,2.7438,2.7917,0.071697,0.02888
CHNCXR_0472_1,Shenzhen,1,0,True,DCT,30,231424,9871,23.444838,0.341226,37.4143,0.934105,35.3637,38.6569,0.909877,0.944915,False,2.4359,2.5406,2.9536,2.9796,0.083784,0.038379
CHNCXR_0472_1,Shenzhen,1,0,True,DCT,50,231424,14250,16.240281,0.492602,39.3109,0.954634,37.1362,40.6658,0.938164,0.961893,False,2.5998,2.6891,3.1611,3.2119,0.101113,0.055134
CHNCXR_0472_1,Shenzhen,1,0,True,DCT,70,231424,19980,11.582783,0.69068,40.9891,0.96729,38.7346,42.4195,0.956183,0.972415,False,2.7177,2.8062,3.3102,3.3543,0.129453,0.075031
CHNCXR_0472_1,Shenzhen,1,0,True,DCT,90,231424,39194,5.904577,1.354881,44.1345,0.982669,41.8522,45.5919,0.977928,0.984906,False,2.9045,2.9825,3.5248,3.561,0.205345,0.143808
CHNCXR_0473_1,Shenzhen,1,0,True,DCT,10,240640,4172,57.67977,0.138697,32.7684,0.846423,31.0243,33.5802,0.79312,0.866545,False,1.87,2.0506,2.1712,2.1862,0.061706,0.019188
CHNCXR_0473_1,Shenzhen,1,0,True,DCT,20,240640,7410,32.475034,0.246343,35.8773,0.911199,33.9201,36.827,0.878945,0.923408,False,2.2416,2.3475,2.732,2.7781,0.073361,0.030041
CHNCXR_0473_1,Shenzhen,1,0,True,DCT,30,240640,10023,24.00878,0.333211,37.4676,0.934839,35.4315,38.4714,0.911069,0.943937,False,2.414,2.4981,2.9679,2.9868,0.099992,0.039231
CHNCXR_0473_1,Shenzhen,1,0,True,DCT,50,240640,14589,16.494619,0.485007,39.3374,0.955077,37.195,40.4166,0.938498,0.961424,False,2.5921,2.7026,3.1704,3.2164,0.106154,0.056176
CHNCXR_0473_1,Shenzhen,1,0,True,DCT,70,240640,20469,11.756314,0.680485,41.0374,0.96761,38.7914,42.1932,0.95659,0.971973,False,2.7194,2.8263,3.2934,3.3322,0.153327,0.080964
CHNCXR_0473_1,Shenzhen,1,0,True,DCT,90,240640,40118,5.998305,1.33371,44.0771,0.982486,41.7776,45.2737,0.977585,0.984507,False,2.9226,3.0048,3.5068,3.5425,0.224857,0.1505
CHNCXR_0474_1,Shenzhen,1,4,True,DCT,10,258048,4171,61.867178,0.129309,32.7908,0.840554,30.8195,33.66,0.793496,0.855958,False,1.7965,1.9444,2.1234,2.1378,0.067449,0.022531
CHNCXR_0474_1,Shenzhen,1,4,True,DCT,20,258048,7565,34.110773,0.23453,35.8922,0.905533,33.7678,36.8572,0.883703,0.913381,False,2.1822,2.2758,2.7316,2.7797,0.081391,0.033611
CHNCXR_0474_1,Shenzhen,1,4,True,DCT,30,258048,10300,25.053204,0.31932,37.4865,0.929153,35.3034,38.4897,0.915066,0.934421,False,2.371,2.468,2.9423,2.9679,0.09349,0.04299
CHNCXR_0474_1,Shenzhen,1,4,True,DCT,50,258048,14977,17.229619,0.464317,39.2528,0.94892,37.1068,40.2317,0.942233,0.951605,False,2.5494,2.6662,3.1495,3.1961,0.114099,0.059796
CHNCXR_0474_1,Shenzhen,1,4,True,DCT,70,258048,21356,12.083162,0.662078,40.8467,0.962249,38.775,41.7782,0.959794,0.963581,False,2.6897,2.7684,3.2903,3.3258,0.148605,0.090033
CHNCXR_0474_1,Shenzhen,1,4,True,DCT,90,258048,43121,5.984277,1.336837,43.781,0.978818,41.8722,44.6127,0.979658,0.978902,False,2.9095,2.9888,3.493,3.5271,0.262026,0.170332
CHNCXR_0475_1,Shenzhen,1,2,True,DCT,10,229376,4511,50.848149,0.157331,32.254,0.853768,30.7973,33.2039,0.813271,0.875081,False,1.9092,2.0756,2.3281,2.3522,0.06079,0.021963
CHNCXR_0475_1,Shenzhen,1,2,True,DCT,20,229376,7868,29.153025,0.274414,35.3263,0.917134,33.8089,36.3289,0.898484,0.926926,False,2.2705,2.3647,2.821,2.8499,0.080741,0.033021
CHNCXR_0475_1,Shenzhen,1,2,True,DCT,30,229376,10664,21.509377,0.371931,37.0349,0.940767,35.4613,38.0876,0.928532,0.947354,False,2.4359,2.5128,3.0243,3.0491,0.087735,0.042413
CHNCXR_0475_1,Shenzhen,1,2,True,DCT,50,229376,15151,15.139331,0.528425,38.9602,0.960396,37.3105,40.0826,0.952256,0.964866,False,2.6198,2.7015,3.1816,3.2334,0.121232,0.073361
CHNCXR_0475_1,Shenzhen,1,2,True,DCT,70,229376,20979,10.9336,0.731689,40.7264,0.972339,39.0506,41.8734,0.967664,0.975062,False,2.7457,2.8432,3.3004,3.339,0.158012,0.09016
CHNCXR_0475_1,Shenzhen,1,2,True,DCT,90,229376,39821,5.760177,1.388846,44.192,0.986083,42.3998,45.4518,0.984625,0.987061,False,2.9429,3.0126,3.5354,3.5689,0.21393,0.149748
CHNCXR_0476_1,Shenzhen,1,3,True,DCT,10,236544,4099,57.707734,0.13863,32.6574,0.835806,31.2698,33.5231,0.787827,0.86036,False,1.8971,2.0792,2.1767,2.1873,0.062533,0.018734
CHNCXR_0476_1,Shenzhen,1,3,True,DCT,20,236544,7386,32.025995,0.249797,35.7472,0.904872,34.1535,36.7865,0.876568,0.919794,False,2.2452,2.3524,2.7638,2.8116,0.074461,0.031674
CHNCXR_0476_1,Shenzhen,1,3,True,DCT,30,236544,10067,23.49697,0.340469,37.3493,0.930199,35.6742,38.4615,0.909828,0.940891,False,2.4051,2.5057,2.9791,3.0004,0.093494,0.041681
CHNCXR_0476_1,Shenzhen,1,3,True,DCT,50,236544,14649,16.14745,0.495434,39.1952,0.951355,37.3794,40.4398,0.937066,0.958824,False,2.5731,2.6587,3.1767,3.2268,0.13701,0.059256
CHNCXR_0476_1,Shenzhen,1,3,True,DCT,70,236544,20626,11.468244,0.697578,40.8455,0.964775,38.9612,42.1578,0.955337,0.969831,False,2.6868,2.7707,3.3031,3.3424,0.140034,0.085892
CHNCXR_0476_1,Shenzhen,1,3,True,DCT,90,236544,40787,5.799495,1.37943,43.8434,0.980909,41.9257,45.1895,0.976751,0.983241,False,2.8463,2.9089,3.5034,3.5409,0.2254,0.14551
CHNCXR_0477_1,Shenzhen,1,4,True,DCT,10,228352,4152,54.998073,0.14546,32.6044,0.844834,30.9408,33.5508,0.788686,0.869799,False,1.9275,2.0904,2.2323,2.2479,0.062879,0.020886
CHNCXR_0477_1,Shenzhen,1,4,True,DCT,20,228352,7392,30.891775,0.258969,35.6969,0.911041,33.7433,36.8791,0.874614,0.927538,False,2.2767,2.375,2.7968,2.8377,0.081697,0.033347
CHNCXR_0477_1,Shenzhen,1,4,True,DCT,30,228352,10010,22.812388,0.350687,37.3492,0.935493,35.3095,38.6072,0.909196,0.947481,False,2.4564,2.5257,3.0098,3.0318,0.085576,0.041268
CHNCXR_0477_1,Shenzhen,1,4,True,DCT,50,228352,14361,15.900843,0.503118,39.2896,0.9559,37.0546,40.7305,0.936851,0.964517,False,2.6184,2.7003,3.1829,3.2322,0.110599,0.05392
CHNCXR_0477_1,Shenzhen,1,4,True,DCT,70,228352,20011,11.411324,0.701058,41.0035,0.968438,38.6317,42.5825,0.955248,0.974576,False,2.7262,2.8086,3.3062,3.3519,0.125489,0.078314
CHNCXR_0477_1,Shenzhen,1,4,True,DCT,90,228352,38718,5.897825,1.356432,44.1254,0.98317,41.7493,45.709,0.977253,0.985996,False,2.9133,2.9933,3.5353,3.5703,0.204599,0.142695
CHNCXR_0478_1,Shenzhen,1,1,True,DCT,10,242688,4082,59.453209,0.13456,32.4538,0.836451,31.9363,32.6968,0.79,0.858709,False,1.72,1.8701,2.282,2.2957,0.066478,0.021391
CHNCXR_0478_1,Shenzhen,1,1,True,DCT,20,242688,7340,33.06376,0.241957,35.8559,0.906963,35.0377,36.2615,0.882245,0.919442,False,2.1095,2.212,2.8556,2.9151,0.07836,0.032488
CHNCXR_0478_1,Shenzhen,1,1,True,DCT,30,242688,9976,24.327185,0.32885,37.7186,0.933662,36.7244,38.2278,0.916522,0.942603,False,2.3064,2.3651,3.074,3.1048,0.08728,0.040757
CHNCXR_0478_1,Shenzhen,1,1,True,DCT,50,242688,14304,16.966443,0.471519,39.9293,0.956537,38.6416,40.6271,0.943972,0.963083,False,2.4964,2.5724,3.2548,3.2954,0.129292,0.060466
CHNCXR_0478_1,Shenzhen,1,1,True,DCT,70,242688,20053,12.102329,0.66103,41.9399,0.970847,40.3756,42.8361,0.961522,0.975625,False,2.6092,2.6724,3.3738,3.4165,0.131852,0.077331
CHNCXR_0478_1,Shenzhen,1,1,True,DCT,90,242688,38249,6.34495,1.260845,45.5257,0.985817,43.5691,46.7448,0.981117,0.988248,False,2.8272,2.8984,3.5376,3.5698,0.205856,0.141467
CHNCXR_0479_1,Shenzhen,1,2,True,DCT,10,240640,4384,54.890511,0.145745,32.5056,0.843174,30.6336,33.4943,0.781545,0.868003,False,1.9131,2.1054,2.218,2.2364,0.068085,0.022324
CHNCXR_0479_1,Shenzhen,1,2,True,DCT,20,240640,7707,31.223563,0.256217,35.5585,0.908537,33.3531,36.8077,0.869483,0.924457,False,2.2704,2.3766,2.7951,2.8328,0.079825,0.033936
CHNCXR_0479_1,Shenzhen,1,2,True,DCT,30,240640,10583,22.738354,0.351828,37.1523,0.933126,34.8537,38.4811,0.905036,0.94475,False,2.449,2.5283,3.0037,3.0263,0.089816,0.043472
CHNCXR_0479_1,Shenzhen,1,2,True,DCT,50,240640,15257,15.772432,0.507214,39.0205,0.954125,36.5917,40.4661,0.93415,0.962385,False,2.6055,2.7161,3.1868,3.2371,0.112462,0.059481
CHNCXR_0479_1,Shenzhen,1,2,True,DCT,70,240640,21296,11.299775,0.707979,40.7331,0.967054,38.1739,42.3025,0.953518,0.972835,False,2.7277,2.8313,3.3156,3.3589,0.138898,0.083164
CHNCXR_0479_1,Shenzhen,1,2,True,DCT,90,240640,41326,5.822969,1.37387,43.8493,0.982456,41.3183,45.3912,0.976592,0.985079,False,2.9372,3.0151,3.5368,3.5707,0.246595,0.150841
CHNCXR_0480_1,Shenzhen,1,0,True,DCT,10,251904,4260,59.132394,0.13529,32.9328,0.850052,31.1312,33.7416,0.793785,0.869385,False,1.8909,2.0282,2.1406,2.1531,0.066553,0.021565
CHNCXR_0480_1,Shenzhen,1,0,True,DCT,20,251904,7599,33.149625,0.24133,36.0497,0.913696,34.0168,37.0043,0.880825,0.92545,False,2.2617,2.3425,2.7286,2.7827,0.080875,0.034187
CHNCXR_0480_1,Shenzhen,1,0,True,DCT,30,251904,10300,24.456699,0.327109,37.7274,0.937234,35.5706,38.7655,0.912825,0.945999,False,2.4343,2.526,2.954,2.9771,0.094259,0.044474
CHNCXR_0480_1,Shenzhen,1,0,True,DCT,50,251904,14828,16.9884,0.47091,39.6116,0.95634,37.4117,40.6796,0.940816,0.961943,False,2.6151,2.719,3.1634,3.2076,0.110734,0.060399
CHNCXR_0480_1,Shenzhen,1,0,True,DCT,70,251904,20675,12.18399,0.656599,41.2934,0.968311,38.9898,42.4357,0.957776,0.972254,False,2.7422,2.8213,3.291,3.3344,0.138356,0.081876
CHNCXR_0480_1,Shenzhen,1,0,True,DCT,90,251904,40728,6.185032,1.293445,44.376,0.982712,42.0782,45.514,0.978474,0.984385,False,2.9552,3.0219,3.5101,3.5463,0.238086,0.147799
CHNCXR_0481_1,Shenzhen,1,4,False,DCT,10,257024,3803,67.584539,0.11837,33.3092,0.850235,,,,,,1.724,1.8438,2.0774,2.1002,0.08263,0.019247
CHNCXR_0481_1,Shenzhen,1,4,False,DCT,20,257024,6898,37.260655,0.214704,36.6591,0.917057,,,,,,2.1244,2.2183,2.7136,2.7749,0.080594,0.032471
CHNCXR_0481_1,Shenzhen,1,4,False,DCT,30,257024,9377,27.410046,0.291864,38.526,0.94194,,,,,,2.2935,2.3549,2.9446,2.9772,0.089782,0.039721
CHNCXR_0481_1,Shenzhen,1,4,False,DCT,50,257024,13504,19.033175,0.420319,40.5781,0.961357,,,,,,2.5012,2.5511,3.1309,3.1673,0.109322,0.05444
CHNCXR_0481_1,Shenzhen,1,4,False,DCT,70,257024,19042,13.497742,0.592692,42.4353,0.97317,,,,,,2.6258,2.683,3.2817,3.3295,0.130929,0.073669
CHNCXR_0481_1,Shenzhen,1,4,False,DCT,90,257024,37333,6.884633,1.162008,45.9137,0.986534,,,,,,2.8083,2.8628,3.4963,3.5321,0.210932,0.143924
CHNCXR_0482_1,Shenzhen,1,3,False,DCT,10,238080,4230,56.283688,0.142137,32.6089,0.839294,,,,,,1.9352,2.0969,2.1561,2.1697,0.06652,0.021284
CHNCXR_0482_1,Shenzhen,1,3,False,DCT,20,238080,7529,31.621729,0.252991,35.7135,0.90664,,,,,,2.2877,2.3702,2.7601,2.8062,0.077179,0.032112
CHNCXR_0482_1,Shenzhen,1,3,False,DCT,30,238080,10229,23.275002,0.343716,37.3204,0.931003,,,,,,2.4462,2.545,2.9809,3.0044,0.090143,0.044162
CHNCXR_0482_1,Shenzhen,1,3,False,DCT,50,238080,14840,16.043127,0.498656,39.0906,0.951366,,,,,,2.6107,2.6928,3.1834,3.2325,0.111565,0.060477
CHNCXR_0482_1,Shenzhen,1,3,False,DCT,70,238080,20832,11.428571,0.7,40.7561,0.965056,,,,,,2.7269,2.7926,3.3061,3.342,0.160343,0.104662
CHNCXR_0482_1,Shenzhen,1,3,False,DCT,90,238080,41058,5.798626,1.379637,43.793,0.981041,,,,,,2.9024,2.9635,3.5138,3.5508,0.222344,0.155056
CHNCXR_0483_1,Shenzhen,1,4,False,DCT,10,257024,3450,74.49971,0.107383,33.7318,0.851834,,,,,,1.6635,1.7855,1.9368,1.981,0.068354,0.019759
CHNCXR_0483_1,Shenzhen,1,4,False,DCT,20,257024,6191,41.515749,0.192698,37.2462,0.921069,,,,,,2.071,2.1766,2.5957,2.6333,0.076443,0.029064
CHNCXR_0483_1,Shenzhen,1,4,False,DCT,30,257024,8477,30.32016,0.263851,39.0976,0.944886,,,,,,2.2699,2.3393,2.8577,2.8986,0.087305,0.037465
CHNCXR_0483_1,Shenzhen,1,4,False,DCT,50,257024,12289,20.914965,0.382501,41.2589,0.963615,,,,,,2.4885,2.5766,3.0951,3.1196,0.10115,0.051762
CHNCXR_0483_1,Shenzhen,1,4,False,DCT,70,257024,17469,14.713149,0.543731,43.1466,0.973449,,,,,,2.6381,2.7163,3.2491,3.2985,0.192355,0.069593
CHNCXR_0483_1,Shenzhen,1,4,False,DCT,90,257024,34389,7.474018,1.070375,46.5081,0.987496,,,,,,2.8886,2.939,3.4742,3.5119,0.210757,0.133105
CHNCXR_0484_1,Shenzhen,1,4,False,DCT,10,244224,3713,65.775384,0.121626,33.2206,0.854005,,,,,,1.7747,1.8776,2.1294,2.1522,0.066569,0.019013
CHNCXR_0484_1,Shenzhen,1,4,False,DCT,20,244224,6512,37.503686,0.213312,36.6056,0.917482,,,,,,2.1616,2.2359,2.7625,2.8213,0.074193,0.029677
CHNCXR_0484_1,Shenzhen,1,4,False,DCT,30,244224,8786,27.79695,0.287801,38.5399,0.941855,,,,,,2.3407,2.3932,3.0015,3.0369,0.083964,0.036528
CHNCXR_0484_1,Shenzhen,1,4,False,DCT,50,244224,12670,19.27577,0.415029,40.7221,0.961639,,,,,,2.5419,2.5893,3.2057,3.2366,0.097559,0.069348
CHNCXR_0484_1,Shenzhen,1,4,False,DCT,70,244224,17845,13.68585,0.584545,42.6666,0.974049,,,,,,2.667,2.7146,3.3284,3.3746,0.122224,0.069529
CHNCXR_0484_1,Shenzhen,1,4,False,DCT,90,244224,34830,7.011886,1.14092,46.2995,0.987259,,,,,,2.8599,2.925,3.5282,3.5665,0.196996,0.128758
CHNCXR_0485_1,Shenzhen,1,1,False,DCT,10,257536,3890,66.204627,0.120837,33.1712,0.848962,,,,,,1.7509,1.8787,2.1019,2.1237,0.061699,0.020273
CHNCXR_0485_1,Shenzhen,1,1,False,DCT,20,257536,7009,36.743615,0.217725,36.5285,0.915291,,,,,,2.1304,2.2202,2.7219,2.7927,0.078474,0.030407
CHNCXR_0485_1,Shenzhen,1,1,False,DCT,30,257536,9514,27.069161,0.295539,38.3311,0.939851,,,,,,2.3224,2.4028,2.9466,2.9763,0.108057,0.042023
CHNCXR_0485_1,Shenzhen,1,1,False,DCT,50,257536,13822,18.632325,0.429361,40.4692,0.960112,,,,,,2.5162,2.5841,3.1531,3.1913,0.110368,0.057404
CHNCXR_0485_1,Shenzhen,1,1,False,DCT,70,257536,19539,13.180613,0.606952,42.3018,0.972549,,,,,,2.6432,2.7148,3.3015,3.3457,0.134533,0.078125
CHNCXR_0485_1,Shenzhen,1,1,False,DCT,90,257536,38110,6.757701,1.183834,45.7902,0.98622,,,,,,2.8472,2.9144,3.5009,3.5357,0.211963,0.143626
CHNCXR_0486_1,Shenzhen,1,3,False,DCT,10,246272,4154,59.285508,0.13494,32.8487,0.848343,,,,,,1.8932,2.0487,2.103,2.1214,0.086103,0.021966
CHNCXR_0486_1,Shenzhen,1,3,False,DCT,20,246272,7445,33.078845,0.241846,36.019,0.912906,,,,,,2.2551,2.3522,2.7217,2.7713,0.079676,0.033213
CHNCXR_0486_1,Shenzhen,1,3,False,DCT,30,246272,10022,24.573139,0.325559,37.64,0.935564,,,,,,2.4317,2.5015,2.9497,2.9722,0.092903,0.04425
CHNCXR_0486_1,Shenzhen,1,3,False,DCT,50,246272,14491,16.994824,0.470732,39.4152,0.954652,,,,,,2.6185,2.7241,3.1639,3.2056,0.114686,0.059758
CHNCXR_0486_1,Shenzhen,1,3,False,DCT,70,246272,20408,12.067425,0.662942,41.0112,0.96658,,,,,,2.7429,2.8624,3.314,3.354,0.141204,0.079956
CHNCXR_0486_1,Shenzhen,1,3,False,DCT,90,246272,40549,6.073442,1.31721,44.029,0.981739,,,,,,2.9536,3.0325,3.5374,3.5707,0.225234,0.162301
CHNCXR_0487_1,Shenzhen,1,2,False,DCT,10,258048,3920,65.828571,0.121528,33.1276,0.852278,,,,,,1.7665,1.8943,2.1591,2.1784,0.066644,0.021337
CHNCXR_0487_1,Shenzhen,1,2,False,DCT,20,258048,6930,37.236364,0.214844,36.4484,0.916589,,,,,,2.1527,2.2287,2.7801,2.8418,0.081166,0.031825
CHNCXR_0487_1,Shenzhen,1,2,False,DCT,30,258048,9401,27.448995,0.29145,38.3284,0.94111,,,,,,2.3277,2.3852,3.0115,3.0424,0.091556,0.041909
CHNCXR_0487_1,Shenzhen,1,2,False,DCT,50,258048,13558,19.032896,0.420325,40.4837,0.960822,,,,,,2.5244,2.5692,3.2097,3.2408,0.109422,0.056286
CHNCXR_0487_1,Shenzhen,1,2,False,DCT,70,258048,19075,13.528073,0.591363,42.389,0.973297,,,,,,2.6385,2.6897,3.3128,3.3604,0.133347,0.079225
CHNCXR_0487_1,Shenzhen,1,2,False,DCT,90,258048,37183,6.939946,1.152747,45.8566,0.986612,,,,,,2.8201,2.8566,3.4974,3.5335,0.219779,0.149058
CHNCXR_0488_1,Shenzhen,1,3,False,DCT,10,238080,3782,62.95082,0.127083,33.0392,0.844774,,,,,,1.8524,1.9868,2.0346,2.053,0.062123,0.019468
CHNCXR_0488_1,Shenzhen,1,3,False,DCT,20,238080,6831,34.852877,0.229536,36.1507,0.908744,,,,,,2.2314,2.3067,2.6617,2.7321,0.092608,0.029724
CHNCXR_0488_1,Shenzhen,1,3,False,DCT,30,238080,9290,25.627557,0.312164,37.7635,0.932354,,,,,,2.4082,2.4817,2.9023,2.9303,0.086227,0.038914
CHNCXR_0488_1,Shenzhen,1,3,False,DCT,50,238080,13499,17.636862,0.453595,39.5324,0.952038,,,,,,2.5852,2.6647,3.1339,3.1743,0.104891,0.053529
CHNCXR_0488_1,Shenzhen,1,3,False,DCT,70,238080,19212,12.392255,0.645565,41.1533,0.964674,,,,,,2.7042,2.786,3.2742,3.3136,0.128083,0.074874
CHNCXR_0488_1,Shenzhen,1,3,False,DCT,90,238080,38923,6.116692,1.307897,44.0838,0.980219,,,,,,2.9034,2.9836,3.4866,3.5222,0.225433,0.15532
CHNCXR_0489_1,Shenzhen,1,0,False,DCT,10,241152,4593,52.504246,0.152369,32.1585,0.829983,,,,,,1.9009,2.041,2.4367,2.447,0.066101,0.022519
CHNCXR_0489_1,Shenzhen,1,0,False,DCT,20,241152,8074,29.867724,0.267848,35.3916,0.903211,,,,,,2.2583,2.3263,2.9787,3.014,0.080619,0.034491
CHNCXR_0489_1,Shenzhen,1,0,False,DCT,30,241152,10942,22.039115,0.362991,37.1104,0.93026,,,,,,2.4307,2.4735,3.1594,3.1815,0.102284,0.048791
CHNCXR_0489_1,Shenzhen,1,0,False,DCT,50,241152,15763,15.298611,0.522923,39.2722,0.95398,,,,,,2.6012,2.657,3.3148,3.3668,0.141017,0.0616
CHNCXR_0489_1,Shenzhen,1,0,False,DCT,70,241152,21832,11.045804,0.724257,41.2614,0.968669,,,,,,2.7058,2.7468,3.401,3.4424,0.146848,0.087002
CHNCXR_0489_1,Shenzhen,1,0,False,DCT,90,241152,41232,5.848661,1.367834,44.8773,0.984879,,,,,,2.8706,2.919,3.5595,3.5902,0.226834,0.15336
CHNCXR_0490_1,Shenzhen,1,4,False,DCT,10,262144,3706,70.735024,0.113098,33.2862,0.843928,,,,,,1.8023,1.8887,1.9848,2.0194,0.072173,0.02263
CHNCXR_0490_1,Shenzhen,1,4,False,DCT,20,262144,6712,39.056019,0.204834,36.4094,0.908424,,,,,,2.2047,2.2678,2.6246,2.6787,0.105679,0.033144
CHNCXR_0490_1,Shenzhen,1,4,False,DCT,30,262144,9287,28.226984,0.283417,38.0666,0.932623,,,,,,2.3816,2.4233,2.9147,2.9495,0.10171,0.043226
CHNCXR_0490_1,Shenzhen,1,4,False,DCT,50,262144,13597,19.279547,0.414948,39.9331,0.953296,,,,,,2.5863,2.6497,3.1253,3.1604,0.115863,0.060783
CHNCXR_0490_1,Shenzhen,1,4,False,DCT,70,262144,19560,13.402045,0.596924,41.6826,0.966507,,,,,,2.7246,2.783,3.2572,3.3019,0.138245,0.084489
CHNCXR_0490_1,Shenzhen,1,4,False,DCT,90,262144,39593,6.620968,1.208282,45.0758,0.982751,,,,,,2.9342,2.9678,3.4846,3.5214,0.221801,0.152408
CHNCXR_0491_1,Shenzhen,1,2,False,DCT,10,239104,4007,59.671575,0.134067,32.794,0.849013,,,,,,1.9186,2.0466,2.1318,2.1444,0.068918,0.02105
CHNCXR_0491_1,Shenzhen,1,2,False,DCT,20,239104,7262,32.925365,0.242974,35.8268,0.911839,,,,,,2.2867,2.3633,2.7645,2.8181,0.099276,0.031931
CHNCXR_0491_1,Shenzhen,1,2,False,DCT,30,239104,9901,24.14948,0.33127,37.422,0.935523,,,,,,2.4609,2.5416,2.9853,3.0045,0.094996,0.044523
CHNCXR_0491_1,Shenzhen,1,2,False,DCT,50,239104,14312,16.70654,0.478854,39.2693,0.95548,,,,,,2.6504,2.7381,3.1744,3.2181,0.112938,0.060826
CHNCXR_0491_1,Shenzhen,1,2,False,DCT,70,239104,20006,11.951615,0.669366,40.9128,0.967824,,,,,,2.7864,2.8957,3.2955,3.3396,0.136019,0.078377
CHNCXR_0491_1,Shenzhen,1,2,False,DCT,90,239104,39380,6.071712,1.317586,44.1122,0.982873,,,,,,2.9985,3.0765,3.5352,3.5717,0.213299,0.146599
CHNCXR_0492_1,Shenzhen,1,1,False,DCT,10,240128,4502,53.338072,0.149987,32.3369,0.844213,,,,,,1.9055,2.0765,2.2761,2.2915,0.065319,0.021531
CHNCXR_0492_1,Shenzhen,1,1,False,DCT,20,240128,8080,29.718812,0.26919,35.4295,0.910176,,,,,,2.2762,2.388,2.8329,2.8643,0.084419,0.034953
CHNCXR_0492_1,Shenzhen,1,1,False,DCT,30,240128,11015,21.800091,0.366971,37.067,0.934955,,,,,,2.4502,2.5882,3.0351,3.0575,0.09899,0.04914
CHNCXR_0492_1,Shenzhen,1,1,False,DCT,50,240128,15831,15.168214,0.527419,38.9431,0.955377,,,,,,2.6306,2.7534,3.2042,3.2573,0.137643,0.062079
CHNCXR_0492_1,Shenzhen,1,1,False,DCT,70,240128,22006,10.911933,0.733142,40.6876,0.968502,,,,,,2.7561,2.8819,3.3244,3.3656,0.138462,0.083996
CHNCXR_0492_1,Shenzhen,1,1,False,DCT,90,240128,41972,5.721147,1.398321,43.8978,0.983458,,,,,,2.97,3.0471,3.5317,3.5633,0.222476,0.157705
CHNCXR_0493_1,Shenzhen,1,4,False,DCT,10,225280,3905,57.690141,0.138672,32.6705,0.840966,,,,,,1.8918,2.098,2.164,2.1746,0.058979,0.019047
CHNCXR_0493_1,Shenzhen,1,4,False,DCT,20,225280,6957,32.381774,0.247053,35.7853,0.908515,,,,,,2.2538,2.3739,2.7658,2.8153,0.069927,0.030469
CHNCXR_0493_1,Shenzhen,1,4,False,DCT,30,225280,9438,23.869464,0.335156,37.4464,0.933152,,,,,,2.4205,2.5332,2.9717,2.9926,0.084994,0.038885
CHNCXR_0493_1,Shenzhen,1,4,False,DCT,50,225280,13693,16.452202,0.486257,39.2926,0.953543,,,,,,2.5832,2.6966,3.1639,3.2117,0.103202,0.055983
CHNCXR_0493_1,Shenzhen,1,4,False,DCT,70,225280,19198,11.734556,0.681747,40.9502,0.966554,,,,,,2.6983,2.7994,3.291,3.3326,0.176001,0.069816
CHNCXR_0493_1,Shenzhen,1,4,False,DCT,90,225280,37707,5.974487,1.339027,44.0527,0.982092,,,,,,2.8869,2.9562,3.5144,3.5512,0.218642,0.141258
CHNCXR_0494_1,Shenzhen,1,3,False,DCT,10,224768,3965,56.68802,0.141123,32.6784,0.846498,,,,,,1.8898,2.0474,2.1997,2.2117,0.062454,0.019074
CHNCXR_0494_1,Shenzhen,1,3,False,DCT,20,224768,7107,31.626284,0.252954,35.7913,0.91159,,,,,,2.268,2.377,2.7781,2.827,0.094107,0.030715
CHNCXR_0494_1,Shenzhen,1,3,False,DCT,30,224768,9702,23.167182,0.345316,37.4798,0.935405,,,,,,2.4477,2.5534,3.0026,3.0242,0.089294,0.037682
CHNCXR_0494_1,Shenzhen,1,3,False,DCT,50,224768,13974,16.084729,0.497366,39.3936,0.956019,,,,,,2.6157,2.7259,3.1856,3.235,0.122326,0.055728
CHNCXR_0494_1,Shenzhen,1,3,False,DCT,70,224768,19425,11.571068,0.69138,41.1339,0.968751,,,,,,2.7345,2.8312,3.2975,3.3418,0.127744,0.075727
CHNCXR_0494_1,Shenzhen,1,3,False,DCT,90,224768,37680,5.96518,1.341116,44.2708,0.983248,,,,,,2.9389,3.0153,3.5161,3.5486,0.211545,0.136332
CHNCXR_0495_1,Shenzhen,1,1,False,DCT,10,248320,4182,59.378288,0.134729,32.9559,0.85206,,,,,,1.8721,2.0238,2.1245,2.1418,0.066701,0.025285
CHNCXR_0495_1,Shenzhen,1,1,False,DCT,20,248320,7427,33.434765,0.239272,36.1052,0.914514,,,,,,2.2423,2.3453,2.7257,2.7828,0.077191,0.03123
CHNCXR_0495_1,Shenzhen,1,1,False,DCT,30,248320,10036,24.742925,0.323325,37.7466,0.937346,,,,,,2.4313,2.5228,2.9558,2.9802,0.089855,0.042354
CHNCXR_0495_1,Shenzhen,1,1,False,DCT,50,248320,14573,17.039731,0.469491,39.6318,0.95668,,,,,,2.6182,2.7264,3.1811,3.2238,0.126407,0.057781
CHNCXR_0495_1,Shenzhen,1,1,False,DCT,70,248320,20351,12.201857,0.655638,41.2585,0.968439,,,,,,2.7362,2.8486,3.3078,3.3465,0.140969,0.080859
CHNCXR_0495_1,Shenzhen,1,1,False,DCT,90,248320,40126,6.188506,1.292719,44.3372,0.983023,,,,,,2.948,3.019,3.5259,3.562,0.236401,0.154287
CHNCXR_0496_1,Shenzhen,1,1,False,DCT,10,228352,3667,62.272157,0.128468,32.8041,0.841187,,,,,,1.8273,1.9568,2.186,2.1985,0.057172,0.016593
CHNCXR_0496_1,Shenzhen,1,1,False,DCT,20,228352,6567,34.772651,0.230066,36.0473,0.908317,,,,,,2.1893,2.2609,2.8385,2.9088,0.082953,0.034807
CHNCXR_0496_1,Shenzhen,1,1,False,DCT,30,228352,8912,25.62298,0.31222,37.9274,0.934156,,,,,,2.3626,2.4227,3.061,3.0839,0.077674,0.036639
CHNCXR_0496_1,Shenzhen,1,1,False,DCT,50,228352,12999,17.56689,0.455402,39.9643,0.955699,,,,,,2.543,2.618,3.2319,3.2703,0.099525,0.052381
CHNCXR_0496_1,Shenzhen,1,1,False,DCT,70,228352,18235,12.522731,0.638838,41.8677,0.969478,,,,,,2.6619,2.702,3.3277,3.3695,0.118994,0.068721
CHNCXR_0496_1,Shenzhen,1,1,False,DCT,90,228352,35431,6.444978,1.241277,45.2659,0.98468,,,,,,2.8323,2.889,3.5076,3.5388,0.211659,0.130754
CHNCXR_0497_1,Shenzhen,1,1,False,DCT,10,232448,3922,59.267721,0.134981,32.3416,0.832637,,,,,,1.7823,1.9219,2.3157,2.3267,0.060798,0.018982
CHNCXR_0497_1,Shenzhen,1,1,False,DCT,20,232448,6997,33.221095,0.240811,35.8,0.905661,,,,,,2.1525,2.2385,2.8953,2.9537,0.07572,0.03024
CHNCXR_0497_1,Shenzhen,1,1,False,DCT,30,232448,9511,24.439912,0.327333,37.7175,0.932904,,,,,,2.3266,2.3687,3.1074,3.1285,0.087826,0.03898
CHNCXR_0497_1,Shenzhen,1,1,False,DCT,50,232448,13802,16.841617,0.475014,39.8369,0.955341,,,,,,2.5178,2.5754,3.2804,3.3222,0.10404,0.055378
CHNCXR_0497_1,Shenzhen,1,1,False,DCT,70,232448,19314,12.035208,0.664716,41.7372,0.9695,,,,,,2.6327,2.6933,3.3773,3.4225,0.125027,0.073381
CHNCXR_0497_1,Shenzhen,1,1,False,DCT,90,232448,37046,6.274578,1.274986,45.1953,0.984778,,,,,,2.8152,2.8843,3.5366,3.569,0.201312,0.136009
CHNCXR_0498_1,Shenzhen,1,2,False,DCT,10,229376,4086,56.137053,0.142508,32.3853,0.836377,,,,,,1.9139,2.0419,2.232,2.2445,0.063777,0.022065
CHNCXR_0498_1,Shenzhen,1,2,False,DCT,20,229376,7388,31.047103,0.257673,35.3481,0.902804,,,,,,2.2795,2.3574,2.8043,2.8431,0.075981,0.031511
CHNCXR_0498_1,Shenzhen,1,2,False,DCT,30,229376,10151,22.596394,0.354039,36.9359,0.928624,,,,,,2.4543,2.5106,3.0125,3.033,0.08866,0.043351
CHNCXR_0498_1,Shenzhen,1,2,False,DCT,50,229376,14735,15.566746,0.513916,38.7685,0.95022,,,,,,2.6422,2.7093,3.187,3.2421,0.107377,0.058713
CHNCXR_0498_1,Shenzhen,1,2,False,DCT,70,229376,20742,11.058529,0.723424,40.3972,0.964012,,,,,,2.7593,2.8549,3.3036,3.3456,0.151764,0.099582
CHNCXR_0498_1,Shenzhen,1,2,False,DCT,90,229376,40643,5.643678,1.417515,43.5099,0.980838,,,,,,2.9557,3.043,3.5179,3.5531,0.252069,0.154797
CHNCXR_0499_1,Shenzhen,1,2,False,DCT,10,258560,4094,63.155838,0.126671,32.9236,0.834398,,,,,,1.8481,1.9736,2.0452,2.0681,0.067458,0.022863
CHNCXR_0499_1,Shenzhen,1,2,False,DCT,20,258560,7510,34.428762,0.232364,35.9662,0.902174,,,,,,2.2263,2.3047,2.6922,2.7507,0.084815,0.036177
CHNCXR_0499_1,Shenzhen,1,2,False,DCT,30,258560,10217,25.306842,0.31612,37.5251,0.926939,,,,,,2.3784,2.4644,2.9066,2.9329,0.097736,0.045943
CHNCXR_0499_1,Shenzhen,1,2,False,DCT,50,258560,15001,17.236184,0.46414,39.2491,0.9475,,,,,,2.5788,2.656,3.1374,3.1784,0.117186,0.059981
CHNCXR_0499_1,Shenzhen,1,2,False,DCT,70,258560,21406,12.078856,0.662314,40.827,0.961553,,,,,,2.7061,2.7917,3.2828,3.3207,0.193472,0.090179
CHNCXR_0499_1,Shenzhen,1,2,False,DCT,90,258560,43398,5.957878,1.34276,43.7053,0.978419,,,,,,2.8836,2.9604,3.4929,3.5281,0.242064,0.160499
CHNCXR_0500_1,Shenzhen,1,3,False,DCT,10,223744,4388,50.989973,0.156894,32.1923,0.8426,,,,,,1.9191,2.121,2.2994,2.3138,0.060855,0.020981
CHNCXR_0500_1,Shenzhen,1,3,False,DCT,20,223744,7771,28.792176,0.277853,35.3628,0.910617,,,,,,2.2724,2.4043,2.8195,2.8555,0.076342,0.032598
CHNCXR_0500_1,Shenzhen,1,3,False,DCT,30,223744,10560,21.187879,0.377574,37.0087,0.935519,,,,,,2.44,2.5599,3.0269,3.0519,0.087885,0.043724
CHNCXR_0500_1,Shenzhen,1,3,False,DCT,50,223744,15084,14.833201,0.539331,38.8994,0.955859,,,,,,2.5904,2.6884,3.2107,3.26,0.108904,0.061408
CHNCXR_0500_1,Shenzhen,1,3,False,DCT,70,223744,20963,10.673281,0.749535,40.5865,0.968407,,,,,,2.7144,2.8202,3.3278,3.3665,0.173559,0.086898
CHNCXR_0500_1,Shenzhen,1,3,False,DCT,90,223744,39902,5.607338,1.426702,43.8198,0.983488,,,,,,2.8942,2.9594,3.5292,3.5632,0.240928,0.152904
CHNCXR_0501_1,Shenzhen,1,3,True,DCT,10,217088,3932,55.21058,0.1449,32.4606,0.840119,30.9625,33.4214,0.790161,0.865777,False,1.9078,2.1026,2.2225,2.2365,0.074437,0.029848
CHNCXR_0501_1,Shenzhen,1,3,True,DCT,20,217088,6956,31.208741,0.256338,35.4816,0.907101,33.7858,36.6177,0.878352,0.921934,False,2.2663,2.3838,2.7864,2.8276,0.093343,0.028913
CHNCXR_0501_1,Shenzhen,1,3,True,DCT,30,217088,9548,22.736489,0.351857,37.1118,0.932171,35.3127,38.3457,0.910645,0.943561,False,2.436,2.559,3.024,3.048,0.081263,0.039397
CHNCXR_0501_1,Shenzhen,1,3,True,DCT,50,217088,13610,15.950625,0.501548,38.934,0.95256,37.006,40.2964,0.937392,0.960589,False,2.5892,2.684,3.1966,3.2451,0.103737,0.054144
CHNCXR_0501_1,Shenzhen,1,3,True,DCT,70,217088,19187,11.314327,0.707068,40.5604,0.965514,38.5718,41.9861,0.955465,0.970973,False,2.7202,2.8063,3.3352,3.376,0.126571,0.076418
CHNCXR_0501_1,Shenzhen,1,3,True,DCT,90,217088,37454,5.796123,1.380233,43.7499,0.981739,41.7103,45.2302,0.977518,0.984146,False,2.9004,2.9705,3.5139,3.5505,0.202771,0.138478
CHNCXR_0502_1,Shenzhen,1,0,False,DCT,10,221696,3715,59.675908,0.134057,32.851,0.84384,,,,,,1.8851,2.0401,2.1072,2.1191,0.061673,0.019227
CHNCXR_0502_1,Shenzhen,1,0,False,DCT,20,221696,6680,33.188024,0.241051,36.0748,0.913303,,,,,,2.2514,2.3324,2.7069,2.76,0.07418,0.031865
CHNCXR_0502_1,Shenzhen,1,0,False,DCT,30,221696,9040,24.523894,0.326212,37.7224,0.937539,,,,,,2.4197,2.5119,2.9397,2.9603,0.081165,0.037801
CHNCXR_0502_1,Shenzhen,1,0,False,DCT,50,221696,12924,17.153822,0.466368,39.5402,0.956567,,,,,,2.5971,2.6759,3.1431,3.1847,0.097972,0.053674
CHNCXR_0502_1,Shenzhen,1,0,False,DCT,70,221696,18159,12.208602,0.655276,41.1879,0.96864,,,,,,2.7117,2.7773,3.2867,3.326,0.122049,0.070773
CHNCXR_0502_1,Shenzhen,1,0,False,DCT,90,221696,35931,6.170048,1.296586,44.3636,0.983319,,,,,,2.8942,2.9616,3.512,3.5507,0.198494,0.137561
CHNCXR_0503_1,Shenzhen,1,1,True,DCT,10,243712,4669,52.197901,0.153263,32.2297,0.844029,30.3657,33.3982,0.791303,0.868881,False,1.9286,2.1128,2.2893,2.3019,0.068254,0.024674
CHNCXR_0503_1,Shenzhen,1,1,True,DCT,20,243712,8241,29.57311,0.270516,35.2999,0.911108,33.1666,36.7212,0.877458,0.927105,False,2.2844,2.3924,2.8095,2.848,0.087021,0.036852
CHNCXR_0503_1,Shenzhen,1,1,True,DCT,30,243712,11207,21.746408,0.367877,36.9146,0.934886,34.7115,38.4068,0.910034,0.946761,False,2.4634,2.6,3.0132,3.0387,0.100491,0.047803
CHNCXR_0503_1,Shenzhen,1,1,True,DCT,50,243712,16131,15.108301,0.52951,38.7673,0.955438,36.4558,40.3741,0.938056,0.96372,False,2.6423,2.7393,3.1912,3.2453,0.121662,0.067805
CHNCXR_0503_1,Shenzhen,1,1,True,DCT,70,243712,22319,10.919486,0.732635,40.5017,0.968315,38.0961,42.2131,0.956893,0.973876,False,2.7575,2.8727,3.3103,3.3515,0.148367,0.089149
CHNCXR_0503_1,Shenzhen,1,1,True,DCT,90,243712,42736,5.702733,1.402836,43.7491,0.983405,41.3332,45.4723,0.978685,0.98579,False,2.9683,3.043,3.5412,3.5749,0.258007,0.164929
CHNCXR_0504_1,Shenzhen,1,1,True,DCT,10,259072,3698,70.057328,0.114192,33.4618,0.847209,32.3943,33.936,0.790107,0.869629,False,1.7136,1.8379,1.9951,2.0244,0.069129,0.022623
CHNCXR_0504_1,Shenzhen,1,1,True,DCT,20,259072,6804,38.076426,0.210104,36.8184,0.91641,35.352,37.5196,0.879672,0.931096,False,2.1012,2.2019,2.6822,2.7406,0.081586,0.033256
CHNCXR_0504_1,Shenzhen,1,1,True,DCT,30,259072,9273,27.938316,0.286345,38.6503,0.942031,37.0807,39.416,0.914765,0.95276,False,2.2941,2.3647,2.9104,2.9481,0.0995,0.042581
CHNCXR_0504_1,Shenzhen,1,1,True,DCT,50,259072,13427,19.294854,0.414618,40.8268,0.961944,39.0236,41.7477,0.943473,0.969309,False,2.4992,2.5718,3.1197,3.1541,0.131901,0.058789
CHNCXR_0504_1,Shenzhen,1,1,True,DCT,70,259072,19044,13.603865,0.588068,42.729,0.973722,40.8049,43.736,0.961557,0.978448,False,2.6323,2.7048,3.2677,3.3148,0.149846,0.076737
CHNCXR_0504_1,Shenzhen,1,1,True,DCT,90,259072,36931,7.015028,1.140409,46.2499,0.987266,44.0642,47.4581,0.981237,0.989715,False,2.8552,2.9111,3.4897,3.5231,0.210389,0.149631
CHNCXR_0505_1,Shenzhen,1,0,False,DCT,10,234496,4065,57.686593,0.13868,32.7321,0.842454,,,,,,1.882,2.0353,2.1678,2.1862,0.065936,0.021172
CHNCXR_0505_1,Shenzhen,1,0,False,DCT,20,234496,7256,32.31753,0.247544,35.9369,0.909986,,,,,,2.2534,2.3429,2.733,2.7835,0.077479,0.034611
CHNCXR_0505_1,Shenzhen,1,0,False,DCT,30,234496,9886,23.720008,0.337268,37.5668,0.933741,,,,,,2.4406,2.5132,2.9747,2.9997,0.102322,0.042154
CHNCXR_0505_1,Shenzhen,1,0,False,DCT,50,234496,14309,16.388008,0.488162,39.3806,0.95397,,,,,,2.6185,2.7163,3.1797,3.2261,0.111546,0.058039
CHNCXR_0505_1,Shenzhen,1,0,False,DCT,70,234496,20115,11.657768,0.686238,41.0246,0.966566,,,,,,2.7409,2.8473,3.3025,3.3433,0.13727,0.083719
CHNCXR_0505_1,Shenzhen,1,0,False,DCT,90,234496,39588,5.923411,1.350573,44.0264,0.981795,,,,,,2.952,3.0067,3.5266,3.5632,0.256279,0.156748
CHNCXR_0506_1,Shenzhen,1,1,True,DCT,10,233472,3972,58.779456,0.136102,32.7127,0.841212,30.974,33.5208,0.790698,0.859993,False,1.8812,2.0633,2.1245,2.1408,0.062562,0.019637
CHNCXR_0506_1,Shenzhen,1,1,True,DCT,20,233472,7152,32.644295,0.245066,35.7441,0.90697,33.8486,36.6523,0.879603,0.917403,False,2.2559,2.3646,2.7426,2.7869,0.106718,0.030174
CHNCXR_0506_1,Shenzhen,1,1,True,DCT,30,233472,9717,24.027169,0.332956,37.3566,0.931063,35.3172,38.3622,0.910514,0.939116,False,2.4219,2.5356,2.9528,2.9713,0.085185,0.04076
CHNCXR_0506_1,Shenzhen,1,1,True,DCT,50,233472,14198,16.444006,0.486499,39.1716,0.952129,37.021,40.2562,0.937728,0.957817,False,2.5828,2.6859,3.1678,3.2166,0.112205,0.070043
CHNCXR_0506_1,Shenzhen,1,1,True,DCT,70,233472,20044,11.647974,0.686815,40.8352,0.965611,38.5728,42.0028,0.955845,0.969638,False,2.7082,2.8087,3.2836,3.3253,0.139222,0.086602
CHNCXR_0506_1,Shenzhen,1,1,True,DCT,90,233472,39396,5.926287,1.349918,43.928,0.98167,41.6036,45.1433,0.977529,0.983491,False,2.8989,2.9844,3.4927,3.5272,0.224277,0.157364
CHNCXR_0507_1,Shenzhen,1,0,True,DCT,10,217600,4306,50.534138,0.158309,32.1045,0.836643,30.7963,32.99,0.797122,0.860185,False,1.976,2.1163,2.3079,2.3264,0.073298,0.021275
CHNCXR_0507_1,Shenzhen,1,0,True,DCT,20,217600,7660,28.407311,0.281618,35.1504,0.905718,33.6067,36.2515,0.8805,0.920867,False,2.321,2.3903,2.8365,2.8661,0.080915,0.035309
CHNCXR_0507_1,Shenzhen,1,0,True,DCT,30,217600,10480,20.763359,0.385294,36.7963,0.931777,35.1919,37.9569,0.913345,0.942888,False,2.4685,2.5226,3.052,3.0751,0.094266,0.047323
CHNCXR_0507_1,Shenzhen,1,0,True,DCT,50,217600,15037,14.470972,0.552831,38.6248,0.95318,36.9427,39.8638,0.940038,0.961004,False,2.6555,2.7075,3.2195,3.2677,0.112294,0.063834
CHNCXR_0507_1,Shenzhen,1,0,True,DCT,70,217600,20932,10.395567,0.769559,40.3095,0.966598,38.559,41.62,0.957782,0.972024,False,2.757,2.8096,3.3304,3.3726,0.136167,0.081525
CHNCXR_0507_1,Shenzhen,1,0,True,DCT,90,217600,40071,5.430361,1.473199,43.5388,0.982593,41.6823,44.9648,0.978603,0.9851,False,2.913,2.9754,3.5285,3.5599,0.219917,0.155567
CHNCXR_0508_1,Shenzhen,1,1,True,DCT,10,260096,4155,62.598315,0.127799,32.8333,0.843818,32.1004,33.1067,0.783976,0.866073,False,1.7698,1.9065,2.2036,2.2152,0.072574,0.022725
CHNCXR_0508_1,Shenzhen,1,1,True,DCT,20,260096,7425,35.029764,0.228377,36.3654,0.91485,35.0628,36.9013,0.874816,0.929731,False,2.1517,2.2434,2.7789,2.8509,0.08794,0.037133
CHNCXR_0508_1,Shenzhen,1,1,True,DCT,30,260096,10044,25.895659,0.308932,38.2372,0.939604,36.6891,38.903,0.910005,0.950592,False,2.3129,2.3823,3.0101,3.0379,0.120544,0.04693
CHNCXR_0508_1,Shenzhen,1,1,True,DCT,50,260096,14399,18.063477,0.442883,40.3237,0.960113,38.5089,41.1443,0.938946,0.967896,False,2.4961,2.5515,3.2,3.2365,0.113651,0.060632
CHNCXR_0508_1,Shenzhen,1,1,True,DCT,70,260096,20202,12.874765,0.621371,42.2779,0.972719,40.2172,43.2552,0.957983,0.977989,False,2.6187,2.6787,3.3289,3.3734,0.136483,0.079731
CHNCXR_0508_1,Shenzhen,1,1,True,DCT,90,260096,39144,6.644594,1.203986,45.7922,0.986441,43.4529,46.9661,0.979401,0.98904,False,2.7904,2.8389,3.5201,3.5555,0.221057,0.14676
CHNCXR_0509_1,Shenzhen,1,2,True,DCT,10,232960,4496,51.814947,0.154396,32.1244,0.8379,30.5266,33.3565,0.788899,0.867387,False,1.9366,2.1088,2.3003,2.3157,0.072182,0.022351
CHNCXR_0509_1,Shenzhen,1,2,True,DCT,20,232960,8017,29.058251,0.275309,35.1419,0.906906,33.3982,36.5352,0.877838,0.924297,False,2.283,2.3887,2.8244,2.8607,0.096216,0.035915
CHNCXR_0509_1,Shenzhen,1,2,True,DCT,30,232960,10946,21.28266,0.375893,36.7758,0.931718,34.9571,38.2565,0.911113,0.944334,False,2.4467,2.5529,3.0477,3.0744,0.097234,0.045972
CHNCXR_0509_1,Shenzhen,1,2,True,DCT,50,232960,15647,14.888477,0.537328,38.6304,0.952752,36.7257,40.2154,0.938865,0.961329,False,2.6104,2.6875,3.2213,3.2706,0.113395,0.061783
CHNCXR_0509_1,Shenzhen,1,2,True,DCT,70,232960,21825,10.673998,0.749485,40.3635,0.96632,38.3807,42.0475,0.957256,0.972083,False,2.7238,2.7958,3.3431,3.3836,0.140528,0.085045
CHNCXR_0509_1,Shenzhen,1,2,True,DCT,90,232960,41874,5.563357,1.437981,43.6551,0.982355,41.6967,45.3077,0.978941,0.984641,False,2.8932,2.952,3.5414,3.5759,0.223498,0.154792
CHNCXR_0510_1,Shenzhen,1,2,True,DCT,10,233984,4559,51.323536,0.155874,32.2212,0.838721,30.7122,33.1982,0.793442,0.863519,False,1.9632,2.1153,2.291,2.3053,0.069027,0.022201
CHNCXR_0510_1,Shenzhen,1,2,True,DCT,20,233984,8103,28.876219,0.277045,35.3559,0.907677,33.6629,36.4975,0.881101,0.922238,False,2.2915,2.3887,2.8106,2.8454,0.080919,0.035174
CHNCXR_0510_1,Shenzhen,1,2,True,DCT,30,233984,11043,21.188445,0.377564,36.9878,0.9332,35.2031,38.2165,0.913478,0.944104,False,2.4455,2.5005,3.0295,3.0505,0.091939,0.044433
CHNCXR_0510_1,Shenzhen,1,2,True,DCT,50,233984,15850,14.762397,0.541917,38.8329,0.954106,36.9799,40.1289,0.94038,0.961629,False,2.6014,2.6533,3.2089,3.2584,0.110008,0.061922
CHNCXR_0510_1,Shenzhen,1,2,True,DCT,70,233984,22114,10.580809,0.756086,40.5067,0.967345,38.6379,41.8186,0.958541,0.972317,False,2.7027,2.7516,3.3169,3.3597,0.162358,0.085946
CHNCXR_0510_1,Shenzhen,1,2,True,DCT,90,233984,42511,5.504081,1.453467,43.7094,0.982882,41.8104,45.0521,0.979195,0.985056,False,2.8468,2.8898,3.5479,3.5828,0.223034,0.158033
CHNCXR_0511_1,Shenzhen,1,3,True,DCT,10,260096,4309,60.361105,0.132536,32.4791,0.833991,32.1143,32.6219,0.80045,0.849011,False,1.7232,1.8735,2.2518,2.2615,0.072582,0.023037
CHNCXR_0511_1,Shenzhen,1,3,True,DCT,20,260096,7845,33.154366,0.241296,35.8506,0.905787,35.1626,36.135,0.887662,0.91414,False,2.1113,2.2158,2.8406,2.8931,0.106837,0.036648
CHNCXR_0511_1,Shenzhen,1,3,True,DCT,30,260096,10703,24.301224,0.329202,37.6448,0.933317,36.8055,38.0009,0.920277,0.939343,False,2.2964,2.364,3.0404,3.0637,0.099422,0.048681
CHNCXR_0511_1,Shenzhen,1,3,True,DCT,50,260096,15572,16.7028,0.478962,39.7841,0.956204,38.8187,40.2028,0.948329,0.95988,False,2.4733,2.5361,3.1941,3.2403,0.122237,0.065333
CHNCXR_0511_1,Shenzhen,1,3,True,DCT,70,260096,21819,11.92062,0.671106,41.7656,0.970578,40.6365,42.2699,0.965444,0.972837,False,2.5892,2.6528,3.3035,3.343,0.150535,0.088394
CHNCXR_0511_1,Shenzhen,1,3,True,DCT,90,260096,42039,6.187017,1.29303,45.4319,0.986096,43.9911,46.1136,0.98367,0.987222,False,2.7994,2.8508,3.4983,3.5278,0.235948,0.160294
CHNCXR_0512_1,Shenzhen,1,0,True,DCT,10,261632,4729,55.325016,0.1446,32.5518,0.846239,30.7581,33.5557,0.794542,0.867942,False,1.9222,2.0903,2.2065,2.2165,0.100741,0.025308
CHNCXR_0512_1,Shenzhen,1,0,True,DCT,20,261632,8411,31.105933,0.257186,35.6328,0.913059,33.6055,36.8251,0.881156,0.925889,False,2.2833,2.3684,2.7766,2.8168,0.09037,0.03899
CHNCXR_0512_1,Shenzhen,1,0,True,DCT,30,261632,11467,22.816081,0.35063,37.2378,0.935959,35.1181,38.5099,0.912888,0.945398,False,2.448,2.5149,2.9853,3.0065,0.106391,0.050958
CHNCXR_0512_1,Shenzhen,1,0,True,DCT,50,261632,16644,15.719298,0.508929,39.1658,0.956104,36.8915,40.579,0.940009,0.96299,False,2.6271,2.7021,3.1638,3.2165,0.124811,0.067671
CHNCXR_0512_1,Shenzhen,1,0,True,DCT,70,261632,23154,11.299646,0.707987,40.88,0.969408,38.494,42.4012,0.957866,0.974414,False,2.7367,2.8088,3.3017,3.3468,0.156607,0.090356
CHNCXR_0512_1,Shenzhen,1,0,True,DCT,90,261632,44720,5.850447,1.367417,44.1694,0.984367,41.7297,45.7446,0.979245,0.986742,False,2.924,3.0015,3.523,3.5555,0.246627,0.169845
CHNCXR_0513_1,Shenzhen,1,0,True,DCT,10,224256,4119,54.444283,0.146939,32.3879,0.837075,31.2679,33.3025,0.796713,0.865048,False,1.9398,2.0878,2.2377,2.2501,0.059301,0.019882
CHNCXR_0513_1,Shenzhen,1,0,True,DCT,20,224256,7455,30.081288,0.265946,35.3791,0.904979,34.0432,36.5284,0.880531,0.921945,False,2.3061,2.3818,2.8111,2.8449,0.074691,0.03073
CHNCXR_0513_1,Shenzhen,1,0,True,DCT,30,224256,10163,22.065925,0.36255,36.984,0.930938,35.5584,38.2382,0.912192,0.943824,False,2.457,2.558,3.003,3.0229,0.085678,0.042505
CHNCXR_0513_1,Shenzhen,1,0,True,DCT,50,224256,14746,15.207921,0.526042,38.9011,0.952991,37.3077,40.3648,0.9396,0.962173,False,2.6303,2.7091,3.1824,3.2346,0.105526,0.05953
CHNCXR_0513_1,Shenzhen,1,0,True,DCT,70,224256,20669,10.849872,0.737336,40.5802,0.966474,38.8712,42.1996,0.957061,0.97319,False,2.7574,2.8267,3.2903,3.3322,0.152552,0.080742
CHNCXR_0513_1,Shenzhen,1,0,True,DCT,90,224256,40000,5.6064,1.426941,43.8151,0.982691,42.0071,45.576,0.978445,0.985811,False,2.9201,2.9875,3.5101,3.5405,0.214274,0.153972
CHNCXR_0514_1,Shenzhen,1,1,True,DCT,10,250880,4370,57.409611,0.139349,32.7033,0.839072,31.291,33.4943,0.807934,0.853839,False,1.8732,2.0053,2.1656,2.1816,0.072643,0.024786
CHNCXR_0514_1,Shenzhen,1,1,True,DCT,20,250880,7804,32.147617,0.248852,35.8791,0.907953,34.2692,36.8179,0.889569,0.916877,False,2.247,2.3115,2.7223,2.7682,0.084416,0.03492
CHNCXR_0514_1,Shenzhen,1,1,True,DCT,30,250880,10658,23.539126,0.33986,37.5211,0.932435,35.9056,38.4645,0.920205,0.938611,False,2.4201,2.499,2.9485,2.9714,0.096858,0.04755
CHNCXR_0514_1,Shenzhen,1,1,True,DCT,50,250880,15385,16.306792,0.490593,39.3506,0.952539,37.7367,40.2927,0.945367,0.956253,False,2.6042,2.6668,3.1437,3.1952,0.116842,0.063403
CHNCXR_0514_1,Shenzhen,1,1,True,DCT,70,250880,21754,11.532592,0.693686,40.9984,0.965348,39.3396,41.976,0.961215,0.967724,False,2.7209,2.7772,3.2959,3.3371,0.145605,0.084269
CHNCXR_0514_1,Shenzhen,1,1,True,DCT,90,250880,42874,5.851565,1.367156,43.9887,0.980793,42.3715,44.9334,0.979908,0.981557,False,2.906,2.9728,3.501,3.5382,0.238368,0.162874
CHNCXR_0515_1,Shenzhen,1,2,True,DCT,10,218112,3923,55.598267,0.143889,32.5785,0.841415,30.8325,33.6303,0.789044,0.86597,False,1.9076,2.046,2.2194,2.2293,0.060185,0.019172
CHNCXR_0515_1,Shenzhen,1,2,True,DCT,20,218112,6997,31.172217,0.256639,35.6532,0.908713,33.7238,36.863,0.878508,0.923101,False,2.2633,2.355,2.7801,2.8207,0.073359,0.031074
CHNCXR_0515_1,Shenzhen,1,2,True,DCT,30,218112,9612,22.691635,0.352553,37.2759,0.933358,35.2587,38.5658,0.911391,0.943913,False,2.44,2.4826,2.9844,3.0073,0.106365,0.03921
CHNCXR_0515_1,Shenzhen,1,2,True,DCT,50,218112,13887,15.7062,0.509353,39.1324,0.954286,37.0497,40.4843,0.939629,0.96139,False,2.6208,2.6855,3.1875,3.2399,0.105746,0.056807
CHNCXR_0515_1,Shenzhen,1,2,True,DCT,70,218112,19446,11.216291,0.713248,40.8177,0.9673,38.6863,42.2167,0.957897,0.972019,False,2.7273,2.8151,3.2917,3.3369,0.129194,0.077193
CHNCXR_0515_1,Shenzhen,1,2,True,DCT,90,218112,37724,5.781783,1.383656,44.0018,0.982722,41.8499,45.4209,0.979006,0.984735,False,2.9143,2.9847,3.5252,3.5574,0.206789,0.144595
CHNCXR_0516_1,Shenzhen,1,2,True,DCT,10,230400,3932,58.596134,0.136528,32.9131,0.854858,30.546,33.8749,0.792433,0.872663,False,1.8874,2.0488,2.1431,2.1557,0.060875,0.018999
CHNCXR_0516_1,Shenzhen,1,2,True,DCT,20,230400,6845,33.659606,0.237674,36.0986,0.917342,33.3005,37.3362,0.876827,0.929252,False,2.2552,2.3583,2.708,2.7652,0.074042,0.029278
CHNCXR_0516_1,Shenzhen,1,2,True,DCT,30,230400,9277,24.835615,0.322118,37.7231,0.939144,34.8246,39.0318,0.910121,0.947689,False,2.4488,2.577,2.9629,2.9863,0.08505,0.03908
CHNCXR_0516_1,Shenzhen,1,2,True,DCT,50,230400,13341,17.27007,0.463229,39.5664,0.957796,36.5656,40.9504,0.938244,0.96369,False,2.6276,2.7489,3.1758,3.2145,0.106807,0.055052
CHNCXR_0516_1,Shenzhen,1,2,True,DCT,70,230400,18721,12.307035,0.650035,41.2153,0.969415,38.2155,42.5986,0.956859,0.973328,False,2.7559,2.8854,3.2976,3.3356,0.12671,0.071972
CHNCXR_0516_1,Shenzhen,1,2,True,DCT,90,230400,36977,6.2309,1.283924,44.3386,0.983519,41.3977,45.6781,0.978585,0.985192,False,2.9926,3.0702,3.5446,3.5812,0.204969,0.139546
CHNCXR_0517_1,Shenzhen,1,0,True,DCT,10,238592,3776,63.186441,0.126609,32.9599,0.846337,32.413,33.1782,0.799354,0.864109,False,1.847,1.9274,2.1666,2.1854,0.06277,0.0188
CHNCXR_0517_1,Shenzhen,1,0,True,DCT,20,238592,6711,35.552377,0.22502,36.4086,0.913489,35.5103,36.7894,0.887243,0.922817,False,2.2343,2.2799,2.8003,2.8688,0.073779,0.028775
CHNCXR_0517_1,Shenzhen,1,0,True,DCT,30,238592,9088,26.253521,0.304721,38.3331,0.938997,37.1358,38.8683,0.917901,0.946514,False,2.4094,2.4521,3.0437,3.0727,0.086983,0.037573
CHNCXR_0517_1,Shenzhen,1,0,True,DCT,50,238592,13070,18.254935,0.438238,40.4872,0.959697,39.0703,41.1469,0.944581,0.965233,False,2.6099,2.6594,3.2215,3.255,0.122733,0.052784
CHNCXR_0517_1,Shenzhen,1,0,True,DCT,70,238592,18309,13.031405,0.613902,42.4545,0.972553,40.8251,43.2443,0.962074,0.976447,False,2.733,2.7701,3.3214,3.3703,0.126369,0.070126
CHNCXR_0517_1,Shenzhen,1,0,True,DCT,90,238592,35472,6.726207,1.189378,46.0173,0.986514,44.0583,47.0312,0.981308,0.988568,False,2.946,2.9899,3.52,3.5552,0.19998,0.134195
CHNCXR_0518_1,Shenzhen,1,0,True,DCT,10,231936,4095,56.638828,0.141246,32.6055,0.839501,31.251,33.5908,0.795684,0.865535,False,1.929,2.1036,2.1773,2.1953,0.085249,0.020352
CHNCXR_0518_1,Shenzhen,1,0,True,DCT,20,231936,7311,31.724251,0.252173,35.6471,0.906371,34.0347,36.8925,0.879094,0.922934,False,2.2805,2.3843,2.7586,2.8056,0.074215,0.031818
CHNCXR_0518_1,Shenzhen,1,0,True,DCT,30,231936,10012,23.165801,0.345337,37.264,0.931827,35.5531,38.6176,0.910867,0.944497,False,2.4565,2.5844,2.9836,3.0055,0.087156,0.04237
CHNCXR_0518_1,Shenzhen,1,0,True,DCT,50,231936,14406,16.099958,0.496896,39.081,0.952514,37.2534,40.5695,0.937474,0.961581,False,2.6231,2.7152,3.1856,3.2329,0.107694,0.058397
CHNCXR_0518_1,Shenzhen,1,0,True,DCT,70,231936,20311,11.419231,0.700573,40.7302,0.96567,38.8442,42.2891,0.955671,0.971905,False,2.7349,2.8243,3.307,3.3488,0.132122,0.078758
CHNCXR_0518_1,Shenzhen,1,0,True,DCT,90,231936,39731,5.837658,1.370413,43.8284,0.981643,41.9331,45.3987,0.97707,0.984562,False,2.9356,3.0049,3.5258,3.5623,0.216779,0.149849
CHNCXR_0519_1,Shenzhen,1,0,True,DCT,10,231424,4008,57.740519,0.138551,32.7583,0.839161,31.2651,33.6897,0.789482,0.864182,False,1.905,2.0965,2.1564,2.1706,0.067036,0.020759
CHNCXR_0519_1,Shenzhen,1,0,True,DCT,20,231424,7211,32.093191,0.249274,35.7656,0.906782,34.0678,36.8727,0.875918,0.922308,False,2.2596,2.3695,2.7534,2.8013,0.078974,0.032416
CHNCXR_0519_1,Shenzhen,1,0,True,DCT,30,231424,9772,23.682358,0.337804,37.3961,0.931891,35.6124,38.5817,0.908896,0.943604,False,2.4267,2.523,2.9587,2.9822,0.088683,0.04347
CHNCXR_0519_1,Shenzhen,1,0,True,DCT,50,231424,14202,16.29517,0.490943,39.262,0.952841,37.3529,40.5678,0.937134,0.960746,False,2.5679,2.6604,3.1588,3.2081,0.106271,0.060262
CHNCXR_0519_1,Shenzhen,1,0,True,DCT,70,231424,19950,11.600201,0.689643,40.9297,0.965628,38.9217,42.3354,0.955048,0.971168,False,2.6966,2.7758,3.2806,3.3217,0.151044,0.082361
CHNCXR_0519_1,Shenzhen,1,0,True,DCT,90,231424,39372,5.877883,1.361034,44.0018,0.981603,41.9448,45.4585,0.976943,0.984115,False,2.8658,2.9257,3.5136,3.5497,0.216438,0.151051
CHNCXR_0520_1,Shenzhen,1,3,True,DCT,10,260608,4003,65.103173,0.122882,32.8799,0.846654,32.5768,32.9956,0.80202,0.864604,False,1.716,1.8364,2.1981,2.2179,0.090243,0.022576
CHNCXR_0520_1,Shenzhen,1,3,True,DCT,20,260608,7217,36.110295,0.221543,36.3808,0.91359,35.5709,36.7173,0.884624,0.9255,False,2.1014,2.2046,2.8302,2.9024,0.084529,0.034533
CHNCXR_0520_1,Shenzhen,1,3,True,DCT,30,260608,9782,26.641587,0.300282,38.2445,0.938576,37.1737,38.7101,0.91651,0.947476,False,2.2875,2.3574,3.0466,3.0754,0.094481,0.042828
CHNCXR_0520_1,Shenzhen,1,3,True,DCT,50,260608,14056,18.540694,0.431483,40.4342,0.959829,39.1088,41.038,0.944179,0.966111,False,2.4855,2.5376,3.2105,3.2447,0.116706,0.059948
CHNCXR_0520_1,Shenzhen,1,3,True,DCT,70,260608,19687,13.237568,0.604341,42.4563,0.972889,40.9069,43.1922,0.962341,0.977012,False,2.6185,2.6641,3.3277,3.3755,0.137386,0.078493
CHNCXR_0520_1,Shenzhen,1,3,True,DCT,90,260608,38397,6.787197,1.17869,46.0138,0.986539,44.0538,47.0234,0.981121,0.988755,False,2.8062,2.8379,3.5252,3.5614,0.21982,0.146899
CHNCXR_0521_1,Shenzhen,1,2,True,DCT,10,237568,4494,52.863373,0.151334,32.2976,0.840774,30.9644,33.174,0.776806,0.874498,False,2.0176,2.1468,2.3164,2.3275,0.065679,0.022902
CHNCXR_0521_1,Shenzhen,1,2,True,DCT,20,237568,7949,29.886527,0.267679,35.3533,0.906588,33.7007,36.5196,0.866522,0.927696,False,2.3722,2.4348,2.8697,2.9064,0.079603,0.034632
CHNCXR_0521_1,Shenzhen,1,2,True,DCT,30,237568,10757,22.084968,0.362237,37.0162,0.932141,35.1679,38.3818,0.90124,0.947847,False,2.5278,2.6096,3.0806,3.103,0.090175,0.044614
CHNCXR_0521_1,Shenzhen,1,2,True,DCT,50,237568,15479,15.347761,0.521249,38.8863,0.953983,36.8736,40.4344,0.93152,0.965503,False,2.7117,2.7716,3.2573,3.3043,0.113549,0.060976
CHNCXR_0521_1,Shenzhen,1,2,True,DCT,70,237568,21412,11.095087,0.72104,40.6096,0.964292,38.4099,42.3839,0.951172,0.970293,False,2.8333,2.9046,3.3606,3.4057,0.141498,0.081987
CHNCXR_0521_1,Shenzhen,1,2,True,DCT,90,237568,40690,5.838486,1.370218,43.9069,0.983352,41.5162,45.9365,0.975175,0.987933,False,3.0418,3.1013,3.5512,3.5851,0.241189,0.16088
CHNCXR_0522_1,Shenzhen,1,3,True,DCT,10,233472,3834,60.895149,0.131373,32.6424,0.843317,30.5473,33.593,0.779695,0.86469,False,1.807,1.8931,2.1998,2.2163,0.063995,0.019699
CHNCXR_0522_1,Shenzhen,1,3,True,DCT,20,233472,6897,33.85124,0.236328,35.6462,0.905371,33.4759,36.6457,0.873789,0.91627,False,2.206,2.267,2.748,2.802,0.074718,0.030844
CHNCXR_0522_1,Shenzhen,1,3,True,DCT,30,233472,9479,24.630446,0.324801,37.276,0.929448,34.9683,38.3683,0.907541,0.937285,False,2.3868,2.426,2.9685,2.9947,0.083617,0.040042
CHNCXR_0522_1,Shenzhen,1,3,True,DCT,50,233472,13870,16.832877,0.47526,39.1197,0.950787,36.7629,40.2464,0.937222,0.955734,False,2.6025,2.665,3.1749,3.2209,0.121229,0.054817
CHNCXR_0522_1,Shenzhen,1,3,True,DCT,70,233472,19722,11.83815,0.675781,40.7527,0.963813,38.3195,41.9343,0.95509,0.967235,False,2.7447,2.8188,3.3068,3.3435,0.129975,0.077275
CHNCXR_0522_1,Shenzhen,1,3,True,DCT,90,233472,39505,5.909935,1.353653,43.9059,0.980626,41.491,45.0742,0.977625,0.981968,False,2.9537,3.0173,3.4967,3.5326,0.224449,0.151755
CHNCXR_0523_1,Shenzhen,1,3,True,DCT,10,245248,4304,56.981413,0.140397,32.5139,0.831123,30.8841,33.3304,0.782509,0.849396,False,1.8854,2.0799,2.1816,2.1943,0.072717,0.021118
CHNCXR_0523_1,Shenzhen,1,3,True,DCT,20,245248,7703,31.837985,0.251272,35.5488,0.901888,33.6702,36.5378,0.872909,0.913714,False,2.2333,2.3552,2.7655,2.8095,0.081034,0.036417
CHNCXR_0523_1,Shenzhen,1,3,True,DCT,30,245248,10533,23.283775,0.343587,37.1198,0.927276,35.2039,38.1363,0.90749,0.935369,False,2.3798,2.4914,2.9731,2.9955,0.093976,0.045247
CHNCXR_0523_1,Shenzhen,1,3,True,DCT,50,245248,15232,16.10084,0.496868,38.8846,0.948575,36.9409,39.9218,0.936187,0.953806,False,2.5422,2.643,3.1515,3.2029,0.116582,0.062035
CHNCXR_0523_1,Shenzhen,1,3,True,DCT,70,245248,21660,11.322622,0.70655,40.5098,0.962411,38.4908,41.604,0.954781,0.965885,False,2.664,2.7469,3.2859,3.3242,0.147089,0.093698
CHNCXR_0523_1,Shenzhen,1,3,True,DCT,90,245248,43007,5.702514,1.40289,43.4636,0.97929,41.4779,44.5325,0.976804,0.980619,False,2.8224,2.8773,3.4936,3.5291,0.241427,0.168385
CHNCXR_0524_1,Shenzhen,1,2,True,DCT,10,244224,4494,54.344459,0.147209,32.4843,0.835478,30.7023,33.393,0.788579,0.855042,False,1.8866,2.0867,2.2097,2.2287,0.066341,0.021619
CHNCXR_0524_1,Shenzhen,1,2,True,DCT,20,244224,7996,30.543272,0.261923,35.6026,0.908051,33.6124,36.6614,0.87881,0.920128,False,2.2491,2.3648,2.7658,2.8077,0.085709,0.036343
CHNCXR_0524_1,Shenzhen,1,2,True,DCT,30,244224,10884,22.438809,0.356525,37.2816,0.933453,35.1413,38.4566,0.91152,0.942592,False,2.4136,2.531,2.9833,3.0124,0.116192,0.0477
CHNCXR_0524_1,Shenzhen,1,2,True,DCT,50,244224,15690,15.565583,0.513954,39.1756,0.954838,36.9152,40.449,0.939418,0.961213,False,2.5727,2.6797,3.1804,3.2349,0.119393,0.065335
CHNCXR_0524_1,Shenzhen,1,2,True,DCT,70,244224,21950,11.126378,0.719012,40.8512,0.967722,38.5108,42.1928,0.957365,0.972212,False,2.7096,2.8128,3.3007,3.3413,0.149737,0.089491
CHNCXR_0524_1,Shenzhen,1,2,True,DCT,90,244224,42328,5.769798,1.38653,43.9848,0.982983,41.6201,45.3476,0.978288,0.985088,False,2.9142,2.9909,3.5129,3.5474,0.235639,0.162193
CHNCXR_0525_1,Shenzhen,1,3,True,DCT,10,229376,4264,53.793621,0.148717,32.3246,0.833221,30.9896,33.1902,0.785507,0.858991,False,1.9499,2.1141,2.2316,2.2505,0.066339,0.021995
CHNCXR_0525_1,Shenzhen,1,3,True,DCT,20,229376,7644,30.007326,0.266602,35.3881,0.903952,33.8364,36.4431,0.87548,0.919245,False,2.278,2.3717,2.7776,2.8143,0.081828,0.036374
CHNCXR_0525_1,Shenzhen,1,3,True,DCT,30,229376,10460,21.928872,0.364816,37.0517,0.930458,35.3327,38.2656,0.907563,0.942835,False,2.4407,2.5399,2.9874,3.0115,0.093078,0.045239
CHNCXR_0525_1,Shenzhen,1,3,True,DCT,50,229376,15188,15.102449,0.529715,38.9268,0.95222,37.1019,40.2479,0.93668,0.960679,False,2.6022,2.6585,3.1785,3.2312,0.114324,0.062652
CHNCXR_0525_1,Shenzhen,1,3,True,DCT,70,229376,21205,10.817071,0.739572,40.6182,0.965932,38.6765,42.0636,0.95495,0.972097,False,2.691,2.7598,3.2914,3.335,0.137293,0.086504
CHNCXR_0525_1,Shenzhen,1,3,True,DCT,90,229376,40920,5.605474,1.427176,43.7604,0.982142,41.7219,45.3145,0.976734,0.985211,False,2.8481,2.9129,3.5183,3.5501,0.227933,0.157691
CHNCXR_0526_1,Shenzhen,1,4,True,DCT,10,216064,3456,62.518519,0.127962,32.9409,0.844663,32.4876,33.0884,0.784607,0.86192,False,1.7847,1.9057,2.2356,2.2496,0.060314,0.018917
CHNCXR_0526_1,Shenzhen,1,4,True,DCT,20,216064,6155,35.103818,0.227895,36.1986,0.911808,35.4752,36.4443,0.875127,0.921968,False,2.1726,2.2406,2.8481,2.9215,0.070733,0.028439
CHNCXR_0526_1,Shenzhen,1,4,True,DCT,30,216064,8360,25.844976,0.309538,38.0556,0.937468,37.0843,38.3992,0.910185,0.945326,False,2.3458,2.4083,3.0624,3.086,0.078286,0.037418
CHNCXR_0526_1,Shenzhen,1,4,True,DCT,50,216064,12012,17.987346,0.444757,40.1675,0.958338,38.8865,40.6451,0.938792,0.963692,False,2.5349,2.6047,3.2211,3.2568,0.095569,0.049151
CHNCXR_0526_1,Shenzhen,1,4,True,DCT,70,216064,16938,12.75617,0.627148,42.1563,0.971633,40.575,42.7776,0.957765,0.97562,False,2.6639,2.7185,3.346,3.3922,0.117408,0.070505
CHNCXR_0526_1,Shenzhen,1,4,True,DCT,90,216064,32756,6.596166,1.212826,45.774,0.986102,43.6684,46.6856,0.978878,0.988409,False,2.8669,2.9192,3.5169,3.5514,0.207631,0.127847
CHNCXR_0527_1,Shenzhen,1,2,True,DCT,10,246784,4506,54.767865,0.146071,32.4074,0.839397,30.9632,33.2788,0.799935,0.859168,False,1.9144,2.082,2.2135,2.2292,0.071843,0.022942
CHNCXR_0527_1,Shenzhen,1,2,True,DCT,20,246784,8099,30.470922,0.262545,35.6065,0.910036,33.8698,36.7223,0.88512,0.922826,False,2.273,2.3671,2.7602,2.8027,0.102874,0.036811
CHNCXR_0527_1,Shenzhen,1,2,True,DCT,30,246784,11003,22.428792,0.356684,37.2809,0.93553,35.4712,38.4625,0.917268,0.944728,False,2.4477,2.5397,2.9435,2.9694,0.124419,0.049287
CHNCXR_0527_1,Shenzhen,1,2,True,DCT,50,246784,15845,15.574882,0.513648,39.1245,0.955669,37.2219,40.3932,0.942793,0.962187,False,2.6178,2.6998,3.1328,3.1882,0.12733,0.070265
CHNCXR_0527_1,Shenzhen,1,2,True,DCT,70,246784,22111,11.161142,0.716773,40.787,0.968123,38.797,42.1408,0.959515,0.972626,False,2.7275,2.8117,3.271,3.314,0.173738,0.096214
CHNCXR_0527_1,Shenzhen,1,2,True,DCT,90,246784,42800,5.765981,1.387448,43.9242,0.983125,41.848,45.3657,0.979315,0.98522,False,2.9136,2.9877,3.5283,3.5635,0.248755,0.170724
CHNCXR_0528_1,Shenzhen,1,2,True,DCT,10,255488,4636,55.109577,0.145165,32.5064,0.837183,31.3326,33.2539,0.799665,0.858051,False,1.9002,2.0682,2.1868,2.205,0.083222,0.030924
CHNCXR_0528_1,Shenzhen,1,2,True,DCT,20,255488,8295,30.800241,0.259738,35.6998,0.908695,34.4121,36.5397,0.887374,0.920657,False,2.2484,2.3579,2.7535,2.8013,0.089773,0.038962
CHNCXR_0528_1,Shenzhen,1,2,True,DCT,30,255488,11200,22.811429,0.350701,37.4466,0.933211,36.0287,38.3979,0.917541,0.942222,False,2.4043,2.4807,2.9699,2.9977,0.107948,0.051701
CHNCXR_0528_1,Shenzhen,1,2,True,DCT,50,255488,16183,15.787431,0.506732,39.3057,0.952938,37.8331,40.3057,0.943006,0.958703,False,2.5723,2.6508,3.178,3.2323,0.128977,0.071041
CHNCXR_0528_1,Shenzhen,1,2,True,DCT,70,255488,22755,11.227774,0.712519,40.972,0.96626,39.4742,41.9948,0.959957,0.970044,False,2.6852,2.7703,3.2997,3.3389,0.180411,0.092845
CHNCXR_0528_1,Shenzhen,1,2,True,DCT,90,255488,44426,5.750867,1.391095,43.9004,0.981323,42.3699,44.9531,0.978662,0.983022,False,2.8483,2.9115,3.5024,3.5393,0.250373,0.174552
CHNCXR_0529_1,Shenzhen,1,2,True,DCT,10,252928,4747,53.281652,0.150145,32.402,0.841478,30.845,33.4119,0.794255,0.865381,False,1.8975,2.0769,2.2596,2.2745,0.075038,0.024982
CHNCXR_0529_1,Shenzhen,1,2,True,DCT,20,252928,8332,30.356217,0.263537,35.5144,0.908427,33.7915,36.674,0.879639,0.923563,False,2.2626,2.3717,2.7984,2.8389,0.091061,0.039314
CHNCXR_0529_1,Shenzhen,1,2,True,DCT,30,252928,11352,22.280479,0.359059,37.0721,0.932656,35.2907,38.2871,0.910868,0.944011,False,2.4542,2.5582,3.0141,3.0363,0.129801,0.052591
CHNCXR_0529_1,Shenzhen,1,2,True,DCT,50,252928,16406,15.416799,0.518914,38.9522,0.953466,37.0561,40.2801,0.938555,0.961177,False,2.6268,2.722,3.1781,3.2317,0.127695,0.070237
CHNCXR_0529_1,Shenzhen,1,2,True,DCT,70,252928,22888,11.050682,0.723937,40.6678,0.966707,38.723,42.0455,0.956919,0.971976,False,2.7367,2.8385,3.2989,3.3366,0.155279,0.093118
CHNCXR_0529_1,Shenzhen,1,2,True,DCT,90,252928,44268,5.713563,1.400177,43.7519,0.982219,41.8382,45.0977,0.978124,0.984466,False,2.9492,3.0244,3.5162,3.5492,0.249837,0.168717
CHNCXR_0530_1,Shenzhen,1,2,True,DCT,10,256512,4306,59.570831,0.134294,32.7992,0.837687,30.9908,33.5201,0.786209,0.854431,False,1.8509,2.0377,2.1155,2.1299,0.073695,0.023862
CHNCXR_0530_1,Shenzhen,1,2,True,DCT,20,256512,7759,33.05993,0.241985,35.8923,0.904658,33.8168,36.7618,0.874578,0.914893,False,2.2159,2.3202,2.7357,2.7871,0.089983,0.039369
CHNCXR_0530_1,Shenzhen,1,2,True,DCT,30,256512,10529,24.362428,0.328375,37.4732,0.930458,35.2938,38.4045,0.907652,0.938153,False,2.3595,2.4747,2.9517,2.9719,0.104158,0.0506
CHNCXR_0530_1,Shenzhen,1,2,True,DCT,50,256512,15328,16.734864,0.478044,39.2884,0.951079,37.0074,40.2825,0.935599,0.956351,False,2.5518,2.6753,3.1561,3.2043,0.12609,0.07009
CHNCXR_0530_1,Shenzhen,1,2,True,DCT,70,256512,21701,11.820285,0.676803,40.8908,0.964214,38.5785,41.9047,0.954289,0.967799,False,2.6777,2.7483,3.2838,3.3177,0.152784,0.088195
CHNCXR_0530_1,Shenzhen,1,2,True,DCT,90,256512,43396,5.91096,1.353418,43.8493,0.980359,41.5924,44.8283,0.976692,0.981828,False,2.8445,2.8886,3.4991,3.5338,0.243959,0.170621
CHNCXR_0531_1,Shenzhen,1,1,True,DCT,10,260608,4675,55.745027,0.143511,32.5904,0.841639,31.3095,33.4317,0.798465,0.865306,False,1.9157,2.0774,2.1946,2.2099,0.079799,0.026584
CHNCXR_0531_1,Shenzhen,1,1,True,DCT,20,260608,8402,31.017377,0.25792,35.7154,0.907739,34.1971,36.766,0.881252,0.922506,False,2.2667,2.3621,2.7856,2.8276,0.09375,0.039412
CHNCXR_0531_1,Shenzhen,1,1,True,DCT,30,260608,11399,22.862356,0.34992,37.3454,0.932763,35.7664,38.453,0.913145,0.943643,False,2.4235,2.5159,2.9881,3.0099,0.133577,0.051926
CHNCXR_0531_1,Shenzhen,1,1,True,DCT,50,260608,16520,15.775303,0.507122,39.2016,0.953265,37.5285,40.401,0.939989,0.960701,False,2.5899,2.6777,3.1747,3.227,0.129082,0.070069
CHNCXR_0531_1,Shenzhen,1,1,True,DCT,70,260608,23108,11.277826,0.709357,40.8646,0.966539,39.178,42.0773,0.957957,0.971368,False,2.7131,2.7939,3.2933,3.3349,0.162095,0.097148
CHNCXR_0531_1,Shenzhen,1,1,True,DCT,90,260608,45107,5.777551,1.38467,43.9217,0.981868,42.1559,45.2152,0.978103,0.98411,False,2.8606,2.9189,3.5165,3.5507,0.280596,0.184464
CHNCXR_0532_1,Shenzhen,1,2,True,DCT,10,245248,4139,59.25296,0.135014,32.706,0.838279,31.1907,33.5104,0.791975,0.858461,False,1.8134,1.9927,2.1133,2.1314,0.071355,0.021479
CHNCXR_0532_1,Shenzhen,1,2,True,DCT,20,245248,7434,32.990046,0.242497,35.7531,0.906418,34.1357,36.6295,0.880557,0.917481,False,2.1727,2.2948,2.731,2.7799,0.078496,0.032412
CHNCXR_0532_1,Shenzhen,1,2,True,DCT,30,245248,10280,23.856809,0.335334,37.3372,0.93009,35.6626,38.2553,0.912876,0.937799,False,2.3633,2.4568,2.9803,3.0025,0.091916,0.045214
CHNCXR_0532_1,Shenzhen,1,2,True,DCT,50,245248,14917,16.440839,0.486593,39.2276,0.950713,37.4781,40.2015,0.940639,0.955589,False,2.53,2.631,3.1723,3.2223,0.118778,0.062492
CHNCXR_0532_1,Shenzhen,1,2,True,DCT,70,245248,21138,11.602233,0.689522,40.8874,0.964477,39.111,41.8819,0.958105,0.967693,False,2.6449,2.7224,3.2998,3.3436,0.16218,0.087751
CHNCXR_0532_1,Shenzhen,1,2,True,DCT,90,245248,41660,5.886894,1.358951,43.893,0.980593,42.1275,44.8792,0.978471,0.981853,False,2.8406,2.8911,3.4785,3.5141,0.262235,0.169441
CHNCXR_0533_1,Shenzhen,1,1,True,DCT,10,202752,3391,59.791212,0.133799,32.7524,0.846627,30.8005,33.8516,0.785911,0.871286,False,1.8557,2.0013,2.1246,2.135,0.053929,0.016787
CHNCXR_0533_1,Shenzhen,1,1,True,DCT,20,202752,6097,33.254387,0.24057,35.8727,0.912121,33.5785,37.2649,0.873753,0.927702,False,2.2349,2.3269,2.7109,2.7655,0.065925,0.027979
CHNCXR_0533_1,Shenzhen,1,1,True,DCT,30,202752,8276,24.498792,0.326547,37.4609,0.935663,35.1295,38.8878,0.908488,0.94657,False,2.4237,2.5084,2.904,2.9257,0.080317,0.036694
CHNCXR_0533_1,Shenzhen,1,1,True,DCT,50,202752,12068,16.800795,0.476168,39.3148,0.955145,36.9,40.8211,0.937194,0.962439,False,2.6087,2.7153,3.1188,3.1645,0.116369,0.051893
CHNCXR_0533_1,Shenzhen,1,1,True,DCT,70,202752,17021,11.911874,0.671599,41.0479,0.967986,38.5127,42.6745,0.956031,0.973096,False,2.7275,2.8413,3.2563,3.297,0.114431,0.096102
CHNCXR_0533_1,Shenzhen,1,1,True,DCT,90,202752,33574,6.038959,1.324732,44.2192,0.982856,41.6075,45.926,0.977973,0.985113,False,2.9392,2.9944,3.504,3.5391,0.18693,0.131791
CHNCXR_0534_1,Shenzhen,1,0,True,DCT,10,247296,4538,54.494491,0.146804,32.4192,0.839002,30.9726,33.2445,0.789847,0.862167,False,1.9257,2.1048,2.2006,2.2205,0.069124,0.023098
CHNCXR_0534_1,Shenzhen,1,0,True,DCT,20,247296,8101,30.526602,0.262067,35.4949,0.908185,33.8758,36.4523,0.877894,0.922411,False,2.2839,2.3873,2.7562,2.7989,0.084152,0.035603
CHNCXR_0534_1,Shenzhen,1,0,True,DCT,30,247296,11073,22.333243,0.35821,37.1883,0.932949,35.3883,38.2946,0.909806,0.944199,False,2.4366,2.5425,2.9981,3.0213,0.09874,0.048832
CHNCXR_0534_1,Shenzhen,1,0,True,DCT,50,247296,15919,15.534644,0.514978,39.0348,0.953713,37.14,40.2238,0.937503,0.961568,False,2.6051,2.6816,3.1866,3.2405,0.123481,0.067127
CHNCXR_0534_1,Shenzhen,1,0,True,DCT,70,247296,22320,11.07957,0.72205,40.7048,0.966431,38.7588,41.9399,0.955848,0.971731,False,2.7212,2.8094,3.3086,3.3518,0.193733,0.092862
CHNCXR_0534_1,Shenzhen,1,0,True,DCT,90,247296,43288,5.712807,1.400362,43.8785,0.982191,41.8682,45.1731,0.977574,0.984601,False,2.8994,2.9657,3.521,3.5539,0.242623,0.168881
CHNCXR_0535_1,Shenzhen,1,1,True,DCT,10,241664,4113,58.756139,0.136156,32.767,0.848858,31.0357,33.6176,0.792492,0.870655,False,1.8736,2.0204,2.167,2.1801,0.066647,0.020646
CHNCXR_0535_1,Shenzhen,1,1,True,DCT,20,241664,7291,33.145522,0.24136,35.953,0.914756,34.0132,36.9465,0.881169,0.927741,False,2.2507,2.3294,2.7326,2.7856,0.080808,0.032753
CHNCXR_0535_1,Shenzhen,1,1,True,DCT,30,241664,9869,24.487182,0.326702,37.6526,0.938856,35.545,38.7699,0.913189,0.948795,False,2.4166,2.5066,2.953,2.9746,0.091524,0.044416
CHNCXR_0535_1,Shenzhen,1,1,True,DCT,50,241664,14231,16.981519,0.4711,39.5924,0.958617,37.3507,40.8148,0.941005,0.965436,False,2.6009,2.6941,3.144,3.1908,0.114004,0.061296
CHNCXR_0535_1,Shenzhen,1,1,True,DCT,70,241664,19852,12.173282,0.657177,41.3841,0.970918,39.0087,42.7173,0.958759,0.975717,False,2.7362,2.8189,3.2787,3.3203,0.165678,0.088661
CHNCXR_0535_1,Shenzhen,1,1,True,DCT,90,241664,38437,6.287275,1.272411,44.7235,0.984976,42.1772,46.2079,0.979281,0.987294,False,2.9354,3.0132,3.5199,3.554,0.229522,0.162289
CHNCXR_0536_1,Shenzhen,1,0,True,DCT,10,247808,4785,51.788506,0.154474,32.2096,0.835313,30.7235,33.1546,0.794015,0.856684,False,1.9266,2.1127,2.3139,2.3236,0.071316,0.025021
CHNCXR_0536_1,Shenzhen,1,0,True,DCT,20,247808,8571,28.912379,0.276698,35.2925,0.905625,33.735,36.2985,0.882653,0.917874,False,2.277,2.3963,2.8595,2.8932,0.085987,0.039336
CHNCXR_0536_1,Shenzhen,1,0,True,DCT,30,247808,11598,21.366442,0.374419,36.9312,0.931199,35.311,37.992,0.915091,0.939918,False,2.4266,2.5379,3.0371,3.0609,0.105182,0.055351
CHNCXR_0536_1,Shenzhen,1,0,True,DCT,50,247808,16686,14.851253,0.538675,38.7869,0.9522,37.1144,39.8949,0.941421,0.958033,False,2.5915,2.6801,3.2074,3.2588,0.13133,0.072303
CHNCXR_0536_1,Shenzhen,1,0,True,DCT,70,247808,23286,10.641931,0.751743,40.4642,0.965443,38.7313,41.6277,0.958723,0.969233,False,2.7104,2.8081,3.3243,3.3655,0.180429,0.109083
CHNCXR_0536_1,Shenzhen,1,0,True,DCT,90,247808,44843,5.526124,1.447669,43.5981,0.981357,41.8391,44.786,0.978954,0.982859,False,2.8589,2.9193,3.5288,3.5636,0.253123,0.17246
CHNCXR_0537_1,Shenzhen,1,0,True,DCT,10,240640,4441,54.185994,0.14764,32.3397,0.84136,30.8209,33.3239,0.786171,0.869626,False,1.9173,2.0604,2.2527,2.2662,0.06565,0.021344
CHNCXR_0537_1,Shenzhen,1,0,True,DCT,20,240640,7885,30.518706,0.262134,35.4004,0.908205,33.689,36.5577,0.876371,0.924673,False,2.2905,2.3702,2.7773,2.8165,0.081357,0.035758
CHNCXR_0537_1,Shenzhen,1,0,True,DCT,30,240640,10741,22.403873,0.357081,37.003,0.932439,35.2523,38.1976,0.910243,0.944029,False,2.445,2.5193,2.9969,3.0194,0.098129,0.045696
CHNCXR_0537_1,Shenzhen,1,0,True,DCT,50,240640,15539,15.486196,0.516589,38.8826,0.953413,37.0463,40.1603,0.938417,0.961062,False,2.6269,2.7225,3.1714,3.2265,0.121974,0.066286
CHNCXR_0537_1,Shenzhen,1,0,True,DCT,70,240640,21745,11.066452,0.722906,40.6211,0.966487,38.6617,42.0246,0.957007,0.971574,False,2.756,2.8408,3.2911,3.3346,0.152954,0.092694
CHNCXR_0537_1,Shenzhen,1,0,True,DCT,90,240640,42223,5.699263,1.40369,43.8369,0.982313,41.8022,45.3208,0.978374,0.98449,False,2.9274,2.9947,3.5189,3.5508,0.243017,0.165973
CHNCXR_0538_1,Shenzhen,1,0,True,DCT,10,223744,4335,51.613379,0.154999,32.1247,0.833169,30.8801,33.0285,0.785127,0.862273,False,1.9734,2.1236,2.2896,2.3051,0.062013,0.021122
CHNCXR_0538_1,Shenzhen,1,0,True,DCT,20,223744,7756,28.84786,0.277317,35.0871,0.90181,33.5713,36.2589,0.86999,0.921555,False,2.3112,2.398,2.832,2.8651,0.07947,0.034674
CHNCXR_0538_1,Shenzhen,1,0,True,DCT,30,223744,10633,21.042415,0.380184,36.7115,0.928675,35.0799,38.0084,0.904301,0.943542,False,2.4527,2.5562,3.0277,3.0507,0.094203,0.046399
CHNCXR_0538_1,Shenzhen,1,0,True,DCT,50,223744,15372,14.555295,0.549628,38.5669,0.951028,36.7939,40.0267,0.933655,0.961632,False,2.6231,2.6895,3.2064,3.2568,0.117526,0.067027
CHNCXR_0538_1,Shenzhen,1,0,True,DCT,70,223744,21380,10.465108,0.764445,40.2194,0.964767,38.3496,41.7974,0.952761,0.972192,False,2.7267,2.7884,3.2942,3.3406,0.149113,0.090428
CHNCXR_0538_1,Shenzhen,1,0,True,DCT,90,223744,41167,5.435033,1.471932,43.4683,0.98182,41.5135,45.1551,0.976478,0.985224,False,2.8784,2.9358,3.5201,3.551,0.250644,0.162163
CHNCXR_0539_1,Shenzhen,1,3,True,DCT,10,227328,4375,51.960686,0.153963,32.1261,0.831754,30.657,33.1071,0.774417,0.862545,False,1.9461,2.1183,2.2898,2.3041,0.065644,0.021258
CHNCXR_0539_1,Shenzhen,1,3,True,DCT,20,227328,7806,29.122214,0.274704,35.1206,0.903609,33.4738,36.2647,0.869502,0.922212,False,2.2895,2.392,2.8066,2.8447,0.07886,0.035481
CHNCXR_0539_1,Shenzhen,1,3,True,DCT,30,227328,10679,21.287386,0.375809,36.6991,0.929308,34.9597,37.9335,0.903981,0.943138,False,2.4494,2.5421,3.0173,3.0431,0.093122,0.046239
CHNCXR_0539_1,Shenzhen,1,3,True,DCT,50,227328,15364,14.796147,0.540681,38.5602,0.950987,36.6573,39.9639,0.932762,0.960823,False,2.6153,2.6867,3.1969,3.2447,0.115616,0.063276
CHNCXR_0539_1,Shenzhen,1,3,True,DCT,70,227328,21491,10.577823,0.756299,40.2344,0.964686,38.2415,41.7371,0.952457,0.971507,False,2.7074,2.772,3.3075,3.3504,0.142811,0.086111
CHNCXR_0539_1,Shenzhen,1,3,True,DCT,90,227328,41503,5.477387,1.46055,43.483,0.981671,41.4034,45.085,0.976105,0.984804,False,2.8652,2.9325,3.5211,3.5548,0.234914,0.161112
CHNCXR_0540_1,Shenzhen,1,3,True,DCT,10,226304,3781,59.852949,0.133661,32.7355,0.837412,31.1464,33.5168,0.775395,0.862021,False,1.8921,2.0781,2.093,2.108,0.062559,0.018609
CHNCXR_0540_1,Shenzhen,1,3,True,DCT,20,226304,6871,32.936108,0.242895,35.7774,0.905739,34.0145,36.6744,0.869774,0.920526,False,2.2479,2.3608,2.7222,2.7766,0.077561,0.030461
CHNCXR_0540_1,Shenzhen,1,3,True,DCT,30,226304,9354,24.193286,0.33067,37.4147,0.930761,35.4934,38.424,0.903843,0.941823,False,2.4263,2.5299,2.9533,2.9772,0.085524,0.039769
CHNCXR_0540_1,Shenzhen,1,3,True,DCT,50,226304,13631,16.602157,0.481865,39.241,0.951719,37.2546,40.2986,0.933552,0.959209,False,2.5756,2.6655,3.1559,3.202,0.105573,0.057573
CHNCXR_0540_1,Shenzhen,1,3,True,DCT,70,226304,19193,11.790965,0.678486,40.8719,0.964737,38.8514,41.9553,0.952916,0.969821,False,2.6899,2.7732,3.2938,3.3386,0.131578,0.07723
CHNCXR_0540_1,Shenzhen,1,3,True,DCT,90,226304,37953,5.962743,1.341664,43.9778,0.98104,41.908,45.0991,0.976015,0.983301,False,2.8794,2.9534,3.4985,3.533,0.22656,0.148284
CHNCXR_0541_1,Shenzhen,1,4,True,DCT,10,233984,4376,53.469835,0.149617,32.4546,0.842735,31.1217,33.3223,0.797358,0.867719,False,1.969,2.118,2.222,2.2379,0.069184,0.022145
CHNCXR_0541_1,Shenzhen,1,4,True,DCT,20,233984,7744,30.214876,0.26477,35.4582,0.907557,33.9619,36.4678,0.879944,0.922995,False,2.3202,2.4006,2.7706,2.8123,0.080151,0.034794
CHNCXR_0541_1,Shenzhen,1,4,True,DCT,30,233984,10584,22.107332,0.361871,37.0982,0.932365,35.4997,38.2015,0.912455,0.943579,False,2.458,2.5528,2.9848,3.007,0.094795,0.044644
CHNCXR_0541_1,Shenzhen,1,4,True,DCT,50,233984,15284,15.309081,0.522566,38.9594,0.953291,37.3034,40.1174,0.939904,0.96079,False,2.6351,2.6888,3.1724,3.2248,0.116262,0.06052
CHNCXR_0541_1,Shenzhen,1,4,True,DCT,70,233984,21363,10.952769,0.730409,40.5952,0.966115,38.8829,41.8082,0.957298,0.971217,False,2.7443,2.7993,3.2916,3.3326,0.143151,0.087808
CHNCXR_0541_1,Shenzhen,1,4,True,DCT,90,233984,41546,5.631926,1.420473,43.7474,0.982051,41.9399,45.0565,0.978193,0.984348,False,2.8991,2.9577,3.5138,3.5469,0.234364,0.159652
CHNCXR_0542_1,Shenzhen,1,4,True,DCT,10,258560,4207,61.459472,0.130167,32.8443,0.835781,32.3894,33.0994,0.793796,0.861064,False,1.8401,1.9592,2.155,2.1725,0.07568,0.024912
CHNCXR_0542_1,Shenzhen,1,4,True,DCT,20,258560,7534,34.319087,0.233106,36.0613,0.906826,35.4051,36.4436,0.880552,0.922491,False,2.2203,2.2734,2.77,2.8341,0.106313,0.037305
CHNCXR_0542_1,Shenzhen,1,4,True,DCT,30,258560,10306,25.088298,0.318874,37.8685,0.933121,37.021,38.3811,0.912901,0.945149,False,2.3933,2.4465,3.0089,3.0345,0.099554,0.047014
CHNCXR_0542_1,Shenzhen,1,4,True,DCT,50,258560,15023,17.210943,0.464821,39.9608,0.955521,38.9033,40.6283,0.94111,0.963978,False,2.59,2.6406,3.2048,3.244,0.125566,0.06353
CHNCXR_0542_1,Shenzhen,1,4,True,DCT,70,258560,21181,12.207167,0.655353,41.8362,0.969197,40.6343,42.618,0.959316,0.975037,False,2.692,2.7312,3.3086,3.3483,0.150235,0.106075
CHNCXR_0542_1,Shenzhen,1,4,True,DCT,90,258560,41269,6.265235,1.276887,45.2217,0.984326,43.674,46.3075,0.97915,0.987376,False,2.8741,2.9158,3.4961,3.5283,0.234826,0.162901
CHNCXR_0543_1,Shenzhen,1,4,True,DCT,10,258560,4284,60.354809,0.13255,32.7202,0.835969,32.2311,32.9413,0.784434,0.858347,False,1.7949,1.9082,2.2662,2.2799,0.093448,0.024344
CHNCXR_0543_1,Shenzhen,1,4,True,DCT,20,258560,7565,34.178453,0.234066,36.0693,0.907904,35.2149,36.4815,0.875347,0.92187,False,2.1764,2.2422,2.8522,2.916,0.090128,0.037733
CHNCXR_0543_1,Shenzhen,1,4,True,DCT,30,258560,10333,25.022743,0.319709,37.8408,0.934162,36.7801,38.3723,0.909445,0.944755,False,2.3565,2.3982,3.07,3.0961,0.10331,0.052633
CHNCXR_0543_1,Shenzhen,1,4,True,DCT,50,258560,14949,17.29614,0.462531,40.0603,0.956707,38.6874,40.7907,0.939023,0.964207,False,2.5413,2.5991,3.2606,3.298,0.123264,0.065758
CHNCXR_0543_1,Shenzhen,1,4,True,DCT,70,258560,20946,12.344123,0.648082,42.053,0.970757,40.3956,42.9868,0.958008,0.976287,False,2.6473,2.6963,3.36,3.4058,0.152233,0.091731
CHNCXR_0543_1,Shenzhen,1,4,True,DCT,90,258560,40188,6.433761,1.243441,45.6134,0.985697,43.5813,46.8537,0.979277,0.988662,False,2.8495,2.9065,3.5365,3.5688,0.237652,0.166241
CHNCXR_0544_1,Shenzhen,1,2,True,DCT,10,239104,3614,66.160487,0.120918,32.7411,0.841916,31.5388,33.0607,0.776006,0.857174,False,1.7662,1.8546,2.1222,2.1403,0.061491,0.018282
CHNCXR_0544_1,Shenzhen,1,2,True,DCT,20,239104,6525,36.644291,0.218315,36.594,0.914469,34.5148,37.232,0.875379,0.924056,False,2.1642,2.2259,2.7278,2.7904,0.097803,0.028495
CHNCXR_0544_1,Shenzhen,1,2,True,DCT,30,239104,8807,27.149313,0.294667,38.249,0.940929,36.1447,38.8975,0.911208,0.948135,False,2.3691,2.4073,2.9512,2.9817,0.08744,0.038151
CHNCXR_0544_1,Shenzhen,1,2,True,DCT,50,239104,12650,18.901502,0.423247,40.7063,0.962376,38.0077,41.6303,0.940629,0.967675,False,2.5644,2.6316,3.1748,3.2077,0.107314,0.055286
CHNCXR_0544_1,Shenzhen,1,2,True,DCT,70,239104,17737,13.480521,0.593449,42.6086,0.972764,39.6912,43.6491,0.959274,0.975955,False,2.7037,2.7598,3.3196,3.3638,0.126675,0.072513
CHNCXR_0544_1,Shenzhen,1,2,True,DCT,90,239104,34014,7.029576,1.138049,46.2369,0.987773,42.9249,47.5123,0.980206,0.989675,False,2.9514,2.9815,3.5277,3.563,0.201319,0.135862
CHNCXR_0545_1,Shenzhen,1,4,True,DCT,10,233472,3576,65.288591,0.122533,32.8678,0.846994,32.0932,33.1386,0.778647,0.868439,False,1.6901,1.8257,2.1815,2.2003,0.059868,0.018958
CHNCXR_0545_1,Shenzhen,1,4,True,DCT,20,233472,6384,36.571429,0.21875,36.2026,0.914251,35.0042,36.6524,0.871388,0.926888,False,2.0874,2.2004,2.8268,2.8944,0.092195,0.027727
CHNCXR_0545_1,Shenzhen,1,4,True,DCT,30,233472,8650,26.990983,0.296395,38.0552,0.938628,36.5617,38.6454,0.906334,0.948415,False,2.2968,2.3808,3.0402,3.0731,0.085059,0.036493
CHNCXR_0545_1,Shenzhen,1,4,True,DCT,50,233472,12529,18.634528,0.429311,40.2617,0.960201,38.4406,41.0255,0.937022,0.966993,False,2.4934,2.5683,3.2294,3.2626,0.10338,0.052512
CHNCXR_0545_1,Shenzhen,1,4,True,DCT,70,233472,17586,13.276015,0.60259,42.2312,0.972924,40.1982,43.1187,0.957216,0.977248,False,2.6156,2.6801,3.3336,3.3797,0.133239,0.073193
CHNCXR_0545_1,Shenzhen,1,4,True,DCT,90,233472,33816,6.904187,1.158717,45.9657,0.98718,43.3679,47.2354,0.978876,0.989812,False,2.843,2.9049,3.5056,3.5374,0.201125,0.138359
CHNCXR_0546_1,Shenzhen,1,0,True,DCT,10,241152,4441,54.301283,0.147326,32.5446,0.852601,30.5467,33.4679,0.801564,0.870118,False,1.9053,2.1025,2.2222,2.2384,0.068817,0.021365
CHNCXR_0546_1,Shenzhen,1,0,True,DCT,20,241152,7796,30.932786,0.258625,35.7045,0.916261,33.4345,36.8122,0.883883,0.927797,False,2.2704,2.3869,2.7806,2.8222,0.080024,0.033643
CHNCXR_0546_1,Shenzhen,1,0,True,DCT,30,241152,10596,22.758777,0.351513,37.3552,0.939106,34.9614,38.5533,0.915465,0.947544,False,2.4421,2.5516,3.0349,3.0554,0.092691,0.045456
CHNCXR_0546_1,Shenzhen,1,0,True,DCT,50,241152,15128,15.940772,0.501858,39.2398,0.958197,36.7631,40.5011,0.942094,0.963957,False,2.6185,2.7291,3.2061,3.256,0.118913,0.065871
CHNCXR_0546_1,Shenzhen,1,0,True,DCT,70,241152,20927,11.523486,0.694234,40.9622,0.970244,38.4032,42.2884,0.959583,0.974182,False,2.7398,2.8681,3.3234,3.3599,0.166228,0.09035
CHNCXR_0546_1,Shenzhen,1,0,True,DCT,90,241152,40326,5.980062,1.337779,44.1665,0.984242,41.6261,45.4779,0.979823,0.985966,False,2.9583,3.0106,3.5548,3.592,0.266409,0.159718
CHNCXR_0547_1,Shenzhen,1,3,True,DCT,10,242176,4328,55.955638,0.14297,32.6975,0.848052,30.9385,33.7004,0.790508,0.87412,False,1.9353,2.0872,2.1742,2.1896,0.081269,0.024039
CHNCXR_0547_1,Shenzhen,1,3,True,DCT,20,242176,7741,31.284847,0.255715,35.8146,0.912629,33.76,37.0628,0.877243,0.928918,False,2.2947,2.3742,2.7707,2.814,0.084334,0.036921
CHNCXR_0547_1,Shenzhen,1,3,True,DCT,30,242176,10461,23.150368,0.345567,37.5055,0.936827,35.3452,38.8492,0.91032,0.949073,False,2.4525,2.5151,2.966,2.9902,0.117379,0.049834
CHNCXR_0547_1,Shenzhen,1,3,True,DCT,50,242176,14989,16.156915,0.495144,39.3127,0.956302,37.0629,40.741,0.937564,0.964848,False,2.63,2.706,3.156,3.207,0.119929,0.065047
CHNCXR_0547_1,Shenzhen,1,3,True,DCT,70,242176,21015,11.523959,0.694206,40.984,0.968637,38.6554,42.4894,0.955634,0.9747,False,2.7413,2.8047,3.3095,3.351,0.151765,0.08786
CHNCXR_0547_1,Shenzhen,1,3,True,DCT,90,242176,40666,5.955245,1.343354,44.1187,0.983359,41.7742,45.6403,0.97752,0.986145,False,2.9179,2.9857,3.5304,3.567,0.233003,0.157948
CHNCXR_0548_1,Shenzhen,1,3,True,DCT,10,257536,3755,68.58482,0.116644,33.4918,0.855582,31.9774,33.9625,0.777322,0.874857,False,1.7433,1.8586,2.0547,2.0784,0.07774,0.021211
CHNCXR_0548_1,Shenzhen,1,3,True,DCT,20,257536,6628,38.855763,0.20589,36.8738,0.920099,34.825,37.5716,0.86917,0.932459,False,2.1339,2.2207,2.6757,2.7291,0.083038,0.03334
CHNCXR_0548_1,Shenzhen,1,3,True,DCT,30,257536,9042,28.482194,0.280877,38.7783,0.94416,36.3742,39.6511,0.90458,0.953886,False,2.3242,2.4013,2.9177,2.9534,0.093462,0.040633
CHNCXR_0548_1,Shenzhen,1,3,True,DCT,50,257536,12996,19.816559,0.403703,40.9121,0.963442,38.1904,41.961,0.935342,0.970385,False,2.5201,2.5945,3.1366,3.167,0.111949,0.056271
CHNCXR_0548_1,Shenzhen,1,3,True,DCT,70,257536,18338,14.043843,0.569645,42.8093,0.974316,39.8923,43.977,0.955437,0.979039,False,2.6366,2.6942,3.2846,3.3327,0.156076,0.075208
CHNCXR_0548_1,Shenzhen,1,3,True,DCT,90,257536,35517,7.251063,1.103287,46.3417,0.987779,43.0962,47.7301,0.978257,0.990274,False,2.8432,2.8958,3.4969,3.5349,0.21706,0.143208
CHNCXR_0549_1,Shenzhen,1,0,True,DCT,10,253952,3988,63.679037,0.12563,32.9166,0.840466,31.0354,33.7584,0.783081,0.860307,False,1.8316,1.9819,2.0358,2.0563,0.093901,0.031304
CHNCXR_0549_1,Shenzhen,1,0,True,DCT,20,253952,7277,34.897897,0.22924,35.9597,0.906688,33.8065,36.9757,0.873231,0.918516,False,2.2134,2.3107,2.6964,2.7525,0.084613,0.033807
CHNCXR_0549_1,Shenzhen,1,0,True,DCT,30,253952,10020,25.344511,0.31565,37.4968,0.93007,35.277,38.5583,0.906541,0.938485,False,2.3741,2.5071,2.9313,2.9505,0.118244,0.045295
CHNCXR_0549_1,Shenzhen,1,0,True,DCT,50,253952,14682,17.296826,0.462513,39.3199,0.951125,37.0663,40.4049,0.936377,0.956486,False,2.5651,2.6794,3.1279,3.1697,0.120301,0.063413
CHNCXR_0549_1,Shenzhen,1,0,True,DCT,70,253952,20888,12.157794,0.658014,40.9584,0.964564,38.6612,42.0743,0.955097,0.968171,False,2.7162,2.8163,3.2521,3.2936,0.148597,0.088549
CHNCXR_0549_1,Shenzhen,1,0,True,DCT,90,253952,41813,6.073518,1.317194,43.9127,0.980718,41.6355,45.0143,0.976872,0.982289,False,2.9272,2.9985,3.486,3.5219,0.244352,0.169529
CHNCXR_0550_1,Shenzhen,1,0,True,DCT,10,240128,4378,54.848789,0.145856,32.4275,0.828731,31.1456,32.98,0.787995,0.843381,False,1.9176,2.1067,2.2024,2.2159,0.071217,0.022142
CHNCXR_0550_1,Shenzhen,1,0,True,DCT,20,240128,7891,30.430617,0.262893,35.5146,0.903832,33.9539,36.2227,0.875788,0.914083,False,2.2693,2.379,2.7524,2.7926,0.081738,0.036039
CHNCXR_0550_1,Shenzhen,1,0,True,DCT,30,240128,10800,22.234074,0.359808,37.171,0.93037,35.4817,37.9563,0.909179,0.938367,False,2.4175,2.5299,2.9613,2.9829,0.098729,0.051534
CHNCXR_0550_1,Shenzhen,1,0,True,DCT,50,240128,15706,15.288934,0.523254,39.0101,0.952657,37.2368,39.848,0.937541,0.958277,False,2.5874,2.6822,3.1531,3.205,0.123433,0.066946
CHNCXR_0550_1,Shenzhen,1,0,True,DCT,70,240128,22085,10.8729,0.735774,40.7236,0.966491,38.8589,41.6204,0.956119,0.97053,False,2.708,2.7977,3.2686,3.3131,0.148417,0.089545
CHNCXR_0550_1,Shenzhen,1,0,True,DCT,90,240128,42732,5.619395,1.423641,43.8791,0.982614,41.8923,44.8581,0.97751,0.984648,False,2.8773,2.9423,3.4867,3.5173,0.258915,0.171892
CHNCXR_0551_1,Shenzhen,1,4,True,DCT,10,248832,3841,64.783129,0.123489,33.1107,0.84314,31.4783,34.0219,0.783346,0.869537,False,1.7722,1.9178,2.0825,2.1043,0.069006,0.021026
CHNCXR_0551_1,Shenzhen,1,4,True,DCT,20,248832,6944,35.834101,0.223251,36.31,0.910792,34.4157,37.4271,0.875366,0.92654,False,2.1585,2.2554,2.6939,2.7628,0.083183,0.032771
CHNCXR_0551_1,Shenzhen,1,4,True,DCT,30,248832,9522,26.132325,0.306134,38.0081,0.935088,36.0718,39.1604,0.910969,0.945944,False,2.3373,2.4298,2.944,2.971,0.096764,0.041872
CHNCXR_0551_1,Shenzhen,1,4,True,DCT,50,248832,13811,18.016943,0.444026,39.963,0.954865,37.8718,41.2507,0.938897,0.96215,False,2.5294,2.6376,3.1691,3.2077,0.114758,0.05757
CHNCXR_0551_1,Shenzhen,1,4,True,DCT,70,248832,19501,12.759961,0.626961,41.702,0.967609,39.5703,43.0265,0.957769,0.972243,False,2.662,2.7454,3.2996,3.3376,0.169964,0.086301
CHNCXR_0551_1,Shenzhen,1,4,True,DCT,90,248832,39046,6.372791,1.255337,44.7653,0.982451,42.6573,46.068,0.978509,0.984399,False,2.8621,2.9234,3.51,3.5448,0.241501,0.158643
CHNCXR_0552_1,Shenzhen,1,3,True,DCT,10,261632,4160,62.892308,0.127202,33.3024,0.86735,30.7335,34.1722,0.78764,0.885704,False,1.8496,1.9851,2.0719,2.0916,0.076519,0.024965
CHNCXR_0552_1,Shenzhen,1,3,True,DCT,20,261632,7422,35.250876,0.226945,36.4178,0.924655,33.6044,37.4143,0.878469,0.934957,False,2.2343,2.3396,2.6743,2.7352,0.092032,0.037306
CHNCXR_0552_1,Shenzhen,1,3,True,DCT,30,261632,9959,26.270911,0.304519,38.1279,0.945866,35.1343,39.2251,0.911737,0.953555,False,2.4285,2.5034,2.922,2.9434,0.102577,0.047645
CHNCXR_0552_1,Shenzhen,1,3,True,DCT,50,261632,14264,18.34212,0.436155,40.0371,0.962563,36.8593,41.2442,0.938924,0.968073,False,2.6237,2.7327,3.1634,3.1971,0.126491,0.066083
CHNCXR_0552_1,Shenzhen,1,3,True,DCT,70,261632,19956,13.110443,0.610201,41.7463,0.973369,38.4754,43.012,0.957108,0.977287,False,2.7576,2.8809,3.3001,3.3445,0.178044,0.089311
CHNCXR_0552_1,Shenzhen,1,3,True,DCT,90,261632,38820,6.739619,1.187011,44.9538,0.985762,41.6625,46.2326,0.978786,0.987559,False,2.9974,3.0229,3.5356,3.5728,0.243091,0.163866
CHNCXR_0553_1,Shenzhen,1,0,True,DCT,10,227840,4063,56.076791,0.142662,32.4652,0.835463,31.2745,33.31,0.784408,0.866028,False,1.9111,2.0656,2.1728,2.1876,0.064164,0.022447
CHNCXR_0553_1,Shenzhen,1,0,True,DCT,20,227840,7403,30.776712,0.259937,35.5648,0.904355,34.1348,36.6356,0.873628,0.923231,False,2.2631,2.3446,2.7848,2.8254,0.08385,0.035149
CHNCXR_0553_1,Shenzhen,1,0,True,DCT,30,227840,10115,22.524963,0.355162,37.257,0.931545,35.6844,38.4747,0.908333,0.945588,False,2.4166,2.4891,2.999,3.0219,0.093089,0.044916
CHNCXR_0553_1,Shenzhen,1,0,True,DCT,50,227840,14682,15.518322,0.51552,39.1225,0.953096,37.4032,40.502,0.935966,0.963391,False,2.5888,2.6624,3.1821,3.2372,0.120645,0.065547
CHNCXR_0553_1,Shenzhen,1,0,True,DCT,70,227840,20469,11.130979,0.718715,40.8516,0.966656,39.0208,42.3625,0.954858,0.973872,False,2.7006,2.7533,3.2902,3.3324,0.144721,0.086877
CHNCXR_0553_1,Shenzhen,1,0,True,DCT,90,227840,39613,5.751647,1.390906,44.0675,0.982655,42.1205,45.7231,0.97715,0.986078,False,2.8553,2.9007,3.524,3.5548,0.248915,0.172432
CHNCXR_0554_1,Shenzhen,1,1,True,DCT,10,247296,4426,55.873475,0.143181,32.4777,0.840909,30.9197,33.4716,0.786039,0.868085,False,1.8852,2.0067,2.2344,2.2489,0.074678,0.024225
CHNCXR_0554_1,Shenzhen,1,1,True,DCT,20,247296,7988,30.958438,0.258411,35.556,0.908663,33.86,36.6712,0.876988,0.924596,False,2.2609,2.3212,2.7882,2.829,0.086623,0.037728
CHNCXR_0554_1,Shenzhen,1,1,True,DCT,30,247296,10905,22.677304,0.352776,37.2767,0.933724,35.399,38.5633,0.909664,0.945675,False,2.4179,2.4933,2.9959,3.0216,0.108251,0.051198
CHNCXR_0554_1,Shenzhen,1,1,True,DCT,50,247296,15784,15.667511,0.510611,39.1967,0.954583,37.1884,40.6156,0.938151,0.962857,False,2.5953,2.646,3.1855,3.2406,0.133028,0.070787
CHNCXR_0554_1,Shenzhen,1,1,True,DCT,70,247296,22014,11.233579,0.712151,40.9134,0.967397,38.8507,42.3898,0.956607,0.972892,False,2.7156,2.762,3.3137,3.3551,0.157809,0.097055
CHNCXR_0554_1,Shenzhen,1,1,True,DCT,90,247296,42739,5.786191,1.382602,44.1386,0.982896,42.0156,45.6805,0.978218,0.985397,False,2.8771,2.9388,3.5437,3.5781,0.249082,0.166762
CHNCXR_0555_1,Shenzhen,1,4,True,DCT,10,251392,4306,58.381793,0.137029,32.7483,0.84931,30.6242,33.8322,0.791897,0.871055,False,1.8645,2.0096,2.1623,2.1761,0.075595,0.025752
CHNCXR_0555_1,Shenzhen,1,4,True,DCT,20,251392,7691,32.686517,0.244749,35.826,0.911701,33.4654,37.0918,0.880218,0.923797,False,2.2459,2.3523,2.7927,2.8359,0.091321,0.036781
CHNCXR_0555_1,Shenzhen,1,4,True,DCT,30,251392,10443,24.072776,0.332326,37.514,0.93517,35.0021,38.9058,0.91255,0.944043,False,2.4457,2.5668,3.0121,3.0295,0.09935,0.047334
CHNCXR_0555_1,Shenzhen,1,4,True,DCT,50,251392,15028,16.728241,0.478233,39.2783,0.954025,36.7218,40.7089,0.939552,0.959711,False,2.6296,2.7611,3.2102,3.251,0.119862,0.06196
CHNCXR_0555_1,Shenzhen,1,4,True,DCT,70,251392,21190,11.863709,0.674325,40.8982,0.966539,38.3043,42.3618,0.957235,0.970373,False,2.7625,2.8934,3.3299,3.3648,0.174559,0.108538
CHNCXR_0555_1,Shenzhen,1,4,True,DCT,90,251392,41839,6.008557,1.331435,43.903,0.981525,41.3789,45.3053,0.978133,0.983036,False,3.0144,3.0927,3.5239,3.5605,0.246507,0.162528
CHNCXR_0556_1,Shenzhen,1,1,True,DCT,10,259072,4594,56.393557,0.14186,32.5385,0.841297,30.7642,33.6219,0.791614,0.864298,False,1.8666,2.0234,2.2003,2.2181,0.106501,0.026738
CHNCXR_0556_1,Shenzhen,1,1,True,DCT,20,259072,8219,31.52111,0.253798,35.7107,0.911094,33.595,37.1048,0.879817,0.925934,False,2.2385,2.3235,2.7793,2.8164,0.099771,0.049383
CHNCXR_0556_1,Shenzhen,1,1,True,DCT,30,259072,11271,22.985716,0.348042,37.3584,0.935203,35.2121,38.7829,0.912731,0.945869,False,2.4259,2.5376,3.007,3.0267,0.107157,0.053586
CHNCXR_0556_1,Shenzhen,1,1,True,DCT,50,259072,16235,15.957622,0.501328,39.2299,0.955412,37.008,40.731,0.940239,0.962741,False,2.6147,2.7205,3.185,3.2342,0.160758,0.070684
CHNCXR_0556_1,Shenzhen,1,1,True,DCT,70,259072,22632,11.447154,0.698864,40.8932,0.96789,38.6079,42.4605,0.957903,0.972835,False,2.7402,2.8301,3.3097,3.3499,0.155423,0.093202
CHNCXR_0556_1,Shenzhen,1,1,True,DCT,90,259072,44034,5.883454,1.359746,44.0399,0.982856,41.7639,45.5974,0.978737,0.985022,False,2.9646,3.0381,3.5278,3.5632,0.25898,0.180159
CHNCXR_0557_1,Shenzhen,1,4,True,DCT,10,247808,4404,56.268847,0.142175,32.5759,0.837547,30.9321,33.6896,0.797531,0.859183,False,1.8862,2.0733,2.1945,2.2099,0.073795,0.025321
CHNCXR_0557_1,Shenzhen,1,4,True,DCT,20,247808,7873,31.475676,0.254165,35.6565,0.906892,33.8954,36.8819,0.883151,0.919783,False,2.2493,2.3494,2.7638,2.8131,0.088823,0.036865
CHNCXR_0557_1,Shenzhen,1,4,True,DCT,30,247808,10721,23.114262,0.346107,37.2669,0.931758,35.4002,38.5982,0.913941,0.941599,False,2.4229,2.4813,2.9896,3.0121,0.100764,0.051347
CHNCXR_0557_1,Shenzhen,1,4,True,DCT,50,247808,15560,15.925964,0.502324,39.1285,0.95279,37.1802,40.5452,0.940835,0.959427,False,2.5783,2.6801,3.1923,3.243,0.134561,0.066752
CHNCXR_0557_1,Shenzhen,1,4,True,DCT,70,247808,21874,11.328884,0.70616,40.8064,0.965762,38.8017,42.2841,0.958131,0.970187,False,2.7078,2.8046,3.3161,3.3529,0.148351,0.091543
CHNCXR_0557_1,Shenzhen,1,4,True,DCT,90,247808,42720,5.800749,1.379132,43.8601,0.981544,41.8877,45.3027,0.978704,0.983338,False,2.9169,2.9864,3.5068,3.5427,0.270566,0.172426
CHNCXR_0558_1,Shenzhen,1,3,True,DCT,10,222720,3727,59.758519,0.133872,32.833,0.843437,30.5432,33.7434,0.793688,0.857295,False,1.862,2.0145,2.1207,2.1373,0.059953,0.018223
CHNCXR_0558_1,Shenzhen,1,3,True,DCT,20,222720,6545,34.02903,0.235093,35.8697,0.907271,33.4403,36.8615,0.879859,0.915497,False,2.2233,2.3369,2.6931,2.7497,0.073731,0.029383
CHNCXR_0558_1,Shenzhen,1,3,True,DCT,30,222720,8999,24.749417,0.32324,37.5523,0.931385,34.9322,38.6625,0.912045,0.937574,False,2.3975,2.5284,2.9602,2.9868,0.104833,0.0392
CHNCXR_0558_1,Shenzhen,1,3,True,DCT,50,222720,12926,17.230388,0.464296,39.3244,0.951239,36.7648,40.3962,0.940882,0.954659,False,2.5803,2.6864,3.1436,3.1876,0.107255,0.055419
CHNCXR_0558_1,Shenzhen,1,3,True,DCT,70,222720,18351,12.136668,0.659159,40.8881,0.963243,38.347,41.9483,0.957771,0.965402,False,2.7053,2.8097,3.2978,3.3375,0.124296,0.077475
CHNCXR_0558_1,Shenzhen,1,3,True,DCT,90,222720,37116,6.000647,1.33319,43.8307,0.979287,41.4778,44.7774,0.978742,0.979855,False,2.9014,2.979,3.5113,3.5448,0.223924,0.147768
CHNCXR_0559_1,Shenzhen,1,3,True,DCT,10,248832,4400,56.552727,0.141461,32.477,0.835231,30.9686,33.4615,0.787498,0.860498,False,1.8909,2.0423,2.209,2.2275,0.074642,0.02218
CHNCXR_0559_1,Shenzhen,1,3,True,DCT,20,248832,7838,31.746874,0.251993,35.47,0.902504,33.7315,36.6645,0.87202,0.918785,False,2.2528,2.3417,2.7623,2.8041,0.087188,0.036698
CHNCXR_0559_1,Shenzhen,1,3,True,DCT,30,248832,10789,23.063491,0.346869,37.0406,0.928347,35.2121,38.3231,0.905567,0.940654,False,2.4284,2.5215,2.9738,2.9984,0.101581,0.047988
CHNCXR_0559_1,Shenzhen,1,3,True,DCT,50,248832,15710,15.839083,0.50508,38.8697,0.950531,36.9314,40.265,0.934608,0.959082,False,2.6029,2.6908,3.1612,3.2159,0.126497,0.070336
CHNCXR_0559_1,Shenzhen,1,3,True,DCT,70,248832,22119,11.249695,0.71113,40.5294,0.964166,38.4971,42.0258,0.953412,0.970056,False,2.717,2.8076,3.3008,3.3398,0.152405,0.088596
CHNCXR_0559_1,Shenzhen,1,3,True,DCT,90,248832,43494,5.721065,1.398341,43.6256,0.980899,41.5401,45.1813,0.976028,0.983664,False,2.9124,2.9939,3.501,3.5344,0.267504,0.172094
CHNCXR_0560_1,Shenzhen,1,3,False,DCT,10,240640,4235,56.821724,0.140791,32.6609,0.848226,,,,,,1.8996,2.0511,2.2018,2.2109,0.069809,0.021657
CHNCXR_0560_1,Shenzhen,1,3,False,DCT,20,240640,7554,31.85597,0.25113,35.7056,0.912898,,,,,,2.2661,2.3557,2.7634,2.8048,0.0822,0.035396
CHNCXR_0560_1,Shenzhen,1,3,False,DCT,30,240640,10344,23.263728,0.343883,37.3294,0.93645,,,,,,2.4411,2.5215,2.9863,3.0041,0.096704,0.046625
CHNCXR_0560_1,Shenzhen,1,3,False,DCT,50,240640,14901,16.149252,0.495379,39.2367,0.956752,,,,,,2.626,2.7127,3.1739,3.2244,0.13173,0.097508
CHNCXR_0560_1,Shenzhen,1,3,False,DCT,70,240640,20827,11.554232,0.692387,40.9281,0.96903,,,,,,2.7405,2.8414,3.3017,3.3454,0.156623,0.083897
CHNCXR_0560_1,Shenzhen,1,3,False,DCT,90,240640,40313,5.96929,1.340193,44.1147,0.983739,,,,,,2.9481,2.9992,3.5248,3.5585,0.228031,0.159844
CHNCXR_0561_1,Shenzhen,1,3,False,DCT,10,236544,3703,63.879017,0.125237,32.8221,0.841584,,,,,,1.7292,1.8545,2.2195,2.2393,0.069096,0.02059
CHNCXR_0561_1,Shenzhen,1,3,False,DCT,20,236544,6676,35.431995,0.225785,36.1148,0.911624,,,,,,2.1247,2.2155,2.8432,2.9085,0.077525,0.03122
CHNCXR_0561_1,Shenzhen,1,3,False,DCT,30,236544,9067,26.088453,0.306649,38.0184,0.93734,,,,,,2.3253,2.3982,3.0481,3.0725,0.099901,0.046278
CHNCXR_0561_1,Shenzhen,1,3,False,DCT,50,236544,13144,17.996348,0.444535,40.2503,0.959098,,,,,,2.5094,2.5703,3.2084,3.2472,0.140861,0.052696
CHNCXR_0561_1,Shenzhen,1,3,False,DCT,70,236544,18406,12.851461,0.622497,42.1433,0.971427,,,,,,2.647,2.7115,3.3135,3.3576,0.127268,0.072697
CHNCXR_0561_1,Shenzhen,1,3,False,DCT,90,236544,35432,6.675999,1.198323,45.7086,0.986245,,,,,,2.8654,2.9154,3.4972,3.528,0.210693,0.143086
CHNCXR_0562_1,Shenzhen,1,2,False,DCT,10,254464,4469,56.939808,0.140499,32.6162,0.837104,,,,,,1.9088,2.0699,2.1492,2.1648,0.075498,0.023651
CHNCXR_0562_1,Shenzhen,1,2,False,DCT,20,254464,8031,31.68522,0.252484,35.7694,0.907102,,,,,,2.2621,2.3621,2.7177,2.7653,0.091027,0.039288
CHNCXR_0562_1,Shenzhen,1,2,False,DCT,30,254464,10975,23.185786,0.345039,37.4087,0.932685,,,,,,2.4159,2.5067,2.9453,2.9715,0.119675,0.049453
CHNCXR_0562_1,Shenzhen,1,2,False,DCT,50,254464,15858,16.046412,0.498554,39.2428,0.953445,,,,,,2.5861,2.6652,3.1404,3.195,0.123647,0.064983
CHNCXR_0562_1,Shenzhen,1,2,False,DCT,70,254464,22255,11.434015,0.699667,40.9284,0.966748,,,,,,2.6874,2.7522,3.2933,3.3345,0.151221,0.092583
CHNCXR_0562_1,Shenzhen,1,2,False,DCT,90,254464,43356,5.869176,1.363053,44.0756,0.982357,,,,,,2.8497,2.9005,3.5206,3.5571,0.272592,0.18305
CHNCXR_0563_1,Shenzhen,1,4,False,DCT,10,259584,4352,59.647059,0.134122,32.7228,0.834341,,,,,,1.8469,2.0056,2.1336,2.1505,0.079417,0.024421
CHNCXR_0563_1,Shenzhen,1,4,False,DCT,20,259584,7936,32.709677,0.244576,35.6834,0.901521,,,,,,2.2173,2.3203,2.7352,2.7834,0.094197,0.038897
CHNCXR_0563_1,Shenzhen,1,4,False,DCT,30,259584,10907,23.799762,0.336138,37.3617,0.928055,,,,,,2.3907,2.4751,2.96,2.9837,0.106481,0.05
CHNCXR_0563_1,Shenzhen,1,4,False,DCT,50,259584,15899,16.327065,0.489984,39.1551,0.949402,,,,,,2.5713,2.6687,3.1627,3.2112,0.131977,0.070483
CHNCXR_0563_1,Shenzhen,1,4,False,DCT,70,259584,22558,11.507403,0.695205,40.7394,0.962974,,,,,,2.6811,2.769,3.2988,3.3405,0.160504,0.09828
CHNCXR_0563_1,Shenzhen,1,4,False,DCT,90,259584,44998,5.76879,1.386773,43.6872,0.979745,,,,,,2.8848,2.9609,3.4989,3.5358,0.262244,0.187616
CHNCXR_0564_1,Shenzhen,1,1,False,DCT,10,256512,3753,68.348521,0.117047,33.241,0.847326,,,,,,1.7199,1.8524,2.0537,2.0786,0.07016,0.021606
CHNCXR_0564_1,Shenzhen,1,1,False,DCT,20,256512,6814,37.644849,0.212512,36.6444,0.914057,,,,,,2.1168,2.2091,2.7158,2.7768,0.08699,0.03447
CHNCXR_0564_1,Shenzhen,1,1,False,DCT,30,256512,9359,27.408056,0.291885,38.4065,0.937978,,,,,,2.3033,2.3839,2.9566,2.9883,0.093307,0.041441
CHNCXR_0564_1,Shenzhen,1,1,False,DCT,50,256512,13657,18.782456,0.425929,40.4772,0.958416,,,,,,2.4923,2.5419,3.1672,3.2017,0.1164,0.060232
CHNCXR_0564_1,Shenzhen,1,1,False,DCT,70,256512,19376,13.238646,0.604291,42.3896,0.971565,,,,,,2.619,2.6776,3.297,3.3435,0.142963,0.082031
CHNCXR_0564_1,Shenzhen,1,1,False,DCT,90,256512,38014,6.74783,1.185566,45.9121,0.985955,,,,,,2.812,2.8539,3.491,3.5243,0.250106,0.159886
CHNCXR_0565_1,Shenzhen,1,4,False,DCT,10,230912,3776,61.152542,0.13082,32.8806,0.840157,,,,,,1.8162,1.9688,2.0961,2.1152,0.063737,0.019777
CHNCXR_0565_1,Shenzhen,1,4,False,DCT,20,230912,6725,34.336357,0.232989,35.9579,0.909497,,,,,,2.1934,2.2903,2.6941,2.7503,0.081576,0.032656
CHNCXR_0565_1,Shenzhen,1,4,False,DCT,30,230912,9198,25.104588,0.318667,37.5714,0.932891,,,,,,2.3631,2.4701,2.9668,2.9868,0.088291,0.040584
CHNCXR_0565_1,Shenzhen,1,4,False,DCT,50,230912,13383,17.254128,0.463657,39.3979,0.952597,,,,,,2.5602,2.6721,3.1909,3.2293,0.108522,0.057094
CHNCXR_0565_1,Shenzhen,1,4,False,DCT,70,230912,18995,12.156462,0.658086,40.9592,0.965336,,,,,,2.6883,2.7563,3.3281,3.3644,0.133324,0.078607
CHNCXR_0565_1,Shenzhen,1,4,False,DCT,90,230912,37811,6.107006,1.309971,44.0274,0.98127,,,,,,2.8941,2.9564,3.5273,3.5656,0.217832,0.152182
CHNCXR_0566_1,Shenzhen,1,3,True,DCT,10,224768,3609,62.279856,0.128452,32.6766,0.839105,32.5202,32.7516,0.782124,0.86477,False,1.7713,1.8972,2.2437,2.2566,0.066693,0.019758
CHNCXR_0566_1,Shenzhen,1,3,True,DCT,20,224768,6482,34.675717,0.230709,35.8505,0.907574,35.4162,36.0689,0.87157,0.923307,False,2.1481,2.2435,2.8643,2.929,0.078301,0.030297
CHNCXR_0566_1,Shenzhen,1,3,True,DCT,30,224768,8894,25.271869,0.316558,37.7344,0.933352,36.9896,38.1309,0.905777,0.945554,False,2.3346,2.3963,3.1097,3.1331,0.084739,0.038433
CHNCXR_0566_1,Shenzhen,1,3,True,DCT,50,224768,12768,17.60401,0.454442,39.9665,0.95615,38.8074,40.6351,0.935748,0.96523,False,2.5282,2.6017,3.2541,3.2921,0.104528,0.054426
CHNCXR_0566_1,Shenzhen,1,3,True,DCT,70,224768,17971,12.507262,0.639628,41.7845,0.969225,40.4455,42.5855,0.95489,0.97514,False,2.6311,2.6932,3.3779,3.4205,0.127619,0.074959
CHNCXR_0566_1,Shenzhen,1,3,True,DCT,90,224768,34854,6.448844,1.240532,45.3349,0.984718,43.5023,46.5545,0.977032,0.988403,False,2.8252,2.8767,3.538,3.5749,0.218291,0.141283
CHNCXR_0567_1,Shenzhen,1,3,True,DCT,10,261120,3941,66.257295,0.120741,33.2153,0.843524,30.5806,34.0981,0.784707,0.85708,False,1.7864,1.9214,2.006,2.0257,0.074167,0.024229
CHNCXR_0567_1,Shenzhen,1,3,True,DCT,20,261120,7070,36.933522,0.216605,36.2982,0.909863,33.4146,37.3099,0.876483,0.917706,False,2.1712,2.2744,2.6358,2.7093,0.090554,0.037104
CHNCXR_0567_1,Shenzhen,1,3,True,DCT,30,261120,9543,27.362465,0.292371,37.8518,0.933688,34.9604,38.8678,0.910677,0.939055,False,2.3488,2.4653,2.8643,2.8927,0.119285,0.048246
CHNCXR_0567_1,Shenzhen,1,3,True,DCT,50,261120,13964,18.699513,0.427819,39.648,0.952973,36.7011,40.6943,0.938395,0.956524,False,2.5575,2.6929,3.1148,3.1504,0.122518,0.064794
CHNCXR_0567_1,Shenzhen,1,3,True,DCT,70,261120,20049,13.024091,0.614246,41.2167,0.964414,38.2821,42.2562,0.956637,0.966585,False,2.7092,2.8149,3.2775,3.3153,0.153403,0.089238
CHNCXR_0567_1,Shenzhen,1,3,True,DCT,90,261120,40743,6.408954,1.248254,44.1624,0.980534,41.3655,45.128,0.97806,0.981435,False,2.9457,3.0066,3.4931,3.5285,0.245617,0.174568
CHNCXR_0568_1,Shenzhen,1,3,True,DCT,10,231936,4415,52.533635,0.152283,32.3139,0.84507,30.1421,33.2506,0.781688,0.865481,False,1.9314,2.1102,2.2906,2.3067,0.068139,0.023323
CHNCXR_0568_1,Shenzhen,1,3,True,DCT,20,231936,7755,29.90793,0.267488,35.4371,0.913169,32.9413,36.5845,0.874251,0.925991,False,2.2819,2.389,2.8024,2.8374,0.085306,0.037018
CHNCXR_0568_1,Shenzhen,1,3,True,DCT,30,231936,10539,22.007401,0.363514,37.1315,0.937591,34.4621,38.4033,0.909038,0.946952,False,2.4459,2.5529,2.9998,3.0228,0.097293,0.045218
CHNCXR_0568_1,Shenzhen,1,3,True,DCT,50,231936,15051,15.410006,0.519143,39.0389,0.957837,36.2501,40.4012,0.937846,0.964407,False,2.6228,2.7231,3.1881,3.2435,0.117496,0.063455
CHNCXR_0568_1,Shenzhen,1,3,True,DCT,70,231936,20825,11.137383,0.718302,40.7619,0.969987,37.8486,42.2236,0.956223,0.974635,False,2.7446,2.8468,3.3197,3.362,0.146927,0.086398
CHNCXR_0568_1,Shenzhen,1,3,True,DCT,90,231936,39758,5.833694,1.371344,44.041,0.984371,41.1262,45.504,0.97872,0.986374,False,2.9294,3.0173,3.5423,3.5769,0.230602,0.157369
CHNCXR_0569_1,Shenzhen,1,0,True,DCT,10,219648,4688,46.853242,0.170746,31.7277,0.839933,29.745,32.7065,0.798814,0.855633,False,1.9597,2.1227,2.386,2.4163,0.086462,0.024233
CHNCXR_0569_1,Shenzhen,1,0,True,DCT,20,219648,8259,26.594987,0.300809,34.7035,0.908085,32.5068,35.8362,0.88356,0.917727,False,2.2993,2.3999,2.8702,2.8936,0.081379,0.038557
CHNCXR_0569_1,Shenzhen,1,0,True,DCT,30,219648,11300,19.437876,0.411568,36.3167,0.933902,34.0512,37.502,0.91617,0.940858,False,2.4626,2.5703,3.0663,3.0966,0.097694,0.049085
CHNCXR_0569_1,Shenzhen,1,0,True,DCT,50,219648,16075,13.66395,0.585482,38.215,0.955369,35.8366,39.4893,0.943097,0.960226,False,2.6119,2.6927,3.2028,3.2506,0.121668,0.070062
CHNCXR_0569_1,Shenzhen,1,0,True,DCT,70,219648,22175,9.905209,0.807656,39.938,0.968713,37.4588,41.2956,0.960431,0.972098,False,2.7187,2.8096,3.3111,3.3539,0.151229,0.090339
CHNCXR_0569_1,Shenzhen,1,0,True,DCT,90,219648,42048,5.223744,1.531469,43.3944,0.98436,40.859,44.7999,0.981426,0.985654,False,2.893,2.9508,3.5474,3.5812,0.246708,0.17217
CHNCXR_0570_1,Shenzhen,1,2,True,DCT,10,223744,3983,56.174743,0.142413,32.6623,0.848567,31.0875,33.4656,0.783534,0.875517,False,1.9479,2.0943,2.181,2.19,0.068793,0.022018
CHNCXR_0570_1,Shenzhen,1,2,True,DCT,20,223744,7090,31.557687,0.253504,35.7477,0.912218,33.897,36.7456,0.871093,0.929158,False,2.3081,2.3824,2.7862,2.8298,0.083659,0.03304
CHNCXR_0570_1,Shenzhen,1,2,True,DCT,30,223744,9631,23.231648,0.344358,37.3556,0.935479,35.3297,38.4886,0.903703,0.948658,False,2.4611,2.5537,2.9996,3.022,0.092889,0.044675
CHNCXR_0570_1,Shenzhen,1,2,True,DCT,50,223744,13885,16.11408,0.49646,39.2286,0.95581,37.033,40.5022,0.932625,0.965471,False,2.6502,2.7531,3.1822,3.2323,0.113948,0.060363
CHNCXR_0570_1,Shenzhen,1,2,True,DCT,70,223744,19407,11.529036,0.6939,40.9134,0.968311,38.6211,42.2719,0.952462,0.97491,False,2.7877,2.8878,3.2964,3.3383,0.136359,0.081759
CHNCXR_0570_1,Shenzhen,1,2,True,DCT,90,223744,37726,5.930764,1.348899,44.1047,0.983373,41.7027,45.5639,0.975865,0.986614,False,2.9684,3.0386,3.5269,3.5608,0.246028,0.154268
CHNCXR_0571_1,Shenzhen,1,1,True,DCT,10,239104,4193,57.024565,0.14029,32.5929,0.845558,30.7688,33.4421,0.780274,0.868873,False,1.9101,2.0532,2.1712,2.1853,0.0706,0.022125
CHNCXR_0571_1,Shenzhen,1,1,True,DCT,20,239104,7489,31.92736,0.250569,35.6804,0.912008,33.6081,36.6934,0.872758,0.926018,False,2.2728,2.3697,2.767,2.8107,0.110912,0.037153
CHNCXR_0571_1,Shenzhen,1,1,True,DCT,30,239104,10227,23.379681,0.342177,37.3118,0.934926,35.0726,38.4442,0.905559,0.945692,False,2.4379,2.5501,3.005,3.0264,0.09996,0.047481
CHNCXR_0571_1,Shenzhen,1,1,True,DCT,50,239104,14772,16.186298,0.494245,39.1538,0.955119,36.8068,40.3677,0.934968,0.962566,False,2.6286,2.7479,3.1934,3.2395,0.122192,0.063927
CHNCXR_0571_1,Shenzhen,1,1,True,DCT,70,239104,20749,11.52364,0.694225,40.8215,0.967926,38.4031,42.0914,0.954134,0.973123,False,2.7652,2.889,3.2967,3.3356,0.149625,0.08784
CHNCXR_0571_1,Shenzhen,1,1,True,DCT,90,239104,40264,5.938407,1.347163,43.9931,0.983036,41.5557,45.2781,0.977175,0.985319,False,2.9794,3.0575,3.52,3.5514,0.239819,0.159844
CHNCXR_0572_1,Shenzhen,1,4,True,DCT,10,249856,4046,61.753831,0.129547,32.8909,0.836814,31.0493,33.4775,0.795084,0.848542,False,1.7987,1.9667,2.0987,2.1153,0.070041,0.021616
CHNCXR_0572_1,Shenzhen,1,4,True,DCT,20,249856,7368,33.910966,0.235912,35.9865,0.906591,33.8831,36.6876,0.880736,0.91381,False,2.1764,2.2789,2.7221,2.7773,0.084626,0.035144
CHNCXR_0572_1,Shenzhen,1,4,True,DCT,30,249856,9993,25.003102,0.31996,37.6514,0.932763,35.4162,38.4139,0.912935,0.938251,False,2.3526,2.4754,2.9308,2.9526,0.125656,0.045203
CHNCXR_0572_1,Shenzhen,1,4,True,DCT,50,249856,14545,17.178137,0.465708,39.4793,0.952734,37.193,40.2663,0.940602,0.956221,False,2.5402,2.6473,3.1425,3.1875,0.121051,0.06222
CHNCXR_0572_1,Shenzhen,1,4,True,DCT,70,249856,20589,12.135412,0.659228,41.1478,0.966133,38.7976,41.9662,0.958152,0.968593,False,2.6814,2.7564,3.2801,3.3179,0.149538,0.085535
CHNCXR_0572_1,Shenzhen,1,4,True,DCT,90,249856,40628,6.149847,1.300845,44.0996,0.981462,41.7794,44.9033,0.978434,0.982521,False,2.9036,2.9675,3.4943,3.531,0.237264,0.171602
CHNCXR_0573_1,Shenzhen,1,2,True,DCT,10,221184,4174,52.990896,0.150969,32.2939,0.843481,30.3911,33.3415,0.791569,0.865219,False,1.9243,2.0975,2.2797,2.2949,0.066486,0.02112
CHNCXR_0573_1,Shenzhen,1,2,True,DCT,20,221184,7459,29.653305,0.269784,35.3451,0.909841,33.2155,36.5755,0.879435,0.922781,False,2.2709,2.384,2.8123,2.8487,0.077077,0.03473
CHNCXR_0573_1,Shenzhen,1,2,True,DCT,30,221184,10136,21.821626,0.366609,37.0029,0.934919,34.7362,38.3526,0.912096,0.944557,False,2.4572,2.5281,3.0332,3.0526,0.096172,0.046614
CHNCXR_0573_1,Shenzhen,1,2,True,DCT,50,221184,14569,15.181824,0.526946,38.9102,0.95566,36.553,40.3426,0.940388,0.962181,False,2.6171,2.702,3.197,3.2489,0.136291,0.063879
CHNCXR_0573_1,Shenzhen,1,2,True,DCT,70,221184,20197,10.951329,0.730505,40.5822,0.968107,38.1665,42.0699,0.95802,0.972587,False,2.7141,2.7957,3.3204,3.3597,0.142235,0.083506
CHNCXR_0573_1,Shenzhen,1,2,True,DCT,90,221184,39019,5.668623,1.411277,43.904,0.983632,41.4826,45.3972,0.979728,0.985496,False,2.907,2.9769,3.536,3.5719,0.226054,0.159835
CHNCXR_0574_1,Shenzhen,1,4,True,DCT,10,228864,4227,54.143364,0.147756,32.4116,0.843031,30.8093,33.312,0.787307,0.868167,False,1.8995,2.091,2.2479,2.2598,0.069544,0.021677
CHNCXR_0574_1,Shenzhen,1,4,True,DCT,20,228864,7550,30.313113,0.263912,35.5846,0.912449,33.7627,36.6566,0.877593,0.928049,False,2.2555,2.3725,2.7874,2.8238,0.086005,0.036265
CHNCXR_0574_1,Shenzhen,1,4,True,DCT,30,228864,10265,22.295567,0.358816,37.245,0.936278,35.2966,38.423,0.910323,0.948262,False,2.4447,2.5195,3.0168,3.0396,0.093915,0.046241
CHNCXR_0574_1,Shenzhen,1,4,True,DCT,50,228864,14645,15.62745,0.51192,39.0995,0.956317,37.015,40.3986,0.937806,0.964712,False,2.6118,2.7107,3.1884,3.2434,0.114812,0.065515
CHNCXR_0574_1,Shenzhen,1,4,True,DCT,70,228864,20440,11.196869,0.714485,40.7718,0.96855,38.5851,42.1663,0.955593,0.974577,False,2.7168,2.834,3.3245,3.3675,0.142096,0.087683
CHNCXR_0574_1,Shenzhen,1,4,True,DCT,90,228864,39330,5.819069,1.37479,43.9761,0.983457,41.707,45.4511,0.977506,0.986288,False,2.9279,2.9796,3.5326,3.5681,0.227879,0.165251
CHNCXR_0575_1,Shenzhen,1,2,True,DCT,10,261120,4421,59.06356,0.135447,32.6082,0.83046,31.2888,33.227,0.791537,0.84675,False,1.7905,1.9822,2.1242,2.1376,0.080732,0.026767
CHNCXR_0575_1,Shenzhen,1,2,True,DCT,20,261120,8119,32.161596,0.248744,35.7866,0.903468,34.313,36.4982,0.880712,0.913113,False,2.167,2.2917,2.7218,2.7725,0.098168,0.04193
CHNCXR_0575_1,Shenzhen,1,2,True,DCT,30,261120,10984,23.77276,0.33652,37.3948,0.930403,35.9091,38.1139,0.913255,0.937751,False,2.3416,2.4509,2.9194,2.949,0.129732,0.052558
CHNCXR_0575_1,Shenzhen,1,2,True,DCT,50,261120,15968,16.352705,0.489216,39.2224,0.950931,37.6791,39.9777,0.93996,0.955713,False,2.5164,2.6257,3.1493,3.2058,0.133501,0.071045
CHNCXR_0575_1,Shenzhen,1,2,True,DCT,70,261120,22549,11.580114,0.690839,40.8998,0.96479,39.3136,41.6826,0.958022,0.967954,False,2.6452,2.7188,3.2901,3.3288,0.165525,0.100263
CHNCXR_0575_1,Shenzhen,1,2,True,DCT,90,261120,44251,5.900884,1.355729,43.8812,0.980783,42.3067,44.6565,0.97807,0.982163,False,2.8577,2.9163,3.4856,3.5222,0.282641,0.193003
CHNCXR_0576_1,Shenzhen,1,1,True,DCT,10,227840,4101,55.557181,0.143996,32.5059,0.837602,30.821,33.4794,0.775938,0.864869,False,1.9289,2.1205,2.1934,2.2023,0.06692,0.020897
CHNCXR_0576_1,Shenzhen,1,1,True,DCT,20,227840,7309,31.172527,0.256636,35.6014,0.90622,33.606,36.8341,0.869105,0.923131,False,2.2707,2.3996,2.7699,2.8099,0.079058,0.033719
CHNCXR_0576_1,Shenzhen,1,1,True,DCT,30,227840,9995,22.795398,0.350948,37.1854,0.931287,35.0543,38.5427,0.903275,0.943981,False,2.4482,2.5617,3.0114,3.0291,0.098824,0.047934
CHNCXR_0576_1,Shenzhen,1,1,True,DCT,50,227840,14489,15.725033,0.508743,38.986,0.952136,36.7013,40.4938,0.931282,0.961615,False,2.6043,2.6883,3.2039,3.2552,0.115837,0.065705
CHNCXR_0576_1,Shenzhen,1,1,True,DCT,70,227840,20321,11.212047,0.713518,40.6108,0.965616,38.1934,42.2574,0.951019,0.972386,False,2.7048,2.8111,3.31,3.3477,0.162735,0.085984
CHNCXR_0576_1,Shenzhen,1,1,True,DCT,90,227840,39781,5.727357,1.396805,43.8012,0.982122,41.4205,45.4085,0.975937,0.985097,False,2.8814,2.9537,3.5228,3.5576,0.23881,0.166023
CHNCXR_0577_1,Shenzhen,1,2,True,DCT,10,254976,3994,63.83976,0.125314,33.0687,0.841947,31.4618,33.8666,0.778772,0.867249,False,1.8178,1.9377,2.0393,2.054,0.071254,0.02274
CHNCXR_0577_1,Shenzhen,1,2,True,DCT,20,254976,7197,35.428095,0.225809,36.1077,0.906181,34.1955,37.1168,0.864862,0.922829,False,2.2019,2.2651,2.6707,2.7405,0.107906,0.034991
CHNCXR_0577_1,Shenzhen,1,2,True,DCT,30,254976,9826,25.949115,0.308296,37.6614,0.929816,35.6528,38.7428,0.899424,0.942063,False,2.3827,2.4566,2.934,2.9653,0.100417,0.047615
CHNCXR_0577_1,Shenzhen,1,2,True,DCT,50,254976,14428,17.672304,0.452686,39.438,0.949978,37.3569,40.5755,0.929573,0.958329,False,2.5716,2.6456,3.1454,3.1832,0.125076,0.06475
CHNCXR_0577_1,Shenzhen,1,2,True,DCT,70,254976,20615,12.36847,0.646806,41.0567,0.963399,38.9122,42.2447,0.949737,0.969127,False,2.7156,2.7676,3.2713,3.3045,0.161268,0.095149
CHNCXR_0577_1,Shenzhen,1,2,True,DCT,90,254976,41678,6.11776,1.307668,43.9604,0.979669,41.7952,45.1652,0.973487,0.982368,False,2.9422,3.0015,3.5036,3.5423,0.260324,0.181844
CHNCXR_0578_1,Shenzhen,1,4,True,DCT,10,254464,4986,51.0357,0.156753,32.3957,0.847915,30.3381,33.6446,0.787525,0.875347,False,1.9646,2.1369,2.3005,2.3152,0.07634,0.027659
CHNCXR_0578_1,Shenzhen,1,4,True,DCT,20,254464,8735,29.13154,0.274616,35.4748,0.911881,33.1749,36.9497,0.876379,0.928203,False,2.3106,2.4415,2.827,2.8671,0.094608,0.040125
CHNCXR_0578_1,Shenzhen,1,4,True,DCT,30,254464,11720,21.711945,0.368461,37.0602,0.935325,34.662,38.634,0.909253,0.947393,False,2.4705,2.5776,3.0429,3.0669,0.106785,0.052476
CHNCXR_0578_1,Shenzhen,1,4,True,DCT,50,254464,16839,15.111586,0.529395,38.8952,0.955441,36.3836,40.5889,0.937114,0.963917,False,2.6346,2.721,3.229,3.2825,0.132113,0.072167
CHNCXR_0578_1,Shenzhen,1,4,True,DCT,70,254464,23262,10.939042,0.731325,40.5456,0.967801,37.9665,42.3139,0.955365,0.973727,False,2.7498,2.8678,3.3567,3.3951,0.189288,0.104597
CHNCXR_0578_1,Shenzhen,1,4,True,DCT,90,254464,44750,5.686346,1.406879,43.7435,0.983026,41.2205,45.4497,0.978096,0.985504,False,2.9306,2.9948,3.5583,3.5963,0.276667,0.198605
CHNCXR_0579_1,Shenzhen,1,1,True,DCT,10,221184,4121,53.67241,0.149052,32.3209,0.833626,31.1226,32.9952,0.796285,0.852215,False,1.8971,2.0917,2.2441,2.2611,0.0705,0.022797
CHNCXR_0579_1,Shenzhen,1,1,True,DCT,20,221184,7372,30.003256,0.266638,35.3615,0.903562,33.993,36.1585,0.879997,0.915428,False,2.2461,2.3498,2.7863,2.8224,0.082748,0.037163
CHNCXR_0579_1,Shenzhen,1,1,True,DCT,30,221184,10092,21.916766,0.365017,37.0557,0.93073,35.5389,37.9664,0.912376,0.939976,False,2.4098,2.4864,3.0071,3.0291,0.100024,0.04609
CHNCXR_0579_1,Shenzhen,1,1,True,DCT,50,221184,14527,15.225718,0.525427,38.8849,0.951999,37.2859,39.862,0.939393,0.958444,False,2.5659,2.6508,3.1928,3.2425,0.116382,0.063078
CHNCXR_0579_1,Shenzhen,1,1,True,DCT,70,221184,20371,10.857788,0.736798,40.539,0.965451,38.8671,41.5766,0.95682,0.970017,False,2.6857,2.7688,3.3156,3.3591,0.144326,0.083689
CHNCXR_0579_1,Shenzhen,1,1,True,DCT,90,221184,39418,5.611244,1.425709,43.6781,0.981835,41.8955,44.8115,0.977733,0.98411,False,2.8614,2.919,3.5211,3.5542,0.22958,0.163523
CHNCXR_0580_1,Shenzhen,1,0,True,DCT,10,231424,4363,53.042402,0.150823,32.3258,0.846047,30.4001,33.3977,0.792185,0.868794,False,1.9187,2.0855,2.2815,2.2964,0.075309,0.024843
CHNCXR_0580_1,Shenzhen,1,0,True,DCT,20,231424,7722,29.969438,0.266939,35.4447,0.912906,33.2561,36.7339,0.880641,0.926671,False,2.2792,2.3777,2.7898,2.8311,0.091538,0.037752
CHNCXR_0580_1,Shenzhen,1,0,True,DCT,30,231424,10431,22.186176,0.360585,37.0488,0.936434,34.8239,38.37,0.913237,0.946276,False,2.4557,2.5384,3.0035,3.0291,0.099244,0.046397
CHNCXR_0580_1,Shenzhen,1,0,True,DCT,50,231424,15060,15.366799,0.520603,38.9392,0.95621,36.6306,40.3359,0.941008,0.962726,False,2.6387,2.7382,3.1878,3.241,0.120261,0.064263
CHNCXR_0580_1,Shenzhen,1,0,True,DCT,70,231424,20924,11.060218,0.723313,40.6655,0.968683,38.2762,42.1379,0.958952,0.972994,False,2.7478,2.8588,3.2987,3.3392,0.148653,0.087072
CHNCXR_0580_1,Shenzhen,1,0,True,DCT,90,231424,40174,5.760542,1.388758,43.9008,0.983507,41.4989,45.3853,0.979732,0.985285,False,2.9578,3.0441,3.5276,3.5609,0.257932,0.167035
CHNCXR_0581_1,Shenzhen,1,1,True,DCT,10,236544,4317,54.793607,0.146002,32.5204,0.843795,30.7791,33.4673,0.794007,0.864974,False,1.906,2.1096,2.2227,2.2338,0.076822,0.023176
CHNCXR_0581_1,Shenzhen,1,1,True,DCT,20,236544,7717,30.652326,0.260992,35.6431,0.910617,33.6806,36.7609,0.880368,0.923773,False,2.2546,2.3817,2.7765,2.8203,0.088102,0.036481
CHNCXR_0581_1,Shenzhen,1,1,True,DCT,30,236544,10461,22.611987,0.353795,37.3266,0.935676,35.2777,38.5154,0.913617,0.94529,False,2.4126,2.5151,2.9801,3.0032,0.096293,0.04757
CHNCXR_0581_1,Shenzhen,1,1,True,DCT,50,236544,15008,15.761194,0.507576,39.2643,0.955893,37.0827,40.5673,0.940589,0.962577,False,2.5721,2.674,3.156,3.2121,0.120265,0.064987
CHNCXR_0581_1,Shenzhen,1,1,True,DCT,70,236544,20917,11.308696,0.70742,40.9845,0.968445,38.7463,42.3384,0.958527,0.972862,False,2.6898,2.7678,3.2857,3.3283,0.149034,0.088717
CHNCXR_0581_1,Shenzhen,1,1,True,DCT,90,236544,40356,5.861433,1.364854,44.1157,0.983211,41.902,45.4474,0.979157,0.985131,False,2.8475,2.9009,3.5011,3.5354,0.274104,0.17441
CHNCXR_0582_1,Shenzhen,1,2,True,DCT,10,249856,4199,59.503691,0.134445,32.6579,0.837984,30.6988,33.558,0.785208,0.856296,False,1.8647,2.0359,2.1327,2.1502,0.074789,0.024043
CHNCXR_0582_1,Shenzhen,1,2,True,DCT,20,249856,7547,33.106665,0.241643,35.6935,0.903897,33.4475,36.7859,0.874591,0.914612,False,2.235,2.335,2.7242,2.7736,0.089435,0.037036
CHNCXR_0582_1,Shenzhen,1,2,True,DCT,30,249856,10349,24.143009,0.331359,37.2893,0.928592,34.9396,38.4566,0.907783,0.93631,False,2.3892,2.4951,2.9656,2.9902,0.099514,0.046689
CHNCXR_0582_1,Shenzhen,1,2,True,DCT,50,249856,15048,16.603934,0.481814,39.0806,0.949447,36.6837,40.2832,0.936574,0.954364,False,2.5565,2.6824,3.1534,3.2025,0.142288,0.06731
CHNCXR_0582_1,Shenzhen,1,2,True,DCT,70,249856,21442,11.652644,0.686539,40.676,0.962832,38.2127,41.9292,0.954464,0.966244,False,2.6947,2.7812,3.3005,3.3405,0.157217,0.091452
CHNCXR_0582_1,Shenzhen,1,2,True,DCT,90,249856,42695,5.852114,1.367027,43.6788,0.979782,41.3402,44.838,0.977392,0.98094,False,2.8782,2.9349,3.5122,3.5471,0.269709,0.173656
CHNCXR_0583_1,Shenzhen,1,2,True,DCT,10,260608,4651,56.032681,0.142774,32.6449,0.854357,30.3337,33.8741,0.780751,0.881481,False,1.9053,2.0381,2.2352,2.2429,0.081282,0.030654
CHNCXR_0583_1,Shenzhen,1,2,True,DCT,20,260608,8249,31.592678,0.253223,35.6548,0.915188,33.1222,37.0678,0.871491,0.931022,False,2.2777,2.3569,2.8101,2.8519,0.095645,0.041374
CHNCXR_0583_1,Shenzhen,1,2,True,DCT,30,260608,11186,23.297694,0.343382,37.2624,0.937582,34.6498,38.7463,0.90612,0.949106,False,2.4453,2.5649,3.0242,3.0437,0.131179,0.052458
CHNCXR_0583_1,Shenzhen,1,2,True,DCT,50,260608,16012,16.275793,0.491528,39.15,0.956955,36.4329,40.7302,0.936213,0.964685,False,2.6352,2.7332,3.1985,3.245,0.131654,0.070773
CHNCXR_0583_1,Shenzhen,1,2,True,DCT,70,260608,22311,11.680696,0.684891,40.818,0.968959,38.0469,42.4499,0.954905,0.974306,False,2.7671,2.8623,3.3267,3.3682,0.161091,0.097607
CHNCXR_0583_1,Shenzhen,1,2,True,DCT,90,260608,43167,6.037204,1.325117,44.0655,0.98346,41.3295,45.6637,0.977953,0.985703,False,2.9732,3.0347,3.5468,3.5823,0.270745,0.173946
CHNCXR_0584_1,Shenzhen,1,2,True,DCT,10,253440,4090,61.96577,0.129104,33.0274,0.856101,30.9548,33.9158,0.789161,0.877044,False,1.8257,1.9549,2.1117,2.1298,0.077001,0.023589
CHNCXR_0584_1,Shenzhen,1,2,True,DCT,20,253440,7367,34.402063,0.232544,36.1174,0.915965,33.8972,37.0966,0.87896,0.927802,False,2.2091,2.3057,2.7122,2.7722,0.087962,0.03554
CHNCXR_0584_1,Shenzhen,1,2,True,DCT,30,253440,9943,25.489289,0.313857,37.755,0.93834,35.4483,38.7898,0.911107,0.947183,False,2.3915,2.4824,2.9644,2.9879,0.09674,0.048367
CHNCXR_0584_1,Shenzhen,1,2,True,DCT,50,253440,14394,17.607336,0.454356,39.6116,0.957017,37.2162,40.7053,0.938763,0.962948,False,2.5904,2.7059,3.1797,3.2172,0.120773,0.064902
CHNCXR_0584_1,Shenzhen,1,2,True,DCT,70,253440,20195,12.549641,0.637468,41.3121,0.968878,38.9112,42.4095,0.95746,0.972721,False,2.728,2.8264,3.2999,3.3407,0.145641,0.086162
CHNCXR_0584_1,Shenzhen,1,2,True,DCT,90,253440,39869,6.356819,1.258491,44.3994,0.983049,42.0027,45.494,0.978367,0.984727,False,2.9453,3.0111,3.5219,3.5604,0.250443,0.166846
CHNCXR_0585_1,Shenzhen,1,3,True,DCT,10,261120,4549,57.401627,0.139369,32.6795,0.852145,30.4905,33.7057,0.783937,0.875059,False,1.8543,1.988,2.2113,2.2216,0.077269,0.026595
CHNCXR_0585_1,Shenzhen,1,3,True,DCT,20,261120,8170,31.960832,0.250306,35.8322,0.916342,33.4139,37.0199,0.877138,0.929333,False,2.2389,2.3252,2.7925,2.8367,0.092594,0.041011
CHNCXR_0585_1,Shenzhen,1,3,True,DCT,30,261120,11061,23.607269,0.338879,37.4902,0.939691,35.0053,38.7275,0.911482,0.948968,False,2.4401,2.5481,2.9845,3.0063,0.110443,0.053611
CHNCXR_0585_1,Shenzhen,1,3,True,DCT,50,261120,15835,16.490054,0.485141,39.4672,0.958807,36.8451,40.8114,0.939904,0.965127,False,2.6367,2.7356,3.18,3.2269,0.128825,0.07055
CHNCXR_0585_1,Shenzhen,1,3,True,DCT,70,261120,21962,11.889628,0.672855,41.1326,0.970527,38.4424,42.532,0.95762,0.974973,False,2.7593,2.8669,3.3195,3.3603,0.173904,0.092854
CHNCXR_0585_1,Shenzhen,1,3,True,DCT,90,261120,42297,6.173487,1.295864,44.3544,0.984262,41.6625,45.7552,0.979045,0.986235,False,3.0098,3.0862,3.5226,3.559,0.276308,0.177573
CHNCXR_0586_1,Shenzhen,1,1,True,DCT,10,243200,4129,58.90046,0.135822,32.9494,0.856399,30.4398,33.6958,0.804859,0.86734,False,1.8425,1.9818,2.1196,2.1371,0.072013,0.022904
CHNCXR_0586_1,Shenzhen,1,1,True,DCT,20,243200,7362,33.034501,0.242171,36.165,0.91805,33.3745,37.0372,0.889851,0.92418,False,2.2225,2.3169,2.7318,2.7846,0.087031,0.035024
CHNCXR_0586_1,Shenzhen,1,1,True,DCT,30,243200,9879,24.617876,0.324967,37.8616,0.940455,34.9368,38.7982,0.919795,0.945044,False,2.3978,2.4839,2.9599,2.9868,0.099055,0.045759
CHNCXR_0586_1,Shenzhen,1,1,True,DCT,50,243200,14185,17.144871,0.466612,39.8345,0.959076,36.8615,40.795,0.946473,0.962062,False,2.5759,2.6914,3.1686,3.2131,0.117168,0.062434
CHNCXR_0586_1,Shenzhen,1,1,True,DCT,70,243200,19779,12.295869,0.650625,41.5554,0.970509,38.5545,42.5299,0.963153,0.972454,False,2.722,2.8156,3.2986,3.336,0.172783,0.088204
CHNCXR_0586_1,Shenzhen,1,1,True,DCT,90,243200,38803,6.267557,1.276414,44.6926,0.983944,41.8637,45.583,0.982155,0.984568,False,2.9252,2.9992,3.5175,3.555,0.232336,0.16206
CHNCXR_0587_1,Shenzhen,1,0,True,DCT,10,261632,4725,55.371852,0.144478,32.5338,0.856167,30.2939,33.5603,0.775589,0.881824,False,1.9393,2.0847,2.1985,2.2123,0.100471,0.027082
CHNCXR_0587_1,Shenzhen,1,0,True,DCT,20,261632,8330,31.408403,0.254709,35.6529,0.918783,32.9814,36.9905,0.86604,0.935306,False,2.2962,2.384,2.7916,2.8299,0.102417,0.04317
CHNCXR_0587_1,Shenzhen,1,0,True,DCT,30,261632,11325,23.102163,0.346288,37.2461,0.940248,34.5056,38.6386,0.903323,0.952049,False,2.4594,2.6079,2.9944,3.0157,0.116084,0.056595
CHNCXR_0587_1,Shenzhen,1,0,True,DCT,50,261632,16123,16.227253,0.492998,39.1368,0.958497,36.2203,40.677,0.932868,0.966984,False,2.6556,2.7434,3.175,3.2252,0.135642,0.07367
CHNCXR_0587_1,Shenzhen,1,0,True,DCT,70,261632,22363,11.699325,0.6838,40.8114,0.970466,37.7969,42.4386,0.952689,0.976421,False,2.7873,2.8855,3.3118,3.3543,0.168035,0.097622
CHNCXR_0587_1,Shenzhen,1,0,True,DCT,90,261632,43249,6.049435,1.322438,44.1137,0.984469,41.1031,45.7374,0.977026,0.987087,False,2.9924,3.0615,3.5678,3.6039,0.264648,0.182409
CHNCXR_0588_1,Shenzhen,1,1,True,DCT,10,240128,4537,52.926603,0.151153,32.2029,0.835016,30.8362,33.0674,0.785649,0.860936,False,1.9202,2.0855,2.2825,2.2965,0.073231,0.023015
CHNCXR_0588_1,Shenzhen,1,1,True,DCT,20,240128,8171,29.387835,0.272221,35.3502,0.906892,33.8024,36.3683,0.877702,0.922359,False,2.2722,2.3565,2.8054,2.8439,0.092081,0.039332
CHNCXR_0588_1,Shenzhen,1,1,True,DCT,30,240128,11208,21.424697,0.373401,36.9966,0.933146,35.3568,38.0974,0.910994,0.944772,False,2.429,2.5175,3.0081,3.0356,0.106094,0.052951
CHNCXR_0588_1,Shenzhen,1,1,True,DCT,50,240128,16033,14.97711,0.534148,38.9288,0.954813,37.2097,40.1037,0.939731,0.962755,False,2.5891,2.6541,3.1887,3.2394,0.15032,0.071744
CHNCXR_0588_1,Shenzhen,1,1,True,DCT,70,240128,22351,10.743501,0.744636,40.6376,0.967732,38.8096,41.9186,0.95762,0.973189,False,2.7008,2.7696,3.3147,3.3538,0.15755,0.098352
CHNCXR_0588_1,Shenzhen,1,1,True,DCT,90,240128,42869,5.601437,1.428205,43.9022,0.983186,41.9435,45.3177,0.978461,0.985784,False,2.8697,2.9251,3.5312,3.5637,0.261339,0.182426
CHNCXR_0589_1,Shenzhen,1,1,True,DCT,10,240128,4518,53.149181,0.15052,32.3664,0.841414,30.3282,33.4686,0.787984,0.862305,False,1.8996,2.1035,2.2379,2.2554,0.078807,0.024273
CHNCXR_0589_1,Shenzhen,1,1,True,DCT,20,240128,8037,29.877815,0.267757,35.4374,0.909085,33.1437,36.7473,0.878196,0.921804,False,2.2487,2.366,2.7917,2.827,0.090767,0.039728
CHNCXR_0589_1,Shenzhen,1,1,True,DCT,30,240128,10866,22.099024,0.362007,37.0682,0.934661,34.6777,38.4631,0.91212,0.943953,False,2.3939,2.531,2.9787,3.004,0.107591,0.051162
CHNCXR_0589_1,Shenzhen,1,1,True,DCT,50,240128,15625,15.368192,0.520556,38.9087,0.954843,36.4648,40.3519,0.940067,0.960982,False,2.5508,2.6597,3.1674,3.2191,0.128629,0.071486
CHNCXR_0589_1,Shenzhen,1,1,True,DCT,70,240128,21692,11.069888,0.722681,40.5876,0.967464,38.1169,42.0554,0.958339,0.971455,False,2.6876,2.7884,3.2848,3.3236,0.159034,0.09646
CHNCXR_0589_1,Shenzhen,1,1,True,DCT,90,240128,42108,5.702669,1.402852,43.7,0.982669,41.2692,45.1313,0.979425,0.98422,False,2.8497,2.9163,3.5272,3.5624,0.278621,0.183976
CHNCXR_0590_1,Shenzhen,1,1,True,DCT,10,236032,4358,54.160624,0.147709,32.3701,0.837565,30.8451,33.3964,0.781841,0.867474,False,1.9281,2.1091,2.2323,2.2451,0.073654,0.025065
CHNCXR_0590_1,Shenzhen,1,1,True,DCT,20,236032,7880,29.953299,0.267082,35.5299,0.908215,33.7397,36.8097,0.875184,0.926349,False,2.2709,2.3788,2.7972,2.8342,0.089483,0.037968
CHNCXR_0590_1,Shenzhen,1,1,True,DCT,30,236032,10731,21.995341,0.363713,37.1677,0.934026,35.3023,38.5252,0.9098,0.947081,False,2.4452,2.5453,3.0105,3.0327,0.103542,0.054891
CHNCXR_0590_1,Shenzhen,1,1,True,DCT,50,236032,15361,15.365666,0.520641,39.0526,0.954903,37.1043,40.4988,0.938668,0.963725,False,2.6078,2.6743,3.1766,3.2293,0.125785,0.069
CHNCXR_0590_1,Shenzhen,1,1,True,DCT,70,236032,21329,11.066248,0.722919,40.7813,0.967921,38.747,42.3235,0.95701,0.973993,False,2.6946,2.7807,3.3006,3.3407,0.153317,0.091099
CHNCXR_0590_1,Shenzhen,1,1,True,DCT,90,236032,41137,5.737706,1.394286,44.0103,0.983335,41.9319,45.6033,0.97874,0.985968,False,2.8737,2.9426,3.5332,3.5673,0.248841,0.175288
CHNCXR_0591_1,Shenzhen,1,3,True,DCT,10,260096,4631,56.164111,0.14244,32.5569,0.845875,30.6875,33.5142,0.782532,0.870568,False,1.8707,2.0442,2.196,2.2109,0.083831,0.027925
CHNCXR_0591_1,Shenzhen,1,3,True,DCT,20,260096,8316,31.276575,0.255782,35.6652,0.912262,33.5084,36.8373,0.875067,0.926961,False,2.2417,2.3418,2.7689,2.8135,0.103043,0.042331
CHNCXR_0591_1,Shenzhen,1,3,True,DCT,30,260096,11219,23.183528,0.345073,37.2514,0.936148,35.042,38.4657,0.908365,0.946877,False,2.4191,2.5022,2.9681,2.9917,0.113859,0.055696
CHNCXR_0591_1,Shenzhen,1,3,True,DCT,50,260096,16211,16.044414,0.498616,39.1098,0.955605,36.7986,40.4081,0.936753,0.962947,False,2.5977,2.6982,3.1668,3.2185,0.159695,0.076417
CHNCXR_0591_1,Shenzhen,1,3,True,DCT,70,260096,22725,11.445369,0.698973,40.8478,0.968512,38.4085,42.2574,0.9555,0.973804,False,2.7265,2.8169,3.3138,3.3524,0.169871,0.102063
CHNCXR_0591_1,Shenzhen,1,3,True,DCT,90,260096,44002,5.911004,1.353408,44.0395,0.983327,41.5736,45.473,0.977831,0.985695,False,2.9377,3.0083,3.535,3.5694,0.268292,0.187326
CHNCXR_0592_1,Shenzhen,1,0,True,DCT,10,254976,4201,60.69412,0.131808,32.988,0.846057,31.1136,33.8073,0.779378,0.868503,False,1.8655,2.0345,2.0609,2.0791,0.077459,0.025493
CHNCXR_0592_1,Shenzhen,1,0,True,DCT,20,254976,7583,33.624687,0.23792,36.1125,0.911801,33.9525,37.1103,0.872071,0.925349,False,2.2297,2.3331,2.6942,2.7505,0.095755,0.04077
CHNCXR_0592_1,Shenzhen,1,0,True,DCT,30,254976,10353,24.628224,0.324831,37.7793,0.936413,35.5115,38.8496,0.906801,0.946575,False,2.3899,2.5208,2.9258,2.9478,0.127068,0.050862
CHNCXR_0592_1,Shenzhen,1,0,True,DCT,50,254976,14974,17.027915,0.469817,39.6846,0.957018,37.301,40.8364,0.936729,0.963992,False,2.5839,2.7116,3.1191,3.1653,0.130553,0.070103
CHNCXR_0592_1,Shenzhen,1,0,True,DCT,70,254976,20969,12.159664,0.657913,41.3559,0.969154,38.8892,42.5683,0.955049,0.974133,False,2.7004,2.785,3.2626,3.3056,0.163411,0.094857
CHNCXR_0592_1,Shenzhen,1,0,True,DCT,90,254976,41139,6.197914,1.290757,44.4558,0.983699,41.8413,45.7815,0.976751,0.986202,False,2.8873,2.9529,3.501,3.5366,0.25465,0.174095
CHNCXR_0593_1,Shenzhen,1,1,True,DCT,10,252416,4570,55.23326,0.14484,32.5351,0.838285,31.3008,33.2042,0.796958,0.858015,False,1.8622,2.0532,2.1784,2.1949,0.07769,0.026245
CHNCXR_0593_1,Shenzhen,1,1,True,DCT,20,252416,8200,30.782439,0.259888,35.693,0.907659,34.2653,36.4974,0.881618,0.920121,False,2.2162,2.3344,2.7619,2.8097,0.094955,0.038513
CHNCXR_0593_1,Shenzhen,1,1,True,DCT,30,252416,11151,22.636176,0.353417,37.3726,0.932989,35.8715,38.2311,0.914926,0.941676,False,2.3904,2.495,2.9709,2.9968,0.111919,0.050304
CHNCXR_0593_1,Shenzhen,1,1,True,DCT,50,252416,16090,15.687756,0.509952,39.2519,0.953539,37.7,40.1489,0.941501,0.959347,False,2.5399,2.6421,3.1677,3.2196,0.13351,0.073103
CHNCXR_0593_1,Shenzhen,1,1,True,DCT,70,252416,22476,11.230468,0.712348,40.9209,0.966714,39.338,41.8417,0.95887,0.970671,False,2.6483,2.7321,3.2956,3.3327,0.168024,0.101567
CHNCXR_0593_1,Shenzhen,1,1,True,DCT,90,252416,43632,5.785112,1.38286,43.9637,0.981932,42.3087,44.941,0.978509,0.983754,False,2.8349,2.8899,3.5086,3.5447,0.263499,0.187686
CHNCXR_0594_1,Shenzhen,1,4,True,DCT,10,246272,4408,55.869328,0.143191,32.6519,0.839323,31.4959,33.3417,0.798516,0.861798,False,1.9287,2.0774,2.1658,2.1834,0.077188,0.025444
CHNCXR_0594_1,Shenzhen,1,4,True,DCT,20,246272,7844,31.396226,0.254808,35.7883,0.90817,34.4147,36.6457,0.882881,0.922095,False,2.2855,2.3683,2.7414,2.7833,0.112361,0.039334
CHNCXR_0594_1,Shenzhen,1,4,True,DCT,30,246272,10672,23.076462,0.346674,37.3999,0.933162,35.9284,38.3377,0.914167,0.943624,False,2.4342,2.4944,2.9607,2.9824,0.105467,0.051099
CHNCXR_0594_1,Shenzhen,1,4,True,DCT,50,246272,15482,15.906989,0.502924,39.2095,0.953577,37.6723,40.2032,0.940053,0.960987,False,2.6135,2.6844,3.158,3.2095,0.127001,0.067149
CHNCXR_0594_1,Shenzhen,1,4,True,DCT,70,246272,21820,11.286526,0.70881,40.8766,0.966771,39.2542,41.9451,0.957541,0.971983,False,2.7186,2.783,3.2901,3.3299,0.158948,0.094207
CHNCXR_0594_1,Shenzhen,1,4,True,DCT,90,246272,42366,5.812963,1.376234,43.945,0.982152,42.2125,45.1144,0.977734,0.984694,False,2.8997,2.9675,3.4962,3.5286,0.250567,0.179108
CHNCXR_0595_1,Shenzhen,1,1,True,DCT,10,231936,4547,51.008577,0.156836,32.2523,0.837051,31.1731,32.9058,0.798479,0.858121,False,1.9529,2.1201,2.2997,2.3201,0.075876,0.026378
CHNCXR_0595_1,Shenzhen,1,1,True,DCT,20,231936,8071,28.736959,0.278387,35.4355,0.907187,34.1743,36.2283,0.88393,0.919967,False,2.2993,2.4005,2.8479,2.8807,0.094052,0.038736
CHNCXR_0595_1,Shenzhen,1,1,True,DCT,30,231936,10975,21.133121,0.378553,37.0982,0.933142,35.7769,37.9395,0.915534,0.942691,False,2.4399,2.5266,3.0334,3.0557,0.10345,0.051803
CHNCXR_0595_1,Shenzhen,1,1,True,DCT,50,231936,15714,14.759832,0.542012,38.9912,0.954314,37.5924,39.8966,0.941998,0.961105,False,2.612,2.6905,3.1891,3.2412,0.123082,0.071111
CHNCXR_0595_1,Shenzhen,1,1,True,DCT,70,231936,21857,10.61152,0.753898,40.7037,0.967287,39.2321,41.6713,0.959169,0.971837,False,2.7184,2.7944,3.3347,3.3725,0.173147,0.096439
CHNCXR_0595_1,Shenzhen,1,1,True,DCT,90,231936,41760,5.554023,1.440397,43.8391,0.982562,42.2728,44.8908,0.978965,0.984694,False,2.878,2.932,3.5294,3.5655,0.263368,0.186019
CHNCXR_0596_1,Shenzhen,1,4,True,DCT,10,212480,3465,61.321789,0.130459,32.6167,0.838193,31.9792,32.8698,0.771248,0.862735,False,1.797,1.9228,2.2138,2.2239,0.065312,0.021531
CHNCXR_0596_1,Shenzhen,1,4,True,DCT,20,212480,6278,33.845174,0.23637,35.9572,0.91004,34.8992,36.409,0.869315,0.925253,False,2.1772,2.2566,2.8603,2.9148,0.076688,0.029786
CHNCXR_0596_1,Shenzhen,1,4,True,DCT,30,212480,8547,24.860185,0.3218,37.8181,0.936981,36.4547,38.4333,0.905614,0.948644,False,2.337,2.3909,3.0823,3.1062,0.103004,0.039852
CHNCXR_0596_1,Shenzhen,1,4,True,DCT,50,212480,12355,17.197896,0.465173,39.9736,0.958507,38.3047,40.7714,0.936471,0.966866,False,2.5365,2.607,3.2495,3.29,0.10442,0.055279
CHNCXR_0596_1,Shenzhen,1,4,True,DCT,70,212480,17297,12.284211,0.651242,42.0136,0.972221,40.0769,42.9896,0.956848,0.97814,False,2.6573,2.7224,3.3678,3.4126,0.127169,0.073861
CHNCXR_0596_1,Shenzhen,1,4,True,DCT,90,212480,32756,6.486751,1.233283,45.6672,0.986688,43.2542,47.011,0.978735,0.989803,False,2.8329,2.878,3.5394,3.5702,0.203109,0.139641
CHNCXR_0597_1,Shenzhen,1,1,True,DCT,10,261632,4563,57.337716,0.139524,32.8023,0.855195,30.5738,33.7224,0.783074,0.876901,False,1.8945,2.0996,2.1451,2.1614,0.082348,0.027642
CHNCXR_0597_1,Shenzhen,1,1,True,DCT,20,261632,8082,32.372185,0.247126,35.9274,0.918572,33.3532,37.0644,0.872385,0.932097,False,2.2593,2.3779,2.7558,2.8027,0.097521,0.040876
CHNCXR_0597_1,Shenzhen,1,1,True,DCT,30,261632,10921,23.956781,0.333935,37.5403,0.94024,34.9069,38.7173,0.907266,0.949877,False,2.4302,2.5469,2.9774,2.9999,0.130614,0.053634
CHNCXR_0597_1,Shenzhen,1,1,True,DCT,50,261632,15644,16.724111,0.478351,39.4399,0.958428,36.663,40.718,0.935837,0.965355,False,2.5981,2.7173,3.1833,3.228,0.13642,0.073989
CHNCXR_0597_1,Shenzhen,1,1,True,DCT,70,261632,21700,12.056774,0.663527,41.1328,0.970454,38.2623,42.4799,0.954629,0.97539,False,2.7344,2.8545,3.32,3.3599,0.169604,0.102423
CHNCXR_0597_1,Shenzhen,1,1,True,DCT,90,261632,42101,6.214389,1.287335,44.3301,0.984321,41.4299,45.6997,0.977221,0.986646,False,2.9421,3.0227,3.5542,3.5922,0.269626,0.186929
CHNCXR_0598_1,Shenzhen,1,3,True,DCT,10,257024,3804,67.566772,0.118401,32.9638,0.840686,32.6057,33.1249,0.796917,0.861258,False,1.6708,1.8167,2.1206,2.1489,0.07376,0.02404
CHNCXR_0598_1,Shenzhen,1,3,True,DCT,20,257024,6991,36.764984,0.217598,36.4782,0.912079,35.7615,36.8217,0.885602,0.924683,False,2.0666,2.1801,2.7833,2.8531,0.088876,0.035225
CHNCXR_0598_1,Shenzhen,1,3,True,DCT,30,257024,9536,26.95302,0.296813,38.454,0.938288,37.4005,38.9913,0.917921,0.947944,False,2.2526,2.3316,3.0165,3.0418,0.104768,0.046012
CHNCXR_0598_1,Shenzhen,1,3,True,DCT,50,257024,13798,18.627627,0.42947,40.6302,0.959973,39.4321,41.2583,0.946064,0.966497,False,2.4535,2.5119,3.207,3.2405,0.124006,0.064567
CHNCXR_0598_1,Shenzhen,1,3,True,DCT,70,257024,19414,13.239106,0.60427,42.7683,0.973261,41.2792,43.5951,0.963744,0.97779,False,2.5866,2.6597,3.3316,3.3774,0.176393,0.088204
CHNCXR_0598_1,Shenzhen,1,3,True,DCT,90,257024,37373,6.877264,1.163253,46.328,0.986829,44.5505,47.3757,0.98233,0.988988,False,2.7958,2.8619,3.5098,3.545,0.253245,0.167454
CHNCXR_0599_1,Shenzhen,1,4,True,DCT,10,260096,3634,71.572922,0.111774,33.8569,0.859272,33.0605,34.0968,0.788595,0.879887,False,1.8067,1.9045,1.9514,1.9847,0.084317,0.024891
CHNCXR_0599_1,Shenzhen,1,4,True,DCT,20,260096,6374,40.805773,0.196051,37.2783,0.92247,36.1093,37.652,0.879543,0.934998,False,2.1875,2.2517,2.5863,2.6265,0.093178,0.037578
CHNCXR_0599_1,Shenzhen,1,4,True,DCT,30,260096,8668,30.006461,0.266609,39.072,0.945354,37.7618,39.5007,0.913473,0.954603,False,2.3527,2.3997,2.8595,2.8994,0.107321,0.045782
CHNCXR_0599_1,Shenzhen,1,4,True,DCT,50,260096,12486,20.831011,0.384043,41.1687,0.963731,39.6823,41.6697,0.942108,0.970024,False,2.5496,2.6023,3.1193,3.1476,0.125538,0.060389
CHNCXR_0599_1,Shenzhen,1,4,True,DCT,70,260096,17651,14.735482,0.542907,43.0982,0.975039,41.4481,43.6702,0.960563,0.979097,False,2.6786,2.7329,3.2702,3.32,0.169086,0.079865
CHNCXR_0599_1,Shenzhen,1,4,True,DCT,90,260096,35018,7.427494,1.077079,46.6774,0.987515,44.5903,47.4591,0.980351,0.989626,False,2.8525,2.9143,3.4928,3.5298,0.228472,0.148463
CHNCXR_0600_1,Shenzhen,1,4,True,DCT,10,249856,4910,50.887169,0.157211,31.9458,0.837822,29.9749,33.1151,0.764817,0.868428,False,1.942,2.1086,2.33,2.3453,0.08761,0.028772
CHNCXR_0600_1,Shenzhen,1,4,True,DCT,20,249856,8814,28.347629,0.282211,34.9639,0.907342,32.6013,36.4951,0.860208,0.927329,False,2.2971,2.3891,2.8517,2.8777,0.098616,0.043271
CHNCXR_0600_1,Shenzhen,1,4,True,DCT,30,249856,11972,20.87003,0.383325,36.5448,0.932252,34.0404,38.2238,0.896681,0.947437,False,2.4636,2.5438,3.0239,3.0476,0.113246,0.057924
CHNCXR_0600_1,Shenzhen,1,4,True,DCT,50,249856,17213,14.515541,0.551133,38.3635,0.953646,35.7446,40.1691,0.928872,0.964326,False,2.634,2.7082,3.1813,3.2342,0.138004,0.078347
CHNCXR_0600_1,Shenzhen,1,4,True,DCT,70,249856,23776,10.508748,0.76127,40.0489,0.967215,37.3437,41.9549,0.950321,0.974657,False,2.7568,2.8502,3.2964,3.3385,0.171993,0.105129
CHNCXR_0600_1,Shenzhen,1,4,True,DCT,90,249856,45321,5.513029,1.451108,43.4181,0.983577,40.7305,45.3033,0.976793,0.986673,False,2.9386,3.0044,3.5321,3.563,0.289396,0.192442
CHNCXR_0601_1,Shenzhen,1,1,True,DCT,10,236544,3828,61.793103,0.129464,33.0675,0.853242,30.8422,33.8901,0.789839,0.870685,False,1.8796,2.0339,2.0578,2.0761,0.0752,0.020738
CHNCXR_0601_1,Shenzhen,1,1,True,DCT,20,236544,6771,34.934869,0.228998,36.2117,0.915654,33.5681,37.269,0.874526,0.92717,False,2.2504,2.3351,2.6923,2.7583,0.082126,0.032176
CHNCXR_0601_1,Shenzhen,1,1,True,DCT,30,236544,9208,25.688966,0.311418,37.8255,0.938135,35.0734,38.9498,0.908187,0.946619,False,2.415,2.5259,2.9534,2.9769,0.093532,0.043252
CHNCXR_0601_1,Shenzhen,1,1,True,DCT,50,236544,13266,17.830846,0.448661,39.6799,0.957401,36.8205,40.8731,0.937335,0.96304,False,2.6152,2.732,3.1741,3.2103,0.115568,0.060969
CHNCXR_0601_1,Shenzhen,1,1,True,DCT,70,236544,18648,12.684685,0.630682,41.3921,0.969165,38.4326,42.6521,0.956094,0.973025,False,2.7422,2.8332,3.3059,3.3461,0.14014,0.083498
CHNCXR_0601_1,Shenzhen,1,1,True,DCT,90,236544,36935,6.404332,1.249154,44.5359,0.983407,41.6193,45.767,0.978223,0.985033,False,2.9261,2.9868,3.5194,3.5582,0.247243,0.149562
CHNCXR_0602_1,Shenzhen,1,2,True,DCT,10,237568,3945,60.220025,0.132846,32.4056,0.823538,32.5007,32.3509,0.785487,0.849201,False,1.7972,1.9251,2.3132,2.3285,0.07435,0.021746
CHNCXR_0602_1,Shenzhen,1,2,True,DCT,20,237568,7105,33.436735,0.239258,35.7288,0.898914,35.3941,35.9372,0.873263,0.916572,False,2.1764,2.2468,2.9111,2.9653,0.083935,0.034309
CHNCXR_0602_1,Shenzhen,1,2,True,DCT,30,237568,9641,24.641427,0.324657,37.6028,0.92881,37.0731,37.9453,0.909846,0.94184,False,2.3423,2.406,3.1208,3.1394,0.094225,0.046733
CHNCXR_0602_1,Shenzhen,1,2,True,DCT,50,237568,13935,17.048296,0.469255,39.8654,0.953347,38.9116,40.5387,0.938357,0.963405,False,2.527,2.5754,3.2663,3.3084,0.122628,0.062807
CHNCXR_0602_1,Shenzhen,1,2,True,DCT,70,237568,19651,12.089359,0.661739,41.8424,0.968105,40.5621,42.814,0.95699,0.975584,False,2.6421,2.702,3.3721,3.4168,0.167947,0.08653
CHNCXR_0602_1,Shenzhen,1,2,True,DCT,90,237568,37560,6.325027,1.264817,45.3673,0.98429,43.5933,46.8852,0.977947,0.98853,False,2.828,2.8852,3.5425,3.575,0.229648,0.160389
CHNCXR_0603_1,Shenzhen,1,2,True,DCT,10,206336,3293,62.658974,0.127675,32.9798,0.845148,31.7244,33.3506,0.781194,0.863131,False,1.8596,1.9283,2.1681,2.1833,0.060274,0.018084
CHNCXR_0603_1,Shenzhen,1,2,True,DCT,20,206336,5879,35.097125,0.227939,36.291,0.913103,34.6101,36.8234,0.872986,0.924324,False,2.2478,2.2862,2.792,2.858,0.073417,0.028053
CHNCXR_0603_1,Shenzhen,1,2,True,DCT,30,206336,7961,25.918352,0.308662,38.1446,0.93937,36.277,38.7552,0.910914,0.947305,False,2.4185,2.4553,3.0053,3.0247,0.083214,0.037522
CHNCXR_0603_1,Shenzhen,1,2,True,DCT,50,206336,11566,17.839875,0.448434,40.3635,0.960564,38.1489,41.1329,0.940011,0.966314,False,2.609,2.6446,3.2096,3.2445,0.099048,0.052127
CHNCXR_0603_1,Shenzhen,1,2,True,DCT,70,206336,16233,12.710898,0.629381,42.2762,0.973327,39.8758,43.1389,0.959017,0.977347,False,2.744,2.7831,3.3255,3.3704,0.123084,0.069601
CHNCXR_0603_1,Shenzhen,1,2,True,DCT,90,206336,31146,6.624799,1.207584,45.9613,0.98725,43.1062,47.0794,0.980133,0.989241,False,2.951,3.0046,3.5158,3.5482,0.197109,0.133148
CHNCXR_0604_1,Shenzhen,1,2,True,DCT,10,259072,3539,73.20486,0.109282,33.819,0.864262,32.2822,34.2018,0.791709,0.878666,False,1.6891,1.7925,1.9727,2.0099,0.077412,0.024819
CHNCXR_0604_1,Shenzhen,1,2,True,DCT,20,259072,6170,41.988979,0.190526,37.2791,0.925799,35.2785,37.816,0.88033,0.934967,False,2.092,2.2046,2.6033,2.6391,0.089249,0.034059
CHNCXR_0604_1,Shenzhen,1,2,True,DCT,30,259072,8395,30.860274,0.259233,39.0859,0.947638,36.8398,39.7137,0.912729,0.954714,False,2.2816,2.3601,2.8552,2.9036,0.096798,0.042792
CHNCXR_0604_1,Shenzhen,1,2,True,DCT,50,259072,12047,21.505105,0.372005,41.307,0.965696,38.6832,42.0894,0.940962,0.97079,False,2.4986,2.5823,3.1072,3.1325,0.118936,0.057545
CHNCXR_0604_1,Shenzhen,1,2,True,DCT,70,259072,17149,15.10712,0.529552,43.2307,0.976512,40.3835,44.1141,0.959285,0.979926,False,2.6329,2.688,3.2829,3.3335,0.147945,0.079438
CHNCXR_0604_1,Shenzhen,1,2,True,DCT,90,259072,33625,7.704743,1.038321,46.8117,0.988364,43.6028,47.8758,0.979963,0.990159,False,2.8537,2.9163,3.495,3.5315,0.23249,0.145301
CHNCXR_0605_1,Shenzhen,1,1,True,DCT,10,213504,3278,65.132398,0.122827,33.0636,0.841853,32.3807,33.418,0.78977,0.868679,False,1.8443,1.9499,2.0863,2.1095,0.062495,0.016836
CHNCXR_0605_1,Shenzhen,1,1,True,DCT,20,213504,5917,36.08315,0.22171,36.3544,0.911551,35.1788,37.025,0.875073,0.930327,False,2.2331,2.2892,2.7293,2.7916,0.072799,0.028402
CHNCXR_0605_1,Shenzhen,1,1,True,DCT,30,213504,8061,26.486044,0.302046,38.2003,0.937425,36.7483,39.0766,0.908586,0.952159,False,2.4088,2.4499,2.9665,2.9995,0.083171,0.037284
CHNCXR_0605_1,Shenzhen,1,1,True,DCT,50,213504,11688,18.26694,0.43795,40.3143,0.95862,38.6276,41.3845,0.938283,0.969004,False,2.6016,2.6474,3.1846,3.2208,0.102964,0.05342
CHNCXR_0605_1,Shenzhen,1,1,True,DCT,70,213504,16486,12.950625,0.617731,42.1791,0.971538,40.3161,43.4083,0.957411,0.978748,False,2.718,2.7765,3.3004,3.3459,0.124891,0.071561
CHNCXR_0605_1,Shenzhen,1,1,True,DCT,90,213504,31871,6.699005,1.194207,45.7059,0.985872,43.4896,47.295,0.97887,0.989456,False,2.9249,2.9649,3.5011,3.5346,0.203608,0.13665
CHNCXR_0606_1,Shenzhen,1,1,True,DCT,10,260096,4056,64.126233,0.124754,33.2365,0.8503,31.4128,33.8288,0.797544,0.863765,False,1.8687,2.0054,1.9995,2.0201,0.078826,0.024995
CHNCXR_0606_1,Shenzhen,1,1,True,DCT,20,260096,7301,35.624709,0.224563,36.3612,0.913185,34.2381,37.0876,0.880985,0.921822,False,2.2406,2.3127,2.6839,2.7493,0.094127,0.038113
CHNCXR_0606_1,Shenzhen,1,1,True,DCT,30,260096,9942,26.161336,0.305795,37.9745,0.936252,35.7508,38.7491,0.912553,0.942762,False,2.4059,2.4822,2.933,2.9537,0.107953,0.050019
CHNCXR_0606_1,Shenzhen,1,1,True,DCT,50,260096,14503,17.933945,0.446081,39.7663,0.955543,37.4319,40.5958,0.939205,0.960002,False,2.5996,2.6851,3.1397,3.1743,0.130502,0.068692
CHNCXR_0606_1,Shenzhen,1,1,True,DCT,70,260096,20594,12.629698,0.633428,41.4968,0.9683,39.0854,42.3659,0.957636,0.971402,False,2.7364,2.7939,3.2811,3.3183,0.161455,0.096181
CHNCXR_0606_1,Shenzhen,1,1,True,DCT,90,260096,40908,6.358072,1.258243,44.5502,0.982917,42.0869,45.4465,0.978202,0.984368,False,2.9457,3.0073,3.502,3.5408,0.298616,0.180825
CHNCXR_0607_1,Shenzhen,1,3,True,DCT,10,261120,4916,53.116355,0.150613,32.4561,0.849101,30.6387,33.6084,0.793025,0.874768,False,1.9247,2.1057,2.2427,2.2591,0.104011,0.029424
CHNCXR_0607_1,Shenzhen,1,3,True,DCT,20,261120,8703,30.003447,0.266636,35.5433,0.914139,33.4907,36.9157,0.880567,0.929447,False,2.2793,2.3804,2.7923,2.8282,0.108123,0.047192
CHNCXR_0607_1,Shenzhen,1,3,True,DCT,30,261120,11723,22.274162,0.359161,37.1758,0.937774,35.0943,38.5769,0.913507,0.948833,False,2.4422,2.5415,2.9775,3.0015,0.117881,0.061258
CHNCXR_0607_1,Shenzhen,1,3,True,DCT,50,261120,16897,15.453631,0.517678,39.075,0.95716,36.8646,40.6089,0.940457,0.96501,False,2.6111,2.6968,3.1877,3.2435,0.147953,0.079643
CHNCXR_0607_1,Shenzhen,1,3,True,DCT,70,261120,23414,11.152302,0.717341,40.7976,0.969632,38.5043,42.4214,0.958242,0.975159,False,2.7261,2.8127,3.3255,3.3658,0.177359,0.107936
CHNCXR_0607_1,Shenzhen,1,3,True,DCT,90,261120,44787,5.830263,1.372151,44.0233,0.983999,41.7357,45.6406,0.979234,0.986463,False,2.906,2.9761,3.5453,3.5813,0.285804,0.196945
CHNCXR_0608_1,Shenzhen,1,2,True,DCT,10,261120,4606,56.691272,0.141115,32.7422,0.85692,30.4552,33.8857,0.788597,0.880676,False,1.9207,2.0859,2.1426,2.1598,0.085855,0.028281
CHNCXR_0608_1,Shenzhen,1,2,True,DCT,20,261120,8169,31.964745,0.250276,35.8097,0.918149,33.2647,37.1531,0.875075,0.932865,False,2.2766,2.3777,2.754,2.7977,0.119598,0.044846
CHNCXR_0608_1,Shenzhen,1,2,True,DCT,30,261120,11098,23.528564,0.340012,37.4449,0.94097,34.7759,38.8925,0.908216,0.9521,False,2.4598,2.5952,2.9679,2.9882,0.116767,0.056307
CHNCXR_0608_1,Shenzhen,1,2,True,DCT,50,261120,15743,16.586419,0.482322,39.3157,0.959545,36.4542,40.9363,0.93607,0.96772,False,2.645,2.7283,3.1582,3.2069,0.138193,0.074688
CHNCXR_0608_1,Shenzhen,1,2,True,DCT,70,261120,21977,11.881512,0.673315,40.9888,0.970976,38.0051,42.727,0.953967,0.977037,False,2.7721,2.8743,3.307,3.348,0.17024,0.098851
CHNCXR_0608_1,Shenzhen,1,2,True,DCT,90,261120,42111,6.200755,1.290165,44.2764,0.984827,41.2765,46.0307,0.977228,0.987656,False,3.0081,3.0881,3.5497,3.5852,0.272776,0.184215
CHNCXR_0609_1,Shenzhen,1,0,True,DCT,10,257536,4721,54.551154,0.146651,32.3624,0.84234,30.5826,33.4231,0.793541,0.864935,False,1.8814,2.0794,2.2385,2.2525,0.102835,0.028847
CHNCXR_0609_1,Shenzhen,1,0,True,DCT,20,257536,8442,30.506515,0.262239,35.4008,0.909647,33.4303,36.6249,0.880768,0.923173,False,2.2478,2.3606,2.8001,2.8373,0.099647,0.041665
CHNCXR_0609_1,Shenzhen,1,0,True,DCT,30,257536,11556,22.285912,0.358971,37.1126,0.934754,35.0247,38.4443,0.914846,0.944278,False,2.4126,2.5233,3.01,3.0326,0.111901,0.055196
CHNCXR_0609_1,Shenzhen,1,0,True,DCT,50,257536,16542,15.568613,0.513854,39.0294,0.955333,36.8484,40.4506,0.941488,0.961991,False,2.586,2.7021,3.1831,3.2355,0.142345,0.074376
CHNCXR_0609_1,Shenzhen,1,0,True,DCT,70,257536,22976,11.208914,0.713718,40.729,0.968014,38.4899,42.208,0.959022,0.972455,False,2.7128,2.815,3.3053,3.3477,0.177619,0.101186
CHNCXR_0609_1,Shenzhen,1,0,True,DCT,90,257536,44393,5.801275,1.379007,43.9661,0.983151,41.7472,45.4247,0.979741,0.984918,False,2.9118,2.9851,3.5239,3.5594,0.284398,0.189559
CHNCXR_0610_1,Shenzhen,1,3,True,DCT,10,259072,4049,63.984194,0.125031,33.203,0.846337,31.3176,34.0968,0.797513,0.865046,False,1.7936,1.9546,2.0162,2.0356,0.08083,0.02727
CHNCXR_0610_1,Shenzhen,1,3,True,DCT,20,259072,7362,35.190437,0.227334,36.3222,0.909743,34.196,37.3798,0.882976,0.920291,False,2.1677,2.2734,2.6836,2.7498,0.097896,0.038375
CHNCXR_0610_1,Shenzhen,1,3,True,DCT,30,259072,9943,26.055718,0.307034,37.8413,0.932502,35.7018,38.9084,0.913678,0.939883,False,2.3585,2.4526,2.9006,2.9281,0.10895,0.052028
CHNCXR_0610_1,Shenzhen,1,3,True,DCT,50,259072,14509,17.855951,0.44803,39.639,0.952007,37.4858,40.7159,0.940574,0.956655,False,2.5364,2.6392,3.1166,3.1535,0.132924,0.0707
CHNCXR_0610_1,Shenzhen,1,3,True,DCT,70,259072,20716,12.505889,0.639699,41.2356,0.964818,39.0356,42.3466,0.957637,0.967909,False,2.6639,2.7332,3.2729,3.3098,0.160993,0.098116
CHNCXR_0610_1,Shenzhen,1,3,True,DCT,90,259072,41807,6.196857,1.290977,44.0927,0.980265,42.0384,45.0997,0.978181,0.981363,False,2.8859,2.9504,3.4871,3.5248,0.267682,0.183353
CHNCXR_0611_1,Shenzhen,1,2,True,DCT,10,242688,3751,64.699547,0.123648,33.2011,0.850127,32.6261,33.4442,0.795255,0.873301,False,1.8072,1.8927,2.1766,2.1963,0.077612,0.022398
CHNCXR_0611_1,Shenzhen,1,2,True,DCT,20,242688,6653,36.47798,0.21931,36.6502,0.917123,35.7933,37.0308,0.885919,0.930274,False,2.2041,2.2591,2.8138,2.8734,0.088258,0.034829
CHNCXR_0611_1,Shenzhen,1,2,True,DCT,30,242688,8949,27.119008,0.294996,38.629,0.941362,37.501,39.1551,0.918591,0.951128,False,2.386,2.4195,3.0568,3.0922,0.102036,0.046973
CHNCXR_0611_1,Shenzhen,1,2,True,DCT,50,242688,12745,19.04182,0.420128,40.8974,0.962151,39.5291,41.5648,0.946773,0.968747,False,2.5891,2.6344,3.2452,3.2716,0.143819,0.060552
CHNCXR_0611_1,Shenzhen,1,2,True,DCT,70,242688,17843,13.6013,0.588179,42.912,0.974566,41.3525,43.7015,0.964174,0.979044,False,2.7215,2.7674,3.391,3.4388,0.151094,0.086235
CHNCXR_0611_1,Shenzhen,1,2,True,DCT,90,242688,34317,7.071947,1.13123,46.6935,0.987812,44.7238,47.7769,0.982887,0.989978,False,2.9257,2.9531,3.5566,3.5895,0.239118,0.159199
CHNCXR_0612_1,Shenzhen,1,1,True,DCT,10,244736,4061,60.264959,0.132747,32.8692,0.846688,30.9329,33.8427,0.792026,0.86718,False,1.8583,2.0023,2.1373,2.1565,0.079434,0.026699
CHNCXR_0612_1,Shenzhen,1,1,True,DCT,20,244736,7263,33.696269,0.237415,35.9556,0.908745,33.7615,37.1187,0.87705,0.921063,False,2.238,2.3404,2.7259,2.7817,0.094871,0.038018
CHNCXR_0612_1,Shenzhen,1,1,True,DCT,30,244736,9935,24.633719,0.324758,37.5528,0.933092,35.2794,38.7783,0.909734,0.942348,False,2.4388,2.5516,2.9612,2.9829,0.126943,0.049184
CHNCXR_0612_1,Shenzhen,1,1,True,DCT,50,244736,14357,17.046458,0.469306,39.393,0.953338,37.0155,40.7036,0.937364,0.959684,False,2.5986,2.7141,3.156,3.1988,0.133836,0.068814
CHNCXR_0612_1,Shenzhen,1,1,True,DCT,70,244736,20245,12.088713,0.661774,41.0227,0.965737,38.5895,42.3804,0.955357,0.970035,False,2.7351,2.8589,3.2836,3.3222,0.162206,0.095604
CHNCXR_0612_1,Shenzhen,1,1,True,DCT,90,244736,40272,6.077076,1.316423,43.9847,0.981241,41.652,45.2583,0.977247,0.98302,False,2.9574,3.0398,3.5044,3.5403,0.273977,0.175674
CHNCXR_0613_1,Shenzhen,1,0,True,DCT,10,249856,4139,60.366272,0.132524,32.6504,0.838083,32.278,32.8094,0.796051,0.855819,False,1.7561,1.8888,2.2971,2.307,0.081721,0.026305
CHNCXR_0613_1,Shenzhen,1,0,True,DCT,20,249856,7360,33.947826,0.235656,35.9265,0.906847,35.2753,36.2182,0.882506,0.91719,False,2.1353,2.2234,2.8735,2.9367,0.093709,0.038652
CHNCXR_0613_1,Shenzhen,1,0,True,DCT,30,249856,9972,25.055756,0.319288,37.786,0.933778,36.933,38.182,0.915985,0.941531,False,2.3246,2.4004,3.0884,3.1197,0.133799,0.049791
CHNCXR_0613_1,Shenzhen,1,0,True,DCT,50,249856,14383,17.371619,0.460521,39.9421,0.956059,38.848,40.4729,0.94384,0.961529,False,2.503,2.5558,3.269,3.305,0.13498,0.070613
CHNCXR_0613_1,Shenzhen,1,0,True,DCT,70,249856,20170,12.387506,0.645812,41.912,0.970219,40.6198,42.5628,0.961598,0.974095,False,2.6257,2.6857,3.3718,3.4175,0.16214,0.092014
CHNCXR_0613_1,Shenzhen,1,0,True,DCT,90,249856,39025,6.40246,1.24952,45.5436,0.985543,43.8446,46.4708,0.981132,0.987586,False,2.8165,2.8722,3.5186,3.5543,0.256721,0.170215
CHNCXR_0614_1,Shenzhen,1,1,True,DCT,10,254976,4719,54.031786,0.148061,32.5412,0.842885,31.0286,33.5292,0.806706,0.862128,False,1.8765,2.062,2.2105,2.2298,0.080275,0.02792
CHNCXR_0614_1,Shenzhen,1,1,True,DCT,20,254976,8420,30.282185,0.264182,35.6895,0.90999,33.9891,36.8474,0.887748,0.921883,False,2.2306,2.3408,2.791,2.8312,0.123924,0.047634
CHNCXR_0614_1,Shenzhen,1,1,True,DCT,30,254976,11422,22.323236,0.358371,37.3353,0.933876,35.5732,38.5523,0.918036,0.942549,False,2.4071,2.5055,2.997,3.017,0.11898,0.060776
CHNCXR_0614_1,Shenzhen,1,1,True,DCT,50,254976,16420,15.52838,0.515186,39.1709,0.953851,37.3788,40.4171,0.943696,0.959421,False,2.562,2.6637,3.1843,3.2329,0.146266,0.08311
CHNCXR_0614_1,Shenzhen,1,1,True,DCT,70,254976,22980,11.095561,0.721009,40.8521,0.966587,39.007,42.1511,0.960419,0.970194,False,2.6808,2.7656,3.2988,3.3389,0.179323,0.106419
CHNCXR_0614_1,Shenzhen,1,1,True,DCT,90,254976,44806,5.690666,1.405811,43.834,0.981617,42.0124,45.1095,0.979311,0.983075,False,2.8661,2.9244,3.5181,3.5539,0.276412,0.193774
CHNCXR_0615_1,Shenzhen,1,0,True,DCT,10,229376,3745,61.248598,0.130615,32.5155,0.834074,32.3059,32.5934,0.794443,0.850243,False,1.7547,1.8996,2.2262,2.235,0.075086,0.022501
CHNCXR_0615_1,Shenzhen,1,0,True,DCT,20,229376,6745,34.00682,0.235247,35.7825,0.902969,35.1515,36.034,0.878469,0.913632,False,2.1341,2.2305,2.8507,2.9105,0.08275,0.034723
CHNCXR_0615_1,Shenzhen,1,0,True,DCT,30,229376,9142,25.090352,0.318848,37.632,0.930337,36.7314,38.0078,0.911179,0.938755,False,2.319,2.3708,3.0812,3.1063,0.099853,0.044978
CHNCXR_0615_1,Shenzhen,1,0,True,DCT,50,229376,13278,17.274891,0.4631,39.863,0.954409,38.5795,40.4364,0.93965,0.960769,False,2.4932,2.5438,3.25,3.2905,0.117513,0.063856
CHNCXR_0615_1,Shenzhen,1,0,True,DCT,70,229376,18560,12.358621,0.647321,41.8321,0.969164,40.2491,42.5802,0.958007,0.973932,False,2.6082,2.6733,3.3631,3.4037,0.169108,0.087182
CHNCXR_0615_1,Shenzhen,1,0,True,DCT,90,229376,35937,6.382725,1.253383,45.4244,0.984871,43.3649,46.4939,0.978895,0.987429,False,2.795,2.8465,3.5133,3.5478,0.234541,0.159943
CHNCXR_0616_1,Shenzhen,1,0,True,DCT,10,237568,3542,67.071711,0.119275,33.2108,0.85516,32.4613,33.5175,0.796155,0.878,False,1.7722,1.8664,2.1032,2.1251,0.067737,0.021228
CHNCXR_0616_1,Shenzhen,1,0,True,DCT,20,237568,6226,38.157404,0.209658,36.497,0.914911,35.3799,36.9847,0.87965,0.928528,False,2.1641,2.2301,2.7447,2.7979,0.084722,0.033344
CHNCXR_0616_1,Shenzhen,1,0,True,DCT,30,237568,8518,27.890115,0.28684,38.3331,0.939496,37.0142,38.9304,0.913892,0.949366,False,2.3461,2.4232,3.0105,3.0395,0.097039,0.042205
CHNCXR_0616_1,Shenzhen,1,0,True,DCT,50,237568,12237,19.413909,0.412076,40.533,0.96006,38.8571,41.3449,0.940909,0.967353,False,2.5531,2.6226,3.2015,3.2292,0.137315,0.057635
CHNCXR_0616_1,Shenzhen,1,0,True,DCT,70,237568,17318,13.717981,0.583176,42.4917,0.972529,40.5704,43.4689,0.959126,0.977767,False,2.7033,2.7686,3.3176,3.3581,0.139803,0.078967
CHNCXR_0616_1,Shenzhen,1,0,True,DCT,90,237568,33804,7.027807,1.138335,45.9423,0.986047,43.6315,47.2172,0.979231,0.98878,False,2.9143,2.9841,3.5,3.5359,0.221809,0.146351
CHNCXR_0617_1,Shenzhen,1,4,True,DCT,10,246784,4340,56.862673,0.14069,32.6641,0.842377,30.6639,33.7685,0.802818,0.859262,False,1.8773,2.0558,2.1688,2.1846,0.079872,0.025911
CHNCXR_0617_1,Shenzhen,1,4,True,DCT,20,246784,7788,31.687725,0.252464,35.7044,0.907387,33.5105,36.9671,0.884927,0.917087,False,2.2371,2.3455,2.7492,2.7947,0.097587,0.040331
CHNCXR_0617_1,Shenzhen,1,4,True,DCT,30,246784,10642,23.189626,0.344982,37.3386,0.932507,35.0499,38.6836,0.916503,0.939534,False,2.4171,2.5405,2.9688,2.9919,0.109211,0.050988
CHNCXR_0617_1,Shenzhen,1,4,True,DCT,50,246784,15333,16.094959,0.49705,39.1234,0.952962,36.7991,40.5003,0.942516,0.95759,False,2.5899,2.6885,3.1462,3.1973,0.133509,0.071167
CHNCXR_0617_1,Shenzhen,1,4,True,DCT,70,246784,21660,11.393536,0.702152,40.7708,0.965725,38.4266,42.1656,0.959703,0.96864,False,2.7009,2.7979,3.2875,3.3299,0.18767,0.096243
CHNCXR_0617_1,Shenzhen,1,4,True,DCT,90,246784,42564,5.797951,1.379798,43.8254,0.981527,41.5703,45.1408,0.979797,0.982536,False,2.8819,2.9516,3.5041,3.5391,0.272117,0.185378
CHNCXR_0618_1,Shenzhen,1,1,True,DCT,10,244736,4387,55.786642,0.143404,32.4708,0.832935,30.946,33.4711,0.794283,0.853472,False,1.8884,2.0706,2.2209,2.2338,0.080984,0.023856
CHNCXR_0618_1,Shenzhen,1,1,True,DCT,20,244736,7897,30.991009,0.258139,35.49,0.903697,33.8339,36.6083,0.882713,0.915099,False,2.2416,2.3552,2.7741,2.8184,0.091638,0.038049
CHNCXR_0618_1,Shenzhen,1,1,True,DCT,30,244736,10751,22.764022,0.351432,37.0636,0.929123,35.3626,38.2241,0.914138,0.937336,False,2.3912,2.4859,2.9712,2.9984,0.109606,0.055257
CHNCXR_0618_1,Shenzhen,1,1,True,DCT,50,244736,15583,15.70532,0.509382,38.936,0.950441,37.1297,40.1984,0.940918,0.95574,False,2.5413,2.6299,3.1677,3.2231,0.159403,0.074555
CHNCXR_0618_1,Shenzhen,1,1,True,DCT,70,244736,21871,11.189978,0.714925,40.5834,0.964122,38.7002,41.9234,0.957798,0.967781,False,2.6613,2.7333,3.2925,3.3373,0.166353,0.10552
CHNCXR_0618_1,Shenzhen,1,1,True,DCT,90,244736,42998,5.6918,1.405531,43.6724,0.980568,41.8529,44.9479,0.978734,0.981807,False,2.821,2.8701,3.5135,3.5491,0.268276,0.186033
CHNCXR_0619_1,Shenzhen,1,4,True,DCT,10,246272,4220,58.358294,0.137084,32.5721,0.833985,31.232,33.5187,0.788177,0.861504,False,1.9085,2.0377,2.1239,2.1392,0.08106,0.025962
CHNCXR_0619_1,Shenzhen,1,4,True,DCT,20,246272,7697,31.995843,0.250032,35.7184,0.904956,34.1242,36.9122,0.876973,0.921941,False,2.2777,2.3345,2.7261,2.7763,0.097012,0.040766
CHNCXR_0619_1,Shenzhen,1,4,True,DCT,30,246272,10452,23.562189,0.339527,37.3187,0.930301,35.6554,38.5846,0.909302,0.942966,False,2.4232,2.4936,2.9537,2.9782,0.111321,0.051546
CHNCXR_0619_1,Shenzhen,1,4,True,DCT,50,246272,15303,16.093054,0.497109,39.1104,0.951024,37.4312,40.3933,0.937324,0.95929,False,2.6001,2.6611,3.1768,3.2269,0.136772,0.073273
CHNCXR_0619_1,Shenzhen,1,4,True,DCT,70,246272,21483,11.463576,0.697863,40.7701,0.96474,39.0237,42.1262,0.955614,0.970337,False,2.729,2.7761,3.2976,3.3346,0.187849,0.098553
CHNCXR_0619_1,Shenzhen,1,4,True,DCT,90,246272,42245,5.829613,1.372304,43.827,0.981015,42.0535,45.2132,0.977089,0.983512,False,2.9106,2.9667,3.4954,3.5308,0.269033,0.194512
CHNCXR_0620_1,Shenzhen,1,4,True,DCT,10,244224,4662,52.3861,0.152712,32.3558,0.842849,30.5756,33.4659,0.802001,0.86316,False,1.9295,2.112,2.2681,2.2847,0.08008,0.026198
CHNCXR_0620_1,Shenzhen,1,4,True,DCT,20,244224,8265,29.549183,0.270735,35.4089,0.908857,33.4063,36.7213,0.884264,0.921107,False,2.2682,2.3773,2.8303,2.8685,0.09732,0.042948
CHNCXR_0620_1,Shenzhen,1,4,True,DCT,30,244224,11163,21.87799,0.365664,37.0605,0.934359,34.981,38.4477,0.915956,0.943493,False,2.4264,2.4966,3.0397,3.069,0.111074,0.055223
CHNCXR_0620_1,Shenzhen,1,4,True,DCT,50,244224,15993,15.270681,0.52388,38.8899,0.954091,36.7611,40.3265,0.942071,0.960235,False,2.5858,2.6727,3.2131,3.2632,0.136607,0.077339
CHNCXR_0620_1,Shenzhen,1,4,True,DCT,70,244224,22358,10.923338,0.732377,40.5965,0.967361,38.3982,42.1045,0.959423,0.971518,False,2.6878,2.7784,3.3372,3.3786,0.16841,0.100745
CHNCXR_0620_1,Shenzhen,1,4,True,DCT,90,244224,43090,5.667765,1.411491,43.8162,0.982759,41.6117,45.3305,0.97977,0.984444,False,2.8622,2.925,3.5468,3.5821,0.296892,0.189384
CHNCXR_0621_1,Shenzhen,1,4,True,DCT,10,257536,4130,62.357385,0.128293,32.9094,0.838342,30.674,33.7524,0.794981,0.850854,False,1.766,1.9231,2.0957,2.1143,0.080932,0.025948
CHNCXR_0621_1,Shenzhen,1,4,True,DCT,20,257536,7461,34.517625,0.231766,35.8905,0.902679,33.5784,36.775,0.882669,0.908681,False,2.1471,2.2579,2.7172,2.7715,0.096096,0.040054
CHNCXR_0621_1,Shenzhen,1,4,True,DCT,30,257536,10192,25.268446,0.3166,37.4889,0.927798,35.1759,38.3739,0.915167,0.931897,False,2.334,2.4422,2.9537,2.977,0.114265,0.050876
CHNCXR_0621_1,Shenzhen,1,4,True,DCT,50,257536,14811,17.388157,0.460083,39.3118,0.948643,36.9644,40.2157,0.942207,0.95094,False,2.5375,2.6533,3.1605,3.2036,0.135779,0.07312
CHNCXR_0621_1,Shenzhen,1,4,True,DCT,70,257536,21133,12.186438,0.656467,40.9192,0.960976,38.5936,41.811,0.959625,0.961985,False,2.6729,2.7592,3.3142,3.3504,0.169144,0.098297
CHNCXR_0621_1,Shenzhen,1,4,True,DCT,90,257536,42718,6.028747,1.326976,43.7861,0.978536,41.68,44.562,0.97942,0.978716,False,2.8912,2.9625,3.4962,3.5299,0.304629,0.190866
CHNCXR_0622_1,Shenzhen,1,2,True,DCT,10,260096,4514,57.619849,0.138841,32.6796,0.840255,30.9569,33.7952,0.799136,0.861097,False,1.8552,2.0427,2.1565,2.1713,0.081202,0.028124
CHNCXR_0622_1,Shenzhen,1,2,True,DCT,20,260096,8045,32.330143,0.247447,35.7628,0.907512,33.898,37.0096,0.885933,0.918502,False,2.218,2.3313,2.6983,2.7535,0.103429,0.043676
CHNCXR_0622_1,Shenzhen,1,2,True,DCT,30,260096,10930,23.796523,0.336184,37.3686,0.93148,35.4867,38.6317,0.916963,0.938847,False,2.3748,2.4966,2.9251,2.9506,0.119498,0.056402
CHNCXR_0622_1,Shenzhen,1,2,True,DCT,50,260096,15897,16.361326,0.488958,39.1574,0.951385,37.2548,40.4405,0.942846,0.955994,False,2.5501,2.6606,3.15,3.2004,0.142959,0.077351
CHNCXR_0622_1,Shenzhen,1,2,True,DCT,70,260096,22480,11.570107,0.691437,40.7917,0.964748,38.8955,42.0686,0.959993,0.967506,False,2.6667,2.7471,3.2954,3.3324,0.188077,0.134769
CHNCXR_0622_1,Shenzhen,1,2,True,DCT,90,260096,44479,5.847613,1.368079,43.779,0.980593,41.9227,45.0177,0.979549,0.981435,False,2.8467,2.9065,3.4958,3.5339,0.311878,0.187551
CHNCXR_0623_1,Shenzhen,1,4,True,DCT,10,229888,4279,53.724702,0.148907,32.4497,0.843992,30.953,33.25,0.800637,0.863624,False,1.9346,2.1138,2.2278,2.2408,0.075731,0.025739
CHNCXR_0623_1,Shenzhen,1,4,True,DCT,20,229888,7617,30.180911,0.265068,35.5732,0.910699,33.8519,36.5365,0.884731,0.922746,False,2.2874,2.3906,2.7755,2.8159,0.089474,0.038619
CHNCXR_0623_1,Shenzhen,1,4,True,DCT,30,229888,10313,22.291089,0.358888,37.2577,0.935111,35.4439,38.2925,0.915866,0.944048,False,2.4677,2.5757,2.9732,2.9954,0.103868,0.051488
CHNCXR_0623_1,Shenzhen,1,4,True,DCT,50,229888,14812,15.520389,0.515451,39.1109,0.955445,37.2375,40.1932,0.942615,0.961403,False,2.6292,2.6922,3.1709,3.2229,0.140037,0.099013
CHNCXR_0623_1,Shenzhen,1,4,True,DCT,70,229888,20658,11.12828,0.718889,40.8019,0.967909,38.8233,41.9711,0.959413,0.972006,False,2.7301,2.8078,3.3086,3.349,0.159711,0.09964
CHNCXR_0623_1,Shenzhen,1,4,True,DCT,90,229888,39937,5.756266,1.38979,43.9855,0.982918,41.9698,45.1861,0.979448,0.984663,False,2.909,2.9748,3.5202,3.5564,0.241809,0.171712
CHNCXR_0624_1,Shenzhen,1,2,True,DCT,10,257536,3532,72.915062,0.109717,33.4226,0.855784,32.4149,33.6001,0.789394,0.866779,False,1.6828,1.7832,2.0226,2.059,0.077044,0.023547
CHNCXR_0624_1,Shenzhen,1,2,True,DCT,20,257536,6139,41.950806,0.1907,37.0178,0.919375,35.3189,37.349,0.877894,0.926372,False,2.1002,2.1927,2.6828,2.7171,0.086524,0.032772
CHNCXR_0624_1,Shenzhen,1,2,True,DCT,30,257536,8332,30.909265,0.258822,38.834,0.943631,36.8975,39.2253,0.9106,0.94912,False,2.2851,2.342,2.9288,2.9771,0.112816,0.046452
CHNCXR_0624_1,Shenzhen,1,2,True,DCT,50,257536,12073,21.331566,0.375031,41.216,0.962877,38.6435,41.7908,0.938017,0.967109,False,2.5095,2.5647,3.185,3.2107,0.123379,0.059982
CHNCXR_0624_1,Shenzhen,1,2,True,DCT,70,257536,17065,15.091474,0.530101,43.1409,0.973873,40.2778,43.8118,0.95668,0.976858,False,2.6626,2.718,3.318,3.3701,0.142551,0.078253
CHNCXR_0624_1,Shenzhen,1,2,True,DCT,90,257536,33648,7.653828,1.045229,46.587,0.987121,43.3729,47.3862,0.978233,0.988717,False,2.8973,2.9422,3.5018,3.5403,0.221302,0.146395
CHNCXR_0625_1,Shenzhen,1,1,True,DCT,10,217088,3998,54.29915,0.147332,32.2788,0.832484,31.2383,33.064,0.785922,0.862385,False,1.9661,2.1259,2.2451,2.2583,0.097919,0.032363
CHNCXR_0625_1,Shenzhen,1,1,True,DCT,20,217088,7203,30.138553,0.265441,35.3112,0.901785,34.044,36.3183,0.873424,0.920576,False,2.3094,2.4048,2.802,2.8402,0.085514,0.036633
CHNCXR_0625_1,Shenzhen,1,1,True,DCT,30,217088,9795,22.163144,0.36096,36.9205,0.928498,35.5449,38.0424,0.906119,0.943259,False,2.4748,2.5808,2.9893,3.0127,0.101218,0.045767
CHNCXR_0625_1,Shenzhen,1,1,True,DCT,50,217088,14261,15.222495,0.525538,38.7505,0.950349,37.2481,40.0143,0.934937,0.960492,False,2.6415,2.727,3.17,3.2266,0.11511,0.064393
CHNCXR_0625_1,Shenzhen,1,1,True,DCT,70,217088,19940,10.887061,0.734817,40.4452,0.964607,38.8218,41.8531,0.953664,0.972001,False,2.7337,2.7995,3.299,3.3447,0.150675,0.09339
CHNCXR_0625_1,Shenzhen,1,1,True,DCT,90,217088,38575,5.627686,1.421543,43.6609,0.981626,41.8358,45.33,0.976138,0.985396,False,2.9,2.9667,3.5055,3.538,0.262476,0.162104
CHNCXR_0626_1,Shenzhen,1,2,True,DCT,10,261120,4567,57.175389,0.13992,32.7303,0.850905,30.5847,33.6705,0.791728,0.8702,False,1.8888,2.0591,2.1466,2.163,0.081549,0.026955
CHNCXR_0626_1,Shenzhen,1,2,True,DCT,20,261120,8139,32.082565,0.249357,35.8743,0.915681,33.4455,37.0,0.879377,0.927495,False,2.2503,2.3489,2.7449,2.7917,0.095987,0.042555
CHNCXR_0626_1,Shenzhen,1,2,True,DCT,30,261120,10947,23.85311,0.335386,37.4543,0.938226,34.9561,38.6285,0.911482,0.946834,False,2.4291,2.5247,2.9459,2.9699,0.11084,0.054269
CHNCXR_0626_1,Shenzhen,1,2,True,DCT,50,261120,15812,16.51404,0.484436,39.3495,0.957654,36.7035,40.6318,0.93883,0.963774,False,2.6043,2.7188,3.1593,3.2075,0.139342,0.073511
CHNCXR_0626_1,Shenzhen,1,2,True,DCT,70,261120,22128,11.800434,0.677941,41.0294,0.969822,38.2928,42.3812,0.956809,0.974193,False,2.739,2.8369,3.3032,3.3413,0.168501,0.108307
CHNCXR_0626_1,Shenzhen,1,2,True,DCT,90,261120,42690,6.116655,1.307904,44.1718,0.983856,41.423,45.5331,0.978201,0.985886,False,2.9585,3.041,3.5144,3.5483,0.267911,0.188482
CHNCXR_0627_1,Shenzhen,1,0,True,DCT,10,238080,4165,57.162065,0.139953,32.7302,0.856707,30.8142,33.6266,0.796757,0.878739,False,1.8996,2.0315,2.1939,2.2055,0.092937,0.025488
CHNCXR_0627_1,Shenzhen,1,0,True,DCT,20,238080,7350,32.391837,0.246976,35.9575,0.918595,33.7179,37.0754,0.881969,0.932136,False,2.2751,2.3633,2.7499,2.7984,0.091258,0.045779
CHNCXR_0627_1,Shenzhen,1,0,True,DCT,30,238080,9988,23.836604,0.335618,37.6434,0.941201,35.3006,38.8381,0.914501,0.951079,False,2.4559,2.5837,2.9747,2.9962,0.101686,0.048565
CHNCXR_0627_1,Shenzhen,1,0,True,DCT,50,238080,14196,16.770921,0.477016,39.4986,0.959311,37.0765,40.7545,0.941042,0.966071,False,2.6431,2.7397,3.157,3.2019,0.121986,0.063148
CHNCXR_0627_1,Shenzhen,1,0,True,DCT,70,238080,19783,12.034575,0.664751,41.1907,0.970662,38.6779,42.5192,0.958285,0.97532,False,2.7821,2.9015,3.2979,3.3406,0.14718,0.08638
CHNCXR_0627_1,Shenzhen,1,0,True,DCT,90,238080,38427,6.195644,1.29123,44.3855,0.984356,41.8728,45.7139,0.979121,0.986401,False,3.0076,3.0826,3.5215,3.5584,0.239483,0.161559
CHNCXR_0628_1,Shenzhen,1,2,True,DCT,10,261120,4531,57.629662,0.138817,32.7385,0.846324,31.1586,33.5334,0.789765,0.868843,False,1.8857,2.0837,2.1096,2.13,0.081683,0.026665
CHNCXR_0628_1,Shenzhen,1,2,True,DCT,20,261120,8137,32.090451,0.249295,35.8777,0.912541,33.9867,36.8902,0.876064,0.927048,False,2.2511,2.3613,2.7169,2.7654,0.102038,0.04117
CHNCXR_0628_1,Shenzhen,1,2,True,DCT,30,261120,10987,23.766269,0.336612,37.536,0.936557,35.5347,38.6325,0.909422,0.947277,False,2.4243,2.5012,2.9316,2.9545,0.133974,0.054534
CHNCXR_0628_1,Shenzhen,1,2,True,DCT,50,261120,15920,16.40201,0.487745,39.4339,0.956346,37.2631,40.667,0.936865,0.964241,False,2.5905,2.6919,3.1586,3.2077,0.15107,0.07431
CHNCXR_0628_1,Shenzhen,1,2,True,DCT,70,261120,22255,11.733094,0.681832,41.0775,0.968692,38.8277,42.3776,0.955123,0.974298,False,2.7129,2.8142,3.3063,3.3462,0.169682,0.100037
CHNCXR_0628_1,Shenzhen,1,2,True,DCT,90,261120,43258,6.03634,1.325306,44.183,0.98323,41.8491,45.5569,0.977023,0.985957,False,2.9105,2.9629,3.5109,3.547,0.275309,0.198977
CHNCXR_0629_1,Shenzhen,1,2,True,DCT,10,257536,4305,59.822532,0.133729,32.7761,0.843693,30.8443,33.7288,0.786169,0.865778,False,1.8334,2.0074,2.1254,2.1389,0.077721,0.026271
CHNCXR_0629_1,Shenzhen,1,2,True,DCT,20,257536,7767,33.157719,0.241271,35.8348,0.908614,33.7815,36.8725,0.878374,0.920245,False,2.2039,2.3036,2.7198,2.7766,0.091194,0.040394
CHNCXR_0629_1,Shenzhen,1,2,True,DCT,30,257536,10591,24.316495,0.328995,37.4858,0.932837,35.3504,38.5833,0.91146,0.941288,False,2.3706,2.4876,2.9509,2.9735,0.133181,0.066295
CHNCXR_0629_1,Shenzhen,1,2,True,DCT,50,257536,15320,16.810444,0.475895,39.3323,0.952767,37.1249,40.4839,0.939617,0.958091,False,2.5631,2.6734,3.1517,3.201,0.130499,0.071734
CHNCXR_0629_1,Shenzhen,1,2,True,DCT,70,257536,21577,11.935672,0.67026,40.9781,0.965823,38.7204,42.1685,0.957229,0.969429,False,2.6823,2.7537,3.2801,3.3206,0.17243,0.104114
CHNCXR_0629_1,Shenzhen,1,2,True,DCT,90,257536,42831,6.012841,1.330486,43.9803,0.981207,41.7413,45.1561,0.978074,0.982652,False,2.8718,2.9286,3.5023,3.5393,0.272256,0.186012
CHNCXR_0630_1,Shenzhen,1,0,True,DCT,10,261120,4358,59.917393,0.133517,32.9291,0.855038,30.9228,33.7442,0.782432,0.877075,False,1.8897,2.021,2.1274,2.1409,0.08378,0.026412
CHNCXR_0630_1,Shenzhen,1,0,True,DCT,20,261120,7788,33.528505,0.238603,35.992,0.916642,33.7095,36.9692,0.870896,0.930384,False,2.262,2.3406,2.7355,2.7856,0.106507,0.043456
CHNCXR_0630_1,Shenzhen,1,0,True,DCT,30,261120,10576,24.689864,0.32402,37.6727,0.940128,35.2354,38.7482,0.90586,0.950292,False,2.445,2.563,2.9632,2.9826,0.139336,0.056323
CHNCXR_0630_1,Shenzhen,1,0,True,DCT,50,261120,15130,17.258427,0.463542,39.5693,0.958569,36.9918,40.7391,0.935046,0.965789,False,2.6373,2.7341,3.16,3.2006,0.146669,0.073527
CHNCXR_0630_1,Shenzhen,1,0,True,DCT,70,261120,21190,12.322794,0.649203,41.2526,0.970377,38.5719,42.4951,0.954289,0.975419,False,2.7759,2.8804,3.3027,3.3455,0.164721,0.097376
CHNCXR_0630_1,Shenzhen,1,0,True,DCT,90,261120,41124,6.349577,1.259926,44.4307,0.9841,41.6616,45.7379,0.976461,0.986621,False,3.0062,3.0828,3.5265,3.5627,0.263741,0.178246
CHNCXR_0631_1,Shenzhen,1,3,True,DCT,10,232960,3891,59.871498,0.13362,33.0107,0.856919,30.9123,33.9213,0.794412,0.876968,False,1.881,2.0326,2.1215,2.1353,0.071833,0.022497
CHNCXR_0631_1,Shenzhen,1,3,True,DCT,20,232960,6873,33.894951,0.236023,36.298,0.921287,33.913,37.3929,0.885838,0.93279,False,2.2527,2.3322,2.7136,2.7743,0.085635,0.03474
CHNCXR_0631_1,Shenzhen,1,3,True,DCT,30,232960,9281,25.100743,0.318716,37.9586,0.942946,35.467,39.1272,0.916554,0.951581,False,2.4284,2.5228,2.9618,2.9826,0.117208,0.045623
CHNCXR_0631_1,Shenzhen,1,3,True,DCT,50,232960,13292,17.526332,0.456456,39.9373,0.96171,37.3395,41.1826,0.943948,0.96746,False,2.6004,2.7004,3.1773,3.2167,0.115462,0.06126
CHNCXR_0631_1,Shenzhen,1,3,True,DCT,70,232960,18402,12.659494,0.631937,41.7381,0.972942,39.0078,43.0837,0.961008,0.976919,False,2.7362,2.8098,3.2684,3.3116,0.141914,0.081974
CHNCXR_0631_1,Shenzhen,1,3,True,DCT,90,232960,35719,6.522019,1.226614,45.0193,0.985916,42.25,46.3957,0.980834,0.987648,False,2.938,2.989,3.5265,3.5614,0.215266,0.151488
CHNCXR_0632_1,Shenzhen,1,4,True,DCT,10,252928,3813,66.333071,0.120603,33.3179,0.850797,31.4203,33.9573,0.792463,0.866534,False,1.794,1.9279,2.0047,2.0257,0.074861,0.023068
CHNCXR_0632_1,Shenzhen,1,4,True,DCT,20,252928,6869,36.821663,0.217263,36.5213,0.913963,34.3279,37.3001,0.879775,0.923333,False,2.1908,2.2818,2.6319,2.7106,0.096197,0.037646
CHNCXR_0632_1,Shenzhen,1,4,True,DCT,30,252928,9326,27.120738,0.294977,38.0956,0.935895,35.8916,38.8797,0.911093,0.942651,False,2.3717,2.4831,2.872,2.9028,0.103023,0.045822
CHNCXR_0632_1,Shenzhen,1,4,True,DCT,50,252928,13546,18.671785,0.428454,39.9728,0.955174,37.7159,40.7835,0.939353,0.959638,False,2.5568,2.6628,3.1136,3.1505,0.14134,0.063294
CHNCXR_0632_1,Shenzhen,1,4,True,DCT,70,252928,19233,13.150731,0.608331,41.6098,0.967032,39.358,42.4178,0.957564,0.96989,False,2.7026,2.7848,3.2767,3.3168,0.152833,0.08646
CHNCXR_0632_1,Shenzhen,1,4,True,DCT,90,252928,38745,6.528017,1.225487,44.4917,0.981319,42.3192,45.2601,0.977658,0.982533,False,2.9125,2.9814,3.488,3.5231,0.24402,0.163378
CHNCXR_0633_1,Shenzhen,1,1,True,DCT,10,254464,3968,64.129032,0.124748,32.932,0.832857,31.2991,33.5215,0.793571,0.845351,False,1.7966,1.9638,2.0103,2.0261,0.098029,0.026537
CHNCXR_0633_1,Shenzhen,1,1,True,DCT,20,254464,7220,35.244321,0.226987,36.1018,0.904064,34.2007,36.8216,0.881057,0.911464,False,2.1746,2.2738,2.6052,2.6764,0.096601,0.040324
CHNCXR_0633_1,Shenzhen,1,1,True,DCT,30,254464,9939,25.602576,0.312469,37.6868,0.929159,35.708,38.4467,0.911461,0.935012,False,2.3457,2.4214,2.8633,2.8891,0.133944,0.049619
CHNCXR_0633_1,Shenzhen,1,1,True,DCT,50,254464,14586,17.44577,0.458564,39.5131,0.950212,37.4714,40.3063,0.938474,0.954136,False,2.5169,2.5828,3.0771,3.1167,0.130444,0.067119
CHNCXR_0633_1,Shenzhen,1,1,True,DCT,70,254464,20831,12.21564,0.654898,41.0824,0.963704,39.0316,41.8804,0.956085,0.966402,False,2.6491,2.7001,3.2396,3.2772,0.176647,0.095127
CHNCXR_0633_1,Shenzhen,1,1,True,DCT,90,254464,42010,6.057224,1.320737,44.0139,0.979855,42.0467,44.7677,0.977141,0.980942,False,2.8376,2.8919,3.4714,3.51,0.261905,0.18199
CHNCXR_0634_1,Shenzhen,1,2,True,DCT,10,231424,3909,59.202865,0.135129,32.7394,0.840441,31.4549,33.5154,0.783257,0.869444,False,1.8786,2.0378,2.1052,2.126,0.073,0.023104
CHNCXR_0634_1,Shenzhen,1,2,True,DCT,20,231424,7071,32.72861,0.244434,35.7935,0.908272,34.2164,36.8072,0.872426,0.926761,False,2.2485,2.3459,2.737,2.7891,0.106241,0.034614
CHNCXR_0634_1,Shenzhen,1,2,True,DCT,30,231424,9657,23.964378,0.333829,37.4122,0.933393,35.7215,38.5263,0.905227,0.947794,False,2.4221,2.5315,2.9546,2.9765,0.095524,0.045632
CHNCXR_0634_1,Shenzhen,1,2,True,DCT,50,231424,13953,16.585967,0.482335,39.214,0.953743,37.4392,40.4058,0.934055,0.963788,False,2.6066,2.7001,3.1695,3.2157,0.13676,0.062862
CHNCXR_0634_1,Shenzhen,1,2,True,DCT,70,231424,19700,11.747411,0.681001,40.8666,0.966699,38.9928,42.1538,0.95324,0.973614,False,2.7269,2.8172,3.2989,3.3379,0.1472,0.087164
CHNCXR_0634_1,Shenzhen,1,2,True,DCT,90,231424,38458,6.017578,1.329439,44.0206,0.982378,42.0424,45.4129,0.975972,0.985748,False,2.9271,3.0173,3.5052,3.5399,0.230772,0.165855
CHNCXR_0635_1,Shenzhen,1,2,True,DCT,10,212992,3164,67.31732,0.11884,32.9122,0.842914,32.756,32.9939,0.794409,0.867026,False,1.7108,1.8197,2.1421,2.1668,0.059498,0.017394
CHNCXR_0635_1,Shenzhen,1,2,True,DCT,20,212992,5793,36.767133,0.217586,36.2198,0.909597,35.7005,36.5101,0.880542,0.923955,False,2.1118,2.207,2.8237,2.8889,0.071796,0.028306
CHNCXR_0635_1,Shenzhen,1,2,True,DCT,30,212992,7915,26.909918,0.297288,38.0639,0.936179,37.3047,38.5082,0.914203,0.946586,False,2.2912,2.3714,3.0405,3.064,0.083081,0.038037
CHNCXR_0635_1,Shenzhen,1,2,True,DCT,50,212992,11569,18.41058,0.434533,40.2408,0.958503,39.2424,40.8535,0.943236,0.966072,False,2.5039,2.5688,3.2157,3.251,0.102057,0.054984
CHNCXR_0635_1,Shenzhen,1,2,True,DCT,70,212992,16288,13.076621,0.611779,42.2381,0.972363,41.0164,43.0232,0.961388,0.977738,False,2.6322,2.6938,3.3161,3.3636,0.125592,0.072085
CHNCXR_0635_1,Shenzhen,1,2,True,DCT,90,212992,31334,6.797472,1.176908,46.0098,0.986936,44.2012,47.3348,0.981087,0.989923,False,2.8218,2.8816,3.488,3.5173,0.221917,0.130898
CHNCXR_0636_1,Shenzhen,1,3,True,DCT,10,259072,3938,65.787709,0.121603,33.4419,0.854,32.2439,33.9286,0.78342,0.87751,False,1.7775,1.8745,2.1265,2.1473,0.079921,0.024885
CHNCXR_0636_1,Shenzhen,1,3,True,DCT,20,259072,6940,37.330259,0.214303,36.9373,0.920738,35.2577,37.6822,0.876844,0.935844,False,2.1754,2.2327,2.7538,2.8088,0.091972,0.035716
CHNCXR_0636_1,Shenzhen,1,3,True,DCT,30,259072,9392,27.584327,0.29002,38.7866,0.944615,36.9242,39.6419,0.911983,0.955608,False,2.3778,2.428,2.9901,3.0256,0.10778,0.047699
CHNCXR_0636_1,Shenzhen,1,3,True,DCT,50,259072,13499,19.19194,0.416842,40.958,0.96405,38.8369,41.9828,0.941366,0.97173,False,2.5673,2.6157,3.1785,3.2119,0.123848,0.063685
CHNCXR_0636_1,Shenzhen,1,3,True,DCT,70,259072,18839,13.751898,0.581738,42.9182,0.975114,40.5967,44.0867,0.959746,0.980409,False,2.6776,2.7217,3.3331,3.3812,0.177088,0.085725
CHNCXR_0636_1,Shenzhen,1,3,True,DCT,90,259072,36382,7.120884,1.123456,46.4902,0.987986,43.7842,47.9692,0.980228,0.990758,False,2.8865,2.929,3.523,3.5598,0.233568,0.156984
CHNCXR_0637_1,Shenzhen,1,0,True,DCT,10,224768,3641,61.732491,0.129591,32.7449,0.847171,31.7912,33.0659,0.786754,0.866165,False,1.7572,1.8821,2.2348,2.2462,0.069064,0.021207
CHNCXR_0637_1,Shenzhen,1,0,True,DCT,20,224768,6496,34.600985,0.231207,36.1507,0.914834,34.8757,36.6035,0.880957,0.92568,False,2.1469,2.2253,2.8445,2.9018,0.079219,0.031666
CHNCXR_0637_1,Shenzhen,1,0,True,DCT,30,224768,8726,25.758423,0.310578,38.0797,0.941308,36.4984,38.6718,0.91477,0.949638,False,2.3177,2.3881,3.0422,3.0684,0.090294,0.040201
CHNCXR_0637_1,Shenzhen,1,0,True,DCT,50,224768,12533,17.934094,0.446078,40.2613,0.96202,38.4201,40.9835,0.943807,0.967712,False,2.5098,2.5483,3.2265,3.2623,0.108988,0.056025
CHNCXR_0637_1,Shenzhen,1,0,True,DCT,70,224768,17479,12.859317,0.622117,42.3766,0.974263,40.2427,43.2602,0.96247,0.978121,False,2.6282,2.6935,3.337,3.3856,0.157725,0.07814
CHNCXR_0637_1,Shenzhen,1,0,True,DCT,90,224768,33267,6.756485,1.184048,46.0563,0.987612,43.4572,47.2351,0.981628,0.9896,False,2.8068,2.8733,3.5437,3.5773,0.209943,0.139585
CHNCXR_0638_1,Shenzhen,1,2,True,DCT,10,251392,4510,55.74102,0.143521,32.5142,0.835898,30.8359,33.3512,0.787574,0.855169,False,1.8942,2.0683,2.1719,2.1901,0.076193,0.023723
CHNCXR_0638_1,Shenzhen,1,2,True,DCT,20,251392,8099,31.039881,0.257733,35.5125,0.904576,33.6463,36.4788,0.876114,0.916287,False,2.2462,2.3523,2.7796,2.8131,0.093814,0.040889
CHNCXR_0638_1,Shenzhen,1,2,True,DCT,30,251392,11099,22.649968,0.353201,37.1692,0.930335,35.1647,38.237,0.909779,0.938883,False,2.4113,2.4786,2.9952,3.0177,0.109837,0.051307
CHNCXR_0638_1,Shenzhen,1,2,True,DCT,50,251392,16150,15.566068,0.513938,38.9373,0.951033,36.8622,40.059,0.936873,0.956887,False,2.5699,2.6678,3.1883,3.2416,0.134329,0.073686
CHNCXR_0638_1,Shenzhen,1,2,True,DCT,70,251392,22712,11.068686,0.72276,40.6454,0.965342,38.4486,41.8639,0.955291,0.969579,False,2.6988,2.7757,3.2955,3.3347,0.1819,0.099538
CHNCXR_0638_1,Shenzhen,1,2,True,DCT,90,251392,44330,5.670923,1.410705,43.7214,0.981612,41.4663,44.9882,0.977232,0.98357,False,2.8829,2.9549,3.5078,3.5414,0.265286,0.19082
CHNCXR_0639_1,Shenzhen,1,0,True,DCT,10,234496,3702,63.343058,0.126296,32.8489,0.839006,32.0085,33.2628,0.778792,0.867376,False,1.8586,1.91,2.1616,2.1787,0.067288,0.021643
CHNCXR_0639_1,Shenzhen,1,0,True,DCT,20,234496,6749,34.745296,0.230247,36.0805,0.907834,34.9279,36.6826,0.872799,0.924727,False,2.2431,2.2899,2.8306,2.896,0.081885,0.033163
CHNCXR_0639_1,Shenzhen,1,0,True,DCT,30,234496,9100,25.768791,0.310453,37.8845,0.934842,36.5846,38.5831,0.909592,0.946955,False,2.4229,2.4574,3.0209,3.0442,0.101102,0.045014
CHNCXR_0639_1,Shenzhen,1,0,True,DCT,50,234496,13157,17.822908,0.448861,40.0854,0.956997,38.4991,40.9885,0.939711,0.965315,False,2.6353,2.6802,3.2188,3.2565,0.116366,0.061846
CHNCXR_0639_1,Shenzhen,1,0,True,DCT,70,234496,18529,12.655621,0.63213,42.0692,0.97078,40.2612,43.1476,0.959097,0.97645,False,2.7757,2.8157,3.3511,3.3934,0.143543,0.081938
CHNCXR_0639_1,Shenzhen,1,0,True,DCT,90,234496,35789,6.552181,1.220968,45.773,0.986133,43.5626,47.2153,0.980447,0.988888,False,2.9914,3.0525,3.5264,3.5613,0.224553,0.148008
CHNCXR_0640_1,Shenzhen,1,4,True,DCT,10,256512,3617,70.918441,0.112806,33.6229,0.853394,32.2592,34.2283,0.788567,0.877453,False,1.7163,1.8346,1.9852,2.017,0.073828,0.021838
CHNCXR_0640_1,Shenzhen,1,4,True,DCT,20,256512,6548,39.174099,0.204217,37.0274,0.919241,35.2695,37.8683,0.880396,0.933553,False,2.109,2.2039,2.6551,2.7059,0.089538,0.034542
CHNCXR_0640_1,Shenzhen,1,4,True,DCT,30,256512,8984,28.552093,0.28019,38.7632,0.943461,36.8484,39.7077,0.912721,0.954704,False,2.3025,2.3748,2.9201,2.9531,0.10283,0.0456
CHNCXR_0640_1,Shenzhen,1,4,True,DCT,50,256512,13047,19.660612,0.406905,40.8686,0.96264,38.6838,42.0072,0.940849,0.97066,False,2.5044,2.5712,3.1232,3.1528,0.121892,0.062408
CHNCXR_0640_1,Shenzhen,1,4,True,DCT,70,256512,18568,13.814735,0.579092,42.7801,0.973547,40.4566,44.0268,0.960084,0.978282,False,2.6448,2.7153,3.2731,3.3192,0.14774,0.08431
CHNCXR_0640_1,Shenzhen,1,4,True,DCT,90,256512,35917,7.141799,1.120166,46.3261,0.987797,43.6675,47.8619,0.980406,0.990589,False,2.8661,2.9194,3.4746,3.5068,0.254411,0.15303
CHNCXR_0641_1,Shenzhen,1,0,True,DCT,10,215552,4246,50.765897,0.157586,32.1853,0.84397,30.8392,33.0477,0.800254,0.867153,False,1.9844,2.1297,2.2957,2.3122,0.065063,0.022723
CHNCXR_0641_1,Shenzhen,1,0,True,DCT,20,215552,7550,28.549934,0.280211,35.281,0.910201,33.8568,36.2088,0.886608,0.923093,False,2.3364,2.4307,2.816,2.8497,0.085263,0.036851
CHNCXR_0641_1,Shenzhen,1,0,True,DCT,30,215552,10242,21.045889,0.380122,36.941,0.935165,35.3882,37.9813,0.916423,0.945297,False,2.478,2.5996,3.0306,3.0538,0.098852,0.048477
CHNCXR_0641_1,Shenzhen,1,0,True,DCT,50,215552,14679,14.684379,0.544797,38.8072,0.955206,37.1465,39.947,0.942291,0.962313,False,2.6424,2.7129,3.2072,3.2577,0.116697,0.06587
CHNCXR_0641_1,Shenzhen,1,0,True,DCT,70,215552,20389,10.571975,0.756718,40.5061,0.968038,38.758,41.7303,0.959377,0.972925,False,2.7623,2.8402,3.3207,3.3606,0.146534,0.08795
CHNCXR_0641_1,Shenzhen,1,0,True,DCT,90,215552,38963,5.532223,1.446073,43.6757,0.983131,41.7766,45.0534,0.979071,0.985501,False,2.9184,2.9929,3.5318,3.5667,0.233123,0.162365
CHNCXR_0642_1,Shenzhen,1,4,True,DCT,10,215552,4138,52.090865,0.153578,32.2822,0.837957,31.0343,33.1221,0.791643,0.864437,False,1.9476,2.1291,2.2662,2.284,0.090879,0.022164
CHNCXR_0642_1,Shenzhen,1,4,True,DCT,20,215552,7411,29.085414,0.275052,35.3485,0.905642,33.9245,36.3446,0.878918,0.921225,False,2.2947,2.4092,2.8372,2.8719,0.083822,0.036602
CHNCXR_0642_1,Shenzhen,1,4,True,DCT,30,215552,10037,21.47574,0.372513,37.0019,0.931805,35.4592,38.1105,0.910665,0.943857,False,2.4712,2.5881,3.0312,3.0539,0.095105,0.047104
CHNCXR_0642_1,Shenzhen,1,4,True,DCT,50,215552,14429,14.938804,0.535518,38.8473,0.952887,37.1723,40.0887,0.937848,0.961544,False,2.6127,2.6996,3.2072,3.2589,0.117065,0.065139
CHNCXR_0642_1,Shenzhen,1,4,True,DCT,70,215552,20158,10.693124,0.748144,40.4969,0.966127,38.7642,41.7988,0.955914,0.972155,False,2.725,2.8119,3.3221,3.3629,0.142361,0.091597
CHNCXR_0642_1,Shenzhen,1,4,True,DCT,90,215552,38682,5.572411,1.435644,43.6317,0.982076,41.8422,44.9946,0.977344,0.984978,False,2.9079,2.9652,3.5322,3.5657,0.241587,0.162075
CHNCXR_0643_1,Shenzhen,1,0,True,DCT,10,221184,4306,51.366465,0.155744,32.0767,0.833839,30.6153,33.1548,0.787044,0.861957,False,1.9768,2.1221,2.3079,2.3226,0.067213,0.022276
CHNCXR_0643_1,Shenzhen,1,0,True,DCT,20,221184,7691,28.758809,0.278176,35.0805,0.903259,33.4445,36.3379,0.874371,0.92063,False,2.3327,2.4089,2.8435,2.877,0.0847,0.038415
CHNCXR_0643_1,Shenzhen,1,0,True,DCT,30,221184,10521,21.023097,0.380534,36.7022,0.929853,34.9415,38.0969,0.908402,0.942793,False,2.4873,2.6033,3.0369,3.061,0.098919,0.048616
CHNCXR_0643_1,Shenzhen,1,0,True,DCT,50,221184,15199,14.552536,0.549732,38.5535,0.951641,36.7184,40.0344,0.937121,0.960433,False,2.6486,2.7361,3.205,3.2529,0.137144,0.07078
CHNCXR_0643_1,Shenzhen,1,0,True,DCT,70,221184,21150,10.457872,0.764974,40.2626,0.965712,38.3123,41.8835,0.955603,0.971971,False,2.7648,2.8362,3.3085,3.3493,0.147857,0.092186
CHNCXR_0643_1,Shenzhen,1,0,True,DCT,90,221184,40512,5.459716,1.465278,43.5131,0.982364,41.4993,45.2146,0.97806,0.985112,False,2.9399,2.9965,3.5402,3.5728,0.234637,0.162697
CHNCXR_0644_1,Shenzhen,1,3,True,DCT,10,256000,4138,61.865636,0.129312,32.7558,0.839575,32.5215,32.8558,0.790945,0.861463,False,1.6876,1.8465,2.2593,2.271,0.089802,0.024504
CHNCXR_0644_1,Shenzhen,1,3,True,DCT,20,256000,7378,34.69775,0.230563,36.0791,0.910035,35.6535,36.2666,0.882141,0.92194,False,2.0838,2.1882,2.8757,2.9439,0.114922,0.037292
CHNCXR_0644_1,Shenzhen,1,3,True,DCT,30,256000,9998,25.605121,0.312437,37.9918,0.936693,37.3848,38.2679,0.916512,0.945586,False,2.2771,2.3524,3.0959,3.1228,0.107833,0.046132
CHNCXR_0644_1,Shenzhen,1,3,True,DCT,50,256000,14315,17.883339,0.447344,40.2251,0.958195,39.3016,40.6696,0.943972,0.964426,False,2.4717,2.5379,3.2842,3.3192,0.126683,0.063812
CHNCXR_0644_1,Shenzhen,1,3,True,DCT,70,256000,20075,12.752179,0.627344,42.3119,0.972093,41.0535,42.9569,0.96145,0.97703,False,2.5955,2.6612,3.3875,3.4327,0.149153,0.087663
CHNCXR_0644_1,Shenzhen,1,3,True,DCT,90,256000,38508,6.647969,1.203375,46.0051,0.986434,44.2944,46.9646,0.981146,0.988957,False,2.8082,2.8671,3.5474,3.583,0.22972,0.15805
CHNCXR_0645_1,Shenzhen,1,2,True,DCT,10,231936,4120,56.295146,0.142108,32.6219,0.843737,31.1269,33.4121,0.791956,0.866037,False,1.93,2.0831,2.1831,2.1948,0.073752,0.022486
CHNCXR_0645_1,Shenzhen,1,2,True,DCT,20,231936,7359,31.517326,0.253829,35.7801,0.910216,34.0789,36.7174,0.880365,0.92344,False,2.288,2.3745,2.7434,2.7924,0.082364,0.035648
CHNCXR_0645_1,Shenzhen,1,2,True,DCT,30,231936,10013,23.163487,0.345371,37.373,0.934692,35.5915,38.371,0.912133,0.944543,False,2.4402,2.5617,2.9836,3.0059,0.10287,0.043923
CHNCXR_0645_1,Shenzhen,1,2,True,DCT,50,231936,14433,16.06984,0.497827,39.248,0.954899,37.3363,40.3487,0.939147,0.96186,False,2.6147,2.6968,3.172,3.2236,0.114168,0.062548
CHNCXR_0645_1,Shenzhen,1,2,True,DCT,70,231936,20195,11.484823,0.696571,40.9003,0.967412,38.9123,42.0638,0.956853,0.972226,False,2.7301,2.8117,3.3009,3.34,0.145541,0.084042
CHNCXR_0645_1,Shenzhen,1,2,True,DCT,90,231936,39415,5.88446,1.359513,44.101,0.982811,41.9184,45.4341,0.977909,0.985137,False,2.889,2.9646,3.508,3.5434,0.233817,0.155457
CHNCXR_0646_1,Shenzhen,1,0,True,DCT,10,256000,4138,61.865636,0.129312,33.0316,0.849335,30.4859,33.897,0.786717,0.864679,False,1.8092,1.9479,2.1062,2.1192,0.075766,0.024395
CHNCXR_0646_1,Shenzhen,1,0,True,DCT,20,256000,7446,34.380876,0.232687,36.1881,0.913027,33.3934,37.183,0.879348,0.921483,False,2.1919,2.286,2.7049,2.7658,0.087287,0.035756
CHNCXR_0646_1,Shenzhen,1,0,True,DCT,30,256000,10063,25.43973,0.314469,37.782,0.935826,34.9392,38.8031,0.912056,0.94179,False,2.3692,2.4913,2.9362,2.9608,0.104343,0.047045
CHNCXR_0646_1,Shenzhen,1,0,True,DCT,50,256000,14549,17.595711,0.454656,39.6124,0.954614,36.7289,40.6561,0.93951,0.958505,False,2.5646,2.6749,3.1704,3.2108,0.141279,0.066288
CHNCXR_0646_1,Shenzhen,1,0,True,DCT,70,256000,20565,12.448335,0.642656,41.2652,0.966756,38.3171,42.3455,0.957029,0.969438,False,2.69,2.7679,3.3034,3.3436,0.150918,0.089986
CHNCXR_0646_1,Shenzhen,1,0,True,DCT,90,256000,41075,6.232502,1.283594,44.2878,0.981737,41.5335,45.2608,0.978864,0.982739,False,2.8848,2.9546,3.521,3.5565,0.251701,0.167676
CHNCXR_0647_1,Shenzhen,1,2,True,DCT,10,256512,4178,61.395883,0.130302,33.2187,0.857924,30.7801,34.2141,0.793143,0.877168,False,1.8332,1.9591,2.1355,2.1464,0.073838,0.022568
CHNCXR_0647_1,Shenzhen,1,2,True,DCT,20,256512,7337,34.961428,0.228824,36.2722,0.915148,33.6899,37.356,0.880752,0.925505,False,2.2155,2.3063,2.7498,2.8136,0.088392,0.034646
CHNCXR_0647_1,Shenzhen,1,2,True,DCT,30,256512,9872,25.983793,0.307884,37.8434,0.936353,35.1878,38.9742,0.913358,0.943448,False,2.392,2.503,2.9675,2.993,0.118774,0.043982
CHNCXR_0647_1,Shenzhen,1,2,True,DCT,50,256512,14222,18.036282,0.44355,39.6934,0.955177,36.9969,40.851,0.941364,0.959503,False,2.6042,2.6927,3.1647,3.2028,0.120049,0.065293
CHNCXR_0647_1,Shenzhen,1,2,True,DCT,70,256512,20109,12.756079,0.627152,41.3495,0.966838,38.6687,42.4968,0.959392,0.969448,False,2.7258,2.818,3.3097,3.3515,0.150166,0.086118
CHNCXR_0647_1,Shenzhen,1,2,True,DCT,90,256512,40571,6.322546,1.265313,44.2518,0.981145,41.7667,45.2753,0.979474,0.981984,False,2.9368,2.9871,3.5165,3.5525,0.244075,0.167776
CHNCXR_0648_1,Shenzhen,1,3,True,DCT,10,231936,4735,48.983316,0.163321,32.0698,0.848839,30.0851,33.1262,0.813058,0.863878,False,1.9821,2.1242,2.3567,2.3761,0.079307,0.023898
CHNCXR_0648_1,Shenzhen,1,3,True,DCT,20,231936,8304,27.930636,0.286424,35.2472,0.916223,32.9946,36.516,0.894649,0.9253,False,2.3268,2.4189,2.8425,2.87,0.088153,0.037714
CHNCXR_0648_1,Shenzhen,1,3,True,DCT,30,231936,11187,20.732636,0.385865,36.9637,0.941065,34.6128,38.3167,0.925107,0.947607,False,2.4745,2.5938,3.025,3.0496,0.101016,0.049527
CHNCXR_0648_1,Shenzhen,1,3,True,DCT,50,231936,15818,14.662789,0.545599,38.8837,0.960414,36.4178,40.3397,0.949367,0.964945,False,2.6472,2.7097,3.2069,3.257,0.122164,0.068106
CHNCXR_0648_1,Shenzhen,1,3,True,DCT,70,231936,21771,10.653438,0.750931,40.6484,0.972458,38.0826,42.1984,0.965179,0.975471,False,2.7633,2.8424,3.3088,3.3471,0.169623,0.093273
CHNCXR_0648_1,Shenzhen,1,3,True,DCT,90,231936,41009,5.655734,1.414494,44.1211,0.986319,41.521,45.7044,0.983699,0.987494,False,2.9225,2.9896,3.558,3.5943,0.248871,0.163413
CHNCXR_0649_1,Shenzhen,1,4,True,DCT,10,259072,3571,72.548866,0.110271,33.7725,0.856173,32.2809,34.3607,0.78966,0.87775,False,1.6833,1.7893,1.9649,2.002,0.074566,0.022021
CHNCXR_0649_1,Shenzhen,1,4,True,DCT,20,259072,6356,40.760227,0.19627,37.1813,0.921994,35.3397,37.9553,0.882292,0.934959,False,2.0801,2.1858,2.6272,2.6707,0.084297,0.034535
CHNCXR_0649_1,Shenzhen,1,4,True,DCT,30,259072,8690,29.812658,0.268342,39.0322,0.945985,37.0661,39.8781,0.916626,0.955642,False,2.2945,2.356,2.8906,2.9312,0.123424,0.041244
CHNCXR_0649_1,Shenzhen,1,4,True,DCT,50,259072,12466,20.782288,0.384943,41.2731,0.964947,39.0553,42.2747,0.944693,0.971593,False,2.5197,2.6042,3.1179,3.1435,0.115274,0.057103
CHNCXR_0649_1,Shenzhen,1,4,True,DCT,70,259072,17606,14.714984,0.543664,43.2042,0.974495,40.83,44.3105,0.962453,0.978458,False,2.6603,2.7493,3.286,3.3321,0.140381,0.08207
CHNCXR_0649_1,Shenzhen,1,4,True,DCT,90,259072,34311,7.550698,1.059505,46.7351,0.988216,44.1011,48.0297,0.98185,0.990351,False,2.9279,2.9941,3.4845,3.521,0.224328,0.142697
CHNCXR_0650_1,Shenzhen,1,1,True,DCT,10,235008,4128,56.930233,0.140523,32.7262,0.845323,31.0382,33.5672,0.792629,0.866719,False,1.8909,2.0795,2.1514,2.1702,0.069841,0.021695
CHNCXR_0650_1,Shenzhen,1,1,True,DCT,20,235008,7336,32.034896,0.249728,35.7261,0.90949,33.9032,36.659,0.87796,0.922155,False,2.2511,2.3793,2.7462,2.792,0.08587,0.034107
CHNCXR_0650_1,Shenzhen,1,1,True,DCT,30,235008,10059,23.362959,0.342422,37.3499,0.933914,35.3627,38.4015,0.909631,0.943858,False,2.4259,2.5536,2.9698,2.9934,0.098823,0.046618
CHNCXR_0650_1,Shenzhen,1,1,True,DCT,50,235008,14484,16.225352,0.493056,39.2407,0.954636,37.1357,40.3823,0.938006,0.96151,False,2.5773,2.6902,3.1708,3.2193,0.121357,0.066947
CHNCXR_0650_1,Shenzhen,1,1,True,DCT,70,235008,20315,11.568201,0.691551,40.8481,0.966881,38.6897,42.032,0.95567,0.971654,False,2.7128,2.8114,3.2996,3.3418,0.172331,0.088481
CHNCXR_0650_1,Shenzhen,1,1,True,DCT,90,235008,39805,5.903982,1.355018,43.9474,0.982118,41.7016,45.2024,0.976969,0.984373,False,2.8983,2.9787,3.5189,3.5552,0.232801,0.16512
CHNCXR_0651_1,Shenzhen,1,4,True,DCT,10,244736,4608,53.111111,0.150628,32.3573,0.843547,30.9661,33.19,0.79984,0.865319,False,1.9309,2.0914,2.2657,2.2813,0.072151,0.024424
CHNCXR_0651_1,Shenzhen,1,4,True,DCT,20,244736,8229,29.740673,0.268992,35.5017,0.909184,33.8441,36.5514,0.882063,0.922915,False,2.2918,2.3776,2.827,2.8636,0.089069,0.038682
CHNCXR_0651_1,Shenzhen,1,4,True,DCT,30,244736,11202,21.847527,0.366174,37.1237,0.934147,35.4068,38.2251,0.913523,0.94453,False,2.4566,2.5729,3.0255,3.0482,0.101913,0.052558
CHNCXR_0651_1,Shenzhen,1,4,True,DCT,50,244736,16126,15.176485,0.527131,39.0173,0.954939,37.1612,40.2458,0.940018,0.962197,False,2.6328,2.7154,3.1943,3.2442,0.133097,0.082625
CHNCXR_0651_1,Shenzhen,1,4,True,DCT,70,244736,22477,10.888286,0.734735,40.7187,0.967691,38.8253,41.9825,0.95808,0.972668,False,2.7479,2.8357,3.3089,3.3494,0.175792,0.09517
CHNCXR_0651_1,Shenzhen,1,4,True,DCT,90,244736,43144,5.672538,1.410303,43.83,0.982852,41.8805,45.1481,0.978455,0.985163,False,2.9283,3.0029,3.5121,3.5433,0.254139,0.173151
CHNCXR_0652_1,Shenzhen,1,2,True,DCT,10,258048,4437,58.158215,0.137556,32.6195,0.835402,30.4302,33.4156,0.793384,0.845913,False,1.8153,2.0293,2.144,2.1609,0.076067,0.026948
CHNCXR_0652_1,Shenzhen,1,2,True,DCT,20,258048,7910,32.623009,0.245226,35.7729,0.905331,33.3874,36.6722,0.884514,0.911215,False,2.1628,2.2855,2.729,2.7715,0.09071,0.049075
CHNCXR_0652_1,Shenzhen,1,2,True,DCT,30,258048,10858,23.765703,0.33662,37.4157,0.930616,34.9727,38.3466,0.91699,0.934747,False,2.3295,2.441,2.9724,2.9953,0.104159,0.050592
CHNCXR_0652_1,Shenzhen,1,2,True,DCT,50,258048,15698,16.438272,0.486669,39.2492,0.951418,36.7823,40.1935,0.943529,0.953865,False,2.5011,2.5965,3.1557,3.2062,0.128453,0.068838
CHNCXR_0652_1,Shenzhen,1,2,True,DCT,70,258048,22198,11.624831,0.688182,40.8735,0.964351,38.4377,41.8005,0.960649,0.965797,False,2.6106,2.6932,3.2776,3.3158,0.180454,0.097285
CHNCXR_0652_1,Shenzhen,1,2,True,DCT,90,258048,43836,5.886668,1.359003,43.8622,0.980694,41.5538,44.7201,0.98027,0.98113,False,2.7854,2.8192,3.4915,3.5281,0.262117,0.186238
CHNCXR_0653_1,Shenzhen,1,1,True,DCT,10,240128,4151,57.848229,0.138293,32.5504,0.830651,31.0202,33.3884,0.782151,0.852454,False,1.8982,2.0959,2.1512,2.1652,0.076184,0.020371
CHNCXR_0653_1,Shenzhen,1,1,True,DCT,20,240128,7626,31.488067,0.254064,35.5775,0.90083,33.8272,36.5803,0.873784,0.913303,False,2.2543,2.3766,2.7846,2.8268,0.08067,0.034036
CHNCXR_0653_1,Shenzhen,1,1,True,DCT,30,240128,10452,22.974359,0.348214,37.1715,0.92773,35.3471,38.2332,0.90723,0.937039,False,2.4028,2.5119,2.9821,3.0044,0.100376,0.046517
CHNCXR_0653_1,Shenzhen,1,1,True,DCT,50,240128,15266,15.729595,0.508595,39.0098,0.949962,37.0903,40.15,0.936009,0.956323,False,2.5596,2.6618,3.158,3.2095,0.12521,0.06772
CHNCXR_0653_1,Shenzhen,1,1,True,DCT,70,240128,21568,11.133531,0.71855,40.6615,0.964021,38.6915,41.8445,0.954641,0.968361,False,2.6786,2.7757,3.2904,3.3319,0.176133,0.092953
CHNCXR_0653_1,Shenzhen,1,1,True,DCT,90,240128,42358,5.669012,1.411181,43.8077,0.981213,41.8078,45.0165,0.977195,0.983157,False,2.8403,2.9039,3.4938,3.5272,0.251585,0.177535
CHNCXR_0654_1,Shenzhen,1,2,True,DCT,10,236032,4266,55.328645,0.144591,32.3611,0.829152,31.461,33.1062,0.789054,0.858813,False,1.9159,2.0999,2.2053,2.2172,0.06724,0.022896
CHNCXR_0654_1,Shenzhen,1,2,True,DCT,20,236032,7685,30.713338,0.260473,35.4625,0.899519,34.3411,36.4408,0.874823,0.918122,False,2.2611,2.3712,2.8165,2.8549,0.084212,0.03679
CHNCXR_0654_1,Shenzhen,1,2,True,DCT,30,236032,10473,22.537191,0.354969,37.0772,0.926116,35.8024,38.2325,0.906862,0.940555,False,2.4159,2.5108,3.0304,3.0539,0.099392,0.050414
CHNCXR_0654_1,Shenzhen,1,2,True,DCT,50,236032,15276,15.451165,0.51776,38.8569,0.947858,37.5017,40.1104,0.934903,0.957682,False,2.5891,2.6684,3.2234,3.2735,0.120814,0.074964
CHNCXR_0654_1,Shenzhen,1,2,True,DCT,70,236032,21498,10.979254,0.728647,40.4819,0.962422,39.0612,41.8186,0.953512,0.969256,False,2.6903,2.7866,3.3244,3.3624,0.157696,0.092295
CHNCXR_0654_1,Shenzhen,1,2,True,DCT,90,236032,42214,5.59132,1.430789,43.5385,0.979619,42.0374,44.9814,0.975547,0.982818,False,2.8492,2.9135,3.5166,3.5527,0.259821,0.183513
CHNCXR_0655_1,Shenzhen,1,4,True,DCT,10,244224,3731,65.458054,0.122216,33.0936,0.8433,32.3737,33.4743,0.785057,0.872937,False,1.7815,1.8896,2.1256,2.1442,0.071341,0.021665
CHNCXR_0655_1,Shenzhen,1,4,True,DCT,20,244224,6682,36.549536,0.218881,36.5249,0.913017,35.3584,37.1974,0.875914,0.931733,False,2.1653,2.2294,2.748,2.8152,0.080149,0.032729
CHNCXR_0655_1,Shenzhen,1,4,True,DCT,30,244224,9051,26.983096,0.296482,38.3234,0.938069,36.9708,39.1332,0.910395,0.952196,False,2.3311,2.3622,3.0029,3.0304,0.093707,0.043046
CHNCXR_0655_1,Shenzhen,1,4,True,DCT,50,244224,13074,18.680128,0.428263,40.5127,0.95934,38.873,41.5562,0.939656,0.969401,False,2.5363,2.5745,3.195,3.2284,0.112789,0.0587
CHNCXR_0655_1,Shenzhen,1,4,True,DCT,70,244224,18469,13.223456,0.604986,42.452,0.972503,40.5996,43.6879,0.958582,0.979617,False,2.657,2.7109,3.3352,3.3771,0.142849,0.082572
CHNCXR_0655_1,Shenzhen,1,4,True,DCT,90,244224,35902,6.802518,1.176035,46.0807,0.986619,43.852,47.7062,0.979835,0.990072,False,2.8391,2.8979,3.5112,3.5465,0.261598,0.152858
CHNCXR_0656_1,Shenzhen,1,1,True,DCT,10,261120,4208,62.053232,0.128922,33.1313,0.85593,30.611,33.9112,0.791793,0.869961,False,1.8225,1.9707,2.0687,2.0889,0.082264,0.026203
CHNCXR_0656_1,Shenzhen,1,1,True,DCT,20,261120,7483,34.895096,0.229259,36.1889,0.915127,33.3835,37.1025,0.876833,0.923555,False,2.2023,2.311,2.6877,2.7495,0.094837,0.038743
CHNCXR_0656_1,Shenzhen,1,1,True,DCT,30,261120,10171,25.672992,0.311612,37.8187,0.938668,34.9435,38.7672,0.911627,0.944601,False,2.3746,2.4917,2.9117,2.9356,0.113121,0.052976
CHNCXR_0656_1,Shenzhen,1,1,True,DCT,50,261120,14673,17.795952,0.44954,39.7348,0.957565,36.7458,40.7418,0.939804,0.961393,False,2.5692,2.6929,3.118,3.1609,0.142038,0.069451
CHNCXR_0656_1,Shenzhen,1,1,True,DCT,70,261120,20751,12.58349,0.635754,41.3742,0.969094,38.3247,42.4132,0.957249,0.971895,False,2.6981,2.7954,3.2852,3.326,0.197625,0.090494
CHNCXR_0656_1,Shenzhen,1,1,True,DCT,90,261120,41125,6.349422,1.259957,44.4655,0.983254,41.4803,45.4705,0.978873,0.984451,False,2.8932,2.9636,3.5132,3.5517,0.257,0.170817
CHNCXR_0657_1,Shenzhen,1,4,True,DCT,10,241152,4496,53.637011,0.149151,32.1906,0.835501,30.5943,33.195,0.774845,0.866075,False,1.9226,2.1086,2.2437,2.2604,0.075051,0.025349
CHNCXR_0657_1,Shenzhen,1,4,True,DCT,20,241152,8128,29.669291,0.269639,35.2265,0.906094,33.4135,36.4231,0.86915,0.924361,False,2.2774,2.3927,2.8116,2.8444,0.09177,0.038849
CHNCXR_0657_1,Shenzhen,1,4,True,DCT,30,241152,11166,21.596991,0.370422,36.8466,0.931419,34.9156,38.1558,0.903973,0.945187,False,2.4425,2.5609,3.0215,3.0443,0.10618,0.060069
CHNCXR_0657_1,Shenzhen,1,4,True,DCT,50,241152,16054,15.021303,0.532577,38.716,0.953399,36.65,40.1618,0.934085,0.963047,False,2.6111,2.7029,3.1887,3.241,0.13572,0.072895
CHNCXR_0657_1,Shenzhen,1,4,True,DCT,70,241152,22418,10.75707,0.743697,40.4137,0.966817,38.2203,41.9964,0.953316,0.973693,False,2.7311,2.8332,3.318,3.3607,0.15985,0.098283
CHNCXR_0657_1,Shenzhen,1,4,True,DCT,90,241152,42931,5.6172,1.424197,43.685,0.982903,41.479,45.2819,0.977105,0.985925,False,2.9193,2.9955,3.5371,3.5703,0.272807,0.172143
CHNCXR_0658_1,Shenzhen,1,2,True,DCT,10,231424,4743,48.792747,0.163959,31.9471,0.840776,29.8801,33.1396,0.79096,0.86202,False,1.9384,2.1242,2.3632,2.3863,0.093059,0.02471
CHNCXR_0658_1,Shenzhen,1,2,True,DCT,20,231424,8353,27.705495,0.288751,34.9217,0.909193,32.6832,36.2626,0.881198,0.921092,False,2.287,2.4021,2.8677,2.8957,0.102497,0.049474
CHNCXR_0658_1,Shenzhen,1,2,True,DCT,30,231424,11315,20.45285,0.391144,36.5273,0.933599,34.1911,37.9579,0.91334,0.942601,False,2.4493,2.554,3.0422,3.0722,0.106034,0.052299
CHNCXR_0658_1,Shenzhen,1,2,True,DCT,50,231424,16166,14.315477,0.558836,38.3838,0.954567,35.9596,39.8985,0.940398,0.960714,False,2.5985,2.6861,3.2173,3.2644,0.126873,0.067846
CHNCXR_0658_1,Shenzhen,1,2,True,DCT,70,231424,22349,10.355005,0.772573,40.0695,0.967273,37.5167,41.7137,0.957718,0.971543,False,2.712,2.8103,3.3223,3.3599,0.156057,0.098015
CHNCXR_0658_1,Shenzhen,1,2,True,DCT,90,231424,42723,5.416848,1.476874,43.4142,0.983221,40.8605,45.0591,0.979655,0.984935,False,2.892,2.9586,3.5387,3.5747,0.247613,0.175506
CHNCXR_0659_1,Shenzhen,1,4,True,DCT,10,261120,4192,62.290076,0.128431,32.9349,0.84069,30.7039,33.9533,0.786423,0.858328,False,1.8181,1.9614,2.0729,2.0896,0.085413,0.02609
CHNCXR_0659_1,Shenzhen,1,4,True,DCT,20,261120,7566,34.512292,0.231801,35.9623,0.906713,33.6308,37.0482,0.878938,0.916043,False,2.2001,2.2856,2.7057,2.7679,0.093997,0.03986
CHNCXR_0659_1,Shenzhen,1,4,True,DCT,30,261120,10368,25.185185,0.317647,37.5688,0.93118,35.1678,38.7028,0.911253,0.937903,False,2.3445,2.4495,2.9382,2.9623,0.108445,0.049204
CHNCXR_0659_1,Shenzhen,1,4,True,DCT,50,261120,15133,17.255006,0.463634,39.4298,0.95148,37.0051,40.5806,0.940253,0.95544,False,2.548,2.6621,3.1513,3.1959,0.129115,0.07093
CHNCXR_0659_1,Shenzhen,1,4,True,DCT,70,261120,21484,12.154161,0.658211,41.0388,0.964544,38.621,42.1846,0.958032,0.967082,False,2.6854,2.748,3.2966,3.3356,0.160745,0.094857
CHNCXR_0659_1,Shenzhen,1,4,True,DCT,90,261120,42949,6.079769,1.315839,44.0376,0.980445,41.7765,45.0759,0.979173,0.981234,False,2.8661,2.915,3.5089,3.543,0.257786,0.175827
CHNCXR_0660_1,Shenzhen,1,0,True,DCT,10,256512,4314,59.460362,0.134543,33.0658,0.856116,31.1982,33.7404,0.79063,0.874812,False,1.8688,1.9898,2.1979,2.2088,0.079265,0.027093
CHNCXR_0660_1,Shenzhen,1,0,True,DCT,20,256512,7668,33.452269,0.239147,36.1788,0.917655,33.9259,37.0516,0.875005,0.92969,False,2.2494,2.3271,2.7909,2.8423,0.090432,0.038154
CHNCXR_0660_1,Shenzhen,1,0,True,DCT,30,256512,10359,24.762236,0.323073,37.8631,0.940773,35.4415,38.8317,0.908464,0.949842,False,2.4242,2.4958,3.0004,3.0213,0.106981,0.050828
CHNCXR_0660_1,Shenzhen,1,0,True,DCT,50,256512,14896,17.220193,0.464571,39.7827,0.95961,37.2114,40.8412,0.936809,0.965978,False,2.6236,2.7153,3.2,3.2374,0.123677,0.068258
CHNCXR_0660_1,Shenzhen,1,0,True,DCT,70,256512,20942,12.248687,0.653131,41.5205,0.971469,38.7864,42.6826,0.95502,0.976225,False,2.7611,2.8566,3.3538,3.3995,0.158385,0.090548
CHNCXR_0660_1,Shenzhen,1,0,True,DCT,90,256512,40369,6.354183,1.259013,44.8078,0.985221,41.9409,46.0594,0.977286,0.987619,False,2.9711,3.0404,3.5484,3.5847,0.260676,0.16809
CHNCXR_0661_1,Shenzhen,1,0,True,DCT,10,250880,4622,54.279533,0.147385,32.4399,0.835016,30.922,33.5358,0.788759,0.8616,False,1.9248,2.0827,2.2151,2.2297,0.075781,0.024656
CHNCXR_0661_1,Shenzhen,1,0,True,DCT,20,250880,8274,30.321489,0.263839,35.5248,0.90435,33.8095,36.8218,0.876646,0.920843,False,2.2646,2.371,2.7759,2.8182,0.093441,0.040676
CHNCXR_0661_1,Shenzhen,1,0,True,DCT,30,250880,11344,22.115656,0.361735,37.1579,0.930609,35.326,38.5828,0.90979,0.942776,False,2.4385,2.5428,2.9975,3.0235,0.107181,0.05074
CHNCXR_0661_1,Shenzhen,1,0,True,DCT,50,250880,16382,15.314369,0.522385,38.9758,0.951923,37.0777,40.4767,0.937716,0.960348,False,2.5998,2.6613,3.1872,3.2414,0.131465,0.074351
CHNCXR_0661_1,Shenzhen,1,0,True,DCT,70,250880,22842,10.983276,0.72838,40.628,0.965477,38.6526,42.2208,0.955729,0.971358,False,2.6959,2.7608,3.3065,3.3504,0.165728,0.096374
CHNCXR_0661_1,Shenzhen,1,0,True,DCT,90,250880,44352,5.656566,1.414286,43.7342,0.98169,41.7818,45.2992,0.977662,0.984242,False,2.863,2.9272,3.5133,3.5458,0.28521,0.178509
CHNCXR_0662_1,Shenzhen,1,3,True,DCT,10,229888,4479,51.325742,0.155867,32.258,0.840711,30.7894,33.4742,0.797514,0.869421,False,1.9864,2.1206,2.2461,2.2695,0.066733,0.022667
CHNCXR_0662_1,Shenzhen,1,3,True,DCT,20,229888,7936,28.967742,0.276169,35.2975,0.907774,33.6238,36.7569,0.880324,0.926308,False,2.3218,2.3832,2.7952,2.8274,0.085843,0.036653
CHNCXR_0662_1,Shenzhen,1,3,True,DCT,30,229888,10920,21.052015,0.380011,36.9047,0.932839,35.1324,38.4905,0.912742,0.946626,False,2.4625,2.574,3.0102,3.0355,0.099513,0.04956
CHNCXR_0662_1,Shenzhen,1,3,True,DCT,50,229888,15630,14.708125,0.543917,38.7059,0.953722,36.8585,40.3926,0.939417,0.963445,False,2.6296,2.6793,3.198,3.2451,0.144222,0.069796
CHNCXR_0662_1,Shenzhen,1,3,True,DCT,70,229888,21811,10.540003,0.759013,40.366,0.966901,38.4623,42.1308,0.957327,0.973533,False,2.7357,2.7908,3.3045,3.3454,0.150079,0.092484
CHNCXR_0662_1,Shenzhen,1,3,True,DCT,90,229888,41955,5.479395,1.460015,43.5619,0.982771,41.6576,45.3275,0.978752,0.985651,False,2.8777,2.9175,3.5258,3.5592,0.246993,0.171666
MCUCXR_0001_0,Montgomery,0,0,True,DCT,10,215552,3333,64.672067,0.123701,33.2122,0.879228,32.2556,33.5677,0.820783,0.899022,False,1.7944,1.8827,2.0387,2.0525,0.078839,0.017356
MCUCXR_0001_0,Montgomery,0,0,True,DCT,20,215552,5785,37.260501,0.214705,36.438,0.934145,35.4159,36.8219,0.899775,0.945704,False,2.1715,2.293,2.6489,2.7278,0.070961,0.026316
MCUCXR_0001_0,Montgomery,0,0,True,DCT,30,215552,7600,28.362105,0.282067,38.4136,0.956951,37.161,38.9032,0.928964,0.966435,False,2.3383,2.4514,2.9147,2.9476,0.07753,0.033474
MCUCXR_0001_0,Montgomery,0,0,True,DCT,50,215552,10627,20.283429,0.394411,40.6955,0.971676,39.2386,41.2859,0.953989,0.977733,False,2.5434,2.6262,3.1281,3.1589,0.093193,0.045284
MCUCXR_0001_0,Montgomery,0,0,True,DCT,70,215552,14567,14.797282,0.54064,42.6105,0.962358,41.097,43.23,0.969458,0.958851,False,2.6964,2.7585,3.3016,3.3469,0.110931,0.060099
MCUCXR_0001_0,Montgomery,0,0,True,DCT,90,215552,26707,8.070993,0.991204,46.8644,0.991036,44.4472,48.0419,0.985187,0.993093,False,2.9713,3.0298,3.5338,3.5634,0.165354,0.10812
MCUCXR_0002_0,Montgomery,0,1,True,DCT,10,215552,3430,62.843149,0.127301,32.5745,0.864682,32.2761,32.6542,0.813308,0.876898,False,1.8639,2.0044,2.0313,2.0505,0.062607,0.018117
MCUCXR_0002_0,Montgomery,0,1,True,DCT,20,215552,6055,35.599009,0.224725,35.6562,0.925424,35.2311,35.772,0.891103,0.933691,False,2.2374,2.3199,2.6162,2.6989,0.067953,0.027127
MCUCXR_0002_0,Montgomery,0,1,True,DCT,30,215552,8098,26.61793,0.300549,37.5167,0.948211,36.9339,37.6792,0.923308,0.954587,False,2.4023,2.4956,2.8745,2.9013,0.077421,0.037324
MCUCXR_0002_0,Montgomery,0,1,True,DCT,50,215552,11465,18.800872,0.425512,39.7692,0.965462,38.9455,40.0076,0.94915,0.969722,False,2.6013,2.6896,3.1125,3.1492,0.095189,0.049004
MCUCXR_0002_0,Montgomery,0,1,True,DCT,70,215552,15770,13.668484,0.585288,41.6843,0.974548,40.7102,41.9729,0.96556,0.976551,False,2.7339,2.8025,3.2807,3.3269,0.112985,0.064244
MCUCXR_0002_0,Montgomery,0,1,True,DCT,90,215552,29997,7.185785,1.113309,45.6167,0.987306,43.9308,46.1783,0.983054,0.98861,False,2.9797,3.0312,3.5112,3.5499,0.176943,0.121291
MCUCXR_0003_0,Montgomery,0,3,True,DCT,10,215552,3784,56.964059,0.140439,32.7762,0.87504,32.262,32.9663,0.820244,0.893948,False,1.9059,2.0262,2.2329,2.2417,0.063344,0.020041
MCUCXR_0003_0,Montgomery,0,3,True,DCT,20,215552,6402,33.669478,0.237604,35.988,0.930023,35.4431,36.1905,0.900749,0.939796,False,2.2789,2.3608,2.7825,2.8501,0.072631,0.031033
MCUCXR_0003_0,Montgomery,0,3,True,DCT,30,215552,8448,25.515152,0.313539,37.9991,0.953568,37.1469,38.3323,0.929084,0.96179,False,2.4458,2.5377,3.0261,3.0532,0.083801,0.038112
MCUCXR_0003_0,Montgomery,0,3,True,DCT,50,215552,11777,18.302794,0.437092,40.2207,0.970249,39.202,40.6307,0.953607,0.975701,False,2.6557,2.7568,3.2139,3.2475,0.098793,0.050348
MCUCXR_0003_0,Montgomery,0,3,True,DCT,70,215552,16013,13.461063,0.594307,42.4083,0.97704,41.1019,42.9614,0.969183,0.978701,False,2.7899,2.8821,3.3463,3.3875,0.114614,0.067413
MCUCXR_0003_0,Montgomery,0,3,True,DCT,90,215552,29189,7.3847,1.083321,46.7299,0.991129,44.5381,47.8295,0.985387,0.993237,False,3.0284,3.0752,3.5427,3.5769,0.175141,0.112395
MCUCXR_0004_0,Montgomery,0,4,True,DCT,10,215552,3639,59.233855,0.135058,33.4874,0.913341,31.7477,33.9736,0.838696,0.930317,False,1.7423,1.8081,2.27,2.2844,0.059493,0.018049
MCUCXR_0004_0,Montgomery,0,4,True,DCT,20,215552,5882,36.646039,0.218305,36.4508,0.947983,35.1089,36.8027,0.914384,0.954817,False,2.0765,2.1268,2.791,2.8673,0.069869,0.026323
MCUCXR_0004_0,Montgomery,0,4,True,DCT,30,215552,7527,28.637173,0.279357,38.358,0.966216,36.8338,38.7694,0.939533,0.972405,False,2.2097,2.2624,3.0112,3.0497,0.076365,0.032386
MCUCXR_0004_0,Montgomery,0,4,True,DCT,50,215552,10128,21.28278,0.375891,40.7142,0.978544,38.9176,41.2209,0.960406,0.982647,False,2.3647,2.4248,3.2004,3.2191,0.088217,0.044841
MCUCXR_0004_0,Montgomery,0,4,True,DCT,70,215552,13530,15.931412,0.502153,42.5367,0.938931,40.7535,43.0386,0.973219,0.931021,False,2.4651,2.5109,3.3406,3.383,0.10335,0.054183
MCUCXR_0004_0,Montgomery,0,4,True,DCT,90,215552,23651,9.113864,0.877784,47.5558,0.994347,44.1388,48.8467,0.987106,0.996021,False,2.6604,2.7185,3.5641,3.5868,0.146021,0.095896
MCUCXR_0005_0,Montgomery,0,3,True,DCT,10,215552,3677,58.621702,0.136468,32.6681,0.87006,32.5034,32.7436,0.819211,0.893917,False,1.8805,1.9888,2.2333,2.2485,0.057161,0.017532
MCUCXR_0005_0,Montgomery,0,3,True,DCT,20,215552,6337,34.014834,0.235192,35.9789,0.929425,35.5666,36.1762,0.895684,0.945297,False,2.2537,2.3402,2.8216,2.8802,0.06859,0.027109
MCUCXR_0005_0,Montgomery,0,3,True,DCT,30,215552,8391,25.688476,0.311424,37.8727,0.951391,37.2598,38.1767,0.92599,0.963194,False,2.43,2.5357,3.0295,3.0547,0.079375,0.03559
MCUCXR_0005_0,Montgomery,0,3,True,DCT,50,215552,11790,18.282612,0.437574,40.119,0.968081,39.2213,40.5881,0.950185,0.976497,False,2.6346,2.7412,3.2134,3.2438,0.096072,0.050091
MCUCXR_0005_0,Montgomery,0,3,True,DCT,70,215552,16209,13.298291,0.601581,42.0851,0.961224,41.047,42.6422,0.966331,0.958491,False,2.7592,2.8541,3.3422,3.3899,0.115068,0.064255
MCUCXR_0005_0,Montgomery,0,3,True,DCT,90,215552,29794,7.234745,1.105775,46.4209,0.990136,44.4678,47.6889,0.983816,0.993187,False,2.9773,3.0542,3.5361,3.5707,0.173374,0.11862
MCUCXR_0006_0,Montgomery,0,4,True,DCT,10,215552,3266,65.998775,0.121214,33.2784,0.877634,32.69,33.4526,0.828331,0.889887,False,1.8567,1.9646,1.972,1.9964,0.05596,0.016559
MCUCXR_0006_0,Montgomery,0,4,True,DCT,20,215552,5508,39.13435,0.204424,36.494,0.935593,35.7881,36.7067,0.901802,0.943889,False,2.2412,2.3122,2.5584,2.6185,0.066366,0.024203
MCUCXR_0006_0,Montgomery,0,4,True,DCT,30,215552,7403,29.116845,0.274755,38.3789,0.955706,37.5049,38.6494,0.930405,0.962403,False,2.418,2.4853,2.8647,2.9084,0.075758,0.034193
MCUCXR_0006_0,Montgomery,0,4,True,DCT,50,215552,10275,20.978297,0.381346,40.6711,0.971425,39.5719,41.0239,0.954348,0.975951,False,2.6175,2.7034,3.0995,3.1303,0.09007,0.044299
MCUCXR_0006_0,Montgomery,0,4,True,DCT,70,215552,14148,15.23551,0.525089,42.6869,0.97971,41.4298,43.1009,0.969244,0.982243,False,2.7687,2.8482,3.2952,3.3408,0.123242,0.05706
MCUCXR_0006_0,Montgomery,0,4,True,DCT,90,215552,26519,8.12821,0.984227,46.8995,0.990337,44.7628,47.72,0.985278,0.99186,False,3.0419,3.1223,3.5471,3.5738,0.155124,0.102703
MCUCXR_0008_0,Montgomery,0,3,True,DCT,10,215552,3943,54.667005,0.146341,32.5021,0.866569,32.2433,32.6048,0.816198,0.885512,False,1.895,2.0233,2.2933,2.3047,0.06203,0.01968
MCUCXR_0008_0,Montgomery,0,3,True,DCT,20,215552,6576,32.778589,0.244062,35.3739,0.91987,35.1958,35.4437,0.890596,0.931222,False,2.2659,2.3771,2.8514,2.905,0.069006,0.028143
MCUCXR_0008_0,Montgomery,0,3,True,DCT,30,215552,8719,24.722101,0.323597,37.3292,0.947452,36.8661,37.5192,0.922751,0.957058,False,2.4466,2.5666,3.0651,3.093,0.080987,0.038355
MCUCXR_0008_0,Montgomery,0,3,True,DCT,50,215552,12060,17.8733,0.447595,39.5455,0.965879,38.7917,39.8706,0.947844,0.972995,False,2.6097,2.7037,3.2398,3.2719,0.095402,0.051117
MCUCXR_0008_0,Montgomery,0,3,True,DCT,70,215552,16464,13.092323,0.611045,41.6436,0.965284,40.5919,42.1217,0.964764,0.965025,False,2.7567,2.8555,3.3688,3.4107,0.116317,0.066011
MCUCXR_0008_0,Montgomery,0,3,True,DCT,90,215552,29853,7.220447,1.107965,46.1481,0.990591,43.9792,47.377,0.983109,0.993666,False,2.9765,3.0537,3.5611,3.5956,0.197955,0.112679
MCUCXR_0011_0,Montgomery,0,3,True,DCT,10,215552,3920,54.987755,0.145487,32.7153,0.888739,31.9362,33.0291,0.824794,0.912118,False,1.8541,1.9611,2.3282,2.3419,0.063111,0.020703
MCUCXR_0011_0,Montgomery,0,3,True,DCT,20,215552,6599,32.664343,0.244915,35.9697,0.938042,34.9157,36.4148,0.899331,0.951677,False,2.2206,2.3676,2.8867,2.9354,0.071842,0.031019
MCUCXR_0011_0,Montgomery,0,3,True,DCT,30,215552,8651,24.916426,0.321073,37.7723,0.958031,36.6522,38.251,0.929168,0.968678,False,2.4066,2.5398,3.0905,3.1149,0.084888,0.038304
MCUCXR_0011_0,Montgomery,0,3,True,DCT,50,215552,11963,18.018223,0.443995,40.1073,0.973015,38.6854,40.7493,0.953371,0.980232,False,2.5739,2.6695,3.2648,3.2984,0.119221,0.050302
MCUCXR_0011_0,Montgomery,0,3,True,DCT,70,215552,16149,13.3477,0.599354,42.0748,0.956233,40.5428,42.7808,0.9689,0.95124,False,2.6942,2.7807,3.3799,3.4243,0.115059,0.065228
MCUCXR_0011_0,Montgomery,0,3,True,DCT,90,215552,28790,7.487044,1.068512,46.6056,0.992167,44.0772,48.0335,0.985411,0.994732,False,2.9442,2.9944,3.5734,3.6057,0.169908,0.114512
MCUCXR_0013_0,Montgomery,0,3,True,DCT,10,215552,3207,67.212972,0.119025,33.2097,0.879295,32.4045,33.4665,0.818735,0.895324,False,1.7882,1.8697,2.0169,2.0449,0.058473,0.017184
MCUCXR_0013_0,Montgomery,0,3,True,DCT,20,215552,5607,38.443374,0.208098,36.3866,0.935024,35.5114,36.6688,0.898377,0.944626,False,2.191,2.2798,2.6354,2.6954,0.067497,0.026438
MCUCXR_0013_0,Montgomery,0,3,True,DCT,30,215552,7491,28.774796,0.278021,38.2719,0.954973,37.2217,38.6204,0.927884,0.962755,False,2.3733,2.4587,2.9113,2.9463,0.076899,0.033813
MCUCXR_0013_0,Montgomery,0,3,True,DCT,50,215552,10497,20.534629,0.389586,40.5031,0.970662,39.2688,40.9253,0.952893,0.975687,False,2.5909,2.6666,3.1441,3.1683,0.10683,0.042027
MCUCXR_0013_0,Montgomery,0,3,True,DCT,70,215552,14468,14.898535,0.536966,42.4809,0.978374,41.0735,42.9765,0.96826,0.980623,False,2.757,2.862,3.3164,3.3696,0.108355,0.061275
MCUCXR_0013_0,Montgomery,0,3,True,DCT,90,215552,27024,7.976317,1.002969,46.665,0.989941,44.496,47.5404,0.984965,0.99151,False,3.0603,3.1359,3.552,3.583,0.160846,0.104272
MCUCXR_0015_0,Montgomery,0,0,True,DCT,10,215552,3821,56.412457,0.141813,32.4307,0.858547,32.0752,32.5909,0.820176,0.875404,False,1.8905,2.0858,2.1429,2.1567,0.058107,0.019286
MCUCXR_0015_0,Montgomery,0,0,True,DCT,20,215552,6640,32.462651,0.246437,35.6653,0.925805,35.1958,35.8812,0.898793,0.937701,False,2.243,2.3473,2.6918,2.7541,0.076355,0.03136
MCUCXR_0015_0,Montgomery,0,0,True,DCT,30,215552,8908,24.197575,0.330612,37.4821,0.948162,36.8739,37.7685,0.92748,0.957374,False,2.4073,2.5029,2.9412,2.9723,0.0824,0.038928
MCUCXR_0015_0,Montgomery,0,0,True,DCT,50,215552,12601,17.105944,0.467674,39.6483,0.966096,38.8182,40.0552,0.951393,0.972734,False,2.5739,2.6763,3.1497,3.1976,0.100937,0.050957
MCUCXR_0015_0,Montgomery,0,0,True,DCT,70,215552,17412,12.379508,0.646229,41.6363,0.970922,40.6183,42.153,0.967201,0.971456,False,2.7001,2.7807,3.2958,3.338,0.133194,0.070492
MCUCXR_0015_0,Montgomery,0,0,True,DCT,90,215552,32437,6.645251,1.203867,45.7333,0.988834,43.9524,46.7862,0.983963,0.99116,False,2.8836,2.934,3.5171,3.5531,0.183484,0.126072
MCUCXR_0016_0,Montgomery,0,2,True,DCT,10,215552,3380,63.772781,0.125445,33.118,0.876851,33.1029,33.1227,0.826149,0.892141,False,1.8253,1.9036,2.1143,2.1316,0.057717,0.017338
MCUCXR_0016_0,Montgomery,0,2,True,DCT,20,215552,5614,38.39544,0.208358,36.3987,0.931419,36.2481,36.4457,0.900597,0.940224,False,2.207,2.2765,2.6481,2.7016,0.064796,0.024203
MCUCXR_0016_0,Montgomery,0,2,True,DCT,30,215552,7437,28.98373,0.276017,38.3922,0.954132,37.9819,38.5254,0.929911,0.961301,False,2.3801,2.4741,2.9171,2.9607,0.073582,0.032738
MCUCXR_0016_0,Montgomery,0,2,True,DCT,50,215552,10375,20.776096,0.385058,40.7296,0.970678,39.951,40.9977,0.953491,0.975865,False,2.593,2.6489,3.1365,3.1642,0.089378,0.043945
MCUCXR_0016_0,Montgomery,0,2,True,DCT,70,215552,14257,15.119029,0.529135,42.9544,0.979562,41.8626,43.3504,0.968867,0.981847,False,2.7529,2.8331,3.303,3.354,0.115883,0.060012
MCUCXR_0016_0,Montgomery,0,2,True,DCT,90,215552,26104,8.257432,0.968824,47.4417,0.991856,45.2675,48.4006,0.985357,0.993981,False,3.0262,3.0917,3.5269,3.557,0.161625,0.100916
MCUCXR_0017_0,Montgomery,0,4,True,DCT,10,215552,3848,56.016632,0.142815,32.5448,0.874698,31.7627,32.7057,0.814475,0.886482,False,1.8758,1.9245,2.3563,2.3735,0.063173,0.01828
MCUCXR_0017_0,Montgomery,0,4,True,DCT,20,215552,6126,35.186419,0.22736,35.5853,0.930009,34.7807,35.7514,0.892068,0.937261,False,2.1654,2.2025,2.8583,2.9261,0.070611,0.026294
MCUCXR_0017_0,Montgomery,0,4,True,DCT,30,215552,7911,27.247124,0.293609,37.4687,0.952887,36.4519,37.6852,0.922657,0.958429,False,2.3573,2.4145,3.0757,3.106,0.07597,0.032609
MCUCXR_0017_0,Montgomery,0,4,True,DCT,50,215552,10638,20.262455,0.394819,39.9108,0.971372,38.3825,40.2623,0.948377,0.975558,False,2.4923,2.5498,3.2994,3.3201,0.091307,0.044899
MCUCXR_0017_0,Montgomery,0,4,True,DCT,70,215552,14153,15.230128,0.525275,42.0503,0.950061,40.0986,42.5301,0.964747,0.946022,False,2.6294,2.6978,3.4344,3.4801,0.102341,0.058977
MCUCXR_0017_0,Montgomery,0,4,True,DCT,90,215552,24603,8.761208,0.913116,47.339,0.993739,43.6754,48.5548,0.983161,0.99574,False,2.8453,2.9057,3.6181,3.6398,0.153038,0.096032
MCUCXR_0019_0,Montgomery,0,3,True,DCT,10,215552,3702,58.225824,0.137396,33.0129,0.874529,32.8483,33.0812,0.826394,0.893531,False,1.8593,1.9826,2.2438,2.2589,0.058644,0.018649
MCUCXR_0019_0,Montgomery,0,3,True,DCT,20,215552,6119,35.226671,0.227101,36.3451,0.936828,36.0373,36.476,0.902136,0.950126,False,2.2279,2.3585,2.7826,2.8549,0.067949,0.027214
MCUCXR_0019_0,Montgomery,0,3,True,DCT,30,215552,7972,27.038635,0.295873,38.1262,0.955296,37.7843,38.2725,0.929807,0.964991,False,2.3994,2.5239,3.0185,3.0494,0.074793,0.03615
MCUCXR_0019_0,Montgomery,0,3,True,DCT,50,215552,11018,19.563623,0.408922,40.4018,0.971992,39.7168,40.7128,0.952736,0.979688,False,2.5577,2.6565,3.21,3.237,0.092025,0.044172
MCUCXR_0019_0,Montgomery,0,3,True,DCT,70,215552,15117,14.258914,0.561053,42.5844,0.959699,41.5986,43.0567,0.968458,0.955478,False,2.7125,2.8045,3.3599,3.4048,0.110871,0.06613
MCUCXR_0019_0,Montgomery,0,3,True,DCT,90,215552,27423,7.860263,1.017778,47.1284,0.991881,45.0458,48.3712,0.984956,0.994789,False,2.9375,3.0127,3.5334,3.5678,0.163809,0.107929
MCUCXR_0020_0,Montgomery,0,2,True,DCT,10,215552,3490,61.762751,0.129528,32.9356,0.868571,32.5801,33.0773,0.823179,0.884899,False,1.8462,2.0292,2.0229,2.037,0.05805,0.01754
MCUCXR_0020_0,Montgomery,0,2,True,DCT,20,215552,6003,35.90738,0.222795,36.1848,0.931657,35.8245,36.3285,0.901732,0.942893,False,2.2097,2.3208,2.6154,2.6995,0.069405,0.027152
MCUCXR_0020_0,Montgomery,0,2,True,DCT,30,215552,8027,26.85337,0.297914,38.1825,0.953284,37.5813,38.4322,0.930817,0.962069,False,2.3636,2.5012,2.9057,2.938,0.103851,0.035383
MCUCXR_0020_0,Montgomery,0,2,True,DCT,50,215552,11310,19.058532,0.41976,40.4636,0.970287,39.6144,40.8316,0.954956,0.97626,False,2.5646,2.6692,3.1514,3.1845,0.102619,0.045591
MCUCXR_0020_0,Montgomery,0,2,True,DCT,70,215552,15655,13.768892,0.58102,42.5678,0.9774,41.5745,43.0094,0.970351,0.979145,False,2.6891,2.7712,3.2875,3.3315,0.110366,0.062573
MCUCXR_0020_0,Montgomery,0,2,True,DCT,90,215552,28971,7.440268,1.07523,46.9916,0.991093,45.0323,48.0402,0.986161,0.993142,False,2.8942,2.9502,3.513,3.5508,0.167605,0.114486
MCUCXR_0021_0,Montgomery,0,0,True,DCT,10,215552,3175,67.890394,0.117837,33.2942,0.896305,32.4914,33.5803,0.817801,0.921186,False,1.632,1.7134,2.129,2.1481,0.05617,0.015931
MCUCXR_0021_0,Montgomery,0,0,True,DCT,20,215552,5380,40.065428,0.199673,36.4592,0.942843,35.601,36.7678,0.897284,0.956971,False,2.0038,2.0923,2.7003,2.7554,0.065379,0.025209
MCUCXR_0021_0,Montgomery,0,0,True,DCT,30,215552,7106,30.333802,0.263732,38.3861,0.961305,37.379,38.7574,0.927766,0.971864,False,2.1527,2.2358,2.9511,2.993,0.07642,0.030126
MCUCXR_0021_0,Montgomery,0,0,True,DCT,50,215552,9830,21.927976,0.364831,40.6883,0.974948,39.4242,41.1753,0.95297,0.981793,False,2.3798,2.4693,3.1706,3.1964,0.091385,0.041134
MCUCXR_0021_0,Montgomery,0,0,True,DCT,70,215552,13416,16.066786,0.497922,42.6577,0.947623,41.3298,43.1751,0.968775,0.940271,False,2.5042,2.5958,3.325,3.3677,0.122187,0.055059
MCUCXR_0021_0,Montgomery,0,0,True,DCT,90,215552,24077,8.95261,0.893594,47.6274,0.992809,44.7403,49.1543,0.985309,0.995283,False,2.7594,2.8346,3.5506,3.5778,0.146624,0.094431
MCUCXR_0022_0,Montgomery,0,4,True,DCT,10,215552,3753,57.434586,0.139289,32.6659,0.850838,32.6513,32.6756,0.812485,0.875484,False,1.9422,2.1203,2.0468,2.0644,0.061565,0.019065
MCUCXR_0022_0,Montgomery,0,4,True,DCT,20,215552,6507,33.126172,0.241501,35.8441,0.91658,35.7023,35.9403,0.891128,0.932794,False,2.2675,2.3552,2.6689,2.7336,0.071745,0.029775
MCUCXR_0022_0,Montgomery,0,4,True,DCT,30,215552,8779,24.553138,0.325824,37.6186,0.941991,37.3573,37.8001,0.921186,0.955538,False,2.3937,2.4915,2.9442,2.968,0.082648,0.039816
MCUCXR_0022_0,Montgomery,0,4,True,DCT,50,215552,12709,16.960579,0.471682,39.8106,0.961904,39.2939,40.1889,0.946975,0.971845,False,2.5487,2.6424,3.1546,3.1981,0.098887,0.055346
MCUCXR_0022_0,Montgomery,0,4,True,DCT,70,215552,17799,12.110343,0.660592,41.8575,0.973684,41.0992,42.4422,0.963856,0.979687,False,2.6704,2.7715,3.2924,3.3315,0.145604,0.070654
MCUCXR_0022_0,Montgomery,0,4,True,DCT,90,215552,33496,6.435156,1.243171,45.8327,0.988111,44.4813,47.0304,0.98264,0.992007,False,2.8028,2.8694,3.49,3.5188,0.19842,0.133321
MCUCXR_0023_0,Montgomery,0,1,True,DCT,10,215552,3464,62.226328,0.128563,33.1615,0.864677,32.6754,33.4989,0.815136,0.894803,False,1.9332,2.1277,1.9674,1.9809,0.060045,0.018439
MCUCXR_0023_0,Montgomery,0,1,True,DCT,20,215552,5991,35.979302,0.22235,36.3189,0.924261,35.7295,36.7367,0.891331,0.94459,False,2.2716,2.4169,2.6164,2.6997,0.066961,0.02684
MCUCXR_0023_0,Montgomery,0,1,True,DCT,30,215552,8016,26.89022,0.297506,38.1033,0.946969,37.3866,38.6252,0.92189,0.962806,False,2.4177,2.5784,2.8999,2.9273,0.097164,0.03479
MCUCXR_0023_0,Montgomery,0,1,True,DCT,50,215552,11546,18.668976,0.428518,40.2767,0.965235,39.2804,41.0481,0.94674,0.976995,False,2.6011,2.7344,3.1438,3.1759,0.093403,0.047744
MCUCXR_0023_0,Montgomery,0,1,True,DCT,70,215552,16155,13.342742,0.599577,42.2646,0.974338,41.031,43.2736,0.963345,0.981068,False,2.7397,2.8859,3.2876,3.334,0.113608,0.068733
MCUCXR_0023_0,Montgomery,0,1,True,DCT,90,215552,30567,7.051788,1.134464,46.2934,0.9888,44.3705,48.1743,0.982026,0.99331,False,2.9211,2.9814,3.4974,3.532,0.177584,0.117756
MCUCXR_0024_0,Montgomery,0,0,True,DCT,10,215552,3295,65.417906,0.122291,33.8314,0.906127,32.4939,34.1892,0.830438,0.922487,False,1.7786,1.8665,2.0603,2.0782,0.056039,0.017143
MCUCXR_0024_0,Montgomery,0,0,True,DCT,20,215552,5357,40.237446,0.19882,36.968,0.946009,35.4895,37.3723,0.902191,0.955084,False,2.1216,2.2479,2.643,2.7053,0.063826,0.025466
MCUCXR_0024_0,Montgomery,0,0,True,DCT,30,215552,7065,30.509837,0.262211,38.8971,0.964586,37.2742,39.3515,0.932406,0.971459,False,2.2764,2.4024,2.9074,2.9585,0.070157,0.031608
MCUCXR_0024_0,Montgomery,0,0,True,DCT,50,215552,9628,22.388035,0.357334,41.2891,0.977979,39.3489,41.8614,0.955986,0.982608,False,2.4965,2.6067,3.1145,3.1364,0.084946,0.053424
MCUCXR_0024_0,Montgomery,0,0,True,DCT,70,215552,13107,16.445563,0.486453,43.2422,0.960437,41.2267,43.8443,0.970521,0.957499,False,2.6298,2.7034,3.2988,3.3387,0.1035,0.056314
MCUCXR_0024_0,Montgomery,0,0,True,DCT,90,215552,23683,9.10155,0.878971,47.8967,0.993312,44.674,49.0955,0.986245,0.994943,False,2.9158,2.9776,3.5352,3.5584,0.16002,0.105696
MCUCXR_0026_0,Montgomery,0,3,True,DCT,10,215552,3286,65.597079,0.121957,33.2738,0.890605,32.1867,33.5467,0.818167,0.906605,False,1.6292,1.6963,2.2043,2.2269,0.057691,0.018842
MCUCXR_0026_0,Montgomery,0,3,True,DCT,20,215552,5330,40.441276,0.197818,36.6411,0.951443,35.2973,36.9922,0.897705,0.963606,False,1.9514,2.0065,2.7609,2.8256,0.0692,0.025044
MCUCXR_0026_0,Montgomery,0,3,True,DCT,30,215552,6876,31.348458,0.255196,38.4258,0.967256,37.0203,38.7965,0.927428,0.976107,False,2.0997,2.1421,3.0153,3.0596,0.073014,0.030228
MCUCXR_0026_0,Montgomery,0,3,True,DCT,50,215552,9308,23.157714,0.345457,40.85,0.980319,39.0376,41.3605,0.952455,0.986446,False,2.2717,2.3219,3.2581,3.2794,0.082556,0.039337
MCUCXR_0026_0,Montgomery,0,3,True,DCT,70,215552,12412,17.36642,0.460659,42.8912,0.944648,40.9211,43.4608,0.968132,0.93941,False,2.4123,2.4617,3.3877,3.4195,0.102025,0.054024
MCUCXR_0026_0,Montgomery,0,3,True,DCT,90,215552,21641,9.960353,0.803184,48.3177,0.994716,44.4828,49.8897,0.98516,0.996857,False,2.6455,2.6969,3.5928,3.6164,0.151825,0.088388
MCUCXR_0027_0,Montgomery,0,0,True,DCT,10,215552,3409,63.230273,0.126522,33.2296,0.895417,32.3004,33.5331,0.824888,0.915296,False,1.7951,1.8765,2.1411,2.1638,0.05854,0.01769
MCUCXR_0027_0,Montgomery,0,0,True,DCT,20,215552,5799,37.170547,0.215224,36.6122,0.944268,35.3713,37.0389,0.902079,0.95571,False,2.1755,2.3034,2.7151,2.7876,0.071235,0.0282
MCUCXR_0027_0,Montgomery,0,0,True,DCT,30,215552,7594,28.384514,0.281844,38.5296,0.961559,37.1486,39.0158,0.931545,0.970131,False,2.3215,2.4558,2.9489,2.9867,0.093132,0.037227
MCUCXR_0027_0,Montgomery,0,0,True,DCT,50,215552,10468,20.591517,0.38851,40.8076,0.975516,39.238,41.3784,0.955528,0.981226,False,2.5085,2.6185,3.1431,3.1712,0.09748,0.046727
MCUCXR_0027_0,Montgomery,0,0,True,DCT,70,215552,14285,15.089394,0.530174,42.7789,0.948711,41.1832,43.3619,0.970881,0.941803,False,2.6414,2.7134,3.2877,3.3391,0.109006,0.061641
MCUCXR_0027_0,Montgomery,0,0,True,DCT,90,215552,25609,8.417041,0.950453,47.4726,0.99291,44.7504,48.7024,0.986815,0.994722,False,2.8456,2.9089,3.5192,3.5479,0.159737,0.105429
MCUCXR_0028_0,Montgomery,0,0,True,DCT,10,215552,3343,64.478612,0.124072,33.2137,0.905111,32.476,33.3989,0.827739,0.922278,False,1.7148,1.7827,2.1627,2.1747,0.069089,0.017091
MCUCXR_0028_0,Montgomery,0,0,True,DCT,20,215552,5579,38.636315,0.207059,36.4079,0.948311,35.5623,36.6237,0.901768,0.959133,False,2.056,2.1415,2.7191,2.7834,0.069274,0.02748
MCUCXR_0028_0,Montgomery,0,0,True,DCT,30,215552,7186,29.996104,0.266701,38.2804,0.964712,37.2795,38.5419,0.930846,0.972522,False,2.2031,2.2715,2.9647,3.0033,0.078206,0.033239
MCUCXR_0028_0,Montgomery,0,0,True,DCT,50,215552,9805,21.983886,0.363903,40.5953,0.977226,39.2854,40.9545,0.954391,0.982507,False,2.3947,2.49,3.206,3.229,0.088962,0.044212
MCUCXR_0028_0,Montgomery,0,0,True,DCT,70,215552,13300,16.206917,0.493616,42.5297,0.943906,41.1745,42.904,0.969583,0.937791,False,2.52,2.6141,3.3679,3.4072,0.107292,0.058701
MCUCXR_0028_0,Montgomery,0,0,True,DCT,90,215552,23508,9.169304,0.872476,47.7705,0.993621,44.678,48.9289,0.985857,0.995457,False,2.7809,2.8667,3.5567,3.5803,0.147289,0.092737
MCUCXR_0029_0,Montgomery,0,3,True,DCT,10,215552,3134,68.778558,0.116315,33.4075,0.89116,32.9786,33.5575,0.827506,0.911998,False,1.6894,1.7674,2.0718,2.0997,0.059797,0.016722
MCUCXR_0029_0,Montgomery,0,3,True,DCT,20,215552,5302,40.654847,0.196779,36.6481,0.941363,36.2339,36.7926,0.905019,0.953346,False,2.08,2.1981,2.6529,2.6991,0.067347,0.025448
MCUCXR_0029_0,Montgomery,0,3,True,DCT,30,215552,7071,30.483949,0.262433,38.6777,0.959754,38.0034,38.9232,0.933372,0.968434,False,2.2682,2.3933,2.8968,2.9376,0.070966,0.030524
MCUCXR_0029_0,Montgomery,0,3,True,DCT,50,215552,9759,22.087509,0.362196,41.0746,0.974396,40.0724,41.46,0.95643,0.980211,False,2.4741,2.569,3.1216,3.148,0.117201,0.042515
MCUCXR_0029_0,Montgomery,0,3,True,DCT,70,215552,13424,16.057211,0.498219,42.9693,0.954611,41.9873,43.3455,0.970842,0.948348,False,2.6534,2.7252,3.3058,3.3513,0.101241,0.055805
MCUCXR_0029_0,Montgomery,0,3,True,DCT,90,215552,24424,8.825418,0.906473,47.7328,0.992358,45.4129,48.8731,0.986253,0.994483,False,2.9312,2.9735,3.5245,3.5523,0.154615,0.094283
MCUCXR_0030_0,Montgomery,0,2,True,DCT,10,215552,3399,63.416299,0.126151,33.0619,0.8666,32.4425,33.4452,0.818533,0.891152,False,1.8891,2.0713,1.962,1.9874,0.060283,0.017968
MCUCXR_0030_0,Montgomery,0,2,True,DCT,20,215552,5974,36.081687,0.221719,36.3069,0.924903,35.5828,36.7644,0.896337,0.939669,False,2.2552,2.36,2.6137,2.696,0.067788,0.026413
MCUCXR_0030_0,Montgomery,0,2,True,DCT,30,215552,8015,26.893575,0.297469,38.097,0.947571,37.24,38.6534,0.924931,0.959561,False,2.394,2.5481,2.8999,2.9292,0.080152,0.036619
MCUCXR_0030_0,Montgomery,0,2,True,DCT,50,215552,11476,18.782851,0.42592,40.2642,0.965578,39.1747,41.0067,0.949678,0.97405,False,2.5845,2.6975,3.1361,3.169,0.09354,0.048494
MCUCXR_0030_0,Montgomery,0,2,True,DCT,70,215552,15941,13.521862,0.591635,42.1245,0.971252,40.9214,42.965,0.965379,0.974455,False,2.7267,2.8157,3.2719,3.3179,0.121216,0.063164
MCUCXR_0030_0,Montgomery,0,2,True,DCT,90,215552,30278,7.119096,1.123738,46.1768,0.988908,44.2668,47.7536,0.983289,0.992141,False,2.9288,2.9956,3.4907,3.526,0.202596,0.125693
MCUCXR_0031_0,Montgomery,0,0,True,DCT,10,215552,3814,56.515994,0.141553,32.5852,0.852117,32.389,32.6973,0.815975,0.871098,False,1.904,2.0902,2.1242,2.139,0.059988,0.018788
MCUCXR_0031_0,Montgomery,0,0,True,DCT,20,215552,6624,32.541063,0.245843,35.7613,0.919196,35.3986,35.9752,0.893317,0.933541,False,2.2515,2.3426,2.6959,2.7473,0.069831,0.029725
MCUCXR_0031_0,Montgomery,0,0,True,DCT,30,215552,8981,24.000891,0.333321,37.5374,0.943199,37.091,37.8049,0.923367,0.954275,False,2.3998,2.5124,2.9523,2.976,0.081479,0.039507
MCUCXR_0031_0,Montgomery,0,0,True,DCT,50,215552,12853,16.770559,0.477026,39.6516,0.962659,39.0121,40.0493,0.948729,0.970574,False,2.5541,2.6303,3.1563,3.2015,0.100241,0.053598
MCUCXR_0031_0,Montgomery,0,0,True,DCT,70,215552,17864,12.066279,0.663005,41.6164,0.97171,40.8104,42.1347,0.965214,0.974895,False,2.6765,2.7671,3.3121,3.354,0.155585,0.081564
MCUCXR_0031_0,Montgomery,0,0,True,DCT,90,215552,33689,6.39829,1.250334,45.4712,0.987587,44.121,46.4466,0.983038,0.990365,False,2.8522,2.9048,3.52,3.5549,0.200741,0.134717
MCUCXR_0035_0,Montgomery,0,3,True,DCT,10,215552,4027,53.526695,0.149458,32.3702,0.868666,31.7464,32.6244,0.816868,0.888079,False,1.8994,1.9926,2.3355,2.3533,0.059702,0.019398
MCUCXR_0035_0,Montgomery,0,3,True,DCT,20,215552,6759,31.891108,0.250854,35.4493,0.931844,34.6683,35.7762,0.893833,0.94693,False,2.2509,2.3797,2.8756,2.9248,0.090269,0.031075
MCUCXR_0035_0,Montgomery,0,3,True,DCT,30,215552,8929,24.140665,0.331391,37.2984,0.952843,36.3681,37.6981,0.92513,0.963761,False,2.4077,2.5259,3.1126,3.1388,0.083123,0.03937
MCUCXR_0035_0,Montgomery,0,3,True,DCT,50,215552,12333,17.477662,0.457727,39.7299,0.970978,38.374,40.359,0.950658,0.978889,False,2.5778,2.6642,3.3015,3.3379,0.093683,0.048024
MCUCXR_0035_0,Montgomery,0,3,True,DCT,70,215552,16564,13.013282,0.614757,41.6644,0.952978,40.1853,42.3667,0.966486,0.947595,False,2.6994,2.7801,3.4119,3.4514,0.114742,0.067112
MCUCXR_0035_0,Montgomery,0,3,True,DCT,90,215552,29359,7.341939,1.08963,46.2798,0.991734,43.7181,47.8027,0.984358,0.994641,False,2.9083,2.9587,3.5961,3.6286,0.16817,0.110449
MCUCXR_0038_0,Montgomery,0,3,True,DCT,10,215552,3892,55.38335,0.144448,32.7502,0.876462,31.8101,33.1665,0.821722,0.896251,False,1.9092,2.0021,2.2593,2.2741,0.062662,0.020632
MCUCXR_0038_0,Montgomery,0,3,True,DCT,20,215552,6588,32.718883,0.244507,35.9868,0.938167,34.946,36.4562,0.901036,0.952695,False,2.2532,2.3688,2.8186,2.8705,0.070812,0.030905
MCUCXR_0038_0,Montgomery,0,3,True,DCT,30,215552,8633,24.968377,0.320405,37.8644,0.95647,36.6793,38.413,0.930075,0.966699,False,2.4197,2.5324,3.0291,3.057,0.080683,0.038005
MCUCXR_0038_0,Montgomery,0,3,True,DCT,50,215552,11998,17.965661,0.445294,40.0868,0.972718,38.6586,40.7788,0.953223,0.980378,False,2.5847,2.6607,3.2396,3.2721,0.096397,0.053009
MCUCXR_0038_0,Montgomery,0,3,True,DCT,70,215552,16216,13.292551,0.601841,41.9578,0.953707,40.4572,42.6951,0.968153,0.947856,False,2.7038,2.778,3.3446,3.3839,0.112444,0.064671
MCUCXR_0038_0,Montgomery,0,3,True,DCT,90,215552,29183,7.386218,1.083098,46.3224,0.991679,43.8755,47.7868,0.984939,0.994401,False,2.9072,2.9608,3.5462,3.5793,0.16233,0.109547
MCUCXR_0040_0,Montgomery,0,3,True,DCT,10,215552,3909,55.142492,0.145079,32.4082,0.879367,32.6086,32.3338,0.819986,0.903752,False,1.9029,2.0448,2.2377,2.2549,0.06156,0.019524
MCUCXR_0040_0,Montgomery,0,3,True,DCT,20,215552,6421,33.569849,0.238309,35.2943,0.931017,35.5364,35.2049,0.892241,0.945648,False,2.2545,2.3721,2.7878,2.8497,0.072331,0.028719
MCUCXR_0040_0,Montgomery,0,3,True,DCT,30,215552,8477,25.427864,0.314615,37.0007,0.950781,37.0678,36.9752,0.920368,0.963067,False,2.4106,2.5127,3.0338,3.0631,0.078621,0.036023
MCUCXR_0040_0,Montgomery,0,3,True,DCT,50,215552,11818,18.239296,0.438613,39.2786,0.966905,38.9114,39.4281,0.945306,0.975679,False,2.578,2.6489,3.2339,3.2658,0.089237,0.047172
MCUCXR_0040_0,Montgomery,0,3,True,DCT,70,215552,16266,13.251691,0.603697,41.2249,0.950446,40.6314,41.4759,0.962267,0.94558,False,2.6861,2.7733,3.3712,3.4081,0.107633,0.063787
MCUCXR_0040_0,Montgomery,0,3,True,DCT,90,215552,29724,7.251783,1.103177,45.8383,0.989617,43.9383,46.865,0.981502,0.99297,False,2.919,2.9702,3.5546,3.5906,0.166455,0.114776
MCUCXR_0041_0,Montgomery,0,2,True,DCT,10,215552,3187,67.634766,0.118282,33.9162,0.892594,33.0997,34.109,0.84093,0.905414,False,1.7104,1.7751,2.0997,2.1255,0.055042,0.01579
MCUCXR_0041_0,Montgomery,0,2,True,DCT,20,215552,5077,42.456569,0.188428,37.062,0.928959,36.3801,37.2198,0.908667,0.934658,False,2.0839,2.1636,2.6499,2.6923,0.060019,0.021562
MCUCXR_0041_0,Montgomery,0,2,True,DCT,30,215552,6718,32.08574,0.249332,39.1268,0.955531,38.0582,39.3889,0.934441,0.960804,False,2.2542,2.3119,2.9273,2.9835,0.068419,0.028008
MCUCXR_0041_0,Montgomery,0,2,True,DCT,50,215552,9130,23.6092,0.338851,41.4588,0.973119,40.2091,41.7739,0.957075,0.977006,False,2.4399,2.5321,3.1343,3.1592,0.078074,0.037258
MCUCXR_0041_0,Montgomery,0,2,True,DCT,70,215552,12332,17.479079,0.45769,43.5009,0.950717,41.995,43.8962,0.970642,0.944728,False,2.5571,2.6495,3.2974,3.332,0.092008,0.066883
MCUCXR_0041_0,Montgomery,0,2,True,DCT,90,215552,22153,9.730149,0.822187,48.4245,0.993613,45.4553,49.4262,0.985849,0.995403,False,2.8612,2.9222,3.5306,3.5549,0.138128,0.085255
MCUCXR_0042_0,Montgomery,0,2,True,DCT,10,215552,3365,64.057058,0.124889,33.3049,0.920576,31.6943,33.6527,0.822338,0.938375,False,1.5738,1.6813,2.2622,2.2848,0.055783,0.016625
MCUCXR_0042_0,Montgomery,0,2,True,DCT,20,215552,5389,39.998515,0.200007,36.1694,0.9452,34.6565,36.4913,0.897733,0.954112,False,1.9151,1.9705,2.8127,2.874,0.063113,0.023585
MCUCXR_0042_0,Montgomery,0,2,True,DCT,30,215552,6924,31.131138,0.256977,38.0774,0.965374,36.3206,38.4654,0.926558,0.97247,False,2.0219,2.0808,3.0513,3.0945,0.067575,0.029545
MCUCXR_0042_0,Montgomery,0,2,True,DCT,50,215552,9314,23.142796,0.34568,40.479,0.977983,38.21,41.0223,0.950488,0.983019,False,2.1986,2.2571,3.2519,3.2705,0.080843,0.040237
MCUCXR_0042_0,Montgomery,0,2,True,DCT,70,215552,12338,17.470579,0.457913,42.2889,0.929628,40.0424,42.825,0.966652,0.922067,False,2.2537,2.2833,3.386,3.4135,0.10098,0.050703
MCUCXR_0042_0,Montgomery,0,2,True,DCT,90,215552,21339,10.101317,0.791976,47.7318,0.99461,43.6013,49.1122,0.984138,0.996517,False,2.5077,2.5495,3.5754,3.6003,0.130308,0.082718
MCUCXR_0043_0,Montgomery,0,0,True,DCT,10,215552,3470,62.118732,0.128786,33.1596,0.875429,32.0569,33.4851,0.818469,0.889223,False,1.8806,2.0312,2.0319,2.0534,0.057179,0.017285
MCUCXR_0043_0,Montgomery,0,0,True,DCT,20,215552,5986,36.009355,0.222164,36.3628,0.934461,35.0417,36.7667,0.895409,0.944088,False,2.2511,2.3449,2.6416,2.7239,0.06886,0.027994
MCUCXR_0043_0,Montgomery,0,0,True,DCT,30,215552,7980,27.011529,0.29617,38.3214,0.954784,36.761,38.8177,0.926087,0.962074,False,2.411,2.5295,2.9106,2.9383,0.093242,0.035495
MCUCXR_0043_0,Montgomery,0,0,True,DCT,50,215552,11095,19.42785,0.41178,40.5606,0.971427,38.7353,41.1679,0.951384,0.976599,False,2.6028,2.6999,3.113,3.1489,0.091113,0.044719
MCUCXR_0043_0,Montgomery,0,0,True,DCT,70,215552,15289,14.098502,0.567436,42.6362,0.976181,40.6063,43.3361,0.967577,0.977452,False,2.7462,2.8272,3.276,3.3216,0.104383,0.060404
MCUCXR_0043_0,Montgomery,0,0,True,DCT,90,215552,28243,7.63205,1.048211,46.8176,0.99109,44.1245,47.8669,0.98506,0.992753,False,2.99,3.0483,3.532,3.5661,0.165603,0.108735
MCUCXR_0044_0,Montgomery,0,0,True,DCT,10,215552,3643,59.168817,0.135206,32.3967,0.878096,32.2985,32.4335,0.820931,0.898423,False,1.8601,2.005,2.1378,2.1593,0.060629,0.018389
MCUCXR_0044_0,Montgomery,0,0,True,DCT,20,215552,6296,34.236341,0.23367,35.8852,0.934356,35.4463,36.0592,0.899827,0.947078,False,2.221,2.3364,2.7642,2.8281,0.069311,0.028895
MCUCXR_0044_0,Montgomery,0,0,True,DCT,30,215552,8281,26.029707,0.307341,38.0203,0.955416,37.1116,38.4105,0.928162,0.965489,False,2.3929,2.505,2.9711,2.9998,0.07483,0.033737
MCUCXR_0044_0,Montgomery,0,0,True,DCT,50,215552,11616,18.556474,0.431116,40.1808,0.970559,39.0846,40.6676,0.951938,0.977457,False,2.5947,2.7087,3.2016,3.2329,0.089761,0.045262
MCUCXR_0044_0,Montgomery,0,0,True,DCT,70,215552,15922,13.537998,0.590929,42.2092,0.970934,40.9448,42.7881,0.968001,0.971131,False,2.7131,2.7936,3.3379,3.3823,0.108091,0.06364
MCUCXR_0044_0,Montgomery,0,0,True,DCT,90,215552,29036,7.423612,1.077643,46.6537,0.991091,44.4577,47.8627,0.985105,0.993454,False,2.957,3.0227,3.5298,3.567,0.167335,0.110865
MCUCXR_0045_0,Montgomery,0,3,True,DCT,10,215552,3206,67.233936,0.118988,33.7075,0.867158,32.5977,34.2069,0.825662,0.883385,False,1.8297,1.9723,1.918,1.9342,0.052871,0.015226
MCUCXR_0045_0,Montgomery,0,3,True,DCT,20,215552,5653,38.13055,0.209806,36.9721,0.929401,35.6803,37.5731,0.901301,0.940599,False,2.2079,2.3025,2.5311,2.6007,0.06174,0.024702
MCUCXR_0045_0,Montgomery,0,3,True,DCT,30,215552,7642,28.206229,0.283625,38.7458,0.951323,37.3444,39.4114,0.928855,0.960356,False,2.3971,2.5139,2.8352,2.8735,0.094586,0.032651
MCUCXR_0045_0,Montgomery,0,3,True,DCT,50,215552,10888,19.797208,0.404097,40.7999,0.968342,39.2969,41.5276,0.952185,0.974823,False,2.5741,2.6937,3.0596,3.0996,0.08988,0.046802
MCUCXR_0045_0,Montgomery,0,3,True,DCT,70,215552,15083,14.291056,0.559791,42.5987,0.966811,41.091,43.3293,0.967302,0.965254,False,2.7148,2.7983,3.2578,3.3063,0.104382,0.06101
MCUCXR_0045_0,Montgomery,0,3,True,DCT,90,215552,28611,7.533886,1.061869,46.5658,0.989828,44.4121,47.7548,0.984068,0.992228,False,2.9476,3.0088,3.4865,3.5227,0.164479,0.10982
MCUCXR_0046_0,Montgomery,0,2,True,DCT,10,215552,4131,52.179133,0.153318,32.3705,0.868215,32.0242,32.5109,0.818825,0.888305,False,1.9975,2.1445,2.3072,2.3182,0.058967,0.01936
MCUCXR_0046_0,Montgomery,0,2,True,DCT,20,215552,6907,31.20776,0.256346,35.2962,0.921333,35.1356,35.3593,0.898092,0.930176,False,2.3428,2.4278,2.8275,2.8756,0.084284,0.029393
MCUCXR_0046_0,Montgomery,0,2,True,DCT,30,215552,9125,23.622137,0.338665,37.1815,0.948327,36.8721,37.3063,0.928579,0.955973,False,2.5109,2.602,3.0461,3.0745,0.078394,0.035774
MCUCXR_0046_0,Montgomery,0,2,True,DCT,50,215552,12692,16.983297,0.471051,39.5427,0.966657,38.9243,39.8053,0.953395,0.971941,False,2.6844,2.7695,3.2392,3.2761,0.094188,0.051543
MCUCXR_0046_0,Montgomery,0,2,True,DCT,70,215552,17237,12.505192,0.639734,41.7412,0.969383,40.7457,42.1929,0.968464,0.968381,False,2.806,2.895,3.3635,3.4006,0.113937,0.069991
MCUCXR_0046_0,Montgomery,0,2,True,DCT,90,215552,31078,6.935839,1.153429,46.2773,0.990911,44.2639,47.3907,0.985232,0.993307,False,3.0246,3.0737,3.5497,3.5857,0.170606,0.114291
MCUCXR_0047_0,Montgomery,0,1,True,DCT,10,215552,3553,60.667605,0.131866,33.0466,0.888804,32.5061,33.2466,0.821727,0.91181,False,1.8461,1.9222,2.2021,2.2195,0.056789,0.018126
MCUCXR_0047_0,Montgomery,0,1,True,DCT,20,215552,5952,36.215054,0.220903,36.2114,0.936611,35.6928,36.4026,0.899346,0.948235,False,2.2277,2.3261,2.7634,2.8387,0.066515,0.025718
MCUCXR_0047_0,Montgomery,0,1,True,DCT,30,215552,7785,27.688118,0.288933,38.1689,0.957732,37.3945,38.4668,0.928831,0.967294,False,2.3841,2.5003,2.9954,3.0298,0.071712,0.033091
MCUCXR_0047_0,Montgomery,0,1,True,DCT,50,215552,10769,20.015972,0.399681,40.3857,0.97244,39.4141,40.772,0.953141,0.978826,False,2.5795,2.668,3.1967,3.2186,0.091021,0.042269
MCUCXR_0047_0,Montgomery,0,1,True,DCT,70,215552,14645,14.71847,0.543535,42.5085,0.959696,41.2855,43.0168,0.968664,0.956027,False,2.7127,2.7727,3.3496,3.3991,0.10622,0.059354
MCUCXR_0047_0,Montgomery,0,1,True,DCT,90,215552,26484,8.138952,0.982928,47.2538,0.992092,44.7746,48.5695,0.985349,0.9945,False,2.9559,3.0106,3.536,3.566,0.167845,0.103169
MCUCXR_0048_0,Montgomery,0,2,True,DCT,10,215552,3111,69.287046,0.115462,33.6412,0.915387,32.2076,34.0738,0.825796,0.936441,False,1.5887,1.6798,2.1087,2.1387,0.077123,0.014986
MCUCXR_0048_0,Montgomery,0,2,True,DCT,20,215552,5119,42.108224,0.189987,36.8816,0.953128,35.4128,37.3275,0.903616,0.964982,False,1.9501,2.0436,2.6865,2.7321,0.059428,0.022657
MCUCXR_0048_0,Montgomery,0,2,True,DCT,30,215552,6693,32.205588,0.248404,38.8416,0.968871,37.1722,39.3656,0.933144,0.977362,False,2.1101,2.1607,2.9448,2.9907,0.068215,0.027965
MCUCXR_0048_0,Montgomery,0,2,True,DCT,50,215552,9169,23.50878,0.340298,41.1397,0.979902,39.2645,41.7491,0.956509,0.985445,False,2.2856,2.3552,3.149,3.1704,0.079816,0.039483
MCUCXR_0048_0,Montgomery,0,2,True,DCT,70,215552,12347,17.457844,0.458247,43.081,0.944807,41.2208,43.684,0.971607,0.937728,False,2.418,2.4861,3.3164,3.3508,0.093866,0.04754
MCUCXR_0048_0,Montgomery,0,2,True,DCT,90,215552,21731,9.919102,0.806525,48.401,0.994509,44.8692,49.9769,0.987335,0.996299,False,2.6527,2.7208,3.5527,3.5773,0.136304,0.096112
MCUCXR_0049_0,Montgomery,0,4,True,DCT,10,215552,3375,63.867259,0.12526,33.4105,0.903777,32.4536,33.7484,0.824426,0.928201,False,1.7696,1.8579,2.1453,2.166,0.05572,0.017146
MCUCXR_0049_0,Montgomery,0,4,True,DCT,20,215552,5605,38.457092,0.208024,36.5295,0.94632,35.499,36.8979,0.899778,0.960671,False,2.1214,2.2152,2.7292,2.7983,0.064575,0.02545
MCUCXR_0049_0,Montgomery,0,4,True,DCT,30,215552,7312,29.479212,0.271378,38.4213,0.962963,37.2055,38.8698,0.928959,0.973513,False,2.2691,2.3629,2.9565,2.9929,0.070845,0.030852
MCUCXR_0049_0,Montgomery,0,4,True,DCT,50,215552,10152,21.232467,0.376781,40.6226,0.97614,39.2378,41.1485,0.953237,0.983262,False,2.4466,2.5604,3.1886,3.2108,0.084451,0.040547
MCUCXR_0049_0,Montgomery,0,4,True,DCT,70,215552,13738,15.690202,0.509872,42.5268,0.943083,41.0775,43.0834,0.968697,0.934733,False,2.5696,2.6807,3.3368,3.3767,0.100068,0.057182
MCUCXR_0049_0,Montgomery,0,4,True,DCT,90,215552,24459,8.812789,0.907772,47.4187,0.993013,44.5762,48.8493,0.985391,0.995439,False,2.7808,2.8573,3.5325,3.5593,0.140538,0.099687
MCUCXR_0051_0,Montgomery,0,2,True,DCT,10,215552,3683,58.526201,0.136691,32.6383,0.866764,32.5387,32.6915,0.823394,0.886835,False,1.9578,2.1135,2.0894,2.1076,0.056628,0.018997
MCUCXR_0051_0,Montgomery,0,2,True,DCT,20,215552,6365,33.8652,0.236231,35.9335,0.927894,35.5574,36.1445,0.897143,0.943452,False,2.3151,2.3903,2.6839,2.7543,0.070045,0.028961
MCUCXR_0051_0,Montgomery,0,2,True,DCT,30,215552,8581,25.119683,0.318475,37.7613,0.95037,37.2852,38.0333,0.926929,0.962671,False,2.4797,2.5943,2.9741,3.0047,0.0789,0.036723
MCUCXR_0051_0,Montgomery,0,2,True,DCT,50,215552,12078,17.846663,0.448263,39.9386,0.96814,39.3041,40.3123,0.951833,0.976601,False,2.6545,2.7462,3.1825,3.2155,0.093491,0.050473
MCUCXR_0051_0,Montgomery,0,2,True,DCT,70,215552,16565,13.012496,0.614794,42.0848,0.977087,41.1059,42.7021,0.967385,0.981801,False,2.7661,2.8414,3.3186,3.3638,0.116008,0.06588
MCUCXR_0051_0,Montgomery,0,2,True,DCT,90,215552,30703,7.020552,1.139512,46.4029,0.990205,44.5305,47.8443,0.984318,0.993512,False,2.9789,3.0348,3.5208,3.5572,0.194737,0.118459
MCUCXR_0052_0,Montgomery,0,1,True,DCT,10,215552,2957,72.895502,0.109746,33.5966,0.90356,32.1879,33.8902,0.81835,0.91756,False,1.6182,1.6902,2.0285,2.058,0.053036,0.016294
MCUCXR_0052_0,Montgomery,0,1,True,DCT,20,215552,4916,43.84703,0.182452,36.8424,0.949973,35.3282,37.163,0.899202,0.958241,False,1.9812,2.0495,2.6027,2.6363,0.060508,0.022829
MCUCXR_0052_0,Montgomery,0,1,True,DCT,30,215552,6509,33.115993,0.241575,38.8758,0.96601,37.0637,39.2774,0.929673,0.971885,False,2.1618,2.2361,2.856,2.9138,0.065788,0.028599
MCUCXR_0052_0,Montgomery,0,1,True,DCT,50,215552,8969,24.033003,0.332876,41.2055,0.978242,39.1443,41.6806,0.954224,0.982154,False,2.3707,2.4637,3.1032,3.1323,0.083086,0.040893
MCUCXR_0052_0,Montgomery,0,1,True,DCT,70,215552,12079,17.845186,0.4483,42.9903,0.944385,40.9853,43.4483,0.969451,0.939631,False,2.5272,2.6197,3.267,3.3014,0.098644,0.049584
MCUCXR_0052_0,Montgomery,0,1,True,DCT,90,215552,21942,9.823717,0.814356,47.904,0.993104,44.4287,48.923,0.985625,0.994395,False,2.7862,2.8538,3.519,3.5434,0.135509,0.085382
MCUCXR_0053_0,Montgomery,0,0,True,DCT,10,215552,3032,71.092348,0.11253,33.4119,0.900344,32.3981,33.6437,0.821452,0.915571,False,1.6777,1.7497,2.0123,2.0401,0.053196,0.016086
MCUCXR_0053_0,Montgomery,0,0,True,DCT,20,215552,5127,42.04252,0.190284,36.6189,0.946198,35.4355,36.8964,0.898332,0.955429,False,2.0534,2.1442,2.5919,2.6343,0.062232,0.022697
MCUCXR_0053_0,Montgomery,0,0,True,DCT,30,215552,6810,31.652276,0.252746,38.4329,0.963126,37.1303,38.7441,0.927598,0.969873,False,2.2186,2.3166,2.8639,2.9147,0.068917,0.028072
MCUCXR_0053_0,Montgomery,0,0,True,DCT,50,215552,9377,22.987309,0.348018,40.8127,0.975918,39.1363,41.2371,0.952228,0.980493,False,2.4124,2.5156,3.0849,3.1137,0.082165,0.047422
MCUCXR_0053_0,Montgomery,0,0,True,DCT,70,215552,12739,16.920637,0.472795,42.6354,0.946533,41.0453,43.0326,0.968711,0.941649,False,2.565,2.6536,3.2496,3.2885,0.095687,0.049207
MCUCXR_0053_0,Montgomery,0,0,True,DCT,90,215552,23212,9.286231,0.86149,47.5881,0.99264,44.4539,48.6068,0.985082,0.994161,False,2.8173,2.8765,3.5104,3.5383,0.138748,0.087721
MCUCXR_0054_0,Montgomery,0,2,True,DCT,10,215552,3719,57.959667,0.138027,32.9804,0.890183,32.4754,33.1511,0.829627,0.909262,False,1.9251,2.0374,2.1625,2.1804,0.057318,0.018502
MCUCXR_0054_0,Montgomery,0,2,True,DCT,20,215552,6075,35.481811,0.225468,35.9174,0.935765,35.4619,36.0701,0.898903,0.946857,False,2.2861,2.3933,2.6962,2.7767,0.069118,0.0263
MCUCXR_0054_0,Montgomery,0,2,True,DCT,30,215552,7984,26.997996,0.296318,37.6729,0.956677,37.0617,37.883,0.927293,0.965766,False,2.4509,2.5663,2.9673,3.0042,0.075051,0.03424
MCUCXR_0054_0,Montgomery,0,2,True,DCT,50,215552,11103,19.413852,0.412077,39.9561,0.971371,39.126,40.2518,0.952546,0.977205,False,2.6422,2.7447,3.1824,3.2103,0.11089,0.047278
MCUCXR_0054_0,Montgomery,0,2,True,DCT,70,215552,15197,14.183852,0.564022,42.2938,0.967717,40.9301,42.8257,0.967933,0.966245,False,2.7704,2.862,3.3232,3.364,0.113281,0.057975
MCUCXR_0054_0,Montgomery,0,2,True,DCT,90,215552,27503,7.8374,1.020747,46.9268,0.991877,44.4238,48.1393,0.985005,0.994154,False,3.0418,3.1079,3.5143,3.5472,0.155407,0.099169
MCUCXR_0055_0,Montgomery,0,2,True,DCT,10,215552,3832,56.250522,0.142221,32.604,0.869233,32.1826,32.7574,0.822474,0.886182,False,1.8771,2.0254,2.2465,2.2576,0.058658,0.019998
MCUCXR_0055_0,Montgomery,0,2,True,DCT,20,215552,6511,33.105821,0.241649,35.8945,0.931427,35.3934,36.0793,0.901385,0.942361,False,2.252,2.342,2.775,2.8377,0.071216,0.030625
MCUCXR_0055_0,Montgomery,0,2,True,DCT,30,215552,8598,25.070016,0.319106,38.0142,0.954877,37.1449,38.355,0.930842,0.963419,False,2.4069,2.5056,3.0154,3.0407,0.080691,0.038126
MCUCXR_0055_0,Montgomery,0,2,True,DCT,50,215552,12018,17.935763,0.446036,40.2003,0.971265,39.2253,40.5895,0.955332,0.97698,False,2.5989,2.7196,3.209,3.2465,0.101645,0.047399
MCUCXR_0055_0,Montgomery,0,2,True,DCT,70,215552,16155,13.342742,0.599577,42.4182,0.973806,41.1939,42.9288,0.970624,0.972993,False,2.7235,2.8042,3.3286,3.3717,0.110357,0.063592
MCUCXR_0055_0,Montgomery,0,2,True,DCT,90,215552,29300,7.356724,1.087441,46.8658,0.991505,44.664,47.9722,0.986201,0.993457,False,2.9532,3.0239,3.5385,3.5727,0.167907,0.148327
MCUCXR_0056_0,Montgomery,0,1,True,DCT,10,215552,3436,62.733411,0.127524,33.3287,0.902553,32.0693,33.7625,0.818405,0.925699,False,1.7133,1.7621,2.2489,2.2639,0.056245,0.016386
MCUCXR_0056_0,Montgomery,0,1,True,DCT,20,215552,5622,38.340804,0.208655,36.4543,0.943417,35.1141,36.9223,0.898333,0.955572,False,2.0563,2.1221,2.7496,2.8132,0.063973,0.026027
MCUCXR_0056_0,Montgomery,0,1,True,DCT,30,215552,7287,29.580349,0.27045,38.2937,0.961928,36.8773,38.7947,0.928595,0.970895,False,2.1977,2.2485,2.9839,3.0198,0.070753,0.031392
MCUCXR_0056_0,Montgomery,0,1,True,DCT,50,215552,9968,21.624398,0.369952,40.5797,0.975357,38.909,41.1974,0.953197,0.981491,False,2.3692,2.4372,3.2039,3.2326,0.085182,0.040316
MCUCXR_0056_0,Montgomery,0,1,True,DCT,70,215552,13416,16.066786,0.497922,42.5557,0.941075,40.7458,43.2415,0.968439,0.933171,False,2.5063,2.5622,3.3533,3.3939,0.122325,0.055121
MCUCXR_0056_0,Montgomery,0,1,True,DCT,90,215552,23590,9.137431,0.87552,47.7047,0.993612,44.2576,49.5249,0.985316,0.996061,False,2.7427,2.8128,3.5586,3.5843,0.143557,0.094904
MCUCXR_0057_0,Montgomery,0,4,True,DCT,10,215552,3725,57.866309,0.13825,32.9125,0.889105,32.2775,33.1366,0.822805,0.910626,False,1.8327,1.9054,2.2919,2.3025,0.064366,0.01785
MCUCXR_0057_0,Montgomery,0,4,True,DCT,20,215552,6191,34.816992,0.229773,36.1721,0.937939,35.3217,36.483,0.899968,0.950298,False,2.1807,2.2842,2.8304,2.8911,0.068174,0.027704
MCUCXR_0057_0,Montgomery,0,4,True,DCT,30,215552,8110,26.578545,0.300995,38.0679,0.95844,37.0162,38.4657,0.928661,0.968281,False,2.348,2.457,3.0718,3.0995,0.075123,0.035463
MCUCXR_0057_0,Montgomery,0,4,True,DCT,50,215552,11131,19.365017,0.413116,40.3049,0.972511,39.0604,40.7915,0.95353,0.978807,False,2.5234,2.6262,3.2506,3.2765,0.137362,0.056809
MCUCXR_0057_0,Montgomery,0,4,True,DCT,70,215552,14988,14.381639,0.556265,42.2246,0.948391,40.9099,42.7451,0.968831,0.941427,False,2.6721,2.7426,3.3868,3.4303,0.108612,0.059301
MCUCXR_0057_0,Montgomery,0,4,True,DCT,90,215552,26639,8.091595,0.98868,46.9997,0.992366,44.349,48.3586,0.985228,0.994796,False,2.8803,2.9407,3.581,3.6095,0.151672,0.101187
MCUCXR_0058_0,Montgomery,0,1,True,DCT,10,215552,3309,65.14113,0.12281,33.4351,0.898072,32.283,33.7861,0.821083,0.917056,False,1.7609,1.832,2.1183,2.1397,0.080049,0.019099
MCUCXR_0058_0,Montgomery,0,1,True,DCT,20,215552,5547,38.859203,0.205871,36.6804,0.944716,35.4019,37.078,0.899936,0.956094,False,2.12,2.2137,2.6959,2.7582,0.063817,0.025794
MCUCXR_0058_0,Montgomery,0,1,True,DCT,30,215552,7330,29.406821,0.272046,38.5202,0.962328,37.1426,38.9556,0.929101,0.970839,False,2.3098,2.4015,2.9441,2.9788,0.071997,0.031571
MCUCXR_0058_0,Montgomery,0,1,True,DCT,50,215552,10141,21.255497,0.376373,40.7651,0.976239,39.161,41.2917,0.953662,0.982012,False,2.5048,2.6067,3.1647,3.1874,0.084965,0.042984
MCUCXR_0058_0,Montgomery,0,1,True,DCT,70,215552,13784,15.637841,0.51158,42.6679,0.951105,41.0653,43.1939,0.969205,0.946024,False,2.6606,2.7229,3.3045,3.3512,0.105541,0.058176
MCUCXR_0058_0,Montgomery,0,1,True,DCT,90,215552,24718,8.720447,0.917384,47.4732,0.993012,44.5994,48.6636,0.985796,0.994944,False,2.9086,2.9446,3.521,3.5497,0.161632,0.096097
MCUCXR_0059_0,Montgomery,0,1,True,DCT,10,215552,4111,52.432985,0.152576,32.4341,0.866273,32.3892,32.4511,0.834137,0.877555,False,1.9956,2.1315,2.2905,2.3032,0.065812,0.019067
MCUCXR_0059_0,Montgomery,0,1,True,DCT,20,215552,6800,31.698824,0.252375,35.7538,0.91939,35.4582,35.8702,0.904149,0.924655,False,2.3457,2.4372,2.7997,2.8541,0.092554,0.02975
MCUCXR_0059_0,Montgomery,0,1,True,DCT,30,215552,8911,24.189429,0.330723,37.7081,0.947642,37.142,37.9415,0.930617,0.953747,False,2.515,2.6173,3.0147,3.0464,0.080581,0.039185
MCUCXR_0059_0,Montgomery,0,1,True,DCT,50,215552,12458,17.302296,0.462366,40.0132,0.965842,39.0604,40.4331,0.95315,0.97056,False,2.6877,2.7904,3.2033,3.2428,0.103533,0.054333
MCUCXR_0059_0,Montgomery,0,1,True,DCT,70,215552,16968,12.703442,0.629751,42.2065,0.972884,40.9331,42.8013,0.968541,0.973851,False,2.8263,2.9154,3.3155,3.3579,0.119846,0.071754
MCUCXR_0059_0,Montgomery,0,1,True,DCT,90,215552,30646,7.03361,1.137396,46.4957,0.991275,44.2464,47.7739,0.984639,0.993938,False,3.0373,3.0837,3.5153,3.5506,0.185537,0.124212
MCUCXR_0060_0,Montgomery,0,4,True,DCT,10,215552,2790,77.258781,0.103548,34.7111,0.933361,31.3084,35.3176,0.826759,0.946315,False,1.3975,1.5578,2.0055,2.059,0.054699,0.015933
MCUCXR_0060_0,Montgomery,0,4,True,DCT,20,215552,4276,50.409729,0.1587,37.8495,0.961985,34.2503,38.5119,0.898373,0.969163,False,1.6368,1.7476,2.5909,2.6222,0.0587,0.020887
MCUCXR_0060_0,Montgomery,0,4,True,DCT,30,215552,5438,39.638102,0.201826,39.8962,0.975111,35.845,40.7001,0.926912,0.980759,False,1.7297,1.834,2.8661,2.9211,0.063375,0.02424
MCUCXR_0060_0,Montgomery,0,4,True,DCT,50,215552,7214,29.879678,0.26774,42.3246,0.984624,37.7259,43.3286,0.951164,0.988506,False,1.842,1.936,3.1351,3.1728,0.089479,0.032387
MCUCXR_0060_0,Montgomery,0,4,True,DCT,70,215552,9387,22.962821,0.348389,43.6858,0.915716,39.5975,44.5022,0.967405,0.909308,False,1.9113,1.9729,3.308,3.3223,0.079765,0.039417
MCUCXR_0060_0,Montgomery,0,4,True,DCT,90,215552,15957,13.508304,0.592228,49.3408,0.996391,43.0814,51.2359,0.984302,0.997795,False,2.0526,2.1026,3.565,3.5955,0.125161,0.067269
MCUCXR_0061_0,Montgomery,0,3,True,DCT,10,215552,3869,55.712587,0.143594,32.886,0.881593,31.6889,33.083,0.808158,0.893559,False,1.817,1.8682,2.4387,2.4616,0.058724,0.018244
MCUCXR_0061_0,Montgomery,0,3,True,DCT,20,215552,6046,35.652001,0.224391,36.0115,0.947014,34.6842,36.234,0.888881,0.956356,False,2.1425,2.1916,2.9264,3.0059,0.068251,0.02684
MCUCXR_0061_0,Montgomery,0,3,True,DCT,30,215552,7772,27.734431,0.28845,38.0234,0.963843,36.4107,38.3052,0.922909,0.970366,False,2.2984,2.365,3.1911,3.2183,0.076429,0.033432
MCUCXR_0061_0,Montgomery,0,3,True,DCT,50,215552,10346,20.834332,0.383982,40.6978,0.976034,38.4477,41.1306,0.949367,0.980286,False,2.4819,2.5713,3.3743,3.3923,0.097203,0.041965
MCUCXR_0061_0,Montgomery,0,3,True,DCT,70,215552,13722,15.708497,0.509279,42.901,0.952747,40.239,43.4472,0.965929,0.949239,False,2.6198,2.7081,3.5254,3.5579,0.109669,0.056381
MCUCXR_0061_0,Montgomery,0,3,True,DCT,90,215552,23497,9.173597,0.872068,48.0939,0.994326,43.7891,49.2673,0.984162,0.995886,False,2.8688,2.9228,3.6825,3.7036,0.132901,0.083728
MCUCXR_0062_0,Montgomery,0,0,True,DCT,10,215552,3506,61.48089,0.130122,33.2025,0.897923,32.2564,33.4781,0.822299,0.917729,False,1.7935,1.8827,2.2065,2.2216,0.059963,0.022596
MCUCXR_0062_0,Montgomery,0,0,True,DCT,20,215552,5809,37.106559,0.215595,36.3952,0.944032,35.3336,36.7102,0.898531,0.955711,False,2.1565,2.2609,2.7457,2.8152,0.067685,0.026705
MCUCXR_0062_0,Montgomery,0,0,True,DCT,30,215552,7608,28.332282,0.282363,38.3478,0.962708,37.1239,38.7205,0.930617,0.971088,False,2.3169,2.4183,2.9863,3.0217,0.082259,0.0344
MCUCXR_0062_0,Montgomery,0,0,True,DCT,50,215552,10435,20.656636,0.387285,40.7099,0.976143,39.1967,41.1933,0.955313,0.981615,False,2.4947,2.6103,3.1719,3.1977,0.08303,0.039635
MCUCXR_0062_0,Montgomery,0,0,True,DCT,70,215552,14064,15.326507,0.521971,42.7322,0.951051,41.1402,43.2475,0.970709,0.944857,False,2.6342,2.7335,3.3151,3.3618,0.096691,0.054834
MCUCXR_0062_0,Montgomery,0,0,True,DCT,90,215552,24930,8.64629,0.925252,47.6147,0.993184,44.6033,48.8804,0.986253,0.99502,False,2.8814,2.9357,3.5359,3.5627,0.144631,0.09215
MCUCXR_0063_0,Montgomery,0,4,True,DCT,10,215552,3492,61.727377,0.129602,33.0227,0.870857,32.5681,33.1932,0.819069,0.88908,False,1.8399,1.9278,2.1615,2.1779,0.062896,0.018846
MCUCXR_0063_0,Montgomery,0,4,True,DCT,20,215552,5850,36.846496,0.217117,36.1551,0.928829,35.7261,36.3153,0.899545,0.938865,False,2.2289,2.2998,2.6896,2.7584,0.064548,0.024794
MCUCXR_0063_0,Montgomery,0,4,True,DCT,30,215552,7775,27.72373,0.288561,38.1552,0.953116,37.4386,38.4358,0.928747,0.961425,False,2.42,2.4991,2.9477,2.9772,0.072049,0.031713
MCUCXR_0063_0,Montgomery,0,4,True,DCT,50,215552,10915,19.748236,0.405099,40.3779,0.969692,39.524,40.7202,0.95383,0.975083,False,2.6248,2.694,3.165,3.1916,0.086446,0.051095
MCUCXR_0063_0,Montgomery,0,4,True,DCT,70,215552,14921,14.446217,0.553778,42.6445,0.974274,41.3835,43.1874,0.968966,0.974849,False,2.7718,2.8479,3.3075,3.3618,0.128511,0.06083
MCUCXR_0063_0,Montgomery,0,4,True,DCT,90,215552,27453,7.851674,1.018891,47.1234,0.991112,44.8028,48.3517,0.985311,0.993242,False,3.0474,3.1123,3.5171,3.5491,0.161038,0.10284
MCUCXR_0064_0,Montgomery,0,2,True,DCT,10,215552,3376,63.848341,0.125297,33.4035,0.88521,32.4241,33.7394,0.826508,0.902614,False,1.7867,1.8735,2.1003,2.1154,0.05241,0.015897
MCUCXR_0064_0,Montgomery,0,2,True,DCT,20,215552,5646,38.177825,0.209546,36.3711,0.937024,35.437,36.689,0.901074,0.947783,False,2.1408,2.2821,2.6478,2.7245,0.06253,0.024714
MCUCXR_0064_0,Montgomery,0,2,True,DCT,30,215552,7481,28.81326,0.27765,38.332,0.956796,37.1572,38.7481,0.930056,0.964851,False,2.3263,2.4372,2.9224,2.9611,0.07186,0.031995
MCUCXR_0064_0,Montgomery,0,2,True,DCT,50,215552,10420,20.686372,0.386728,40.6049,0.971612,39.1685,41.1369,0.953943,0.976856,False,2.5236,2.6052,3.15,3.1789,0.089219,0.044333
MCUCXR_0064_0,Montgomery,0,2,True,DCT,70,215552,14288,15.086226,0.530285,42.6559,0.964104,41.0908,43.2488,0.969817,0.961106,False,2.6581,2.709,3.3117,3.3626,0.102959,0.060266
MCUCXR_0064_0,Montgomery,0,2,True,DCT,90,215552,25983,8.295886,0.964333,47.3426,0.992276,44.6523,48.6057,0.98626,0.99416,False,2.935,2.9953,3.5455,3.5758,0.154602,0.104656
MCUCXR_0068_0,Montgomery,0,2,True,DCT,10,215552,3181,67.762339,0.11806,33.3256,0.889163,32.8042,33.4898,0.822065,0.908316,False,1.6667,1.7465,2.1347,2.1552,0.051429,0.015666
MCUCXR_0068_0,Montgomery,0,2,True,DCT,20,215552,5332,40.426107,0.197892,36.6026,0.94082,36.0089,36.7917,0.900872,0.951858,False,2.0522,2.1613,2.6804,2.7294,0.062323,0.023383
MCUCXR_0068_0,Montgomery,0,2,True,DCT,30,215552,7036,30.635588,0.261134,38.3967,0.959833,37.6812,38.629,0.928576,0.968547,False,2.2239,2.3228,2.9285,2.9666,0.069356,0.029234
MCUCXR_0068_0,Montgomery,0,2,True,DCT,50,215552,9729,22.155617,0.361082,40.8153,0.974131,39.7665,41.1747,0.953693,0.979747,False,2.4478,2.5646,3.1586,3.1822,0.080166,0.039677
MCUCXR_0068_0,Montgomery,0,2,True,DCT,70,215552,13387,16.101591,0.496845,42.7845,0.962542,41.5994,43.1999,0.969049,0.959961,False,2.5956,2.679,3.3339,3.3785,0.118401,0.05315
MCUCXR_0068_0,Montgomery,0,2,True,DCT,90,215552,24348,8.852965,0.903652,47.6343,0.99252,45.0528,48.8042,0.985532,0.994667,False,2.9303,2.9829,3.5481,3.5756,0.158597,0.092212
MCUCXR_0069_0,Montgomery,0,4,True,DCT,10,215552,3625,59.462621,0.134538,32.9948,0.870079,32.7916,33.0803,0.818398,0.891321,False,1.9019,2.0483,2.1238,2.1392,0.081409,0.019142
MCUCXR_0069_0,Montgomery,0,4,True,DCT,20,215552,6171,34.929833,0.229031,36.1501,0.930037,35.8649,36.2719,0.89674,0.943437,False,2.2791,2.3564,2.7149,2.7876,0.068479,0.028571
MCUCXR_0069_0,Montgomery,0,4,True,DCT,30,215552,8147,26.457837,0.302368,37.985,0.951417,37.5555,38.1729,0.92639,0.961599,False,2.4094,2.5062,2.9658,2.9917,0.076558,0.035918
MCUCXR_0069_0,Montgomery,0,4,True,DCT,50,215552,11474,18.786125,0.425846,40.2485,0.968587,39.5571,40.565,0.951123,0.975753,False,2.609,2.709,3.1626,3.1946,0.096057,0.048657
MCUCXR_0069_0,Montgomery,0,4,True,DCT,70,215552,15847,13.60207,0.588146,42.4883,0.97157,41.4168,43.0137,0.967445,0.972395,False,2.7686,2.8449,3.2984,3.3444,0.105398,0.059071
MCUCXR_0069_0,Montgomery,0,4,True,DCT,90,215552,29232,7.373837,1.084917,46.7969,0.990643,44.8736,47.9143,0.984618,0.993254,False,2.9829,3.0357,3.5117,3.5488,0.16352,0.106952
MCUCXR_0070_0,Montgomery,0,4,True,DCT,10,215552,3074,70.121015,0.114088,33.6902,0.898405,32.5901,33.9788,0.822146,0.916193,False,1.7547,1.8093,1.9783,2.0094,0.053689,0.015233
MCUCXR_0070_0,Montgomery,0,4,True,DCT,20,215552,5192,41.516179,0.192696,36.8808,0.94591,35.5401,37.2461,0.897019,0.956774,False,2.1213,2.2102,2.6004,2.6505,0.066061,0.024341
MCUCXR_0070_0,Montgomery,0,4,True,DCT,30,215552,6833,31.545734,0.2536,38.7132,0.961577,37.2517,39.1191,0.926312,0.969706,False,2.2737,2.3376,2.8677,2.916,0.066866,0.029685
MCUCXR_0070_0,Montgomery,0,4,True,DCT,50,215552,9455,22.797673,0.350913,40.9055,0.975556,39.1823,41.405,0.95075,0.981117,False,2.4689,2.5613,3.1179,3.1427,0.075535,0.036729
MCUCXR_0070_0,Montgomery,0,4,True,DCT,70,215552,12895,16.715936,0.478585,42.8278,0.953408,40.9672,43.3795,0.966557,0.949222,False,2.6159,2.6896,3.2757,3.3146,0.092633,0.050073
MCUCXR_0070_0,Montgomery,0,4,True,DCT,90,215552,23474,9.182585,0.871214,47.5718,0.992657,44.3471,48.7959,0.984064,0.994684,False,2.8726,2.926,3.5207,3.5476,0.143905,0.090408
MCUCXR_0071_0,Montgomery,0,3,True,DCT,10,215552,3720,57.944086,0.138064,32.8427,0.876485,32.4217,33.0015,0.820013,0.895946,False,1.9009,2.0254,2.1893,2.2028,0.058301,0.01819
MCUCXR_0071_0,Montgomery,0,3,True,DCT,20,215552,6273,34.361868,0.232816,35.9747,0.928023,35.5646,36.129,0.897502,0.937289,False,2.2642,2.367,2.7476,2.8113,0.065034,0.026286
MCUCXR_0071_0,Montgomery,0,3,True,DCT,30,215552,8234,26.178285,0.305597,37.9853,0.95287,37.2785,38.2647,0.927283,0.961078,False,2.42,2.5277,2.9786,3.0048,0.072941,0.033267
MCUCXR_0071_0,Montgomery,0,3,True,DCT,50,215552,11504,18.737135,0.42696,40.2132,0.970138,39.2965,40.5888,0.952061,0.976247,False,2.611,2.7188,3.196,3.2248,0.10685,0.045188
MCUCXR_0071_0,Montgomery,0,3,True,DCT,70,215552,15621,13.798861,0.579758,42.3162,0.96997,41.2543,42.7625,0.968486,0.969763,False,2.7413,2.8243,3.3216,3.367,0.10411,0.061434
MCUCXR_0071_0,Montgomery,0,3,True,DCT,90,215552,28364,7.599492,1.052702,46.9265,0.991711,44.8125,48.0115,0.98543,0.994087,False,2.9894,3.0566,3.5492,3.5792,0.163291,0.107221
MCUCXR_0072_0,Montgomery,0,1,True,DCT,10,215552,3311,65.101782,0.122885,33.4708,0.886062,33.2535,33.5483,0.836176,0.903279,False,1.8038,1.8809,2.1085,2.1268,0.052593,0.017403
MCUCXR_0072_0,Montgomery,0,1,True,DCT,20,215552,5439,39.630814,0.201863,36.8325,0.940727,36.5144,36.9478,0.908015,0.951732,False,2.1802,2.286,2.6417,2.6921,0.062317,0.026744
MCUCXR_0072_0,Montgomery,0,1,True,DCT,30,215552,7184,30.004454,0.266627,38.6096,0.95886,38.1242,38.7904,0.932949,0.967755,False,2.3416,2.4428,2.898,2.9412,0.071551,0.031044
MCUCXR_0072_0,Montgomery,0,1,True,DCT,50,215552,10029,21.492871,0.372216,40.9095,0.973493,40.1683,41.1976,0.955731,0.97955,False,2.5532,2.6406,3.1571,3.1809,0.08239,0.04135
MCUCXR_0072_0,Montgomery,0,1,True,DCT,70,215552,13740,15.687918,0.509947,42.8942,0.961479,41.9826,43.2589,0.970015,0.957837,False,2.6947,2.7559,3.311,3.3554,0.097314,0.055167
MCUCXR_0072_0,Montgomery,0,1,True,DCT,90,215552,25220,8.546868,0.936015,47.4856,0.991876,45.2796,48.6108,0.985343,0.994228,False,2.9445,2.9997,3.542,3.574,0.146184,0.105235
MCUCXR_0074_0,Montgomery,0,1,True,DCT,10,215552,3012,71.564409,0.111787,33.3337,0.899779,32.4009,33.5709,0.813315,0.918099,False,1.6539,1.7158,2.045,2.0754,0.052018,0.014608
MCUCXR_0074_0,Montgomery,0,1,True,DCT,20,215552,5085,42.389774,0.188725,36.3273,0.943288,35.3958,36.5642,0.891676,0.954674,False,2.0255,2.0982,2.6647,2.707,0.059867,0.023112
MCUCXR_0074_0,Montgomery,0,1,True,DCT,30,215552,6739,31.985755,0.250111,38.5316,0.963598,37.1029,38.9241,0.923441,0.972331,False,2.2097,2.2527,2.925,2.9682,0.07254,0.030085
MCUCXR_0074_0,Montgomery,0,1,True,DCT,50,215552,9245,23.315522,0.343119,40.7792,0.975325,38.9969,41.2978,0.948695,0.981178,False,2.4233,2.4994,3.1433,3.1622,0.077363,0.038686
MCUCXR_0074_0,Montgomery,0,1,True,DCT,70,215552,12595,17.114093,0.467451,42.7726,0.95322,40.8576,43.3423,0.965847,0.949651,False,2.5702,2.6589,3.3007,3.3419,0.090016,0.047835
MCUCXR_0074_0,Montgomery,0,1,True,DCT,90,215552,22876,9.422626,0.84902,47.5758,0.992456,44.2106,48.8814,0.983678,0.994497,False,2.9061,2.9602,3.5283,3.5563,0.135273,0.092403
MCUCXR_0075_0,Montgomery,0,4,True,DCT,10,215552,3758,57.358169,0.139474,32.9135,0.888034,32.3055,33.1171,0.823881,0.908676,False,1.8921,1.9929,2.2399,2.2548,0.05597,0.019004
MCUCXR_0075_0,Montgomery,0,4,True,DCT,20,215552,6216,34.676963,0.230701,36.0856,0.938315,35.3454,36.3387,0.898546,0.950803,False,2.2712,2.37,2.7644,2.8381,0.063732,0.026065
MCUCXR_0075_0,Montgomery,0,4,True,DCT,30,215552,8114,26.565442,0.301143,37.9987,0.958189,37.1024,38.313,0.928126,0.967775,False,2.4445,2.559,3.0035,3.0368,0.070743,0.033008
MCUCXR_0075_0,Montgomery,0,4,True,DCT,50,215552,11141,19.347635,0.413487,40.3836,0.973254,39.0818,40.8725,0.952328,0.979718,False,2.6122,2.6807,3.2055,3.2361,0.109725,0.042225
MCUCXR_0075_0,Montgomery,0,4,True,DCT,70,215552,15067,14.306232,0.559197,42.4427,0.958056,41.0095,42.9935,0.968781,0.953289,False,2.723,2.7866,3.3289,3.3742,0.111473,0.055814
MCUCXR_0075_0,Montgomery,0,4,True,DCT,90,215552,26970,7.992288,1.000965,47.1589,0.992226,44.4356,48.5001,0.985006,0.994586,False,2.9733,3.0274,3.5357,3.566,0.146953,0.098654
MCUCXR_0077_0,Montgomery,0,1,True,DCT,10,215552,3879,55.568961,0.143965,33.1774,0.914101,31.8931,33.4162,0.819865,0.930064,False,1.7404,1.8396,2.4936,2.5239,0.058867,0.021369
MCUCXR_0077_0,Montgomery,0,1,True,DCT,20,215552,5869,36.727211,0.217822,36.0686,0.949012,34.7951,36.305,0.894231,0.958366,False,2.0188,2.0702,2.9724,3.0346,0.064076,0.025574
MCUCXR_0077_0,Montgomery,0,1,True,DCT,30,215552,7492,28.770956,0.278058,38.3197,0.966022,36.4118,38.709,0.922863,0.973303,False,2.1682,2.2288,3.2135,3.2457,0.070122,0.031658
MCUCXR_0077_0,Montgomery,0,1,True,DCT,50,215552,9908,21.755349,0.367726,40.5681,0.978385,38.3824,41.0338,0.94812,0.983514,False,2.3011,2.3482,3.4033,3.4151,0.079604,0.039574
MCUCXR_0077_0,Montgomery,0,1,True,DCT,70,215552,13024,16.550369,0.483373,42.6048,0.935825,40.2019,43.1347,0.964815,0.930061,False,2.4203,2.4673,3.5116,3.5375,0.090517,0.04909
MCUCXR_0077_0,Montgomery,0,1,True,DCT,90,215552,22005,9.795592,0.816694,47.8741,0.994902,43.6405,49.1618,0.982825,0.996909,False,2.6148,2.6409,3.6792,3.7003,0.128281,0.081714
MCUCXR_0079_0,Montgomery,0,1,True,DCT,10,215552,3601,59.858928,0.133648,32.7497,0.856384,32.5138,32.8814,0.823917,0.871754,False,1.8459,2.0345,2.0513,2.0685,0.055128,0.017067
MCUCXR_0079_0,Montgomery,0,1,True,DCT,20,215552,6346,33.966593,0.235526,36.0325,0.923864,35.6559,36.2483,0.90052,0.935441,False,2.2053,2.3146,2.6639,2.7319,0.06598,0.026955
MCUCXR_0079_0,Montgomery,0,1,True,DCT,30,215552,8586,25.105055,0.318661,37.8164,0.946699,37.3617,38.0809,0.929334,0.955807,False,2.3727,2.4752,2.9398,2.9685,0.093828,0.036041
MCUCXR_0079_0,Montgomery,0,1,True,DCT,50,215552,12177,17.701569,0.451937,40.0262,0.965854,39.3366,40.4458,0.953004,0.972609,False,2.5394,2.6347,3.1468,3.1912,0.090936,0.04831
MCUCXR_0079_0,Montgomery,0,1,True,DCT,70,215552,16886,12.765131,0.626707,42.0939,0.974766,41.1633,42.6882,0.968415,0.97732,False,2.6489,2.7214,3.2873,3.3312,0.109812,0.065857
MCUCXR_0079_0,Montgomery,0,1,True,DCT,90,215552,31742,6.79075,1.178073,46.1892,0.989203,44.53,47.4328,0.984875,0.991697,False,2.8295,2.8688,3.4987,3.5332,0.17584,0.120632
MCUCXR_0080_0,Montgomery,0,0,True,DCT,10,215552,4260,50.599061,0.158106,32.2743,0.879176,31.115,32.4443,0.813142,0.889773,False,1.785,1.8771,2.6399,2.6693,0.078529,0.018927
MCUCXR_0080_0,Montgomery,0,0,True,DCT,20,215552,6376,33.806775,0.236639,35.544,0.929589,34.1552,35.7543,0.891787,0.935218,False,2.0465,2.0973,3.0273,3.0859,0.063755,0.02693
MCUCXR_0080_0,Montgomery,0,0,True,DCT,30,215552,7966,27.059001,0.29565,37.6942,0.957392,35.7844,38.0061,0.923086,0.962271,False,2.1874,2.2388,3.2279,3.2527,0.070471,0.032213
MCUCXR_0080_0,Montgomery,0,0,True,DCT,50,215552,10459,20.609236,0.388175,40.0076,0.973013,37.7326,40.4,0.948328,0.976489,False,2.3268,2.3753,3.3925,3.4088,0.086168,0.043566
MCUCXR_0080_0,Montgomery,0,0,True,DCT,70,215552,13635,15.808728,0.50605,42.1513,0.95085,39.5198,42.6307,0.965338,0.947509,False,2.4412,2.495,3.5292,3.5616,0.095317,0.05112
MCUCXR_0080_0,Montgomery,0,0,True,DCT,90,215552,22863,9.427984,0.848538,47.6966,0.994931,43.2299,48.8062,0.984143,0.996412,False,2.6681,2.7205,3.724,3.7464,0.131162,0.082982
MCUCXR_0081_0,Montgomery,0,3,True,DCT,10,215552,3903,55.227261,0.144856,32.6551,0.885665,32.3145,32.7824,0.823212,0.908231,False,1.8974,1.9829,2.3112,2.3239,0.054614,0.019307
MCUCXR_0081_0,Montgomery,0,3,True,DCT,20,215552,6452,33.408555,0.23946,35.8007,0.931247,35.4635,35.9267,0.900066,0.940164,False,2.2384,2.3511,2.8102,2.8691,0.066947,0.02761
MCUCXR_0081_0,Montgomery,0,3,True,DCT,30,215552,8449,25.512132,0.313576,37.7677,0.955555,37.1758,37.9983,0.929257,0.964146,False,2.4172,2.5348,3.0106,3.0348,0.074646,0.034548
MCUCXR_0081_0,Montgomery,0,3,True,DCT,50,215552,11691,18.437431,0.4339,40.1348,0.971711,39.2687,40.4882,0.954215,0.977627,False,2.606,2.686,3.2252,3.2578,0.087416,0.048678
MCUCXR_0081_0,Montgomery,0,3,True,DCT,70,215552,15792,13.649443,0.586105,42.1759,0.958894,41.1054,42.6286,0.969298,0.954673,False,2.7186,2.7871,3.3589,3.4015,0.105285,0.059889
MCUCXR_0081_0,Montgomery,0,3,True,DCT,90,215552,28146,7.658353,1.044611,46.9077,0.99241,44.5667,48.1744,0.985547,0.994992,False,2.9641,3.0121,3.5528,3.5841,0.15746,0.117328
MCUCXR_0082_0,Montgomery,0,4,True,DCT,10,215552,3641,59.201318,0.135132,32.8696,0.884283,32.585,32.9703,0.82281,0.905305,False,1.8815,1.9744,2.2003,2.2119,0.056773,0.018056
MCUCXR_0082_0,Montgomery,0,4,True,DCT,20,215552,6103,35.319023,0.226507,35.9859,0.935468,35.668,36.099,0.898752,0.947868,False,2.2514,2.3379,2.7444,2.8168,0.066349,0.028447
MCUCXR_0082_0,Montgomery,0,4,True,DCT,30,215552,8035,26.826633,0.298211,37.876,0.956203,37.4069,38.047,0.928394,0.965707,False,2.4019,2.4923,2.9866,3.0146,0.073308,0.033084
MCUCXR_0082_0,Montgomery,0,4,True,DCT,50,215552,11177,19.285318,0.414823,40.28,0.972282,39.5024,40.5783,0.953687,0.97867,False,2.6119,2.6893,3.1666,3.1969,0.086364,0.043137
MCUCXR_0082_0,Montgomery,0,4,True,DCT,70,215552,15215,14.167072,0.56469,42.3483,0.964218,41.4186,42.7142,0.969234,0.961541,False,2.7488,2.8131,3.3086,3.3537,0.106634,0.069241
MCUCXR_0082_0,Montgomery,0,4,True,DCT,90,215552,27595,7.81127,1.024161,47.1399,0.991903,44.9193,48.2523,0.98563,0.994159,False,2.9742,3.0481,3.5189,3.5498,0.154389,0.101163
MCUCXR_0083_0,Montgomery,0,1,True,DCT,10,215552,3496,61.656751,0.129751,33.1993,0.862143,32.8846,33.3605,0.831502,0.874331,False,1.9421,2.115,1.9893,2.0065,0.054959,0.018534
MCUCXR_0083_0,Montgomery,0,1,True,DCT,20,215552,5923,36.392369,0.219826,36.3828,0.922331,35.9497,36.6095,0.902393,0.9304,False,2.296,2.3897,2.5804,2.6568,0.062191,0.026404
MCUCXR_0083_0,Montgomery,0,1,True,DCT,30,215552,7902,27.278157,0.293275,38.2284,0.947359,37.6262,38.5536,0.929695,0.95505,False,2.4448,2.5855,2.8639,2.9024,0.073081,0.031616
MCUCXR_0083_0,Montgomery,0,1,True,DCT,50,215552,11202,19.242278,0.415751,40.4483,0.966501,39.5847,40.9383,0.95283,0.972774,False,2.6335,2.7488,3.1234,3.1556,0.09128,0.0442
MCUCXR_0083_0,Montgomery,0,1,True,DCT,70,215552,15465,13.938054,0.573968,42.7037,0.979757,41.3681,43.5372,0.967825,0.985744,False,2.7641,2.862,3.2812,3.3301,0.127433,0.05917
MCUCXR_0083_0,Montgomery,0,1,True,DCT,90,215552,28845,7.472768,1.070554,46.8201,0.990651,44.7656,48.3284,0.98463,0.993777,False,2.9611,3.0333,3.4964,3.5328,0.164785,0.106861
MCUCXR_0084_0,Montgomery,0,1,True,DCT,10,215552,3298,65.358399,0.122402,33.4931,0.883272,32.6121,33.7443,0.824401,0.897593,False,1.8525,1.9679,1.9614,1.9826,0.051933,0.016419
MCUCXR_0084_0,Montgomery,0,1,True,DCT,20,215552,5618,38.368103,0.208507,36.7891,0.938542,35.769,37.0862,0.89885,0.948082,False,2.2295,2.3116,2.5676,2.6409,0.06184,0.023396
MCUCXR_0084_0,Montgomery,0,1,True,DCT,30,215552,7462,28.886626,0.276945,38.7067,0.957918,37.3871,39.1102,0.926867,0.965897,False,2.4073,2.4959,2.8721,2.91,0.068601,0.031079
MCUCXR_0084_0,Montgomery,0,1,True,DCT,50,215552,10473,20.581686,0.388695,41.024,0.97302,39.2958,41.5896,0.950966,0.978723,False,2.6145,2.7025,3.1189,3.1479,0.083066,0.042099
MCUCXR_0084_0,Montgomery,0,1,True,DCT,70,215552,14360,15.010585,0.532957,43.0214,0.976045,41.167,43.6415,0.96726,0.977398,False,2.7437,2.8302,3.2817,3.3286,0.100186,0.054064
MCUCXR_0084_0,Montgomery,0,1,True,DCT,90,215552,26736,8.062238,0.99228,47.1778,0.991449,44.4666,48.2378,0.984197,0.993413,False,3.017,3.0932,3.5224,3.5514,0.176892,0.101982
MCUCXR_0085_0,Montgomery,0,4,True,DCT,10,215552,3576,60.277405,0.13272,32.9543,0.884849,32.617,33.0654,0.828688,0.902468,False,1.8773,1.995,2.1383,2.1528,0.056121,0.016819
MCUCXR_0085_0,Montgomery,0,4,True,DCT,20,215552,5963,36.148248,0.221311,36.1332,0.936221,35.7007,36.2778,0.902288,0.946617,False,2.2491,2.3461,2.7142,2.7939,0.064971,0.027353
MCUCXR_0085_0,Montgomery,0,4,True,DCT,30,215552,7884,27.340436,0.292607,38.2695,0.957715,37.3882,38.5866,0.930904,0.966032,False,2.4404,2.559,2.9765,3.0104,0.092276,0.039738
MCUCXR_0085_0,Montgomery,0,4,True,DCT,50,215552,10936,19.710315,0.405879,40.4975,0.972615,39.4691,40.8766,0.954762,0.978196,False,2.6368,2.758,3.1868,3.2134,0.086646,0.045301
MCUCXR_0085_0,Montgomery,0,4,True,DCT,70,215552,14938,14.429776,0.554409,42.6976,0.978714,41.2793,43.2569,0.969397,0.980552,False,2.7839,2.8791,3.3311,3.3757,0.103124,0.058147
MCUCXR_0085_0,Montgomery,0,4,True,DCT,90,215552,27459,7.849958,1.019114,47.1533,0.991641,44.6943,48.3354,0.985431,0.993722,False,3.059,3.1297,3.5473,3.5774,0.154969,0.10115
MCUCXR_0086_0,Montgomery,0,2,True,DCT,10,215552,2995,71.970618,0.111156,33.6824,0.90741,32.6253,33.9596,0.826451,0.925058,False,1.6155,1.6772,2.0554,2.0853,0.072864,0.014852
MCUCXR_0086_0,Montgomery,0,2,True,DCT,20,215552,4996,43.144916,0.185422,36.9043,0.950072,35.7787,37.2027,0.902856,0.960107,False,1.9998,2.0675,2.626,2.6618,0.058646,0.02184
MCUCXR_0086_0,Montgomery,0,2,True,DCT,30,215552,6555,32.8836,0.243282,38.8024,0.966626,37.5392,39.1445,0.93165,0.974352,False,2.1589,2.2067,2.8773,2.935,0.066545,0.031977
MCUCXR_0086_0,Montgomery,0,2,True,DCT,50,215552,8995,23.963535,0.333841,41.2175,0.978332,39.6025,41.6803,0.955113,0.983497,False,2.3482,2.3974,3.1248,3.1516,0.078953,0.037756
MCUCXR_0086_0,Montgomery,0,2,True,DCT,70,215552,12136,17.761371,0.450416,43.1902,0.945721,41.5696,43.6549,0.970964,0.939477,False,2.4966,2.5545,3.289,3.324,0.092491,0.048667
MCUCXR_0086_0,Montgomery,0,2,True,DCT,90,215552,21655,9.953914,0.803704,48.3069,0.993764,45.1301,49.5098,0.986676,0.995415,False,2.7796,2.8597,3.5293,3.553,0.128992,0.089289
MCUCXR_0087_0,Montgomery,0,0,True,DCT,10,215552,3982,54.131592,0.147788,32.5269,0.888668,31.8958,32.775,0.820755,0.914624,False,1.9577,2.0867,2.2615,2.2772,0.054298,0.017061
MCUCXR_0087_0,Montgomery,0,0,True,DCT,20,215552,6661,32.360306,0.247216,35.6239,0.937677,34.9038,35.9113,0.89727,0.952728,False,2.3061,2.4351,2.8065,2.8593,0.069083,0.026607
MCUCXR_0087_0,Montgomery,0,0,True,DCT,30,215552,8696,24.787489,0.322743,37.5354,0.957751,36.5696,37.9375,0.926574,0.969478,False,2.4642,2.5657,3.0205,3.0496,0.075601,0.037455
MCUCXR_0087_0,Montgomery,0,0,True,DCT,50,215552,11979,17.994156,0.444589,39.7463,0.972689,38.507,40.2879,0.951041,0.980817,False,2.621,2.6966,3.2107,3.2446,0.09542,0.048487
MCUCXR_0087_0,Montgomery,0,0,True,DCT,70,215552,16187,13.316365,0.600765,41.7374,0.954432,40.2974,42.3904,0.966768,0.948304,False,2.7252,2.7933,3.3358,3.3794,0.111466,0.072443
MCUCXR_0087_0,Montgomery,0,0,True,DCT,90,215552,28834,7.475619,1.070145,46.3252,0.991744,43.6591,47.88,0.984074,0.994646,False,2.9494,2.9968,3.5405,3.572,0.160537,0.106977
MCUCXR_0089_0,Montgomery,0,1,True,DCT,10,215552,3173,67.933186,0.117763,33.212,0.859688,32.9814,33.3541,0.814231,0.884193,False,1.8335,2.0304,1.8567,1.8927,0.051138,0.014946
MCUCXR_0089_0,Montgomery,0,1,True,DCT,20,215552,5616,38.381766,0.208432,36.4864,0.923083,36.0515,36.7652,0.892321,0.940454,False,2.1992,2.3128,2.5553,2.6224,0.061909,0.025279
MCUCXR_0089_0,Montgomery,0,1,True,DCT,30,215552,7708,27.964712,0.286075,38.4097,0.946011,37.7043,38.8871,0.922557,0.959659,False,2.3447,2.4649,2.8669,2.8944,0.072878,0.031869
MCUCXR_0089_0,Montgomery,0,1,True,DCT,50,215552,11096,19.426099,0.411817,40.5957,0.965069,39.6772,41.2459,0.948501,0.974736,False,2.5281,2.6621,3.1072,3.1369,0.088221,0.043327
MCUCXR_0089_0,Montgomery,0,1,True,DCT,70,215552,15585,13.830735,0.578422,42.5773,0.97616,41.4706,43.3936,0.96489,0.982742,False,2.6733,2.7568,3.2602,3.308,0.105865,0.062963
MCUCXR_0089_0,Montgomery,0,1,True,DCT,90,215552,29817,7.229165,1.106629,46.5595,0.988785,44.7972,48.0805,0.983072,0.992319,False,2.855,2.8945,3.4822,3.5168,0.177567,0.111536
MCUCXR_0090_0,Montgomery,0,3,True,DCT,10,215552,3520,61.236364,0.130641,32.6707,0.854585,32.8216,32.5783,0.814598,0.879256,False,1.8754,2.0463,2.0317,2.05,0.054522,0.017003
MCUCXR_0090_0,Montgomery,0,3,True,DCT,20,215552,6201,34.760845,0.230144,35.79,0.919591,35.7716,35.8016,0.891086,0.938101,False,2.2368,2.3305,2.6482,2.721,0.063976,0.027067
MCUCXR_0090_0,Montgomery,0,3,True,DCT,30,215552,8376,25.734479,0.310867,37.4873,0.943457,37.4533,37.5088,0.921728,0.957478,False,2.3949,2.485,2.9178,2.9433,0.07499,0.035799
MCUCXR_0090_0,Montgomery,0,3,True,DCT,50,215552,12056,17.87923,0.447447,39.7393,0.962857,39.3926,39.9726,0.947781,0.972707,False,2.5546,2.645,3.145,3.1825,0.090953,0.049585
MCUCXR_0090_0,Montgomery,0,3,True,DCT,70,215552,16856,12.78785,0.625594,41.7499,0.967505,41.1716,42.1576,0.964359,0.968635,False,2.6858,2.7456,3.2821,3.3232,0.121577,0.065544
MCUCXR_0090_0,Montgomery,0,3,True,DCT,90,215552,31898,6.75754,1.183863,45.9401,0.988066,44.4448,47.2396,0.982635,0.991772,False,2.8578,2.9092,3.4938,3.525,0.205856,0.118236
MCUCXR_0091_0,Montgomery,0,0,True,DCT,10,215552,3895,55.340693,0.144559,32.4999,0.86291,32.3062,32.5757,0.81233,0.880993,False,1.9572,2.1338,2.1838,2.2029,0.056735,0.01903
MCUCXR_0091_0,Montgomery,0,0,True,DCT,20,215552,6605,32.634671,0.245138,35.6433,0.922825,35.3165,35.774,0.892924,0.933822,False,2.3128,2.4154,2.7348,2.7917,0.066715,0.027574
MCUCXR_0091_0,Montgomery,0,0,True,DCT,30,215552,8834,24.400272,0.327865,37.5164,0.947402,36.968,37.744,0.923422,0.956462,False,2.4773,2.6064,3.0115,3.0394,0.076219,0.035985
MCUCXR_0091_0,Montgomery,0,0,True,DCT,50,215552,12334,17.476245,0.457764,39.7016,0.965951,38.8745,40.0617,0.948266,0.97247,False,2.6496,2.7559,3.1823,3.2178,0.09375,0.04871
MCUCXR_0091_0,Montgomery,0,0,True,DCT,70,215552,16983,12.692222,0.630307,41.8257,0.972295,40.6779,42.3551,0.965144,0.97451,False,2.7871,2.8883,3.3288,3.3717,0.109932,0.065694
MCUCXR_0091_0,Montgomery,0,0,True,DCT,90,215552,31324,6.881369,1.162559,46.191,0.989941,44.1964,47.2762,0.983361,0.992652,False,3.0128,3.0914,3.5319,3.5685,0.198141,0.116692
MCUCXR_0092_0,Montgomery,0,4,True,DCT,10,215552,3240,66.528395,0.120249,33.2367,0.871423,33.1266,33.2729,0.830982,0.884936,False,1.8301,1.9693,1.9355,1.9688,0.063206,0.015639
MCUCXR_0092_0,Montgomery,0,4,True,DCT,20,215552,5564,38.740474,0.206502,36.502,0.931753,36.3127,36.5651,0.903858,0.941118,False,2.2156,2.3007,2.5566,2.6213,0.062338,0.024896
MCUCXR_0092_0,Montgomery,0,4,True,DCT,30,215552,7463,28.882755,0.276982,38.2829,0.952762,37.9238,38.4059,0.929518,0.960855,False,2.3748,2.4797,2.8618,2.8961,0.068925,0.030252
MCUCXR_0092_0,Montgomery,0,4,True,DCT,50,215552,10564,20.404392,0.392072,40.5242,0.969326,39.8837,40.7536,0.952772,0.975077,False,2.5824,2.699,3.0967,3.1259,0.101466,0.041414
MCUCXR_0092_0,Montgomery,0,4,True,DCT,70,215552,14599,14.764847,0.541827,42.5405,0.969855,41.66,42.8686,0.967582,0.969311,False,2.7238,2.7957,3.2597,3.3077,0.102899,0.056547
MCUCXR_0092_0,Montgomery,0,4,True,DCT,90,215552,27579,7.815802,1.023567,46.9338,0.990237,44.9329,47.846,0.98418,0.992422,False,2.9447,2.9926,3.499,3.5347,0.152735,0.102747
MCUCXR_0094_0,Montgomery,0,1,True,DCT,10,215552,3425,62.934891,0.127115,33.2821,0.892542,32.9397,33.3893,0.830982,0.91142,False,1.7774,1.847,2.1824,2.1968,0.055978,0.016397
MCUCXR_0094_0,Montgomery,0,1,True,DCT,20,215552,5662,38.06994,0.21014,36.3224,0.938359,36.0014,36.4225,0.900938,0.949477,False,2.1495,2.2423,2.7347,2.7992,0.061164,0.023958
MCUCXR_0094_0,Montgomery,0,1,True,DCT,30,215552,7400,29.128649,0.274644,38.2141,0.957642,37.586,38.4196,0.928033,0.96681,False,2.2986,2.3827,2.9805,3.0151,0.068007,0.029711
MCUCXR_0094_0,Montgomery,0,1,True,DCT,50,215552,10239,21.052056,0.38001,40.6151,0.973092,39.5005,41.01,0.951378,0.979792,False,2.4915,2.6108,3.2157,3.2393,0.081444,0.050803
MCUCXR_0094_0,Montgomery,0,1,True,DCT,70,215552,13939,15.46395,0.517332,42.4976,0.954347,41.2969,42.9292,0.966825,0.949609,False,2.6382,2.742,3.3568,3.4042,0.111617,0.053657
MCUCXR_0094_0,Montgomery,0,1,True,DCT,90,215552,25134,8.576112,0.932824,47.1219,0.991875,44.4901,48.3568,0.983638,0.994467,False,2.8985,2.9534,3.5452,3.5731,0.14286,0.090465
MCUCXR_0095_0,Montgomery,0,2,True,DCT,10,215552,3588,60.075808,0.133165,32.6592,0.857822,32.7841,32.5977,0.822801,0.874998,False,1.8972,2.0879,2.0522,2.0732,0.053855,0.017364
MCUCXR_0095_0,Montgomery,0,2,True,DCT,20,215552,6214,34.688124,0.230626,35.9201,0.924171,35.8904,35.9352,0.897216,0.937837,False,2.2518,2.355,2.6471,2.7184,0.065861,0.027082
MCUCXR_0095_0,Montgomery,0,2,True,DCT,30,215552,8402,25.654844,0.311832,37.6916,0.947118,37.572,37.7531,0.92645,0.957864,False,2.4097,2.5192,2.9114,2.9378,0.073972,0.033535
MCUCXR_0095_0,Montgomery,0,2,True,DCT,50,215552,11960,18.022742,0.443884,39.8929,0.965693,39.5171,40.0953,0.95065,0.97359,False,2.5742,2.6787,3.1375,3.1752,0.091063,0.0507
MCUCXR_0095_0,Montgomery,0,2,True,DCT,70,215552,16674,12.927432,0.618839,41.917,0.974041,41.3009,42.264,0.966334,0.977153,False,2.6898,2.7798,3.2871,3.3316,0.10848,0.069241
MCUCXR_0095_0,Montgomery,0,2,True,DCT,90,215552,31456,6.852492,1.167458,46.0963,0.988789,44.6821,47.0324,0.98376,0.991575,False,2.8724,2.9393,3.5115,3.5475,0.195124,0.116298
MCUCXR_0096_0,Montgomery,0,4,True,DCT,10,215552,3402,63.360376,0.126262,33.4444,0.884774,32.7134,33.7522,0.829639,0.904569,False,1.8333,1.8977,2.1045,2.1283,0.055477,0.017667
MCUCXR_0096_0,Montgomery,0,4,True,DCT,20,215552,5736,37.578801,0.212886,36.4224,0.933381,35.812,36.6741,0.901932,0.944736,False,2.22,2.3169,2.6831,2.7591,0.061941,0.034198
MCUCXR_0096_0,Montgomery,0,4,True,DCT,30,215552,7552,28.542373,0.280285,38.333,0.95418,37.4664,38.7065,0.929542,0.96304,False,2.3947,2.4817,2.9303,2.9677,0.068131,0.031663
MCUCXR_0096_0,Montgomery,0,4,True,DCT,50,215552,10556,20.419856,0.391776,40.6225,0.969907,39.473,41.1437,0.953272,0.975791,False,2.6085,2.668,3.1697,3.1957,0.084426,0.042646
MCUCXR_0096_0,Montgomery,0,4,True,DCT,70,215552,14578,14.786116,0.541048,42.6928,0.964812,41.249,43.3843,0.968102,0.962965,False,2.7502,2.8178,3.3324,3.3809,0.101724,0.05716
MCUCXR_0096_0,Montgomery,0,4,True,DCT,90,215552,26583,8.108641,0.986602,47.1878,0.991652,44.6672,48.6976,0.98483,0.994367,False,3.0177,3.0769,3.5322,3.563,0.151192,0.099688
MCUCXR_0097_0,Montgomery,0,0,True,DCT,10,215552,4128,52.217054,0.153207,32.2972,0.854781,31.9751,32.4078,0.827647,0.862567,False,1.9526,2.0867,2.3771,2.3925,0.059656,0.021494
MCUCXR_0097_0,Montgomery,0,0,True,DCT,20,215552,6749,31.938361,0.250482,35.7854,0.922679,35.0916,36.0385,0.901985,0.928809,False,2.2901,2.4334,2.8619,2.9189,0.068345,0.030311
MCUCXR_0097_0,Montgomery,0,0,True,DCT,30,215552,8691,24.801749,0.322558,37.7085,0.948044,36.7625,38.0683,0.929622,0.953604,False,2.4735,2.5852,3.0661,3.0947,0.076652,0.037389
MCUCXR_0097_0,Montgomery,0,0,True,DCT,50,215552,11921,18.081705,0.442436,39.9025,0.9677,38.7313,40.3656,0.953167,0.972391,False,2.6355,2.7167,3.2518,3.2852,0.090092,0.046912
MCUCXR_0097_0,Montgomery,0,0,True,DCT,70,215552,16122,13.370053,0.598352,42.1387,0.976746,40.5285,42.8274,0.96806,0.9789,False,2.7856,2.8774,3.3766,3.4178,0.110119,0.062596
MCUCXR_0097_0,Montgomery,0,0,True,DCT,90,215552,28776,7.490687,1.067993,46.6529,0.992126,43.939,48.1015,0.984608,0.994749,False,3.0357,3.1082,3.5608,3.5923,0.164951,0.135646
MCUCXR_0099_0,Montgomery,0,2,True,DCT,10,215552,4026,53.53999,0.149421,32.3459,0.860486,32.1417,32.4524,0.818781,0.876678,False,1.9675,2.1356,2.2492,2.2672,0.057792,0.020396
MCUCXR_0099_0,Montgomery,0,2,True,DCT,20,215552,6808,31.661575,0.252672,35.5054,0.92409,35.2325,35.6495,0.895983,0.937014,False,2.3117,2.4328,2.7897,2.8395,0.066902,0.028633
MCUCXR_0099_0,Montgomery,0,2,True,DCT,30,215552,9080,23.739207,0.336995,37.2829,0.947347,36.9138,37.4812,0.92593,0.957112,False,2.4772,2.6321,3.0199,3.0474,0.080073,0.03693
MCUCXR_0099_0,Montgomery,0,2,True,DCT,50,215552,12730,16.9326,0.472461,39.6563,0.967032,38.9665,40.0499,0.951242,0.974607,False,2.6568,2.7786,3.2182,3.2586,0.092871,0.05206
MCUCXR_0099_0,Montgomery,0,2,True,DCT,70,215552,17358,12.418021,0.644225,41.7972,0.979238,40.8076,42.3959,0.967154,0.985546,False,2.787,2.9098,3.3401,3.382,0.114944,0.067174
MCUCXR_0099_0,Montgomery,0,2,True,DCT,90,215552,31741,6.790964,1.178036,46.2038,0.990671,44.3707,47.5366,0.984637,0.993911,False,3.0227,3.1029,3.525,3.5606,0.192124,0.123792
MCUCXR_0100_0,Montgomery,0,2,True,DCT,10,215552,3611,59.69316,0.134019,33.1563,0.886079,32.5745,33.3852,0.82317,0.908473,False,1.895,1.9858,2.177,2.1884,0.056137,0.01706
MCUCXR_0100_0,Montgomery,0,2,True,DCT,20,215552,6035,35.716984,0.223983,36.2991,0.938478,35.7274,36.5237,0.900666,0.952018,False,2.2462,2.3452,2.723,2.8014,0.063837,0.026521
MCUCXR_0100_0,Montgomery,0,2,True,DCT,30,215552,7910,27.250569,0.293572,38.18,0.958253,37.4896,38.4566,0.930239,0.968281,False,2.4103,2.5189,2.9422,2.9758,0.07241,0.032487
MCUCXR_0100_0,Montgomery,0,2,True,DCT,50,215552,10982,19.627755,0.407586,40.4611,0.973703,39.536,40.8471,0.95428,0.98073,False,2.5793,2.6386,3.1652,3.1956,0.105703,0.045945
MCUCXR_0100_0,Montgomery,0,2,True,DCT,70,215552,14964,14.404705,0.555374,42.5034,0.96073,41.3909,42.9832,0.969383,0.957057,False,2.7342,2.8116,3.3161,3.3656,0.134534,0.058465
MCUCXR_0100_0,Montgomery,0,2,True,DCT,90,215552,27056,7.966884,1.004157,47.2188,0.992602,44.8949,48.4882,0.985814,0.995146,False,2.9653,3.0262,3.5175,3.5479,0.160016,0.10467
MCUCXR_0101_0,Montgomery,0,0,True,DCT,10,215552,3910,55.128389,0.145116,32.7431,0.887176,31.8536,33.0516,0.822013,0.907069,False,1.9226,2.0537,2.2267,2.2482,0.055713,0.017423
MCUCXR_0101_0,Montgomery,0,0,True,DCT,20,215552,6507,33.126172,0.241501,35.7618,0.931299,34.8944,36.0616,0.900322,0.939872,False,2.2855,2.4201,2.7889,2.8509,0.066815,0.027513
MCUCXR_0101_0,Montgomery,0,0,True,DCT,30,215552,8483,25.409879,0.314838,37.6725,0.955551,36.6541,38.0333,0.929818,0.963006,False,2.4388,2.5563,2.9984,3.0282,0.097669,0.035597
MCUCXR_0101_0,Montgomery,0,0,True,DCT,50,215552,11673,18.465861,0.433232,39.8891,0.971121,38.686,40.3289,0.953703,0.976194,False,2.6141,2.7114,3.1904,3.2244,0.097072,0.048538
MCUCXR_0101_0,Montgomery,0,0,True,DCT,70,215552,15792,13.649443,0.586105,42.1541,0.966799,40.5583,42.7788,0.969358,0.964917,False,2.7474,2.8387,3.3308,3.3726,0.112982,0.065627
MCUCXR_0101_0,Montgomery,0,0,True,DCT,90,215552,28239,7.633131,1.048063,46.8634,0.992818,44.1832,48.1565,0.985969,0.995018,False,3.0294,3.0917,3.5314,3.5607,0.177301,0.111886
MCUCXR_0102_0,Montgomery,0,1,True,DCT,10,215552,3677,58.621702,0.136468,32.5532,0.858799,32.5492,32.5554,0.824033,0.875589,False,1.8824,2.0708,2.0724,2.0851,0.05717,0.018636
MCUCXR_0102_0,Montgomery,0,1,True,DCT,20,215552,6379,33.790876,0.23675,35.8499,0.925745,35.6444,35.9612,0.900459,0.938823,False,2.2414,2.3423,2.6635,2.7326,0.069281,0.02722
MCUCXR_0102_0,Montgomery,0,1,True,DCT,30,215552,8598,25.070016,0.319106,37.7131,0.948387,37.3297,37.9279,0.92926,0.958567,False,2.4007,2.5127,2.9274,2.9543,0.077174,0.036781
MCUCXR_0102_0,Montgomery,0,1,True,DCT,50,215552,12253,17.591773,0.454758,39.9544,0.966832,39.3724,40.2927,0.953238,0.974174,False,2.5664,2.676,3.1338,3.1785,0.117959,0.049367
MCUCXR_0102_0,Montgomery,0,1,True,DCT,70,215552,16886,12.765131,0.626707,42.0577,0.97486,41.2214,42.5686,0.968554,0.977456,False,2.6901,2.7624,3.2629,3.3072,0.112805,0.065779
MCUCXR_0102_0,Montgomery,0,1,True,DCT,90,215552,31648,6.81092,1.174584,46.2107,0.989508,44.5893,47.3829,0.984809,0.992211,False,2.8806,2.9334,3.4954,3.5289,0.168832,0.1136
MCUCXR_0103_0,Montgomery,0,4,True,DCT,10,215552,3618,59.577667,0.134279,32.718,0.861787,32.5532,32.7876,0.817661,0.879096,False,1.8743,2.0542,2.0728,2.0948,0.061278,0.018526
MCUCXR_0103_0,Montgomery,0,4,True,DCT,20,215552,6172,34.924174,0.229068,35.97,0.923967,35.6814,36.0944,0.896358,0.93415,False,2.2307,2.3287,2.6598,2.7346,0.086977,0.028336
MCUCXR_0103_0,Montgomery,0,4,True,DCT,30,215552,8231,26.187827,0.305485,37.804,0.948288,37.2913,38.0335,0.925051,0.957366,False,2.3916,2.5065,2.9166,2.949,0.076035,0.036572
MCUCXR_0103_0,Montgomery,0,4,True,DCT,50,215552,11656,18.492793,0.432601,40.025,0.966492,39.2798,40.3726,0.950281,0.972891,False,2.575,2.6627,3.1446,3.1815,0.088197,0.045441
MCUCXR_0103_0,Montgomery,0,4,True,DCT,70,215552,16075,13.409145,0.596608,42.2297,0.974963,41.088,42.8024,0.966349,0.977605,False,2.707,2.7824,3.2955,3.3381,0.103792,0.061689
MCUCXR_0103_0,Montgomery,0,4,True,DCT,90,215552,29950,7.197062,1.111565,46.4282,0.989936,44.536,47.5316,0.984128,0.992488,False,2.8993,2.944,3.5358,3.5716,0.166379,0.109309
MCUCXR_0104_1,Montgomery,1,2,True,DCT,10,215552,3719,57.959667,0.138027,32.7857,0.870398,33.1237,32.6185,0.828381,0.89136,False,1.8985,2.0469,2.1877,2.2078,0.054536,0.017296
MCUCXR_0104_1,Montgomery,1,2,True,DCT,20,215552,6177,34.895904,0.229253,36.1117,0.931341,36.1045,36.1154,0.898223,0.949238,False,2.2603,2.3886,2.747,2.817,0.069434,0.025164
MCUCXR_0104_1,Montgomery,1,2,True,DCT,30,215552,8151,26.444853,0.302516,37.8453,0.95099,37.7089,37.9185,0.924807,0.965007,False,2.4377,2.5669,3.0248,3.0512,0.072084,0.03173
MCUCXR_0104_1,Montgomery,1,2,True,DCT,50,215552,11410,18.891499,0.423471,40.1788,0.968171,39.563,40.5403,0.948242,0.979042,False,2.6099,2.7297,3.2292,3.2561,0.083262,0.044896
MCUCXR_0104_1,Montgomery,1,2,True,DCT,70,215552,15771,13.667618,0.585325,42.089,0.962702,41.306,42.564,0.964365,0.961297,False,2.7612,2.8815,3.35,3.3962,0.104572,0.059945
MCUCXR_0104_1,Montgomery,1,2,True,DCT,90,215552,29239,7.372072,1.085177,46.3478,0.989784,44.5612,47.6957,0.982124,0.994039,False,2.9989,3.0719,3.5444,3.5809,0.158884,0.109621
MCUCXR_0108_1,Montgomery,1,2,True,DCT,10,215552,3440,62.660465,0.127672,32.9665,0.874422,32.043,33.3875,0.803457,0.903275,False,1.8047,1.9136,2.1267,2.1414,0.057223,0.017885
MCUCXR_0108_1,Montgomery,1,2,True,DCT,20,215552,5995,35.955296,0.222499,35.9559,0.92685,35.1486,36.3163,0.889519,0.941318,False,2.1761,2.3149,2.7118,2.7791,0.063603,0.027076
MCUCXR_0108_1,Montgomery,1,2,True,DCT,30,215552,8013,26.900287,0.297395,37.696,0.949534,36.7607,38.1233,0.920454,0.960916,False,2.3703,2.4867,2.9647,2.9873,0.068771,0.031019
MCUCXR_0108_1,Montgomery,1,2,True,DCT,50,215552,11336,19.01482,0.420724,39.8916,0.966981,38.7776,40.4172,0.947791,0.974619,False,2.5335,2.6318,3.1715,3.1996,0.086589,0.044147
MCUCXR_0108_1,Montgomery,1,2,True,DCT,70,215552,15478,13.926347,0.574451,41.8336,0.954129,40.5977,42.43,0.964763,0.949635,False,2.6788,2.7585,3.2945,3.3419,0.103101,0.056974
MCUCXR_0108_1,Montgomery,1,2,True,DCT,90,215552,28433,7.58105,1.055263,46.267,0.990616,44.0008,47.6164,0.9833,0.993675,False,2.9289,2.992,3.5152,3.5511,0.176946,0.121018
MCUCXR_0113_1,Montgomery,1,2,True,DCT,10,215552,3317,64.984022,0.123107,33.2198,0.869462,32.2459,33.4683,0.80674,0.883458,False,1.8365,1.9104,2.0825,2.1045,0.051938,0.015849
MCUCXR_0113_1,Montgomery,1,2,True,DCT,20,215552,5557,38.789275,0.206243,35.9119,0.914213,34.9624,36.1534,0.880708,0.921042,False,2.1973,2.3184,2.6841,2.746,0.058873,0.023155
MCUCXR_0113_1,Montgomery,1,2,True,DCT,30,215552,7414,29.073644,0.275163,37.7045,0.943937,36.5602,38.0043,0.914685,0.950104,False,2.3846,2.5071,2.9392,2.9719,0.068095,0.029987
MCUCXR_0113_1,Montgomery,1,2,True,DCT,50,215552,10335,20.856507,0.383573,39.9881,0.963293,38.3826,40.4407,0.941839,0.968018,False,2.569,2.6639,3.1296,3.1539,0.081829,0.03892
MCUCXR_0113_1,Montgomery,1,2,True,DCT,70,215552,14299,15.074621,0.530693,42.1164,0.965557,40.0653,42.739,0.959793,0.966447,False,2.7515,2.8249,3.2605,3.3121,0.098352,0.053914
MCUCXR_0113_1,Montgomery,1,2,True,DCT,90,215552,26604,8.10224,0.987381,46.4325,0.990372,43.2825,47.6001,0.980318,0.992792,False,3.0316,3.0867,3.4763,3.5102,0.147759,0.094881
MCUCXR_0117_1,Montgomery,1,4,True,DCT,10,215552,3362,64.114218,0.124777,33.0439,0.885307,32.7154,33.117,0.825202,0.897882,False,1.7525,1.8296,2.1675,2.1819,0.053122,0.015709
MCUCXR_0117_1,Montgomery,1,4,True,DCT,20,215552,5571,38.691797,0.206762,35.9437,0.927143,35.5811,36.0249,0.893948,0.934207,False,2.1046,2.2043,2.7584,2.8239,0.060357,0.024276
MCUCXR_0117_1,Montgomery,1,4,True,DCT,30,215552,7296,29.54386,0.270784,37.9734,0.952051,37.1588,38.1681,0.922113,0.958459,False,2.282,2.3762,3.0058,3.0441,0.069944,0.029365
MCUCXR_0117_1,Montgomery,1,4,True,DCT,50,215552,10071,21.403237,0.373775,40.2134,0.968149,39.0475,40.5073,0.947392,0.972764,False,2.4706,2.5884,3.2092,3.2317,0.07761,0.039309
MCUCXR_0117_1,Montgomery,1,4,True,DCT,70,215552,13779,15.643515,0.511394,42.1894,0.950328,40.6869,42.5887,0.963384,0.947308,False,2.6194,2.7155,3.3539,3.3979,0.092742,0.051547
MCUCXR_0117_1,Montgomery,1,4,True,DCT,90,215552,25182,8.559765,0.934605,46.7932,0.991092,43.8862,47.7761,0.981828,0.993233,False,2.8793,2.9337,3.5344,3.5618,0.141653,0.090246
MCUCXR_0126_1,Montgomery,1,4,True,DCT,10,215552,3590,60.04234,0.133239,32.8622,0.869375,32.5041,32.9892,0.826942,0.884952,False,1.8382,1.9667,2.1899,2.2022,0.075604,0.017426
MCUCXR_0126_1,Montgomery,1,4,True,DCT,20,215552,6107,35.29589,0.226655,35.9984,0.921831,35.652,36.121,0.902545,0.926969,False,2.2162,2.3311,2.7617,2.8365,0.063323,0.025524
MCUCXR_0126_1,Montgomery,1,4,True,DCT,30,215552,8036,26.823295,0.298248,37.8166,0.948566,37.3391,37.9892,0.930909,0.954183,False,2.3786,2.5009,2.9999,3.0287,0.070636,0.032941
MCUCXR_0126_1,Montgomery,1,4,True,DCT,50,215552,11165,19.306046,0.414378,40.1186,0.967149,39.3646,40.4038,0.95484,0.97105,False,2.588,2.6887,3.1874,3.2157,0.101708,0.042856
MCUCXR_0126_1,Montgomery,1,4,True,DCT,70,215552,15320,14.069974,0.568587,42.2604,0.96775,41.2098,42.6784,0.969668,0.966594,False,2.7413,2.8387,3.3257,3.3781,0.105963,0.059123
MCUCXR_0126_1,Montgomery,1,4,True,DCT,90,215552,28060,7.681825,1.041419,46.686,0.991043,44.729,47.6059,0.985758,0.993025,False,2.9886,3.0528,3.5439,3.575,0.152989,0.10262
MCUCXR_0140_1,Montgomery,1,0,True,DCT,10,215552,3705,58.178677,0.137507,32.3477,0.848952,31.8654,32.532,0.79779,0.867469,False,1.8453,2.0251,2.1383,2.1534,0.053378,0.017791
MCUCXR_0140_1,Montgomery,1,0,True,DCT,20,215552,6492,33.202711,0.240944,35.4069,0.917884,34.8883,35.6062,0.884883,0.929846,False,2.2244,2.3219,2.7117,2.7712,0.065618,0.028438
MCUCXR_0140_1,Montgomery,1,0,True,DCT,30,215552,8739,24.665522,0.324339,37.1756,0.941797,36.471,37.4551,0.916203,0.951366,False,2.3887,2.492,2.9602,2.9894,0.07565,0.03561
MCUCXR_0140_1,Montgomery,1,0,True,DCT,50,215552,12458,17.302296,0.462366,39.2403,0.960969,38.3405,39.6093,0.943192,0.967774,False,2.5677,2.6521,3.1543,3.1999,0.092992,0.050762
MCUCXR_0140_1,Montgomery,1,0,True,DCT,70,215552,17294,12.463976,0.64185,41.1791,0.968353,40.0944,41.6385,0.961044,0.970029,False,2.6996,2.7674,3.296,3.343,0.113966,0.064998
MCUCXR_0140_1,Montgomery,1,0,True,DCT,90,215552,32801,6.571507,1.217377,45.0307,0.986248,43.3414,45.8305,0.980724,0.9885,False,2.9031,2.9446,3.519,3.5534,0.179199,0.118504
MCUCXR_0141_1,Montgomery,1,1,True,DCT,10,215552,3914,55.072049,0.145264,32.458,0.861686,32.1317,32.6508,0.815692,0.884426,False,1.9944,2.1386,2.1719,2.19,0.052483,0.018907
MCUCXR_0141_1,Montgomery,1,1,True,DCT,20,215552,6752,31.924171,0.250594,35.5976,0.923961,35.2717,35.7901,0.896541,0.938116,False,2.3436,2.4281,2.7438,2.7921,0.067565,0.029722
MCUCXR_0141_1,Montgomery,1,1,True,DCT,30,215552,9114,23.650647,0.338257,37.3895,0.947156,36.9727,37.64,0.925257,0.959224,False,2.4975,2.6032,2.9854,3.0092,0.077682,0.037209
MCUCXR_0141_1,Montgomery,1,1,True,DCT,50,215552,12833,16.796696,0.476284,39.6811,0.966044,38.9615,40.1399,0.950182,0.974738,False,2.6674,2.7547,3.1715,3.2146,0.110364,0.048147
MCUCXR_0141_1,Montgomery,1,1,True,DCT,70,215552,17720,12.164334,0.65766,41.7483,0.97603,40.7443,42.4272,0.966078,0.981569,False,2.8049,2.8995,3.314,3.3545,0.112357,0.066173
MCUCXR_0141_1,Montgomery,1,1,True,DCT,90,215552,32747,6.582343,1.215373,45.9157,0.989439,44.1841,47.2978,0.983762,0.992815,False,2.997,3.0563,3.4972,3.5302,0.172824,0.116334
MCUCXR_0142_1,Montgomery,1,2,True,DCT,10,215552,3854,55.929424,0.143037,32.5331,0.882645,31.6433,32.8676,0.812011,0.906687,False,1.9028,1.9935,2.2889,2.3053,0.055376,0.019182
MCUCXR_0142_1,Montgomery,1,2,True,DCT,20,215552,6482,33.253934,0.240573,35.5908,0.931698,34.5849,35.9765,0.891599,0.944486,False,2.2716,2.3962,2.8448,2.8981,0.064104,0.026271
MCUCXR_0142_1,Montgomery,1,2,True,DCT,30,215552,8499,25.362043,0.315432,37.4634,0.954034,36.1901,37.9748,0.921843,0.964538,False,2.4346,2.5604,3.0429,3.0699,0.072388,0.032831
MCUCXR_0142_1,Montgomery,1,2,True,DCT,50,215552,11752,18.341729,0.436164,39.721,0.970424,38.1792,40.3708,0.947868,0.9778,False,2.621,2.7043,3.2148,3.2487,0.109074,0.047546
MCUCXR_0142_1,Montgomery,1,2,True,DCT,70,215552,15829,13.617537,0.587478,41.6718,0.955136,39.9175,42.4407,0.964085,0.951223,False,2.7358,2.8152,3.3411,3.3874,0.102644,0.058883
MCUCXR_0142_1,Montgomery,1,2,True,DCT,90,215552,28432,7.581317,1.055226,46.2529,0.991508,43.337,47.877,0.983054,0.994453,False,2.9872,3.0301,3.5521,3.5846,0.153016,0.10513
MCUCXR_0144_1,Montgomery,1,0,True,DCT,10,215552,3427,62.898162,0.12719,33.129,0.869311,32.7651,33.2752,0.825859,0.886376,False,1.89,2.0009,2.0405,2.0634,0.058034,0.017058
MCUCXR_0144_1,Montgomery,1,0,True,DCT,20,215552,5817,37.055527,0.215892,36.2261,0.925389,35.7606,36.4163,0.897426,0.936325,False,2.2603,2.3305,2.6212,2.6955,0.064747,0.026465
MCUCXR_0144_1,Montgomery,1,0,True,DCT,30,215552,7751,27.809573,0.287671,38.018,0.949205,37.4556,38.2516,0.926923,0.958005,False,2.432,2.5127,2.8927,2.9221,0.070557,0.032798
MCUCXR_0144_1,Montgomery,1,0,True,DCT,50,215552,11045,19.515799,0.409924,40.0743,0.966049,39.3888,40.3652,0.95098,0.972069,False,2.628,2.7167,3.1526,3.1823,0.084592,0.043226
MCUCXR_0144_1,Montgomery,1,0,True,DCT,70,215552,15334,14.057128,0.569106,42.3117,0.972187,41.1801,42.8313,0.96669,0.973167,False,2.7537,2.8119,3.2866,3.333,0.102736,0.058559
MCUCXR_0144_1,Montgomery,1,0,True,DCT,90,215552,28551,7.549718,1.059642,46.5429,0.989743,44.5282,47.6423,0.983908,0.992135,False,2.989,3.0295,3.4994,3.5373,0.153292,0.105232
MCUCXR_0150_1,Montgomery,1,1,True,DCT,10,215552,3990,54.023058,0.148085,32.5651,0.875536,31.5748,33.0693,0.807771,0.906051,False,1.8926,2.0274,2.2909,2.3035,0.058301,0.018483
MCUCXR_0150_1,Montgomery,1,1,True,DCT,20,215552,6758,31.895827,0.250817,35.5824,0.931845,34.61,36.076,0.893873,0.948694,False,2.249,2.3738,2.8175,2.8576,0.063302,0.028412
MCUCXR_0150_1,Montgomery,1,1,True,DCT,30,215552,8922,24.159605,0.331131,37.3732,0.954025,36.2295,37.9729,0.924129,0.967203,False,2.4307,2.5581,3.0104,3.0328,0.07631,0.037383
MCUCXR_0150_1,Montgomery,1,1,True,DCT,50,215552,12447,17.317587,0.461958,39.5282,0.97071,38.183,40.2618,0.949959,0.979842,False,2.6108,2.7152,3.199,3.2413,0.092015,0.049636
MCUCXR_0150_1,Montgomery,1,1,True,DCT,70,215552,16933,12.729699,0.628452,41.5296,0.962532,39.941,42.4397,0.965895,0.959978,False,2.7477,2.8656,3.3334,3.3725,0.108884,0.066957
MCUCXR_0150_1,Montgomery,1,1,True,DCT,90,215552,30745,7.010961,1.14107,45.8208,0.990858,43.3605,47.5356,0.983877,0.994013,False,2.9969,3.0831,3.5421,3.5784,0.187234,0.109882
MCUCXR_0162_1,Montgomery,1,1,True,DCT,10,215552,4186,51.49355,0.155359,32.1206,0.850222,31.9502,32.2252,0.818617,0.865221,False,2.0203,2.1568,2.2699,2.2924,0.060281,0.018848
MCUCXR_0162_1,Montgomery,1,1,True,DCT,20,215552,7164,30.088219,0.265885,35.2357,0.91323,34.9375,35.4232,0.895751,0.922655,False,2.3571,2.4749,2.8096,2.8469,0.069348,0.030582
MCUCXR_0162_1,Montgomery,1,1,True,DCT,30,215552,9561,22.544922,0.354847,37.0156,0.940172,36.5575,37.3128,0.924725,0.948947,False,2.5124,2.6241,3.0153,3.0387,0.081636,0.040777
MCUCXR_0162_1,Montgomery,1,1,True,DCT,50,215552,13459,16.015454,0.499518,39.1804,0.96124,38.4425,39.6868,0.949314,0.968158,False,2.6739,2.7636,3.1841,3.2348,0.094769,0.050259
MCUCXR_0162_1,Montgomery,1,1,True,DCT,70,215552,18434,11.693176,0.68416,41.1929,0.975443,40.188,41.9231,0.965052,0.982037,False,2.7963,2.9006,3.3108,3.3523,0.117503,0.073422
MCUCXR_0162_1,Montgomery,1,1,True,DCT,90,215552,34154,6.311179,1.267592,45.283,0.988606,43.6705,46.6336,0.983264,0.992074,False,2.9825,3.0486,3.5215,3.5554,0.198551,0.12742
MCUCXR_0166_1,Montgomery,1,0,True,DCT,10,215552,4126,52.242365,0.153132,32.3632,0.85892,32.3458,32.3725,0.821887,0.877103,False,1.9602,2.1433,2.2971,2.3188,0.058039,0.018387
MCUCXR_0166_1,Montgomery,1,0,True,DCT,20,215552,6884,31.312028,0.255493,35.4371,0.924898,35.3995,35.4574,0.897801,0.93882,False,2.3121,2.4496,2.8292,2.8699,0.067237,0.029463
MCUCXR_0166_1,Montgomery,1,0,True,DCT,30,215552,9153,23.549874,0.339705,37.2425,0.94683,36.999,37.3781,0.925673,0.957535,False,2.5005,2.635,3.0325,3.0539,0.074586,0.03644
MCUCXR_0166_1,Montgomery,1,0,True,DCT,50,215552,12853,16.770559,0.477026,39.4395,0.965695,38.9553,39.7218,0.950265,0.973805,False,2.6478,2.763,3.1936,3.2347,0.092973,0.050742
MCUCXR_0166_1,Montgomery,1,0,True,DCT,70,215552,17714,12.168454,0.657438,41.5649,0.975981,40.7228,42.0912,0.966256,0.980333,False,2.7704,2.9039,3.3222,3.3637,0.120238,0.068161
MCUCXR_0166_1,Montgomery,1,0,True,DCT,90,215552,32510,6.630329,1.206577,45.7734,0.989576,44.0589,47.0705,0.983452,0.993083,False,3.0067,3.0979,3.5152,3.5479,0.17517,0.118186
MCUCXR_0170_1,Montgomery,1,0,True,DCT,10,215552,3990,54.023058,0.148085,32.4815,0.856531,32.456,32.4959,0.825539,0.87064,False,1.9951,2.1527,2.2047,2.2212,0.057157,0.019034
MCUCXR_0170_1,Montgomery,1,0,True,DCT,20,215552,6802,31.689503,0.25245,35.483,0.920797,35.4521,35.5006,0.897915,0.932646,False,2.3356,2.457,2.7869,2.8289,0.08083,0.028567
MCUCXR_0170_1,Montgomery,1,0,True,DCT,30,215552,9065,23.778489,0.336439,37.3591,0.94468,37.0756,37.5279,0.926239,0.954082,False,2.5065,2.6294,3.0052,3.0259,0.073799,0.035596
MCUCXR_0170_1,Montgomery,1,0,True,DCT,50,215552,12743,16.915326,0.472944,39.5671,0.964622,39.0027,39.9218,0.950536,0.972328,False,2.6539,2.7606,3.1809,3.2225,0.091864,0.051815
MCUCXR_0170_1,Montgomery,1,0,True,DCT,70,215552,17571,12.267486,0.65213,41.6403,0.976934,40.7778,42.216,0.966173,0.983126,False,2.7828,2.8889,3.3119,3.3515,0.114552,0.065648
MCUCXR_0170_1,Montgomery,1,0,True,DCT,90,215552,32697,6.592409,1.213517,45.7864,0.989347,44.1685,47.0656,0.983723,0.992749,False,2.9851,3.056,3.5279,3.5633,0.191633,0.121512
MCUCXR_0173_1,Montgomery,1,0,True,DCT,10,215552,3801,56.709287,0.14107,32.2991,0.849956,32.1637,32.3682,0.81228,0.868751,False,1.8907,2.0696,2.1207,2.1313,0.054991,0.01782
MCUCXR_0173_1,Montgomery,1,0,True,DCT,20,215552,6700,32.17194,0.248664,35.4354,0.918781,35.1413,35.5898,0.891105,0.932554,False,2.2374,2.3411,2.7262,2.7827,0.06333,0.027489
MCUCXR_0173_1,Montgomery,1,0,True,DCT,30,215552,9085,23.726142,0.337181,37.1523,0.942184,36.7599,37.362,0.921477,0.952838,False,2.3977,2.5088,2.945,2.9726,0.074259,0.035758
MCUCXR_0173_1,Montgomery,1,0,True,DCT,50,215552,13002,16.578373,0.482556,39.247,0.961996,38.6713,39.5653,0.94745,0.969528,False,2.5703,2.6613,3.1532,3.2003,0.09859,0.051797
MCUCXR_0173_1,Montgomery,1,0,True,DCT,70,215552,18070,11.928722,0.67065,41.1956,0.969263,40.3791,41.6683,0.963607,0.971573,False,2.6854,2.7521,3.2959,3.3389,0.114395,0.086324
MCUCXR_0173_1,Montgomery,1,0,True,DCT,90,215552,33992,6.341257,1.26158,45.2174,0.987235,43.6796,46.2512,0.98211,0.990091,False,2.871,2.9054,3.4834,3.5149,0.179494,0.12487
MCUCXR_0182_1,Montgomery,1,3,True,DCT,10,215552,3676,58.63765,0.136431,32.7274,0.860971,32.3837,32.8609,0.815522,0.877958,False,1.87,2.0646,2.0838,2.1069,0.05495,0.01667
MCUCXR_0182_1,Montgomery,1,3,True,DCT,20,215552,6341,33.993376,0.23534,35.942,0.927585,35.5349,36.1019,0.895748,0.939667,False,2.2298,2.332,2.6997,2.7651,0.083306,0.025587
MCUCXR_0182_1,Montgomery,1,3,True,DCT,30,215552,8502,25.353093,0.315543,37.6928,0.949529,37.1884,37.894,0.92587,0.958829,False,2.3956,2.5109,2.9712,2.9987,0.072957,0.034343
MCUCXR_0182_1,Montgomery,1,3,True,DCT,50,215552,12015,17.940241,0.445925,39.9076,0.96745,39.1184,40.2381,0.950424,0.974171,False,2.5705,2.6524,3.1869,3.2233,0.089312,0.051708
MCUCXR_0182_1,Montgomery,1,3,True,DCT,70,215552,16603,12.982714,0.616204,42.0184,0.97275,40.9378,42.4947,0.966487,0.97374,False,2.7033,2.783,3.3332,3.372,0.10611,0.065432
MCUCXR_0182_1,Montgomery,1,3,True,DCT,90,215552,30921,6.971055,1.147602,46.1938,0.989761,44.3233,47.1517,0.984091,0.992088,False,2.9063,2.9528,3.5322,3.5692,0.161908,0.109172
MCUCXR_0188_1,Montgomery,1,1,True,DCT,10,215552,3932,54.819939,0.145932,32.373,0.85453,32.207,32.4619,0.809401,0.877283,False,1.9125,2.1067,2.2542,2.2661,0.05436,0.018556
MCUCXR_0188_1,Montgomery,1,1,True,DCT,20,215552,6696,32.191159,0.248515,35.5862,0.924681,35.2427,35.7763,0.892828,0.942218,False,2.2718,2.383,2.8236,2.872,0.074727,0.034131
MCUCXR_0188_1,Montgomery,1,1,True,DCT,30,215552,8924,24.154191,0.331205,37.6039,0.948188,36.9308,38.0003,0.923887,0.96132,False,2.4307,2.5534,3.0573,3.077,0.078835,0.038127
MCUCXR_0188_1,Montgomery,1,1,True,DCT,50,215552,12559,17.16315,0.466115,39.6491,0.966934,38.8789,40.1113,0.949607,0.976453,False,2.6135,2.7391,3.2264,3.2611,0.10718,0.04875
MCUCXR_0188_1,Montgomery,1,1,True,DCT,70,215552,17206,12.527723,0.638584,41.7364,0.974899,40.6858,42.4034,0.965825,0.97886,False,2.751,2.8662,3.3295,3.3716,0.109603,0.0627
MCUCXR_0188_1,Montgomery,1,1,True,DCT,90,215552,31706,6.798461,1.176737,46.0333,0.990036,44.1553,47.4689,0.983884,0.993444,False,2.9693,3.0392,3.5218,3.5548,0.171893,0.112241
MCUCXR_0194_1,Montgomery,1,3,True,DCT,10,215552,3719,57.959667,0.138027,32.6732,0.880525,32.5507,32.7124,0.821523,0.899066,False,1.8753,2.0059,2.2246,2.2348,0.051153,0.016548
MCUCXR_0194_1,Montgomery,1,3,True,DCT,20,215552,6180,34.878964,0.229365,35.8326,0.928304,35.4516,35.9592,0.892628,0.937828,False,2.2491,2.3797,2.7733,2.8481,0.06244,0.025846
MCUCXR_0194_1,Montgomery,1,3,True,DCT,30,215552,8088,26.650841,0.300178,37.5545,0.951478,37.0349,37.731,0.921736,0.960311,False,2.4308,2.5681,3.0125,3.0391,0.070657,0.032541
MCUCXR_0194_1,Montgomery,1,3,True,DCT,50,215552,11309,19.060218,0.419722,39.8509,0.967987,38.9021,40.1965,0.946306,0.974533,False,2.6123,2.7358,3.2367,3.2634,0.083171,0.042738
MCUCXR_0194_1,Montgomery,1,3,True,DCT,70,215552,15503,13.90389,0.575379,41.9004,0.963711,40.6002,42.4034,0.962681,0.963504,False,2.7673,2.8738,3.3596,3.4052,0.102444,0.058809
MCUCXR_0194_1,Montgomery,1,3,True,DCT,90,215552,28431,7.581583,1.055189,46.232,0.990191,43.835,47.3717,0.981305,0.993186,False,3.046,3.1333,3.5357,3.5696,0.178775,0.110891
MCUCXR_0195_1,Montgomery,1,4,True,DCT,10,215552,3699,58.273047,0.137285,32.6443,0.883029,32.1317,32.8166,0.808337,0.906636,False,1.8277,1.9354,2.2459,2.257,0.05344,0.017128
MCUCXR_0195_1,Montgomery,1,4,True,DCT,20,215552,6290,34.268998,0.233447,35.9044,0.93646,35.3126,36.1058,0.89426,0.949704,False,2.1916,2.3113,2.7629,2.8285,0.063269,0.026022
MCUCXR_0195_1,Montgomery,1,4,True,DCT,30,215552,8338,25.851763,0.309457,37.9163,0.956467,37.0386,38.2294,0.925168,0.966277,False,2.3496,2.4511,2.9795,3.0065,0.07291,0.032876
MCUCXR_0195_1,Montgomery,1,4,True,DCT,50,215552,11553,18.657665,0.428778,40.126,0.972062,39.0648,40.5164,0.950911,0.978737,False,2.5191,2.6229,3.1774,3.2118,0.105948,0.044846
MCUCXR_0195_1,Montgomery,1,4,True,DCT,70,215552,15767,13.671085,0.585177,42.1164,0.95365,40.9535,42.5516,0.967609,0.948708,False,2.6376,2.7014,3.3364,3.3819,0.101717,0.057313
MCUCXR_0195_1,Montgomery,1,4,True,DCT,90,215552,28310,7.613988,1.050698,46.7363,0.991726,44.3868,47.8315,0.984728,0.993988,False,2.858,2.9133,3.5303,3.5632,0.154213,0.10142
MCUCXR_0196_1,Montgomery,1,1,True,DCT,10,215552,3845,56.060338,0.142703,32.7216,0.889791,31.2474,33.3222,0.810979,0.915374,False,1.8874,1.9402,2.3362,2.3484,0.056964,0.01839
MCUCXR_0196_1,Montgomery,1,1,True,DCT,20,215552,6501,33.156745,0.241278,35.8348,0.936394,34.2139,36.513,0.89179,0.950186,False,2.2445,2.3149,2.8909,2.9481,0.066404,0.028325
MCUCXR_0196_1,Montgomery,1,1,True,DCT,30,215552,8484,25.406884,0.314875,37.7022,0.958273,35.7714,38.5582,0.921325,0.970044,False,2.3821,2.4525,3.0967,3.1202,0.074558,0.034193
MCUCXR_0196_1,Montgomery,1,1,True,DCT,50,215552,11749,18.346412,0.436053,39.855,0.972398,37.6935,40.8572,0.947557,0.980245,False,2.5707,2.653,3.2797,3.3104,0.085951,0.044262
MCUCXR_0196_1,Montgomery,1,1,True,DCT,70,215552,15791,13.650307,0.586067,41.7159,0.947238,39.4387,42.7965,0.964374,0.9408,False,2.7031,2.7762,3.3993,3.442,0.104664,0.061052
MCUCXR_0196_1,Montgomery,1,1,True,DCT,90,215552,27950,7.712057,1.037337,46.2228,0.991943,42.865,48.2486,0.983134,0.994883,False,2.9615,2.9912,3.5748,3.606,0.151161,0.09988
MCUCXR_0203_1,Montgomery,1,4,True,DCT,10,215552,3563,60.497334,0.132237,33.3488,0.86581,32.5014,33.6939,0.820129,0.88252,False,1.8854,1.9767,2.1574,2.1706,0.053263,0.016117
MCUCXR_0203_1,Montgomery,1,4,True,DCT,20,215552,5997,35.943305,0.222573,36.3839,0.918687,35.4903,36.7507,0.892787,0.927981,False,2.2603,2.3588,2.7052,2.7825,0.071053,0.026992
MCUCXR_0203_1,Montgomery,1,4,True,DCT,30,215552,8036,26.823295,0.298248,38.0655,0.942626,37.0696,38.4817,0.921721,0.95039,False,2.4361,2.5501,2.9595,2.9909,0.075072,0.033488
MCUCXR_0203_1,Montgomery,1,4,True,DCT,50,215552,11265,19.134665,0.418089,40.0325,0.961737,38.8947,40.52,0.946424,0.967397,False,2.6172,2.6993,3.1702,3.2003,0.08754,0.044011
MCUCXR_0203_1,Montgomery,1,4,True,DCT,70,215552,15616,13.803279,0.579572,41.8981,0.960675,40.6535,42.4418,0.963234,0.959392,False,2.7549,2.8337,3.3345,3.3773,0.103159,0.05851
MCUCXR_0203_1,Montgomery,1,4,True,DCT,90,215552,29149,7.394833,1.081836,46.0277,0.989219,43.903,47.1277,0.981477,0.992228,False,2.9825,3.0395,3.524,3.5618,0.175438,0.106482
MCUCXR_0213_1,Montgomery,1,4,True,DCT,10,215552,3850,55.987532,0.142889,32.4766,0.856715,32.7767,32.3789,0.832168,0.862172,False,1.9355,2.1206,2.2253,2.2405,0.053416,0.017646
MCUCXR_0213_1,Montgomery,1,4,True,DCT,20,215552,6305,34.18747,0.234004,35.8341,0.930205,35.8472,35.8296,0.902788,0.938956,False,2.2807,2.3883,2.7239,2.7987,0.065422,0.027681
MCUCXR_0213_1,Montgomery,1,4,True,DCT,30,215552,8311,25.935748,0.308455,37.586,0.951075,37.4696,37.6263,0.928745,0.957923,False,2.4468,2.5991,2.9695,3.004,0.075142,0.034089
MCUCXR_0213_1,Montgomery,1,4,True,DCT,50,215552,11574,18.623812,0.429558,39.8441,0.967325,39.3318,40.0333,0.951362,0.972534,False,2.6357,2.7733,3.1929,3.2241,0.087717,0.047992
MCUCXR_0213_1,Montgomery,1,4,True,DCT,70,215552,15865,13.586637,0.588814,41.9962,0.978586,41.0337,42.3796,0.966043,0.982206,False,2.7786,2.8933,3.3352,3.3789,0.105523,0.061159
MCUCXR_0213_1,Montgomery,1,4,True,DCT,90,215552,29444,7.320744,1.092785,46.3639,0.990441,44.3849,47.3146,0.983178,0.993038,False,3.0118,3.1023,3.523,3.5583,0.167717,0.117071
MCUCXR_0218_1,Montgomery,1,0,True,DCT,10,215552,3973,54.254216,0.147454,32.4467,0.868933,31.8194,32.7512,0.814985,0.89007,False,1.9968,2.1498,2.1914,2.2091,0.055338,0.020156
MCUCXR_0218_1,Montgomery,1,0,True,DCT,20,215552,6775,31.815793,0.251447,35.6746,0.925892,34.8408,36.0949,0.892391,0.939429,False,2.3363,2.4564,2.7492,2.7948,0.066066,0.028049
MCUCXR_0218_1,Montgomery,1,0,True,DCT,30,215552,9006,23.934266,0.334249,37.5027,0.949468,36.4953,38.0272,0.923403,0.96045,False,2.4975,2.6315,2.9821,3.0063,0.077096,0.035645
MCUCXR_0218_1,Montgomery,1,0,True,DCT,50,215552,12663,17.022191,0.469975,39.7427,0.967941,38.5129,40.4111,0.949723,0.975657,False,2.6657,2.7771,3.173,3.2147,0.092653,0.055432
MCUCXR_0218_1,Montgomery,1,0,True,DCT,70,215552,17250,12.495768,0.640217,41.9195,0.979299,40.2972,42.8744,0.965794,0.985314,False,2.7984,2.9101,3.3081,3.3473,0.108029,0.066476
MCUCXR_0218_1,Montgomery,1,0,True,DCT,90,215552,31573,6.827099,1.171801,46.0743,0.990474,43.7045,47.7257,0.983662,0.993627,False,3.018,3.0796,3.5416,3.58,0.16659,0.110434
MCUCXR_0223_1,Montgomery,1,4,True,DCT,10,215552,3613,59.660116,0.134093,32.9492,0.866454,32.6179,33.0757,0.822121,0.882898,False,1.9007,2.0923,2.0315,2.0555,0.056236,0.016387
MCUCXR_0223_1,Montgomery,1,4,True,DCT,20,215552,6135,35.1348,0.227694,36.0953,0.928461,35.714,36.242,0.898776,0.938561,False,2.25,2.3473,2.6419,2.7191,0.069526,0.026585
MCUCXR_0223_1,Montgomery,1,4,True,DCT,30,215552,8146,26.461085,0.302331,37.9438,0.949876,37.3091,38.1986,0.926018,0.958671,False,2.4041,2.5339,2.9196,2.9502,0.094544,0.033069
MCUCXR_0223_1,Montgomery,1,4,True,DCT,50,215552,11570,18.630251,0.429409,40.1829,0.967752,39.3085,40.5487,0.951009,0.974037,False,2.582,2.6689,3.1255,3.1616,0.085527,0.045204
MCUCXR_0223_1,Montgomery,1,4,True,DCT,70,215552,15960,13.505764,0.59234,42.259,0.974577,41.1445,42.7454,0.9669,0.976577,False,2.6928,2.7689,3.2827,3.3248,0.105825,0.059558
MCUCXR_0223_1,Montgomery,1,4,True,DCT,90,215552,29922,7.203797,1.110526,46.4593,0.989936,44.4649,47.4888,0.983936,0.992311,False,2.8807,2.9242,3.5103,3.5461,0.158715,0.106713
MCUCXR_0228_1,Montgomery,1,3,True,DCT,10,215552,3807,56.619911,0.141293,32.705,0.881331,31.7728,33.1148,0.816153,0.906231,False,1.884,1.9976,2.2394,2.2599,0.054123,0.02196
MCUCXR_0228_1,Montgomery,1,3,True,DCT,20,215552,6479,33.269332,0.240462,35.9332,0.937771,34.8065,36.446,0.89641,0.954129,False,2.2361,2.3629,2.7989,2.8506,0.065758,0.026437
MCUCXR_0228_1,Montgomery,1,3,True,DCT,30,215552,8541,25.237326,0.316991,37.8383,0.957465,36.4613,38.4949,0.925969,0.969673,False,2.4015,2.5262,3.0307,3.0583,0.071282,0.032636
MCUCXR_0228_1,Montgomery,1,3,True,DCT,50,215552,11812,18.248561,0.438391,39.9375,0.972181,38.4269,40.6763,0.951189,0.980441,False,2.5731,2.6527,3.2004,3.2354,0.084935,0.045918
MCUCXR_0228_1,Montgomery,1,3,True,DCT,70,215552,15968,13.498998,0.592637,41.8366,0.954732,40.2299,42.6371,0.96696,0.949459,False,2.696,2.773,3.3304,3.3758,0.105669,0.058135
MCUCXR_0228_1,Montgomery,1,3,True,DCT,90,215552,28881,7.463453,1.07189,46.2085,0.991305,43.6093,47.8084,0.984281,0.994112,False,2.9198,2.9894,3.5547,3.5885,0.153831,0.114949
MCUCXR_0243_1,Montgomery,1,3,True,DCT,10,215552,3565,60.463394,0.132311,32.8181,0.85513,32.3899,33.0399,0.812799,0.875521,False,1.8799,2.0678,2.0295,2.0437,0.055013,0.016508
MCUCXR_0243_1,Montgomery,1,3,True,DCT,20,215552,6236,34.565747,0.231443,36.009,0.923058,35.4107,36.3288,0.892972,0.937599,False,2.2331,2.3399,2.6266,2.7019,0.062527,0.02643
MCUCXR_0243_1,Montgomery,1,3,True,DCT,30,215552,8494,25.376972,0.315246,37.766,0.946468,37.1194,38.1147,0.923982,0.95766,False,2.397,2.5142,2.9082,2.938,0.08952,0.034643
MCUCXR_0243_1,Montgomery,1,3,True,DCT,50,215552,12104,17.808328,0.449228,39.929,0.965385,39.0784,40.4056,0.949312,0.973497,False,2.5654,2.6716,3.1232,3.1639,0.088767,0.04906
MCUCXR_0243_1,Montgomery,1,3,True,DCT,70,215552,16821,12.814458,0.624295,41.9836,0.974437,40.8479,42.657,0.965114,0.978457,False,2.6954,2.778,3.2648,3.3067,0.107786,0.071017
MCUCXR_0243_1,Montgomery,1,3,True,DCT,90,215552,31837,6.770487,1.181599,46.0354,0.988899,44.1481,47.3521,0.983088,0.991935,False,2.8887,2.9419,3.4903,3.5231,0.168259,0.115805
MCUCXR_0251_1,Montgomery,1,1,True,DCT,10,215552,4034,53.433813,0.149718,32.2727,0.859812,31.9167,32.3833,0.831802,0.866549,False,2.0019,2.1041,2.2871,2.2968,0.055292,0.019186
MCUCXR_0251_1,Montgomery,1,1,True,DCT,20,215552,6762,31.876959,0.250965,35.2206,0.899038,34.8125,35.3485,0.898973,0.89751,False,2.351,2.4511,2.8143,2.858,0.092227,0.027909
MCUCXR_0251_1,Montgomery,1,1,True,DCT,30,215552,8885,24.260214,0.329758,36.9772,0.93426,36.3451,37.1823,0.925007,0.935847,False,2.5003,2.5991,3.0256,3.0466,0.075838,0.037088
MCUCXR_0251_1,Montgomery,1,1,True,DCT,50,215552,12579,17.135861,0.466857,39.1924,0.956135,38.1589,39.5504,0.948994,0.95798,False,2.6728,2.7547,3.2301,3.2692,0.089317,0.050749
MCUCXR_0251_1,Montgomery,1,1,True,DCT,70,215552,17158,12.56277,0.636802,41.3149,0.968665,39.8565,41.8579,0.964317,0.970508,False,2.8099,2.8874,3.3296,3.3679,0.110082,0.063019
MCUCXR_0251_1,Montgomery,1,1,True,DCT,90,215552,31311,6.884226,1.162077,45.6225,0.989583,43.0929,46.7733,0.98231,0.991899,False,3.0508,3.105,3.5031,3.5357,0.162433,0.110154
MCUCXR_0253_1,Montgomery,1,4,True,DCT,10,215552,3912,55.100204,0.14519,32.1535,0.866473,31.4187,32.4509,0.79286,0.894818,False,1.8818,1.9779,2.3221,2.3353,0.054433,0.017758
MCUCXR_0253_1,Montgomery,1,4,True,DCT,20,215552,6743,31.96678,0.25026,35.3616,0.926358,34.3701,35.7812,0.879562,0.943353,False,2.2618,2.3488,2.8431,2.8918,0.06615,0.027728
MCUCXR_0253_1,Montgomery,1,4,True,DCT,30,215552,8873,24.293024,0.329313,37.0954,0.948933,35.9394,37.599,0.911439,0.962876,False,2.4265,2.5041,3.0375,3.0632,0.071761,0.035465
MCUCXR_0253_1,Montgomery,1,4,True,DCT,50,215552,12479,17.273179,0.463146,39.5157,0.967159,37.7842,40.3559,0.939758,0.977382,False,2.6137,2.6943,3.229,3.2681,0.084942,0.045796
MCUCXR_0253_1,Montgomery,1,4,True,DCT,70,215552,16903,12.752292,0.627338,41.4171,0.955212,39.4723,42.4014,0.958106,0.953105,False,2.7489,2.819,3.3637,3.4071,0.104047,0.061385
MCUCXR_0253_1,Montgomery,1,4,True,DCT,90,215552,30527,7.061028,1.13298,45.7137,0.989849,42.7536,47.5897,0.979376,0.993879,False,2.9726,3.0383,3.5363,3.574,0.201823,0.11525
MCUCXR_0254_1,Montgomery,1,2,True,DCT,10,215552,3553,60.667605,0.131866,32.8535,0.8723,32.5747,32.9959,0.826,0.891987,False,1.8852,2.0035,2.09,2.1016,0.052709,0.017006
MCUCXR_0254_1,Montgomery,1,2,True,DCT,20,215552,6225,34.626827,0.231035,36.2057,0.932623,35.8686,36.3797,0.90509,0.945515,False,2.269,2.3461,2.6783,2.7425,0.065304,0.026064
MCUCXR_0254_1,Montgomery,1,2,True,DCT,30,215552,8355,25.799162,0.310088,38.0862,0.954508,37.7233,38.2744,0.934502,0.964083,False,2.4593,2.5572,2.9244,2.952,0.070216,0.034109
MCUCXR_0254_1,Montgomery,1,2,True,DCT,50,215552,11717,18.396518,0.434865,40.4338,0.971723,39.9112,40.7128,0.95846,0.977853,False,2.6455,2.7415,3.1286,3.1659,0.082719,0.043808
MCUCXR_0254_1,Montgomery,1,2,True,DCT,70,215552,16165,13.334488,0.599948,42.7018,0.98107,41.9403,43.1269,0.973045,0.984552,False,2.7842,2.8806,3.2756,3.3216,0.104373,0.057722
MCUCXR_0254_1,Montgomery,1,2,True,DCT,90,215552,29632,7.274298,1.099762,47.3237,0.99212,45.668,48.4353,0.988071,0.994213,False,3.0408,3.1067,3.4845,3.5196,0.200638,0.106824
MCUCXR_0255_1,Montgomery,1,3,True,DCT,10,215552,3755,57.403995,0.139363,32.7694,0.864812,32.3916,32.973,0.821284,0.885909,False,1.9033,2.0572,2.15,2.1644,0.053481,0.018482
MCUCXR_0255_1,Montgomery,1,3,True,DCT,20,215552,6410,33.627457,0.237901,36.0642,0.924997,35.5611,36.3415,0.899406,0.937059,False,2.2587,2.3508,2.7228,2.7802,0.063575,0.026357
MCUCXR_0255_1,Montgomery,1,3,True,DCT,30,215552,8675,24.847493,0.321964,37.8677,0.949189,37.3043,38.1817,0.928691,0.959408,False,2.4373,2.5693,2.9682,2.9964,0.073962,0.036107
MCUCXR_0255_1,Montgomery,1,3,True,DCT,50,215552,12206,17.659512,0.453014,40.1961,0.967987,39.3518,40.6929,0.953099,0.975409,False,2.6194,2.7226,3.1668,3.2065,0.102667,0.053668
MCUCXR_0255_1,Montgomery,1,3,True,DCT,70,215552,16877,12.771938,0.626373,42.3518,0.977085,41.1748,43.0924,0.968214,0.980819,False,2.7439,2.834,3.3127,3.3575,0.107556,0.065908
MCUCXR_0255_1,Montgomery,1,3,True,DCT,90,215552,31182,6.912706,1.157289,46.4786,0.99058,44.6059,47.8544,0.98492,0.993638,False,2.9577,3.0389,3.5069,3.5421,0.184428,0.112389
MCUCXR_0258_1,Montgomery,1,3,True,DCT,10,215552,3081,69.961701,0.114348,33.596,0.889726,32.6905,33.8096,0.838076,0.899101,False,1.6578,1.7308,2.0627,2.1009,0.050183,0.014151
MCUCXR_0258_1,Montgomery,1,3,True,DCT,20,215552,4965,43.4143,0.184271,36.8586,0.953443,35.7633,37.1244,0.907479,0.963046,False,1.9517,2.0091,2.6689,2.7196,0.057691,0.021375
MCUCXR_0258_1,Montgomery,1,3,True,DCT,30,215552,6450,33.418915,0.239385,38.6685,0.967393,37.4002,38.9846,0.933901,0.974322,False,2.0952,2.1409,2.9003,2.9577,0.071789,0.029182
MCUCXR_0258_1,Montgomery,1,3,True,DCT,50,215552,8731,24.688123,0.324042,40.912,0.979652,39.4022,41.3027,0.95632,0.984563,False,2.299,2.3544,3.1481,3.1739,0.071891,0.03381
MCUCXR_0258_1,Montgomery,1,3,True,DCT,70,215552,11672,18.467443,0.433195,43.0101,0.94834,41.2434,43.4865,0.970809,0.943363,False,2.4206,2.4791,3.309,3.3411,0.085577,0.043826
MCUCXR_0258_1,Montgomery,1,3,True,DCT,90,215552,20720,10.403089,0.769002,48.2255,0.994339,44.6761,49.5431,0.986371,0.996062,False,2.6447,2.6958,3.5186,3.5401,0.144758,0.073167
MCUCXR_0264_1,Montgomery,1,0,True,DCT,10,215552,3715,58.022073,0.137879,33.147,0.865691,32.1111,33.5773,0.819067,0.881313,False,1.8617,1.9348,2.265,2.2794,0.06487,0.016023
MCUCXR_0264_1,Montgomery,1,0,True,DCT,20,215552,6131,35.157723,0.227546,36.5529,0.935168,35.1812,37.158,0.897702,0.948832,False,2.2063,2.3116,2.7989,2.8662,0.059776,0.024955
MCUCXR_0264_1,Montgomery,1,0,True,DCT,30,215552,8017,26.886865,0.297543,38.2103,0.953253,36.8203,38.8256,0.925925,0.963172,False,2.3698,2.492,3.0322,3.0587,0.070162,0.030317
MCUCXR_0264_1,Montgomery,1,0,True,DCT,50,215552,11099,19.420849,0.411928,40.5685,0.972769,38.7502,41.4415,0.95024,0.981011,False,2.559,2.6568,3.2319,3.26,0.081189,0.042161
MCUCXR_0264_1,Montgomery,1,0,True,DCT,70,215552,15123,14.253257,0.561275,42.4424,0.959328,40.5942,43.3349,0.966487,0.956361,False,2.709,2.8034,3.365,3.4123,0.108956,0.055884
MCUCXR_0264_1,Montgomery,1,0,True,DCT,90,215552,27202,7.924123,1.009575,46.7914,0.991928,44.0201,48.4202,0.983839,0.994923,False,2.9541,3.0021,3.5666,3.5974,0.146926,0.097288
MCUCXR_0266_1,Montgomery,1,0,True,DCT,10,215552,3272,65.877751,0.121437,33.0819,0.872725,32.9136,33.1442,0.833076,0.883292,False,1.9019,2.0127,1.9377,1.959,0.053198,0.021092
MCUCXR_0266_1,Montgomery,1,0,True,DCT,20,215552,5648,38.164306,0.20962,36.3402,0.930494,35.9743,36.4798,0.902535,0.939995,False,2.2689,2.3308,2.5842,2.6531,0.057412,0.023594
MCUCXR_0266_1,Montgomery,1,0,True,DCT,30,215552,7616,28.302521,0.28266,38.1055,0.951142,37.6774,38.2705,0.930477,0.95821,False,2.4309,2.5425,2.859,2.8932,0.06962,0.030203
MCUCXR_0266_1,Montgomery,1,0,True,DCT,50,215552,10784,19.988131,0.400238,40.3845,0.968222,39.6087,40.7014,0.953034,0.973413,False,2.6374,2.7081,3.0894,3.1205,0.08151,0.041956
MCUCXR_0266_1,Montgomery,1,0,True,DCT,70,215552,15032,14.339542,0.557898,42.4844,0.978109,41.3614,42.9718,0.967806,0.981563,False,2.7635,2.8169,3.2587,3.3048,0.101793,0.05813
MCUCXR_0266_1,Montgomery,1,0,True,DCT,90,215552,28662,7.52048,1.063762,46.6058,0.989522,44.6603,47.593,0.984538,0.991487,False,2.9756,3.0298,3.4899,3.5292,0.152639,0.10219
MCUCXR_0275_1,Montgomery,1,2,True,DCT,10,215552,3770,57.175597,0.13992,32.4882,0.871753,32.1206,32.6367,0.81498,0.894632,False,1.9143,2.0189,2.2338,2.2474,0.053311,0.015929
MCUCXR_0275_1,Montgomery,1,2,True,DCT,20,215552,6407,33.643203,0.237789,35.6322,0.928181,35.065,35.8692,0.892641,0.942058,False,2.2827,2.3606,2.7741,2.8395,0.062939,0.025418
MCUCXR_0275_1,Montgomery,1,2,True,DCT,30,215552,8498,25.365027,0.315395,37.4929,0.950709,36.6497,37.8624,0.921597,0.962251,False,2.4747,2.5587,3.0146,3.0427,0.074498,0.033867
MCUCXR_0275_1,Montgomery,1,2,True,DCT,50,215552,11895,18.121227,0.441471,39.7478,0.967821,38.5508,40.3071,0.946937,0.97588,False,2.6537,2.7323,3.1998,3.2321,0.087476,0.044886
MCUCXR_0275_1,Montgomery,1,2,True,DCT,70,215552,16259,13.257396,0.603437,41.7892,0.963874,40.3126,42.5164,0.963953,0.962528,False,2.7653,2.8361,3.3116,3.3558,0.105075,0.062387
MCUCXR_0275_1,Montgomery,1,2,True,DCT,90,215552,29819,7.22868,1.106703,46.1553,0.990155,43.635,47.7011,0.982386,0.993327,False,3.0225,3.0884,3.5178,3.5542,0.159923,0.110558
MCUCXR_0282_1,Montgomery,1,0,True,DCT,10,215552,4072,52.935167,0.151128,31.8879,0.858462,31.1789,32.2337,0.802018,0.881454,False,2.0044,2.1427,2.2377,2.2547,0.059083,0.017791
MCUCXR_0282_1,Montgomery,1,0,True,DCT,20,215552,7118,30.282664,0.264178,34.9143,0.922302,34.1366,35.2984,0.888031,0.937518,False,2.3564,2.439,2.7768,2.8229,0.066358,0.028018
MCUCXR_0282_1,Montgomery,1,0,True,DCT,30,215552,9503,22.682521,0.352694,36.7121,0.94539,35.7287,37.2167,0.918219,0.957443,False,2.5099,2.6088,2.9816,3.005,0.076421,0.0365
MCUCXR_0282_1,Montgomery,1,0,True,DCT,50,215552,13383,16.106404,0.496697,38.8905,0.964066,37.5709,39.6129,0.944235,0.972935,False,2.6792,2.7515,3.1749,3.2285,0.091463,0.052508
MCUCXR_0282_1,Montgomery,1,0,True,DCT,70,215552,18354,11.744143,0.681191,40.9229,0.971544,39.2848,41.8797,0.96148,0.974996,False,2.8098,2.8959,3.3164,3.3555,0.111517,0.068771
MCUCXR_0282_1,Montgomery,1,0,True,DCT,90,215552,33842,6.369364,1.256012,45.1068,0.988815,42.7303,46.746,0.981566,0.99216,False,3.0229,3.0737,3.5259,3.5621,0.179258,0.119845
MCUCXR_0289_1,Montgomery,1,1,True,DCT,10,215552,3355,64.247988,0.124518,32.6507,0.87672,32.676,32.6428,0.81394,0.897271,False,1.8195,1.9396,2.0622,2.0832,0.054025,0.015078
MCUCXR_0289_1,Montgomery,1,1,True,DCT,20,215552,5868,36.73347,0.217785,36.0928,0.933207,35.75,36.2067,0.893694,0.946043,False,2.2069,2.2969,2.7275,2.7953,0.057588,0.022671
MCUCXR_0289_1,Montgomery,1,1,True,DCT,30,215552,7704,27.979232,0.285926,38.2485,0.954879,37.4234,38.5447,0.924142,0.964534,False,2.3631,2.4652,2.9392,2.9698,0.067659,0.030608
MCUCXR_0289_1,Montgomery,1,1,True,DCT,50,215552,10844,19.877536,0.402464,40.4806,0.970651,39.4101,40.8809,0.94961,0.977382,False,2.5661,2.6672,3.1702,3.1972,0.081933,0.042109
MCUCXR_0289_1,Montgomery,1,1,True,DCT,70,215552,14860,14.505518,0.551514,42.5536,0.970229,41.2354,43.0681,0.965863,0.970533,False,2.7168,2.8066,3.3169,3.3701,0.097027,0.055207
MCUCXR_0289_1,Montgomery,1,1,True,DCT,90,215552,27425,7.85969,1.017852,46.9528,0.990797,44.644,48.0378,0.983865,0.993097,False,2.9582,3.0198,3.5262,3.557,0.149927,0.09672
MCUCXR_0294_1,Montgomery,1,3,True,DCT,10,215552,3360,64.152381,0.124703,33.1809,0.890723,32.791,33.2989,0.821269,0.911001,False,1.8038,1.8771,2.1307,2.1451,0.050751,0.018072
MCUCXR_0294_1,Montgomery,1,3,True,DCT,20,215552,5551,38.831202,0.20602,36.1747,0.938928,35.6585,36.3342,0.894632,0.951952,False,2.1724,2.2989,2.6755,2.7307,0.060568,0.024175
MCUCXR_0294_1,Montgomery,1,3,True,DCT,30,215552,7333,29.394791,0.272157,38.1189,0.95417,37.2505,38.4024,0.922687,0.963757,False,2.337,2.4502,2.955,2.9936,0.065874,0.02878
MCUCXR_0294_1,Montgomery,1,3,True,DCT,50,215552,10212,21.107716,0.379008,40.4581,0.971109,39.1095,40.9349,0.947345,0.978242,False,2.5392,2.6262,3.2103,3.2324,0.079262,0.037452
MCUCXR_0294_1,Montgomery,1,3,True,DCT,70,215552,13980,15.418598,0.518854,42.4209,0.955878,40.8486,42.9987,0.964032,0.95274,False,2.6908,2.7553,3.3492,3.3986,0.093734,0.053132
MCUCXR_0294_1,Montgomery,1,3,True,DCT,90,215552,25600,8.42,0.950119,46.9252,0.990878,43.9768,48.3365,0.982022,0.993579,False,2.9519,3.0139,3.537,3.5662,0.141112,0.090351
MCUCXR_0301_1,Montgomery,1,3,True,DCT,10,215552,3285,65.617047,0.12192,33.0666,0.859212,32.8147,33.1792,0.826879,0.870488,False,1.7893,1.9764,1.9453,1.9653,0.05422,0.015116
MCUCXR_0301_1,Montgomery,1,3,True,DCT,20,215552,5895,36.565225,0.218787,36.3583,0.926338,36.0816,36.4827,0.904565,0.935041,False,2.1695,2.2736,2.598,2.6782,0.063282,0.02486
MCUCXR_0301_1,Montgomery,1,3,True,DCT,30,215552,7950,27.113459,0.295056,38.2701,0.949777,37.8723,38.4525,0.933361,0.956658,False,2.3497,2.4231,2.8799,2.913,0.069141,0.032925
MCUCXR_0301_1,Montgomery,1,3,True,DCT,50,215552,11266,19.132966,0.418126,40.6494,0.968336,39.9462,40.9898,0.956498,0.973391,False,2.5062,2.5837,3.1023,3.1418,0.103892,0.044346
MCUCXR_0301_1,Montgomery,1,3,True,DCT,70,215552,15680,13.746939,0.581948,42.7515,0.978439,41.8382,43.211,0.971082,0.98145,False,2.634,2.6769,3.2666,3.3156,0.10109,0.060223
MCUCXR_0301_1,Montgomery,1,3,True,DCT,90,215552,29632,7.274298,1.099762,46.8576,0.990074,45.2604,47.7762,0.98626,0.991888,False,2.8267,2.8597,3.5128,3.5514,0.15595,0.105197
MCUCXR_0309_1,Montgomery,1,2,True,DCT,10,215552,3041,70.881947,0.112864,33.4506,0.874681,32.7622,33.6011,0.831022,0.881432,False,1.6795,1.7406,2.0393,2.0704,0.048908,0.014674
MCUCXR_0309_1,Montgomery,1,2,True,DCT,20,215552,4891,44.071151,0.181525,36.7248,0.944399,35.8127,36.9309,0.903638,0.953123,False,1.9913,2.0575,2.6131,2.6547,0.055713,0.019851
MCUCXR_0309_1,Montgomery,1,2,True,DCT,30,215552,6411,33.622212,0.237938,38.5441,0.960797,37.3717,38.8195,0.928824,0.967457,False,2.1709,2.2158,2.8765,2.9395,0.061427,0.025569
MCUCXR_0309_1,Montgomery,1,2,True,DCT,50,215552,8783,24.541956,0.325972,40.6982,0.973808,39.2334,41.0582,0.952344,0.978285,False,2.3862,2.4605,3.1154,3.1409,0.071357,0.034519
MCUCXR_0309_1,Montgomery,1,2,True,DCT,70,215552,11927,18.072608,0.442659,42.7068,0.951725,40.8817,43.1817,0.966434,0.948535,False,2.5575,2.6515,3.2774,3.3086,0.110651,0.044477
MCUCXR_0309_1,Montgomery,1,2,True,DCT,90,215552,21806,9.884986,0.809308,47.4225,0.99242,44.1496,48.5183,0.983597,0.9943,False,2.8627,2.9328,3.5151,3.5407,0.128036,0.07492
MCUCXR_0311_1,Montgomery,1,2,True,DCT,10,215552,3144,68.559796,0.116686,33.9324,0.900271,33.0579,34.1151,0.838121,0.911029,False,1.6616,1.742,2.116,2.15,0.050506,0.01464
MCUCXR_0311_1,Montgomery,1,2,True,DCT,20,215552,4968,43.388084,0.184382,36.9077,0.942113,36.1788,37.0569,0.906452,0.948733,False,2.0117,2.0917,2.6663,2.7133,0.058108,0.021808
MCUCXR_0311_1,Montgomery,1,2,True,DCT,30,215552,6506,33.131263,0.241464,38.6745,0.961025,37.8385,38.8481,0.931665,0.966259,False,2.2035,2.2706,2.9514,3.01,0.082275,0.027627
MCUCXR_0311_1,Montgomery,1,2,True,DCT,50,215552,8792,24.516833,0.326306,41.0502,0.975042,39.8371,41.3166,0.954721,0.978869,False,2.3635,2.4478,3.1584,3.1811,0.071816,0.033385
MCUCXR_0311_1,Montgomery,1,2,True,DCT,70,215552,11816,18.242383,0.438539,42.9595,0.948883,41.6097,43.2622,0.969348,0.944769,False,2.5418,2.6412,3.3074,3.3332,0.084863,0.04486
MCUCXR_0311_1,Montgomery,1,2,True,DCT,90,215552,21185,10.174746,0.78626,48.1266,0.993452,45.008,49.0632,0.985382,0.99502,False,2.8137,2.8835,3.5384,3.5643,0.122166,0.075386
MCUCXR_0313_1,Montgomery,1,4,True,DCT,10,215552,3742,57.603421,0.138881,32.9895,0.867858,32.2889,33.267,0.821475,0.883223,False,1.8253,1.9213,2.2794,2.2957,0.052031,0.015988
MCUCXR_0313_1,Montgomery,1,4,True,DCT,20,215552,6204,34.744036,0.230255,36.3297,0.92906,35.3193,36.7517,0.896814,0.940988,False,2.1745,2.3084,2.8334,2.8939,0.079919,0.024711
MCUCXR_0313_1,Montgomery,1,4,True,DCT,30,215552,8179,26.354322,0.303556,37.9631,0.950286,37.0593,38.3337,0.926159,0.959165,False,2.3734,2.5088,3.0679,3.0917,0.070537,0.032061
MCUCXR_0313_1,Montgomery,1,4,True,DCT,50,215552,11299,19.077086,0.419351,40.307,0.969129,38.9738,40.897,0.950652,0.975944,False,2.5526,2.6439,3.2691,3.2968,0.084232,0.04192
MCUCXR_0313_1,Montgomery,1,4,True,DCT,70,215552,15415,13.983263,0.572113,42.2231,0.958519,40.7709,42.88,0.966363,0.955306,False,2.6933,2.791,3.3888,3.4338,0.100815,0.0551
MCUCXR_0313_1,Montgomery,1,4,True,DCT,90,215552,27777,7.760089,1.030916,46.6649,0.991406,44.1609,48.0658,0.983747,0.994292,False,2.9542,3.0165,3.558,3.5905,0.148942,0.099391
MCUCXR_0316_1,Montgomery,1,3,True,DCT,10,215552,3829,56.294594,0.14211,32.8047,0.871808,31.9883,33.1448,0.820847,0.890369,False,1.8384,1.9225,2.3019,2.3176,0.051084,0.019161
MCUCXR_0316_1,Montgomery,1,3,True,DCT,20,215552,6385,33.759123,0.236973,36.0962,0.933131,35.0115,36.5697,0.898382,0.945867,False,2.19,2.3154,2.84,2.8955,0.06053,0.026474
MCUCXR_0316_1,Montgomery,1,3,True,DCT,30,215552,8349,25.817703,0.309865,37.8939,0.953997,36.6843,38.434,0.926354,0.964069,False,2.376,2.5171,3.0652,3.0913,0.072314,0.033156
MCUCXR_0316_1,Montgomery,1,3,True,DCT,50,215552,11558,18.649593,0.428964,40.1415,0.970987,38.6732,40.8293,0.951671,0.978245,False,2.5393,2.6365,3.2745,3.3026,0.086273,0.043473
MCUCXR_0316_1,Montgomery,1,3,True,DCT,70,215552,15661,13.763617,0.581243,42.122,0.956277,40.4977,42.9059,0.967285,0.952003,False,2.6701,2.7603,3.4054,3.4445,0.104558,0.065741
MCUCXR_0316_1,Montgomery,1,3,True,DCT,90,215552,28036,7.688401,1.040529,46.6391,0.991897,44.0244,48.1924,0.984446,0.994824,False,2.8781,2.9363,3.5814,3.6138,0.161595,0.100312
MCUCXR_0331_1,Montgomery,1,2,True,DCT,10,215552,3585,60.126081,0.133054,32.9931,0.860574,32.4849,33.2255,0.816897,0.878056,False,1.8965,2.0979,2.0326,2.0545,0.053319,0.018121
MCUCXR_0331_1,Montgomery,1,2,True,DCT,20,215552,6129,35.169196,0.227472,36.1418,0.922141,35.5827,36.3997,0.89548,0.931854,False,2.246,2.3603,2.6292,2.7071,0.063863,0.025513
MCUCXR_0331_1,Montgomery,1,2,True,DCT,30,215552,8221,26.219681,0.305114,37.9747,0.946307,37.1852,38.3543,0.924105,0.955316,False,2.3989,2.5433,2.8973,2.9281,0.072602,0.032979
MCUCXR_0331_1,Montgomery,1,2,True,DCT,50,215552,11737,18.36517,0.435607,40.0973,0.964443,39.0847,40.6046,0.948687,0.970861,False,2.5811,2.7046,3.145,3.1805,0.084544,0.044368
MCUCXR_0331_1,Montgomery,1,2,True,DCT,70,215552,16231,13.280266,0.602398,42.0641,0.976122,40.8573,42.6913,0.965076,0.980892,False,2.6818,2.7639,3.2888,3.3292,0.12295,0.063261
MCUCXR_0331_1,Montgomery,1,2,True,DCT,90,215552,30695,7.022381,1.139215,45.9705,0.98859,44.1262,47.0613,0.982884,0.991254,False,2.878,2.9348,3.5114,3.5496,0.169287,0.115393
MCUCXR_0334_1,Montgomery,1,4,True,DCT,10,215552,3986,54.07727,0.147936,32.5931,0.883395,31.8652,32.839,0.813463,0.90639,False,1.8869,1.9811,2.3851,2.3946,0.056086,0.017719
MCUCXR_0334_1,Montgomery,1,4,True,DCT,20,215552,6649,32.41871,0.246771,35.7629,0.932762,34.7354,36.1274,0.891427,0.944681,False,2.2439,2.3741,2.9069,2.9573,0.062395,0.026983
MCUCXR_0334_1,Montgomery,1,4,True,DCT,30,215552,8656,24.902033,0.321259,37.6195,0.954885,36.4315,38.0525,0.922335,0.965279,False,2.3957,2.518,3.1043,3.1285,0.076074,0.03345
MCUCXR_0334_1,Montgomery,1,4,True,DCT,50,215552,11901,18.112091,0.441694,39.8111,0.970859,38.3005,40.3933,0.947793,0.978217,False,2.5826,2.6722,3.2916,3.3238,0.089856,0.048934
MCUCXR_0334_1,Montgomery,1,4,True,DCT,70,215552,16136,13.358453,0.598872,41.6403,0.950558,40.0305,42.2718,0.963937,0.945774,False,2.7096,2.8034,3.4135,3.4563,0.108271,0.065108
MCUCXR_0334_1,Montgomery,1,4,True,DCT,90,215552,28739,7.500331,1.06662,46.1552,0.99133,43.4352,47.4782,0.982608,0.994144,False,2.9521,2.9968,3.5832,3.6156,0.155809,0.106401
MCUCXR_0338_1,Montgomery,1,2,True,DCT,10,215552,3617,59.594139,0.134241,32.9312,0.84867,32.3408,33.3449,0.822053,0.861844,False,1.92,2.0994,2.0159,2.0294,0.053369,0.0163
MCUCXR_0338_1,Montgomery,1,2,True,DCT,20,215552,6459,33.372349,0.239719,36.2134,0.916994,35.4464,36.7713,0.898346,0.927728,False,2.2728,2.3673,2.6355,2.6997,0.06391,0.027007
MCUCXR_0338_1,Montgomery,1,2,True,DCT,30,215552,8775,24.56433,0.325675,37.967,0.94295,37.1454,38.5716,0.927675,0.951778,False,2.4049,2.52,2.9058,2.9306,0.077135,0.03641
MCUCXR_0338_1,Montgomery,1,2,True,DCT,50,215552,12468,17.288418,0.462738,40.0426,0.963263,39.1677,40.694,0.952287,0.969572,False,2.575,2.6651,3.1118,3.16,0.093839,0.048825
MCUCXR_0338_1,Montgomery,1,2,True,DCT,70,215552,17421,12.373113,0.646563,42.0242,0.976006,40.9242,42.8855,0.967511,0.981457,False,2.7174,2.7981,3.2647,3.3058,0.135224,0.066571
MCUCXR_0338_1,Montgomery,1,2,True,DCT,90,215552,32820,6.567703,1.218082,45.9159,0.988776,44.3443,47.2951,0.984341,0.991752,False,2.8794,2.936,3.5003,3.5326,0.175121,0.120724
MCUCXR_0348_1,Montgomery,1,1,True,DCT,10,215552,3237,66.590053,0.120138,33.2394,0.881671,32.9243,33.3053,0.830864,0.893366,False,1.7418,1.8098,2.106,2.1232,0.055104,0.016801
MCUCXR_0348_1,Montgomery,1,1,True,DCT,20,215552,5455,39.514574,0.202457,36.2098,0.935213,35.9482,36.264,0.903054,0.942347,False,2.1476,2.2432,2.6398,2.6952,0.060303,0.023378
MCUCXR_0348_1,Montgomery,1,1,True,DCT,30,215552,7162,30.096621,0.265811,38.3166,0.957344,37.5962,38.4761,0.929928,0.963387,False,2.3352,2.4113,2.8662,2.9119,0.068427,0.03117
MCUCXR_0348_1,Montgomery,1,1,True,DCT,50,215552,9823,21.943602,0.364571,40.533,0.972138,39.5696,40.7541,0.953258,0.976316,False,2.5403,2.612,3.0942,3.1244,0.075645,0.03915
MCUCXR_0348_1,Montgomery,1,1,True,DCT,70,215552,13516,15.947914,0.501633,42.5568,0.965064,41.3519,42.8436,0.968125,0.962868,False,2.7055,2.7692,3.2743,3.3236,0.115737,0.050283
MCUCXR_0348_1,Montgomery,1,1,True,DCT,90,215552,25087,8.592179,0.931079,47.199,0.99108,44.5936,47.9783,0.984334,0.992611,False,2.9984,3.0593,3.5356,3.5619,0.136705,0.088811
MCUCXR_0350_1,Montgomery,1,4,True,DCT,10,215552,3694,58.351922,0.137099,32.6288,0.865105,32.2696,32.7821,0.812377,0.887054,False,1.9085,2.0938,2.0954,2.1131,0.05659,0.01888
MCUCXR_0350_1,Montgomery,1,4,True,DCT,20,215552,6377,33.801474,0.236676,35.787,0.926015,35.2273,36.0342,0.890308,0.940664,False,2.2669,2.3723,2.7159,2.7763,0.065575,0.027063
MCUCXR_0350_1,Montgomery,1,4,True,DCT,30,215552,8558,25.187193,0.317622,37.6218,0.948388,36.8884,37.9556,0.920851,0.96024,False,2.4384,2.5784,2.9593,2.986,0.074094,0.042866
MCUCXR_0350_1,Montgomery,1,4,True,DCT,50,215552,12009,17.949205,0.445702,39.7137,0.966008,38.7306,40.1818,0.94615,0.974498,False,2.6089,2.7105,3.1617,3.1987,0.084941,0.047801
MCUCXR_0350_1,Montgomery,1,4,True,DCT,70,215552,16598,12.986625,0.616018,41.6351,0.967065,40.4752,42.2057,0.963335,0.9675,False,2.7303,2.8216,3.3032,3.3451,0.119368,0.061078
MCUCXR_0350_1,Montgomery,1,4,True,DCT,90,215552,31012,6.9506,1.15098,45.677,0.988611,43.7924,46.7477,0.982074,0.991502,False,2.94,3.0053,3.5102,3.5452,0.164873,0.111648
MCUCXR_0352_1,Montgomery,1,4,True,DCT,10,215552,3415,63.11918,0.126744,33.1519,0.895672,32.3704,33.4404,0.825472,0.917895,False,1.772,1.8579,2.1601,2.177,0.05326,0.016466
MCUCXR_0352_1,Montgomery,1,4,True,DCT,20,215552,5727,37.637856,0.212552,36.4648,0.944197,35.5866,36.7942,0.903686,0.957347,False,2.1366,2.2615,2.7067,2.7763,0.059204,0.022701
MCUCXR_0352_1,Montgomery,1,4,True,DCT,30,215552,7525,28.644784,0.279283,38.5286,0.962225,37.3933,38.9735,0.932762,0.971842,False,2.2843,2.4024,2.9375,2.9779,0.066321,0.029097
MCUCXR_0352_1,Montgomery,1,4,True,DCT,50,215552,10362,20.802162,0.384575,40.9454,0.975885,39.4407,41.5751,0.956082,0.98229,False,2.4774,2.5932,3.1472,3.1746,0.09844,0.03747
MCUCXR_0352_1,Montgomery,1,4,True,DCT,70,215552,14186,15.194699,0.526499,42.8646,0.955402,41.3916,43.4774,0.971135,0.949721,False,2.6104,2.6875,3.3172,3.3687,0.095226,0.054689
MCUCXR_0352_1,Montgomery,1,4,True,DCT,90,215552,25271,8.529619,0.937908,47.65,0.993006,44.9839,49.0543,0.986967,0.995059,False,2.8631,2.9284,3.5307,3.558,0.137269,0.09021
MCUCXR_0354_1,Montgomery,1,2,True,DCT,10,215552,3468,62.154556,0.128711,33.4136,0.854514,32.5205,34.0032,0.821472,0.873021,False,1.9275,2.1117,1.9625,1.9823,0.055768,0.016238
MCUCXR_0354_1,Montgomery,1,2,True,DCT,20,215552,6040,35.687417,0.224169,36.5746,0.912862,35.6261,37.2082,0.898216,0.919983,False,2.2752,2.3844,2.5801,2.6598,0.060976,0.023791
MCUCXR_0354_1,Montgomery,1,2,True,DCT,30,215552,8159,26.418924,0.302813,38.3263,0.941016,37.269,39.0489,0.92593,0.948971,False,2.4516,2.5852,2.8409,2.8726,0.069999,0.031562
MCUCXR_0354_1,Montgomery,1,2,True,DCT,50,215552,11653,18.497554,0.43249,40.3807,0.96167,39.2172,41.1945,0.950824,0.967565,False,2.623,2.7214,3.0781,3.1171,0.086283,0.045116
MCUCXR_0354_1,Montgomery,1,2,True,DCT,70,215552,16184,13.318833,0.600653,42.2857,0.9742,40.9772,43.2306,0.96618,0.978196,False,2.727,2.8178,3.2325,3.2803,0.106701,0.062776
MCUCXR_0354_1,Montgomery,1,2,True,DCT,90,215552,30711,7.018723,1.139808,46.1425,0.98932,44.3446,47.6006,0.983655,0.992701,False,2.9359,3.0027,3.4874,3.5216,0.18658,0.109119
MCUCXR_0362_1,Montgomery,1,3,True,DCT,10,215552,3335,64.633283,0.123775,33.2081,0.87863,32.9903,33.2771,0.822833,0.896153,False,1.8307,1.9272,2.0682,2.0895,0.051086,0.017168
MCUCXR_0362_1,Montgomery,1,3,True,DCT,20,215552,5621,38.347625,0.208618,36.202,0.932594,36.1556,36.2163,0.899781,0.942671,False,2.2161,2.3072,2.6377,2.7049,0.05982,0.024885
MCUCXR_0362_1,Montgomery,1,3,True,DCT,30,215552,7456,28.909871,0.276722,37.9895,0.951966,37.7156,38.0769,0.926315,0.960215,False,2.3828,2.4856,2.8905,2.93,0.070457,0.03084
MCUCXR_0362_1,Montgomery,1,3,True,DCT,50,215552,10517,20.495579,0.390328,40.2431,0.968216,39.6815,40.4306,0.951177,0.973658,False,2.6006,2.6792,3.1433,3.169,0.080505,0.042186
MCUCXR_0362_1,Montgomery,1,3,True,DCT,70,215552,14527,14.838026,0.539155,42.2294,0.962373,41.4312,42.5062,0.966546,0.960276,False,2.7514,2.8187,3.287,3.3398,0.096165,0.057478
MCUCXR_0362_1,Montgomery,1,3,True,DCT,90,215552,27213,7.92092,1.009984,46.7124,0.990367,44.755,47.5442,0.983827,0.992549,False,3.0043,3.0507,3.5097,3.543,0.14579,0.095554
MCUCXR_0367_1,Montgomery,1,3,True,DCT,10,215552,3765,57.251527,0.139734,32.7997,0.886593,31.777,33.0952,0.812849,0.90421,False,1.8971,1.9829,2.2432,2.257,0.055695,0.016799
MCUCXR_0367_1,Montgomery,1,3,True,DCT,20,215552,6279,34.329033,0.233039,35.8559,0.934255,34.8024,36.1618,0.893139,0.943119,False,2.2539,2.3608,2.7673,2.8319,0.062352,0.024964
MCUCXR_0367_1,Montgomery,1,3,True,DCT,30,215552,8190,26.318926,0.303964,37.8438,0.957641,36.5187,38.2458,0.92549,0.965085,False,2.411,2.5307,3.0018,3.0329,0.070438,0.031359
MCUCXR_0367_1,Montgomery,1,3,True,DCT,50,215552,11246,19.166993,0.417384,40.0951,0.972663,38.5006,40.6008,0.950901,0.977823,False,2.6106,2.6937,3.2028,3.2326,0.084615,0.041909
MCUCXR_0367_1,Montgomery,1,3,True,DCT,70,215552,15173,14.206287,0.563131,42.1611,0.970149,40.3388,42.7617,0.967457,0.970108,False,2.7578,2.8267,3.3635,3.4111,0.099902,0.056417
MCUCXR_0367_1,Montgomery,1,3,True,DCT,90,215552,27135,7.943689,1.007089,46.8849,0.992476,43.9333,48.0831,0.985162,0.994374,False,3.0469,3.1079,3.5584,3.586,0.145965,0.100197
MCUCXR_0369_1,Montgomery,1,4,True,DCT,10,215552,3732,57.757771,0.13851,32.9308,0.89579,31.4104,33.4638,0.806379,0.921412,False,1.8234,1.8862,2.2837,2.2958,0.051907,0.017076
MCUCXR_0369_1,Montgomery,1,4,True,DCT,20,215552,6219,34.660235,0.230812,35.8306,0.941124,34.3895,36.3291,0.890936,0.955436,False,2.1718,2.2364,2.8042,2.8654,0.062363,0.026626
MCUCXR_0369_1,Montgomery,1,4,True,DCT,30,215552,8229,26.194191,0.305411,37.6077,0.959487,36.0338,38.1646,0.922441,0.970091,False,2.3252,2.4071,3.0485,3.0758,0.069567,0.032676
MCUCXR_0369_1,Montgomery,1,4,True,DCT,50,215552,11289,19.093985,0.41898,39.7383,0.973766,38.0275,40.3582,0.949381,0.980741,False,2.4959,2.6108,3.2207,3.251,0.081639,0.043315
MCUCXR_0369_1,Montgomery,1,4,True,DCT,70,215552,15344,14.047967,0.569477,41.5391,0.941989,39.8222,42.1619,0.965748,0.934829,False,2.6182,2.7149,3.3766,3.4205,0.100469,0.054579
MCUCXR_0369_1,Montgomery,1,4,True,DCT,90,215552,27256,7.908424,1.01158,46.2972,0.992117,43.3639,47.6394,0.984348,0.994405,False,2.8349,2.8868,3.5637,3.5917,0.149199,0.094345
MCUCXR_0372_1,Montgomery,1,0,True,DCT,10,215552,3714,58.037695,0.137841,32.7642,0.878751,32.1883,32.9401,0.819505,0.894285,False,1.8338,1.9127,2.2853,2.3004,0.051034,0.016766
MCUCXR_0372_1,Montgomery,1,0,True,DCT,20,215552,6173,34.918516,0.229105,35.9143,0.935197,35.1651,36.1494,0.896419,0.94538,False,2.1942,2.2969,2.8403,2.9004,0.060037,0.024352
MCUCXR_0372_1,Montgomery,1,0,True,DCT,30,215552,8073,26.700359,0.299621,37.6899,0.955701,36.7949,37.9774,0.925752,0.963624,False,2.3776,2.5012,3.0417,3.0682,0.068885,0.030819
MCUCXR_0372_1,Montgomery,1,0,True,DCT,50,215552,11094,19.429602,0.411743,40.0215,0.97158,38.788,40.4403,0.950565,0.977373,False,2.5623,2.6701,3.228,3.2532,0.083578,0.04196
MCUCXR_0372_1,Montgomery,1,0,True,DCT,70,215552,15039,14.332868,0.558158,42.0722,0.962136,40.6072,42.5895,0.966865,0.960327,False,2.7293,2.8087,3.3796,3.4261,0.096899,0.055217
MCUCXR_0372_1,Montgomery,1,0,True,DCT,90,215552,26842,8.0304,0.996214,46.7856,0.992342,44.0365,48.019,0.984267,0.994743,False,3.0247,3.0663,3.5528,3.5816,0.140377,0.093908
MCUCXR_0375_1,Montgomery,1,0,True,DCT,10,215552,3712,58.068966,0.137767,32.6284,0.877889,32.5166,32.6688,0.823736,0.896715,False,1.8401,1.9157,2.2704,2.2799,0.053953,0.016707
MCUCXR_0375_1,Montgomery,1,0,True,DCT,20,215552,6230,34.599037,0.23122,35.8086,0.932234,35.4682,35.9362,0.897378,0.944542,False,2.1889,2.286,2.8579,2.9244,0.06308,0.026556
MCUCXR_0375_1,Montgomery,1,0,True,DCT,30,215552,8147,26.457837,0.302368,37.7379,0.954507,37.1459,37.9691,0.926784,0.964355,False,2.3614,2.4699,3.0827,3.1081,0.073024,0.033814
MCUCXR_0375_1,Montgomery,1,0,True,DCT,50,215552,11149,19.333752,0.413784,39.884,0.969717,39.0159,40.2394,0.950469,0.976709,False,2.5334,2.64,3.281,3.306,0.103683,0.043084
MCUCXR_0375_1,Montgomery,1,0,True,DCT,70,215552,15174,14.205351,0.563168,41.8559,0.950946,40.7896,42.3076,0.966109,0.94527,False,2.6641,2.7476,3.3912,3.4358,0.097443,0.056631
MCUCXR_0375_1,Montgomery,1,0,True,DCT,90,215552,27369,7.875772,1.015773,46.3458,0.991213,44.0875,47.5497,0.983466,0.994161,False,2.8787,2.9381,3.5739,3.6072,0.14251,0.094018
MCUCXR_0383_1,Montgomery,1,1,True,DCT,10,215552,3347,64.401554,0.124221,33.1027,0.89595,32.4407,33.3224,0.824226,0.918002,False,1.7456,1.8075,2.1516,2.1709,0.055256,0.01528
MCUCXR_0383_1,Montgomery,1,1,True,DCT,20,215552,5575,38.664036,0.206911,36.4213,0.939014,35.6001,36.701,0.900744,0.94919,False,2.1036,2.1816,2.7254,2.7909,0.058685,0.022978
MCUCXR_0383_1,Montgomery,1,1,True,DCT,30,215552,7289,29.572232,0.270524,38.1986,0.959305,37.2931,38.5113,0.928958,0.968087,False,2.2667,2.3467,2.9537,2.9912,0.067094,0.028271
MCUCXR_0383_1,Montgomery,1,1,True,DCT,50,215552,10134,21.27018,0.376113,40.571,0.974444,39.3336,41.0227,0.953318,0.980559,False,2.4568,2.5631,3.1941,3.216,0.1041,0.036853
MCUCXR_0383_1,Montgomery,1,1,True,DCT,70,215552,13752,15.674229,0.510392,42.5659,0.946477,41.1845,43.0828,0.968605,0.939563,False,2.5996,2.6955,3.3522,3.3959,0.091315,0.056847
MCUCXR_0383_1,Montgomery,1,1,True,DCT,90,215552,24536,8.785132,0.910629,47.4808,0.992899,44.636,48.8908,0.985179,0.995328,False,2.838,2.9089,3.5281,3.5535,0.136577,0.086504
MCUCXR_0387_1,Montgomery,1,1,True,DCT,10,215552,3962,54.404846,0.147046,32.3426,0.863404,32.0938,32.4595,0.808223,0.88975,False,1.9329,2.1058,2.2654,2.2778,0.054636,0.01793
MCUCXR_0387_1,Montgomery,1,1,True,DCT,20,215552,6752,31.924171,0.250594,35.4131,0.923357,34.9756,35.6255,0.886361,0.940926,False,2.2918,2.4127,2.803,2.8514,0.083235,0.030237
MCUCXR_0387_1,Montgomery,1,1,True,DCT,30,215552,8968,24.035682,0.332838,37.1837,0.945938,36.6465,37.4491,0.917725,0.959358,False,2.4581,2.6079,3.0146,3.0328,0.072944,0.035563
MCUCXR_0387_1,Montgomery,1,1,True,DCT,50,215552,12750,16.906039,0.473204,39.4913,0.964721,38.468,40.0447,0.943962,0.974545,False,2.63,2.7565,3.2148,3.2525,0.088792,0.047136
MCUCXR_0387_1,Montgomery,1,1,True,DCT,70,215552,17500,12.317257,0.649495,41.472,0.969588,40.1556,42.2262,0.961015,0.971899,False,2.7733,2.898,3.3285,3.373,0.105751,0.062237
MCUCXR_0387_1,Montgomery,1,1,True,DCT,90,215552,32350,6.663122,1.200638,45.5188,0.988435,43.4228,46.9411,0.980689,0.992211,False,3.0,3.0775,3.5165,3.5501,0.161087,0.110197
MCUCXR_0390_1,Montgomery,1,3,True,DCT,10,215552,3563,60.497334,0.132237,33.155,0.880161,32.7382,33.3147,0.832957,0.897098,False,1.9061,2.0805,2.0135,2.0373,0.051893,0.019261
MCUCXR_0390_1,Montgomery,1,3,True,DCT,20,215552,6009,35.871526,0.223018,36.3104,0.934085,35.8227,36.4995,0.903041,0.944655,False,2.258,2.36,2.6448,2.7286,0.058325,0.024753
MCUCXR_0390_1,Montgomery,1,3,True,DCT,30,215552,7914,27.236796,0.29372,38.0748,0.95518,37.4587,38.3189,0.930233,0.963942,False,2.4352,2.5383,2.8974,2.9355,0.069395,0.039538
MCUCXR_0390_1,Montgomery,1,3,True,DCT,50,215552,11115,19.392892,0.412522,40.157,0.970114,39.4228,40.4537,0.953031,0.976303,False,2.6087,2.7161,3.1312,3.1597,0.103675,0.041878
MCUCXR_0390_1,Montgomery,1,3,True,DCT,70,215552,15299,14.089287,0.567807,42.3251,0.969393,41.2366,42.793,0.968179,0.969086,False,2.7178,2.8157,3.2925,3.3348,0.099085,0.059154
MCUCXR_0390_1,Montgomery,1,3,True,DCT,90,215552,28401,7.589592,1.054075,46.7367,0.990929,44.583,47.873,0.984582,0.993362,False,2.952,3.023,3.529,3.5632,0.18087,0.095047
MCUCXR_0393_1,Montgomery,1,1,True,DCT,10,215552,3686,58.478568,0.136802,32.8658,0.887154,31.9672,33.2253,0.822481,0.908851,False,1.8644,1.9192,2.2386,2.2581,0.052972,0.017779
MCUCXR_0393_1,Montgomery,1,1,True,DCT,20,215552,6210,34.710467,0.230478,35.9894,0.938888,35.1046,36.3425,0.900735,0.952853,False,2.2337,2.3149,2.8195,2.8765,0.062434,0.026916
MCUCXR_0393_1,Montgomery,1,1,True,DCT,30,215552,8155,26.431882,0.302665,37.8452,0.957587,36.8379,38.2557,0.929067,0.967927,False,2.387,2.5029,3.0558,3.0805,0.069369,0.032443
MCUCXR_0393_1,Montgomery,1,1,True,DCT,50,215552,11299,19.077086,0.419351,40.2881,0.973886,38.8681,40.9113,0.9535,0.981245,False,2.5873,2.6633,3.2481,3.2757,0.094933,0.041997
MCUCXR_0393_1,Montgomery,1,1,True,DCT,70,215552,15196,14.184785,0.563985,42.2518,0.954723,40.6914,42.9546,0.968702,0.949446,False,2.7415,2.7998,3.3656,3.4121,0.088036,0.050121
MCUCXR_0393_1,Montgomery,1,1,True,DCT,90,215552,27301,7.895388,1.01325,46.8669,0.992386,44.1584,48.4108,0.985192,0.995031,False,2.9893,3.0271,3.5684,3.5981,0.127208,0.085177
MCUCXR_0399_1,Montgomery,1,2,True,DCT,10,215552,3021,71.351208,0.112121,33.5642,0.899817,32.7269,33.8108,0.82047,0.919866,False,1.6106,1.691,2.0522,2.0759,0.049162,0.014311
MCUCXR_0399_1,Montgomery,1,2,True,DCT,20,215552,4995,43.153554,0.185385,36.4861,0.943553,35.8199,36.6772,0.897703,0.955327,False,1.9887,2.0587,2.5989,2.6437,0.071759,0.026844
MCUCXR_0399_1,Montgomery,1,2,True,DCT,30,215552,6714,32.104856,0.249183,38.4984,0.961464,37.5683,38.7764,0.927656,0.970201,False,2.1462,2.2255,2.9017,2.9517,0.058878,0.024903
MCUCXR_0399_1,Montgomery,1,2,True,DCT,50,215552,9195,23.442306,0.341263,40.8227,0.975882,39.5801,41.2132,0.952411,0.981803,False,2.3822,2.4811,3.1288,3.1537,0.064675,0.031317
MCUCXR_0399_1,Montgomery,1,2,True,DCT,70,215552,12654,17.034297,0.469641,42.8614,0.959719,41.4337,43.324,0.968459,0.956829,False,2.5438,2.6321,3.3091,3.3498,0.07651,0.040641
MCUCXR_0399_1,Montgomery,1,2,True,DCT,90,215552,23087,9.33651,0.856851,47.7452,0.992568,44.9322,48.9175,0.985488,0.994477,False,2.8705,2.9381,3.5345,3.5592,0.122058,0.109748
