stem,source,label,fold,has_mask,codec,setting,orig_bytes,compressed_bytes,compression_ratio,bpp,psnr_full,ssim_full,psnr_roi,psnr_background,ssim_roi,ssim_background,roi_lossless,ll_entropy,ll_avg_code_length,detail_entropy,detail_avg_code_length,encode_time_s,decode_time_s
CHNCXR_0001_0,Shenzhen,0,3,True,DWT,10,254976,1339,190.422704,0.042012,31.1221,0.841796,30.1696,31.4833,0.734535,0.875539,False,2.069,2.1636,1.2136,1.7051,0.062081,0.01803
CHNCXR_0001_0,Shenzhen,0,3,True,DWT,20,254976,2672,95.42515,0.083835,33.1379,0.872649,31.7734,33.6936,0.780433,0.901962,False,2.3568,2.4252,0.7957,1.4943,0.079059,0.0294
CHNCXR_0001_0,Shenzhen,0,3,True,DWT,30,254976,3886,65.613999,0.121925,35.6741,0.903228,33.3504,36.8103,0.829781,0.926863,False,2.5795,2.6752,1.2471,1.8129,0.104112,0.0368
CHNCXR_0001_0,Shenzhen,0,3,True,DWT,50,254976,8995,28.346415,0.282223,40.0804,0.954489,37.2866,41.5906,0.923931,0.964663,False,2.884,2.9715,1.9904,2.355,0.117032,0.06018
CHNCXR_0001_0,Shenzhen,0,3,True,DWT,70,254976,20419,12.487193,0.640656,44.3135,0.979925,41.5785,45.7729,0.97002,0.983381,False,3.0733,3.1211,2.8258,2.9923,0.182837,0.117291
CHNCXR_0001_0,Shenzhen,0,3,True,DWT,90,254976,48189,5.291166,1.511954,49.4553,0.99269,48.0755,50.0187,0.992694,0.992797,False,3.1557,3.2083,3.5652,3.6077,0.319523,0.25121
CHNCXR_0002_0,Shenzhen,0,1,True,DWT,10,258048,1408,183.272727,0.043651,31.338,0.845279,30.7048,31.5308,0.741592,0.873615,False,2.0739,2.1551,1.222,1.6991,0.065452,0.0208
CHNCXR_0002_0,Shenzhen,0,1,True,DWT,20,258048,2738,94.246896,0.084883,33.4652,0.878638,32.1923,33.895,0.780617,0.906086,False,2.3642,2.4136,0.8446,1.5265,0.076949,0.030736
CHNCXR_0002_0,Shenzhen,0,1,True,DWT,30,258048,3925,65.744713,0.121683,35.7802,0.906623,33.8127,36.53,0.83021,0.927806,False,2.6023,2.6636,1.2714,1.831,0.11095,0.036915
CHNCXR_0002_0,Shenzhen,0,1,True,DWT,50,258048,8975,28.751866,0.278243,40.1587,0.954278,37.4436,41.3525,0.917968,0.964758,False,2.8933,2.9653,1.9556,2.3407,0.119899,0.065552
CHNCXR_0002_0,Shenzhen,0,1,True,DWT,70,258048,20455,12.6154,0.634146,44.4223,0.980007,41.644,45.6596,0.96767,0.983683,False,3.0306,3.0918,2.8503,3.0119,0.185106,0.115888
CHNCXR_0002_0,Shenzhen,0,1,True,DWT,90,258048,48004,5.375552,1.488219,49.5202,0.992761,48.0851,50.0183,0.9922,0.993018,False,3.127,3.1597,3.5611,3.6028,0.329573,0.273821
CHNCXR_0003_0,Shenzhen,0,3,True,DWT,10,258560,1852,139.611231,0.057302,30.1029,0.848183,30.4821,29.9901,0.745727,0.87722,False,2.1977,2.2654,1.2883,1.7767,0.071653,0.02471
CHNCXR_0003_0,Shenzhen,0,3,True,DWT,20,258560,3700,69.881081,0.11448,32.038,0.877048,32.2416,31.9758,0.794774,0.901318,False,2.454,2.5193,0.7017,1.4316,0.106917,0.040836
CHNCXR_0003_0,Shenzhen,0,3,True,DWT,30,258560,5059,51.108915,0.156528,35.2528,0.908189,33.6867,35.8907,0.838629,0.92993,False,2.6484,2.7215,1.1582,1.7512,0.098049,0.047776
CHNCXR_0003_0,Shenzhen,0,3,True,DWT,50,258560,10685,24.198409,0.3306,40.0136,0.955272,37.6431,41.1398,0.924856,0.965175,False,2.8723,2.929,1.861,2.27,0.131218,0.081787
CHNCXR_0003_0,Shenzhen,0,3,True,DWT,70,258560,22402,11.541827,0.693131,44.3485,0.980009,41.965,45.484,0.969928,0.983486,False,2.9967,3.0664,2.9618,3.1139,0.183805,0.132832
CHNCXR_0003_0,Shenzhen,0,3,True,DWT,90,258560,50953,5.07448,1.576516,49.4719,0.99271,48.1606,49.9824,0.992289,0.992963,False,3.0415,3.091,3.6401,3.682,0.348869,0.287342
CHNCXR_0004_0,Shenzhen,0,0,True,DWT,10,256512,1422,180.388186,0.044349,31.2703,0.85089,30.6607,31.4622,0.736414,0.882828,False,2.1001,2.2168,1.2562,1.7307,0.064819,0.025027
CHNCXR_0004_0,Shenzhen,0,0,True,DWT,20,256512,2839,90.352941,0.088542,33.2934,0.879737,32.307,33.6232,0.78262,0.907025,False,2.3756,2.4576,0.8075,1.5059,0.07569,0.031612
CHNCXR_0004_0,Shenzhen,0,0,True,DWT,30,256512,4008,64.0,0.125,35.8135,0.907906,33.8337,36.6,0.825662,0.931608,False,2.5917,2.6698,1.3537,1.8849,0.108826,0.037678
CHNCXR_0004_0,Shenzhen,0,0,True,DWT,50,256512,9053,28.334475,0.282342,40.1406,0.953613,37.444,41.3716,0.915119,0.96498,False,2.8454,2.9306,1.9971,2.369,0.112395,0.062193
CHNCXR_0004_0,Shenzhen,0,0,True,DWT,70,256512,20666,12.412271,0.644523,44.3149,0.979239,41.6847,45.4995,0.966831,0.983078,False,2.9955,3.0617,2.8374,3.0,0.178307,0.117401
CHNCXR_0004_0,Shenzhen,0,0,True,DWT,90,256512,49126,5.221512,1.532123,49.3521,0.992423,48.025,49.8218,0.992064,0.99263,False,3.0687,3.1327,3.5882,3.6282,0.324824,0.249781
CHNCXR_0005_0,Shenzhen,0,1,True,DWT,10,256512,1435,178.754007,0.044754,31.11,0.846447,30.5015,31.3191,0.735194,0.879166,False,2.0825,2.1952,1.3507,1.816,0.093464,0.027853
CHNCXR_0005_0,Shenzhen,0,1,True,DWT,20,256512,2731,93.926034,0.085173,33.1459,0.874803,31.9534,33.5975,0.77722,0.903847,False,2.3585,2.4097,0.8434,1.5387,0.077868,0.031678
CHNCXR_0005_0,Shenzhen,0,1,True,DWT,30,256512,4088,62.747554,0.127495,35.6259,0.905167,33.7021,36.4571,0.830128,0.928129,False,2.5694,2.6273,1.2726,1.8271,0.084038,0.034817
CHNCXR_0005_0,Shenzhen,0,1,True,DWT,50,256512,9189,27.915116,0.286583,39.9851,0.954002,37.5594,41.1417,0.921399,0.96437,False,2.8316,2.9035,2.0111,2.3757,0.114517,0.065269
CHNCXR_0005_0,Shenzhen,0,1,True,DWT,70,256512,20998,12.216021,0.654878,44.2066,0.97944,41.7326,45.398,0.968276,0.98314,False,2.9825,3.0224,2.8479,3.0093,0.185771,0.123833
CHNCXR_0005_0,Shenzhen,0,1,True,DWT,90,256512,49974,5.132909,1.55857,49.3111,0.992527,48.0302,49.8036,0.992348,0.992683,False,3.0514,3.1042,3.5787,3.6191,0.331404,0.257302
CHNCXR_0006_0,Shenzhen,0,3,True,DWT,10,246784,1570,157.187261,0.050895,30.4029,0.842039,30.0262,30.5225,0.712323,0.876525,False,2.1451,2.2397,1.4292,1.8825,0.068421,0.030083
CHNCXR_0006_0,Shenzhen,0,3,True,DWT,20,246784,3106,79.45396,0.100687,32.412,0.873351,31.6561,32.6667,0.762546,0.904587,False,2.4007,2.4659,0.9064,1.5805,0.071927,0.03243
CHNCXR_0006_0,Shenzhen,0,3,True,DWT,30,246784,4827,51.125751,0.156477,35.1164,0.904193,33.2949,35.8536,0.819459,0.928674,False,2.6125,2.6587,1.1603,1.7543,0.089423,0.045759
CHNCXR_0006_0,Shenzhen,0,3,True,DWT,50,246784,9952,24.797428,0.322614,39.8251,0.954201,37.1085,41.1351,0.915827,0.966021,False,2.8953,2.946,2.1524,2.4814,0.116707,0.064009
CHNCXR_0006_0,Shenzhen,0,3,True,DWT,70,246784,21756,11.343262,0.705265,44.2383,0.979899,41.3183,45.7089,0.966794,0.984239,False,2.9831,3.0421,2.9865,3.1393,0.189977,0.119053
CHNCXR_0006_0,Shenzhen,0,3,True,DWT,90,246784,49429,4.992697,1.602341,49.4544,0.992826,47.966,50.0217,0.992639,0.993027,False,3.0488,3.0833,3.6474,3.6935,0.337097,0.255302
CHNCXR_0007_0,Shenzhen,0,4,True,DWT,10,260608,1927,135.24027,0.059154,30.0403,0.835476,31.13,29.5441,0.760287,0.874484,False,2.1484,2.2091,1.3733,1.8073,0.069158,0.024615
CHNCXR_0007_0,Shenzhen,0,4,True,DWT,20,260608,3434,75.890507,0.105415,32.0199,0.863631,32.7684,31.6602,0.800863,0.896946,False,2.4082,2.436,1.0734,1.6518,0.081269,0.033516
CHNCXR_0007_0,Shenzhen,0,4,True,DWT,30,260608,5505,47.340236,0.168989,35.3264,0.89666,34.4179,35.9159,0.847677,0.924005,False,2.6178,2.6682,1.3247,1.861,0.098979,0.050485
CHNCXR_0007_0,Shenzhen,0,4,True,DWT,50,260608,11155,23.362438,0.34243,39.8929,0.950143,38.2777,41.1176,0.927585,0.963585,False,2.8415,2.8742,2.2499,2.5619,0.12502,0.072006
CHNCXR_0007_0,Shenzhen,0,4,True,DWT,70,260608,23925,10.892706,0.734436,44.0877,0.977925,42.3713,45.4213,0.970366,0.982646,False,2.9679,3.0123,2.9716,3.1353,0.197584,0.137228
CHNCXR_0007_0,Shenzhen,0,4,True,DWT,90,260608,54488,4.782851,1.672642,49.207,0.992132,48.343,49.7625,0.991897,0.992504,False,3.023,3.0602,3.6765,3.7245,0.360929,0.282985
CHNCXR_0008_0,Shenzhen,0,3,True,DWT,10,256512,1342,191.14158,0.041854,31.4866,0.863386,30.1887,31.8001,0.721761,0.889762,False,2.0537,2.1535,1.2204,1.7185,0.064329,0.018585
CHNCXR_0008_0,Shenzhen,0,3,True,DWT,20,256512,2676,95.856502,0.083458,33.4868,0.888191,31.8837,33.8929,0.769824,0.910198,False,2.3409,2.3858,0.7365,1.4546,0.092985,0.029054
CHNCXR_0008_0,Shenzhen,0,3,True,DWT,30,256512,3821,67.132164,0.119168,36.026,0.914554,33.5217,36.7624,0.824587,0.931894,False,2.5602,2.6366,1.2471,1.8086,0.083967,0.036494
CHNCXR_0008_0,Shenzhen,0,3,True,DWT,50,256512,8628,29.730181,0.269087,40.4765,0.958194,37.232,41.5673,0.91671,0.966532,False,2.8518,2.9429,1.9795,2.3562,0.115068,0.063375
CHNCXR_0008_0,Shenzhen,0,3,True,DWT,70,256512,19530,13.134255,0.609094,44.7967,0.981203,41.4409,45.9491,0.966801,0.984306,False,2.9974,3.0486,2.7769,2.9617,0.175985,0.122303
CHNCXR_0008_0,Shenzhen,0,3,True,DWT,90,256512,45156,5.680574,1.408308,49.7151,0.992779,47.9763,50.1652,0.992407,0.992958,False,3.0817,3.1211,3.5547,3.5996,0.303484,0.235732
CHNCXR_0009_0,Shenzhen,0,3,True,DWT,10,224256,1507,148.809555,0.05376,30.2884,0.847902,31.0155,30.1132,0.753554,0.86962,False,2.1251,2.1753,1.4344,1.8857,0.055313,0.019166
CHNCXR_0009_0,Shenzhen,0,3,True,DWT,20,224256,2865,78.274346,0.102205,32.244,0.87442,32.6768,32.1354,0.793893,0.893071,False,2.3976,2.4427,0.9595,1.6018,0.068483,0.029403
CHNCXR_0009_0,Shenzhen,0,3,True,DWT,30,224256,4650,48.227097,0.165882,35.2041,0.905704,34.2005,35.5165,0.835811,0.923545,False,2.6105,2.678,1.0978,1.7084,0.083666,0.039545
CHNCXR_0009_0,Shenzhen,0,3,True,DWT,50,224256,9152,24.503497,0.326484,39.9535,0.95395,37.8309,40.7535,0.918334,0.963371,False,2.8359,2.8958,2.1656,2.5197,0.106553,0.060472
CHNCXR_0009_0,Shenzhen,0,3,True,DWT,70,224256,19970,11.229644,0.7124,44.4438,0.979679,41.872,45.4988,0.966393,0.983559,False,2.9643,3.0295,2.976,3.1357,0.162451,0.113551
CHNCXR_0009_0,Shenzhen,0,3,True,DWT,90,224256,44675,5.01972,1.593714,49.5407,0.992736,48.0654,50.0369,0.991762,0.993148,False,3.0247,3.0738,3.6731,3.722,0.296688,0.259799
CHNCXR_0010_0,Shenzhen,0,1,True,DWT,10,257536,1418,181.619182,0.044048,31.3231,0.861441,30.1202,31.5856,0.703407,0.889231,False,2.0571,2.1875,1.2904,1.7445,0.063819,0.019095
CHNCXR_0010_0,Shenzhen,0,1,True,DWT,20,257536,2803,91.878701,0.087071,33.4269,0.887489,31.7117,33.8316,0.758472,0.9101,False,2.3427,2.3843,0.816,1.4984,0.077773,0.030911
CHNCXR_0010_0,Shenzhen,0,1,True,DWT,30,257536,3909,65.882834,0.121428,35.835,0.912944,33.3377,36.5042,0.814303,0.930312,False,2.5891,2.662,1.3124,1.8501,0.088097,0.03878
CHNCXR_0010_0,Shenzhen,0,1,True,DWT,50,257536,8946,28.787838,0.277895,40.2017,0.956302,37.1805,41.0884,0.91581,0.963677,False,2.8743,2.9468,2.0187,2.382,0.117403,0.060388
CHNCXR_0010_0,Shenzhen,0,1,True,DWT,70,257536,20388,12.631744,0.633325,44.4198,0.97981,41.4221,45.2959,0.967081,0.982278,False,3.0177,3.0633,2.8204,2.9918,0.187709,0.120939
CHNCXR_0010_0,Shenzhen,0,1,True,DWT,90,257536,48227,5.340079,1.498105,49.3532,0.992231,47.9526,49.668,0.992543,0.992263,False,3.1033,3.1358,3.5717,3.6109,0.329346,0.251808
CHNCXR_0011_0,Shenzhen,0,2,True,DWT,10,255488,1395,183.14552,0.043681,31.2383,0.851609,29.8034,31.7187,0.696856,0.892428,False,2.0881,2.1983,1.2801,1.7464,0.065912,0.018591
CHNCXR_0011_0,Shenzhen,0,2,True,DWT,20,255488,2763,92.467608,0.086517,33.1168,0.879379,31.2663,33.7825,0.749619,0.913483,False,2.376,2.4159,0.8213,1.5096,0.074156,0.031848
CHNCXR_0011_0,Shenzhen,0,2,True,DWT,30,255488,4007,63.760419,0.12547,35.6943,0.909108,32.9746,36.8457,0.812543,0.93434,False,2.6072,2.6744,1.3153,1.8488,0.080947,0.03547
CHNCXR_0011_0,Shenzhen,0,2,True,DWT,50,255488,9242,27.644233,0.289391,40.1196,0.956735,36.9625,41.582,0.918059,0.967132,False,2.8995,2.9691,2.0429,2.4036,0.117935,0.063456
CHNCXR_0011_0,Shenzhen,0,2,True,DWT,70,255488,20696,12.344801,0.648046,44.472,0.980919,41.2602,45.9771,0.96842,0.984461,False,3.0555,3.0918,2.8589,3.0227,0.175639,0.14055
CHNCXR_0011_0,Shenzhen,0,2,True,DWT,90,255488,47439,5.385611,1.48544,49.6891,0.993049,47.9934,50.2827,0.993011,0.993155,False,3.1487,3.1867,3.5608,3.6031,0.327023,0.255684
CHNCXR_0012_0,Shenzhen,0,3,True,DWT,10,258560,1439,179.680334,0.044524,31.0135,0.843633,30.4268,31.244,0.73807,0.880764,False,2.1124,2.216,1.2503,1.7425,0.066487,0.021471
CHNCXR_0012_0,Shenzhen,0,3,True,DWT,20,258560,2832,91.299435,0.087624,32.9422,0.870877,32.0358,33.3182,0.78004,0.902995,False,2.372,2.4529,0.7929,1.4914,0.083085,0.03275
CHNCXR_0012_0,Shenzhen,0,3,True,DWT,30,258560,4074,63.465881,0.126052,35.6447,0.901956,33.8085,36.5493,0.830576,0.927424,False,2.5753,2.6358,1.3254,1.8613,0.081681,0.036581
CHNCXR_0012_0,Shenzhen,0,3,True,DWT,50,258560,9330,27.712755,0.288676,39.7537,0.950059,37.5322,40.9378,0.91866,0.961316,False,2.8201,2.8935,2.056,2.4057,0.114759,0.066145
CHNCXR_0012_0,Shenzhen,0,3,True,DWT,70,258560,21720,11.904236,0.67203,43.9532,0.977389,41.6822,45.1763,0.966981,0.981362,False,2.9259,2.9722,2.9043,3.0538,0.190885,0.135163
CHNCXR_0012_0,Shenzhen,0,3,True,DWT,90,258560,52494,4.925515,1.624196,49.0953,0.992009,48.0395,49.5448,0.992135,0.992058,False,3.0043,3.0347,3.6198,3.6572,0.348454,0.274858
CHNCXR_0013_0,Shenzhen,0,4,True,DWT,10,256512,1305,196.56092,0.0407,31.2017,0.845615,29.5225,31.7968,0.683699,0.88906,False,2.0251,2.1397,1.1544,1.6529,0.062981,0.018061
CHNCXR_0013_0,Shenzhen,0,4,True,DWT,20,256512,2598,98.734411,0.081025,33.2425,0.877084,31.2041,34.0127,0.752077,0.910353,False,2.3255,2.3758,0.8273,1.5119,0.070361,0.029805
CHNCXR_0013_0,Shenzhen,0,4,True,DWT,30,256512,3812,67.290661,0.118887,35.6096,0.905733,32.8349,36.8167,0.812266,0.930631,False,2.5689,2.6705,1.246,1.8097,0.079986,0.036738
CHNCXR_0013_0,Shenzhen,0,4,True,DWT,50,256512,8917,28.766626,0.2781,39.9878,0.954602,36.7639,41.5286,0.917674,0.964903,False,2.887,2.9599,1.9456,2.3314,0.112204,0.066169
CHNCXR_0013_0,Shenzhen,0,4,True,DWT,70,256512,20495,12.515833,0.63919,44.3456,0.980204,41.3387,45.7177,0.969671,0.983238,False,3.0647,3.1103,2.7995,2.9709,0.181316,0.14118
CHNCXR_0013_0,Shenzhen,0,4,True,DWT,90,256512,48054,5.337995,1.49869,49.4801,0.992617,47.9553,50.0063,0.993081,0.99258,False,3.1484,3.186,3.5169,3.5583,0.320499,0.312597
CHNCXR_0014_0,Shenzhen,0,2,True,DWT,10,254976,1312,194.341463,0.041165,31.1647,0.841383,29.618,31.6519,0.693365,0.876445,False,2.0565,2.1543,1.137,1.668,0.066698,0.018516
CHNCXR_0014_0,Shenzhen,0,2,True,DWT,20,254976,2659,95.891689,0.083427,33.3887,0.875095,31.2451,34.137,0.753398,0.904416,False,2.3511,2.4167,0.8488,1.5353,0.07291,0.029096
CHNCXR_0014_0,Shenzhen,0,2,True,DWT,30,254976,3811,66.905274,0.119572,35.7399,0.905035,32.8372,36.9085,0.812162,0.927731,False,2.5812,2.679,1.2733,1.8313,0.08586,0.036925
CHNCXR_0014_0,Shenzhen,0,2,True,DWT,50,254976,8810,28.941657,0.276418,40.0675,0.95491,36.7125,41.5489,0.916208,0.964909,False,2.914,2.9691,1.9983,2.3685,0.108449,0.05917
CHNCXR_0014_0,Shenzhen,0,2,True,DWT,70,254976,20234,12.601364,0.634852,44.361,0.980612,41.0852,45.7835,0.96832,0.983889,False,3.09,3.1242,2.8112,2.979,0.173364,0.118792
CHNCXR_0014_0,Shenzhen,0,2,True,DWT,90,254976,47604,5.356189,1.493599,49.5609,0.992995,47.9263,50.0834,0.993097,0.993069,False,3.1925,3.2338,3.5642,3.6062,0.378001,0.239629
CHNCXR_0015_0,Shenzhen,0,4,True,DWT,10,257024,1439,178.612926,0.04479,30.9356,0.847025,30.2933,31.1423,0.733684,0.87865,False,2.0776,2.162,1.3137,1.7837,0.071343,0.019451
CHNCXR_0015_0,Shenzhen,0,4,True,DWT,20,257024,2878,89.306463,0.089579,32.8677,0.874994,32.0626,33.1336,0.783154,0.900759,False,2.3662,2.4267,0.8289,1.5211,0.078196,0.03107
CHNCXR_0015_0,Shenzhen,0,4,True,DWT,30,257024,4111,62.521041,0.127957,35.5698,0.905963,33.7231,36.2984,0.833055,0.92684,False,2.5739,2.6304,1.4228,1.9242,0.088702,0.034524
CHNCXR_0015_0,Shenzhen,0,4,True,DWT,50,257024,9448,27.204064,0.294074,39.8704,0.952621,37.5176,40.8918,0.920847,0.96199,False,2.8302,2.8981,2.0445,2.4083,0.1243,0.072014
CHNCXR_0015_0,Shenzhen,0,4,True,DWT,70,257024,21826,11.776047,0.679345,44.1544,0.978868,41.7266,45.2241,0.968427,0.982112,False,2.9609,2.9977,2.9059,3.0633,0.192647,0.169347
CHNCXR_0015_0,Shenzhen,0,4,True,DWT,90,257024,51327,5.007579,1.597578,49.2511,0.992369,48.0329,49.6816,0.992338,0.992473,False,3.033,3.0772,3.6298,3.6654,0.33821,0.284307
CHNCXR_0016_0,Shenzhen,0,2,True,DWT,10,257024,1396,184.114613,0.043451,31.3099,0.852224,30.2629,31.6229,0.733771,0.881241,False,2.0693,2.1937,1.2726,1.7609,0.0655,0.020797
CHNCXR_0016_0,Shenzhen,0,2,True,DWT,20,257024,2818,91.207949,0.087712,33.5374,0.884735,31.9787,34.0441,0.78217,0.910051,False,2.3628,2.4236,0.7917,1.4962,0.076604,0.032471
CHNCXR_0016_0,Shenzhen,0,2,True,DWT,30,257024,3933,65.350623,0.122417,35.8921,0.912755,33.5414,36.7709,0.82943,0.933397,False,2.5957,2.6651,1.277,1.8444,0.083116,0.037003
CHNCXR_0016_0,Shenzhen,0,2,True,DWT,50,257024,8879,28.947404,0.276363,40.3706,0.957235,37.3536,41.6539,0.9199,0.966979,False,2.9032,2.9614,1.9365,2.3229,0.116463,0.063594
CHNCXR_0016_0,Shenzhen,0,2,True,DWT,70,257024,19860,12.941793,0.618152,44.6421,0.981183,41.583,45.9547,0.968572,0.984555,False,3.0641,3.1327,2.8069,2.977,0.173665,0.126055
CHNCXR_0016_0,Shenzhen,0,2,True,DWT,90,257024,46227,5.560041,1.438838,49.7302,0.993035,48.0757,50.2768,0.992472,0.993274,False,3.1457,3.1852,3.5405,3.5874,0.316785,0.245686
CHNCXR_0017_0,Shenzhen,0,2,True,DWT,10,251392,1705,147.443988,0.054258,30.7068,0.843483,30.3831,30.8112,0.731303,0.87449,False,2.159,2.2254,1.1645,1.6922,0.058591,0.018021
CHNCXR_0017_0,Shenzhen,0,2,True,DWT,20,251392,3163,79.478976,0.100656,32.746,0.87504,31.9565,33.0201,0.782999,0.90171,False,2.4363,2.4968,0.8618,1.5336,0.07228,0.029109
CHNCXR_0017_0,Shenzhen,0,2,True,DWT,30,251392,4482,56.089246,0.14263,35.5875,0.906443,33.6161,36.4297,0.831412,0.929152,False,2.6371,2.6786,1.3076,1.8471,0.08098,0.036008
CHNCXR_0017_0,Shenzhen,0,2,True,DWT,50,251392,9539,26.354125,0.303558,40.0059,0.953618,37.3466,41.3088,0.919759,0.964205,False,2.8938,2.954,2.0734,2.4387,0.118578,0.068098
CHNCXR_0017_0,Shenzhen,0,2,True,DWT,70,251392,21090,11.919962,0.671143,44.3273,0.979732,41.5499,45.7227,0.968002,0.983667,False,3.047,3.0968,2.905,3.0714,0.174477,0.123756
CHNCXR_0017_0,Shenzhen,0,2,True,DWT,90,251392,48750,5.156759,1.551362,49.4704,0.992712,47.994,50.0464,0.992454,0.992941,False,3.1106,3.1571,3.6411,3.6895,0.322682,0.244525
CHNCXR_0018_0,Shenzhen,0,2,True,DWT,10,254976,1826,139.636364,0.057292,30.0788,0.83009,30.339,29.977,0.720771,0.871876,False,2.1712,2.2407,1.1044,1.6576,0.064432,0.020961
CHNCXR_0018_0,Shenzhen,0,2,True,DWT,20,254976,3334,76.477504,0.104606,32.3645,0.863064,31.7792,32.6279,0.765152,0.901579,False,2.4481,2.5355,0.8755,1.5477,0.080067,0.034554
CHNCXR_0018_0,Shenzhen,0,2,True,DWT,30,254976,5034,50.650775,0.157944,34.9443,0.895758,33.3219,35.8315,0.818693,0.927234,False,2.6443,2.6983,1.2205,1.7981,0.093593,0.041883
CHNCXR_0018_0,Shenzhen,0,2,True,DWT,50,254976,10458,24.380952,0.328125,39.566,0.950008,37.1533,41.1339,0.916388,0.964498,False,2.9036,2.9668,2.2448,2.5549,0.126999,0.072162
CHNCXR_0018_0,Shenzhen,0,2,True,DWT,70,254976,23121,11.027897,0.725433,43.9443,0.978492,41.3715,45.6818,0.966874,0.983744,False,3.0618,3.1181,2.9742,3.1102,0.193242,0.138815
CHNCXR_0018_0,Shenzhen,0,2,True,DWT,90,254976,53132,4.798916,1.667043,49.2955,0.992719,47.9718,49.9777,0.99251,0.992992,False,3.1487,3.2106,3.6163,3.6576,0.367632,0.269799
CHNCXR_0019_0,Shenzhen,0,0,True,DWT,10,257024,1375,186.926545,0.042798,30.9575,0.836248,29.9077,31.3791,0.712357,0.87871,False,2.0657,2.159,1.1883,1.7014,0.063636,0.018382
CHNCXR_0019_0,Shenzhen,0,0,True,DWT,20,257024,2674,96.119671,0.08323,33.0314,0.868503,31.5163,33.6927,0.764026,0.904346,False,2.3428,2.409,0.8742,1.5447,0.079403,0.028854
CHNCXR_0019_0,Shenzhen,0,0,True,DWT,30,257024,3978,64.611362,0.123817,35.5348,0.902101,33.2521,36.6923,0.823701,0.929013,False,2.5631,2.6474,1.3322,1.8818,0.083482,0.034173
CHNCXR_0019_0,Shenzhen,0,0,True,DWT,50,257024,9291,27.663761,0.289187,39.7892,0.952681,37.0754,41.2993,0.91886,0.964527,False,2.8639,2.9213,1.9991,2.3671,0.11876,0.062809
CHNCXR_0019_0,Shenzhen,0,0,True,DWT,70,257024,21338,12.045365,0.664156,44.122,0.979566,41.43,45.6127,0.968842,0.98346,False,3.0082,3.0579,2.8354,2.9959,0.187384,0.126883
CHNCXR_0019_0,Shenzhen,0,0,True,DWT,90,257024,50467,5.092912,1.570811,49.3122,0.992721,47.9634,49.8834,0.992809,0.992797,False,3.0844,3.1211,3.5682,3.6068,0.343868,0.264505
CHNCXR_0020_0,Shenzhen,0,0,True,DWT,10,242688,1673,145.061566,0.055149,30.4349,0.808693,28.7762,31.4775,0.70363,0.853729,False,2.2108,2.2402,1.054,1.6437,0.062861,0.020063
CHNCXR_0020_0,Shenzhen,0,0,True,DWT,20,242688,3530,68.750142,0.116363,32.2169,0.849189,30.4064,33.3937,0.763061,0.886517,False,2.4761,2.5531,0.6505,1.4069,0.085051,0.036696
CHNCXR_0020_0,Shenzhen,0,0,True,DWT,30,242688,4815,50.402492,0.158722,34.1516,0.884805,32.1551,35.5054,0.821417,0.913638,False,2.643,2.732,1.0979,1.722,0.086342,0.042585
CHNCXR_0020_0,Shenzhen,0,0,True,DWT,50,242688,10870,22.326403,0.35832,38.2893,0.943153,36.044,39.905,0.919321,0.955196,False,2.856,2.9142,1.9369,2.3152,0.126367,0.075593
CHNCXR_0020_0,Shenzhen,0,0,True,DWT,70,242688,25396,9.556151,0.837157,42.3743,0.973341,40.4805,43.6285,0.969444,0.975726,False,3.0217,3.0703,3.0946,3.1995,0.209151,0.151042
CHNCXR_0020_0,Shenzhen,0,0,True,DWT,90,242688,64558,3.759224,2.128099,48.1379,0.991615,47.7548,48.3257,0.993956,0.99072,False,3.0448,3.1087,3.6064,3.6397,0.406999,0.355425
CHNCXR_0021_0,Shenzhen,0,1,True,DWT,10,254464,1557,163.432241,0.04895,30.5676,0.842491,30.5716,30.5663,0.74054,0.87209,False,2.1013,2.2029,1.4203,1.8782,0.0758,0.01906
CHNCXR_0021_0,Shenzhen,0,1,True,DWT,20,254464,3127,81.376399,0.098309,32.7225,0.873917,32.1129,32.9501,0.7873,0.901582,False,2.381,2.4367,0.8871,1.5585,0.08019,0.031728
CHNCXR_0021_0,Shenzhen,0,1,True,DWT,30,254464,4894,51.995096,0.153861,35.513,0.904415,33.8628,36.2524,0.836322,0.926229,False,2.6082,2.6728,1.0132,1.6638,0.093256,0.042781
CHNCXR_0021_0,Shenzhen,0,1,True,DWT,50,254464,9894,25.719022,0.311054,40.0352,0.953273,37.7324,41.209,0.923322,0.963726,False,2.9159,2.9691,2.0299,2.4032,0.118166,0.067606
CHNCXR_0021_0,Shenzhen,0,1,True,DWT,70,254464,21798,11.673732,0.685299,44.3439,0.979488,41.9109,45.6185,0.969239,0.983347,False,3.064,3.1103,2.8898,3.0617,0.188529,0.134041
CHNCXR_0021_0,Shenzhen,0,1,True,DWT,90,254464,50070,5.082165,1.574132,49.3708,0.992529,48.0756,49.9144,0.992183,0.992803,False,3.1523,3.1898,3.6379,3.6815,0.335754,0.268102
CHNCXR_0022_0,Shenzhen,0,2,True,DWT,10,258048,1462,176.50342,0.045325,31.0247,0.844203,30.7099,31.147,0.751195,0.877635,False,2.0975,2.1736,1.3629,1.8225,0.063456,0.01968
CHNCXR_0022_0,Shenzhen,0,2,True,DWT,20,258048,2861,90.195037,0.088697,33.0535,0.873457,32.2054,33.414,0.789995,0.903729,False,2.3731,2.456,0.8173,1.5152,0.078272,0.030241
CHNCXR_0022_0,Shenzhen,0,2,True,DWT,30,258048,4077,63.293598,0.126395,35.5034,0.903826,33.9145,36.2768,0.838295,0.927874,False,2.5959,2.679,1.385,1.9136,0.081962,0.038005
CHNCXR_0022_0,Shenzhen,0,2,True,DWT,50,258048,9341,27.625308,0.28959,39.7716,0.950665,37.504,41.0397,0.918396,0.96271,False,2.8376,2.9151,2.0437,2.4022,0.115797,0.064687
CHNCXR_0022_0,Shenzhen,0,2,True,DWT,70,258048,21625,11.932855,0.670418,43.9537,0.977753,41.6161,45.2809,0.967187,0.981934,False,2.971,3.0347,2.8889,3.036,0.189257,0.125352
CHNCXR_0022_0,Shenzhen,0,2,True,DWT,90,258048,52265,4.9373,1.620319,49.161,0.992242,47.9895,49.6884,0.992137,0.992376,False,3.0266,3.0748,3.6013,3.6386,0.392629,0.272597
CHNCXR_0023_0,Shenzhen,0,0,True,DWT,10,256512,1411,181.794472,0.044006,31.1402,0.842798,30.3165,31.4468,0.717329,0.882364,False,2.1076,2.1721,1.2569,1.7443,0.063389,0.019637
CHNCXR_0023_0,Shenzhen,0,0,True,DWT,20,256512,2718,94.375276,0.084768,33.0575,0.870984,31.8022,33.5607,0.762639,0.905185,False,2.3762,2.429,0.8927,1.5607,0.074779,0.029095
CHNCXR_0023_0,Shenzhen,0,0,True,DWT,30,256512,4071,63.00958,0.126965,35.4641,0.900936,33.4335,36.404,0.816934,0.928294,False,2.5824,2.6281,1.3536,1.8732,0.086956,0.039266
CHNCXR_0023_0,Shenzhen,0,0,True,DWT,50,256512,9427,27.210353,0.294006,39.7378,0.950969,37.1886,41.0495,0.914269,0.963216,False,2.8403,2.9306,2.0987,2.4458,0.118227,0.070048
CHNCXR_0023_0,Shenzhen,0,0,True,DWT,70,256512,21838,11.746131,0.681075,44.0617,0.978399,41.5445,45.3482,0.966898,0.982431,False,2.9677,3.0,2.94,3.0817,0.193369,0.155002
CHNCXR_0023_0,Shenzhen,0,0,True,DWT,90,256512,51817,4.950344,1.616049,49.1202,0.992088,47.9549,49.5801,0.992251,0.992153,False,3.0479,3.0995,3.6308,3.6684,0.340506,0.270475
CHNCXR_0024_0,Shenzhen,0,4,True,DWT,10,258048,1436,179.699164,0.044519,30.9757,0.844973,30.2848,31.1946,0.724641,0.877798,False,2.1113,2.1775,1.3162,1.787,0.064983,0.02
CHNCXR_0024_0,Shenzhen,0,4,True,DWT,20,258048,2891,89.25908,0.089627,33.1245,0.876741,31.9606,33.5227,0.774221,0.904976,False,2.3817,2.4352,0.8305,1.5243,0.078672,0.031545
CHNCXR_0024_0,Shenzhen,0,4,True,DWT,30,258048,4080,63.247059,0.126488,35.619,0.906768,33.4666,36.4961,0.824715,0.929989,False,2.5908,2.6597,1.3723,1.8943,0.080066,0.034442
CHNCXR_0024_0,Shenzhen,0,4,True,DWT,50,258048,9295,27.762023,0.288163,39.9969,0.95432,37.2366,41.2647,0.917166,0.965018,False,2.841,2.9236,2.0389,2.3962,0.113348,0.060719
CHNCXR_0024_0,Shenzhen,0,4,True,DWT,70,258048,21312,12.108108,0.660714,44.2737,0.979695,41.5553,45.5116,0.967649,0.983367,False,2.9757,3.0378,2.8805,3.0348,0.233228,0.12147
CHNCXR_0024_0,Shenzhen,0,4,True,DWT,90,258048,50190,5.141423,1.55599,49.3141,0.992542,47.9409,49.8008,0.992343,0.992698,False,3.0414,3.0995,3.6002,3.6401,0.342029,0.268718
CHNCXR_0025_0,Shenzhen,0,1,False,DWT,10,256512,1406,182.440967,0.04385,30.9861,0.837936,,,,,,2.091,2.1983,1.3587,1.8142,0.0682,0.030681
CHNCXR_0025_0,Shenzhen,0,1,False,DWT,20,256512,2819,90.993969,0.087918,32.8561,0.867066,,,,,,2.3511,2.3989,0.8214,1.5121,0.075066,0.028813
CHNCXR_0025_0,Shenzhen,0,1,False,DWT,30,256512,4104,62.502924,0.127994,35.4252,0.89889,,,,,,2.5632,2.6181,1.3516,1.8801,0.079854,0.034815
CHNCXR_0025_0,Shenzhen,0,1,False,DWT,50,256512,9585,26.761815,0.298933,39.6648,0.950642,,,,,,2.7968,2.8642,2.0943,2.437,0.116227,0.067393
CHNCXR_0025_0,Shenzhen,0,1,False,DWT,70,256512,22139,11.586431,0.690463,43.9996,0.978482,,,,,,2.93,2.9707,2.9035,3.0485,0.17811,0.129171
CHNCXR_0025_0,Shenzhen,0,1,False,DWT,90,256512,52199,4.914117,1.627963,49.2083,0.992423,,,,,,2.9812,3.0131,3.5954,3.6315,0.34953,0.284258
CHNCXR_0026_0,Shenzhen,0,3,True,DWT,10,256512,1348,190.290801,0.042041,31.4778,0.856284,30.3949,31.8225,0.720486,0.891357,False,2.0404,2.1659,1.2098,1.7261,0.062971,0.019017
CHNCXR_0026_0,Shenzhen,0,3,True,DWT,20,256512,2725,94.132844,0.084986,33.4929,0.883935,31.8125,34.0843,0.769427,0.913549,False,2.3361,2.3835,0.7601,1.4745,0.074441,0.029382
CHNCXR_0026_0,Shenzhen,0,3,True,DWT,30,256512,3795,67.592095,0.118357,35.9914,0.911135,33.4435,37.0431,0.822776,0.934487,False,2.5593,2.6358,1.277,1.8383,0.08175,0.03461
CHNCXR_0026_0,Shenzhen,0,3,True,DWT,50,256512,8676,29.565698,0.270584,40.3666,0.956201,37.1981,41.8511,0.917151,0.966946,False,2.8665,2.9429,1.9225,2.3114,0.112501,0.061248
CHNCXR_0026_0,Shenzhen,0,3,True,DWT,70,256512,19553,13.118805,0.609812,44.6439,0.980828,41.5723,46.0536,0.968378,0.98436,False,3.0175,3.064,2.749,2.9377,0.17121,0.110984
CHNCXR_0026_0,Shenzhen,0,3,True,DWT,90,256512,46026,5.573198,1.435442,49.6609,0.992856,48.0468,50.2226,0.992673,0.993002,False,3.1119,3.1651,3.5318,3.576,0.307843,0.241084
CHNCXR_0027_0,Shenzhen,0,1,True,DWT,10,256000,1709,149.795202,0.053406,30.3942,0.857058,30.5839,30.348,0.736851,0.883893,False,2.146,2.2431,1.3419,1.8091,0.066791,0.020225
CHNCXR_0027_0,Shenzhen,0,1,True,DWT,20,256000,3162,80.961417,0.098812,32.4275,0.883359,32.1041,32.5123,0.778028,0.908314,False,2.4136,2.5085,0.95,1.5979,0.079487,0.033323
CHNCXR_0027_0,Shenzhen,0,1,True,DWT,30,256000,5112,50.078247,0.15975,35.3694,0.911505,33.7954,35.8719,0.827637,0.932367,False,2.6146,2.6806,1.0665,1.6919,0.093519,0.044281
CHNCXR_0027_0,Shenzhen,0,1,True,DWT,50,256000,9852,25.984572,0.307875,40.0322,0.954666,37.4742,41.0048,0.916518,0.964779,False,2.8771,2.9483,2.1298,2.4573,0.120313,0.068678
CHNCXR_0027_0,Shenzhen,0,1,True,DWT,70,256000,21725,11.783659,0.678906,44.3412,0.979276,41.5864,45.4288,0.966331,0.982861,False,3.0054,3.0671,2.9315,3.0849,0.179134,0.127353
CHNCXR_0027_0,Shenzhen,0,1,True,DWT,90,256000,50237,5.095846,1.569906,49.278,0.992118,47.9676,49.6785,0.991964,0.992286,False,3.0778,3.1327,3.6448,3.6889,0.331386,0.257075
CHNCXR_0028_0,Shenzhen,0,1,True,DWT,10,257024,1535,167.442345,0.047778,30.8346,0.826883,30.633,30.933,0.732735,0.871394,False,2.0983,2.1682,1.0739,1.6629,0.065444,0.020074
CHNCXR_0028_0,Shenzhen,0,1,True,DWT,20,257024,2916,88.142661,0.090762,32.9254,0.860565,32.0871,33.3847,0.773197,0.901805,False,2.367,2.4329,0.8051,1.5179,0.080218,0.031671
CHNCXR_0028_0,Shenzhen,0,1,True,DWT,30,257024,4152,61.903661,0.129233,35.2719,0.892905,33.6497,36.3145,0.821595,0.927094,False,2.5823,2.662,1.3962,1.92,0.08376,0.037491
CHNCXR_0028_0,Shenzhen,0,1,True,DWT,50,257024,9668,26.585023,0.300921,39.5453,0.94809,37.3917,41.1103,0.915093,0.964199,False,2.8432,2.9128,2.0704,2.4162,0.118323,0.065238
CHNCXR_0028_0,Shenzhen,0,1,True,DWT,70,257024,22438,11.454853,0.698394,43.7164,0.977313,41.4856,45.3687,0.965846,0.983006,False,2.966,3.0154,2.9091,3.0505,0.208582,0.132662
CHNCXR_0028_0,Shenzhen,0,1,True,DWT,90,257024,54033,4.756797,1.681804,49.0837,0.992456,48.0063,49.702,0.992158,0.992694,False,3.037,3.0787,3.5986,3.6362,0.360661,0.27951
CHNCXR_0029_0,Shenzhen,0,0,True,DWT,10,256512,1326,193.447964,0.041355,31.6248,0.862285,30.1779,31.9617,0.710734,0.889401,False,2.0543,2.1836,1.1335,1.6532,0.061296,0.018533
CHNCXR_0029_0,Shenzhen,0,0,True,DWT,20,256512,2545,100.79057,0.079373,33.6658,0.891075,31.6366,34.1837,0.763159,0.913857,False,2.3504,2.375,0.8015,1.4969,0.072701,0.027888
CHNCXR_0029_0,Shenzhen,0,0,True,DWT,30,256512,3685,69.609769,0.114926,36.0917,0.916723,33.2327,36.9316,0.813967,0.935168,False,2.5861,2.6605,1.2296,1.797,0.076977,0.033763
CHNCXR_0029_0,Shenzhen,0,0,True,DWT,50,256512,8428,30.435691,0.262849,40.5289,0.959768,37.0424,41.6783,0.915424,0.968162,False,2.9087,2.9954,1.8966,2.2952,0.111171,0.060731
CHNCXR_0029_0,Shenzhen,0,0,True,DWT,70,256512,19023,13.484308,0.593282,45.0152,0.982622,41.505,46.1776,0.968378,0.985482,False,3.0639,3.0965,2.7592,2.9444,0.164314,0.117331
CHNCXR_0029_0,Shenzhen,0,0,True,DWT,90,256512,43347,5.917641,1.35189,50.023,0.993401,48.0499,50.522,0.992711,0.993625,False,3.154,3.1991,3.4941,3.5476,0.291841,0.246819
CHNCXR_0030_0,Shenzhen,0,4,True,DWT,10,250880,1529,164.081099,0.048756,30.8388,0.808638,29.215,31.976,0.721263,0.851591,False,2.157,2.2063,1.3714,1.8483,0.059383,0.017331
CHNCXR_0030_0,Shenzhen,0,4,True,DWT,20,250880,3018,83.127899,0.096237,32.4626,0.843237,30.8222,33.6159,0.773644,0.87652,False,2.4146,2.5071,0.8486,1.5403,0.073975,0.027917
CHNCXR_0030_0,Shenzhen,0,4,True,DWT,30,250880,5323,47.131317,0.169739,34.2289,0.881344,32.5924,35.3783,0.833126,0.903284,False,2.6109,2.6952,0.8397,1.5414,0.094143,0.045674
CHNCXR_0030_0,Shenzhen,0,4,True,DWT,50,250880,11006,22.794839,0.350957,38.4629,0.937672,36.5746,39.8701,0.923404,0.945777,False,2.8889,2.973,1.9602,2.327,0.12359,0.073957
CHNCXR_0030_0,Shenzhen,0,4,True,DWT,70,250880,25676,9.770992,0.81875,42.1778,0.968373,40.7928,43.0975,0.968824,0.968765,False,3.0259,3.069,3.0957,3.204,0.203387,0.140425
CHNCXR_0030_0,Shenzhen,0,4,True,DWT,90,250880,68600,3.657143,2.1875,47.9588,0.990449,47.7333,48.078,0.993254,0.989196,False,3.1066,3.1595,3.5944,3.6295,0.431134,0.348676
CHNCXR_0031_0,Shenzhen,0,4,True,DWT,10,257536,1784,144.358744,0.055417,30.3082,0.842925,30.3388,30.2981,0.741854,0.8744,False,2.2073,2.2639,1.3408,1.8244,0.065001,0.020071
CHNCXR_0031_0,Shenzhen,0,4,True,DWT,20,257536,3241,79.461894,0.100677,32.3528,0.875006,32.2736,32.3795,0.796433,0.899366,False,2.4517,2.5,1.0065,1.6461,0.075062,0.030012
CHNCXR_0031_0,Shenzhen,0,4,True,DWT,30,257536,5086,50.636256,0.15799,35.132,0.906293,33.9001,35.6347,0.842242,0.926963,False,2.6671,2.7191,1.2045,1.7794,0.093275,0.043903
CHNCXR_0031_0,Shenzhen,0,4,True,DWT,50,257536,10815,23.812853,0.335953,39.787,0.952863,37.755,40.75,0.925293,0.96247,False,2.9132,2.9792,1.9221,2.3194,0.125928,0.07225
CHNCXR_0031_0,Shenzhen,0,4,True,DWT,70,257536,22846,11.272695,0.709679,44.178,0.978852,42.0165,45.2292,0.970379,0.98204,False,3.0089,3.0579,2.9962,3.1431,0.185614,0.129514
CHNCXR_0031_0,Shenzhen,0,4,True,DWT,90,257536,52665,4.890079,1.635965,49.2421,0.992227,48.1434,49.6803,0.992339,0.992329,False,3.0939,3.1412,3.6945,3.7349,0.337836,0.266212
CHNCXR_0032_0,Shenzhen,0,3,True,DWT,10,256000,1526,167.758847,0.047688,30.903,0.849308,30.481,31.0431,0.743377,0.882261,False,2.0964,2.196,1.1406,1.6751,0.064121,0.020131
CHNCXR_0032_0,Shenzhen,0,3,True,DWT,20,256000,2918,87.731323,0.091188,33.037,0.880185,32.0937,33.3777,0.790162,0.90836,False,2.3774,2.4221,0.8553,1.5321,0.074221,0.031296
CHNCXR_0032_0,Shenzhen,0,3,True,DWT,30,256000,4146,61.746261,0.129562,35.6203,0.909781,33.8635,36.352,0.840333,0.931521,False,2.5895,2.6435,1.3485,1.8904,0.079921,0.035702
CHNCXR_0032_0,Shenzhen,0,3,True,DWT,50,256000,9325,27.453083,0.291406,40.0484,0.955556,37.5837,41.2264,0.923277,0.965875,False,2.8705,2.9529,2.0425,2.3954,0.113855,0.062389
CHNCXR_0032_0,Shenzhen,0,3,True,DWT,70,256000,21027,12.174823,0.657094,44.3243,0.980142,41.7995,45.546,0.969714,0.983652,False,3.0102,3.0525,2.8674,3.0239,0.178362,0.120434
CHNCXR_0032_0,Shenzhen,0,3,True,DWT,90,256000,48909,5.23421,1.528406,49.4515,0.992727,48.1437,49.9541,0.992406,0.992915,False,3.0817,3.1373,3.582,3.6186,0.323926,0.253422
CHNCXR_0033_0,Shenzhen,0,3,True,DWT,10,258560,1544,167.46114,0.047772,31.1988,0.839349,30.5297,31.4643,0.731053,0.87713,False,2.0856,2.1952,0.8303,1.4864,0.065187,0.018893
CHNCXR_0033_0,Shenzhen,0,3,True,DWT,20,258560,2782,92.940331,0.086077,33.1533,0.869886,32.0166,33.6426,0.776791,0.90228,False,2.357,2.4198,0.7823,1.4944,0.07321,0.029456
CHNCXR_0033_0,Shenzhen,0,3,True,DWT,30,258560,4066,63.590753,0.125804,35.5713,0.902906,33.6103,36.5579,0.826333,0.930262,False,2.5738,2.6659,1.2627,1.8237,0.083539,0.035878
CHNCXR_0033_0,Shenzhen,0,3,True,DWT,50,258560,9265,27.907178,0.286665,39.9634,0.95307,37.4133,41.4171,0.918622,0.965651,False,2.8747,2.9452,1.9745,2.3451,0.111571,0.062663
CHNCXR_0033_0,Shenzhen,0,3,True,DWT,70,258560,21088,12.261002,0.652475,44.1616,0.979284,41.5723,45.6507,0.967348,0.983748,False,3.011,3.0625,2.8332,2.9958,0.175298,0.120915
CHNCXR_0033_0,Shenzhen,0,3,True,DWT,90,258560,50412,5.128938,1.559777,49.3115,0.992558,48.0226,49.8816,0.992211,0.992771,False,3.0635,3.1049,3.5828,3.6256,0.333097,0.264769
CHNCXR_0034_0,Shenzhen,0,2,True,DWT,10,241664,1696,142.490566,0.056144,30.5537,0.874593,30.5755,30.5494,0.748735,0.895059,False,2.0978,2.1838,1.1522,1.671,0.058721,0.017101
CHNCXR_0034_0,Shenzhen,0,2,True,DWT,20,241664,3073,78.641067,0.101728,32.3486,0.897422,32.0697,32.4061,0.78982,0.9157,False,2.3874,2.4289,0.9081,1.5417,0.07197,0.026981
CHNCXR_0034_0,Shenzhen,0,2,True,DWT,30,241664,4808,50.262895,0.159163,35.7029,0.922901,33.6671,36.251,0.836269,0.939301,False,2.6027,2.6822,1.0628,1.6806,0.086573,0.038748
CHNCXR_0034_0,Shenzhen,0,2,True,DWT,50,241664,9303,25.976997,0.307965,40.6812,0.961426,37.3251,41.8227,0.921113,0.969741,False,2.8796,2.9379,2.0196,2.3948,0.110633,0.061596
CHNCXR_0034_0,Shenzhen,0,2,True,DWT,70,241664,19517,12.382231,0.646087,45.0018,0.982301,41.4949,46.2298,0.968698,0.985357,False,3.0351,3.0923,2.8163,3.0223,0.162416,0.106837
CHNCXR_0034_0,Shenzhen,0,2,True,DWT,90,241664,42906,5.632406,1.420352,49.9457,0.993041,48.1003,50.4274,0.992839,0.99325,False,3.084,3.1373,3.6163,3.6786,0.275402,0.217085
CHNCXR_0035_0,Shenzhen,0,4,True,DWT,10,256512,1518,168.980237,0.047343,31.3782,0.85831,30.7314,31.5298,0.746939,0.881346,False,2.0834,2.1944,0.9627,1.5654,0.062565,0.01857
CHNCXR_0035_0,Shenzhen,0,4,True,DWT,20,256512,2774,92.470079,0.086514,33.4848,0.886302,32.4426,33.744,0.792676,0.905683,False,2.3634,2.4228,0.7647,1.4686,0.074309,0.029229
CHNCXR_0035_0,Shenzhen,0,4,True,DWT,30,256512,3912,65.570552,0.122006,36.0122,0.911587,33.99,36.6006,0.833686,0.927933,False,2.5688,2.6366,1.2462,1.8125,0.086685,0.034286
CHNCXR_0035_0,Shenzhen,0,4,True,DWT,50,256512,8844,29.004071,0.275823,40.3575,0.956127,37.6044,41.2676,0.918813,0.964285,False,2.8487,2.9221,1.9751,2.3414,0.110912,0.061029
CHNCXR_0035_0,Shenzhen,0,4,True,DWT,70,256512,19868,12.910811,0.619636,44.5655,0.980153,41.7854,45.4892,0.967616,0.983029,False,2.9957,3.0401,2.799,2.9711,0.171187,0.115376
CHNCXR_0035_0,Shenzhen,0,4,True,DWT,90,256512,47019,5.455497,1.466411,49.4923,0.992473,48.0369,49.8783,0.992016,0.99266,False,3.0723,3.1196,3.5952,3.6371,0.316913,0.243311
CHNCXR_0036_0,Shenzhen,0,2,False,DWT,10,258048,1437,179.574113,0.04455,30.8476,0.835468,,,,,,2.0963,2.1698,1.351,1.8143,0.063026,0.020274
CHNCXR_0036_0,Shenzhen,0,2,False,DWT,20,258048,2877,89.693431,0.089193,32.7564,0.868257,,,,,,2.3755,2.436,0.8173,1.5105,0.07625,0.03077
CHNCXR_0036_0,Shenzhen,0,2,False,DWT,30,258048,4141,62.315383,0.128379,35.5465,0.901238,,,,,,2.5688,2.6335,1.4061,1.9223,0.081727,0.035696
CHNCXR_0036_0,Shenzhen,0,2,False,DWT,50,258048,9450,27.306667,0.292969,39.7883,0.951204,,,,,,2.8147,2.8873,2.0305,2.3785,0.117822,0.065044
CHNCXR_0036_0,Shenzhen,0,2,False,DWT,70,258048,21861,11.804035,0.677734,43.9207,0.977704,,,,,,2.9627,3.0193,2.9016,3.0515,0.185918,0.123404
CHNCXR_0036_0,Shenzhen,0,2,False,DWT,90,258048,52796,4.887643,1.636781,49.017,0.99203,,,,,,3.0168,3.0648,3.621,3.6605,0.354767,0.282946
CHNCXR_0037_0,Shenzhen,0,0,False,DWT,10,259072,1401,184.919343,0.043262,31.2009,0.845794,,,,,,2.0914,2.186,1.2101,1.7023,0.060754,0.018255
CHNCXR_0037_0,Shenzhen,0,0,False,DWT,20,259072,2797,92.624955,0.08637,33.2296,0.872737,,,,,,2.3643,2.4406,0.7703,1.4787,0.075082,0.027815
CHNCXR_0037_0,Shenzhen,0,0,False,DWT,30,259072,3978,65.126194,0.122838,35.6772,0.902749,,,,,,2.5731,2.6528,1.3632,1.8828,0.079476,0.031525
CHNCXR_0037_0,Shenzhen,0,0,False,DWT,50,259072,9218,28.105012,0.284647,39.8658,0.950662,,,,,,2.8297,2.9043,2.041,2.4003,0.111588,0.060969
CHNCXR_0037_0,Shenzhen,0,0,False,DWT,70,259072,21374,12.120895,0.660017,44.1792,0.978525,,,,,,2.9556,2.9961,2.8796,3.029,0.18005,0.122548
CHNCXR_0037_0,Shenzhen,0,0,False,DWT,90,259072,50521,5.128006,1.560061,49.361,0.992553,,,,,,3.0266,3.0748,3.598,3.6386,0.328228,0.260457
CHNCXR_0038_0,Shenzhen,0,0,False,DWT,10,239616,1540,155.594805,0.051416,30.6068,0.829281,,,,,,2.1779,2.2042,1.3716,1.8321,0.056025,0.016179
CHNCXR_0038_0,Shenzhen,0,0,False,DWT,20,239616,2567,93.34476,0.085704,32.1778,0.857482,,,,,,2.4388,2.4812,1.3992,1.8919,0.063827,0.024139
CHNCXR_0038_0,Shenzhen,0,0,False,DWT,30,239616,4463,53.689447,0.149005,34.8569,0.892192,,,,,,2.635,2.6985,1.3265,1.8702,0.081004,0.035031
CHNCXR_0038_0,Shenzhen,0,0,False,DWT,50,239616,9935,24.118369,0.331697,39.4024,0.950295,,,,,,2.8545,2.9175,2.1741,2.5039,0.114317,0.066615
CHNCXR_0038_0,Shenzhen,0,0,False,DWT,70,239616,22102,10.841372,0.737914,43.9254,0.978904,,,,,,2.9465,3.0098,3.0906,3.2124,0.17685,0.119274
CHNCXR_0038_0,Shenzhen,0,0,False,DWT,90,239616,50760,4.720567,1.694712,49.1953,0.992594,,,,,,3.0004,3.0449,3.6581,3.6994,0.325869,0.249909
CHNCXR_0039_0,Shenzhen,0,2,False,DWT,10,248320,1364,182.052786,0.043943,31.3343,0.859458,,,,,,2.0891,2.1714,1.2143,1.7302,0.056496,0.014889
CHNCXR_0039_0,Shenzhen,0,2,False,DWT,20,248320,2739,90.660825,0.088241,33.454,0.886062,,,,,,2.3606,2.427,0.7706,1.4901,0.076227,0.027162
CHNCXR_0039_0,Shenzhen,0,2,False,DWT,30,248320,3911,63.492713,0.125999,35.9669,0.911649,,,,,,2.5702,2.6302,1.2076,1.7871,0.077359,0.032992
CHNCXR_0039_0,Shenzhen,0,2,False,DWT,50,248320,8824,28.141432,0.284278,40.4636,0.957174,,,,,,2.844,2.9008,1.9037,2.3087,0.106616,0.061024
CHNCXR_0039_0,Shenzhen,0,2,False,DWT,70,248320,19440,12.773663,0.626289,44.6982,0.980868,,,,,,2.9718,3.0111,2.7431,2.9325,0.163811,0.111534
CHNCXR_0039_0,Shenzhen,0,2,False,DWT,90,248320,45286,5.483372,1.458956,49.5679,0.992548,,,,,,3.0291,3.0881,3.5627,3.609,0.301761,0.230798
CHNCXR_0040_0,Shenzhen,0,2,False,DWT,10,257024,1439,178.612926,0.04479,31.2448,0.863554,,,,,,2.0793,2.196,1.3664,1.8106,0.061142,0.018945
CHNCXR_0040_0,Shenzhen,0,2,False,DWT,20,257024,2834,90.693013,0.08821,33.2214,0.887474,,,,,,2.3516,2.4012,0.8364,1.5123,0.073968,0.029137
CHNCXR_0040_0,Shenzhen,0,2,False,DWT,30,257024,3955,64.987105,0.123101,35.8855,0.913502,,,,,,2.5712,2.6319,1.3657,1.8788,0.078947,0.034652
CHNCXR_0040_0,Shenzhen,0,2,False,DWT,50,257024,9110,28.213392,0.283553,40.2176,0.956334,,,,,,2.8467,2.912,2.0459,2.3985,0.111354,0.059531
CHNCXR_0040_0,Shenzhen,0,2,False,DWT,70,257024,20696,12.419018,0.644173,44.6177,0.980831,,,,,,2.9727,3.0077,2.8807,3.0372,0.17248,0.115851
CHNCXR_0040_0,Shenzhen,0,2,False,DWT,90,257024,47354,5.427715,1.473917,49.7011,0.992894,,,,,,3.0438,3.0779,3.5968,3.64,0.313859,0.265626
CHNCXR_0041_0,Shenzhen,0,3,True,DWT,10,260608,1579,165.046232,0.048471,30.656,0.799698,29.3573,31.4906,0.698177,0.847914,False,2.195,2.2508,1.3147,1.8131,0.061768,0.018829
CHNCXR_0041_0,Shenzhen,0,3,True,DWT,20,260608,3057,85.249591,0.093842,32.3805,0.837952,30.9194,33.3528,0.752328,0.879852,False,2.4575,2.5579,0.9772,1.6222,0.081199,0.03029
CHNCXR_0041_0,Shenzhen,0,3,True,DWT,30,260608,4975,52.383518,0.15272,34.1197,0.873742,32.5358,35.2028,0.809613,0.90521,False,2.6368,2.7145,1.0412,1.686,0.091465,0.042852
CHNCXR_0041_0,Shenzhen,0,3,True,DWT,50,260608,11460,22.740663,0.351793,38.1448,0.935749,36.2804,39.5051,0.911252,0.948754,False,2.8498,2.9468,1.9234,2.3094,0.128087,0.07561
CHNCXR_0041_0,Shenzhen,0,3,True,DWT,70,260608,27534,9.464952,0.845223,42.0559,0.969671,40.486,43.126,0.964997,0.972591,False,2.9697,3.0301,3.1247,3.22,0.223057,0.157042
CHNCXR_0041_0,Shenzhen,0,3,True,DWT,90,260608,72317,3.603689,2.219947,47.9742,0.991287,47.7209,48.107,0.993341,0.9904,False,3.035,3.1065,3.5866,3.6211,0.474259,0.376728
CHNCXR_0042_0,Shenzhen,0,0,True,DWT,10,257024,1466,175.323329,0.04563,30.8324,0.835393,29.6916,31.1932,0.691992,0.87269,False,2.1151,2.2207,1.2586,1.7697,0.062754,0.018998
CHNCXR_0042_0,Shenzhen,0,0,True,DWT,20,257024,2950,87.12678,0.09182,32.9399,0.868904,31.2494,33.5261,0.748336,0.900276,False,2.3762,2.4537,0.7926,1.5004,0.075754,0.031397
CHNCXR_0042_0,Shenzhen,0,0,True,DWT,30,257024,4253,60.433576,0.132377,35.3632,0.900567,32.8923,36.3504,0.809493,0.924969,False,2.587,2.6906,1.2817,1.836,0.082209,0.035914
CHNCXR_0042_0,Shenzhen,0,0,True,DWT,50,257024,9549,26.916326,0.297217,39.6218,0.95131,36.5959,40.9721,0.909988,0.962548,False,2.8591,2.9498,2.0437,2.3992,0.117813,0.06455
CHNCXR_0042_0,Shenzhen,0,0,True,DWT,70,257024,22019,11.672828,0.685352,43.8987,0.97872,40.9392,45.2013,0.965905,0.982303,False,2.9971,3.0679,2.9207,3.0698,0.181311,0.120287
CHNCXR_0042_0,Shenzhen,0,0,True,DWT,90,257024,52502,4.895509,1.634151,49.1077,0.992306,47.8371,49.5181,0.992777,0.99227,False,3.081,3.1412,3.6185,3.6587,0.344058,0.267804
CHNCXR_0043_0,Shenzhen,0,1,True,DWT,10,257024,1220,210.67541,0.037973,31.6645,0.860091,30.3173,32.0679,0.747518,0.884995,False,1.9699,2.0818,0.9556,1.5454,0.062589,0.016801
CHNCXR_0043_0,Shenzhen,0,1,True,DWT,20,257024,2402,107.004163,0.074763,33.8346,0.886797,32.0968,34.3898,0.796104,0.907318,False,2.2769,2.3434,0.7289,1.4504,0.072741,0.029566
CHNCXR_0043_0,Shenzhen,0,1,True,DWT,30,257024,3550,72.401127,0.110496,36.308,0.915868,33.8402,37.2049,0.848289,0.931573,False,2.5144,2.6281,1.1476,1.7552,0.083827,0.03113
CHNCXR_0043_0,Shenzhen,0,1,True,DWT,50,257024,7671,33.505931,0.238764,40.8671,0.960649,37.8758,42.069,0.93269,0.967403,False,2.8501,2.9182,2.1455,2.4772,0.101188,0.051235
CHNCXR_0043_0,Shenzhen,0,1,True,DWT,70,257024,18091,14.207285,0.563091,45.0792,0.982592,42.297,46.1522,0.97405,0.984733,False,3.0297,3.0779,2.6182,2.8432,0.162729,0.10457
CHNCXR_0043_0,Shenzhen,0,1,True,DWT,90,257024,42352,6.068757,1.318227,49.9131,0.99316,48.4619,50.3551,0.992945,0.993304,False,3.1111,3.1682,3.5037,3.5577,0.284478,0.219012
CHNCXR_0044_0,Shenzhen,0,2,True,DWT,10,262144,1829,143.326408,0.055817,30.0627,0.812685,29.7526,30.1828,0.710559,0.850067,False,2.1811,2.2546,1.4609,1.8918,0.065605,0.021127
CHNCXR_0044_0,Shenzhen,0,2,True,DWT,20,262144,3469,75.567599,0.105865,31.8308,0.850323,31.6406,31.903,0.772616,0.878698,False,2.4241,2.4938,0.9683,1.6147,0.078221,0.031808
CHNCXR_0044_0,Shenzhen,0,2,True,DWT,30,262144,5175,50.655845,0.157928,34.9214,0.889875,33.4099,35.6446,0.831256,0.912307,False,2.6021,2.6605,1.4237,1.9279,0.086364,0.040089
CHNCXR_0044_0,Shenzhen,0,2,True,DWT,50,262144,11090,23.637872,0.33844,39.3091,0.948076,37.3467,40.3356,0.922605,0.95791,False,2.8302,2.8781,2.2392,2.5439,0.122616,0.070832
CHNCXR_0044_0,Shenzhen,0,2,True,DWT,70,262144,24972,10.497517,0.762085,43.543,0.977106,41.4034,44.7041,0.968059,0.980923,False,2.9562,3.0046,3.0055,3.1367,0.196432,0.139725
CHNCXR_0044_0,Shenzhen,0,2,True,DWT,90,262144,59033,4.440635,1.801544,48.8331,0.9922,47.8769,49.2463,0.992527,0.992247,False,3.0136,3.0602,3.6579,3.6986,0.376633,0.299114
CHNCXR_0045_0,Shenzhen,0,0,True,DWT,10,257024,1390,184.909353,0.043264,31.3813,0.854291,30.6263,31.5376,0.737814,0.87441,False,2.0435,2.179,1.0141,1.5805,0.066231,0.020159
CHNCXR_0045_0,Shenzhen,0,0,True,DWT,20,257024,2693,95.441515,0.083821,33.6758,0.884757,31.9682,34.0841,0.774112,0.904358,False,2.3264,2.3742,0.7463,1.4639,0.07242,0.026918
CHNCXR_0045_0,Shenzhen,0,0,True,DWT,30,257024,3821,67.266161,0.118931,36.2538,0.912838,33.4146,37.0727,0.819503,0.929659,False,2.5692,2.6505,1.2009,1.7817,0.083757,0.035611
CHNCXR_0045_0,Shenzhen,0,0,True,DWT,50,257024,8494,30.259477,0.26438,40.4544,0.957035,37.1059,41.5134,0.914566,0.965033,False,2.8903,2.9653,1.9019,2.3074,0.110695,0.06063
CHNCXR_0045_0,Shenzhen,0,0,True,DWT,70,257024,19368,13.270549,0.602839,44.8509,0.981769,41.4209,45.9525,0.967021,0.984688,False,3.0302,3.0856,2.7463,2.9391,0.168553,0.113055
CHNCXR_0045_0,Shenzhen,0,0,True,DWT,90,257024,44542,5.770374,1.386392,49.8922,0.993311,48.0075,50.3556,0.992489,0.993568,False,3.1383,3.1829,3.5376,3.5882,0.3005,0.233196
CHNCXR_0046_0,Shenzhen,0,4,True,DWT,10,256000,1375,186.181818,0.042969,31.1497,0.848888,30.6524,31.3642,0.739567,0.890246,False,2.0418,2.1674,1.2145,1.7068,0.062928,0.01838
CHNCXR_0046_0,Shenzhen,0,4,True,DWT,20,256000,2603,98.34806,0.081344,33.1157,0.877039,32.0749,33.61,0.784596,0.912233,False,2.3093,2.3974,0.8204,1.5139,0.070664,0.027242
CHNCXR_0046_0,Shenzhen,0,4,True,DWT,30,256000,3827,66.893128,0.119594,35.7578,0.90607,33.7573,36.9063,0.833291,0.934182,False,2.5326,2.6258,1.2889,1.8366,0.081396,0.034136
CHNCXR_0046_0,Shenzhen,0,4,True,DWT,50,256000,8905,28.747894,0.278281,40.1004,0.954368,37.5246,41.7852,0.921365,0.96756,False,2.807,2.8688,1.9552,2.3332,0.114742,0.059728
CHNCXR_0046_0,Shenzhen,0,4,True,DWT,70,256000,20270,12.629502,0.633437,44.3182,0.979711,41.7363,46.0095,0.968223,0.984533,False,2.9575,3.01,2.7416,2.9284,0.173309,0.113944
CHNCXR_0046_0,Shenzhen,0,4,True,DWT,90,256000,48319,5.298123,1.509969,49.4104,0.99262,48.0175,50.1172,0.992132,0.992931,False,3.0212,3.0741,3.5519,3.599,0.31592,0.246388
CHNCXR_0047_0,Shenzhen,0,1,True,DWT,10,241664,1656,145.932367,0.05482,30.1524,0.821541,30.5605,29.9563,0.741068,0.861229,False,2.1839,2.2459,1.4303,1.8657,0.060552,0.016693
CHNCXR_0047_0,Shenzhen,0,1,True,DWT,20,241664,3058,79.026815,0.101231,31.947,0.854761,32.1751,31.8341,0.784196,0.889306,False,2.4424,2.4886,1.0145,1.6345,0.072729,0.028065
CHNCXR_0047_0,Shenzhen,0,1,True,DWT,30,241664,4696,51.46167,0.155456,34.9116,0.891852,33.8119,35.6089,0.832544,0.922075,False,2.6493,2.723,1.3902,1.9096,0.082864,0.037083
CHNCXR_0047_0,Shenzhen,0,1,True,DWT,50,241664,10229,23.625379,0.338619,39.385,0.947285,37.6073,40.6951,0.920238,0.962028,False,2.861,2.902,2.2016,2.5338,0.116938,0.065019
CHNCXR_0047_0,Shenzhen,0,1,True,DWT,70,241664,22941,10.534153,0.759435,43.7079,0.977302,41.7827,45.178,0.967787,0.982754,False,2.9782,3.0155,3.0427,3.1875,0.182846,0.123692
CHNCXR_0047_0,Shenzhen,0,1,True,DWT,90,241664,53347,4.530039,1.765989,48.943,0.99221,48.0111,49.5141,0.991914,0.992538,False,3.0292,3.0866,3.6906,3.7326,0.337978,0.270243
CHNCXR_0048_0,Shenzhen,0,4,True,DWT,10,257536,1448,177.856354,0.04498,30.8781,0.83633,30.2039,31.0903,0.702243,0.874077,False,2.0827,2.1968,1.3007,1.778,0.061735,0.016543
CHNCXR_0048_0,Shenzhen,0,4,True,DWT,20,257536,2878,89.484364,0.089401,32.8942,0.866527,31.5658,33.3595,0.750445,0.899141,False,2.3714,2.4267,0.875,1.5516,0.073077,0.028563
CHNCXR_0048_0,Shenzhen,0,4,True,DWT,30,257536,4088,62.998043,0.126988,35.3534,0.897882,33.1145,36.2767,0.807071,0.92362,False,2.5912,2.6397,1.4287,1.9413,0.07948,0.034063
CHNCXR_0048_0,Shenzhen,0,4,True,DWT,50,257536,9496,27.120472,0.29498,39.6491,0.951527,36.9607,40.8602,0.911961,0.962986,False,2.8379,2.9066,2.0983,2.4395,0.11468,0.06354
CHNCXR_0048_0,Shenzhen,0,4,True,DWT,70,257536,22046,11.681756,0.684829,44.1407,0.979722,41.436,45.3633,0.967353,0.983459,False,2.979,3.0147,2.8949,3.0386,0.183871,0.125192
CHNCXR_0048_0,Shenzhen,0,4,True,DWT,90,257536,51149,5.035015,1.588873,49.4229,0.992941,47.965,49.945,0.992516,0.99315,False,3.0448,3.1057,3.5884,3.6267,0.337679,0.269569
CHNCXR_0049_0,Shenzhen,0,0,True,DWT,10,256512,1517,169.091628,0.047312,30.9537,0.853263,30.0462,31.1495,0.703108,0.879877,False,2.0848,2.2006,1.2405,1.7447,0.061355,0.017627
CHNCXR_0049_0,Shenzhen,0,0,True,DWT,20,256512,2959,86.688746,0.092284,33.1883,0.883079,31.579,33.5743,0.752192,0.906562,False,2.3778,2.4282,0.8521,1.5376,0.078968,0.029949
CHNCXR_0049_0,Shenzhen,0,0,True,DWT,30,256512,4243,60.455338,0.132329,35.6115,0.911327,33.2171,36.2638,0.812872,0.929467,False,2.5936,2.6566,1.3026,1.8553,0.082167,0.034856
CHNCXR_0049_0,Shenzhen,0,0,True,DWT,50,256512,9378,27.352527,0.292478,40.1851,0.957906,37.0734,41.1464,0.915433,0.966206,False,2.8645,2.919,2.0337,2.3957,0.117839,0.063009
CHNCXR_0049_0,Shenzhen,0,0,True,DWT,70,256512,20853,12.300964,0.650356,44.5742,0.981582,41.5062,45.5144,0.968042,0.984341,False,2.9945,3.054,2.8606,3.0225,0.175613,0.118757
CHNCXR_0049_0,Shenzhen,0,0,True,DWT,90,256512,47614,5.387323,1.484968,49.6867,0.993125,47.9921,50.0986,0.992601,0.993309,False,3.0627,3.1219,3.5993,3.6422,0.310956,0.243359
CHNCXR_0050_0,Shenzhen,0,0,True,DWT,10,257536,1489,172.959033,0.046254,30.714,0.827045,30.3545,30.8139,0.717533,0.854695,False,2.1149,2.2099,1.4541,1.8977,0.065495,0.017439
CHNCXR_0050_0,Shenzhen,0,0,True,DWT,20,257536,2982,86.363514,0.092632,32.509,0.857459,31.6521,32.7662,0.761833,0.881676,False,2.3849,2.436,0.9069,1.5832,0.075736,0.02964
CHNCXR_0050_0,Shenzhen,0,0,True,DWT,30,257536,4271,60.298759,0.132673,35.1052,0.892784,33.4121,35.6887,0.818848,0.911807,False,2.576,2.615,1.5,1.9887,0.081706,0.036003
CHNCXR_0050_0,Shenzhen,0,0,True,DWT,50,257536,10131,25.42059,0.314706,39.3872,0.94838,37.2833,40.1668,0.917627,0.95653,False,2.8352,2.8827,2.1833,2.5101,0.127565,0.063844
CHNCXR_0050_0,Shenzhen,0,0,True,DWT,70,257536,23668,10.88119,0.735214,43.8634,0.978317,41.7,44.6738,0.96863,0.981069,False,2.9835,3.0355,3.0032,3.1317,0.189948,0.129333
CHNCXR_0050_0,Shenzhen,0,0,True,DWT,90,257536,54795,4.699991,1.702131,49.199,0.992638,48.0188,49.5722,0.992309,0.992813,False,3.0235,3.0532,3.6673,3.7006,0.348965,0.27491
CHNCXR_0051_0,Shenzhen,0,1,True,DWT,10,257536,1944,132.477366,0.060388,29.7704,0.828266,30.1572,29.6747,0.725967,0.852212,False,2.2472,2.3164,1.3143,1.7972,0.065707,0.021878
CHNCXR_0051_0,Shenzhen,0,1,True,DWT,20,257536,3603,71.478213,0.111922,31.7801,0.863039,31.8069,31.7731,0.774031,0.885008,False,2.4811,2.5718,0.9357,1.5873,0.081267,0.034825
CHNCXR_0051_0,Shenzhen,0,1,True,DWT,30,257536,5439,47.34988,0.168955,34.6403,0.896365,33.5866,34.9639,0.826782,0.914119,False,2.6505,2.7215,1.1912,1.7639,0.091992,0.046453
CHNCXR_0051_0,Shenzhen,0,1,True,DWT,50,257536,11618,22.166982,0.360897,39.2649,0.948866,37.2918,39.9729,0.9173,0.957469,False,2.8602,2.8951,2.0025,2.3681,0.131083,0.079774
CHNCXR_0051_0,Shenzhen,0,1,True,DWT,70,257536,25074,10.271038,0.778889,43.6841,0.97773,41.4332,44.5335,0.966202,0.981068,False,2.9749,3.0378,3.1023,3.2214,0.195306,0.138903
CHNCXR_0051_0,Shenzhen,0,1,True,DWT,90,257536,57096,4.510579,1.773608,49.0834,0.992394,47.9316,49.4428,0.992142,0.992578,False,3.0067,3.0394,3.7005,3.7338,0.356796,0.290703
CHNCXR_0052_0,Shenzhen,0,1,True,DWT,10,248832,1623,153.316081,0.05218,30.3253,0.837664,30.5685,30.2454,0.738303,0.870261,False,2.1682,2.2341,0.9919,1.5992,0.05984,0.01749
CHNCXR_0052_0,Shenzhen,0,1,True,DWT,20,248832,2919,85.245632,0.093846,32.312,0.865145,32.1861,32.3558,0.782037,0.892914,False,2.4122,2.4563,0.9431,1.5908,0.069258,0.026262
CHNCXR_0052_0,Shenzhen,0,1,True,DWT,30,248832,4527,54.966203,0.145544,35.3871,0.897275,33.8922,36.043,0.835221,0.919004,False,2.5918,2.654,1.2706,1.8172,0.079147,0.035517
CHNCXR_0052_0,Shenzhen,0,1,True,DWT,50,248832,9695,25.666013,0.311696,39.7614,0.949211,37.6151,40.8297,0.918923,0.959985,False,2.8355,2.873,2.1605,2.4922,0.112614,0.063502
CHNCXR_0052_0,Shenzhen,0,1,True,DWT,70,248832,21316,11.673485,0.685314,43.9661,0.977376,41.7772,45.0651,0.967271,0.981227,False,2.9495,2.9905,3.223,3.3283,0.164777,0.111673
CHNCXR_0052_0,Shenzhen,0,1,True,DWT,90,248832,51491,4.832534,1.655446,49.0389,0.991958,47.9634,49.4766,0.991912,0.992113,False,2.9858,3.0198,3.6412,3.6861,0.331901,0.26369
CHNCXR_0053_0,Shenzhen,0,0,True,DWT,10,229376,1476,155.403794,0.051479,30.6369,0.827767,29.7162,30.9129,0.679257,0.864016,False,2.1735,2.2543,1.1653,1.6845,0.056111,0.014987
CHNCXR_0053_0,Shenzhen,0,0,True,DWT,20,229376,2707,84.734392,0.094413,32.5651,0.861066,31.0152,33.0802,0.729384,0.893704,False,2.4366,2.4957,0.9505,1.6061,0.064938,0.024727
CHNCXR_0053_0,Shenzhen,0,0,True,DWT,30,229376,4067,56.399312,0.141846,35.1369,0.897077,32.7336,36.0669,0.795251,0.922604,False,2.6508,2.6979,1.286,1.8479,0.074323,0.031358
CHNCXR_0053_0,Shenzhen,0,0,True,DWT,50,229376,8965,25.585722,0.312674,39.5063,0.950898,36.4553,40.8477,0.908277,0.961702,False,2.9177,2.9896,2.1346,2.4615,0.101011,0.05696
CHNCXR_0053_0,Shenzhen,0,0,True,DWT,70,229376,20642,11.112102,0.719936,43.8948,0.97923,40.7579,45.2988,0.964741,0.983312,False,3.0218,3.079,2.9843,3.1166,0.169232,0.114812
CHNCXR_0053_0,Shenzhen,0,0,True,DWT,90,229376,47511,4.82785,1.657052,49.3153,0.992952,47.854,49.7939,0.992974,0.993061,False,3.097,3.1528,3.6009,3.6386,0.310681,0.244334
CHNCXR_0054_0,Shenzhen,0,1,True,DWT,10,256512,1520,168.757895,0.047405,30.4007,0.832479,30.3082,30.4261,0.734346,0.858854,False,2.128,2.1852,1.4693,1.9029,0.062211,0.018614
CHNCXR_0054_0,Shenzhen,0,1,True,DWT,20,256512,3024,84.825397,0.094311,32.3938,0.864839,31.878,32.5451,0.782983,0.88683,False,2.3919,2.4429,0.9448,1.6037,0.072222,0.027919
CHNCXR_0054_0,Shenzhen,0,1,True,DWT,30,256512,4345,59.036133,0.13551,35.1152,0.898317,33.5916,35.6416,0.831865,0.916799,False,2.5865,2.6543,1.5217,2.0081,0.081518,0.034567
CHNCXR_0054_0,Shenzhen,0,1,True,DWT,50,256512,10059,25.500746,0.313716,39.3134,0.948019,37.4681,39.9876,0.922538,0.954979,False,2.8487,2.9035,2.1743,2.4972,0.115558,0.064129
CHNCXR_0054_0,Shenzhen,0,1,True,DWT,70,256512,23382,10.97049,0.729229,43.338,0.974727,41.5787,43.9712,0.96847,0.976637,False,2.958,3.0139,2.991,3.1296,0.188515,0.129679
CHNCXR_0054_0,Shenzhen,0,1,True,DWT,90,256512,58476,4.38662,1.823728,48.4798,0.991001,47.8538,48.6667,0.992314,0.990738,False,3.0199,3.0471,3.6795,3.7129,0.368605,0.298802
CHNCXR_0055_0,Shenzhen,0,1,True,DWT,10,244224,1414,172.718529,0.046318,31.1365,0.838011,29.9858,31.4911,0.694669,0.874279,False,2.0343,2.1389,0.9504,1.5402,0.060747,0.01611
CHNCXR_0055_0,Shenzhen,0,1,True,DWT,20,244224,2643,92.404086,0.086576,33.2227,0.870686,31.5617,33.78,0.752474,0.900541,False,2.3223,2.3775,0.8133,1.5092,0.068771,0.025485
CHNCXR_0055_0,Shenzhen,0,1,True,DWT,30,244224,3805,64.18502,0.12464,35.7674,0.902225,33.0432,36.8772,0.809547,0.926422,False,2.5579,2.6487,1.252,1.8228,0.075633,0.031813
CHNCXR_0055_0,Shenzhen,0,1,True,DWT,50,244224,8683,28.126684,0.284427,40.0575,0.95246,36.9158,41.4502,0.913599,0.963045,False,2.8443,2.9387,1.9515,2.3382,0.104927,0.056658
CHNCXR_0055_0,Shenzhen,0,1,True,DWT,70,244224,19723,12.3827,0.646063,44.3209,0.979353,41.3386,45.6003,0.967269,0.982782,False,2.998,3.0425,2.7812,2.9613,0.167606,0.113475
CHNCXR_0055_0,Shenzhen,0,1,True,DWT,90,244224,46617,5.238947,1.527024,49.3778,0.992468,47.9056,49.8561,0.992652,0.992531,False,3.0576,3.1062,3.5632,3.6062,0.310233,0.236206
CHNCXR_0056_0,Shenzhen,0,4,True,DWT,10,257536,1360,189.364706,0.042247,31.3428,0.850455,30.3222,31.5725,0.717705,0.875655,False,2.0669,2.1566,1.2069,1.6979,0.06,0.017837
CHNCXR_0056_0,Shenzhen,0,4,True,DWT,20,257536,2635,97.736622,0.081853,33.4627,0.881813,31.64,33.9272,0.765892,0.903937,False,2.3601,2.4244,0.8195,1.5138,0.070269,0.02857
CHNCXR_0056_0,Shenzhen,0,4,True,DWT,30,257536,3924,65.630989,0.121894,35.9036,0.910207,33.1827,36.7098,0.817445,0.928213,False,2.6015,2.6836,1.2634,1.8221,0.079121,0.033419
CHNCXR_0056_0,Shenzhen,0,4,True,DWT,50,257536,8861,29.063988,0.275255,40.2504,0.956171,37.0425,41.2885,0.915748,0.96417,False,2.8794,2.9498,1.9466,2.3266,0.110671,0.060095
CHNCXR_0056_0,Shenzhen,0,4,True,DWT,70,257536,20197,12.751201,0.627392,44.5753,0.980813,41.288,45.655,0.967233,0.983685,False,3.0478,3.1034,2.8236,2.9948,0.16993,0.117579
CHNCXR_0056_0,Shenzhen,0,4,True,DWT,90,257536,46739,5.510088,1.451882,49.678,0.992955,47.9639,50.1073,0.992716,0.993092,False,3.1225,3.1535,3.549,3.5916,0.307906,0.242859
CHNCXR_0057_0,Shenzhen,0,4,True,DWT,10,257024,1489,172.615178,0.046346,30.9872,0.857021,31.0424,30.9745,0.749137,0.880986,False,2.0554,2.1682,1.3095,1.77,0.062199,0.018355
CHNCXR_0057_0,Shenzhen,0,4,True,DWT,20,257024,2853,90.089029,0.088801,33.0005,0.880851,32.4421,33.142,0.78311,0.90271,False,2.3367,2.3904,0.8333,1.5183,0.07634,0.030879
CHNCXR_0057_0,Shenzhen,0,4,True,DWT,30,257024,4571,56.229271,0.142275,35.4767,0.909789,34.0163,35.9023,0.831415,0.927589,False,2.5693,2.6412,0.9974,1.6464,0.087923,0.041126
CHNCXR_0057_0,Shenzhen,0,4,True,DWT,50,257024,9774,26.296706,0.304221,39.9919,0.95534,37.6968,40.7626,0.919592,0.963814,False,2.8597,2.9298,1.8134,2.2437,0.119581,0.066607
CHNCXR_0057_0,Shenzhen,0,4,True,DWT,70,257024,21149,12.15301,0.658273,44.3746,0.979643,41.8685,45.2489,0.967586,0.982625,False,3.0013,3.044,2.8717,3.0348,0.1848,0.122253
CHNCXR_0057_0,Shenzhen,0,4,True,DWT,90,257024,49350,5.208186,1.536043,49.3079,0.992107,48.0393,49.6664,0.991861,0.992248,False,3.0758,3.1165,3.6058,3.6457,0.325677,0.254204
CHNCXR_0058_0,Shenzhen,0,2,True,DWT,10,256512,1431,179.253669,0.044629,31.8091,0.870291,30.8577,31.9947,0.736943,0.891467,False,2.031,2.162,1.0228,1.5813,0.065115,0.017227
CHNCXR_0058_0,Shenzhen,0,2,True,DWT,20,256512,2670,96.07191,0.083271,33.8414,0.893074,32.0673,34.2326,0.77243,0.912304,False,2.3335,2.3711,0.7094,1.4326,0.074291,0.027673
CHNCXR_0058_0,Shenzhen,0,2,True,DWT,30,256512,3786,67.752773,0.118076,36.3819,0.919339,33.603,37.1031,0.819507,0.935604,False,2.5754,2.6543,1.1994,1.7733,0.07997,0.034305
CHNCXR_0058_0,Shenzhen,0,2,True,DWT,50,256512,8330,30.793758,0.259793,40.8239,0.959698,37.3061,41.8645,0.914337,0.967411,False,2.8685,2.9444,1.8512,2.2645,0.108825,0.058451
CHNCXR_0058_0,Shenzhen,0,2,True,DWT,70,256512,18505,13.861767,0.577127,45.1295,0.982234,41.5595,46.1958,0.966732,0.985072,False,3.0229,3.0779,2.6899,2.8901,0.165876,0.111801
CHNCXR_0058_0,Shenzhen,0,2,True,DWT,90,256512,42468,6.040124,1.324476,49.9853,0.993116,48.0431,50.425,0.992254,0.993357,False,3.0951,3.1489,3.5102,3.5626,0.283836,0.22022
CHNCXR_0059_0,Shenzhen,0,0,True,DWT,10,257536,1340,192.191045,0.041625,31.2189,0.846024,29.7177,31.666,0.705594,0.878879,False,2.0386,2.1412,1.2463,1.7273,0.059595,0.016168
CHNCXR_0059_0,Shenzhen,0,0,True,DWT,20,257536,2721,94.647556,0.084524,33.2299,0.878857,31.4624,33.7801,0.766309,0.905281,False,2.343,2.3827,0.7842,1.4883,0.072589,0.027997
CHNCXR_0059_0,Shenzhen,0,0,True,DWT,30,257536,3842,67.031754,0.119346,35.7432,0.907032,32.976,36.773,0.815907,0.928547,False,2.5744,2.6373,1.3122,1.8636,0.078516,0.033336
CHNCXR_0059_0,Shenzhen,0,0,True,DWT,50,257536,9022,28.545334,0.280256,40.1841,0.955963,36.8767,41.5534,0.918253,0.96507,False,2.8887,2.9506,1.9689,2.345,0.110755,0.058967
CHNCXR_0059_0,Shenzhen,0,0,True,DWT,70,257536,20496,12.565183,0.63668,44.5656,0.981074,41.3484,45.8732,0.969432,0.984046,False,3.0389,3.0826,2.803,2.9712,0.177153,0.117556
CHNCXR_0059_0,Shenzhen,0,0,True,DWT,90,257536,47064,5.472038,1.461978,49.6781,0.993025,47.9765,50.2019,0.993033,0.993116,False,3.1365,3.1898,3.527,3.5705,0.306556,0.242831
CHNCXR_0060_0,Shenzhen,0,1,True,DWT,10,256000,1550,165.16129,0.048438,30.7276,0.843438,29.8578,30.9461,0.709925,0.872828,False,2.1248,2.1798,1.3591,1.815,0.060832,0.017342
CHNCXR_0060_0,Shenzhen,0,1,True,DWT,20,256000,2984,85.790885,0.09325,32.7601,0.874355,31.4371,33.1165,0.762863,0.898872,False,2.3784,2.4429,0.8693,1.5519,0.07351,0.029309
CHNCXR_0060_0,Shenzhen,0,1,True,DWT,30,256000,4320,59.259259,0.135,35.3477,0.90536,33.1223,36.0438,0.817367,0.925217,False,2.5887,2.6566,1.3482,1.8851,0.080697,0.036252
CHNCXR_0060_0,Shenzhen,0,1,True,DWT,50,256000,9663,26.492808,0.301969,39.8199,0.953977,37.1521,40.7227,0.919318,0.961816,False,2.8511,2.9329,2.0784,2.4277,0.115686,0.064454
CHNCXR_0060_0,Shenzhen,0,1,True,DWT,70,256000,21879,11.700718,0.683719,44.1626,0.979643,41.4782,45.0738,0.969082,0.982214,False,2.9845,3.0386,2.9212,3.0686,0.179924,0.120828
CHNCXR_0060_0,Shenzhen,0,1,True,DWT,90,256000,50894,5.030062,1.590437,49.2796,0.992564,47.9451,49.6398,0.992805,0.992594,False,3.0681,3.1157,3.626,3.665,0.327772,0.264077
CHNCXR_0061_0,Shenzhen,0,4,True,DWT,10,258048,1558,165.627728,0.048301,30.5201,0.82526,30.4703,30.5406,0.729597,0.864135,False,2.1299,2.2338,1.2218,1.7422,0.065303,0.018213
CHNCXR_0061_0,Shenzhen,0,4,True,DWT,20,258048,2980,86.593289,0.092386,32.4757,0.856222,32.0141,32.6792,0.771558,0.890896,False,2.3819,2.439,0.8898,1.5621,0.07916,0.030246
CHNCXR_0061_0,Shenzhen,0,4,True,DWT,30,258048,4289,60.165073,0.132968,35.0443,0.891476,33.7245,35.7244,0.824851,0.919131,False,2.5815,2.6535,1.4887,1.9752,0.080213,0.03378
CHNCXR_0061_0,Shenzhen,0,4,True,DWT,50,258048,10129,25.476158,0.314019,39.3144,0.947107,37.4943,40.3519,0.917479,0.959356,False,2.8343,2.902,2.1714,2.4902,0.119686,0.062722
CHNCXR_0061_0,Shenzhen,0,4,True,DWT,70,258048,23680,10.897297,0.734127,43.6495,0.97706,41.6764,44.8115,0.966865,0.981448,False,2.9395,2.9969,3.0211,3.1491,0.190531,0.130846
CHNCXR_0061_0,Shenzhen,0,4,True,DWT,90,258048,56146,4.596018,1.740637,48.975,0.992225,47.9518,49.4735,0.991911,0.992436,False,3.001,3.0424,3.6653,3.6966,0.371058,0.297323
CHNCXR_0062_0,Shenzhen,0,3,True,DWT,10,257024,1483,173.313554,0.046159,30.7733,0.840244,30.308,30.9104,0.724117,0.871551,False,2.1119,2.2122,1.3975,1.8752,0.062139,0.018044
CHNCXR_0062_0,Shenzhen,0,3,True,DWT,20,257024,2941,87.393404,0.09154,32.8059,0.87185,31.9023,33.091,0.771301,0.899029,False,2.3833,2.4321,0.9124,1.5774,0.074644,0.029369
CHNCXR_0062_0,Shenzhen,0,3,True,DWT,30,257024,4176,61.547893,0.12998,35.3204,0.902697,33.5842,35.9506,0.823322,0.924407,False,2.5869,2.6381,1.4657,1.9722,0.080282,0.033873
CHNCXR_0062_0,Shenzhen,0,3,True,DWT,50,257024,9677,26.560298,0.301201,39.6858,0.952143,37.3201,40.6495,0.916803,0.961837,False,2.8404,2.9097,2.1405,2.4695,0.119188,0.067278
CHNCXR_0062_0,Shenzhen,0,3,True,DWT,70,257024,22242,11.555795,0.692293,43.9561,0.978413,41.4879,44.9815,0.966544,0.981825,False,2.964,3.0116,2.938,3.0816,0.184837,0.13024
CHNCXR_0062_0,Shenzhen,0,3,True,DWT,90,257024,52592,4.887131,1.636952,49.142,0.992245,47.9342,49.5425,0.992138,0.992346,False,3.0309,3.0625,3.6201,3.6568,0.342831,0.274936
CHNCXR_0063_0,Shenzhen,0,0,True,DWT,10,257024,1571,163.605347,0.048898,30.6731,0.839053,30.5147,30.7358,0.737797,0.876598,False,2.0902,2.1798,1.2027,1.7395,0.062011,0.01871
CHNCXR_0063_0,Shenzhen,0,0,True,DWT,20,257024,2890,88.93564,0.089953,32.7111,0.869091,32.1215,32.9617,0.781748,0.901554,False,2.3685,2.4437,0.9005,1.5689,0.072913,0.030262
CHNCXR_0063_0,Shenzhen,0,0,True,DWT,30,257024,4166,61.695631,0.129669,35.2848,0.902799,33.7632,36.0515,0.834763,0.928551,False,2.566,2.6258,1.46,1.9551,0.081303,0.033371
CHNCXR_0063_0,Shenzhen,0,0,True,DWT,50,257024,9864,26.056772,0.307022,39.6156,0.95165,37.4914,40.8267,0.919531,0.964127,False,2.8304,2.8858,1.9616,2.3432,0.117773,0.066913
CHNCXR_0063_0,Shenzhen,0,0,True,DWT,70,257024,22401,11.473773,0.697242,44.0056,0.978932,41.7303,45.3466,0.967814,0.983457,False,2.9749,3.0185,2.9281,3.0753,0.187278,0.122828
CHNCXR_0063_0,Shenzhen,0,0,True,DWT,90,257024,52439,4.90139,1.63219,49.2499,0.992617,48.0234,49.8343,0.992092,0.992921,False,3.0314,3.071,3.61,3.649,0.335878,0.263743
CHNCXR_0064_0,Shenzhen,0,1,True,DWT,10,257024,1411,182.157335,0.043918,31.2354,0.861933,30.9234,31.32,0.753521,0.887737,False,2.0985,2.1752,1.259,1.7467,0.059249,0.016966
CHNCXR_0064_0,Shenzhen,0,1,True,DWT,20,257024,2779,92.487945,0.086498,33.4092,0.887052,32.3622,33.7274,0.790008,0.910942,False,2.3777,2.4313,0.8115,1.505,0.073481,0.028759
CHNCXR_0064_0,Shenzhen,0,1,True,DWT,30,257024,3976,64.643863,0.123755,36.1027,0.915143,33.9732,36.8805,0.837488,0.934509,False,2.6087,2.6798,1.2928,1.8414,0.079728,0.035029
CHNCXR_0064_0,Shenzhen,0,1,True,DWT,50,257024,8780,29.273804,0.273282,40.4576,0.956687,37.6285,41.6376,0.920066,0.966392,False,2.8706,2.9599,1.9505,2.3363,0.110651,0.060274
CHNCXR_0064_0,Shenzhen,0,1,True,DWT,70,257024,19781,12.993479,0.615693,44.5606,0.97987,41.6528,45.7927,0.967175,0.983343,False,3.022,3.0833,2.8078,2.9901,0.16912,0.111304
CHNCXR_0064_0,Shenzhen,0,1,True,DWT,90,257024,47091,5.458028,1.465731,49.3648,0.992122,47.9367,49.8266,0.992088,0.992229,False,3.083,3.1397,3.5884,3.6335,0.319061,0.25544
CHNCXR_0065_0,Shenzhen,0,3,False,DWT,10,257536,1579,163.100697,0.049049,30.6821,0.842079,,,,,,2.146,2.2377,1.4086,1.862,0.061707,0.01719
CHNCXR_0065_0,Shenzhen,0,3,False,DWT,20,257536,3068,83.942634,0.095303,32.7551,0.871754,,,,,,2.4046,2.4606,0.895,1.5581,0.080472,0.030482
CHNCXR_0065_0,Shenzhen,0,3,False,DWT,30,257536,4386,58.717738,0.136245,35.2636,0.902987,,,,,,2.6068,2.6574,1.408,1.9283,0.081493,0.034052
CHNCXR_0065_0,Shenzhen,0,3,False,DWT,50,257536,9804,26.268462,0.304548,39.6914,0.951697,,,,,,2.8341,2.9035,2.1216,2.4696,0.116257,0.06392
CHNCXR_0065_0,Shenzhen,0,3,False,DWT,70,257536,22507,11.442485,0.699149,43.8732,0.977458,,,,,,2.9565,3.0208,2.9613,3.1052,0.191782,0.133841
CHNCXR_0065_0,Shenzhen,0,3,False,DWT,90,257536,53983,4.770687,1.676907,48.9222,0.99174,,,,,,2.9957,3.0347,3.6601,3.6949,0.358271,0.281691
CHNCXR_0066_0,Shenzhen,0,2,True,DWT,10,257024,1515,169.652805,0.047155,30.902,0.844917,30.0469,31.0621,0.709729,0.865075,False,2.1184,2.2176,1.3806,1.8556,0.061534,0.017042
CHNCXR_0066_0,Shenzhen,0,2,True,DWT,20,257024,2962,86.773801,0.092194,32.9255,0.877248,31.3163,33.2621,0.752528,0.896661,False,2.3941,2.4645,0.8654,1.5445,0.077575,0.028087
CHNCXR_0066_0,Shenzhen,0,2,True,DWT,30,257024,4167,61.680826,0.1297,35.564,0.908108,33.0281,36.1781,0.816054,0.922434,False,2.6162,2.6728,1.3928,1.9238,0.080763,0.03457
CHNCXR_0066_0,Shenzhen,0,2,True,DWT,50,257024,9545,26.927606,0.297093,40.1179,0.957201,36.9426,40.9751,0.916797,0.964203,False,2.8734,2.9468,2.0565,2.4138,0.113209,0.063483
CHNCXR_0066_0,Shenzhen,0,2,True,DWT,70,257024,21438,11.989178,0.667268,44.5482,0.981703,41.3431,45.4181,0.968438,0.984097,False,3.0139,3.061,2.898,3.0524,0.183182,0.12035
CHNCXR_0066_0,Shenzhen,0,2,True,DWT,90,257024,48473,5.302416,1.508746,49.6585,0.993213,48.0497,49.995,0.993056,0.993328,False,3.0745,3.115,3.6261,3.6696,0.315301,0.248886
CHNCXR_0067_0,Shenzhen,0,2,True,DWT,10,257536,1423,180.981026,0.044204,30.8343,0.838241,30.0074,31.1438,0.707353,0.878699,False,2.086,2.1597,1.3146,1.7938,0.064094,0.019683
CHNCXR_0067_0,Shenzhen,0,2,True,DWT,20,257536,2838,90.745595,0.088159,32.7178,0.86857,31.5049,33.2028,0.755587,0.903202,False,2.3527,2.402,0.8385,1.5323,0.071605,0.028678
CHNCXR_0067_0,Shenzhen,0,2,True,DWT,30,257536,4149,62.071825,0.128883,35.1998,0.89893,33.0272,36.2396,0.80976,0.927118,False,2.5449,2.5864,1.3705,1.8973,0.08083,0.034395
CHNCXR_0067_0,Shenzhen,0,2,True,DWT,50,257536,9663,26.651764,0.300168,39.5108,0.951004,36.8704,40.904,0.912507,0.963875,False,2.7981,2.8349,2.1314,2.466,0.115979,0.06297
CHNCXR_0067_0,Shenzhen,0,2,True,DWT,70,257536,22484,11.45419,0.698434,43.918,0.978441,41.237,45.3451,0.966125,0.982716,False,2.8994,2.9367,2.9515,3.0925,0.187048,0.12509
CHNCXR_0067_0,Shenzhen,0,2,True,DWT,90,257536,52998,4.859353,1.64631,49.1941,0.992447,47.9316,49.7033,0.992559,0.9925,False,2.9636,2.9884,3.6094,3.6462,0.337603,0.265103
CHNCXR_0068_0,Shenzhen,0,0,True,DWT,10,257024,1319,194.862775,0.041055,31.5232,0.858873,30.2224,31.8925,0.712102,0.89221,False,2.0482,2.1443,1.1543,1.6651,0.062176,0.017091
CHNCXR_0068_0,Shenzhen,0,0,True,DWT,20,257024,2563,100.282481,0.079775,33.7535,0.887164,31.7979,34.372,0.760393,0.916195,False,2.3373,2.3935,0.7965,1.5011,0.070856,0.028708
CHNCXR_0068_0,Shenzhen,0,0,True,DWT,30,257024,3711,69.260038,0.115507,36.0385,0.913333,33.4589,36.9501,0.817285,0.935409,False,2.5553,2.6373,1.2176,1.7952,0.078465,0.031578
CHNCXR_0068_0,Shenzhen,0,0,True,DWT,50,257024,8477,30.32016,0.263851,40.4982,0.957845,37.3454,41.7416,0.916783,0.967359,False,2.8429,2.9012,1.9191,2.315,0.106289,0.056868
CHNCXR_0068_0,Shenzhen,0,0,True,DWT,70,257024,19220,13.372737,0.598232,44.8209,0.981666,41.5725,46.1269,0.967351,0.985141,False,3.0012,3.0448,2.7342,2.9233,0.166347,0.117597
CHNCXR_0068_0,Shenzhen,0,0,True,DWT,90,257024,44586,5.764679,1.387761,49.8193,0.993114,47.9855,50.3874,0.992404,0.993362,False,3.087,3.1343,3.5315,3.5788,0.300698,0.234107
CHNCXR_0069_0,Shenzhen,0,0,True,DWT,10,239616,1578,151.847909,0.052684,30.2214,0.840661,30.3602,30.1792,0.727591,0.874831,False,2.1535,2.2116,1.3677,1.8011,0.062581,0.018522
CHNCXR_0069_0,Shenzhen,0,0,True,DWT,20,239616,2990,80.13913,0.099826,31.9126,0.86973,32.1124,31.8523,0.779444,0.897014,False,2.4193,2.4673,0.8876,1.5397,0.075637,0.028999
CHNCXR_0069_0,Shenzhen,0,0,True,DWT,30,239616,4443,53.931128,0.148337,35.1318,0.900677,33.7562,35.6666,0.831598,0.922598,False,2.6231,2.6724,1.2368,1.7905,0.081177,0.035858
CHNCXR_0069_0,Shenzhen,0,0,True,DWT,50,239616,9444,25.3723,0.315304,39.7669,0.951306,37.3535,40.908,0.917746,0.962402,False,2.877,2.9208,2.1158,2.4461,0.109104,0.060888
CHNCXR_0069_0,Shenzhen,0,0,True,DWT,70,239616,20897,11.466526,0.697683,44.1956,0.978781,41.5861,45.4804,0.967425,0.982773,False,3.03,3.0678,2.9016,3.0644,0.172486,0.118749
CHNCXR_0069_0,Shenzhen,0,0,True,DWT,90,239616,47957,4.996476,1.601128,49.2964,0.992401,47.9106,49.836,0.992261,0.992622,False,3.0808,3.1176,3.6055,3.6527,0.314808,0.241953
CHNCXR_0070_0,Shenzhen,0,2,True,DWT,10,248832,1754,141.86545,0.056391,30.1692,0.824111,30.2065,30.1531,0.725326,0.866789,False,2.1944,2.2627,1.5275,1.9859,0.059042,0.015929
CHNCXR_0070_0,Shenzhen,0,2,True,DWT,20,248832,3378,73.662522,0.108603,32.0755,0.85642,31.8033,32.1996,0.773238,0.89246,False,2.4385,2.5198,0.959,1.6174,0.075976,0.030361
CHNCXR_0070_0,Shenzhen,0,2,True,DWT,30,248832,4912,50.65798,0.157922,34.7722,0.893894,33.5575,35.4301,0.83115,0.921825,False,2.6087,2.6881,1.4451,1.9801,0.085926,0.037056
CHNCXR_0070_0,Shenzhen,0,2,True,DWT,50,248832,10671,23.318527,0.343075,39.3668,0.949244,37.4327,40.5837,0.920798,0.962328,False,2.8378,2.8778,2.2663,2.5863,0.118511,0.069158
CHNCXR_0070_0,Shenzhen,0,2,True,DWT,70,248832,23561,10.561182,0.757491,43.7904,0.978053,41.7285,45.1256,0.969064,0.982438,False,2.9324,2.9913,3.0132,3.1673,0.188143,0.130878
CHNCXR_0070_0,Shenzhen,0,2,True,DWT,90,248832,54294,4.583048,1.745563,49.0453,0.99245,48.0451,49.5651,0.992525,0.992586,False,2.9743,3.0151,3.6708,3.716,0.346031,0.274784
CHNCXR_0071_0,Shenzhen,0,1,True,DWT,10,254976,1741,146.453762,0.054625,30.4727,0.834505,30.3453,30.5129,0.726309,0.867215,False,2.169,2.2346,1.0229,1.6042,0.063842,0.02011
CHNCXR_0071_0,Shenzhen,0,1,True,DWT,20,254976,3222,79.13594,0.101092,32.1651,0.864422,31.8452,32.269,0.771124,0.893104,False,2.4454,2.5239,0.8494,1.5341,0.077968,0.029521
CHNCXR_0071_0,Shenzhen,0,1,True,DWT,30,254976,4625,55.129946,0.145112,35.2606,0.8964,33.502,35.9886,0.824108,0.919669,False,2.6485,2.7353,1.297,1.8637,0.083862,0.036279
CHNCXR_0071_0,Shenzhen,0,1,True,DWT,50,254976,9966,25.584588,0.312688,39.5932,0.948926,37.2056,40.709,0.916724,0.959493,False,2.9179,2.9699,2.115,2.47,0.117116,0.065223
CHNCXR_0071_0,Shenzhen,0,1,True,DWT,70,254976,22347,11.409854,0.701148,43.7132,0.976709,41.316,44.8357,0.966071,0.98045,False,3.0902,3.1566,3.0797,3.2081,0.180457,0.122405
CHNCXR_0071_0,Shenzhen,0,1,True,DWT,90,254976,54505,4.67803,1.710122,48.8731,0.991791,47.8732,49.2354,0.992244,0.991789,False,3.1482,3.1914,3.6373,3.6794,0.353274,0.28051
CHNCXR_0072_0,Shenzhen,0,3,True,DWT,10,262144,1903,137.753022,0.058075,29.7476,0.823887,30.214,29.5854,0.710417,0.865059,False,2.1645,2.2292,1.1393,1.6571,0.066282,0.020623
CHNCXR_0072_0,Shenzhen,0,3,True,DWT,20,262144,3529,74.2828,0.107697,31.885,0.85781,31.7141,31.9507,0.76183,0.894003,False,2.4429,2.5062,0.9628,1.5924,0.078908,0.034201
CHNCXR_0072_0,Shenzhen,0,3,True,DWT,30,262144,5109,51.310237,0.155914,35.0011,0.892921,33.3717,35.8112,0.818468,0.921757,False,2.6408,2.7076,1.4078,1.9096,0.085814,0.04177
CHNCXR_0072_0,Shenzhen,0,3,True,DWT,50,262144,11014,23.800981,0.336121,39.6245,0.949642,37.1977,41.0501,0.916673,0.962844,False,2.8858,2.9321,2.2203,2.5273,0.122291,0.068152
CHNCXR_0072_0,Shenzhen,0,3,True,DWT,70,262144,23976,10.9336,0.731689,43.88,0.977774,41.4449,45.3131,0.967273,0.982195,False,3.0237,3.0694,2.9539,3.1082,0.189506,0.130054
CHNCXR_0072_0,Shenzhen,0,3,True,DWT,90,262144,55742,4.702809,1.701111,49.0506,0.992139,47.9317,49.556,0.992378,0.992242,False,3.0663,3.1103,3.6617,3.7043,0.353928,0.280767
CHNCXR_0073_0,Shenzhen,0,1,True,DWT,10,257536,1460,176.394521,0.045353,31.11,0.854859,29.9571,31.3808,0.709328,0.882753,False,2.0996,2.2045,1.3793,1.8245,0.064017,0.017822
CHNCXR_0073_0,Shenzhen,0,1,True,DWT,20,257536,2892,89.051176,0.089836,33.2147,0.885954,31.7384,33.5792,0.768559,0.908057,False,2.3681,2.4344,0.8566,1.5353,0.076239,0.028952
CHNCXR_0073_0,Shenzhen,0,1,True,DWT,30,257536,4057,63.479418,0.126025,35.8897,0.914948,33.4318,36.6023,0.826456,0.931993,False,2.5909,2.6381,1.4042,1.9212,0.079792,0.034121
CHNCXR_0073_0,Shenzhen,0,1,True,DWT,50,257536,9140,28.176805,0.283921,40.3677,0.95847,37.345,41.3365,0.920795,0.965918,False,2.8464,2.9167,2.0171,2.3829,0.110869,0.061885
CHNCXR_0073_0,Shenzhen,0,1,True,DWT,70,257536,20357,12.65098,0.632362,44.6979,0.981697,41.5828,45.7136,0.968952,0.984405,False,2.9826,3.0278,2.8471,3.0166,0.177978,0.117463
CHNCXR_0073_0,Shenzhen,0,1,True,DWT,90,257536,46454,5.543893,1.443029,49.7828,0.99321,48.0715,50.2212,0.992745,0.993386,False,3.0609,3.1111,3.5822,3.6274,0.30956,0.241081
CHNCXR_0074_0,Shenzhen,0,4,True,DWT,10,206336,1665,123.925526,0.064555,29.3307,0.827265,30.5073,29.1822,0.7766,0.832777,False,2.0815,2.1806,0.9512,1.5519,0.055199,0.016859
CHNCXR_0074_0,Shenzhen,0,4,True,DWT,20,206336,2390,86.333054,0.092664,31.2982,0.862592,32.4576,31.1515,0.815249,0.867671,False,2.374,2.4,1.3992,1.8696,0.057749,0.021974
CHNCXR_0074_0,Shenzhen,0,4,True,DWT,30,206336,4127,49.996608,0.160011,34.7769,0.894926,34.5355,34.8134,0.868127,0.89925,False,2.6109,2.6759,1.2961,1.831,0.072177,0.034848
CHNCXR_0074_0,Shenzhen,0,4,True,DWT,50,206336,8512,24.240602,0.330025,39.6365,0.942687,38.3585,39.8601,0.9338,0.945242,False,2.9326,2.9759,2.1132,2.4563,0.099419,0.057857
CHNCXR_0074_0,Shenzhen,0,4,True,DWT,70,206336,18820,10.963656,0.729684,43.0201,0.96766,41.9596,43.1999,0.968754,0.968402,False,3.1227,3.1565,2.9515,3.1236,0.152867,0.106978
CHNCXR_0074_0,Shenzhen,0,4,True,DWT,90,206336,50759,4.065013,1.968013,48.0429,0.989198,47.7678,48.0848,0.99152,0.989162,False,3.2221,3.275,3.6708,3.7034,0.329729,0.260677
CHNCXR_0075_0,Shenzhen,0,2,True,DWT,10,236032,1833,128.76814,0.062127,29.3579,0.816374,30.7443,29.1484,0.747485,0.825342,False,2.1429,2.2138,1.26,1.7735,0.060611,0.01851
CHNCXR_0075_0,Shenzhen,0,2,True,DWT,20,236032,3665,64.401637,0.12422,31.8216,0.853691,32.4152,31.7224,0.790304,0.863301,False,2.4077,2.4756,0.8185,1.5175,0.079322,0.032556
CHNCXR_0075_0,Shenzhen,0,2,True,DWT,30,236032,4975,47.443618,0.168621,34.2307,0.8848,34.2062,34.2352,0.842283,0.891766,False,2.6126,2.6785,1.2794,1.8452,0.08487,0.039387
CHNCXR_0075_0,Shenzhen,0,2,True,DWT,50,236032,10716,22.026129,0.363205,39.2822,0.937144,38.0865,39.5386,0.925313,0.940079,False,2.888,2.9411,1.9924,2.382,0.121249,0.070052
CHNCXR_0075_0,Shenzhen,0,2,True,DWT,70,236032,22886,10.313379,0.775691,42.7731,0.965495,41.8659,42.9595,0.966513,0.966139,False,3.0165,3.0699,3.0479,3.1958,0.184168,0.123708
CHNCXR_0075_0,Shenzhen,0,2,True,DWT,90,236032,61054,3.865955,2.069347,47.9593,0.988971,47.7978,47.9892,0.991244,0.988853,False,3.0589,3.1077,3.6926,3.7221,0.405723,0.311405
CHNCXR_0076_0,Shenzhen,0,2,True,DWT,10,238080,1763,135.042541,0.059241,29.2656,0.811478,30.1976,29.1207,0.728209,0.821541,False,2.1361,2.1855,1.3946,1.8435,0.063737,0.020027
CHNCXR_0076_0,Shenzhen,0,2,True,DWT,20,238080,3202,74.353529,0.107594,31.4487,0.848453,31.9482,31.3666,0.780369,0.857435,False,2.4013,2.4755,1.1729,1.7536,0.070685,0.029665
CHNCXR_0076_0,Shenzhen,0,2,True,DWT,30,238080,4811,49.486593,0.16166,34.0393,0.883833,33.7776,34.0869,0.839109,0.890256,False,2.607,2.6691,1.5394,2.0103,0.082599,0.037952
CHNCXR_0076_0,Shenzhen,0,2,True,DWT,50,238080,10388,22.918752,0.349059,38.9111,0.935959,37.5207,39.2089,0.921248,0.939526,False,2.8581,2.9158,2.276,2.5639,0.110497,0.06589
CHNCXR_0076_0,Shenzhen,0,2,True,DWT,70,238080,23683,10.05278,0.7958,42.441,0.965165,41.3565,42.663,0.965562,0.965936,False,2.9883,3.0237,3.052,3.1902,0.187866,0.151922
CHNCXR_0076_0,Shenzhen,0,2,True,DWT,90,238080,64132,3.712343,2.154973,47.8908,0.989508,47.6691,47.9309,0.991735,0.989381,False,3.0703,3.1005,3.6529,3.6859,0.403784,0.336675
CHNCXR_0077_0,Shenzhen,0,1,True,DWT,10,257024,1591,161.548712,0.049521,30.9587,0.85623,30.1411,31.1748,0.732395,0.883426,False,2.0859,2.1906,0.9386,1.5591,0.063556,0.018509
CHNCXR_0077_0,Shenzhen,0,1,True,DWT,20,257024,2878,89.306463,0.089579,33.2636,0.886898,31.8591,33.6705,0.783933,0.909675,False,2.3667,2.4444,0.8227,1.5213,0.075939,0.029658
CHNCXR_0077_0,Shenzhen,0,1,True,DWT,30,257024,4487,57.281926,0.13966,35.8647,0.914793,33.5316,36.6563,0.833945,0.933175,False,2.5719,2.6335,1.0207,1.6644,0.08718,0.038351
CHNCXR_0077_0,Shenzhen,0,1,True,DWT,50,257024,9189,27.970835,0.286012,40.3878,0.958749,37.5379,41.4519,0.92475,0.966767,False,2.8417,2.8966,2.0122,2.3801,0.113657,0.063435
CHNCXR_0077_0,Shenzhen,0,1,True,DWT,70,257024,20302,12.660033,0.63191,44.7911,0.981983,41.8549,45.9058,0.970461,0.984812,False,2.9883,3.0594,2.8236,3.0011,0.174134,0.117083
CHNCXR_0077_0,Shenzhen,0,1,True,DWT,90,257024,46124,5.572457,1.435632,49.8344,0.993244,48.2094,50.3226,0.992748,0.993437,False,3.0528,3.0972,3.5928,3.6431,0.305233,0.236433
CHNCXR_0078_0,Shenzhen,0,1,True,DWT,10,259072,1468,176.479564,0.045331,30.9191,0.83893,30.501,31.0665,0.7291,0.87508,False,2.1231,2.223,1.3419,1.7935,0.061254,0.022104
CHNCXR_0078_0,Shenzhen,0,1,True,DWT,20,259072,2941,88.089765,0.090816,32.9459,0.869943,32.095,33.2681,0.774425,0.901138,False,2.3719,2.4367,0.8504,1.5337,0.074917,0.029492
CHNCXR_0078_0,Shenzhen,0,1,True,DWT,30,259072,4153,62.381893,0.128242,35.4951,0.902042,33.8946,36.1867,0.829494,0.926208,False,2.5706,2.642,1.4207,1.9353,0.079375,0.033964
CHNCXR_0078_0,Shenzhen,0,1,True,DWT,50,259072,9539,27.159241,0.294559,39.7113,0.950451,37.4825,40.799,0.91658,0.961748,False,2.8203,2.902,2.0781,2.4242,0.117204,0.064472
CHNCXR_0078_0,Shenzhen,0,1,True,DWT,70,259072,22183,11.678853,0.684999,43.9356,0.977877,41.499,45.1769,0.965347,0.982207,False,2.958,3.0,2.9263,3.073,0.185296,0.126132
CHNCXR_0078_0,Shenzhen,0,1,True,DWT,90,259072,52847,4.902303,1.631886,49.1914,0.992389,47.9886,49.6752,0.992008,0.992594,False,3.0172,3.0571,3.5992,3.6336,0.344174,0.274774
CHNCXR_0079_0,Shenzhen,0,1,True,DWT,10,257024,1414,181.770863,0.044011,31.2842,0.845811,30.5001,31.5632,0.722011,0.88478,False,2.0621,2.1566,1.2546,1.7396,0.060222,0.016825
CHNCXR_0079_0,Shenzhen,0,1,True,DWT,20,257024,2716,94.633284,0.084537,33.2703,0.872693,32.1548,33.6898,0.766016,0.90616,False,2.3341,2.3966,0.7607,1.4723,0.074975,0.028127
CHNCXR_0079_0,Shenzhen,0,1,True,DWT,30,257024,3929,65.417154,0.122292,35.6461,0.902375,33.5952,36.5599,0.817079,0.929239,False,2.5572,2.6204,1.325,1.8678,0.081444,0.034337
CHNCXR_0079_0,Shenzhen,0,1,True,DWT,50,257024,9119,28.185547,0.283833,39.8671,0.951174,37.3164,41.1236,0.91306,0.963372,False,2.8335,2.9275,1.9844,2.3621,0.11517,0.061217
CHNCXR_0079_0,Shenzhen,0,1,True,DWT,70,257024,21024,12.225266,0.654382,44.1916,0.978648,41.528,45.5354,0.965825,0.982918,False,2.9696,3.0062,2.8549,3.0138,0.174027,0.115118
CHNCXR_0079_0,Shenzhen,0,1,True,DWT,90,257024,49804,5.16071,1.550174,49.2689,0.992325,47.9701,49.7729,0.991984,0.992524,False,3.0403,3.0849,3.5688,3.6056,0.328246,0.25627
CHNCXR_0080_0,Shenzhen,0,1,True,DWT,10,258048,1469,175.662355,0.045542,31.1772,0.830143,29.7453,31.5804,0.698757,0.858206,False,2.0521,2.1512,1.0214,1.602,0.061716,0.018513
CHNCXR_0080_0,Shenzhen,0,1,True,DWT,20,258048,2845,90.702285,0.088201,33.3613,0.869393,31.4903,33.9275,0.76027,0.892856,False,2.3422,2.3827,0.7872,1.4876,0.072767,0.027684
CHNCXR_0080_0,Shenzhen,0,1,True,DWT,30,258048,3974,64.934071,0.123202,35.6957,0.90423,33.0445,36.6161,0.817012,0.923285,False,2.5814,2.6551,1.2961,1.8554,0.078988,0.033425
CHNCXR_0080_0,Shenzhen,0,1,True,DWT,50,258048,9110,28.325796,0.282428,40.1312,0.955342,37.0858,41.2702,0.92065,0.962994,False,2.8851,2.963,2.0002,2.3611,0.112284,0.0629
CHNCXR_0080_0,Shenzhen,0,1,True,DWT,70,258048,20557,12.552804,0.637308,44.4965,0.981084,41.4258,45.6506,0.969642,0.983846,False,3.0524,3.0957,2.8003,2.9713,0.174838,0.117034
CHNCXR_0080_0,Shenzhen,0,1,True,DWT,90,258048,47949,5.381718,1.486514,49.6188,0.993095,47.9548,50.1054,0.992995,0.993205,False,3.1331,3.1698,3.5684,3.6114,0.319599,0.247678
CHNCXR_0081_0,Shenzhen,0,3,True,DWT,10,257536,1454,177.122421,0.045167,30.8877,0.836195,30.4997,31.0784,0.731992,0.883037,False,2.1084,2.2091,1.3057,1.7881,0.061046,0.01833
CHNCXR_0081_0,Shenzhen,0,3,True,DWT,20,257536,2897,88.89748,0.089991,32.9545,0.866988,32.1043,33.4093,0.777448,0.907251,False,2.371,2.436,0.8389,1.5247,0.078208,0.028502
CHNCXR_0081_0,Shenzhen,0,3,True,DWT,30,257536,4167,61.803696,0.129442,35.2991,0.897268,33.7127,36.2832,0.82715,0.928863,False,2.5817,2.6605,1.3503,1.8786,0.081663,0.033054
CHNCXR_0081_0,Shenzhen,0,3,True,DWT,50,257536,9682,26.599463,0.300758,39.4845,0.94862,37.3937,40.9375,0.916104,0.963465,False,2.8169,2.8503,2.1191,2.454,0.119243,0.064652
CHNCXR_0081_0,Shenzhen,0,3,True,DWT,70,257536,22733,11.328729,0.706169,43.8645,0.977867,41.6427,45.4579,0.966559,0.983316,False,2.9548,3.01,2.9643,3.0996,0.189591,0.128446
CHNCXR_0081_0,Shenzhen,0,3,True,DWT,90,257536,53677,4.797884,1.667402,49.184,0.992486,47.9969,49.8621,0.992014,0.992807,False,3.0213,3.0563,3.6266,3.6633,0.34696,0.279043
CHNCXR_0082_0,Shenzhen,0,0,True,DWT,10,257536,1448,177.856354,0.04498,31.0111,0.846348,30.3059,31.2436,0.719159,0.882581,False,2.1268,2.223,1.327,1.8016,0.064207,0.016754
CHNCXR_0082_0,Shenzhen,0,0,True,DWT,20,257536,2872,89.671309,0.089215,32.8094,0.872804,31.7593,33.1756,0.762472,0.904442,False,2.3897,2.466,0.8499,1.5299,0.07529,0.028548
CHNCXR_0082_0,Shenzhen,0,0,True,DWT,30,257536,4133,62.312122,0.128386,35.4244,0.903429,33.2921,36.3256,0.812427,0.930126,False,2.5977,2.659,1.3581,1.8877,0.082892,0.033476
CHNCXR_0082_0,Shenzhen,0,0,True,DWT,50,257536,9552,26.961474,0.29672,39.6852,0.951811,36.9346,41.0004,0.907794,0.964995,False,2.8691,2.9429,2.0959,2.431,0.113079,0.063171
CHNCXR_0082_0,Shenzhen,0,0,True,DWT,70,257536,22050,11.679637,0.684953,44.0247,0.978765,41.0913,45.483,0.963129,0.983676,False,2.9856,3.0432,2.9347,3.0738,0.186741,0.129351
CHNCXR_0082_0,Shenzhen,0,0,True,DWT,90,257536,51730,4.978465,1.606921,49.353,0.992689,47.8452,49.9216,0.992089,0.992963,False,3.0573,3.1057,3.5997,3.6382,0.34559,0.268889
CHNCXR_0083_0,Shenzhen,0,3,True,DWT,10,257536,1361,189.225569,0.042278,31.7642,0.851977,30.6222,32.0842,0.729075,0.880395,False,2.0329,2.1512,1.001,1.5624,0.065238,0.017981
CHNCXR_0083_0,Shenzhen,0,3,True,DWT,20,257536,2544,101.232704,0.079026,33.7268,0.881811,32.0975,34.2208,0.773646,0.90699,False,2.348,2.3981,0.7552,1.47,0.070285,0.02687
CHNCXR_0083_0,Shenzhen,0,3,True,DWT,30,257536,3740,68.859893,0.116178,36.0275,0.910167,33.8635,36.7464,0.829862,0.92899,False,2.5765,2.659,1.1554,1.7482,0.078461,0.032469
CHNCXR_0083_0,Shenzhen,0,3,True,DWT,50,257536,8497,30.30905,0.263948,40.4678,0.956006,37.451,41.642,0.917394,0.965423,False,2.8698,2.946,1.9078,2.2987,0.107469,0.061602
CHNCXR_0083_0,Shenzhen,0,3,True,DWT,70,257536,19447,13.242968,0.604094,44.7076,0.980429,41.6924,45.8808,0.967533,0.983718,False,3.0544,3.1042,2.7366,2.9211,0.167423,0.110546
CHNCXR_0083_0,Shenzhen,0,3,True,DWT,90,257536,45881,5.61313,1.42523,49.5623,0.992589,47.9523,50.0489,0.992028,0.992826,False,3.1277,3.1782,3.5593,3.6041,0.310232,0.2351
CHNCXR_0084_0,Shenzhen,0,2,True,DWT,10,243712,1586,153.664565,0.052061,30.4027,0.836467,30.626,30.3252,0.742757,0.865579,False,2.1126,2.1953,1.4294,1.8521,0.057101,0.018006
CHNCXR_0084_0,Shenzhen,0,2,True,DWT,20,243712,3039,80.194801,0.099757,32.2694,0.869014,32.2052,32.2927,0.788954,0.894374,False,2.3663,2.4191,0.949,1.5924,0.071348,0.027688
CHNCXR_0084_0,Shenzhen,0,2,True,DWT,30,243712,4794,50.836879,0.157366,35.2247,0.902545,33.8414,35.8538,0.837546,0.923983,False,2.5931,2.6462,1.1645,1.756,0.082487,0.03876
CHNCXR_0084_0,Shenzhen,0,2,True,DWT,50,243712,9917,24.575174,0.325532,39.9459,0.954492,37.8661,41.0298,0.926843,0.964658,False,2.8709,2.9208,2.108,2.4579,0.109423,0.067407
CHNCXR_0084_0,Shenzhen,0,2,True,DWT,70,243712,21512,11.329119,0.706145,44.3572,0.980105,41.9798,45.6768,0.970127,0.9841,False,2.9844,3.0335,2.9378,3.102,0.173082,0.122357
CHNCXR_0084_0,Shenzhen,0,2,True,DWT,90,243712,48614,5.013206,1.595785,49.4131,0.992823,48.103,50.001,0.992359,0.993143,False,3.0659,3.1152,3.6502,3.6978,0.312189,0.24968
CHNCXR_0085_0,Shenzhen,0,2,True,DWT,10,257536,1447,177.979267,0.044949,30.8676,0.838429,29.7282,31.2365,0.695355,0.876116,False,2.0881,2.1667,1.3015,1.7788,0.066685,0.018701
CHNCXR_0085_0,Shenzhen,0,2,True,DWT,20,257536,2933,87.806342,0.09111,33.0423,0.873136,31.3285,33.6538,0.751687,0.905217,False,2.3644,2.4344,0.8474,1.5328,0.077576,0.029828
CHNCXR_0085_0,Shenzhen,0,2,True,DWT,30,257536,4084,63.059745,0.126864,35.5496,0.904089,33.0448,36.5832,0.814783,0.92801,False,2.5706,2.6528,1.3639,1.8934,0.081889,0.034753
CHNCXR_0085_0,Shenzhen,0,2,True,DWT,50,257536,9419,27.342181,0.292588,39.9071,0.953993,36.8332,41.3305,0.914116,0.965238,False,2.8522,2.939,2.0288,2.3963,0.116252,0.065722
CHNCXR_0085_0,Shenzhen,0,2,True,DWT,70,257536,21388,12.041145,0.664389,44.2738,0.980212,41.2498,45.6595,0.967304,0.983975,False,2.9895,3.0424,2.8537,3.0163,0.179522,0.124669
CHNCXR_0085_0,Shenzhen,0,2,True,DWT,90,257536,49845,5.166737,1.548366,49.4212,0.992803,47.8358,49.9744,0.992564,0.992977,False,3.0544,3.1057,3.5823,3.6238,0.333308,0.260461
CHNCXR_0086_0,Shenzhen,0,3,True,DWT,10,258048,1496,172.491979,0.046379,31.0413,0.856312,30.2487,31.2171,0.720434,0.881543,False,2.1041,2.2091,1.3972,1.8409,0.062154,0.018122
CHNCXR_0086_0,Shenzhen,0,3,True,DWT,20,258048,2899,89.012763,0.089875,33.2731,0.886471,31.81,33.6322,0.769411,0.908339,False,2.362,2.4035,0.8759,1.5505,0.073396,0.027355
CHNCXR_0086_0,Shenzhen,0,3,True,DWT,30,258048,4116,62.693878,0.127604,35.9002,0.914526,33.4355,36.6129,0.820509,0.932537,False,2.5816,2.6389,1.4132,1.9317,0.081473,0.034172
CHNCXR_0086_0,Shenzhen,0,3,True,DWT,50,258048,9268,27.8429,0.287326,40.2755,0.95732,37.1538,41.2906,0.914623,0.965703,False,2.8295,2.8819,2.04,2.3982,0.111757,0.064459
CHNCXR_0086_0,Shenzhen,0,3,True,DWT,70,258048,20837,12.384124,0.645988,44.5804,0.980883,41.3579,45.6482,0.966313,0.983933,False,2.9376,2.9799,2.8794,3.0441,0.177305,0.122468
CHNCXR_0086_0,Shenzhen,0,3,True,DWT,90,258048,47786,5.400075,1.481461,49.6344,0.992911,47.9384,50.0663,0.992236,0.99313,False,3.0064,3.0502,3.6018,3.6457,0.322754,0.252767
CHNCXR_0087_0,Shenzhen,0,4,True,DWT,10,233984,1264,185.113924,0.043217,31.0223,0.82534,29.7893,31.6555,0.710953,0.869886,False,2.1392,2.2155,1.9941,2.2944,0.053626,0.012334
CHNCXR_0087_0,Shenzhen,0,4,True,DWT,20,233984,2109,110.945472,0.072107,32.8733,0.858951,31.6923,33.4738,0.771874,0.893328,False,2.3935,2.431,1.9976,2.3096,0.058439,0.018034
CHNCXR_0087_0,Shenzhen,0,4,True,DWT,30,233984,3584,65.285714,0.122538,35.2057,0.894067,33.3556,36.2819,0.826697,0.921292,False,2.6034,2.654,2.0603,2.3512,0.066086,0.027145
CHNCXR_0087_0,Shenzhen,0,4,True,DWT,50,233984,9101,25.709702,0.311167,39.5235,0.950212,37.256,40.9702,0.921834,0.961986,False,2.8515,2.9091,2.1846,2.4874,0.102425,0.055927
CHNCXR_0087_0,Shenzhen,0,4,True,DWT,70,233984,20378,11.482187,0.696731,43.9601,0.979161,41.5658,45.5337,0.969261,0.98362,False,2.9676,3.0269,3.2512,3.3315,0.162384,0.107259
CHNCXR_0087_0,Shenzhen,0,4,True,DWT,90,233984,48401,4.83428,1.654848,49.2588,0.992823,48.0036,49.9062,0.992746,0.992996,False,3.0359,3.08,3.6288,3.6725,0.319446,0.253536
CHNCXR_0088_0,Shenzhen,0,4,True,DWT,10,247296,1569,157.613767,0.050757,30.2346,0.808866,28.0411,31.3861,0.675681,0.854412,False,2.211,2.2492,1.3657,1.8578,0.058882,0.01693
CHNCXR_0088_0,Shenzhen,0,4,True,DWT,20,247296,3543,69.798476,0.114616,32.1384,0.852668,29.7707,33.4281,0.751663,0.887221,False,2.4743,2.5865,0.6906,1.4354,0.077059,0.034966
CHNCXR_0088_0,Shenzhen,0,4,True,DWT,30,247296,5456,45.325513,0.176501,34.163,0.891067,31.5875,35.6314,0.817131,0.91679,False,2.6506,2.7762,0.9137,1.5909,0.095911,0.046036
CHNCXR_0088_0,Shenzhen,0,4,True,DWT,50,247296,11362,21.765182,0.36756,38.4084,0.948361,35.6334,40.0645,0.920413,0.958994,False,2.9307,3.0365,1.9978,2.3607,0.127794,0.076026
CHNCXR_0088_0,Shenzhen,0,4,True,DWT,70,247296,25589,9.664153,0.827802,42.6902,0.9764,40.2836,44.0122,0.970342,0.979012,False,3.1091,3.1452,3.1079,3.2175,0.201938,0.144693
CHNCXR_0088_0,Shenzhen,0,4,True,DWT,90,247296,62611,3.949721,2.025459,48.4368,0.992365,47.7573,48.7056,0.994536,0.991734,False,3.168,3.2119,3.631,3.6654,0.396922,0.3225
CHNCXR_0089_0,Shenzhen,0,0,True,DWT,10,261120,1985,131.546599,0.060815,30.1602,0.838679,30.4078,30.0854,0.724687,0.873245,False,2.1901,2.24,1.3154,1.8047,0.068002,0.020334
CHNCXR_0089_0,Shenzhen,0,0,True,DWT,20,261120,4076,64.062807,0.124877,32.055,0.867729,31.9964,32.0736,0.771815,0.897361,False,2.4499,2.483,0.7608,1.4691,0.089148,0.039144
CHNCXR_0089_0,Shenzhen,0,0,True,DWT,30,261120,5648,46.232295,0.173039,35.1281,0.901023,33.5906,35.749,0.822318,0.926124,False,2.6485,2.7045,1.1987,1.7789,0.097428,0.046022
CHNCXR_0089_0,Shenzhen,0,0,True,DWT,50,261120,11513,22.680448,0.352727,39.6597,0.952042,37.3622,40.7314,0.916863,0.963567,False,2.892,2.9514,1.9403,2.343,0.129395,0.077281
CHNCXR_0089_0,Shenzhen,0,0,True,DWT,70,261120,23980,10.889074,0.734681,44.0681,0.978727,41.439,45.3812,0.966068,0.983116,False,3.0132,3.0571,3.0108,3.1682,0.197394,0.134591
CHNCXR_0089_0,Shenzhen,0,0,True,DWT,90,261120,54540,4.787679,1.670956,49.1835,0.992291,47.9603,49.6509,0.992177,0.992492,False,3.066,3.1057,3.6824,3.7287,0.352387,0.281551
CHNCXR_0090_0,Shenzhen,0,3,True,DWT,10,249344,1804,138.217295,0.05788,30.3682,0.824936,29.8629,30.5266,0.703592,0.860112,False,2.1481,2.2198,0.9992,1.5857,0.06631,0.026937
CHNCXR_0090_0,Shenzhen,0,3,True,DWT,20,249344,3267,76.322008,0.104819,32.3396,0.862541,31.462,32.6316,0.757708,0.893399,False,2.417,2.4825,0.8774,1.5459,0.075657,0.03066
CHNCXR_0090_0,Shenzhen,0,3,True,DWT,30,249344,4918,50.700285,0.15779,35.3956,0.897549,33.0897,36.3835,0.814619,0.92254,False,2.6187,2.6992,1.1556,1.738,0.08474,0.041005
CHNCXR_0090_0,Shenzhen,0,3,True,DWT,50,249344,9950,25.059698,0.319238,39.7716,0.951218,36.9075,41.1454,0.914992,0.962434,False,2.8905,2.9341,2.1715,2.4976,0.113144,0.063134
CHNCXR_0090_0,Shenzhen,0,3,True,DWT,70,249344,22050,11.308118,0.707456,44.1007,0.979294,41.2569,45.4589,0.96742,0.983163,False,3.0387,3.0944,2.9728,3.1292,0.182997,0.124631
CHNCXR_0090_0,Shenzhen,0,3,True,DWT,90,249344,50620,4.9258,1.624102,49.3577,0.992772,47.9089,49.8882,0.992638,0.992948,False,3.0845,3.1317,3.6557,3.7,0.330931,0.259335
CHNCXR_0091_0,Shenzhen,0,0,True,DWT,10,228352,1558,146.567394,0.054582,30.2504,0.809921,28.9343,31.0687,0.7104,0.856325,False,2.2784,2.3559,1.5369,1.9802,0.052871,0.015586
CHNCXR_0091_0,Shenzhen,0,0,True,DWT,20,228352,3435,66.47802,0.120341,32.2905,0.848135,30.6394,33.3941,0.764113,0.888514,False,2.5211,2.6415,0.6733,1.4289,0.072422,0.029405
CHNCXR_0091_0,Shenzhen,0,0,True,DWT,30,228352,5136,44.461059,0.179933,34.1718,0.884115,32.3605,35.4275,0.816924,0.91608,False,2.7114,2.7865,0.9104,1.592,0.087132,0.040238
CHNCXR_0091_0,Shenzhen,0,0,True,DWT,50,228352,10648,21.44553,0.373038,38.1893,0.94212,36.0276,39.8193,0.911567,0.957874,False,2.9739,3.0521,2.0191,2.3888,0.116448,0.069243
CHNCXR_0091_0,Shenzhen,0,0,True,DWT,70,228352,24677,9.253637,0.864525,42.4304,0.974403,40.4124,43.8992,0.965499,0.979165,False,3.1093,3.171,3.1754,3.2653,0.184136,0.13705
CHNCXR_0091_0,Shenzhen,0,0,True,DWT,90,228352,60534,3.772293,2.120726,48.3366,0.992431,47.7133,48.6746,0.993534,0.992035,False,3.1847,3.2422,3.6249,3.6569,0.381621,0.307181
CHNCXR_0092_0,Shenzhen,0,4,True,DWT,10,248832,1426,174.496494,0.045846,30.4874,0.853706,30.6713,30.4295,0.732746,0.888446,False,2.1359,2.2143,1.1868,1.683,0.060964,0.016373
CHNCXR_0092_0,Shenzhen,0,4,True,DWT,20,248832,2756,90.287373,0.088606,32.7932,0.880748,32.0971,33.0447,0.777794,0.912207,False,2.3949,2.4341,0.8604,1.5257,0.073354,0.02887
CHNCXR_0092_0,Shenzhen,0,4,True,DWT,30,248832,4208,59.13308,0.135288,36.0354,0.909593,33.6568,37.2047,0.82874,0.935866,False,2.6246,2.6611,1.1263,1.7189,0.083182,0.035988
CHNCXR_0092_0,Shenzhen,0,4,True,DWT,50,248832,8899,27.961793,0.286105,40.1611,0.95393,37.4063,41.6282,0.918971,0.965395,False,2.8956,2.9437,2.0446,2.3936,0.107442,0.05831
CHNCXR_0092_0,Shenzhen,0,4,True,DWT,70,248832,19597,12.697454,0.630048,44.4364,0.979527,41.5488,46.0205,0.96751,0.983765,False,3.0386,3.0921,3.0424,3.1522,0.164425,0.110394
CHNCXR_0092_0,Shenzhen,0,4,True,DWT,90,248832,46814,5.315333,1.50508,49.4744,0.992393,48.031,50.0672,0.992463,0.992527,False,3.1221,3.1651,3.566,3.6151,0.307828,0.24754
CHNCXR_0093_0,Shenzhen,0,0,True,DWT,10,245760,1618,151.891224,0.052669,30.5004,0.807599,28.5689,31.7245,0.682714,0.858682,False,2.2146,2.2475,1.1287,1.6985,0.058264,0.01756
CHNCXR_0093_0,Shenzhen,0,0,True,DWT,20,245760,3551,69.208674,0.115592,32.2345,0.847724,30.227,33.5285,0.750872,0.886557,False,2.46,2.5784,0.643,1.4105,0.077949,0.033815
CHNCXR_0093_0,Shenzhen,0,0,True,DWT,30,245760,5371,45.756842,0.174837,34.2068,0.884541,31.9755,35.7218,0.810718,0.915122,False,2.6401,2.741,0.9021,1.5766,0.092387,0.047261
CHNCXR_0093_0,Shenzhen,0,0,True,DWT,50,245760,11049,22.242737,0.359668,38.267,0.94274,35.7676,40.0794,0.913936,0.956108,False,2.8805,2.9289,1.945,2.3196,0.125946,0.07609
CHNCXR_0093_0,Shenzhen,0,0,True,DWT,70,245760,25791,9.528905,0.839551,42.5099,0.974128,40.4167,43.8861,0.968537,0.977111,False,3.0256,3.0727,3.1094,3.2046,0.200968,0.141066
CHNCXR_0093_0,Shenzhen,0,0,True,DWT,90,245760,64201,3.827978,2.089876,48.2511,0.991907,47.7595,48.4856,0.994115,0.991094,False,3.0629,3.1225,3.6128,3.6455,0.408181,0.329466
CHNCXR_0094_0,Shenzhen,0,0,True,DWT,10,257536,1473,174.837746,0.045757,31.0755,0.849127,30.638,31.2251,0.746599,0.880365,False,2.1041,2.1713,1.3877,1.8268,0.06561,0.018991
CHNCXR_0094_0,Shenzhen,0,0,True,DWT,20,257536,2849,90.395226,0.0885,32.8572,0.876302,32.0797,33.138,0.785888,0.903566,False,2.3714,2.4321,0.8555,1.5346,0.077191,0.029756
CHNCXR_0094_0,Shenzhen,0,0,True,DWT,30,257536,4143,62.161719,0.128697,35.6422,0.906992,33.7121,36.4975,0.835293,0.929413,False,2.572,2.635,1.3905,1.9065,0.080823,0.035861
CHNCXR_0094_0,Shenzhen,0,0,True,DWT,50,257536,9426,27.321876,0.292806,39.91,0.953177,37.6069,41.0081,0.922647,0.962882,False,2.806,2.8796,2.0605,2.4138,0.113545,0.063337
CHNCXR_0094_0,Shenzhen,0,0,True,DWT,70,257536,21582,11.932907,0.670415,44.2214,0.979009,41.9631,45.2885,0.969501,0.982231,False,2.954,3.0023,2.9106,3.0637,0.178648,0.125559
CHNCXR_0094_0,Shenzhen,0,0,True,DWT,90,257536,50813,5.068309,1.578436,49.2574,0.992302,48.0884,49.7085,0.992191,0.992422,False,3.0015,3.0378,3.6189,3.6571,0.345658,0.263314
CHNCXR_0095_0,Shenzhen,0,4,True,DWT,10,257536,1515,169.990759,0.047061,30.9248,0.838365,30.2568,31.2016,0.718798,0.882051,False,2.0599,2.1551,1.15,1.6929,0.067511,0.01826
CHNCXR_0095_0,Shenzhen,0,4,True,DWT,20,257536,2793,92.207662,0.086761,32.8797,0.868748,31.7675,33.3782,0.769271,0.905105,False,2.3439,2.4205,0.9126,1.5813,0.070754,0.025812
CHNCXR_0095_0,Shenzhen,0,4,True,DWT,30,257536,4155,61.98219,0.129069,35.4539,0.901022,33.5078,36.4777,0.824508,0.929338,False,2.5624,2.6157,1.3467,1.8776,0.081696,0.033571
CHNCXR_0095_0,Shenzhen,0,4,True,DWT,50,257536,9481,27.163379,0.294514,39.759,0.951744,37.4175,41.0986,0.918313,0.964136,False,2.8123,2.8742,2.0734,2.4194,0.111806,0.06285
CHNCXR_0095_0,Shenzhen,0,4,True,DWT,70,257536,21726,11.853816,0.674888,44.1015,0.978698,41.7075,45.4872,0.968055,0.982906,False,2.9422,2.9745,2.8939,3.0439,0.179626,0.121201
CHNCXR_0095_0,Shenzhen,0,4,True,DWT,90,257536,51320,5.018239,1.594185,49.218,0.992343,48.0275,49.7592,0.992235,0.992481,False,3.0107,3.0502,3.6033,3.6414,0.329347,0.261164
CHNCXR_0096_0,Shenzhen,0,4,True,DWT,10,257536,1570,164.035669,0.04877,30.2753,0.841214,31.1235,29.9449,0.745993,0.876884,False,2.1127,2.1883,1.1981,1.6785,0.062942,0.017959
CHNCXR_0096_0,Shenzhen,0,4,True,DWT,20,257536,3196,80.580726,0.099279,32.2914,0.865844,32.5901,32.1647,0.784663,0.899764,False,2.384,2.4321,0.828,1.4915,0.07515,0.029785
CHNCXR_0096_0,Shenzhen,0,4,True,DWT,30,257536,4623,55.707549,0.143607,35.0776,0.896632,34.2326,35.5143,0.83272,0.924672,False,2.5757,2.6528,1.1843,1.7663,0.087245,0.03974
CHNCXR_0096_0,Shenzhen,0,4,True,DWT,50,257536,10165,25.335563,0.315762,39.8631,0.947986,37.9403,41.1014,0.918597,0.961834,False,2.8107,2.8341,2.0892,2.4211,0.119153,0.067695
CHNCXR_0096_0,Shenzhen,0,4,True,DWT,70,257536,22443,11.475115,0.697161,44.0226,0.97634,41.9069,45.4468,0.96586,0.981645,False,2.961,3.0031,2.8491,3.0044,0.187113,0.133666
CHNCXR_0096_0,Shenzhen,0,4,True,DWT,90,257536,53457,4.817629,1.660568,49.0366,0.99157,48.0254,49.5759,0.991375,0.991895,False,2.993,3.0285,3.6222,3.6687,0.34198,0.274007
CHNCXR_0097_0,Shenzhen,0,0,True,DWT,10,255488,1930,132.377202,0.060433,30.1291,0.832004,31.357,29.4709,0.771803,0.871332,False,2.1379,2.2014,1.2267,1.7379,0.065996,0.020806
CHNCXR_0097_0,Shenzhen,0,0,True,DWT,20,255488,3684,69.350706,0.115356,31.973,0.863269,33.0498,31.3815,0.811025,0.897746,False,2.4004,2.4514,0.8011,1.4941,0.084439,0.036017
CHNCXR_0097_0,Shenzhen,0,0,True,DWT,30,255488,5315,48.069238,0.166427,35.2563,0.894744,34.7035,35.6668,0.853505,0.922554,False,2.6065,2.6667,1.1503,1.7582,0.093602,0.044859
CHNCXR_0097_0,Shenzhen,0,0,True,DWT,50,255488,10453,24.441596,0.327311,39.8811,0.948282,38.5643,41.0464,0.928632,0.9622,False,2.8906,2.9367,2.2287,2.5546,0.119217,0.066928
CHNCXR_0097_0,Shenzhen,0,0,True,DWT,70,255488,22583,11.313289,0.707133,44.0728,0.976928,42.5578,45.4836,0.969907,0.982258,False,3.0114,3.0455,2.9308,3.0956,0.186053,0.127057
CHNCXR_0097_0,Shenzhen,0,0,True,DWT,90,255488,52912,4.828546,1.656814,49.0798,0.991796,48.2221,49.7604,0.991401,0.992299,False,3.1154,3.159,3.6787,3.7204,0.342407,0.274725
CHNCXR_0098_0,Shenzhen,0,4,True,DWT,10,258048,1387,186.047585,0.043,31.3476,0.856696,30.0712,31.7043,0.703357,0.889478,False,2.0791,2.1551,1.183,1.6939,0.062741,0.018722
CHNCXR_0098_0,Shenzhen,0,4,True,DWT,20,258048,2799,92.192926,0.086775,33.5558,0.884557,31.6423,34.1496,0.757608,0.912196,False,2.3529,2.4174,0.7597,1.4807,0.076282,0.029905
CHNCXR_0098_0,Shenzhen,0,4,True,DWT,30,258048,3832,67.340292,0.1188,35.8158,0.91122,33.156,36.7579,0.813517,0.932627,False,2.5746,2.6427,1.2678,1.8358,0.077945,0.031357
CHNCXR_0098_0,Shenzhen,0,4,True,DWT,50,258048,8830,29.224009,0.273748,40.3435,0.956861,36.9668,41.7188,0.914586,0.966828,False,2.8498,2.8927,1.9332,2.3259,0.109494,0.060693
CHNCXR_0098_0,Shenzhen,0,4,True,DWT,70,258048,19817,13.021547,0.614366,44.5636,0.980848,41.1403,45.9713,0.966251,0.984431,False,2.9775,3.0193,2.7427,2.9288,0.175869,0.114415
CHNCXR_0098_0,Shenzhen,0,4,True,DWT,90,258048,46475,5.552405,1.440817,49.7372,0.9931,47.9156,50.2937,0.992766,0.993269,False,3.0503,3.0949,3.5314,3.5795,0.310774,0.245627
CHNCXR_0099_0,Shenzhen,0,2,True,DWT,10,225792,1352,167.005917,0.047902,30.3655,0.809239,28.1714,31.5543,0.688158,0.852664,False,2.2091,2.2622,2.4964,2.6984,0.052141,0.013502
CHNCXR_0099_0,Shenzhen,0,2,True,DWT,20,225792,2710,83.318081,0.096018,32.1412,0.851338,29.8329,33.4229,0.75505,0.885452,False,2.4717,2.5946,1.1675,1.7737,0.066123,0.023265
CHNCXR_0099_0,Shenzhen,0,2,True,DWT,30,225792,4143,54.499638,0.14679,33.9708,0.889292,31.6252,35.2837,0.819706,0.913087,False,2.6627,2.7517,1.6548,2.1087,0.070741,0.031142
CHNCXR_0099_0,Shenzhen,0,2,True,DWT,50,225792,10562,21.377769,0.374221,38.2582,0.948189,35.7345,39.7276,0.922082,0.958093,False,2.9452,3.0469,2.0053,2.3728,0.115882,0.066789
CHNCXR_0099_0,Shenzhen,0,2,True,DWT,70,225792,23972,9.418989,0.849348,42.7945,0.978013,40.4676,44.0915,0.971483,0.980668,False,3.089,3.1345,3.1369,3.2435,0.183227,0.130982
CHNCXR_0099_0,Shenzhen,0,2,True,DWT,90,225792,56517,3.995117,2.002445,48.587,0.992911,47.7716,48.9266,0.994465,0.992446,False,3.1863,3.2231,3.6355,3.6676,0.355759,0.302187
CHNCXR_0100_0,Shenzhen,0,3,True,DWT,10,247296,1738,142.287687,0.056224,29.7917,0.819539,30.4244,29.5597,0.722288,0.857742,False,2.1288,2.2095,1.4617,1.8869,0.05858,0.017171
CHNCXR_0100_0,Shenzhen,0,3,True,DWT,20,247296,3427,72.161074,0.110863,31.8278,0.851674,31.9226,31.79,0.765449,0.887138,False,2.3719,2.4317,0.9903,1.6192,0.077249,0.031374
CHNCXR_0100_0,Shenzhen,0,3,True,DWT,30,247296,5000,49.4592,0.161749,34.7444,0.890489,33.6994,35.2511,0.824385,0.919007,False,2.5665,2.6119,1.5608,2.0341,0.081287,0.03691
CHNCXR_0100_0,Shenzhen,0,3,True,DWT,50,247296,10849,22.794359,0.350964,39.7035,0.949442,37.6104,40.9565,0.919602,0.962676,False,2.8022,2.8214,2.2915,2.6018,0.114762,0.075401
CHNCXR_0100_0,Shenzhen,0,3,True,DWT,70,247296,23330,10.599914,0.754723,43.996,0.977884,41.7758,45.3634,0.967699,0.982653,False,2.9138,2.9611,3.0079,3.1687,0.188279,0.128689
CHNCXR_0100_0,Shenzhen,0,3,True,DWT,90,247296,52765,4.686743,1.706942,49.1342,0.992214,47.9896,49.6995,0.992067,0.992506,False,2.9728,3.0056,3.7032,3.7487,0.331875,0.270508
CHNCXR_0101_0,Shenzhen,0,1,True,DWT,10,262144,1620,161.817284,0.049438,30.6538,0.840351,30.1195,30.8356,0.718227,0.87822,False,2.1035,2.1705,1.2504,1.7422,0.062821,0.018245
CHNCXR_0101_0,Shenzhen,0,1,True,DWT,20,262144,2978,88.026864,0.090881,32.7307,0.872423,31.8119,33.0635,0.772055,0.904022,False,2.3703,2.419,0.9874,1.6233,0.079852,0.029342
CHNCXR_0101_0,Shenzhen,0,1,True,DWT,30,262144,4495,58.319021,0.137177,35.4445,0.904637,33.4066,36.3459,0.824333,0.930151,False,2.5607,2.6219,1.4269,1.9281,0.087866,0.038166
CHNCXR_0101_0,Shenzhen,0,1,True,DWT,50,262144,10032,26.130781,0.306152,39.8679,0.953851,37.3172,41.1183,0.919312,0.964947,False,2.7918,2.8495,2.0987,2.4323,0.11891,0.064751
CHNCXR_0101_0,Shenzhen,0,1,True,DWT,70,262144,22561,11.619343,0.688507,44.2457,0.979697,41.633,45.5433,0.968589,0.983444,False,2.9014,2.9429,2.9324,3.081,0.188259,0.130306
CHNCXR_0101_0,Shenzhen,0,1,True,DWT,90,262144,52051,5.036291,1.58847,49.316,0.992524,48.0275,49.813,0.992471,0.992638,False,2.9503,2.9776,3.6195,3.6587,0.353917,0.307667
CHNCXR_0102_0,Shenzhen,0,2,True,DWT,10,231936,1772,130.889391,0.06112,29.9658,0.832753,31.026,29.6272,0.75711,0.858075,False,2.1694,2.2433,1.3437,1.8141,0.061162,0.016621
CHNCXR_0102_0,Shenzhen,0,2,True,DWT,20,231936,3212,72.209215,0.110789,31.984,0.863389,32.4392,31.8252,0.79982,0.885694,False,2.4235,2.4916,1.0292,1.6498,0.068984,0.02594
CHNCXR_0102_0,Shenzhen,0,2,True,DWT,30,231936,4757,48.756779,0.16408,34.9516,0.899388,34.3547,35.198,0.84923,0.917943,False,2.6099,2.6574,1.3946,1.9255,0.077841,0.037297
CHNCXR_0102_0,Shenzhen,0,2,True,DWT,50,231936,10021,23.144996,0.345647,39.8567,0.952363,38.233,40.6644,0.928553,0.961966,False,2.8539,2.9066,2.3005,2.6206,0.108284,0.062474
CHNCXR_0102_0,Shenzhen,0,2,True,DWT,70,231936,21261,10.908988,0.73334,44.2487,0.979098,42.2413,45.3275,0.969981,0.983036,False,2.9702,3.0227,2.9891,3.1622,0.170916,0.122922
CHNCXR_0102_0,Shenzhen,0,2,True,DWT,90,231936,47904,4.841683,1.652318,49.2506,0.992354,48.1047,49.7714,0.991831,0.992775,False,3.0156,3.0682,3.7204,3.765,0.30994,0.254079
CHNCXR_0103_0,Shenzhen,0,0,True,DWT,10,199168,1761,113.099375,0.070734,28.8835,0.815865,29.9089,28.5215,0.714584,0.856425,False,2.3073,2.3592,1.7111,2.0371,0.053734,0.017138
CHNCXR_0103_0,Shenzhen,0,0,True,DWT,20,199168,3419,58.25329,0.137331,30.9265,0.851943,31.4881,30.714,0.763103,0.888329,False,2.5345,2.592,1.0749,1.6852,0.06666,0.027233
CHNCXR_0103_0,Shenzhen,0,0,True,DWT,30,199168,4850,41.065567,0.19481,34.0775,0.890831,33.2268,34.4845,0.824213,0.919597,False,2.6567,2.7251,1.6046,2.068,0.075842,0.036726
CHNCXR_0103_0,Shenzhen,0,0,True,DWT,50,199168,9917,20.083493,0.398337,39.0119,0.948775,37.1143,40.1274,0.919875,0.96184,False,2.8657,2.9042,2.5564,2.8264,0.098578,0.059699
CHNCXR_0103_0,Shenzhen,0,0,True,DWT,70,199168,21078,9.449094,0.846642,43.6257,0.978607,41.4743,44.963,0.968761,0.983303,False,2.9653,3.0,3.1809,3.3207,0.163111,0.115453
CHNCXR_0103_0,Shenzhen,0,0,True,DWT,90,199168,46127,4.317818,1.852788,49.1138,0.992893,47.9782,49.6864,0.992621,0.993219,False,2.9743,3.0374,3.7363,3.7795,0.301108,0.237316
CHNCXR_0104_0,Shenzhen,0,3,True,DWT,10,262144,1669,157.066507,0.050934,30.7038,0.810266,28.3522,31.9671,0.664284,0.859308,False,2.1868,2.2554,1.0356,1.6177,0.064554,0.018308
CHNCXR_0104_0,Shenzhen,0,3,True,DWT,20,262144,3659,71.643618,0.111664,32.4654,0.852764,29.9808,33.8392,0.740051,0.88977,False,2.4536,2.5833,0.6139,1.3813,0.085015,0.035692
CHNCXR_0104_0,Shenzhen,0,3,True,DWT,30,262144,5488,47.766764,0.16748,34.3768,0.891421,31.7486,35.8771,0.809646,0.918061,False,2.655,2.7809,0.8164,1.5329,0.100019,0.068455
CHNCXR_0104_0,Shenzhen,0,3,True,DWT,50,262144,11199,23.407804,0.341766,38.6608,0.949288,35.7714,40.4129,0.917068,0.961187,False,2.9137,2.9622,1.8742,2.2651,0.131179,0.077792
CHNCXR_0104_0,Shenzhen,0,3,True,DWT,70,262144,25594,10.242401,0.781067,43.0362,0.978182,40.426,44.5203,0.970137,0.981372,False,3.0932,3.1273,3.0367,3.1504,0.207346,0.145569
CHNCXR_0104_0,Shenzhen,0,3,True,DWT,90,262144,61617,4.25441,1.880402,48.7016,0.992742,47.7643,49.0856,0.994382,0.992284,False,3.1675,3.206,3.5869,3.6197,0.394289,0.321489
CHNCXR_0105_0,Shenzhen,0,1,True,DWT,10,228352,1690,135.119527,0.059207,30.1852,0.830353,30.2667,30.1609,0.721818,0.860606,False,2.1477,2.2161,1.2461,1.7412,0.057085,0.018159
CHNCXR_0105_0,Shenzhen,0,1,True,DWT,20,228352,3099,73.685705,0.108569,32.1813,0.864326,31.7761,32.311,0.76762,0.891953,False,2.4248,2.4731,0.898,1.5703,0.070836,0.030306
CHNCXR_0105_0,Shenzhen,0,1,True,DWT,30,228352,4626,49.362732,0.162066,35.1637,0.899053,33.5331,35.8044,0.826493,0.920454,False,2.6345,2.6962,1.1978,1.7901,0.080944,0.036215
CHNCXR_0105_0,Shenzhen,0,1,True,DWT,50,228352,9859,23.161781,0.345397,39.7377,0.952747,37.3882,40.7949,0.92077,0.962539,False,2.9222,2.974,1.8982,2.3151,0.112446,0.066233
CHNCXR_0105_0,Shenzhen,0,1,True,DWT,70,228352,20600,11.085049,0.721693,44.1573,0.979847,41.6115,45.349,0.96873,0.98354,False,3.0647,3.1233,3.0112,3.1539,0.167367,0.116202
CHNCXR_0105_0,Shenzhen,0,1,True,DWT,90,228352,46766,4.882864,1.638383,49.3565,0.992871,47.9638,49.8812,0.99247,0.993144,False,3.138,3.1823,3.6774,3.7218,0.310736,0.241512
CHNCXR_0106_0,Shenzhen,0,2,True,DWT,10,257024,1522,168.872536,0.047373,30.5206,0.825669,30.5409,30.5137,0.727627,0.859686,False,2.1252,2.2292,1.4172,1.8631,0.059715,0.017468
CHNCXR_0106_0,Shenzhen,0,2,True,DWT,20,257024,3033,84.742499,0.094404,32.5455,0.860464,32.123,32.699,0.777195,0.889021,False,2.3997,2.4699,0.9123,1.573,0.076881,0.03015
CHNCXR_0106_0,Shenzhen,0,2,True,DWT,30,257024,4423,58.110785,0.137668,35.1342,0.894778,33.7677,35.7174,0.826228,0.918843,False,2.6054,2.6705,1.4518,1.9592,0.084762,0.036892
CHNCXR_0106_0,Shenzhen,0,2,True,DWT,50,257024,10111,25.420235,0.31471,39.3675,0.949512,37.4499,40.2753,0.916594,0.960953,False,2.8411,2.9012,2.158,2.4871,0.122199,0.065526
CHNCXR_0106_0,Shenzhen,0,2,True,DWT,70,257024,23421,10.974083,0.72899,43.751,0.978046,41.5675,44.8412,0.966002,0.982426,False,2.9677,3.0332,3.0058,3.1409,0.194442,0.130596
CHNCXR_0106_0,Shenzhen,0,2,True,DWT,90,257024,55044,4.669428,1.713272,49.0089,0.992392,47.8939,49.4638,0.991931,0.992638,False,3.0273,3.0772,3.6435,3.6785,0.359157,0.288197
CHNCXR_0107_0,Shenzhen,0,2,True,DWT,10,246272,1756,140.246014,0.057043,30.1996,0.833212,30.8602,29.9631,0.745507,0.866287,False,2.165,2.2254,1.2014,1.7336,0.062586,0.020566
CHNCXR_0107_0,Shenzhen,0,2,True,DWT,20,246272,3140,78.430573,0.102001,32.0911,0.862598,32.4377,31.9609,0.785984,0.891853,False,2.4363,2.469,0.9165,1.5767,0.07529,0.030233
CHNCXR_0107_0,Shenzhen,0,2,True,DWT,30,246272,4707,52.320374,0.152904,34.8989,0.896454,34.0797,35.272,0.836835,0.919485,False,2.662,2.7048,1.2497,1.816,0.083653,0.039877
CHNCXR_0107_0,Shenzhen,0,2,True,DWT,50,246272,9927,24.808301,0.322473,39.7395,0.949442,37.7998,40.8369,0.919906,0.961857,False,2.9362,3.0056,2.1925,2.5123,0.116656,0.066037
CHNCXR_0107_0,Shenzhen,0,2,True,DWT,70,246272,21799,11.297399,0.708128,43.9954,0.977282,41.9468,45.1817,0.967272,0.981756,False,3.1122,3.1675,2.9372,3.0932,0.175987,0.125195
CHNCXR_0107_0,Shenzhen,0,2,True,DWT,90,246272,51177,4.812162,1.662455,49.0513,0.991902,48.0169,49.5411,0.991634,0.992204,False,3.2084,3.2556,3.6367,3.6814,0.338372,0.261236
CHNCXR_0108_0,Shenzhen,0,2,True,DWT,10,257024,1474,174.371777,0.045879,30.8588,0.837881,30.3047,31.1189,0.720146,0.886658,False,2.0973,2.1968,1.286,1.7695,0.060839,0.01711
CHNCXR_0108_0,Shenzhen,0,2,True,DWT,20,257024,2940,87.423129,0.091509,32.9835,0.86826,31.8728,33.561,0.767651,0.910633,False,2.3593,2.419,0.8423,1.5258,0.073956,0.030086
CHNCXR_0108_0,Shenzhen,0,2,True,DWT,30,257024,4231,60.747814,0.131692,35.4291,0.899197,33.55,36.5715,0.822635,0.932167,False,2.5769,2.6327,1.3387,1.875,0.079812,0.036178
CHNCXR_0108_0,Shenzhen,0,2,True,DWT,50,257024,9674,26.568534,0.301108,39.8218,0.952144,37.4483,41.4376,0.919024,0.966507,False,2.8759,2.936,2.0401,2.3993,0.116728,0.068457
CHNCXR_0108_0,Shenzhen,0,2,True,DWT,70,257024,21841,11.767959,0.679812,44.1338,0.979253,41.7238,45.7891,0.968086,0.984222,False,2.9885,3.0347,2.8502,3.0139,0.183575,0.124058
CHNCXR_0108_0,Shenzhen,0,2,True,DWT,90,257024,51228,5.017256,1.594497,49.3463,0.992728,48.0399,50.0517,0.992317,0.992962,False,3.0711,3.1134,3.5836,3.623,0.331239,0.287807
CHNCXR_0109_0,Shenzhen,0,3,True,DWT,10,210944,1530,137.871895,0.058025,30.2906,0.857059,30.4045,30.2648,0.73293,0.882934,False,2.1444,2.213,1.1697,1.6633,0.054628,0.015984
CHNCXR_0109_0,Shenzhen,0,3,True,DWT,20,210944,2704,78.011834,0.102549,32.3998,0.88378,32.0204,32.4917,0.780884,0.905706,False,2.3989,2.4685,1.027,1.6179,0.060155,0.022691
CHNCXR_0109_0,Shenzhen,0,3,True,DWT,30,210944,4046,52.136431,0.153444,35.5759,0.914318,33.678,36.1592,0.829597,0.933454,False,2.612,2.6546,1.3072,1.835,0.06953,0.030357
CHNCXR_0109_0,Shenzhen,0,3,True,DWT,50,210944,8324,25.341663,0.315686,40.3501,0.957756,37.4274,41.4299,0.919282,0.966715,False,2.9054,2.9657,2.0799,2.4365,0.096621,0.054499
CHNCXR_0109_0,Shenzhen,0,3,True,DWT,70,210944,17730,11.897575,0.672406,44.7695,0.981474,41.7437,45.9099,0.968837,0.984696,False,3.0239,3.088,2.8727,3.0546,0.146971,0.100636
CHNCXR_0109_0,Shenzhen,0,3,True,DWT,90,210944,39444,5.347936,1.495904,49.6612,0.992973,47.9803,50.1593,0.992327,0.993266,False,3.1063,3.1519,3.6372,3.6883,0.255473,0.201435
CHNCXR_0110_0,Shenzhen,0,2,True,DWT,10,241664,1358,177.955817,0.044955,31.1528,0.853926,30.4279,31.3643,0.714009,0.88892,False,2.073,2.1871,1.2131,1.7242,0.058224,0.016128
CHNCXR_0110_0,Shenzhen,0,2,True,DWT,20,241664,2670,90.510861,0.088387,33.3023,0.881838,31.9063,33.756,0.76203,0.912652,False,2.3484,2.3913,0.7751,1.4851,0.069936,0.02668
CHNCXR_0110_0,Shenzhen,0,2,True,DWT,30,241664,3710,65.138544,0.122815,35.7743,0.90837,33.4734,36.6508,0.813302,0.933348,False,2.5715,2.6266,1.2962,1.8394,0.07507,0.031784
CHNCXR_0110_0,Shenzhen,0,2,True,DWT,50,241664,8575,28.182391,0.283865,40.0743,0.953701,37.2268,41.2797,0.912863,0.964475,False,2.8785,2.9632,1.9796,2.3559,0.106447,0.057662
CHNCXR_0110_0,Shenzhen,0,2,True,DWT,70,241664,19674,12.28342,0.651284,44.3374,0.979193,41.3801,45.6174,0.965457,0.98292,False,3.0307,3.0735,2.8511,3.0199,0.166037,0.111362
CHNCXR_0110_0,Shenzhen,0,2,True,DWT,90,241664,46401,5.208164,1.53605,49.374,0.99231,47.9385,49.8435,0.99218,0.992409,False,3.1053,3.1487,3.5853,3.6289,0.356397,0.2445
CHNCXR_0111_0,Shenzhen,0,1,True,DWT,10,249856,1565,159.652396,0.050109,29.9343,0.834567,30.6062,29.7076,0.727621,0.86886,False,2.1193,2.1992,1.2053,1.6907,0.059996,0.019182
CHNCXR_0111_0,Shenzhen,0,1,True,DWT,20,249856,3042,82.135437,0.0974,31.8304,0.86329,32.0718,31.7434,0.769471,0.895943,False,2.3922,2.4389,0.9292,1.5639,0.075823,0.028338
CHNCXR_0111_0,Shenzhen,0,1,True,DWT,30,249856,4641,53.836673,0.148598,34.7526,0.896382,33.7649,35.1885,0.825262,0.921805,False,2.6274,2.6833,1.2901,1.8359,0.0832,0.037333
CHNCXR_0111_0,Shenzhen,0,1,True,DWT,50,249856,10235,24.41192,0.327709,39.6328,0.949331,37.4523,40.8469,0.916381,0.962224,False,2.8705,2.9222,2.1495,2.4502,0.113305,0.063656
CHNCXR_0111_0,Shenzhen,0,1,True,DWT,70,249856,22610,11.050686,0.723937,44.0204,0.977899,41.6052,45.4363,0.966524,0.982724,False,3.0112,3.0651,2.8899,3.0439,0.184698,0.128989
CHNCXR_0111_0,Shenzhen,0,1,True,DWT,90,249856,52038,4.801414,1.666176,49.1991,0.992197,47.9189,49.7949,0.991876,0.992536,False,3.0913,3.1373,3.6281,3.6755,0.347439,0.272025
CHNCXR_0112_0,Shenzhen,0,3,True,DWT,10,254464,1837,138.521502,0.057753,30.1476,0.82594,30.3989,30.0511,0.708619,0.872982,False,2.1862,2.2392,1.2986,1.7629,0.064398,0.02058
CHNCXR_0112_0,Shenzhen,0,3,True,DWT,20,254464,3206,79.371179,0.100792,31.9145,0.855018,31.8261,31.9503,0.753811,0.895967,False,2.4661,2.5154,1.0425,1.6659,0.135338,0.029488
CHNCXR_0112_0,Shenzhen,0,3,True,DWT,30,254464,4944,51.469256,0.155433,34.7775,0.890606,33.3785,35.4927,0.81195,0.923447,False,2.6585,2.7083,1.3652,1.9095,0.093502,0.04315
CHNCXR_0112_0,Shenzhen,0,3,True,DWT,50,254464,10753,23.664466,0.33806,39.5813,0.947848,37.2715,41.0111,0.91399,0.962477,False,2.901,2.9591,2.2552,2.5839,0.125025,0.068275
CHNCXR_0112_0,Shenzhen,0,3,True,DWT,70,254464,23649,10.760032,0.743492,43.9244,0.977473,41.5279,45.4377,0.966268,0.982526,False,3.0284,3.0772,3.0119,3.1671,0.193086,0.131582
CHNCXR_0112_0,Shenzhen,0,3,True,DWT,90,254464,54175,4.697074,1.703188,49.1429,0.992194,47.9541,49.7268,0.992095,0.992432,False,3.0819,3.1242,3.6737,3.7199,0.363428,0.278428
CHNCXR_0113_0,Shenzhen,0,0,True,DWT,10,248320,1387,179.033886,0.044684,30.4562,0.803466,28.2237,31.841,0.662067,0.860162,False,2.207,2.2373,2.2375,2.4749,0.096005,0.027255
CHNCXR_0113_0,Shenzhen,0,0,True,DWT,20,248320,2945,84.319185,0.094878,32.1797,0.844423,29.9173,33.5928,0.736462,0.887027,False,2.4778,2.5778,0.9362,1.6075,0.072156,0.026687
CHNCXR_0113_0,Shenzhen,0,0,True,DWT,30,248320,4803,51.70102,0.154736,34.0822,0.88556,31.7896,35.5239,0.811026,0.914485,False,2.6789,2.7754,1.1611,1.7618,0.088741,0.039489
CHNCXR_0113_0,Shenzhen,0,0,True,DWT,50,248320,11205,22.161535,0.360986,38.3525,0.946682,35.7397,40.1256,0.916908,0.959483,False,2.9283,3.0214,1.9471,2.3261,0.125916,0.073688
CHNCXR_0113_0,Shenzhen,0,0,True,DWT,70,248320,25574,9.709862,0.823905,42.7259,0.976628,40.4462,44.1554,0.969662,0.979843,False,3.0981,3.1325,3.0971,3.2083,0.207074,0.14353
CHNCXR_0113_0,Shenzhen,0,0,True,DWT,90,248320,61876,4.013188,1.993428,48.5258,0.992543,47.7518,48.8844,0.994202,0.991972,False,3.1477,3.1817,3.6086,3.6433,0.396115,0.322526
CHNCXR_0114_0,Shenzhen,0,4,True,DWT,10,256512,1393,184.143575,0.043444,31.1773,0.842354,29.9776,31.5623,0.713532,0.872625,False,2.1533,2.2515,1.9841,2.2566,0.058941,0.016335
CHNCXR_0114_0,Shenzhen,0,4,True,DWT,20,256512,2219,115.598017,0.069205,33.2024,0.874169,31.6068,33.7496,0.766248,0.900378,False,2.3981,2.4375,2.3251,2.5779,0.063954,0.020552
CHNCXR_0114_0,Shenzhen,0,4,True,DWT,30,256512,3668,69.932388,0.114396,35.2292,0.905553,33.3061,35.9275,0.821187,0.926382,False,2.5876,2.635,2.3436,2.6012,0.075419,0.031247
CHNCXR_0114_0,Shenzhen,0,4,True,DWT,50,256512,9757,26.290048,0.304298,39.7797,0.956054,37.2489,40.8083,0.920236,0.965554,False,2.8288,2.8835,2.123,2.4489,0.123572,0.065737
CHNCXR_0114_0,Shenzhen,0,4,True,DWT,70,256512,21841,11.744517,0.681169,44.2664,0.980685,41.5537,45.4089,0.968867,0.984039,False,2.917,2.9545,3.0484,3.1648,0.18313,0.125387
CHNCXR_0114_0,Shenzhen,0,4,True,DWT,90,256512,50585,5.07091,1.577626,49.4028,0.992804,48.0237,49.8587,0.992728,0.992933,False,2.9771,3.0108,3.6133,3.6527,0.334468,0.262095
CHNCXR_0115_0,Shenzhen,0,4,True,DWT,10,245760,1812,135.629139,0.058984,29.6633,0.817966,30.3111,29.535,0.735935,0.832703,False,2.1493,2.2402,0.9494,1.5691,0.060819,0.019512
CHNCXR_0115_0,Shenzhen,0,4,True,DWT,20,245760,3063,80.235064,0.099707,31.8139,0.854981,31.8739,31.801,0.779889,0.869764,False,2.415,2.5172,1.0154,1.6341,0.075633,0.029673
CHNCXR_0115_0,Shenzhen,0,4,True,DWT,30,245760,4632,53.056995,0.150781,34.5879,0.887014,33.7992,34.7792,0.840165,0.896678,False,2.6308,2.7222,1.3167,1.8581,0.081747,0.037318
CHNCXR_0115_0,Shenzhen,0,4,True,DWT,50,245760,10195,24.105934,0.331868,39.326,0.940327,37.6545,39.7912,0.923117,0.944861,False,2.9184,3.0049,1.8476,2.2664,0.118999,0.068731
CHNCXR_0115_0,Shenzhen,0,4,True,DWT,70,245760,22503,10.921211,0.73252,42.8357,0.968167,41.4561,43.2021,0.965479,0.969499,False,3.074,3.1299,2.9994,3.1563,0.181299,0.126183
CHNCXR_0115_0,Shenzhen,0,4,True,DWT,90,245760,60912,4.034673,1.982813,48.1592,0.990043,47.7416,48.2551,0.991671,0.989945,False,3.1422,3.1855,3.6663,3.6984,0.387146,0.313416
CHNCXR_0116_0,Shenzhen,0,0,True,DWT,10,256000,1391,184.040259,0.043469,31.0121,0.841342,30.5042,31.206,0.724008,0.881206,False,2.1036,2.1991,1.265,1.7511,0.065393,0.01615
CHNCXR_0116_0,Shenzhen,0,0,True,DWT,20,256000,2763,92.652913,0.086344,32.8772,0.870662,32.0997,33.1877,0.769577,0.905392,False,2.3552,2.4174,0.8092,1.5048,0.074351,0.027085
CHNCXR_0116_0,Shenzhen,0,0,True,DWT,30,256000,3956,64.71183,0.123625,35.4295,0.901718,33.6329,36.293,0.823075,0.929196,False,2.5782,2.6535,1.3542,1.8849,0.083375,0.034001
CHNCXR_0116_0,Shenzhen,0,0,True,DWT,50,256000,9255,27.660724,0.289219,39.8526,0.952401,37.4099,41.1936,0.916965,0.965258,False,2.8478,2.9205,2.0225,2.3778,0.115966,0.061981
CHNCXR_0116_0,Shenzhen,0,0,True,DWT,70,256000,21308,12.014267,0.665875,43.9999,0.978387,41.4562,45.4278,0.965847,0.983091,False,2.9953,3.0478,2.8652,3.0241,0.199216,0.128909
CHNCXR_0116_0,Shenzhen,0,0,True,DWT,90,256000,51371,4.983356,1.605344,49.1083,0.992208,47.9088,49.6239,0.992075,0.99237,False,3.0595,3.0995,3.5773,3.6198,0.350528,0.269998
CHNCXR_0117_0,Shenzhen,0,2,True,DWT,10,223232,1612,138.48139,0.057769,30.3848,0.847751,30.339,30.3971,0.71912,0.878151,False,2.1193,2.1832,1.1176,1.6452,0.057863,0.018391
CHNCXR_0117_0,Shenzhen,0,2,True,DWT,20,223232,2848,78.382022,0.102064,32.3089,0.875719,31.9327,32.4149,0.764605,0.902982,False,2.415,2.4575,0.9647,1.592,0.06737,0.02651
CHNCXR_0117_0,Shenzhen,0,2,True,DWT,30,223232,4437,50.311472,0.159009,35.3223,0.904747,33.4416,35.9992,0.81587,0.92756,False,2.6241,2.6832,1.128,1.7274,0.080426,0.035475
CHNCXR_0117_0,Shenzhen,0,2,True,DWT,50,223232,8995,24.817343,0.322355,39.8959,0.953555,37.092,41.0968,0.910685,0.965578,False,2.8935,2.974,2.1557,2.5033,0.101002,0.057418
CHNCXR_0117_0,Shenzhen,0,2,True,DWT,70,223232,19579,11.401604,0.701656,44.3394,0.979992,41.2348,45.754,0.964286,0.984608,False,3.0186,3.0729,2.945,3.1089,0.159999,0.110785
CHNCXR_0117_0,Shenzhen,0,2,True,DWT,90,223232,44104,5.061491,1.580562,49.5616,0.992919,47.8949,50.1395,0.992064,0.993303,False,3.0896,3.1259,3.6314,3.6836,0.285733,0.232256
CHNCXR_0118_0,Shenzhen,0,1,True,DWT,10,261632,1539,170.0013,0.047058,31.1005,0.837583,28.006,31.952,0.678776,0.86211,False,2.166,2.2446,1.2604,1.7789,0.063284,0.018971
CHNCXR_0118_0,Shenzhen,0,1,True,DWT,20,261632,3437,76.1222,0.105094,32.9759,0.875465,29.4968,34.0017,0.740111,0.895779,False,2.4154,2.5231,0.6157,1.3756,0.08398,0.037145
CHNCXR_0118_0,Shenzhen,0,1,True,DWT,30,261632,5193,50.381668,0.158788,34.9915,0.909189,31.3952,36.0751,0.817724,0.922382,False,2.6367,2.7253,0.8038,1.5135,0.09537,0.049316
CHNCXR_0118_0,Shenzhen,0,1,True,DWT,50,261632,10490,24.941087,0.320756,39.4367,0.956647,35.7385,40.5725,0.926181,0.961452,False,2.9411,3.0139,1.8041,2.22,0.129392,0.071295
CHNCXR_0118_0,Shenzhen,0,1,True,DWT,70,261632,22827,11.461515,0.697988,43.7747,0.979849,40.5046,44.703,0.973386,0.981169,False,3.0883,3.1397,2.9515,3.0896,0.190297,0.132517
CHNCXR_0118_0,Shenzhen,0,1,True,DWT,90,261632,54463,4.803848,1.665331,49.0088,0.99244,47.8253,49.2484,0.994674,0.99216,False,3.1667,3.1914,3.6082,3.6455,0.38009,0.297727
CHNCXR_0119_0,Shenzhen,0,1,True,DWT,10,245248,1408,174.181818,0.045929,30.7261,0.820558,28.086,31.7808,0.673189,0.85769,False,2.2164,2.2492,2.0731,2.329,0.056778,0.015699
CHNCXR_0119_0,Shenzhen,0,1,True,DWT,20,245248,2935,83.559796,0.09574,32.5218,0.86024,29.7565,33.6539,0.743361,0.889616,False,2.4707,2.5654,0.9838,1.6316,0.071388,0.026042
CHNCXR_0119_0,Shenzhen,0,1,True,DWT,30,245248,4670,52.515632,0.152336,34.3682,0.895082,31.4257,35.6162,0.809132,0.916183,False,2.6684,2.759,1.1349,1.7402,0.084825,0.036956
CHNCXR_0119_0,Shenzhen,0,1,True,DWT,50,245248,10754,22.805282,0.350796,38.8519,0.95284,35.6927,40.2528,0.922306,0.961142,False,2.92,3.031,1.9184,2.2978,0.124687,0.07208
CHNCXR_0119_0,Shenzhen,0,1,True,DWT,70,245248,23701,10.34758,0.773128,43.2588,0.979319,40.397,44.453,0.972046,0.981449,False,3.0731,3.1021,3.0315,3.1589,0.186737,0.133206
CHNCXR_0119_0,Shenzhen,0,1,True,DWT,90,245248,56368,4.350837,1.838727,48.7522,0.992721,47.7512,49.0525,0.994711,0.992291,False,3.1473,3.1838,3.6216,3.6588,0.371169,0.290154
CHNCXR_0120_0,Shenzhen,0,3,True,DWT,10,257536,1540,167.231169,0.047838,30.8971,0.834699,30.1101,31.1688,0.718256,0.870135,False,2.0899,2.1698,1.1789,1.7078,0.06236,0.017591
CHNCXR_0120_0,Shenzhen,0,3,True,DWT,20,257536,2802,91.911492,0.08704,32.8384,0.867791,31.5925,33.3028,0.768847,0.897379,False,2.3725,2.4313,0.931,1.5931,0.080023,0.026762
CHNCXR_0120_0,Shenzhen,0,3,True,DWT,30,257536,4165,61.833373,0.12938,35.3092,0.901533,33.3474,36.141,0.825084,0.924825,False,2.6081,2.6597,1.4112,1.9319,0.082185,0.035242
CHNCXR_0120_0,Shenzhen,0,3,True,DWT,50,257536,9609,26.80154,0.29849,39.9048,0.954804,37.4523,41.0491,0.923551,0.964514,False,2.8833,2.9506,2.0602,2.4111,0.117289,0.064335
CHNCXR_0120_0,Shenzhen,0,3,True,DWT,70,257536,21676,11.881159,0.673335,44.2604,0.980619,41.7021,45.4802,0.969773,0.984182,False,3.0027,3.0525,2.8746,3.0315,0.211249,0.13322
CHNCXR_0120_0,Shenzhen,0,3,True,DWT,90,257536,50226,5.127544,1.560201,49.3986,0.99295,48.0612,49.905,0.992742,0.993108,False,3.0797,3.1134,3.5925,3.6336,0.339983,0.267364
CHNCXR_0121_0,Shenzhen,0,2,True,DWT,10,241152,1385,174.116968,0.045946,30.6405,0.823505,28.7178,31.6148,0.692888,0.86688,False,2.2734,2.3652,2.2501,2.4986,0.058282,0.01282
CHNCXR_0121_0,Shenzhen,0,2,True,DWT,20,241152,2864,84.201117,0.095011,32.371,0.859995,30.2891,33.4609,0.748609,0.896834,False,2.5191,2.6528,0.9429,1.6093,0.071547,0.025387
CHNCXR_0121_0,Shenzhen,0,2,True,DWT,30,241152,5049,47.762329,0.167496,34.3562,0.897352,31.8885,35.7592,0.810544,0.925937,False,2.7235,2.8162,0.879,1.5663,0.09017,0.042637
CHNCXR_0121_0,Shenzhen,0,2,True,DWT,50,241152,10585,22.782428,0.351148,38.7032,0.952343,35.8179,40.5101,0.91482,0.965836,False,2.995,3.085,1.9535,2.3374,0.122704,0.070179
CHNCXR_0121_0,Shenzhen,0,2,True,DWT,70,241152,23591,10.222203,0.78261,43.1606,0.979226,40.4528,44.7865,0.968418,0.983484,False,3.1599,3.2337,3.0937,3.2098,0.192692,0.134494
CHNCXR_0121_0,Shenzhen,0,2,True,DWT,90,241152,55746,4.325907,1.849323,48.8588,0.99315,47.8242,49.3022,0.994095,0.992908,False,3.2554,3.3007,3.6163,3.6514,0.370789,0.298072
CHNCXR_0122_0,Shenzhen,0,1,True,DWT,10,233984,1338,174.875934,0.045747,30.5213,0.816481,28.3227,31.4935,0.676868,0.858504,False,2.2171,2.2517,2.3223,2.5523,0.055354,0.014995
CHNCXR_0122_0,Shenzhen,0,1,True,DWT,20,233984,2803,83.476275,0.095836,32.4075,0.856949,29.9397,33.5587,0.744431,0.890505,False,2.4726,2.5547,0.9866,1.6285,0.069442,0.025229
CHNCXR_0122_0,Shenzhen,0,1,True,DWT,30,233984,4524,51.720601,0.154677,34.2903,0.895277,31.7269,35.5096,0.814404,0.918447,False,2.6975,2.7946,1.1657,1.7623,0.084108,0.038596
CHNCXR_0122_0,Shenzhen,0,1,True,DWT,50,233984,10446,22.399387,0.357153,38.5798,0.951163,35.7402,40.0117,0.919187,0.961319,False,2.9637,3.0732,1.9576,2.3271,0.119929,0.069421
CHNCXR_0122_0,Shenzhen,0,1,True,DWT,70,233984,23441,9.981827,0.801457,43.0161,0.978817,40.351,44.311,0.97036,0.981592,False,3.1534,3.1928,3.0989,3.215,0.197135,0.1362
CHNCXR_0122_0,Shenzhen,0,1,True,DWT,90,233984,55480,4.217448,1.896882,48.7788,0.993034,47.7825,49.1337,0.99453,0.992658,False,3.2462,3.2862,3.6176,3.6526,0.356838,0.285431
CHNCXR_0123_0,Shenzhen,0,1,True,DWT,10,257536,1501,171.576282,0.046626,31.0988,0.860172,30.1687,31.2847,0.737131,0.879926,False,2.0999,2.2029,1.4375,1.8782,0.089968,0.016973
CHNCXR_0123_0,Shenzhen,0,1,True,DWT,20,257536,2900,88.805517,0.090084,33.2376,0.888423,31.8241,33.5412,0.787447,0.90472,False,2.3725,2.4144,0.8885,1.5651,0.075289,0.029965
CHNCXR_0123_0,Shenzhen,0,1,True,DWT,30,257536,4072,63.24558,0.126491,35.8301,0.915835,33.4746,36.4169,0.832966,0.929563,False,2.5825,2.6327,1.4148,1.9298,0.084306,0.033735
CHNCXR_0123_0,Shenzhen,0,1,True,DWT,50,257536,9238,27.877896,0.286966,40.3783,0.959199,37.3163,41.2387,0.922328,0.965568,False,2.8691,2.9421,2.0338,2.4086,0.117548,0.060702
CHNCXR_0123_0,Shenzhen,0,1,True,DWT,70,257536,20547,12.533995,0.638264,44.7281,0.981731,41.4192,45.6999,0.96839,0.984229,False,2.9795,3.0131,2.8672,3.0397,0.179264,0.117219
CHNCXR_0123_0,Shenzhen,0,1,True,DWT,90,257536,46577,5.529253,1.44685,49.8027,0.993171,48.0035,50.2127,0.992809,0.993323,False,3.0408,3.098,3.6015,3.6486,0.309593,0.242006
CHNCXR_0124_0,Shenzhen,0,0,True,DWT,10,214528,1563,137.253999,0.058286,30.1434,0.848067,30.5781,30.0056,0.723289,0.887366,False,2.1426,2.2052,1.3232,1.7497,0.054388,0.016379
CHNCXR_0124_0,Shenzhen,0,0,True,DWT,20,214528,2931,73.192767,0.1093,32.0223,0.875234,32.1035,31.9951,0.76903,0.909413,False,2.4147,2.4597,1.0166,1.6207,0.064633,0.026144
CHNCXR_0124_0,Shenzhen,0,0,True,DWT,30,214528,4425,48.480904,0.165013,35.1368,0.905885,33.922,35.6395,0.828773,0.932148,False,2.6399,2.6909,1.3488,1.8716,0.073521,0.033428
CHNCXR_0124_0,Shenzhen,0,0,True,DWT,50,214528,8986,23.873581,0.335098,40.2831,0.955007,37.6873,41.6917,0.919434,0.967875,False,2.8868,2.9337,2.2304,2.5599,0.099069,0.057415
CHNCXR_0124_0,Shenzhen,0,0,True,DWT,70,214528,18733,11.451876,0.698575,44.6699,0.980646,41.8676,46.2624,0.96803,0.985466,False,3.028,3.0869,2.9104,3.1031,0.152759,0.104131
CHNCXR_0124_0,Shenzhen,0,0,True,DWT,90,214528,40999,5.232518,1.528901,49.8105,0.993114,48.1306,50.5674,0.992201,0.993641,False,3.0676,3.1129,3.6673,3.721,0.262169,0.209724
CHNCXR_0125_0,Shenzhen,0,1,True,DWT,10,262144,1623,161.518176,0.04953,30.9224,0.822396,28.6651,31.9242,0.692546,0.859597,False,2.206,2.2539,1.0163,1.6116,0.065706,0.019178
CHNCXR_0125_0,Shenzhen,0,1,True,DWT,20,262144,3463,75.698527,0.105682,32.6077,0.857993,30.3093,33.6358,0.752152,0.887317,False,2.4534,2.5517,0.5977,1.3721,0.083219,0.035142
CHNCXR_0125_0,Shenzhen,0,1,True,DWT,30,262144,5390,48.63525,0.16449,34.6425,0.896549,32.07,35.8587,0.813907,0.91958,False,2.6538,2.7353,0.8004,1.5141,0.099391,0.04897
CHNCXR_0125_0,Shenzhen,0,1,True,DWT,50,262144,10862,24.134045,0.331482,38.9848,0.951351,36.0516,40.4818,0.917428,0.962171,False,2.9245,3.0386,1.8224,2.2236,0.130563,0.075521
CHNCXR_0125_0,Shenzhen,0,1,True,DWT,70,262144,24384,10.750656,0.744141,43.2774,0.978567,40.6012,44.5701,0.968949,0.981795,False,3.091,3.1188,2.9746,3.1045,0.206594,0.136777
CHNCXR_0125_0,Shenzhen,0,1,True,DWT,90,262144,58975,4.445002,1.799774,48.8412,0.992891,47.7748,49.2227,0.993859,0.992703,False,3.1611,3.2137,3.5924,3.6292,0.390531,0.304016
CHNCXR_0126_0,Shenzhen,0,0,True,DWT,10,256512,1714,149.656943,0.053456,30.6084,0.869331,31.034,30.5502,0.734838,0.884555,False,2.1149,2.2052,1.1799,1.7025,0.062384,0.019046
CHNCXR_0126_0,Shenzhen,0,0,True,DWT,20,256512,3226,79.513949,0.100611,32.5972,0.892494,32.5249,32.6078,0.775064,0.906609,False,2.3812,2.4221,0.8635,1.5333,0.080478,0.030529
CHNCXR_0126_0,Shenzhen,0,0,True,DWT,30,256512,4818,53.240349,0.150262,35.6147,0.918316,33.9858,35.9105,0.821955,0.931415,False,2.6159,2.6698,1.121,1.7224,0.091802,0.040745
CHNCXR_0126_0,Shenzhen,0,0,True,DWT,50,256512,9855,26.028615,0.307354,40.5684,0.958709,37.6062,41.2308,0.914201,0.96549,False,2.8981,2.9699,1.8416,2.2433,0.120027,0.07306
CHNCXR_0126_0,Shenzhen,0,0,True,DWT,70,256512,20503,12.51095,0.63944,44.9635,0.981516,41.5893,45.7725,0.964802,0.984194,False,3.0372,3.0934,2.8702,3.0385,0.180703,0.118766
CHNCXR_0126_0,Shenzhen,0,0,True,DWT,90,256512,45695,5.613568,1.425119,49.8847,0.993013,48.0082,50.2383,0.991832,0.993296,False,3.1301,3.1821,3.6191,3.6693,0.307854,0.241211
CHNCXR_0127_0,Shenzhen,0,2,True,DWT,10,251904,1560,161.476923,0.049543,30.2778,0.844839,30.5642,30.1691,0.72792,0.887878,False,2.1394,2.2048,1.3206,1.761,0.064582,0.017342
CHNCXR_0127_0,Shenzhen,0,2,True,DWT,20,251904,3140,80.224204,0.099721,32.4759,0.872388,32.0727,32.6471,0.776734,0.908232,False,2.3934,2.4238,0.8276,1.5066,0.080625,0.028808
CHNCXR_0127_0,Shenzhen,0,2,True,DWT,30,251904,4504,55.928952,0.143039,35.4392,0.904803,33.8999,36.2429,0.833773,0.932369,False,2.616,2.6556,1.2052,1.7941,0.086775,0.038123
CHNCXR_0127_0,Shenzhen,0,2,True,DWT,50,251904,9565,26.336017,0.303767,40.1128,0.952559,37.7549,41.5782,0.92274,0.964726,False,2.8518,2.8921,2.0649,2.4053,0.115597,0.062944
CHNCXR_0127_0,Shenzhen,0,2,True,DWT,70,251904,20900,12.052823,0.663745,44.2098,0.978161,41.8137,45.7121,0.968411,0.982478,False,2.9731,3.0167,2.7969,2.973,0.173289,0.119975
CHNCXR_0127_0,Shenzhen,0,2,True,DWT,90,251904,49852,5.053037,1.583206,49.1146,0.991783,48.0081,49.6465,0.992135,0.991807,False,3.0384,3.0714,3.5966,3.6443,0.323957,0.253123
CHNCXR_0128_0,Shenzhen,0,1,True,DWT,10,262144,1583,165.599495,0.048309,31.1984,0.824388,28.6063,32.3716,0.670304,0.867211,False,2.1782,2.2261,0.989,1.5877,0.078027,0.019388
CHNCXR_0128_0,Shenzhen,0,1,True,DWT,20,262144,3379,77.580349,0.103119,32.9381,0.862742,30.2507,34.1783,0.737794,0.896429,False,2.4476,2.5424,0.5983,1.3727,0.083557,0.035815
CHNCXR_0128_0,Shenzhen,0,1,True,DWT,30,262144,5269,49.752135,0.160797,34.8668,0.900306,31.928,36.2964,0.807524,0.925174,False,2.639,2.7917,0.7574,1.4861,0.099811,0.050173
CHNCXR_0128_0,Shenzhen,0,1,True,DWT,50,262144,10493,24.98275,0.320221,39.1528,0.953203,35.9106,40.8389,0.916254,0.96432,False,2.942,2.9892,1.787,2.1964,0.129562,0.079913
CHNCXR_0128_0,Shenzhen,0,1,True,DWT,70,262144,23580,11.117218,0.719604,43.3945,0.979219,40.4649,44.8168,0.968974,0.982473,False,3.122,3.1728,2.958,3.0905,0.190851,0.142284
CHNCXR_0128_0,Shenzhen,0,1,True,DWT,90,262144,57160,4.586144,1.744385,48.9606,0.992977,47.7921,49.3679,0.994107,0.992755,False,3.1745,3.2369,3.5747,3.6119,0.374655,0.300716
CHNCXR_0129_0,Shenzhen,0,1,True,DWT,10,218112,1461,149.289528,0.053587,30.3977,0.848178,30.2121,30.4394,0.719006,0.8724,False,2.1306,2.2097,1.5365,1.9507,0.053449,0.014653
CHNCXR_0129_0,Shenzhen,0,1,True,DWT,20,218112,2783,78.372979,0.102076,32.5721,0.877873,31.9041,32.7332,0.772588,0.898284,False,2.3847,2.4194,1.0143,1.6372,0.070334,0.023807
CHNCXR_0129_0,Shenzhen,0,1,True,DWT,30,218112,4349,50.152219,0.159514,35.4002,0.906077,33.4367,35.9808,0.821544,0.923461,False,2.6153,2.6595,1.1975,1.7627,0.077844,0.035713
CHNCXR_0129_0,Shenzhen,0,1,True,DWT,50,218112,8811,24.754511,0.323173,40.0702,0.954885,37.3062,41.0109,0.918755,0.962747,False,2.8894,2.9543,2.1997,2.5198,0.100152,0.060164
CHNCXR_0129_0,Shenzhen,0,1,True,DWT,70,218112,19131,11.400972,0.701695,44.5533,0.980662,41.7442,45.5174,0.969118,0.983444,False,2.9974,3.0475,2.9489,3.1113,0.176064,0.11179
CHNCXR_0129_0,Shenzhen,0,1,True,DWT,90,218112,42451,5.137971,1.557035,49.581,0.992859,48.0022,50.0192,0.992439,0.993089,False,3.0661,3.1192,3.656,3.7047,0.2785,0.217347
CHNCXR_0130_0,Shenzhen,0,2,True,DWT,10,261632,1446,180.934993,0.044215,30.7414,0.824742,28.1628,31.9307,0.667072,0.869236,False,2.1909,2.2963,1.8834,2.2085,0.061043,0.015515
CHNCXR_0130_0,Shenzhen,0,2,True,DWT,20,261632,2980,87.795973,0.09112,32.5066,0.862121,29.8287,33.7672,0.735359,0.897295,False,2.4608,2.5625,0.9362,1.5834,0.077517,0.029132
CHNCXR_0130_0,Shenzhen,0,2,True,DWT,30,261632,5329,49.09589,0.162946,34.5185,0.900276,31.5886,35.9732,0.806944,0.925551,False,2.6787,2.7878,0.8742,1.5603,0.105818,0.045498
CHNCXR_0130_0,Shenzhen,0,2,True,DWT,50,261632,11043,23.692113,0.337665,38.8461,0.953966,35.6059,40.5697,0.916333,0.964851,False,2.9717,3.0718,1.9064,2.2859,0.134696,0.073091
CHNCXR_0130_0,Shenzhen,0,2,True,DWT,70,261632,24586,10.641503,0.751773,43.3255,0.980135,40.3299,44.8343,0.970149,0.983416,False,3.1394,3.1744,3.0466,3.1639,0.202046,0.137679
CHNCXR_0130_0,Shenzhen,0,2,True,DWT,90,261632,58181,4.496863,1.779018,49.0288,0.99335,47.8251,49.4592,0.994517,0.993089,False,3.2248,3.2608,3.5845,3.6236,0.377185,0.31011
CHNCXR_0131_0,Shenzhen,0,1,True,DWT,10,227840,1378,165.341074,0.048385,30.5935,0.81927,28.1532,31.9142,0.677024,0.868686,False,2.2775,2.3845,2.1282,2.3905,0.052932,0.016231
CHNCXR_0131_0,Shenzhen,0,1,True,DWT,20,227840,2780,81.956835,0.097612,32.401,0.859357,29.8417,33.8226,0.747717,0.897435,False,2.519,2.5842,1.0095,1.6518,0.069468,0.025514
CHNCXR_0131_0,Shenzhen,0,1,True,DWT,30,227840,4940,46.121457,0.173455,34.2324,0.894992,31.6427,35.6804,0.815433,0.921604,False,2.7253,2.822,0.9294,1.5961,0.084432,0.041472
CHNCXR_0131_0,Shenzhen,0,1,True,DWT,50,227840,10188,22.363565,0.357725,38.5613,0.952034,35.6469,40.3172,0.919115,0.963816,False,2.9952,3.0816,1.9715,2.3471,0.113884,0.066148
CHNCXR_0131_0,Shenzhen,0,1,True,DWT,70,227840,22730,10.023757,0.798104,43.0349,0.979096,40.3386,44.5792,0.970216,0.982409,False,3.1678,3.2179,3.0928,3.1997,0.185262,0.126446
CHNCXR_0131_0,Shenzhen,0,1,True,DWT,90,227840,53828,4.232741,1.890028,48.7955,0.993089,47.7229,49.2406,0.994457,0.992693,False,3.2482,3.2882,3.6274,3.662,0.346724,0.275426
CHNCXR_0132_0,Shenzhen,0,0,True,DWT,10,257536,1721,149.643231,0.05346,30.3798,0.843597,30.1193,30.4429,0.718202,0.869432,False,2.1441,2.233,1.2428,1.7462,0.066029,0.019672
CHNCXR_0132_0,Shenzhen,0,0,True,DWT,20,257536,3321,77.547727,0.103162,32.33,0.875337,31.7196,32.4858,0.765481,0.89739,False,2.4125,2.4853,0.8579,1.5492,0.078932,0.033172
CHNCXR_0132_0,Shenzhen,0,0,True,DWT,30,257536,4923,52.312817,0.152926,35.3261,0.907031,33.3552,35.9514,0.818469,0.926819,False,2.6133,2.6497,1.1514,1.7529,0.088066,0.040198
CHNCXR_0132_0,Shenzhen,0,0,True,DWT,50,257536,10062,25.594912,0.312562,40.0331,0.955381,37.128,41.125,0.917315,0.964603,False,2.8566,2.912,2.1375,2.4634,0.117007,0.070275
CHNCXR_0132_0,Shenzhen,0,0,True,DWT,70,257536,22171,11.615895,0.688711,44.5007,0.980904,41.6016,45.589,0.96872,0.984023,False,2.9902,3.0617,2.9512,3.101,0.192287,0.127809
CHNCXR_0132_0,Shenzhen,0,0,True,DWT,90,257536,49750,5.176603,1.545415,49.5432,0.992923,47.9755,50.0081,0.992504,0.993141,False,3.0504,3.091,3.6387,3.6845,0.324843,0.261228
CHNCXR_0133_0,Shenzhen,0,0,True,DWT,10,258048,1528,168.879581,0.047371,31.014,0.841689,30.0948,31.2881,0.710005,0.873898,False,2.0838,2.1574,1.168,1.6999,0.066257,0.018663
CHNCXR_0133_0,Shenzhen,0,0,True,DWT,20,258048,2809,91.864721,0.087085,33.1765,0.876002,31.7577,33.6352,0.763572,0.904016,False,2.3605,2.4221,0.9187,1.578,0.075031,0.02911
CHNCXR_0133_0,Shenzhen,0,0,True,DWT,30,258048,4104,62.877193,0.127232,35.6745,0.905414,33.4022,36.5277,0.819598,0.927287,False,2.5716,2.6474,1.3159,1.8582,0.084839,0.034435
CHNCXR_0133_0,Shenzhen,0,0,True,DWT,50,258048,9284,27.794916,0.287822,40.0196,0.953939,37.0697,41.2823,0.914007,0.964302,False,2.8404,2.9167,2.0227,2.3873,0.119736,0.064064
CHNCXR_0133_0,Shenzhen,0,0,True,DWT,70,258048,20982,12.298542,0.650484,44.3333,0.979991,41.3471,45.6209,0.966484,0.983748,False,2.9771,3.0231,2.8584,3.0199,0.189721,0.122618
CHNCXR_0133_0,Shenzhen,0,0,True,DWT,90,258048,48901,5.276947,1.516028,49.5065,0.992902,47.9463,50.0231,0.992465,0.99311,False,3.0285,3.0694,3.5683,3.6109,0.32603,0.257566
CHNCXR_0134_0,Shenzhen,0,4,True,DWT,10,221184,1519,145.611587,0.054941,29.9781,0.829904,30.8251,29.649,0.742538,0.862945,False,2.1754,2.25,1.3943,1.8284,0.053255,0.015508
CHNCXR_0134_0,Shenzhen,0,4,True,DWT,20,221184,2847,77.6902,0.102973,32.139,0.859996,32.2172,32.1047,0.782963,0.890563,False,2.4173,2.4552,1.0267,1.629,0.06401,0.025184
CHNCXR_0134_0,Shenzhen,0,4,True,DWT,30,221184,4252,52.018815,0.153791,34.8537,0.893912,33.9429,35.329,0.831382,0.920196,False,2.6207,2.6694,1.4522,1.9367,0.081931,0.031736
CHNCXR_0134_0,Shenzhen,0,4,True,DWT,50,221184,9404,23.520204,0.340133,39.5134,0.947914,37.6076,40.7327,0.918165,0.961861,False,2.8465,2.8889,2.2538,2.522,0.102923,0.058753
CHNCXR_0134_0,Shenzhen,0,4,True,DWT,70,221184,20839,10.613945,0.753725,43.7911,0.977078,41.5769,45.3123,0.965841,0.982636,False,2.9475,2.9982,3.022,3.1493,0.166284,0.116918
CHNCXR_0134_0,Shenzhen,0,4,True,DWT,90,221184,48323,4.577199,1.747794,49.0844,0.992343,47.938,49.7103,0.991826,0.992752,False,3.0158,3.0735,3.6648,3.7056,0.314485,0.243559
CHNCXR_0135_0,Shenzhen,0,1,True,DWT,10,257536,1430,180.095105,0.044421,31.2216,0.854665,30.7873,31.3466,0.734717,0.885786,False,2.1045,2.1767,1.3468,1.7859,0.06256,0.018292
CHNCXR_0135_0,Shenzhen,0,1,True,DWT,20,257536,2826,91.130927,0.087786,33.1194,0.878707,32.2408,33.3904,0.772913,0.906279,False,2.3823,2.4529,0.8545,1.5333,0.073911,0.028424
CHNCXR_0135_0,Shenzhen,0,1,True,DWT,30,257536,4086,63.028879,0.126926,35.7541,0.908519,33.9079,36.4238,0.825404,0.930327,False,2.5959,2.6543,1.4125,1.9199,0.080783,0.033754
CHNCXR_0135_0,Shenzhen,0,1,True,DWT,50,257536,9350,27.543957,0.290445,40.1046,0.954973,37.5146,41.1835,0.915516,0.965621,False,2.8271,2.902,2.0683,2.4184,0.115745,0.064732
CHNCXR_0135_0,Shenzhen,0,1,True,DWT,70,257536,21101,12.204919,0.655473,44.4705,0.980374,41.8262,45.5839,0.967488,0.984061,False,2.9786,3.0262,2.8772,3.0338,0.180269,0.120048
CHNCXR_0135_0,Shenzhen,0,1,True,DWT,90,257536,48766,5.281056,1.514848,49.5078,0.992784,48.0937,49.9838,0.992156,0.993047,False,3.0318,3.071,3.6047,3.6468,0.32411,0.262705
CHNCXR_0136_0,Shenzhen,0,4,True,DWT,10,257024,1784,144.071749,0.055528,29.9883,0.839892,29.9906,29.9879,0.704831,0.859521,False,2.1834,2.26,1.2744,1.777,0.062814,0.019054
CHNCXR_0136_0,Shenzhen,0,4,True,DWT,20,257024,3425,75.043504,0.106605,32.0379,0.875034,31.5388,32.1281,0.758883,0.892158,False,2.441,2.5316,0.9226,1.5831,0.07725,0.031521
CHNCXR_0136_0,Shenzhen,0,4,True,DWT,30,257024,5145,49.956074,0.160141,35.1746,0.907214,33.1229,35.6415,0.814856,0.922385,False,2.6573,2.6991,1.2192,1.7838,0.089943,0.043464
CHNCXR_0136_0,Shenzhen,0,4,True,DWT,50,257024,10414,24.680622,0.324141,39.9199,0.956909,37.0805,40.6552,0.917995,0.963913,False,2.9329,2.9877,2.1725,2.4835,0.121313,0.070856
CHNCXR_0136_0,Shenzhen,0,4,True,DWT,70,257024,22744,11.300739,0.707918,44.4916,0.981786,41.5094,45.283,0.968961,0.984202,False,3.0552,3.1134,3.003,3.143,0.188588,0.129846
CHNCXR_0136_0,Shenzhen,0,4,True,DWT,90,257024,50124,5.127763,1.560134,49.6854,0.9933,48.0685,50.0293,0.992974,0.993459,False,3.1471,3.1867,3.6713,3.7183,0.330859,0.26188
CHNCXR_0137_0,Shenzhen,0,4,True,DWT,10,257024,1315,195.455513,0.04093,31.3436,0.838731,30.4415,31.6109,0.721901,0.868612,False,2.0187,2.1605,1.0741,1.6174,0.063628,0.016736
CHNCXR_0137_0,Shenzhen,0,4,True,DWT,20,257024,2557,100.517794,0.079588,33.5435,0.872692,32.0998,34.0104,0.770614,0.899149,False,2.3197,2.3781,0.7668,1.4749,0.072253,0.026381
CHNCXR_0137_0,Shenzhen,0,4,True,DWT,30,257024,3734,68.833423,0.116223,35.9814,0.903774,33.6521,36.8617,0.825126,0.92413,False,2.5598,2.6705,1.1915,1.7823,0.080434,0.032872
CHNCXR_0137_0,Shenzhen,0,4,True,DWT,50,257024,8594,29.907377,0.267493,40.2795,0.953175,37.3727,41.5077,0.916448,0.963075,False,2.891,2.9645,1.8693,2.2717,0.113784,0.060942
CHNCXR_0137_0,Shenzhen,0,4,True,DWT,70,257024,19700,13.046904,0.613172,44.3608,0.978947,41.4984,45.5595,0.966389,0.982462,False,3.0714,3.1273,2.7488,2.9327,0.178066,0.11584
CHNCXR_0137_0,Shenzhen,0,4,True,DWT,90,257024,47774,5.379997,1.48699,49.3543,0.992369,47.8804,49.8334,0.992121,0.992527,False,3.1504,3.1921,3.5496,3.5925,0.337028,0.256076
CHNCXR_0138_0,Shenzhen,0,1,True,DWT,10,257024,1418,181.25811,0.044136,31.282,0.864618,30.0936,31.6134,0.725238,0.895391,False,2.0714,2.1806,1.3455,1.8137,0.065125,0.018883
CHNCXR_0138_0,Shenzhen,0,1,True,DWT,20,257024,2788,92.189383,0.086778,33.3658,0.890852,31.8048,33.828,0.773901,0.916834,False,2.3509,2.4012,0.7813,1.4893,0.075978,0.028668
CHNCXR_0138_0,Shenzhen,0,1,True,DWT,30,257024,3932,65.367243,0.122385,36.0657,0.920599,33.6211,36.9085,0.83145,0.940595,False,2.5825,2.6335,1.3292,1.8708,0.082629,0.032373
CHNCXR_0138_0,Shenzhen,0,1,True,DWT,50,257024,8834,29.094861,0.274963,40.5864,0.961523,37.4398,41.8257,0.922161,0.970629,False,2.8914,2.936,1.9606,2.3346,0.110839,0.063482
CHNCXR_0138_0,Shenzhen,0,1,True,DWT,70,257024,19381,13.261648,0.603243,45.0482,0.982985,41.8362,46.33,0.970313,0.98607,False,3.0287,3.081,2.7531,2.9465,0.173121,0.118066
CHNCXR_0138_0,Shenzhen,0,1,True,DWT,90,257024,43853,5.861036,1.364946,49.9055,0.9932,48.1253,50.452,0.992633,0.993425,False,3.1067,3.1489,3.549,3.6043,0.304272,0.231046
CHNCXR_0139_0,Shenzhen,0,2,True,DWT,10,256000,1349,189.7702,0.042156,31.5411,0.854929,29.6077,32.0556,0.701213,0.884295,False,2.0661,2.1844,1.2525,1.7421,0.061058,0.017435
CHNCXR_0139_0,Shenzhen,0,2,True,DWT,20,256000,2658,96.313017,0.083062,33.6035,0.88625,31.263,34.2699,0.758723,0.910955,False,2.3518,2.3935,0.766,1.4737,0.072115,0.029787
CHNCXR_0139_0,Shenzhen,0,2,True,DWT,30,256000,3805,67.279895,0.118906,36.0221,0.915764,32.9155,37.0356,0.819504,0.934829,False,2.5691,2.6366,1.1734,1.7686,0.078706,0.032699
CHNCXR_0139_0,Shenzhen,0,2,True,DWT,50,256000,8561,29.903049,0.267531,40.5681,0.960276,37.0225,41.8259,0.922446,0.967746,False,2.8938,2.9545,1.866,2.2754,0.110906,0.059636
CHNCXR_0139_0,Shenzhen,0,2,True,DWT,70,256000,19094,13.407353,0.596688,44.9323,0.982634,41.4516,46.1515,0.97058,0.985168,False,3.0714,3.1289,2.7316,2.9217,0.168283,0.113202
CHNCXR_0139_0,Shenzhen,0,2,True,DWT,90,256000,43820,5.842081,1.369375,49.8992,0.993365,47.9594,50.4159,0.993168,0.993491,False,3.1647,3.2083,3.5199,3.5677,0.298473,0.227717
CHNCXR_0140_0,Shenzhen,0,1,True,DWT,10,243200,1818,133.773377,0.059803,29.3164,0.80642,29.676,29.1523,0.698037,0.854026,False,2.1918,2.2525,1.2479,1.7301,0.060402,0.020534
CHNCXR_0140_0,Shenzhen,0,1,True,DWT,20,243200,3396,71.613663,0.111711,31.1447,0.841025,31.1804,31.1276,0.751971,0.882669,False,2.4448,2.5065,0.9988,1.6167,0.073024,0.032325
CHNCXR_0140_0,Shenzhen,0,1,True,DWT,30,243200,5237,46.438801,0.17227,34.2601,0.883782,33.0798,34.9729,0.820589,0.915145,False,2.628,2.7157,1.3293,1.8496,0.088458,0.043231
CHNCXR_0140_0,Shenzhen,0,1,True,DWT,50,243200,11173,21.766759,0.367533,39.0436,0.945227,36.9995,40.5391,0.918649,0.959275,False,2.8636,2.915,2.2601,2.5482,0.120689,0.071304
CHNCXR_0140_0,Shenzhen,0,1,True,DWT,70,243200,24576,9.895833,0.808421,43.4163,0.976534,41.3544,44.9314,0.968555,0.981096,False,2.9901,3.0392,2.9987,3.1337,0.190829,0.140834
CHNCXR_0140_0,Shenzhen,0,1,True,DWT,90,243200,56568,4.29925,1.860789,48.884,0.992211,47.9245,49.4384,0.992891,0.99213,False,3.044,3.0907,3.644,3.6897,0.363089,0.33495
CHNCXR_0141_0,Shenzhen,0,4,True,DWT,10,256000,1418,180.535966,0.044312,31.0625,0.852923,30.7444,31.1533,0.741992,0.880811,False,2.081,2.1968,1.3057,1.7877,0.062071,0.016788
CHNCXR_0141_0,Shenzhen,0,4,True,DWT,20,256000,2766,92.552422,0.086438,33.1916,0.880124,32.1509,33.5241,0.776132,0.907059,False,2.3787,2.4437,0.804,1.495,0.075684,0.027769
CHNCXR_0141_0,Shenzhen,0,4,True,DWT,30,256000,3964,64.581231,0.123875,35.5907,0.909492,33.8699,36.2071,0.828405,0.930982,False,2.5947,2.6559,1.3045,1.8468,0.080422,0.035334
CHNCXR_0141_0,Shenzhen,0,4,True,DWT,50,256000,9098,28.138052,0.284313,40.0726,0.955513,37.5883,41.0969,0.917698,0.965834,False,2.8706,2.946,1.9916,2.3675,0.115719,0.061699
CHNCXR_0141_0,Shenzhen,0,4,True,DWT,70,256000,20717,12.357001,0.647406,44.4602,0.980446,41.8616,45.5557,0.967926,0.984051,False,3.038,3.1042,2.8388,2.9996,0.176666,0.12132
CHNCXR_0141_0,Shenzhen,0,4,True,DWT,90,256000,48196,5.311644,1.506125,49.5217,0.992773,48.0693,50.0186,0.991998,0.993077,False,3.1197,3.1597,3.5866,3.6306,0.327464,0.273668
CHNCXR_0142_0,Shenzhen,0,4,True,DWT,10,260096,1813,143.461666,0.055764,29.734,0.839002,30.5914,29.4562,0.734105,0.875633,False,2.2027,2.2438,1.3335,1.7834,0.063399,0.019785
CHNCXR_0142_0,Shenzhen,0,4,True,DWT,20,260096,3492,74.483391,0.107406,31.7248,0.868487,32.1787,31.5686,0.781573,0.899877,False,2.4702,2.5185,0.9558,1.5768,0.082724,0.032184
CHNCXR_0142_0,Shenzhen,0,4,True,DWT,30,260096,5290,49.167486,0.162709,35.3307,0.90143,33.9211,35.9929,0.835719,0.926397,False,2.6633,2.7323,1.2146,1.7634,0.093272,0.044965
CHNCXR_0142_0,Shenzhen,0,4,True,DWT,50,260096,10528,24.705167,0.323819,40.0791,0.95115,37.6935,41.4458,0.920858,0.963192,False,2.9139,2.956,2.1576,2.4786,0.124289,0.073768
CHNCXR_0142_0,Shenzhen,0,4,True,DWT,70,260096,22527,11.545967,0.692883,44.1971,0.977921,41.7254,45.6405,0.966973,0.982468,False,3.0544,3.1088,2.873,3.0464,0.190432,0.126812
CHNCXR_0142_0,Shenzhen,0,4,True,DWT,90,260096,52564,4.948177,1.616757,49.1963,0.991907,47.9399,49.77,0.99176,0.992165,False,3.0954,3.1242,3.6504,3.6975,0.360298,0.272063
CHNCXR_0143_0,Shenzhen,0,4,True,DWT,10,256512,1410,181.923404,0.043975,30.9076,0.827609,28.2433,31.7888,0.679044,0.857081,False,2.1828,2.2531,2.1228,2.3877,0.06529,0.016732
CHNCXR_0143_0,Shenzhen,0,4,True,DWT,20,256512,2974,86.251513,0.092752,32.7635,0.867119,29.9777,33.7056,0.749706,0.89009,False,2.4357,2.5779,0.8956,1.5766,0.076868,0.027891
CHNCXR_0143_0,Shenzhen,0,4,True,DWT,30,256512,4705,54.519022,0.146738,34.7698,0.900563,31.7187,35.8543,0.813634,0.918227,False,2.6372,2.7762,1.0389,1.6787,0.09267,0.040801
CHNCXR_0143_0,Shenzhen,0,4,True,DWT,50,256512,10763,23.83276,0.335672,38.8779,0.949162,35.5614,40.1189,0.916097,0.95687,False,2.9107,2.9645,1.8212,2.2528,0.130876,0.074824
CHNCXR_0143_0,Shenzhen,0,4,True,DWT,70,256512,24386,10.518822,0.760541,42.9198,0.975587,40.1782,43.8395,0.969649,0.977294,False,3.0849,3.1219,3.0022,3.1348,0.213626,0.138121
CHNCXR_0143_0,Shenzhen,0,4,True,DWT,90,256512,61933,4.141766,1.931543,48.4292,0.991788,47.7444,48.5931,0.994513,0.99133,False,3.1651,3.2191,3.6259,3.6598,0.405626,0.321545
CHNCXR_0144_0,Shenzhen,0,2,True,DWT,10,215040,1626,132.250923,0.060491,29.8503,0.829213,30.6829,29.563,0.731364,0.863879,False,2.1798,2.2455,1.5439,1.911,0.054257,0.016875
CHNCXR_0144_0,Shenzhen,0,2,True,DWT,20,215040,3034,70.87673,0.112872,31.5774,0.857949,32.1894,31.3592,0.774506,0.888123,False,2.4191,2.4444,1.0661,1.6658,0.065262,0.025964
CHNCXR_0144_0,Shenzhen,0,2,True,DWT,30,215040,4595,46.798694,0.170945,34.7995,0.893173,33.8865,35.2172,0.827106,0.918939,False,2.593,2.6263,1.5186,1.995,0.077117,0.034547
CHNCXR_0144_0,Shenzhen,0,2,True,DWT,50,215040,9665,22.249353,0.359561,39.5174,0.948465,37.6523,40.5426,0.91779,0.961282,False,2.8119,2.8468,2.32,2.6214,0.105179,0.058792
CHNCXR_0144_0,Shenzhen,0,2,True,DWT,70,215040,20937,10.270812,0.778906,43.971,0.977905,41.827,45.2217,0.967136,0.982774,False,2.9273,2.9785,3.0542,3.2043,0.167107,0.115029
CHNCXR_0144_0,Shenzhen,0,2,True,DWT,90,215040,46993,4.576001,1.748251,49.0969,0.992224,48.0457,49.5902,0.991903,0.992601,False,2.9299,2.9848,3.7441,3.7858,0.317515,0.237059
CHNCXR_0145_0,Shenzhen,0,4,True,DWT,10,262144,1567,167.290364,0.047821,30.7802,0.816946,28.6056,31.8289,0.691183,0.856206,False,2.2129,2.2616,1.4518,1.9023,0.06105,0.018444
CHNCXR_0145_0,Shenzhen,0,4,True,DWT,20,262144,3575,73.326993,0.1091,32.4834,0.85601,30.3193,33.5249,0.754358,0.886775,False,2.4628,2.5856,0.6554,1.4086,0.084104,0.036063
CHNCXR_0145_0,Shenzhen,0,4,True,DWT,30,262144,5529,47.412552,0.168732,34.3704,0.89378,31.9554,35.5941,0.815733,0.917521,False,2.6548,2.7654,0.8326,1.5395,0.100348,0.050482
CHNCXR_0145_0,Shenzhen,0,4,True,DWT,50,262144,11330,23.137158,0.345764,38.7576,0.950937,35.9675,40.2909,0.918661,0.962169,False,2.913,3.0293,1.897,2.2753,0.13067,0.079122
CHNCXR_0145_0,Shenzhen,0,4,True,DWT,70,262144,25574,10.250411,0.780457,43.0963,0.978553,40.5224,44.4452,0.969112,0.982009,False,3.0657,3.1026,3.0481,3.1602,0.205516,0.148848
CHNCXR_0145_0,Shenzhen,0,4,True,DWT,90,262144,61259,4.279273,1.869476,48.7584,0.992954,47.7487,49.1509,0.993963,0.992726,False,3.1326,3.1852,3.6036,3.639,0.393953,0.322524
CHNCXR_0146_0,Shenzhen,0,2,True,DWT,10,261120,1695,154.053097,0.05193,30.2753,0.83483,29.8692,30.3679,0.699523,0.857763,False,2.241,2.3063,1.8007,2.1174,0.064972,0.017238
CHNCXR_0146_0,Shenzhen,0,2,True,DWT,20,261120,3080,84.779221,0.094363,32.2548,0.869715,31.2995,32.4911,0.749113,0.890557,False,2.4674,2.5525,1.3336,1.8729,0.074184,0.029293
CHNCXR_0146_0,Shenzhen,0,2,True,DWT,30,261120,4852,53.816983,0.148652,34.7259,0.90463,32.9771,35.2159,0.812729,0.922446,False,2.6465,2.7106,1.6541,2.0929,0.087097,0.037318
CHNCXR_0146_0,Shenzhen,0,2,True,DWT,50,261120,11053,23.624355,0.338634,39.6562,0.956857,36.8661,40.5923,0.915826,0.965823,False,2.8579,2.8935,2.2201,2.5148,0.124746,0.071028
CHNCXR_0146_0,Shenzhen,0,2,True,DWT,70,261120,24179,10.799454,0.740778,44.1895,0.981168,41.2183,45.2205,0.967942,0.984341,False,2.9459,2.9954,3.005,3.1438,0.194952,0.137076
CHNCXR_0146_0,Shenzhen,0,2,True,DWT,90,261120,53465,4.883943,1.638021,49.4442,0.993072,47.885,49.8679,0.992933,0.993242,False,2.99,3.0324,3.6337,3.6779,0.349284,0.279002
CHNCXR_0147_0,Shenzhen,0,3,True,DWT,10,258048,1594,161.887077,0.049417,30.2303,0.816043,29.6411,30.4527,0.69974,0.855815,False,2.1204,2.2222,1.488,1.9111,0.062176,0.018144
CHNCXR_0147_0,Shenzhen,0,3,True,DWT,20,258048,3140,82.180892,0.097346,32.2892,0.855095,31.4176,32.6341,0.763063,0.886496,False,2.3647,2.4252,0.9716,1.6177,0.079547,0.038293
CHNCXR_0147_0,Shenzhen,0,3,True,DWT,30,258048,4498,57.369498,0.139447,34.797,0.892223,33.0931,35.5802,0.820623,0.917271,False,2.5687,2.6366,1.5497,2.0172,0.08659,0.038031
CHNCXR_0147_0,Shenzhen,0,3,True,DWT,50,258048,10529,24.50831,0.32642,39.2099,0.949935,37.157,40.2203,0.921375,0.959932,False,2.8213,2.8804,2.202,2.5091,0.120973,0.070749
CHNCXR_0147_0,Shenzhen,0,3,True,DWT,70,258048,24162,10.679911,0.74907,43.6754,0.978577,41.5201,44.7585,0.96928,0.982035,False,2.9325,2.9869,3.0093,3.1395,0.200366,0.136709
CHNCXR_0147_0,Shenzhen,0,3,True,DWT,90,258048,56334,4.58068,1.746466,49.0308,0.992612,47.9566,49.471,0.992822,0.992623,False,2.9829,3.0193,3.6384,3.6722,0.361821,0.289822
CHNCXR_0148_0,Shenzhen,0,3,True,DWT,10,240640,1490,161.503356,0.049535,30.3015,0.836959,30.2348,30.3207,0.716455,0.868112,False,2.1139,2.21,1.4835,1.9119,0.057068,0.01507
CHNCXR_0148_0,Shenzhen,0,3,True,DWT,20,240640,2831,85.001766,0.094116,32.3141,0.866872,31.7222,32.4982,0.764148,0.894605,False,2.3885,2.4363,0.9882,1.6177,0.071653,0.02766
CHNCXR_0148_0,Shenzhen,0,3,True,DWT,30,240640,4440,54.198198,0.147606,35.2182,0.898846,33.5392,35.844,0.824234,0.920221,False,2.6145,2.6822,1.3248,1.8767,0.079963,0.03518
CHNCXR_0148_0,Shenzhen,0,3,True,DWT,50,240640,9699,24.810805,0.32244,39.8063,0.952247,37.3818,40.8441,0.919683,0.961884,False,2.8428,2.915,2.1492,2.4979,0.111145,0.061707
CHNCXR_0148_0,Shenzhen,0,3,True,DWT,70,240640,21421,11.233836,0.712134,44.2887,0.979665,41.6995,45.4338,0.968946,0.983135,False,2.9785,3.0229,2.9338,3.0971,0.176137,0.122282
CHNCXR_0148_0,Shenzhen,0,3,True,DWT,90,240640,48383,4.973648,1.608477,49.409,0.992723,48.0095,49.9058,0.992454,0.992954,False,3.0461,3.0809,3.648,3.6937,0.31886,0.249317
CHNCXR_0149_0,Shenzhen,0,3,True,DWT,10,262144,1595,164.353605,0.048676,31.0854,0.827134,28.4132,32.1207,0.673562,0.863042,False,2.1544,2.2238,0.958,1.5665,0.065872,0.019051
CHNCXR_0149_0,Shenzhen,0,3,True,DWT,20,262144,3518,74.515065,0.107361,32.7248,0.862002,30.0976,33.734,0.745944,0.888094,False,2.4357,2.5378,0.5628,1.3408,0.084468,0.0351
CHNCXR_0149_0,Shenzhen,0,3,True,DWT,30,262144,5360,48.907463,0.163574,34.7145,0.901075,31.7735,35.9153,0.814208,0.920394,False,2.6307,2.7261,0.795,1.5109,0.099869,0.04852
CHNCXR_0149_0,Shenzhen,0,3,True,DWT,50,262144,10687,24.529241,0.326141,39.2164,0.955659,35.929,40.6572,0.921676,0.964426,False,2.9254,3.0177,1.8069,2.2055,0.127316,0.076375
CHNCXR_0149_0,Shenzhen,0,3,True,DWT,70,262144,23552,11.130435,0.71875,43.8341,0.981489,40.659,45.1935,0.971979,0.984154,False,3.0994,3.1381,2.9242,3.0621,0.197679,0.135738
CHNCXR_0149_0,Shenzhen,0,3,True,DWT,90,262144,53986,4.855777,1.647522,49.3306,0.993439,47.9055,49.7732,0.994487,0.993299,False,3.1803,3.2377,3.557,3.5954,0.355428,0.279663
CHNCXR_0150_0,Shenzhen,0,1,True,DWT,10,243200,1596,152.380952,0.0525,30.7329,0.843679,31.1253,30.6181,0.74429,0.872929,False,2.1066,2.1969,1.331,1.7588,0.064313,0.01804
CHNCXR_0150_0,Shenzhen,0,1,True,DWT,20,243200,2969,81.913102,0.097664,32.3385,0.871521,32.4821,32.2949,0.783236,0.897659,False,2.3883,2.4281,0.9479,1.5828,0.071604,0.029472
CHNCXR_0150_0,Shenzhen,0,1,True,DWT,30,243200,4397,55.310439,0.144638,35.6423,0.903012,34.066,36.2757,0.829918,0.925814,False,2.6031,2.6373,1.2861,1.8351,0.081315,0.034423
CHNCXR_0150_0,Shenzhen,0,1,True,DWT,50,243200,9478,25.659422,0.311776,40.0832,0.952076,37.7154,41.1892,0.916949,0.963588,False,2.8678,2.9109,2.1041,2.459,0.111969,0.060268
CHNCXR_0150_0,Shenzhen,0,1,True,DWT,70,243200,20782,11.702435,0.683618,44.4086,0.979213,41.8099,45.6814,0.966205,0.983737,False,3.009,3.04,2.8938,3.067,0.1779,0.115374
CHNCXR_0150_0,Shenzhen,0,1,True,DWT,90,243200,47602,5.109029,1.565855,49.3814,0.992465,47.9983,49.9184,0.991654,0.99289,False,3.07,3.1103,3.6416,3.6903,0.312607,0.246648
CHNCXR_0151_0,Shenzhen,0,0,True,DWT,10,257536,1808,142.442478,0.056163,30.188,0.855973,30.7507,30.0808,0.74935,0.875227,False,2.2124,2.2778,1.2394,1.7603,0.065758,0.019895
CHNCXR_0151_0,Shenzhen,0,0,True,DWT,20,257536,3642,70.712795,0.113134,32.1636,0.885781,32.259,32.1442,0.794582,0.902779,False,2.4797,2.5571,0.7088,1.4389,0.083061,0.03501
CHNCXR_0151_0,Shenzhen,0,0,True,DWT,30,257536,5043,51.068015,0.156654,35.3218,0.913811,33.9644,35.6626,0.839278,0.928878,False,2.664,2.7438,1.1191,1.719,0.094741,0.043124
CHNCXR_0151_0,Shenzhen,0,0,True,DWT,50,257536,10486,24.559985,0.325733,40.2379,0.957625,37.8391,40.9522,0.925068,0.964734,False,2.9051,2.9776,1.8291,2.241,0.124944,0.069009
CHNCXR_0151_0,Shenzhen,0,0,True,DWT,70,257536,21809,11.808703,0.677466,44.5819,0.980794,42.0658,45.3466,0.970077,0.983278,False,3.0336,3.0949,2.9418,3.1026,0.185166,0.122485
CHNCXR_0151_0,Shenzhen,0,0,True,DWT,90,257536,49238,5.230432,1.52951,49.4958,0.992606,48.1019,49.8478,0.992265,0.992799,False,3.066,3.1281,3.6482,3.6923,0.327406,0.253884
CHNCXR_0152_0,Shenzhen,0,3,True,DWT,10,249856,1795,139.195543,0.057473,30.3128,0.826327,30.5528,30.2302,0.74298,0.853632,False,2.1915,2.2579,1.3108,1.798,0.065725,0.019292
CHNCXR_0152_0,Shenzhen,0,3,True,DWT,20,249856,3325,75.144662,0.106461,32.257,0.860861,32.1561,32.2936,0.791259,0.883092,False,2.4358,2.4913,0.9558,1.5992,0.077545,0.028687
CHNCXR_0152_0,Shenzhen,0,3,True,DWT,30,249856,4758,52.512821,0.152344,35.1298,0.897617,33.9722,35.6317,0.840232,0.917257,False,2.6411,2.6921,1.4968,1.9725,0.083832,0.038237
CHNCXR_0152_0,Shenzhen,0,3,True,DWT,50,249856,10334,24.178053,0.330879,39.6538,0.950615,37.9412,40.4774,0.926046,0.959685,False,2.8666,2.9254,2.2913,2.5776,0.120049,0.067321
CHNCXR_0152_0,Shenzhen,0,3,True,DWT,70,249856,22858,10.93079,0.731878,43.9399,0.978205,42.0497,44.8812,0.969651,0.981557,False,2.9797,3.0286,3.0036,3.1532,0.184965,0.131372
CHNCXR_0152_0,Shenzhen,0,3,True,DWT,90,249856,52963,4.717558,1.695793,49.0615,0.992245,48.1497,49.4401,0.992161,0.992392,False,3.026,3.0714,3.6912,3.7318,0.345958,0.275377
CHNCXR_0153_0,Shenzhen,0,3,True,DWT,10,257024,1507,170.553417,0.046906,31.0515,0.857915,30.9397,31.0808,0.744928,0.88513,False,2.1077,2.2099,1.183,1.7014,0.067632,0.018729
CHNCXR_0153_0,Shenzhen,0,3,True,DWT,20,257024,2831,90.78912,0.088116,33.0656,0.881554,32.2739,33.2957,0.778452,0.907065,False,2.364,2.4059,0.8186,1.512,0.074042,0.027988
CHNCXR_0153_0,Shenzhen,0,3,True,DWT,30,257024,4110,62.536253,0.127926,35.7054,0.910622,33.8475,36.3494,0.826854,0.931677,False,2.5744,2.6343,1.3751,1.8988,0.082848,0.03409
CHNCXR_0153_0,Shenzhen,0,3,True,DWT,50,257024,9269,27.729421,0.288502,40.0638,0.955061,37.5442,41.049,0.916443,0.965091,False,2.8177,2.8858,2.0554,2.4092,0.114127,0.062476
CHNCXR_0153_0,Shenzhen,0,3,True,DWT,70,257024,21071,12.197997,0.655845,44.3302,0.979607,41.7023,45.3794,0.966402,0.98317,False,2.9436,2.9892,2.8702,3.0317,0.179612,0.122669
CHNCXR_0153_0,Shenzhen,0,3,True,DWT,90,257024,49493,5.193138,1.540494,49.3917,0.992501,48.0113,49.8327,0.99188,0.992746,False,3.0128,3.0525,3.6154,3.6571,0.339186,0.263243
CHNCXR_0154_0,Shenzhen,0,4,True,DWT,10,257024,1398,183.851216,0.043513,30.9399,0.836379,30.0314,31.236,0.6957,0.874794,False,2.0927,2.1698,1.2369,1.7453,0.063694,0.017692
CHNCXR_0154_0,Shenzhen,0,4,True,DWT,20,257024,2810,91.467616,0.087463,33.0224,0.866957,31.5493,33.5499,0.748419,0.899663,False,2.3583,2.4136,0.8024,1.497,0.074658,0.030317
CHNCXR_0154_0,Shenzhen,0,4,True,DWT,30,257024,4118,62.414764,0.128175,35.4469,0.902039,33.2276,36.3562,0.812153,0.926913,False,2.5863,2.6613,1.3103,1.8701,0.085357,0.039722
CHNCXR_0154_0,Shenzhen,0,4,True,DWT,50,257024,9385,27.386681,0.292113,39.9388,0.954064,37.3305,41.0917,0.919686,0.963755,False,2.8439,2.909,2.0269,2.3881,0.114524,0.063464
CHNCXR_0154_0,Shenzhen,0,4,True,DWT,70,257024,21388,12.017206,0.665712,44.2465,0.980062,41.6193,45.4121,0.968698,0.983432,False,2.9865,3.0525,2.8558,3.0191,0.185858,0.125713
CHNCXR_0154_0,Shenzhen,0,4,True,DWT,90,257024,49930,5.147687,1.554096,49.4081,0.992837,48.0325,49.8926,0.992625,0.99299,False,3.0539,3.1227,3.5758,3.619,0.345744,0.275118
CHNCXR_0155_0,Shenzhen,0,1,True,DWT,10,202240,1777,113.809792,0.070293,28.9018,0.845386,30.3172,28.7155,0.722883,0.862464,False,2.2185,2.2969,1.5326,1.9251,0.053167,0.017038
CHNCXR_0155_0,Shenzhen,0,1,True,DWT,20,202240,3537,57.1784,0.139913,30.9822,0.878753,32.1664,30.8219,0.771943,0.894154,False,2.4772,2.5824,0.9049,1.5546,0.072592,0.034125
CHNCXR_0155_0,Shenzhen,0,1,True,DWT,30,202240,4914,41.155881,0.194383,34.7275,0.91064,33.7566,34.9024,0.825078,0.924323,False,2.6483,2.7404,1.3558,1.8699,0.076676,0.03562
CHNCXR_0155_0,Shenzhen,0,1,True,DWT,50,202240,9684,20.883932,0.38307,39.6625,0.95613,37.4647,40.1385,0.916968,0.962829,False,2.8811,2.954,2.0912,2.4309,0.105398,0.059111
CHNCXR_0155_0,Shenzhen,0,1,True,DWT,70,202240,19206,10.530043,0.759731,44.3003,0.979876,41.6355,44.9224,0.967658,0.982196,False,2.9895,3.0603,3.0424,3.187,0.160862,0.108652
CHNCXR_0155_0,Shenzhen,0,1,True,DWT,90,202240,42155,4.797533,1.667524,49.1615,0.992017,48.0009,49.3763,0.992316,0.992138,False,3.0257,3.0766,3.7341,3.7726,0.272034,0.218869
CHNCXR_0156_0,Shenzhen,0,2,True,DWT,10,258560,2063,125.332041,0.06383,29.3332,0.82701,29.1633,29.3651,0.691474,0.848673,False,2.2063,2.2971,1.2504,1.7773,0.07179,0.021571
CHNCXR_0156_0,Shenzhen,0,2,True,DWT,20,258560,3735,69.226238,0.115563,31.4854,0.865852,30.9027,31.6012,0.753566,0.885344,False,2.441,2.5355,1.0161,1.6547,0.087716,0.03564
CHNCXR_0156_0,Shenzhen,0,2,True,DWT,30,258560,5684,45.489092,0.175866,34.513,0.900704,32.5547,34.992,0.812278,0.916842,False,2.6324,2.6836,1.2649,1.8152,0.097626,0.050006
CHNCXR_0156_0,Shenzhen,0,2,True,DWT,50,258560,11992,21.561041,0.37104,39.2444,0.953691,36.5141,40.0037,0.917186,0.960662,False,2.8546,2.9151,2.0545,2.4077,0.137475,0.07797
CHNCXR_0156_0,Shenzhen,0,2,True,DWT,70,258560,25385,10.185543,0.785427,43.8708,0.98023,41.0615,44.6629,0.969714,0.98241,False,2.9345,3.0,3.1398,3.2625,0.206697,0.146114
CHNCXR_0156_0,Shenzhen,0,2,True,DWT,90,258560,56136,4.605957,1.736881,49.2088,0.992814,47.8919,49.5004,0.993473,0.992797,False,2.9913,3.0494,3.7019,3.7418,0.366465,0.28436
CHNCXR_0157_0,Shenzhen,0,1,True,DWT,10,259584,1878,138.223642,0.057877,29.9876,0.837523,30.0224,29.9794,0.703546,0.866966,False,2.2057,2.2685,1.1215,1.6696,0.070318,0.020304
CHNCXR_0157_0,Shenzhen,0,1,True,DWT,20,259584,3765,68.946614,0.116032,31.854,0.869072,31.5874,31.92,0.755206,0.89392,False,2.4649,2.534,0.7228,1.4544,0.088047,0.039733
CHNCXR_0157_0,Shenzhen,0,1,True,DWT,30,259584,5234,49.59572,0.161304,34.9292,0.903662,33.2199,35.4598,0.810997,0.925333,False,2.6689,2.7454,1.1898,1.7684,0.094099,0.043768
CHNCXR_0157_0,Shenzhen,0,1,True,DWT,50,259584,11205,23.166801,0.345322,39.7525,0.954989,37.1132,40.7184,0.914902,0.964836,False,2.9025,2.966,1.9197,2.306,0.131924,0.078262
CHNCXR_0157_0,Shenzhen,0,1,True,DWT,70,259584,23472,11.059305,0.723373,44.1695,0.980366,41.4458,45.1823,0.967211,0.983793,False,3.0258,3.091,3.0015,3.1458,0.193807,0.131895
CHNCXR_0157_0,Shenzhen,0,1,True,DWT,90,259584,52935,4.903825,1.631379,49.3894,0.992945,47.9563,49.8145,0.99245,0.993176,False,3.0718,3.1265,3.6582,3.7027,0.352215,0.284365
CHNCXR_0158_0,Shenzhen,0,4,True,DWT,10,239616,1751,136.845231,0.05846,30.1059,0.832936,30.351,30.0507,0.72796,0.854596,False,2.1489,2.1871,1.3296,1.8272,0.060204,0.01895
CHNCXR_0158_0,Shenzhen,0,4,True,DWT,20,239616,3207,74.716558,0.107071,31.8137,0.866315,31.7946,31.8181,0.76926,0.88744,False,2.4292,2.4649,0.9607,1.6173,0.07235,0.029674
CHNCXR_0158_0,Shenzhen,0,4,True,DWT,30,239616,4814,49.774823,0.160724,35.0448,0.901311,33.3626,35.5524,0.820579,0.920266,False,2.6314,2.6789,1.4954,1.9967,0.086479,0.037919
CHNCXR_0158_0,Shenzhen,0,4,True,DWT,50,239616,10304,23.254658,0.344017,39.7275,0.953077,37.1578,40.6328,0.917146,0.962007,False,2.8323,2.8889,2.2262,2.5677,0.112517,0.064469
CHNCXR_0158_0,Shenzhen,0,4,True,DWT,70,239616,22254,10.767323,0.742989,44.1035,0.979308,41.3832,45.0891,0.967135,0.982521,False,2.9503,3.0147,3.0436,3.2032,0.178822,0.122123
CHNCXR_0158_0,Shenzhen,0,4,True,DWT,90,239616,50009,4.791458,1.669638,49.2323,0.992488,47.8963,49.6132,0.992449,0.992645,False,3.016,3.0703,3.7066,3.7514,0.322179,0.259906
CHNCXR_0159_0,Shenzhen,0,4,True,DWT,10,262144,1540,170.223377,0.046997,31.5256,0.836338,29.0117,32.3584,0.704738,0.863088,False,2.1449,2.223,0.9342,1.5542,0.066802,0.018995
CHNCXR_0159_0,Shenzhen,0,4,True,DWT,20,262144,3460,75.764162,0.105591,33.3054,0.87096,30.7139,34.176,0.767633,0.891298,False,2.3931,2.5363,0.5193,1.3199,0.088066,0.036879
CHNCXR_0159_0,Shenzhen,0,4,True,DWT,30,262144,5124,51.160031,0.156372,35.2145,0.903761,32.3201,36.2429,0.821112,0.919878,False,2.6023,2.7361,0.7166,1.4576,0.098751,0.049899
CHNCXR_0159_0,Shenzhen,0,4,True,DWT,50,262144,10086,25.990878,0.3078,39.4971,0.954126,36.1684,40.7839,0.918836,0.962202,False,2.8854,2.9707,1.717,2.1542,0.123772,0.07046
CHNCXR_0159_0,Shenzhen,0,4,True,DWT,70,262144,22412,11.696591,0.68396,43.6444,0.978772,40.5761,44.7713,0.969311,0.981132,False,3.0046,3.0548,2.887,3.0342,0.186094,0.128118
CHNCXR_0159_0,Shenzhen,0,4,True,DWT,90,262144,55322,4.738513,1.688293,48.8301,0.99219,47.7579,49.1096,0.993997,0.991902,False,3.0838,3.1505,3.6042,3.6371,0.376918,0.308346
CHNCXR_0160_0,Shenzhen,0,4,True,DWT,10,238080,1933,123.166063,0.064953,30.4013,0.817487,28.6411,31.3148,0.697397,0.863488,False,2.2323,2.335,0.6882,1.4251,0.067839,0.019454
CHNCXR_0160_0,Shenzhen,0,4,True,DWT,20,238080,2986,79.732083,0.100336,32.3567,0.859461,30.4449,33.3799,0.764718,0.894903,False,2.4802,2.5784,1.0166,1.6646,0.0731,0.027499
CHNCXR_0160_0,Shenzhen,0,4,True,DWT,30,238080,4709,50.558505,0.158233,34.152,0.894157,32.1715,35.227,0.82412,0.920051,False,2.6941,2.8096,1.1751,1.776,0.085843,0.040475
CHNCXR_0160_0,Shenzhen,0,4,True,DWT,50,238080,10695,22.26087,0.359375,38.5992,0.951365,36.2406,39.9884,0.922534,0.962677,False,2.9824,3.0931,1.9169,2.3172,0.125081,0.074118
CHNCXR_0160_0,Shenzhen,0,4,True,DWT,70,238080,23745,10.026532,0.797883,43.0424,0.978668,40.8488,44.2884,0.970713,0.981916,False,3.14,3.1936,3.0536,3.1758,0.203374,0.143338
CHNCXR_0160_0,Shenzhen,0,4,True,DWT,90,238080,56991,4.177502,1.91502,48.6791,0.992885,47.7892,49.0711,0.993817,0.992622,False,3.2518,3.2917,3.631,3.6674,0.394615,0.313042
CHNCXR_0161_0,Shenzhen,0,2,True,DWT,10,245248,1349,181.799852,0.044004,30.9923,0.816386,28.933,31.6922,0.704085,0.841151,False,2.1668,2.2459,1.8432,2.1609,0.05677,0.014607
CHNCXR_0161_0,Shenzhen,0,2,True,DWT,20,245248,2815,87.121847,0.091825,32.8442,0.854633,30.7393,33.5655,0.76117,0.87482,False,2.4259,2.5784,0.8986,1.5682,0.075688,0.02767
CHNCXR_0161_0,Shenzhen,0,2,True,DWT,30,245248,4507,54.41491,0.147019,34.6027,0.888783,32.2555,35.4427,0.816888,0.904919,False,2.6056,2.7475,1.0624,1.7012,0.087589,0.039438
CHNCXR_0161_0,Shenzhen,0,2,True,DWT,50,245248,10302,23.805863,0.336052,38.7823,0.94476,36.1821,39.7575,0.917934,0.951867,False,2.8859,2.942,1.8536,2.2502,0.129925,0.075602
CHNCXR_0161_0,Shenzhen,0,2,True,DWT,70,245248,23737,10.331887,0.774302,42.6773,0.973353,40.4349,43.4648,0.967801,0.975246,False,3.0339,3.1005,3.0201,3.1429,0.20283,0.14601
CHNCXR_0161_0,Shenzhen,0,2,True,DWT,90,245248,61422,3.992836,2.003588,48.2862,0.991594,47.6714,48.4513,0.993792,0.991215,False,3.1123,3.1765,3.6132,3.6489,0.412929,0.344197
CHNCXR_0162_0,Shenzhen,0,3,True,DWT,10,257536,1473,174.837746,0.045757,30.8655,0.838084,30.0945,31.1449,0.715068,0.876662,False,2.0859,2.1644,1.3546,1.8164,0.066589,0.020438
CHNCXR_0162_0,Shenzhen,0,3,True,DWT,20,257536,2901,88.774905,0.090116,32.7994,0.868077,31.7879,33.181,0.765514,0.900135,False,2.3726,2.4267,0.8642,1.5417,0.081825,0.029542
CHNCXR_0162_0,Shenzhen,0,3,True,DWT,30,257536,4134,62.297049,0.128417,35.4334,0.901053,33.4071,36.3521,0.82208,0.926155,False,2.5722,2.625,1.4192,1.928,0.087439,0.038366
CHNCXR_0162_0,Shenzhen,0,3,True,DWT,50,257536,9541,26.992558,0.296378,39.7529,0.952468,37.4015,40.8903,0.919579,0.963091,False,2.8082,2.8866,2.0564,2.4036,0.124785,0.069132
CHNCXR_0162_0,Shenzhen,0,3,True,DWT,70,257536,21869,11.776304,0.67933,44.0876,0.979233,41.6128,45.3154,0.968221,0.983009,False,2.9646,3.0069,2.8975,3.0431,0.192907,0.133901
CHNCXR_0162_0,Shenzhen,0,3,True,DWT,90,257536,51555,4.995364,1.601485,49.2349,0.992512,48.0065,49.7159,0.99245,0.992626,False,3.0025,3.0532,3.6074,3.6454,0.362376,0.286786
CHNCXR_0163_0,Shenzhen,0,2,True,DWT,10,258560,1732,149.284065,0.053589,30.5064,0.851372,30.4277,30.525,0.735473,0.876262,False,2.1783,2.2469,1.4844,1.9049,0.069041,0.019071
CHNCXR_0163_0,Shenzhen,0,2,True,DWT,20,258560,3303,78.280351,0.102197,32.4351,0.879527,32.0078,32.5416,0.778991,0.901436,False,2.4314,2.4846,0.8467,1.531,0.082305,0.031913
CHNCXR_0163_0,Shenzhen,0,2,True,DWT,30,258560,4986,51.8572,0.15427,35.5364,0.911762,33.5485,36.1714,0.826977,0.931638,False,2.6453,2.7099,1.1763,1.7602,0.096578,0.045184
CHNCXR_0163_0,Shenzhen,0,2,True,DWT,50,258560,9963,25.952022,0.308261,40.263,0.957838,37.4383,41.313,0.920204,0.967038,False,2.89,2.9498,2.1384,2.4616,0.12266,0.068885
CHNCXR_0163_0,Shenzhen,0,2,True,DWT,70,258560,21601,11.969816,0.668348,44.5629,0.98114,41.5828,45.7042,0.968173,0.984472,False,2.9872,3.0424,2.9091,3.0717,0.191279,0.126865
CHNCXR_0163_0,Shenzhen,0,2,True,DWT,90,258560,48940,5.283204,1.514233,49.5637,0.992868,47.9797,50.0365,0.992382,0.993098,False,3.0637,3.1111,3.6229,3.6709,0.343489,0.264599
CHNCXR_0164_0,Shenzhen,0,3,True,DWT,10,257024,1442,178.241331,0.044883,30.994,0.84464,30.1756,31.1785,0.712793,0.869619,False,2.0941,2.2029,1.447,1.8691,0.067111,0.019388
CHNCXR_0164_0,Shenzhen,0,3,True,DWT,20,257024,2802,91.728765,0.087214,32.9625,0.874812,31.6007,33.2958,0.759597,0.896826,False,2.3594,2.4344,0.9551,1.6057,0.080593,0.029216
CHNCXR_0164_0,Shenzhen,0,3,True,DWT,30,257024,4205,61.123424,0.130883,35.5532,0.90578,33.334,36.1768,0.816423,0.923094,False,2.581,2.6582,1.3436,1.88,0.090169,0.03952
CHNCXR_0164_0,Shenzhen,0,3,True,DWT,50,257024,9615,26.731565,0.299272,39.9673,0.955235,37.1933,40.8256,0.915505,0.96318,False,2.8519,2.939,2.0815,2.4298,0.125368,0.068746
CHNCXR_0164_0,Shenzhen,0,3,True,DWT,70,257024,21644,11.875069,0.67368,44.391,0.980697,41.3908,45.3581,0.966658,0.983694,False,2.991,3.0347,2.874,3.0347,0.201334,0.134489
CHNCXR_0164_0,Shenzhen,0,3,True,DWT,90,257024,49280,5.215584,1.533865,49.6152,0.993052,47.9916,50.0291,0.992415,0.993274,False,3.062,3.1127,3.5782,3.6215,0.352343,0.276063
CHNCXR_0165_0,Shenzhen,0,0,True,DWT,10,260096,1813,143.461666,0.055764,30.4883,0.854174,31.142,30.2951,0.754723,0.883342,False,2.182,2.2531,1.2403,1.7421,0.070556,0.022614
CHNCXR_0165_0,Shenzhen,0,0,True,DWT,20,260096,3381,76.928719,0.103992,33.0812,0.882041,32.7111,33.2088,0.791056,0.910594,False,2.4519,2.51,0.927,1.5721,0.085146,0.033584
CHNCXR_0165_0,Shenzhen,0,0,True,DWT,30,260096,4947,52.576511,0.152159,35.7307,0.911621,34.3116,36.3145,0.836186,0.936172,False,2.6665,2.7191,1.2216,1.8003,0.096205,0.042363
CHNCXR_0165_0,Shenzhen,0,0,True,DWT,50,260096,9833,26.451337,0.302442,40.3776,0.956131,37.8315,41.6821,0.91717,0.969318,False,2.9255,2.9769,2.0835,2.4488,0.124382,0.070867
CHNCXR_0165_0,Shenzhen,0,0,True,DWT,70,260096,21246,12.242116,0.653482,44.7829,0.981269,41.9019,46.3714,0.965945,0.986626,False,3.0685,3.1242,2.8896,3.0703,0.191435,0.132268
CHNCXR_0165_0,Shenzhen,0,0,True,DWT,90,260096,47445,5.482053,1.459307,49.8853,0.993377,48.089,50.6774,0.991585,0.994104,False,3.1305,3.1752,3.6209,3.6747,0.334857,0.272559
CHNCXR_0166_0,Shenzhen,0,1,True,DWT,10,253440,1841,137.664313,0.058112,29.7465,0.8072,29.9186,29.6759,0.706983,0.847161,False,2.1913,2.2532,1.728,2.0799,0.070219,0.018571
CHNCXR_0166_0,Shenzhen,0,1,True,DWT,20,253440,3565,71.091164,0.112532,31.6882,0.846969,31.5838,31.733,0.760157,0.882813,False,2.4616,2.519,1.0774,1.6757,0.081654,0.034306
CHNCXR_0166_0,Shenzhen,0,1,True,DWT,30,253440,5188,48.851195,0.163763,34.2801,0.884403,33.3289,34.754,0.818033,0.912596,False,2.6574,2.7246,1.6161,2.0669,0.09226,0.041947
CHNCXR_0166_0,Shenzhen,0,1,True,DWT,50,253440,11560,21.923875,0.364899,38.9757,0.94465,37.1966,40.0203,0.915979,0.95765,False,2.8488,2.8841,2.3735,2.6455,0.129357,0.077002
CHNCXR_0166_0,Shenzhen,0,1,True,DWT,70,253440,25807,9.820591,0.814615,43.4312,0.976321,41.438,44.6571,0.966721,0.980961,False,2.9705,3.0222,3.118,3.2375,0.215189,0.153401
CHNCXR_0166_0,Shenzhen,0,1,True,DWT,90,253440,59206,4.280647,1.868876,48.8439,0.992116,47.9263,49.2982,0.992264,0.992259,False,3.0202,3.0603,3.6941,3.7317,0.411662,0.32158
CHNCXR_0167_0,Shenzhen,0,2,True,DWT,10,244224,1572,155.358779,0.051494,30.46,0.810169,28.0902,31.6977,0.665233,0.857899,False,2.2218,2.335,1.5082,1.9219,0.061127,0.016923
CHNCXR_0167_0,Shenzhen,0,2,True,DWT,20,244224,3476,70.260069,0.113863,32.2083,0.849031,29.6927,33.5638,0.734802,0.886554,False,2.4974,2.5703,0.7131,1.4514,0.083651,0.036486
CHNCXR_0167_0,Shenzhen,0,2,True,DWT,30,244224,5372,45.462398,0.17597,34.1485,0.887826,31.5301,35.5915,0.809332,0.913921,False,2.6906,2.8015,0.9196,1.591,0.100501,0.049383
CHNCXR_0167_0,Shenzhen,0,2,True,DWT,50,244224,11073,22.055811,0.362716,38.3218,0.944254,35.4681,39.9805,0.914741,0.95528,False,2.968,3.0792,1.9921,2.3548,0.130297,0.07566
CHNCXR_0167_0,Shenzhen,0,2,True,DWT,70,244224,25452,9.595474,0.833726,42.4719,0.974048,40.1049,43.7072,0.968992,0.976339,False,3.1464,3.1928,3.1256,3.2343,0.207381,0.154488
CHNCXR_0167_0,Shenzhen,0,2,True,DWT,90,244224,63448,3.849199,2.078354,48.2913,0.991839,47.7267,48.5023,0.994577,0.991058,False,3.2153,3.2598,3.6081,3.6392,0.444151,0.358114
CHNCXR_0168_0,Shenzhen,0,3,True,DWT,10,256000,1507,169.873922,0.047094,30.4485,0.822094,30.3292,30.5151,0.727595,0.873279,False,2.1124,2.2137,1.4518,1.8957,0.068951,0.018518
CHNCXR_0168_0,Shenzhen,0,3,True,DWT,20,256000,2951,86.750254,0.092219,32.4735,0.854602,31.8496,32.8563,0.77333,0.898861,False,2.3966,2.4761,0.8923,1.5612,0.087302,0.032671
CHNCXR_0168_0,Shenzhen,0,3,True,DWT,30,256000,4300,59.534884,0.134375,34.9154,0.890208,33.5322,35.9105,0.826553,0.925384,False,2.6101,2.6836,1.4904,2.0014,0.088269,0.037491
CHNCXR_0168_0,Shenzhen,0,3,True,DWT,50,256000,10225,25.036675,0.319531,39.2969,0.948054,37.4963,40.7268,0.921304,0.962996,False,2.8728,2.9437,2.1985,2.5122,0.131918,0.073132
CHNCXR_0168_0,Shenzhen,0,3,True,DWT,70,256000,23561,10.865413,0.736281,43.5651,0.977452,41.683,45.0905,0.968536,0.982644,False,3.0219,3.064,2.9881,3.1145,0.210251,0.145172
CHNCXR_0168_0,Shenzhen,0,3,True,DWT,90,256000,55843,4.584281,1.745094,49.0235,0.992549,48.0323,49.6785,0.992426,0.99272,False,3.1126,3.1628,3.6147,3.6516,0.390381,0.312248
CHNCXR_0169_0,Shenzhen,0,1,True,DWT,10,248832,1942,128.131823,0.062436,29.9013,0.833971,30.8541,29.6876,0.76314,0.847503,False,2.2411,2.3246,1.4269,1.8889,0.066289,0.019536
CHNCXR_0169_0,Shenzhen,0,1,True,DWT,20,248832,3364,73.969084,0.108153,31.6343,0.864134,32.7015,31.3985,0.80186,0.876019,False,2.477,2.573,1.1005,1.7077,0.078081,0.030698
CHNCXR_0169_0,Shenzhen,0,1,True,DWT,30,248832,5231,47.568725,0.168178,34.5202,0.894501,34.3321,34.5697,0.843842,0.906144,False,2.6575,2.6992,1.3526,1.8919,0.09484,0.04469
CHNCXR_0169_0,Shenzhen,0,1,True,DWT,50,248832,10694,23.268375,0.343814,39.086,0.941407,37.7966,39.4885,0.917022,0.948093,False,2.8834,2.9198,2.3062,2.6269,0.121671,0.074705
CHNCXR_0169_0,Shenzhen,0,1,True,DWT,70,248832,24010,10.363682,0.771926,42.8446,0.969237,41.4911,43.2715,0.962624,0.971655,False,2.9866,3.031,3.1007,3.2498,0.206866,0.141426
CHNCXR_0169_0,Shenzhen,0,1,True,DWT,90,248832,63193,3.937651,2.031668,48.0525,0.990138,47.7221,48.1413,0.990981,0.990188,False,3.044,3.0905,3.7264,3.758,0.436236,0.350564
CHNCXR_0170_0,Shenzhen,0,3,True,DWT,10,258048,1406,183.533428,0.043589,31.4984,0.850821,29.8894,31.8811,0.715192,0.875246,False,2.0292,2.1443,1.1524,1.6722,0.065975,0.018897
CHNCXR_0170_0,Shenzhen,0,3,True,DWT,20,258048,2641,97.708444,0.081876,33.6166,0.881553,31.3508,34.2157,0.764449,0.90289,False,2.3308,2.392,0.8031,1.4985,0.07864,0.028735
CHNCXR_0170_0,Shenzhen,0,3,True,DWT,30,258048,3830,67.375457,0.118738,35.9579,0.911099,33.0211,36.8293,0.822976,0.927322,False,2.5697,2.6505,1.2328,1.8077,0.089073,0.037085
CHNCXR_0170_0,Shenzhen,0,3,True,DWT,50,258048,8684,29.715339,0.269221,40.4566,0.958043,37.017,41.576,0.921808,0.964851,False,2.8397,2.8843,1.8963,2.2952,0.122224,0.065672
CHNCXR_0170_0,Shenzhen,0,3,True,DWT,70,258048,19595,13.169074,0.607484,44.8708,0.982034,41.5159,45.9454,0.970383,0.984427,False,3.02,3.0779,2.7455,2.9396,0.185484,0.120277
CHNCXR_0170_0,Shenzhen,0,3,True,DWT,90,258048,45095,5.72232,1.398034,49.8137,0.993238,48.0008,50.259,0.993115,0.993349,False,3.1041,3.1489,3.5433,3.5905,0.329212,0.253675
CHNCXR_0171_0,Shenzhen,0,4,True,DWT,10,262144,1627,161.121082,0.049652,30.4256,0.820032,27.9255,31.6067,0.663025,0.864447,False,2.2448,2.2762,1.5627,2.0004,0.068861,0.021083
CHNCXR_0171_0,Shenzhen,0,4,True,DWT,20,262144,3671,71.409425,0.11203,32.271,0.86102,29.6923,33.5092,0.737401,0.895409,False,2.5012,2.571,0.7125,1.4465,0.087916,0.036887
CHNCXR_0171_0,Shenzhen,0,4,True,DWT,30,262144,5722,45.813352,0.174622,34.2849,0.899157,31.417,35.7492,0.806602,0.924925,False,2.6836,2.7546,0.8888,1.5784,0.109811,0.052395
CHNCXR_0171_0,Shenzhen,0,4,True,DWT,50,262144,11661,22.480405,0.355865,38.5382,0.953885,35.3876,40.2519,0.916172,0.965118,False,2.9252,2.9946,1.9573,2.3295,0.141036,0.082584
CHNCXR_0171_0,Shenzhen,0,4,True,DWT,70,262144,26163,10.019646,0.798431,43.1672,0.980418,40.2231,44.6957,0.970938,0.983538,False,3.0505,3.0818,3.0688,3.1716,0.217938,0.158503
CHNCXR_0171_0,Shenzhen,0,4,True,DWT,90,262144,60754,4.314843,1.854065,48.9237,0.993361,47.8191,49.3267,0.994823,0.992996,False,3.0853,3.1265,3.5927,3.6276,0.421669,0.35377
CHNCXR_0172_0,Shenzhen,0,1,True,DWT,10,249856,1774,140.843292,0.056801,30.3313,0.822009,30.8482,30.1055,0.742608,0.857106,False,2.1845,2.2429,1.5189,1.9439,0.063755,0.020052
CHNCXR_0172_0,Shenzhen,0,1,True,DWT,20,249856,3396,73.573616,0.108735,32.036,0.852551,32.4235,31.8632,0.786243,0.881261,False,2.4322,2.4802,0.937,1.5968,0.083589,0.033184
CHNCXR_0172_0,Shenzhen,0,1,True,DWT,30,249856,4856,51.453048,0.155482,34.7517,0.889078,34.0738,35.1153,0.8363,0.913728,False,2.6234,2.6889,1.4346,1.9611,0.090867,0.03858
CHNCXR_0172_0,Shenzhen,0,1,True,DWT,50,249856,10716,23.316163,0.34311,39.4637,0.946778,37.8354,40.5219,0.92128,0.959686,False,2.8446,2.8817,2.2755,2.593,0.125688,0.072686
CHNCXR_0172_0,Shenzhen,0,1,True,DWT,70,249856,23674,10.554026,0.758005,43.7278,0.976322,41.9922,44.883,0.9679,0.980913,False,2.9714,3.0206,3.0206,3.1753,0.207772,0.144234
CHNCXR_0172_0,Shenzhen,0,1,True,DWT,90,249856,55373,4.512235,1.772957,48.8214,0.99164,48.0162,49.2638,0.991629,0.991865,False,3.0075,3.05,3.7169,3.7584,0.40111,0.319869
CHNCXR_0173_0,Shenzhen,0,1,True,DWT,10,231936,1592,145.688442,0.054912,30.5261,0.838531,30.5967,30.5016,0.724822,0.875498,False,2.1858,2.2517,1.2395,1.71,0.061405,0.016496
CHNCXR_0173_0,Shenzhen,0,1,True,DWT,20,231936,2858,81.153254,0.098579,32.7388,0.869144,32.0409,33.0129,0.767089,0.904564,False,2.439,2.5059,1.0224,1.6258,0.070948,0.026386
CHNCXR_0173_0,Shenzhen,0,1,True,DWT,30,231936,4336,53.490775,0.149558,35.2269,0.901275,33.7746,35.8788,0.823208,0.92869,False,2.6352,2.6911,1.3507,1.8738,0.082307,0.035815
CHNCXR_0173_0,Shenzhen,0,1,True,DWT,50,231936,9308,24.91792,0.321054,39.8616,0.951219,37.4036,41.2115,0.914711,0.964767,False,2.8847,2.947,2.1642,2.4871,0.126091,0.067972
CHNCXR_0173_0,Shenzhen,0,1,True,DWT,70,231936,20483,11.323341,0.706505,44.1192,0.978606,41.4989,45.6109,0.965585,0.983674,False,3.0001,3.0556,2.9614,3.1202,0.187938,0.126283
CHNCXR_0173_0,Shenzhen,0,1,True,DWT,90,231936,47086,4.925795,1.624103,49.3028,0.992514,47.9497,49.8991,0.992052,0.992843,False,3.0488,3.0976,3.6578,3.7041,0.338969,0.257926
CHNCXR_0174_0,Shenzhen,0,0,True,DWT,10,228352,1586,143.979823,0.055563,30.3264,0.838697,31.256,30.0653,0.743861,0.8646,False,2.15,2.2231,1.2108,1.6963,0.062005,0.017901
CHNCXR_0174_0,Shenzhen,0,0,True,DWT,20,228352,2925,78.06906,0.102473,32.3965,0.867009,32.5324,32.3537,0.77846,0.892174,False,2.3948,2.4774,0.9721,1.6059,0.076883,0.028726
CHNCXR_0174_0,Shenzhen,0,0,True,DWT,30,228352,4558,50.099166,0.159683,35.103,0.897112,34.1383,35.4652,0.825889,0.918266,False,2.619,2.6658,1.2031,1.7829,0.088941,0.039955
CHNCXR_0174_0,Shenzhen,0,0,True,DWT,50,228352,9378,24.349755,0.328545,39.4815,0.947393,37.5045,40.3724,0.909938,0.959809,False,2.8831,2.9253,2.2036,2.5232,0.119139,0.069124
CHNCXR_0174_0,Shenzhen,0,0,True,DWT,70,228352,21081,10.832124,0.738544,43.8976,0.977022,41.4926,45.0779,0.963002,0.981994,False,3.0129,3.0833,3.012,3.1507,0.19462,0.129748
CHNCXR_0174_0,Shenzhen,0,0,True,DWT,90,228352,48886,4.671112,1.712654,49.1229,0.992119,47.8893,49.6079,0.991441,0.992515,False,3.0889,3.1476,3.656,3.6989,0.336619,0.264332
CHNCXR_0175_0,Shenzhen,0,1,True,DWT,10,238592,1783,133.814919,0.059784,29.5743,0.847277,29.6276,29.5595,0.692141,0.889636,False,2.1482,2.2173,1.3368,1.7761,0.067251,0.02092
CHNCXR_0175_0,Shenzhen,0,1,True,DWT,20,238592,3623,65.854816,0.121479,31.6164,0.877616,31.3175,31.7037,0.7578,0.911316,False,2.4258,2.4665,0.8054,1.475,0.088746,0.037769
CHNCXR_0175_0,Shenzhen,0,1,True,DWT,30,238592,5264,45.325228,0.176502,34.9821,0.909212,33.0215,35.7363,0.820794,0.935285,False,2.6538,2.7214,1.191,1.7486,0.096218,0.045172
CHNCXR_0175_0,Shenzhen,0,1,True,DWT,50,238592,10151,23.504285,0.340363,40.1932,0.957213,37.0392,41.7311,0.921725,0.968107,False,2.9676,3.0212,2.1612,2.472,0.121898,0.071321
CHNCXR_0175_0,Shenzhen,0,1,True,DWT,70,238592,20853,11.441615,0.699202,44.5358,0.981007,41.2637,46.1734,0.969646,0.984707,False,3.1259,3.1699,2.8331,3.0236,0.183616,0.150085
CHNCXR_0175_0,Shenzhen,0,1,True,DWT,90,238592,45649,5.226664,1.530613,49.7034,0.992797,48.0123,50.3232,0.993355,0.992855,False,3.2216,3.2631,3.5589,3.6212,0.314396,0.241409
CHNCXR_0176_0,Shenzhen,0,4,True,DWT,10,257024,1889,136.063526,0.058796,30.0297,0.850562,30.3863,29.9651,0.716347,0.874553,False,2.2057,2.2747,1.3223,1.8046,0.073283,0.021337
CHNCXR_0176_0,Shenzhen,0,4,True,DWT,20,257024,3342,76.907241,0.104021,32.2119,0.879805,31.9821,32.2569,0.764004,0.901058,False,2.4867,2.5625,1.0461,1.6551,0.085884,0.033977
CHNCXR_0176_0,Shenzhen,0,4,True,DWT,30,257024,5310,48.403766,0.165276,35.0753,0.908607,33.4224,35.4752,0.810689,0.927466,False,2.6901,2.7438,1.2067,1.7781,0.100264,0.046918
CHNCXR_0176_0,Shenzhen,0,4,True,DWT,50,257024,10550,24.362464,0.328374,39.9002,0.955899,37.1714,40.6889,0.911943,0.964593,False,2.9178,3.0108,2.2639,2.5542,0.131583,0.090515
CHNCXR_0176_0,Shenzhen,0,4,True,DWT,70,257024,22886,11.230621,0.712338,44.3921,0.98056,41.2669,45.3618,0.965026,0.983817,False,3.0795,3.1296,3.0047,3.1475,0.204734,0.137579
CHNCXR_0176_0,Shenzhen,0,4,True,DWT,90,257024,50709,5.068607,1.578343,49.6378,0.99298,47.9669,50.0432,0.992274,0.993228,False,3.1187,3.1736,3.6564,3.7011,0.359077,0.294282
CHNCXR_0177_0,Shenzhen,0,1,True,DWT,10,259584,1822,142.472009,0.056151,29.9473,0.804505,29.8578,29.994,0.699417,0.857757,False,2.2256,2.2778,1.6021,2.0022,0.069645,0.020675
CHNCXR_0177_0,Shenzhen,0,1,True,DWT,20,259584,3602,72.06663,0.111008,31.9289,0.844554,31.5423,32.1419,0.760009,0.887568,False,2.4767,2.5394,1.0336,1.659,0.085411,0.034573
CHNCXR_0177_0,Shenzhen,0,1,True,DWT,30,259584,5280,49.163636,0.162722,34.5042,0.884578,33.2527,35.3226,0.820067,0.918477,False,2.662,2.7299,1.5223,2.0255,0.098743,0.045131
CHNCXR_0177_0,Shenzhen,0,1,True,DWT,50,259584,11716,22.156367,0.36107,39.0732,0.94537,37.1997,40.4841,0.918719,0.959944,False,2.8581,2.8997,2.3565,2.6569,0.131506,0.08645
CHNCXR_0177_0,Shenzhen,0,1,True,DWT,70,259584,26015,9.978243,0.801744,43.3857,0.975779,41.4537,44.8615,0.96766,0.980507,False,2.9826,3.027,3.1179,3.2521,0.21753,0.156322
CHNCXR_0177_0,Shenzhen,0,1,True,DWT,90,259584,60794,4.269895,1.873582,48.6866,0.991656,47.9144,49.1445,0.992287,0.991538,False,3.0219,3.0617,3.727,3.7672,0.418315,0.327544
CHNCXR_0178_0,Shenzhen,0,3,True,DWT,10,230912,1925,119.954286,0.066692,29.0392,0.81475,30.8681,28.6455,0.761361,0.824938,False,2.1817,2.2475,1.4965,1.9243,0.091023,0.027666
CHNCXR_0178_0,Shenzhen,0,3,True,DWT,20,230912,3415,67.616984,0.118313,31.1376,0.852837,32.6985,30.79,0.806855,0.863155,False,2.4679,2.5446,1.2359,1.797,0.073775,0.031079
CHNCXR_0178_0,Shenzhen,0,3,True,DWT,30,230912,5332,43.306827,0.184728,34.3974,0.889752,34.7381,34.3078,0.857014,0.898393,False,2.6701,2.7281,1.3574,1.9029,0.091448,0.045061
CHNCXR_0178_0,Shenzhen,0,3,True,DWT,50,230912,10523,21.943552,0.364572,39.2795,0.944214,38.4924,39.5245,0.92997,0.948869,False,2.9535,3.0067,2.2872,2.59,0.123613,0.072179
CHNCXR_0178_0,Shenzhen,0,3,True,DWT,70,230912,22658,10.191191,0.784992,43.2689,0.972007,42.4242,43.5343,0.969708,0.973348,False,3.1217,3.1793,3.0645,3.2239,0.195725,0.134202
CHNCXR_0178_0,Shenzhen,0,3,True,DWT,90,230912,56068,4.118428,1.942489,48.3073,0.990437,47.918,48.4212,0.99107,0.990547,False,3.1976,3.2458,3.7503,3.7872,0.372218,0.311936
CHNCXR_0179_0,Shenzhen,0,2,True,DWT,10,257024,1293,198.781129,0.040245,31.69,0.861615,30.1686,32.0912,0.71757,0.891168,False,2.0017,2.1042,1.119,1.653,0.077957,0.017739
CHNCXR_0179_0,Shenzhen,0,2,True,DWT,20,257024,2581,99.583107,0.080335,33.8426,0.888194,31.6475,34.4893,0.766115,0.913398,False,2.3115,2.3457,0.7336,1.456,0.080928,0.029033
CHNCXR_0179_0,Shenzhen,0,2,True,DWT,30,257024,3667,70.091083,0.114137,36.3351,0.915704,33.4105,37.3157,0.823673,0.934524,False,2.5622,2.6458,1.1915,1.7736,0.080858,0.033555
CHNCXR_0179_0,Shenzhen,0,2,True,DWT,50,257024,8348,30.788692,0.259836,40.6257,0.958763,37.2943,41.8326,0.921119,0.966741,False,2.8669,2.9244,1.8456,2.2658,0.113258,0.062313
CHNCXR_0179_0,Shenzhen,0,2,True,DWT,70,257024,18696,13.74754,0.581922,44.9046,0.981657,41.6072,46.0913,0.969285,0.984442,False,3.044,3.0826,2.695,2.8992,0.176791,0.117209
CHNCXR_0179_0,Shenzhen,0,2,True,DWT,90,257024,43809,5.866922,1.363577,49.7559,0.992893,48.0122,50.2325,0.992728,0.993016,False,3.1472,3.1867,3.5135,3.5635,0.313138,0.255863
CHNCXR_0180_0,Shenzhen,0,2,True,DWT,10,215040,1559,137.934573,0.057999,29.8508,0.837374,30.2397,29.7699,0.716098,0.860105,False,2.1482,2.2348,1.2336,1.747,0.058524,0.017713
CHNCXR_0180_0,Shenzhen,0,2,True,DWT,20,215040,2905,74.024096,0.108073,31.884,0.868931,31.5948,31.9501,0.759567,0.890641,False,2.4053,2.4982,0.8919,1.5685,0.069369,0.027753
CHNCXR_0180_0,Shenzhen,0,2,True,DWT,30,215040,4367,49.242043,0.162463,34.8981,0.900964,33.163,35.3934,0.814618,0.919293,False,2.6206,2.69,1.1767,1.7706,0.082191,0.036924
CHNCXR_0180_0,Shenzhen,0,2,True,DWT,50,215040,8934,24.069846,0.332366,39.7576,0.952337,37.2251,40.5864,0.918509,0.960167,False,2.8693,2.9292,2.1858,2.4957,0.107012,0.062243
CHNCXR_0180_0,Shenzhen,0,2,True,DWT,70,215040,19687,10.922944,0.732403,44.261,0.980018,41.5744,45.1651,0.96905,0.98275,False,3.0251,3.0968,3.0092,3.145,0.168301,0.11609
CHNCXR_0180_0,Shenzhen,0,2,True,DWT,90,215040,43985,4.888939,1.636347,49.4477,0.992919,47.9718,49.8517,0.992653,0.993098,False,3.1123,3.1577,3.6685,3.7089,0.306895,0.235729
CHNCXR_0181_0,Shenzhen,0,3,False,DWT,10,256512,1307,196.260138,0.040762,31.3205,0.858616,,,,,,1.9771,2.1019,1.1183,1.648,0.065379,0.017692
CHNCXR_0181_0,Shenzhen,0,3,False,DWT,20,256512,2707,94.758774,0.084425,33.4952,0.890204,,,,,,2.2883,2.3349,0.715,1.4417,0.077375,0.029282
CHNCXR_0181_0,Shenzhen,0,3,False,DWT,30,256512,3751,68.384964,0.116985,36.0603,0.915664,,,,,,2.5331,2.6319,1.192,1.7827,0.083904,0.035906
CHNCXR_0181_0,Shenzhen,0,3,False,DWT,50,256512,8567,29.94187,0.267184,40.6486,0.96078,,,,,,2.8594,2.9313,1.8425,2.2517,0.117241,0.063282
CHNCXR_0181_0,Shenzhen,0,3,False,DWT,70,256512,18835,13.618901,0.587419,44.8956,0.982439,,,,,,3.0162,3.0679,2.6397,2.8563,0.183121,0.125235
CHNCXR_0181_0,Shenzhen,0,3,False,DWT,90,256512,43729,5.865947,1.363804,49.8183,0.993129,,,,,,3.0875,3.152,3.4927,3.5504,0.306885,0.242853
CHNCXR_0182_0,Shenzhen,0,3,False,DWT,10,255488,1380,185.136232,0.043211,31.2302,0.844107,,,,,,2.0869,2.1983,1.2466,1.753,0.07024,0.019823
CHNCXR_0182_0,Shenzhen,0,3,False,DWT,20,255488,2775,92.067748,0.086893,33.0858,0.873072,,,,,,2.3699,2.4514,0.7531,1.4751,0.080393,0.029794
CHNCXR_0182_0,Shenzhen,0,3,False,DWT,30,255488,3934,64.943569,0.123184,35.6071,0.90484,,,,,,2.5986,2.686,1.3369,1.8784,0.087719,0.037192
CHNCXR_0182_0,Shenzhen,0,3,False,DWT,50,255488,9173,27.852175,0.287231,39.8852,0.954113,,,,,,2.8776,2.9375,2.0048,2.3778,0.127829,0.067421
CHNCXR_0182_0,Shenzhen,0,3,False,DWT,70,255488,20953,12.193385,0.656093,44.2492,0.980206,,,,,,3.0437,3.1019,2.8324,2.9943,0.194326,0.129319
CHNCXR_0182_0,Shenzhen,0,3,False,DWT,90,255488,49161,5.196965,1.53936,49.4157,0.992889,,,,,,3.118,3.1481,3.5633,3.6093,0.35068,0.283327
CHNCXR_0183_0,Shenzhen,0,4,False,DWT,10,257536,1448,177.856354,0.04498,30.8554,0.835742,,,,,,2.1306,2.2207,1.4232,1.8637,0.06451,0.019138
CHNCXR_0183_0,Shenzhen,0,4,False,DWT,20,257536,2878,89.484364,0.089401,32.7759,0.865152,,,,,,2.3864,2.4645,0.8786,1.5481,0.077082,0.029677
CHNCXR_0183_0,Shenzhen,0,4,False,DWT,30,257536,4148,62.086789,0.128852,35.1915,0.898127,,,,,,2.6046,2.6613,1.4403,1.9533,0.084121,0.036963
CHNCXR_0183_0,Shenzhen,0,4,False,DWT,50,257536,9847,26.153752,0.305883,39.4276,0.949134,,,,,,2.8645,2.9151,2.1429,2.4733,0.127997,0.070414
CHNCXR_0183_0,Shenzhen,0,4,False,DWT,70,257536,23138,11.130435,0.71875,43.8133,0.977842,,,,,,2.9808,3.0394,2.9914,3.1232,0.204632,0.143386
CHNCXR_0183_0,Shenzhen,0,4,False,DWT,90,257536,54472,4.72786,1.692097,49.1386,0.992365,,,,,,3.071,3.1235,3.6349,3.6699,0.382199,0.302218
CHNCXR_0184_0,Shenzhen,0,0,False,DWT,10,257536,1495,172.264883,0.04644,31.057,0.856344,,,,,,2.1144,2.1821,1.293,1.7609,0.069071,0.019926
CHNCXR_0184_0,Shenzhen,0,0,False,DWT,20,257536,2918,88.257711,0.090644,33.0925,0.883736,,,,,,2.3789,2.4259,0.8506,1.5346,0.082787,0.03103
CHNCXR_0184_0,Shenzhen,0,0,False,DWT,30,257536,4692,54.888321,0.14575,35.7995,0.913625,,,,,,2.5729,2.6304,0.9866,1.6326,0.104121,0.044822
CHNCXR_0184_0,Shenzhen,0,0,False,DWT,50,257536,9390,27.426624,0.291687,40.1194,0.956532,,,,,,2.831,2.885,2.0672,2.418,0.125336,0.067076
CHNCXR_0184_0,Shenzhen,0,0,False,DWT,70,257536,20973,12.279407,0.651497,44.3671,0.980165,,,,,,2.9533,3.0093,2.857,3.0207,0.19516,0.128729
CHNCXR_0184_0,Shenzhen,0,0,False,DWT,90,257536,49098,5.245346,1.525162,49.3722,0.992489,,,,,,2.9968,3.0355,3.5984,3.6414,0.355632,0.330093
CHNCXR_0185_0,Shenzhen,0,3,False,DWT,10,249856,1357,184.123803,0.043449,31.3561,0.84805,,,,,,2.015,2.1333,1.1619,1.6864,0.061918,0.015479
CHNCXR_0185_0,Shenzhen,0,3,False,DWT,20,249856,2660,93.930827,0.085169,33.2667,0.875652,,,,,,2.3055,2.3746,0.7701,1.484,0.073613,0.028591
CHNCXR_0185_0,Shenzhen,0,3,False,DWT,30,249856,3765,66.362815,0.120549,35.8054,0.90494,,,,,,2.5522,2.646,1.2358,1.8014,0.085479,0.032471
CHNCXR_0185_0,Shenzhen,0,3,False,DWT,50,249856,8791,28.421795,0.281474,40.1487,0.953774,,,,,,2.8288,2.9119,1.9119,2.306,0.115939,0.065574
CHNCXR_0185_0,Shenzhen,0,3,False,DWT,70,249856,19939,12.53102,0.638416,44.3735,0.979688,,,,,,2.9866,3.0405,2.7483,2.9362,0.185529,0.129369
CHNCXR_0185_0,Shenzhen,0,3,False,DWT,90,249856,47243,5.288741,1.512647,49.4701,0.992566,,,,,,3.0706,3.1206,3.5484,3.598,0.338118,0.26011
CHNCXR_0186_0,Shenzhen,0,1,False,DWT,10,225792,1511,149.432164,0.053536,30.2555,0.850846,,,,,,2.0837,2.1745,1.4032,1.8052,0.060504,0.017403
CHNCXR_0186_0,Shenzhen,0,1,False,DWT,20,225792,2899,77.886168,0.102714,32.1038,0.876478,,,,,,2.3584,2.4288,1.0574,1.642,0.072201,0.027111
CHNCXR_0186_0,Shenzhen,0,1,False,DWT,30,225792,4590,49.192157,0.162628,35.0768,0.90484,,,,,,2.5893,2.6484,1.1957,1.7725,0.086973,0.040991
CHNCXR_0186_0,Shenzhen,0,1,False,DWT,50,225792,9223,24.481405,0.326779,40.2615,0.953537,,,,,,2.8456,2.8863,2.1527,2.5043,0.113698,0.062489
CHNCXR_0186_0,Shenzhen,0,1,False,DWT,70,225792,19478,11.592155,0.690122,44.4634,0.979253,,,,,,2.9874,3.0538,2.887,3.0728,0.172216,0.117197
CHNCXR_0186_0,Shenzhen,0,1,False,DWT,90,225792,43932,5.139579,1.556548,49.4762,0.992398,,,,,,3.0386,3.0911,3.6322,3.6853,0.364815,0.244123
CHNCXR_0187_0,Shenzhen,0,4,False,DWT,10,208384,1529,136.28777,0.058699,30.0851,0.825023,,,,,,2.1929,2.2611,1.2733,1.7674,0.060096,0.01613
CHNCXR_0187_0,Shenzhen,0,4,False,DWT,20,208384,2747,75.858755,0.105459,32.1445,0.858839,,,,,,2.4366,2.4898,1.0126,1.6347,0.064716,0.024069
CHNCXR_0187_0,Shenzhen,0,4,False,DWT,30,208384,4108,50.726388,0.157709,34.9291,0.892014,,,,,,2.6253,2.6907,1.3908,1.9203,0.072302,0.031784
CHNCXR_0187_0,Shenzhen,0,4,False,DWT,50,208384,8972,23.226037,0.344441,39.5081,0.948262,,,,,,2.8677,2.9222,2.2798,2.5979,0.107015,0.058884
CHNCXR_0187_0,Shenzhen,0,4,False,DWT,70,208384,19776,10.537217,0.759214,43.8663,0.977924,,,,,,2.973,3.0444,3.0609,3.2003,0.166867,0.115656
CHNCXR_0187_0,Shenzhen,0,4,False,DWT,90,208384,45067,4.623871,1.730152,49.144,0.992533,,,,,,3.0288,3.0852,3.6732,3.7117,0.310631,0.249031
CHNCXR_0188_0,Shenzhen,0,2,False,DWT,10,261632,1555,168.25209,0.047548,31.2453,0.831096,,,,,,2.1838,2.2299,1.2883,1.8018,0.066259,0.019178
CHNCXR_0188_0,Shenzhen,0,2,False,DWT,20,261632,3478,75.224842,0.106348,33.0046,0.866265,,,,,,2.4488,2.544,0.6237,1.3844,0.092322,0.037109
CHNCXR_0188_0,Shenzhen,0,2,False,DWT,30,261632,5347,48.930615,0.163497,34.9492,0.90224,,,,,,2.6406,2.7755,0.7829,1.5019,0.106616,0.052264
CHNCXR_0188_0,Shenzhen,0,2,False,DWT,50,261632,10641,24.587163,0.325373,39.303,0.954499,,,,,,2.9397,3.0424,1.8115,2.2179,0.136919,0.079972
CHNCXR_0188_0,Shenzhen,0,2,False,DWT,70,261632,23398,11.18181,0.715448,43.5726,0.979568,,,,,,3.1123,3.1566,2.9344,3.0649,0.205721,0.14297
CHNCXR_0188_0,Shenzhen,0,2,False,DWT,90,261632,56358,4.642322,1.723275,48.944,0.992813,,,,,,3.1846,3.2276,3.5958,3.6306,0.397381,0.318522
CHNCXR_0189_0,Shenzhen,0,0,False,DWT,10,235520,1727,136.375217,0.058662,30.5658,0.811165,,,,,,2.2738,2.3721,0.8955,1.5466,0.075453,0.020441
CHNCXR_0189_0,Shenzhen,0,0,False,DWT,20,235520,3419,68.885639,0.116135,32.3653,0.850185,,,,,,2.51,2.5993,0.6447,1.4046,0.081986,0.033787
CHNCXR_0189_0,Shenzhen,0,0,False,DWT,30,235520,4715,49.95122,0.160156,34.1902,0.887286,,,,,,2.7,2.7929,1.1244,1.7384,0.089883,0.039994
CHNCXR_0189_0,Shenzhen,0,0,False,DWT,50,235520,10700,22.011215,0.363451,38.4015,0.946226,,,,,,2.9661,3.0522,1.9991,2.3625,0.128647,0.074966
CHNCXR_0189_0,Shenzhen,0,0,False,DWT,70,235520,24287,9.697369,0.824966,42.7568,0.976677,,,,,,3.105,3.1431,3.1343,3.2335,0.204493,0.14653
CHNCXR_0189_0,Shenzhen,0,0,False,DWT,90,235520,58742,4.009397,1.995313,48.5398,0.992737,,,,,,3.1852,3.2197,3.6334,3.6664,0.40189,0.324417
CHNCXR_0190_0,Shenzhen,0,0,False,DWT,10,256512,1351,189.868246,0.042134,31.4004,0.851201,,,,,,2.0202,2.1427,1.2281,1.7116,0.069027,0.018521
CHNCXR_0190_0,Shenzhen,0,0,False,DWT,20,256512,2692,95.286776,0.083957,33.463,0.878819,,,,,,2.3199,2.3719,0.7693,1.4742,0.08024,0.028986
CHNCXR_0190_0,Shenzhen,0,0,False,DWT,30,256512,3859,66.471107,0.120353,35.7456,0.905781,,,,,,2.5613,2.6397,1.2298,1.803,0.084965,0.035886
CHNCXR_0190_0,Shenzhen,0,0,False,DWT,50,256512,8892,28.847503,0.27732,40.1506,0.954232,,,,,,2.8697,2.9259,1.9378,2.3274,0.120597,0.067954
CHNCXR_0190_0,Shenzhen,0,0,False,DWT,70,256512,20274,12.652264,0.632298,44.3445,0.979722,,,,,,3.028,3.0787,2.7824,2.9571,0.195445,0.128706
CHNCXR_0190_0,Shenzhen,0,0,False,DWT,90,256512,48398,5.300054,1.509419,49.3822,0.992482,,,,,,3.1073,3.1566,3.551,3.5945,0.347914,0.279027
CHNCXR_0191_0,Shenzhen,0,0,False,DWT,10,257536,1472,174.956522,0.045726,30.6507,0.824732,,,,,,2.1435,2.2392,1.3747,1.8458,0.067261,0.018757
CHNCXR_0191_0,Shenzhen,0,0,False,DWT,20,257536,2858,90.110567,0.08878,32.7989,0.863006,,,,,,2.4118,2.4869,0.9528,1.6116,0.079762,0.030305
CHNCXR_0191_0,Shenzhen,0,0,False,DWT,30,257536,4195,61.39118,0.130312,35.1647,0.896966,,,,,,2.621,2.686,1.4115,1.9349,0.087847,0.036512
CHNCXR_0191_0,Shenzhen,0,0,False,DWT,50,257536,9806,26.263104,0.30461,39.5789,0.950947,,,,,,2.8835,2.9622,2.0838,2.434,0.122837,0.0697
CHNCXR_0191_0,Shenzhen,0,0,False,DWT,70,257536,22602,11.39439,0.7021,43.9303,0.979105,,,,,,3.026,3.0802,2.9586,3.0988,0.203928,0.138804
CHNCXR_0191_0,Shenzhen,0,0,False,DWT,90,257536,52760,4.881274,1.638917,49.2796,0.99284,,,,,,3.0906,3.1373,3.5949,3.632,0.370053,0.291608
CHNCXR_0192_0,Shenzhen,0,2,False,DWT,10,261632,1410,185.55461,0.043114,30.9589,0.839885,,,,,,2.233,2.2677,2.467,2.637,0.065242,0.017207
CHNCXR_0192_0,Shenzhen,0,2,False,DWT,20,261632,2240,116.8,0.068493,32.6702,0.876033,,,,,,2.4848,2.5941,2.8344,2.9478,0.068289,0.022479
CHNCXR_0192_0,Shenzhen,0,2,False,DWT,30,261632,5506,47.517617,0.168359,34.7589,0.910245,,,,,,2.6904,2.7978,0.8397,1.541,0.106425,0.053124
CHNCXR_0192_0,Shenzhen,0,2,False,DWT,50,261632,10959,23.873711,0.335097,39.2732,0.959674,,,,,,2.9489,3.0525,1.8482,2.251,0.137914,0.079943
CHNCXR_0192_0,Shenzhen,0,2,False,DWT,70,261632,23730,11.025369,0.725599,43.8028,0.982612,,,,,,3.1149,3.159,2.9682,3.097,0.204968,0.1453
CHNCXR_0192_0,Shenzhen,0,2,False,DWT,90,261632,55014,4.755735,1.68218,49.2317,0.993692,,,,,,3.1717,3.2052,3.6046,3.6453,0.385073,0.301372
CHNCXR_0193_0,Shenzhen,0,2,False,DWT,10,252928,1577,160.385542,0.04988,30.6995,0.812983,,,,,,2.2311,2.3254,1.4374,1.904,0.06533,0.016964
CHNCXR_0193_0,Shenzhen,0,2,False,DWT,20,252928,2612,96.833078,0.082616,32.4268,0.851295,,,,,,2.4826,2.5746,1.4978,1.9829,0.071612,0.023882
CHNCXR_0193_0,Shenzhen,0,2,False,DWT,30,252928,4963,50.962724,0.156977,34.391,0.890904,,,,,,2.6857,2.7929,1.0967,1.7102,0.097201,0.043583
CHNCXR_0193_0,Shenzhen,0,2,False,DWT,50,252928,11166,22.651621,0.353176,38.6226,0.947139,,,,,,2.9541,3.0563,1.9602,2.3295,0.136745,0.07957
CHNCXR_0193_0,Shenzhen,0,2,False,DWT,70,252928,25354,9.975862,0.801936,42.7719,0.976165,,,,,,3.1209,3.1643,3.0924,3.1978,0.217344,0.15221
CHNCXR_0193_0,Shenzhen,0,2,False,DWT,90,252928,62540,4.04426,1.978112,48.5067,0.992501,,,,,,3.194,3.2365,3.6186,3.6525,0.429759,0.346005
CHNCXR_0194_0,Shenzhen,0,3,False,DWT,10,262144,1365,192.046886,0.041656,31.2417,0.842997,,,,,,2.1982,2.2199,2.514,2.6657,0.065056,0.016993
CHNCXR_0194_0,Shenzhen,0,3,False,DWT,20,262144,3432,76.382284,0.104736,33.0281,0.876408,,,,,,2.4865,2.5586,0.6222,1.3885,0.08945,0.037791
CHNCXR_0194_0,Shenzhen,0,3,False,DWT,30,262144,5342,49.072258,0.163025,34.9649,0.907041,,,,,,2.6923,2.784,0.7927,1.5132,0.107921,0.049332
CHNCXR_0194_0,Shenzhen,0,3,False,DWT,50,262144,10583,24.770292,0.322968,39.3023,0.95544,,,,,,2.942,3.0579,1.8293,2.2282,0.135834,0.076005
CHNCXR_0194_0,Shenzhen,0,3,False,DWT,70,262144,23526,11.142736,0.717957,43.6431,0.980327,,,,,,3.1362,3.1759,2.9717,3.1018,0.210016,0.146165
CHNCXR_0194_0,Shenzhen,0,3,False,DWT,90,262144,55535,4.720339,1.694794,49.1186,0.993185,,,,,,3.1814,3.2245,3.5844,3.6209,0.394747,0.314209
CHNCXR_0195_0,Shenzhen,0,2,False,DWT,10,261632,1395,187.549821,0.042655,30.562,0.819087,,,,,,2.2026,2.2523,2.1687,2.404,0.066969,0.016733
CHNCXR_0195_0,Shenzhen,0,2,False,DWT,20,261632,3026,86.461335,0.092527,32.3892,0.860099,,,,,,2.4809,2.5702,1.0083,1.6243,0.080016,0.030952
CHNCXR_0195_0,Shenzhen,0,2,False,DWT,30,261632,5410,48.360813,0.165423,34.3258,0.897177,,,,,,2.6898,2.8032,0.9169,1.5841,0.103031,0.050639
CHNCXR_0195_0,Shenzhen,0,2,False,DWT,50,261632,11371,23.008706,0.347694,38.656,0.952398,,,,,,2.9349,3.0409,1.9546,2.3237,0.141874,0.082533
CHNCXR_0195_0,Shenzhen,0,2,False,DWT,70,261632,25547,10.241202,0.781158,43.2057,0.979509,,,,,,3.0988,3.162,3.0858,3.1978,0.219201,0.15315
CHNCXR_0195_0,Shenzhen,0,2,False,DWT,90,261632,59812,4.374239,1.828889,48.945,0.993185,,,,,,3.1531,3.2045,3.5902,3.6273,0.416288,0.326825
CHNCXR_0196_0,Shenzhen,0,3,False,DWT,10,262144,1483,176.766015,0.045258,31.2137,0.834605,,,,,,2.1944,2.2431,1.4111,1.8859,0.066503,0.019191
CHNCXR_0196_0,Shenzhen,0,3,False,DWT,20,262144,3456,75.851852,0.105469,32.9825,0.873787,,,,,,2.4535,2.5687,0.6198,1.3827,0.089464,0.038118
CHNCXR_0196_0,Shenzhen,0,3,False,DWT,30,262144,5361,48.89834,0.163605,34.9494,0.907109,,,,,,2.6511,2.7847,0.7901,1.511,0.106874,0.051424
CHNCXR_0196_0,Shenzhen,0,3,False,DWT,50,262144,10626,24.670055,0.32428,39.4711,0.957325,,,,,,2.9358,3.0394,1.8037,2.2159,0.135364,0.080194
CHNCXR_0196_0,Shenzhen,0,3,False,DWT,70,262144,23213,11.292982,0.708405,43.8283,0.981149,,,,,,3.0813,3.1258,2.9464,3.082,0.206186,0.140836
CHNCXR_0196_0,Shenzhen,0,3,False,DWT,90,262144,54459,4.813603,1.661957,49.1181,0.993142,,,,,,3.1321,3.1821,3.5928,3.6287,0.379006,0.313863
CHNCXR_0197_0,Shenzhen,0,0,False,DWT,10,257024,1457,176.406314,0.04535,31.6549,0.864104,,,,,,2.0306,2.1651,0.8844,1.4946,0.06977,0.019433
CHNCXR_0197_0,Shenzhen,0,0,False,DWT,20,257024,2599,98.893421,0.080895,33.6607,0.888733,,,,,,2.3335,2.3696,0.7316,1.4454,0.0789,0.028707
CHNCXR_0197_0,Shenzhen,0,0,False,DWT,30,257024,3683,69.786587,0.114635,36.1915,0.915771,,,,,,2.5724,2.6551,1.2127,1.7796,0.084094,0.034262
CHNCXR_0197_0,Shenzhen,0,0,False,DWT,50,257024,8434,30.474745,0.262512,40.5906,0.959327,,,,,,2.9085,2.9776,1.8628,2.2707,0.119393,0.063836
CHNCXR_0197_0,Shenzhen,0,0,False,DWT,70,257024,18748,13.709409,0.583541,44.9604,0.982325,,,,,,3.0573,3.091,2.6941,2.8967,0.181718,0.11891
CHNCXR_0197_0,Shenzhen,0,0,False,DWT,90,257024,43272,5.93973,1.346863,49.9451,0.99321,,,,,,3.1584,3.2014,3.5106,3.5608,0.319355,0.241332
CHNCXR_0198_0,Shenzhen,0,1,False,DWT,10,261120,1416,184.40678,0.043382,30.853,0.829322,,,,,,2.2223,2.2523,2.5629,2.6865,0.066325,0.017366
CHNCXR_0198_0,Shenzhen,0,1,False,DWT,20,261120,3040,85.894737,0.093137,32.6771,0.868434,,,,,,2.4911,2.5748,1.0294,1.6567,0.080476,0.031572
CHNCXR_0198_0,Shenzhen,0,1,False,DWT,30,261120,5588,46.728704,0.171201,34.6123,0.902265,,,,,,2.6846,2.7785,0.8608,1.5577,0.107976,0.053753
CHNCXR_0198_0,Shenzhen,0,1,False,DWT,50,261120,11175,23.366443,0.342371,38.9746,0.954837,,,,,,2.9485,3.0417,1.9041,2.2882,0.141309,0.081461
CHNCXR_0198_0,Shenzhen,0,1,False,DWT,70,261120,24770,10.541784,0.758885,43.4443,0.980633,,,,,,3.0969,3.1397,3.0228,3.1379,0.217396,0.151071
CHNCXR_0198_0,Shenzhen,0,1,False,DWT,90,261120,57995,4.502457,1.776808,49.0098,0.99339,,,,,,3.1445,3.1952,3.5997,3.6348,0.406461,0.322926
CHNCXR_0199_0,Shenzhen,0,3,False,DWT,10,257536,1761,146.244179,0.054703,30.1979,0.836568,,,,,,2.1355,2.2176,1.1697,1.6852,0.071241,0.021298
CHNCXR_0199_0,Shenzhen,0,3,False,DWT,20,257536,3178,81.03713,0.09872,32.1972,0.867534,,,,,,2.3775,2.4244,1.0065,1.6353,0.082845,0.032029
CHNCXR_0199_0,Shenzhen,0,3,False,DWT,30,257536,4924,52.302193,0.152957,35.2512,0.902612,,,,,,2.5703,2.6343,1.2736,1.8416,0.096724,0.044048
CHNCXR_0199_0,Shenzhen,0,3,False,DWT,50,257536,10542,24.42952,0.327473,40.0725,0.954257,,,,,,2.8293,2.8819,2.1613,2.5026,0.132208,0.081258
CHNCXR_0199_0,Shenzhen,0,3,False,DWT,70,257536,22246,11.576733,0.691041,44.5057,0.979829,,,,,,2.9428,2.9907,2.8522,3.0507,0.194245,0.131579
CHNCXR_0199_0,Shenzhen,0,3,False,DWT,90,257536,50350,5.114916,1.564053,49.4401,0.992483,,,,,,3.0028,3.0594,3.6658,3.7169,0.352076,0.275311
CHNCXR_0200_0,Shenzhen,0,2,False,DWT,10,261632,1445,181.060208,0.044184,30.7568,0.82473,,,,,,2.2314,2.2608,2.4775,2.6197,0.067279,0.017856
CHNCXR_0200_0,Shenzhen,0,2,False,DWT,20,261632,2959,88.41906,0.090478,32.4093,0.8612,,,,,,2.4951,2.5957,1.0849,1.7036,0.078832,0.029017
CHNCXR_0200_0,Shenzhen,0,2,False,DWT,30,261632,5585,46.845479,0.170774,34.293,0.896001,,,,,,2.6914,2.7747,0.8625,1.5588,0.107473,0.05216
CHNCXR_0200_0,Shenzhen,0,2,False,DWT,50,261632,11438,22.873929,0.349743,38.673,0.952136,,,,,,2.9265,2.9877,1.9506,2.3208,0.145689,0.083274
CHNCXR_0200_0,Shenzhen,0,2,False,DWT,70,261632,25861,10.116855,0.79076,43.2,0.979599,,,,,,3.0589,3.1011,3.0778,3.1804,0.220193,0.153238
CHNCXR_0200_0,Shenzhen,0,2,False,DWT,90,261632,60561,4.32014,1.851792,48.8687,0.993226,,,,,,3.1038,3.1427,3.5962,3.6292,0.41837,0.339036
CHNCXR_0201_0,Shenzhen,0,1,False,DWT,10,260096,1972,131.894523,0.060655,29.9016,0.822696,,,,,,2.1953,2.2685,1.2307,1.7677,0.071985,0.023248
CHNCXR_0201_0,Shenzhen,0,1,False,DWT,20,260096,3500,74.313143,0.107653,31.7664,0.853898,,,,,,2.4238,2.5039,1.0544,1.6649,0.085022,0.035004
CHNCXR_0201_0,Shenzhen,0,1,False,DWT,30,260096,5636,46.149042,0.173351,34.3855,0.884533,,,,,,2.6047,2.6806,1.1556,1.7619,0.100738,0.051496
CHNCXR_0201_0,Shenzhen,0,1,False,DWT,50,260096,11321,22.974649,0.34821,38.7571,0.93443,,,,,,2.8177,2.858,2.2488,2.5686,0.134384,0.078051
CHNCXR_0201_0,Shenzhen,0,1,False,DWT,70,260096,26280,9.897108,0.808317,42.2895,0.965179,,,,,,2.9118,2.9691,3.1573,3.2862,0.219716,0.155044
CHNCXR_0201_0,Shenzhen,0,1,False,DWT,90,260096,70446,3.692133,2.166769,47.9756,0.990108,,,,,,2.9516,2.983,3.6215,3.6588,0.484534,0.394107
CHNCXR_0202_0,Shenzhen,0,0,False,DWT,10,220160,1777,123.894204,0.064571,29.8797,0.84771,,,,,,2.0651,2.1685,0.8457,1.4789,0.061869,0.020301
CHNCXR_0202_0,Shenzhen,0,0,False,DWT,20,220160,2943,74.808019,0.10694,31.92,0.874262,,,,,,2.3385,2.3916,0.8457,1.5223,0.074429,0.030148
CHNCXR_0202_0,Shenzhen,0,0,False,DWT,30,220160,4240,51.924528,0.15407,34.7964,0.900112,,,,,,2.5563,2.6075,1.1917,1.7764,0.080751,0.037864
CHNCXR_0202_0,Shenzhen,0,0,False,DWT,50,220160,9042,24.348595,0.328561,39.7138,0.942117,,,,,,2.8487,2.9023,1.7856,2.2406,0.114038,0.069904
CHNCXR_0202_0,Shenzhen,0,0,False,DWT,70,220160,19445,11.322191,0.706577,43.0799,0.966919,,,,,,2.9922,3.0403,2.9385,3.1213,0.171248,0.11865
CHNCXR_0202_0,Shenzhen,0,0,False,DWT,90,220160,53516,4.11391,1.944622,48.0614,0.988909,,,,,,3.0743,3.1317,3.7078,3.7393,0.372489,0.300782
CHNCXR_0203_0,Shenzhen,0,1,False,DWT,10,261632,1381,189.451122,0.042227,30.9151,0.8316,,,,,,2.1973,2.2508,2.3822,2.5717,0.065434,0.017755
CHNCXR_0203_0,Shenzhen,0,1,False,DWT,20,261632,3020,86.633113,0.092343,32.7624,0.869279,,,,,,2.4532,2.5841,0.9795,1.6095,0.079458,0.032919
CHNCXR_0203_0,Shenzhen,0,1,False,DWT,30,261632,5289,49.467196,0.161723,34.5846,0.902218,,,,,,2.6548,2.794,0.8598,1.5563,0.106855,0.051284
CHNCXR_0203_0,Shenzhen,0,1,False,DWT,50,261632,10976,23.836735,0.335616,38.9826,0.955138,,,,,,2.9262,2.9807,1.8929,2.2794,0.137109,0.078246
CHNCXR_0203_0,Shenzhen,0,1,False,DWT,70,261632,24383,10.730099,0.745566,43.4743,0.980552,,,,,,3.0863,3.1327,3.0155,3.1432,0.210323,0.145923
CHNCXR_0203_0,Shenzhen,0,1,False,DWT,90,261632,57434,4.55535,1.756177,49.0009,0.993209,,,,,,3.1389,3.1829,3.601,3.6366,0.40536,0.334512
CHNCXR_0204_0,Shenzhen,0,3,False,DWT,10,261632,1528,171.225131,0.046722,30.1758,0.804818,,,,,,2.2438,2.358,2.3036,2.5193,0.068303,0.018161
CHNCXR_0204_0,Shenzhen,0,3,False,DWT,20,261632,3190,82.016301,0.097542,32.0758,0.851107,,,,,,2.4881,2.5918,1.0709,1.6743,0.083624,0.032195
CHNCXR_0204_0,Shenzhen,0,3,False,DWT,30,261632,5673,46.118808,0.173465,33.9394,0.891134,,,,,,2.6785,2.7701,0.9695,1.6289,0.105876,0.055006
CHNCXR_0204_0,Shenzhen,0,3,False,DWT,50,261632,12120,21.586799,0.370597,38.4106,0.951003,,,,,,2.9374,3.0201,2.0355,2.3866,0.151427,0.091476
CHNCXR_0204_0,Shenzhen,0,3,False,DWT,70,261632,27158,9.633699,0.830418,42.9966,0.979515,,,,,,3.0629,3.1003,3.1251,3.2263,0.23327,0.173739
CHNCXR_0204_0,Shenzhen,0,3,False,DWT,90,261632,63174,4.141451,1.93169,48.8074,0.993428,,,,,,3.1381,3.1728,3.6165,3.652,0.442701,0.364994
CHNCXR_0205_0,Shenzhen,0,2,False,DWT,10,258560,1812,142.693157,0.056064,30.5732,0.843796,,,,,,2.1751,2.2585,1.2967,1.7978,0.070877,0.020214
CHNCXR_0205_0,Shenzhen,0,2,False,DWT,20,258560,3167,81.641932,0.097989,32.4293,0.871618,,,,,,2.4194,2.4421,0.9972,1.6311,0.082806,0.03291
CHNCXR_0205_0,Shenzhen,0,2,False,DWT,30,258560,4867,53.125128,0.150588,35.0705,0.901867,,,,,,2.6148,2.6481,1.302,1.8449,0.09863,0.043836
CHNCXR_0205_0,Shenzhen,0,2,False,DWT,50,258560,10007,25.837913,0.309623,39.5925,0.945006,,,,,,2.8518,2.8951,2.1208,2.461,0.129363,0.073704
CHNCXR_0205_0,Shenzhen,0,2,False,DWT,70,258560,22741,11.369773,0.70362,43.3577,0.971109,,,,,,2.9348,2.9869,2.9291,3.092,0.208617,0.140798
CHNCXR_0205_0,Shenzhen,0,2,False,DWT,90,258560,60227,4.293091,1.863459,48.1799,0.989698,,,,,,3.0011,3.044,3.7021,3.7333,0.421622,0.344325
CHNCXR_0206_0,Shenzhen,0,0,False,DWT,10,232448,1450,160.308966,0.049904,30.6715,0.855301,,,,,,2.0806,2.1936,1.2823,1.7699,0.061554,0.017443
CHNCXR_0206_0,Shenzhen,0,0,False,DWT,20,232448,2630,88.38327,0.090515,32.5683,0.881829,,,,,,2.3762,2.4141,0.9202,1.5629,0.075818,0.026875
CHNCXR_0206_0,Shenzhen,0,0,False,DWT,30,232448,4074,57.056456,0.140212,35.5817,0.912128,,,,,,2.6213,2.6843,1.2593,1.7991,0.085574,0.036918
CHNCXR_0206_0,Shenzhen,0,0,False,DWT,50,232448,8668,26.816797,0.29832,40.1722,0.955424,,,,,,2.917,2.9714,1.994,2.3668,0.113509,0.064026
CHNCXR_0206_0,Shenzhen,0,0,False,DWT,70,232448,19078,12.184086,0.656594,44.5719,0.979025,,,,,,3.0846,3.1347,2.833,3.0086,0.182745,0.122028
CHNCXR_0206_0,Shenzhen,0,0,False,DWT,90,232448,44655,5.205419,1.53686,49.0787,0.991374,,,,,,3.1733,3.2323,3.6443,3.6866,0.319077,0.260215
CHNCXR_0207_0,Shenzhen,0,4,False,DWT,10,262144,1388,188.864553,0.042358,30.8351,0.831259,,,,,,2.2166,2.2639,2.4547,2.6096,0.067397,0.018944
CHNCXR_0207_0,Shenzhen,0,4,False,DWT,20,262144,2827,92.728688,0.086273,32.6885,0.871609,,,,,,2.4772,2.5841,1.0707,1.6861,0.079084,0.028167
CHNCXR_0207_0,Shenzhen,0,4,False,DWT,30,262144,5385,48.680409,0.164337,34.7375,0.90661,,,,,,2.6727,2.7986,0.8937,1.575,0.105772,0.051208
CHNCXR_0207_0,Shenzhen,0,4,False,DWT,50,262144,10927,23.990482,0.333466,39.028,0.955984,,,,,,2.9438,3.0494,1.8466,2.2444,0.141491,0.102815
CHNCXR_0207_0,Shenzhen,0,4,False,DWT,70,262144,24339,10.770533,0.742767,43.5424,0.980892,,,,,,3.0949,3.1366,3.0108,3.1342,0.215797,0.145582
CHNCXR_0207_0,Shenzhen,0,4,False,DWT,90,262144,56825,4.613181,1.734161,49.1456,0.99346,,,,,,3.1623,3.2022,3.579,3.616,0.400452,0.314685
CHNCXR_0208_0,Shenzhen,0,2,False,DWT,10,241664,1730,139.690173,0.05727,29.8646,0.817489,,,,,,2.2415,2.3129,1.6412,2.0581,0.062502,0.017402
CHNCXR_0208_0,Shenzhen,0,2,False,DWT,20,241664,3269,73.925971,0.108216,31.8394,0.851411,,,,,,2.4738,2.5605,1.0802,1.7089,0.079779,0.029764
CHNCXR_0208_0,Shenzhen,0,2,False,DWT,30,241664,4808,50.262895,0.159163,34.4509,0.888129,,,,,,2.6694,2.7206,1.5857,2.0787,0.088005,0.037829
CHNCXR_0208_0,Shenzhen,0,2,False,DWT,50,241664,10873,22.226065,0.359938,39.2763,0.948564,,,,,,2.867,2.9134,2.3824,2.6785,0.124424,0.071674
CHNCXR_0208_0,Shenzhen,0,2,False,DWT,70,241664,23878,10.120781,0.790453,43.6894,0.977737,,,,,,2.9656,3.0041,3.114,3.2489,0.199663,0.141249
CHNCXR_0208_0,Shenzhen,0,2,False,DWT,90,241664,53865,4.486475,1.783137,49.0841,0.992565,,,,,,3.0098,3.0498,3.703,3.7438,0.369882,0.298151
CHNCXR_0209_0,Shenzhen,0,3,False,DWT,10,261120,1332,196.036036,0.040809,31.153,0.826712,,,,,,2.186,2.2253,2.0496,2.3099,0.06668,0.016622
CHNCXR_0209_0,Shenzhen,0,3,False,DWT,20,261120,2815,92.760213,0.086244,32.8584,0.865687,,,,,,2.4501,2.5486,1.017,1.6471,0.08336,0.028276
CHNCXR_0209_0,Shenzhen,0,3,False,DWT,30,261120,5368,48.643815,0.164461,34.8255,0.900464,,,,,,2.651,2.7878,0.8157,1.5212,0.106344,0.051979
CHNCXR_0209_0,Shenzhen,0,3,False,DWT,50,261120,10754,24.281198,0.329473,39.1351,0.954118,,,,,,2.9163,2.966,1.839,2.2428,0.139684,0.0773
CHNCXR_0209_0,Shenzhen,0,3,False,DWT,70,261120,24038,10.862801,0.736458,43.5266,0.979905,,,,,,3.083,3.1242,3.0036,3.131,0.210756,0.148088
CHNCXR_0209_0,Shenzhen,0,3,False,DWT,90,261120,56688,4.606266,1.736765,48.9942,0.992937,,,,,,3.1266,3.1782,3.5907,3.6264,0.397001,0.320079
CHNCXR_0210_0,Shenzhen,0,0,False,DWT,10,262144,1411,185.785967,0.04306,31.032,0.837701,,,,,,2.2184,2.341,2.5603,2.6981,0.066066,0.01663
CHNCXR_0210_0,Shenzhen,0,0,False,DWT,20,262144,3499,74.919691,0.106781,32.7754,0.871994,,,,,,2.4827,2.5818,0.6405,1.4046,0.087421,0.038298
CHNCXR_0210_0,Shenzhen,0,0,False,DWT,30,262144,5432,48.259205,0.165771,34.7551,0.906181,,,,,,2.7094,2.8279,0.8164,1.5277,0.103919,0.051619
CHNCXR_0210_0,Shenzhen,0,0,False,DWT,50,262144,10865,24.127382,0.331573,39.1595,0.957071,,,,,,2.9714,3.0409,1.8526,2.2484,0.134488,0.08014
CHNCXR_0210_0,Shenzhen,0,0,False,DWT,70,262144,24043,10.903132,0.733734,43.6075,0.981479,,,,,,3.1298,3.1798,3.0031,3.1243,0.208582,0.143474
CHNCXR_0210_0,Shenzhen,0,0,False,DWT,90,262144,56161,4.667723,1.713898,49.1624,0.993637,,,,,,3.2108,3.2446,3.5862,3.6267,0.395243,0.3171
CHNCXR_0211_0,Shenzhen,0,4,False,DWT,10,261632,1432,182.703911,0.043787,30.6128,0.82091,,,,,,2.2171,2.267,2.173,2.3948,0.065269,0.018792
CHNCXR_0211_0,Shenzhen,0,4,False,DWT,20,261632,3086,84.780298,0.094362,32.5256,0.86414,,,,,,2.4556,2.5856,1.0118,1.6394,0.08286,0.031738
CHNCXR_0211_0,Shenzhen,0,4,False,DWT,30,261632,5475,47.786667,0.167411,34.4788,0.901848,,,,,,2.6455,2.7593,0.9134,1.5888,0.106709,0.051787
CHNCXR_0211_0,Shenzhen,0,4,False,DWT,50,261632,11376,22.998594,0.347847,38.943,0.955429,,,,,,2.8924,2.9846,1.9453,2.3233,0.138365,0.082434
CHNCXR_0211_0,Shenzhen,0,4,False,DWT,70,261632,25166,10.396249,0.769508,43.4728,0.980878,,,,,,3.0161,3.0725,3.0807,3.1985,0.217272,0.156843
CHNCXR_0211_0,Shenzhen,0,4,False,DWT,90,261632,58603,4.464481,1.791921,49.0031,0.993419,,,,,,3.0265,3.0748,3.6311,3.6682,0.404005,0.322075
CHNCXR_0212_0,Shenzhen,0,4,False,DWT,10,242688,1610,150.737888,0.053072,29.8944,0.842175,,,,,,2.1549,2.2255,1.3624,1.7953,0.063742,0.018967
CHNCXR_0212_0,Shenzhen,0,4,False,DWT,20,242688,3124,77.685019,0.10298,31.9793,0.871139,,,,,,2.4251,2.4828,0.9399,1.5749,0.07683,0.030077
CHNCXR_0212_0,Shenzhen,0,4,False,DWT,30,242688,4475,54.231955,0.147515,35.0658,0.902311,,,,,,2.6346,2.6953,1.3528,1.8639,0.086738,0.039449
CHNCXR_0212_0,Shenzhen,0,4,False,DWT,50,242688,9695,25.032285,0.319587,40.0245,0.953446,,,,,,2.8724,2.9069,2.1391,2.4641,0.121089,0.067061
CHNCXR_0212_0,Shenzhen,0,4,False,DWT,70,242688,20871,11.628001,0.687994,44.1676,0.978631,,,,,,3.009,3.0531,2.8554,3.0298,0.185598,0.123766
CHNCXR_0212_0,Shenzhen,0,4,False,DWT,90,242688,48744,4.978828,1.606804,49.214,0.992104,,,,,,3.054,3.1021,3.619,3.6664,0.341771,0.273445
CHNCXR_0213_0,Shenzhen,0,4,False,DWT,10,257024,1353,189.966001,0.042113,31.3314,0.854893,,,,,,2.052,2.1736,1.1226,1.6464,0.066397,0.018087
CHNCXR_0213_0,Shenzhen,0,4,False,DWT,20,257024,2678,95.976102,0.083354,33.3245,0.881442,,,,,,2.339,2.3819,0.7525,1.4661,0.081356,0.030618
CHNCXR_0213_0,Shenzhen,0,4,False,DWT,30,257024,3818,67.319015,0.118837,35.8541,0.910212,,,,,,2.5696,2.6327,1.2949,1.8449,0.086039,0.035034
CHNCXR_0213_0,Shenzhen,0,4,False,DWT,50,257024,8761,29.33729,0.27269,40.267,0.955524,,,,,,2.8397,2.8951,1.9742,2.3573,0.121707,0.064497
CHNCXR_0213_0,Shenzhen,0,4,False,DWT,70,257024,20196,12.72648,0.628611,44.5506,0.980429,,,,,,2.9787,3.0301,2.7934,2.9681,0.189249,0.126679
CHNCXR_0213_0,Shenzhen,0,4,False,DWT,90,257024,46913,5.478737,1.46019,49.7111,0.992958,,,,,,3.058,3.1065,3.5439,3.5915,0.345769,0.26398
CHNCXR_0214_0,Shenzhen,0,1,False,DWT,10,250368,1580,158.460759,0.050486,30.5044,0.838728,,,,,,2.1241,2.2071,1.1879,1.7268,0.064107,0.017133
CHNCXR_0214_0,Shenzhen,0,1,False,DWT,20,250368,2984,83.903485,0.095348,32.5475,0.868616,,,,,,2.3981,2.4683,0.9136,1.5619,0.076864,0.030432
CHNCXR_0214_0,Shenzhen,0,1,False,DWT,30,250368,4744,52.775717,0.151585,35.4347,0.900004,,,,,,2.609,2.654,1.123,1.713,0.092595,0.041194
CHNCXR_0214_0,Shenzhen,0,1,False,DWT,50,250368,10000,25.0368,0.31953,39.8715,0.950898,,,,,,2.8743,2.927,1.8352,2.2503,0.124595,0.072826
CHNCXR_0214_0,Shenzhen,0,1,False,DWT,70,250368,21454,11.669992,0.685519,44.1469,0.978411,,,,,,3.0292,3.0905,2.9412,3.1038,0.187202,0.129072
CHNCXR_0214_0,Shenzhen,0,1,False,DWT,90,250368,50199,4.98751,1.604007,49.2358,0.992382,,,,,,3.0871,3.1262,3.6532,3.697,0.356344,0.280061
CHNCXR_0215_0,Shenzhen,0,2,False,DWT,10,257024,1732,148.397229,0.053909,30.6527,0.860885,,,,,,2.1062,2.2106,1.4045,1.8605,0.069167,0.022339
CHNCXR_0215_0,Shenzhen,0,2,False,DWT,20,257024,3158,81.38822,0.098294,32.5725,0.885181,,,,,,2.3551,2.4252,0.9376,1.5807,0.083295,0.031693
CHNCXR_0215_0,Shenzhen,0,2,False,DWT,30,257024,4611,55.741488,0.14352,35.5743,0.911231,,,,,,2.565,2.615,1.3151,1.8704,0.090798,0.041024
CHNCXR_0215_0,Shenzhen,0,2,False,DWT,50,257024,9819,26.176189,0.305621,40.084,0.949373,,,,,,2.7838,2.8526,2.0873,2.4604,0.128148,0.074176
CHNCXR_0215_0,Shenzhen,0,2,False,DWT,70,257024,21353,12.036903,0.664623,43.6312,0.971158,,,,,,2.9051,2.9352,2.9384,3.1246,0.190283,0.128836
CHNCXR_0215_0,Shenzhen,0,2,False,DWT,90,257024,56860,4.520295,1.769796,48.2489,0.989176,,,,,,2.9447,2.983,3.7474,3.7783,0.403396,0.310588
CHNCXR_0216_0,Shenzhen,0,4,False,DWT,10,262144,1483,176.766015,0.045258,31.1877,0.844985,,,,,,2.0671,2.1505,1.2316,1.7355,0.067255,0.019534
CHNCXR_0216_0,Shenzhen,0,4,False,DWT,20,262144,2834,92.499647,0.086487,33.2786,0.87644,,,,,,2.3424,2.4198,0.9093,1.5751,0.07949,0.029448
CHNCXR_0216_0,Shenzhen,0,4,False,DWT,30,262144,4096,64.0,0.125,35.7572,0.906685,,,,,,2.5549,2.6366,1.3369,1.8824,0.088516,0.036779
CHNCXR_0216_0,Shenzhen,0,4,False,DWT,50,262144,9398,27.893594,0.286804,40.2622,0.955842,,,,,,2.8251,2.9105,1.9742,2.3595,0.126138,0.06863
CHNCXR_0216_0,Shenzhen,0,4,False,DWT,70,262144,20995,12.48602,0.640717,44.6161,0.980969,,,,,,2.949,3.0069,2.8024,2.9814,0.194593,0.134081
CHNCXR_0216_0,Shenzhen,0,4,False,DWT,90,262144,48298,5.427637,1.473938,49.6519,0.992922,,,,,,3.0208,3.071,3.59,3.6347,0.348665,0.276468
CHNCXR_0217_0,Shenzhen,0,3,False,DWT,10,257536,1920,134.133333,0.059642,31.3601,0.842093,,,,,,2.0988,2.1921,0.5199,1.3034,0.077115,0.024859
CHNCXR_0217_0,Shenzhen,0,3,False,DWT,20,257536,2773,92.872701,0.086139,33.1922,0.875823,,,,,,2.3874,2.4823,0.8291,1.5227,0.080859,0.029996
CHNCXR_0217_0,Shenzhen,0,3,False,DWT,30,257536,4436,58.055906,0.137798,35.0572,0.906293,,,,,,2.5917,2.7068,0.989,1.6471,0.096284,0.042203
CHNCXR_0217_0,Shenzhen,0,3,False,DWT,50,257536,9887,26.047942,0.307126,39.5933,0.955573,,,,,,2.8845,2.9421,1.6984,2.1424,0.131545,0.075783
CHNCXR_0217_0,Shenzhen,0,3,False,DWT,70,257536,21764,11.833119,0.676069,43.5948,0.978177,,,,,,3.0294,3.0679,2.837,2.9989,0.198055,0.136999
CHNCXR_0217_0,Shenzhen,0,3,False,DWT,90,257536,54928,4.688611,1.706262,48.6627,0.99149,,,,,,3.1003,3.1466,3.603,3.6408,0.382398,0.307695
CHNCXR_0218_0,Shenzhen,0,1,False,DWT,10,261120,1386,188.398268,0.042463,31.8189,0.841599,,,,,,2.1124,2.189,1.1372,1.6687,0.063415,0.017946
CHNCXR_0218_0,Shenzhen,0,1,False,DWT,20,261120,2831,92.235959,0.086734,33.4231,0.872654,,,,,,2.3719,2.4784,0.7006,1.4216,0.078157,0.032224
CHNCXR_0218_0,Shenzhen,0,1,False,DWT,30,261120,5015,52.067797,0.153646,35.378,0.906634,,,,,,2.6028,2.7253,0.7099,1.4515,0.103223,0.049257
CHNCXR_0218_0,Shenzhen,0,1,False,DWT,50,261120,9725,26.850386,0.297947,39.7135,0.9555,,,,,,2.9063,2.9506,1.6821,2.1286,0.127446,0.074523
CHNCXR_0218_0,Shenzhen,0,1,False,DWT,70,261120,21469,12.162653,0.657751,43.8867,0.979209,,,,,,3.0616,3.1019,2.8416,3.0059,0.196004,0.135538
CHNCXR_0218_0,Shenzhen,0,1,False,DWT,90,261120,52986,4.928094,1.623346,48.9427,0.992043,,,,,,3.1361,3.1875,3.582,3.619,0.378425,0.313577
CHNCXR_0219_0,Shenzhen,0,2,False,DWT,10,261632,1503,174.073187,0.045958,31.4038,0.833898,,,,,,2.1015,2.2168,1.3266,1.8024,0.066621,0.018549
CHNCXR_0219_0,Shenzhen,0,2,False,DWT,20,261632,3391,77.154822,0.103688,33.1337,0.867293,,,,,,2.3567,2.5108,0.596,1.3678,0.089477,0.037196
CHNCXR_0219_0,Shenzhen,0,2,False,DWT,30,261632,5208,50.236559,0.159247,35.0867,0.904921,,,,,,2.5752,2.7384,0.7493,1.4807,0.106201,0.049925
CHNCXR_0219_0,Shenzhen,0,2,False,DWT,50,261632,10366,25.239437,0.316964,39.5897,0.95547,,,,,,2.8667,2.9213,1.7488,2.1743,0.135909,0.077332
CHNCXR_0219_0,Shenzhen,0,2,False,DWT,70,261632,22714,11.518535,0.694533,43.7624,0.979728,,,,,,3.0101,3.0532,2.8705,3.0173,0.209549,0.143349
CHNCXR_0219_0,Shenzhen,0,2,False,DWT,90,261632,55066,4.751244,1.68377,48.9333,0.99242,,,,,,3.0835,3.1358,3.5903,3.6289,0.391955,0.3045
CHNCXR_0220_0,Shenzhen,0,1,False,DWT,10,260096,1877,138.570059,0.057733,29.8878,0.805655,,,,,,2.1773,2.24,1.114,1.6562,0.071819,0.022341
CHNCXR_0220_0,Shenzhen,0,1,False,DWT,20,260096,3447,75.455759,0.106022,31.8132,0.839203,,,,,,2.4107,2.4468,0.9885,1.6278,0.086179,0.03471
CHNCXR_0220_0,Shenzhen,0,1,False,DWT,30,260096,5170,50.308704,0.159018,34.5753,0.879104,,,,,,2.5985,2.6528,1.4174,1.9426,0.095104,0.046126
CHNCXR_0220_0,Shenzhen,0,1,False,DWT,50,260096,11640,22.345017,0.358022,38.9101,0.940914,,,,,,2.8232,2.8665,2.3026,2.6002,0.141525,0.079939
CHNCXR_0220_0,Shenzhen,0,1,False,DWT,70,260096,26413,9.847272,0.812408,43.2295,0.974711,,,,,,2.9291,2.9769,3.0734,3.1939,0.220194,0.158583
CHNCXR_0220_0,Shenzhen,0,1,False,DWT,90,260096,61686,4.216451,1.89733,48.7604,0.991974,,,,,,2.9657,3.0,3.6635,3.7006,0.420261,0.345472
CHNCXR_0221_0,Shenzhen,0,0,True,DWT,10,220672,1580,139.665823,0.05728,30.1888,0.82098,30.0714,30.2332,0.708692,0.860124,False,2.1693,2.2348,1.5005,1.9002,0.05919,0.016997
CHNCXR_0221_0,Shenzhen,0,0,True,DWT,20,220672,2869,76.915999,0.10401,32.1087,0.854459,31.5006,32.358,0.755443,0.889629,False,2.4292,2.4749,1.0525,1.6489,0.068217,0.026852
CHNCXR_0221_0,Shenzhen,0,0,True,DWT,30,220672,4404,50.107175,0.159658,34.7362,0.889914,33.2935,35.4228,0.819697,0.916003,False,2.6272,2.69,1.5187,1.9817,0.076598,0.033834
CHNCXR_0221_0,Shenzhen,0,0,True,DWT,50,220672,9726,22.688875,0.352596,39.3702,0.948355,37.0961,40.6511,0.91651,0.960797,False,2.8585,2.9023,2.3228,2.592,0.112618,0.064555
CHNCXR_0221_0,Shenzhen,0,0,True,DWT,70,220672,21468,10.279113,0.778277,43.8643,0.978554,41.4268,45.2876,0.968023,0.982927,False,2.982,3.0314,3.0553,3.1736,0.180565,0.128178
CHNCXR_0221_0,Shenzhen,0,0,True,DWT,90,220672,48150,4.583011,1.745577,49.2219,0.992729,47.985,49.7885,0.992595,0.992933,False,3.0466,3.0923,3.6896,3.7285,0.328633,0.263623
CHNCXR_0222_0,Shenzhen,0,3,True,DWT,10,261120,1425,183.242105,0.043658,30.6464,0.829036,27.8722,31.8534,0.667934,0.869223,False,2.2159,2.2515,2.2847,2.512,0.06628,0.018271
CHNCXR_0222_0,Shenzhen,0,3,True,DWT,20,261120,3030,86.178218,0.092831,32.6033,0.868299,29.6797,33.9147,0.743923,0.898718,False,2.4682,2.5756,0.9671,1.6121,0.079249,0.031064
CHNCXR_0222_0,Shenzhen,0,3,True,DWT,30,261120,5475,47.693151,0.167739,34.4858,0.901907,31.3076,35.9902,0.806453,0.924828,False,2.6593,2.7963,0.8201,1.526,0.107004,0.051372
CHNCXR_0222_0,Shenzhen,0,3,True,DWT,50,261120,11232,23.247863,0.344118,38.9592,0.955422,35.4423,40.754,0.920665,0.965122,False,2.9362,3.0409,1.9075,2.2963,0.139603,0.082867
CHNCXR_0222_0,Shenzhen,0,3,True,DWT,70,261120,24809,10.525213,0.76008,43.3245,0.980308,40.1734,44.8074,0.971801,0.982847,False,3.1026,3.1543,3.0397,3.1657,0.213019,0.154636
CHNCXR_0222_0,Shenzhen,0,3,True,DWT,90,261120,58245,4.483132,1.784467,48.9588,0.993087,47.8222,49.3265,0.994947,0.992677,False,3.1482,3.1975,3.6007,3.6349,0.405962,0.322165
CHNCXR_0223_0,Shenzhen,0,0,True,DWT,10,257024,1307,196.651875,0.040681,31.4283,0.846009,29.4558,31.8214,0.690547,0.868004,False,2.0521,2.1543,1.1034,1.6399,0.06909,0.017503
CHNCXR_0223_0,Shenzhen,0,0,True,DWT,20,257024,2515,102.196421,0.078281,33.5597,0.878911,31.1786,34.0654,0.751944,0.897227,False,2.342,2.4066,0.7722,1.4764,0.076885,0.027924
CHNCXR_0223_0,Shenzhen,0,0,True,DWT,30,257024,3739,68.741375,0.116378,35.988,0.909415,32.9524,36.7056,0.816856,0.923012,False,2.5757,2.6759,1.1925,1.7782,0.10717,0.034195
CHNCXR_0223_0,Shenzhen,0,0,True,DWT,50,257024,8543,30.085918,0.265905,40.4665,0.957752,36.8516,41.4112,0.918762,0.963634,False,2.8762,2.919,1.92,2.3164,0.114718,0.061044
CHNCXR_0223_0,Shenzhen,0,0,True,DWT,70,257024,19402,13.247294,0.603897,44.8004,0.981831,41.3595,45.6724,0.969789,0.983862,False,3.0601,3.1204,2.7446,2.936,0.17957,0.120675
CHNCXR_0223_0,Shenzhen,0,0,True,DWT,90,257024,45045,5.705939,1.402048,49.7094,0.993059,47.9214,50.0559,0.993057,0.993169,False,3.1434,3.1875,3.5477,3.5959,0.327349,0.250834
CHNCXR_0224_0,Shenzhen,0,2,True,DWT,10,261120,1430,182.601399,0.043811,30.8941,0.829175,28.2921,31.9139,0.67839,0.865325,False,2.2076,2.2531,2.1235,2.3571,0.071174,0.017702
CHNCXR_0224_0,Shenzhen,0,2,True,DWT,20,261120,3162,82.580645,0.096875,32.7665,0.869843,29.9018,33.9484,0.750168,0.898165,False,2.4702,2.5787,0.8896,1.5566,0.080029,0.031331
CHNCXR_0224_0,Shenzhen,0,2,True,DWT,30,261120,5515,47.347235,0.168964,34.728,0.903769,31.6237,36.0724,0.814141,0.925789,False,2.6614,2.8102,0.8295,1.5401,0.108385,0.05293
CHNCXR_0224_0,Shenzhen,0,2,True,DWT,50,261120,10966,23.811782,0.335968,39.1366,0.956283,35.7245,40.7137,0.922211,0.965197,False,2.9336,2.983,1.8768,2.2684,0.138099,0.082345
CHNCXR_0224_0,Shenzhen,0,2,True,DWT,70,261120,24119,10.826319,0.73894,43.4913,0.980434,40.393,44.8314,0.97153,0.982956,False,3.1103,3.1489,2.9938,3.1251,0.207189,0.143147
CHNCXR_0224_0,Shenzhen,0,2,True,DWT,90,261120,57037,4.578081,1.747457,48.987,0.993093,47.8073,49.3472,0.994685,0.992794,False,3.1611,3.2145,3.5892,3.6257,0.396801,0.318695
CHNCXR_0225_0,Shenzhen,0,0,True,DWT,10,262144,1615,162.318266,0.049286,30.8926,0.837678,30.6519,30.9746,0.729379,0.872803,False,2.0726,2.1566,0.8522,1.4885,0.073078,0.021617
CHNCXR_0225_0,Shenzhen,0,0,True,DWT,20,262144,2990,87.673579,0.091248,33.0219,0.870526,32.073,33.3846,0.777104,0.901185,False,2.3529,2.4144,0.7752,1.4806,0.081775,0.031898
CHNCXR_0225_0,Shenzhen,0,0,True,DWT,30,262144,4248,61.709981,0.129639,35.7486,0.904,33.9854,36.5281,0.834732,0.927108,False,2.5732,2.6358,1.3207,1.8567,0.089929,0.040156
CHNCXR_0225_0,Shenzhen,0,0,True,DWT,50,262144,9556,27.432398,0.291626,40.2048,0.953579,37.6505,41.5283,0.920523,0.964965,False,2.8636,2.9552,1.9747,2.3511,0.123783,0.070478
CHNCXR_0225_0,Shenzhen,0,0,True,DWT,70,262144,21416,12.240568,0.653564,44.3326,0.979139,41.7663,45.6657,0.967511,0.983289,False,2.9919,3.034,2.8495,3.0156,0.194989,0.132844
CHNCXR_0225_0,Shenzhen,0,0,True,DWT,90,262144,50537,5.18717,1.542267,49.3379,0.992469,48.0492,49.8604,0.992079,0.992708,False,3.0767,3.1242,3.6085,3.6502,0.357284,0.28509
CHNCXR_0226_0,Shenzhen,0,3,True,DWT,10,262144,1438,182.297636,0.043884,30.5979,0.820404,27.8079,31.5619,0.659538,0.852198,False,2.2239,2.2778,2.4079,2.5867,0.075978,0.016743
CHNCXR_0226_0,Shenzhen,0,3,True,DWT,20,262144,2469,106.17416,0.075348,32.3417,0.863017,29.4919,33.3374,0.739399,0.886631,False,2.4791,2.598,2.1834,2.4644,0.068266,0.02591
CHNCXR_0226_0,Shenzhen,0,3,True,DWT,30,262144,5460,48.011722,0.166626,34.3762,0.902031,31.3361,35.4774,0.814758,0.918331,False,2.6485,2.7647,0.9411,1.607,0.102718,0.050948
CHNCXR_0226_0,Shenzhen,0,3,True,DWT,50,262144,11521,22.75358,0.351593,38.8222,0.955781,35.5082,40.0885,0.923381,0.962912,False,2.9271,3.0255,1.9316,2.3107,0.138527,0.081857
CHNCXR_0226_0,Shenzhen,0,3,True,DWT,70,262144,25471,10.291861,0.777313,43.4806,0.981296,40.4499,44.5764,0.973664,0.983215,False,3.0679,3.1265,3.0555,3.1708,0.216874,0.150947
CHNCXR_0226_0,Shenzhen,0,3,True,DWT,90,262144,58443,4.485464,1.783539,49.0702,0.9935,47.8372,49.3972,0.995015,0.993255,False,3.093,3.1404,3.6224,3.6584,0.401944,0.324185
CHNCXR_0227_0,Shenzhen,0,4,True,DWT,10,262144,1477,177.484089,0.045074,30.6361,0.827866,28.2591,31.7839,0.679584,0.871767,False,2.2457,2.2708,2.5241,2.6614,0.065814,0.018786
CHNCXR_0227_0,Shenzhen,0,4,True,DWT,20,262144,3666,71.506819,0.111877,32.4674,0.867025,29.959,33.712,0.745691,0.902689,False,2.515,2.5872,0.7153,1.4548,0.087171,0.037867
CHNCXR_0227_0,Shenzhen,0,4,True,DWT,30,262144,5713,45.885524,0.174347,34.3833,0.901863,31.6812,35.7804,0.811962,0.928073,False,2.725,2.8272,0.907,1.584,0.104943,0.053023
CHNCXR_0227_0,Shenzhen,0,4,True,DWT,50,262144,11603,22.592778,0.354095,38.627,0.953589,35.5188,40.3877,0.915253,0.965948,False,2.981,3.0602,1.958,2.3312,0.14097,0.082553
CHNCXR_0227_0,Shenzhen,0,4,True,DWT,70,262144,26005,10.080523,0.79361,43.1678,0.980346,40.2433,44.7561,0.969771,0.984024,False,3.1357,3.1813,3.0891,3.1949,0.214858,0.153353
CHNCXR_0227_0,Shenzhen,0,4,True,DWT,90,262144,60418,4.338839,1.843811,48.9638,0.993574,47.7433,49.438,0.994527,0.993352,False,3.2039,3.2508,3.597,3.6342,0.407812,0.332371
CHNCXR_0228_0,Shenzhen,0,0,True,DWT,10,254976,1650,154.530909,0.05177,30.1366,0.833234,31.1063,29.8871,0.763837,0.850428,False,2.0582,2.1721,0.9475,1.5425,0.069692,0.021118
CHNCXR_0228_0,Shenzhen,0,0,True,DWT,20,254976,2951,86.403253,0.092589,32.1336,0.864085,32.9724,31.9138,0.808234,0.878785,False,2.3499,2.4144,0.9243,1.573,0.079741,0.031607
CHNCXR_0228_0,Shenzhen,0,0,True,DWT,30,254976,4517,56.448085,0.141723,34.9906,0.894616,34.8186,35.0427,0.8538,0.906147,False,2.5768,2.6512,1.2381,1.8103,0.0899,0.03982
CHNCXR_0228_0,Shenzhen,0,0,True,DWT,50,254976,9708,26.264524,0.304593,39.6383,0.94221,38.4071,40.0807,0.923418,0.948494,False,2.8927,2.9468,2.0251,2.3959,0.12207,0.068162
CHNCXR_0228_0,Shenzhen,0,0,True,DWT,70,254976,22149,11.511852,0.694936,43.1669,0.968922,41.9126,43.6193,0.964082,0.971135,False,3.0703,3.1458,2.9205,3.0932,0.191133,0.134241
CHNCXR_0228_0,Shenzhen,0,0,True,DWT,90,254976,60059,4.245425,1.884381,48.1984,0.989673,47.7644,48.3354,0.990515,0.989715,False,3.1873,3.2369,3.6864,3.7198,0.417452,0.337552
CHNCXR_0229_0,Shenzhen,0,4,True,DWT,10,261120,1499,174.196131,0.045925,31.2237,0.84004,28.1069,32.1503,0.671531,0.867877,False,2.1493,2.2693,1.304,1.7953,0.073229,0.018957
CHNCXR_0229_0,Shenzhen,0,4,True,DWT,20,261120,3026,86.292135,0.092708,33.0776,0.878031,29.8619,34.0509,0.747049,0.899026,False,2.42,2.5139,0.8074,1.5027,0.082496,0.033566
CHNCXR_0229_0,Shenzhen,0,4,True,DWT,30,261120,5255,49.689819,0.160999,35.1269,0.911874,31.6784,36.2165,0.814762,0.927055,False,2.6291,2.7616,0.7719,1.4921,0.105149,0.052181
CHNCXR_0229_0,Shenzhen,0,4,True,DWT,50,261120,10391,25.129439,0.318352,39.5777,0.959163,35.751,40.8781,0.921654,0.966125,False,2.9666,3.0648,1.8015,2.2199,0.133301,0.075985
CHNCXR_0229_0,Shenzhen,0,4,True,DWT,70,261120,22423,11.645186,0.686979,43.9736,0.98204,40.5364,45.0574,0.972593,0.983962,False,3.1442,3.1775,2.9014,3.0542,0.209037,0.133547
CHNCXR_0229_0,Shenzhen,0,4,True,DWT,90,261120,52564,4.967658,1.610417,49.291,0.993286,47.8295,49.6213,0.99462,0.993133,False,3.2264,3.267,3.5958,3.6353,0.372888,0.291182
CHNCXR_0230_0,Shenzhen,0,3,True,DWT,10,261632,1530,171.001307,0.046783,31.0812,0.830796,28.0649,32.128,0.668681,0.862361,False,2.1846,2.2384,1.3162,1.813,0.065335,0.018149
CHNCXR_0230_0,Shenzhen,0,3,True,DWT,20,261632,3488,75.009174,0.106654,32.7229,0.864674,29.7338,33.7549,0.738622,0.888493,False,2.4498,2.5556,0.6331,1.3932,0.093016,0.04421
CHNCXR_0230_0,Shenzhen,0,3,True,DWT,30,261632,5411,48.351876,0.165454,34.6754,0.901587,31.4791,35.8234,0.812114,0.919063,False,2.6355,2.7515,0.8025,1.524,0.105707,0.050679
CHNCXR_0230_0,Shenzhen,0,3,True,DWT,50,261632,10894,24.016156,0.333109,39.2058,0.955472,35.5451,40.6483,0.9201,0.963195,False,2.9161,3.0162,1.8435,2.2449,0.133143,0.081252
CHNCXR_0230_0,Shenzhen,0,3,True,DWT,70,261632,23963,10.918166,0.732724,43.6239,0.980148,40.3461,44.8199,0.971622,0.982222,False,3.0611,3.0934,2.9614,3.0942,0.205342,0.149771
CHNCXR_0230_0,Shenzhen,0,3,True,DWT,90,261632,56602,4.62231,1.730736,48.9649,0.992714,47.7683,49.2696,0.994598,0.992416,False,3.1026,3.1543,3.6008,3.638,0.389323,0.310637
CHNCXR_0231_0,Shenzhen,0,4,True,DWT,10,261632,1382,189.314038,0.042258,30.6942,0.814889,28.0368,31.7988,0.652021,0.855278,False,2.1802,2.2346,2.426,2.5987,0.065293,0.017232
CHNCXR_0231_0,Shenzhen,0,4,True,DWT,20,261632,2997,87.297965,0.09164,32.4269,0.855522,29.5791,33.6564,0.730704,0.886298,False,2.4279,2.5556,0.9694,1.5987,0.081087,0.03004
CHNCXR_0231_0,Shenzhen,0,4,True,DWT,30,261632,5350,48.903178,0.163589,34.3241,0.894429,31.3562,35.6373,0.805488,0.915452,False,2.6152,2.7685,0.8795,1.5584,0.105078,0.050589
CHNCXR_0231_0,Shenzhen,0,4,True,DWT,50,261632,11308,23.136894,0.345768,38.7312,0.952181,35.4938,40.2473,0.920554,0.960353,False,2.8982,2.9429,1.9144,2.2917,0.139047,0.081638
CHNCXR_0231_0,Shenzhen,0,4,True,DWT,70,261632,25354,10.319161,0.775257,43.3119,0.979743,40.3718,44.6053,0.972523,0.981935,False,3.0451,3.0856,3.0276,3.1478,0.217789,0.153467
CHNCXR_0231_0,Shenzhen,0,4,True,DWT,90,261632,59529,4.395034,1.820236,48.8754,0.993005,47.7218,49.2421,0.994785,0.992633,False,3.0806,3.1366,3.602,3.636,0.419008,0.325604
CHNCXR_0232_0,Shenzhen,0,0,True,DWT,10,261632,1438,181.941586,0.04397,31.5496,0.836154,28.6065,32.4375,0.682074,0.861626,False,2.079,2.2176,1.1395,1.6766,0.069843,0.020452
CHNCXR_0232_0,Shenzhen,0,0,True,DWT,20,261632,3282,79.717246,0.100355,33.2939,0.871414,30.0454,34.3302,0.740125,0.893441,False,2.3593,2.4915,0.5629,1.331,0.086017,0.035636
CHNCXR_0232_0,Shenzhen,0,0,True,DWT,30,261632,4953,52.822936,0.151449,35.2789,0.905947,31.9165,36.3746,0.810943,0.921153,False,2.5806,2.7153,0.7554,1.474,0.100389,0.04856
CHNCXR_0232_0,Shenzhen,0,0,True,DWT,50,261632,9974,26.231402,0.304978,39.6356,0.955134,35.8822,40.9548,0.91892,0.961952,False,2.8807,2.9244,1.7226,2.1475,0.131959,0.076596
CHNCXR_0232_0,Shenzhen,0,0,True,DWT,70,261632,21926,11.9325,0.670438,43.8075,0.979079,40.6464,44.7997,0.97162,0.980737,False,3.0147,3.054,2.8583,3.0157,0.196036,0.137489
CHNCXR_0232_0,Shenzhen,0,0,True,DWT,90,261632,54112,4.835009,1.654599,48.9148,0.992094,47.7916,49.1665,0.994356,0.991786,False,3.0986,3.142,3.5996,3.6374,0.389609,0.312833
CHNCXR_0233_0,Shenzhen,0,4,True,DWT,10,257024,1343,191.380491,0.041802,31.5895,0.852116,30.4677,31.8947,0.720252,0.881518,False,2.0751,2.162,1.1767,1.6819,0.068915,0.018246
CHNCXR_0233_0,Shenzhen,0,4,True,DWT,20,257024,2564,100.24337,0.079806,33.6418,0.878815,31.8987,34.166,0.762838,0.905093,False,2.3549,2.4174,0.8063,1.4989,0.07777,0.029619
CHNCXR_0233_0,Shenzhen,0,4,True,DWT,30,257024,3756,68.430245,0.116907,35.8473,0.906344,33.4466,36.6562,0.815511,0.926913,False,2.578,2.6543,1.1755,1.7665,0.09088,0.03513
CHNCXR_0233_0,Shenzhen,0,4,True,DWT,50,257024,8759,29.343989,0.272628,40.1686,0.953799,37.1718,41.297,0.913135,0.963399,False,2.8627,2.9383,1.9194,2.3184,0.118635,0.065832
CHNCXR_0233_0,Shenzhen,0,4,True,DWT,70,257024,20166,12.745413,0.627677,44.5166,0.980213,41.4969,45.6586,0.96664,0.983583,False,3.021,3.0702,2.8,2.9674,0.187085,0.126675
CHNCXR_0233_0,Shenzhen,0,4,True,DWT,90,257024,47426,5.419475,1.476158,49.5641,0.992759,47.9639,50.0342,0.99219,0.992996,False,3.0876,3.135,3.5645,3.6089,0.359689,0.267674
CHNCXR_0234_0,Shenzhen,0,3,True,DWT,10,262144,1464,179.060109,0.044678,31.3102,0.837775,28.0397,32.3477,0.665917,0.866565,False,2.1701,2.2338,1.3838,1.8561,0.065237,0.018744
CHNCXR_0234_0,Shenzhen,0,3,True,DWT,20,262144,3399,77.12386,0.103729,33.0156,0.874745,29.7746,34.0381,0.742481,0.895816,False,2.4334,2.544,0.6015,1.3681,0.085992,0.036426
CHNCXR_0234_0,Shenzhen,0,3,True,DWT,30,262144,5273,49.714394,0.160919,34.9511,0.906621,31.391,36.144,0.809923,0.922355,False,2.6277,2.7793,0.7703,1.4922,0.103794,0.058307
CHNCXR_0234_0,Shenzhen,0,3,True,DWT,50,262144,10444,25.099962,0.318726,39.3925,0.956768,35.6166,40.7122,0.922783,0.963305,False,2.9149,3.0131,1.763,2.1811,0.134888,0.079574
CHNCXR_0234_0,Shenzhen,0,3,True,DWT,70,262144,23089,11.353632,0.70462,43.7354,0.980254,40.4297,44.7909,0.972952,0.981898,False,3.0668,3.1242,2.9261,3.0644,0.214177,0.146097
CHNCXR_0234_0,Shenzhen,0,3,True,DWT,90,262144,55025,4.764089,1.67923,48.9818,0.992588,47.7641,49.2561,0.994859,0.992271,False,3.1036,3.1613,3.5779,3.6133,0.395551,0.304199
CHNCXR_0235_0,Shenzhen,0,3,True,DWT,10,250880,1886,133.022269,0.06014,29.2253,0.803759,30.1488,28.8308,0.717626,0.84559,False,2.222,2.2738,1.5697,1.965,0.067993,0.024236
CHNCXR_0235_0,Shenzhen,0,3,True,DWT,20,250880,3521,71.252485,0.112277,31.1476,0.841877,31.6686,30.9105,0.767272,0.879053,False,2.4691,2.5206,1.0877,1.6876,0.081859,0.033771
CHNCXR_0235_0,Shenzhen,0,3,True,DWT,30,250880,5387,46.571376,0.171779,34.225,0.883074,33.5427,34.6082,0.827021,0.912044,False,2.6775,2.7341,1.5153,2.0076,0.098572,0.045176
CHNCXR_0235_0,Shenzhen,0,3,True,DWT,50,250880,11678,21.483131,0.372385,39.0691,0.945151,37.3857,40.2326,0.919676,0.958916,False,2.8895,2.9381,2.3889,2.6804,0.136328,0.078507
CHNCXR_0235_0,Shenzhen,0,3,True,DWT,70,250880,25603,9.798852,0.816422,43.4929,0.976517,41.5782,44.8895,0.967751,0.981589,False,3.0144,3.0722,3.0896,3.2297,0.220247,0.149072
CHNCXR_0235_0,Shenzhen,0,3,True,DWT,90,250880,58266,4.30577,1.857972,48.9505,0.992393,47.9522,49.5466,0.992274,0.992704,False,3.0915,3.1333,3.6972,3.7405,0.399925,0.311723
CHNCXR_0236_0,Shenzhen,0,0,True,DWT,10,242176,1358,178.332842,0.04486,31.0997,0.835895,28.9931,31.8642,0.709364,0.866293,False,2.2076,2.2516,2.5316,2.724,0.060239,0.014613
CHNCXR_0236_0,Shenzhen,0,0,True,DWT,20,242176,2574,94.08547,0.085029,32.9037,0.872005,30.537,33.8045,0.764657,0.897077,False,2.4695,2.5768,1.1238,1.741,0.072879,0.025592
CHNCXR_0236_0,Shenzhen,0,0,True,DWT,30,242176,4929,49.132887,0.162824,34.7229,0.904787,32.3107,35.6489,0.823589,0.923135,False,2.6717,2.7966,0.8261,1.5451,0.099616,0.047959
CHNCXR_0236_0,Shenzhen,0,0,True,DWT,50,242176,10025,24.157207,0.331164,39.044,0.954304,36.0932,40.302,0.918242,0.963434,False,2.9294,3.0507,1.836,2.2583,0.127477,0.071205
CHNCXR_0236_0,Shenzhen,0,0,True,DWT,70,242176,22448,10.788311,0.741543,43.4403,0.979753,40.6548,44.5893,0.969651,0.982686,False,3.1024,3.1495,3.0406,3.1693,0.197924,0.134888
CHNCXR_0236_0,Shenzhen,0,0,True,DWT,90,242176,53589,4.519136,1.77025,48.9274,0.993034,47.8298,49.2629,0.994076,0.992865,False,3.1615,3.2141,3.6265,3.6612,0.371817,0.309833
CHNCXR_0237_0,Shenzhen,0,1,True,DWT,10,256512,1257,204.066826,0.039203,31.9311,0.862919,31.0359,32.1644,0.745105,0.888163,False,2.0132,2.1335,1.0237,1.5688,0.067584,0.018699
CHNCXR_0237_0,Shenzhen,0,1,True,DWT,20,256512,2420,105.996694,0.075474,33.8982,0.887756,32.3708,34.3381,0.784981,0.910431,False,2.3116,2.3611,0.7313,1.4472,0.078579,0.027606
CHNCXR_0237_0,Shenzhen,0,1,True,DWT,30,256512,3529,72.68688,0.110061,36.429,0.913065,33.9609,37.2638,0.831328,0.931163,False,2.5488,2.6474,1.1117,1.7216,0.085117,0.035169
CHNCXR_0237_0,Shenzhen,0,1,True,DWT,50,256512,8049,31.868804,0.251029,40.6787,0.956008,37.613,41.8386,0.918532,0.964694,False,2.8754,2.9421,1.7874,2.2129,0.119337,0.060288
CHNCXR_0237_0,Shenzhen,0,1,True,DWT,70,256512,18302,14.015517,0.570796,44.7902,0.980268,41.7258,45.9494,0.967285,0.983471,False,3.0454,3.0926,2.6547,2.858,0.183045,0.116495
CHNCXR_0237_0,Shenzhen,0,1,True,DWT,90,256512,44246,5.797405,1.379928,49.6291,0.992522,48.053,50.0866,0.992107,0.992738,False,3.1282,3.1752,3.5363,3.5838,0.32319,0.249044
CHNCXR_0238_0,Shenzhen,0,0,True,DWT,10,258048,1426,180.959327,0.044209,31.1071,0.852003,30.7084,31.217,0.728226,0.882555,False,2.0667,2.1813,1.3004,1.7565,0.06577,0.018391
CHNCXR_0238_0,Shenzhen,0,0,True,DWT,20,258048,2849,90.574939,0.088325,33.1607,0.88107,32.1431,33.4695,0.771967,0.907995,False,2.3427,2.4012,0.8079,1.5036,0.078519,0.031017
CHNCXR_0238_0,Shenzhen,0,0,True,DWT,30,258048,4131,62.466231,0.128069,35.8605,0.909477,33.7756,36.6186,0.823974,0.931201,False,2.574,2.6458,1.2976,1.8444,0.088728,0.040106
CHNCXR_0238_0,Shenzhen,0,0,True,DWT,50,258048,9192,28.073107,0.28497,40.0968,0.954664,37.3667,41.2178,0.914374,0.965149,False,2.8561,2.9259,2.0369,2.3949,0.119105,0.094771
CHNCXR_0238_0,Shenzhen,0,0,True,DWT,70,258048,20809,12.400788,0.64512,44.471,0.980335,41.5321,45.729,0.965977,0.984227,False,2.9796,3.0185,2.8068,2.9703,0.19143,0.126379
CHNCXR_0238_0,Shenzhen,0,0,True,DWT,90,258048,48407,5.330799,1.500713,49.5907,0.992882,47.9722,50.1331,0.992128,0.993168,False,3.059,3.1173,3.5506,3.5948,0.340701,0.271945
CHNCXR_0239_0,Shenzhen,0,3,True,DWT,10,261632,1510,173.266225,0.046172,30.4251,0.819834,28.4425,31.2961,0.680772,0.859722,False,2.2452,2.3495,2.3583,2.5549,0.065067,0.018483
CHNCXR_0239_0,Shenzhen,0,3,True,DWT,20,261632,3000,87.210667,0.091732,32.2641,0.858218,30.0854,33.2582,0.743106,0.891772,False,2.494,2.5934,1.1816,1.7621,0.078679,0.032863
CHNCXR_0239_0,Shenzhen,0,3,True,DWT,30,261632,5522,47.379935,0.168848,34.1638,0.896851,31.8096,35.2764,0.812133,0.920607,False,2.7019,2.8079,0.9289,1.5938,0.119156,0.055037
CHNCXR_0239_0,Shenzhen,0,3,True,DWT,50,261632,11717,22.329265,0.358274,38.5755,0.951487,35.7441,40.0552,0.916559,0.962623,False,2.9654,3.0502,2.0109,2.3648,0.140065,0.084518
CHNCXR_0239_0,Shenzhen,0,3,True,DWT,70,261632,26375,9.919697,0.806476,43.1326,0.9792,40.448,44.4917,0.969974,0.98245,False,3.0957,3.1404,3.1238,3.2315,0.223177,0.157582
CHNCXR_0239_0,Shenzhen,0,3,True,DWT,90,261632,61637,4.244723,1.884693,48.7932,0.993045,47.7897,49.1631,0.994235,0.992767,False,3.1661,3.2145,3.6241,3.6571,0.422909,0.340072
CHNCXR_0240_0,Shenzhen,0,2,True,DWT,10,261632,1411,185.423104,0.043145,30.8075,0.828986,28.388,31.7542,0.674023,0.8656,False,2.2061,2.2523,2.2183,2.437,0.10552,0.022171
CHNCXR_0240_0,Shenzhen,0,2,True,DWT,20,261632,3000,87.210667,0.091732,32.6726,0.867327,30.0113,33.7634,0.739016,0.897615,False,2.4722,2.5648,0.9852,1.6137,0.092459,0.030313
CHNCXR_0240_0,Shenzhen,0,2,True,DWT,30,261632,5307,49.299416,0.162274,34.5724,0.902459,31.7727,35.7517,0.806894,0.924068,False,2.6807,2.8002,0.8788,1.5591,0.10149,0.051579
CHNCXR_0240_0,Shenzhen,0,2,True,DWT,50,261632,11021,23.739407,0.336992,39.0454,0.95522,35.8367,40.5158,0.916998,0.965244,False,2.9613,3.0602,1.8964,2.2808,0.137462,0.078327
CHNCXR_0240_0,Shenzhen,0,2,True,DWT,70,261632,24551,10.656674,0.750703,43.468,0.980619,40.3776,44.8493,0.969343,0.983883,False,3.1296,3.1728,3.044,3.1647,0.212233,0.146728
CHNCXR_0240_0,Shenzhen,0,2,True,DWT,90,261632,57347,4.562261,1.753516,49.076,0.993432,47.7934,49.4867,0.994275,0.993307,False,3.1979,3.2485,3.5881,3.6257,0.403131,0.326038
CHNCXR_0241_0,Shenzhen,0,3,True,DWT,10,260096,1708,152.28103,0.052534,30.1624,0.822735,30.7985,29.8037,0.756904,0.859137,False,2.1671,2.2338,1.4568,1.9179,0.082593,0.029958
CHNCXR_0241_0,Shenzhen,0,3,True,DWT,20,260096,3349,77.66378,0.103008,32.1053,0.857677,32.5279,31.858,0.800964,0.890969,False,2.4167,2.4653,1.0311,1.6584,0.081511,0.031208
CHNCXR_0241_0,Shenzhen,0,3,True,DWT,30,260096,5011,51.905009,0.154128,34.7434,0.89312,34.3115,35.0403,0.849038,0.920692,False,2.6051,2.6636,1.4067,1.9373,0.096635,0.043362
CHNCXR_0241_0,Shenzhen,0,3,True,DWT,50,260096,11119,23.392032,0.341997,39.4663,0.947679,38.1384,40.5789,0.927354,0.96122,False,2.809,2.838,2.262,2.5684,0.136021,0.076839
CHNCXR_0241_0,Shenzhen,0,3,True,DWT,70,260096,24487,10.621799,0.753168,43.7189,0.976743,42.2122,45.0388,0.969977,0.981581,False,2.9369,2.973,3.0065,3.1502,0.215996,0.1489
CHNCXR_0241_0,Shenzhen,0,3,True,DWT,90,260096,57504,4.523094,1.768701,48.8112,0.991796,48.0652,49.3588,0.991684,0.992093,False,2.9849,3.0116,3.7028,3.7439,0.396699,0.311873
CHNCXR_0242_0,Shenzhen,0,4,True,DWT,10,251904,1755,143.535043,0.055736,29.7795,0.818175,31.2962,29.0102,0.761099,0.850731,False,2.1577,2.2222,1.3524,1.801,0.067332,0.020518
CHNCXR_0242_0,Shenzhen,0,4,True,DWT,20,251904,3385,74.417725,0.107501,31.7015,0.851419,32.8071,31.1031,0.799946,0.88351,False,2.4067,2.4421,0.9825,1.6143,0.081562,0.033782
CHNCXR_0242_0,Shenzhen,0,4,True,DWT,30,251904,4961,50.77686,0.157552,34.5689,0.888748,34.4616,34.6409,0.844266,0.918174,False,2.5914,2.646,1.4733,1.9627,0.090067,0.047368
CHNCXR_0242_0,Shenzhen,0,4,True,DWT,50,251904,11192,22.507505,0.355437,39.5386,0.947448,38.3924,40.4997,0.927068,0.962267,False,2.8134,2.846,2.2576,2.5474,0.132663,0.075617
CHNCXR_0242_0,Shenzhen,0,4,True,DWT,70,251904,24134,10.437723,0.766451,43.8417,0.977077,42.4411,45.0922,0.970048,0.982448,False,2.9342,2.9571,2.9498,3.0993,0.203146,0.142405
CHNCXR_0242_0,Shenzhen,0,4,True,DWT,90,251904,55374,4.549139,1.758575,48.9996,0.992097,48.2335,49.5885,0.991602,0.992691,False,2.981,3.0016,3.6539,3.699,0.373873,0.299304
CHNCXR_0243_0,Shenzhen,0,3,True,DWT,10,257024,1495,171.922408,0.046533,31.0774,0.845436,30.6048,31.2754,0.736424,0.88757,False,2.0955,2.179,1.0412,1.6115,0.068476,0.019395
CHNCXR_0243_0,Shenzhen,0,3,True,DWT,20,257024,2796,91.925608,0.087027,33.284,0.877223,32.3234,33.7222,0.785171,0.91313,False,2.3824,2.4421,0.8801,1.554,0.077803,0.029528
CHNCXR_0243_0,Shenzhen,0,3,True,DWT,30,257024,4035,63.698637,0.125591,35.5521,0.90446,33.8651,36.4353,0.830922,0.933129,False,2.583,2.6466,1.338,1.8682,0.085352,0.038678
CHNCXR_0243_0,Shenzhen,0,3,True,DWT,50,257024,9266,27.738398,0.288409,39.9228,0.953501,37.5966,41.3176,0.919311,0.967049,False,2.8591,2.9429,2.0046,2.3735,0.121509,0.066546
CHNCXR_0243_0,Shenzhen,0,3,True,DWT,70,257024,21197,12.125489,0.659767,44.3038,0.97986,41.886,45.784,0.968431,0.984547,False,3.0,3.044,2.8785,3.0297,0.191142,0.129863
CHNCXR_0243_0,Shenzhen,0,3,True,DWT,90,257024,49457,5.196919,1.539374,49.4107,0.992692,48.1672,50.0082,0.992176,0.992999,False,3.0666,3.0972,3.5863,3.6248,0.357123,0.291186
CHNCXR_0244_0,Shenzhen,0,2,True,DWT,10,250880,1660,151.13253,0.052934,30.0478,0.810551,30.416,29.8727,0.726389,0.849702,False,2.1841,2.2476,1.5786,1.973,0.065008,0.016586
CHNCXR_0244_0,Shenzhen,0,2,True,DWT,20,250880,3259,76.980669,0.103922,31.8166,0.845539,31.8632,31.7932,0.771278,0.880717,False,2.4278,2.4675,0.9672,1.6151,0.07703,0.030302
CHNCXR_0244_0,Shenzhen,0,2,True,DWT,30,250880,4849,51.738503,0.154624,34.5562,0.883769,33.6811,35.077,0.828981,0.911689,False,2.6219,2.6833,1.5031,1.9874,0.088069,0.038567
CHNCXR_0244_0,Shenzhen,0,2,True,DWT,50,250880,11025,22.755556,0.351562,39.0004,0.944946,37.6833,39.8586,0.921835,0.957319,False,2.8392,2.8778,2.3105,2.605,0.126767,0.074406
CHNCXR_0244_0,Shenzhen,0,2,True,DWT,70,250880,24608,10.195059,0.784694,43.5231,0.97662,41.834,44.7185,0.968499,0.981298,False,2.9603,2.9944,3.0129,3.1479,0.208801,0.144136
CHNCXR_0244_0,Shenzhen,0,2,True,DWT,90,250880,57194,4.386474,1.823788,48.8649,0.992241,48.02,49.3646,0.992141,0.992485,False,3.0091,3.0421,3.6839,3.7258,0.392216,0.306541
CHNCXR_0245_0,Shenzhen,0,0,True,DWT,10,262144,1564,167.611253,0.047729,30.3681,0.821051,27.7663,31.5777,0.659312,0.86618,False,2.2689,2.3935,2.6341,2.7663,0.067048,0.017743
CHNCXR_0245_0,Shenzhen,0,0,True,DWT,20,262144,3725,70.374228,0.113678,32.2018,0.862858,29.579,33.4265,0.737918,0.897126,False,2.526,2.6065,0.7551,1.4778,0.088678,0.03689
CHNCXR_0245_0,Shenzhen,0,0,True,DWT,30,262144,5814,45.088407,0.177429,34.1674,0.89988,31.3451,35.5413,0.80706,0.924898,False,2.7272,2.8179,0.9712,1.629,0.107744,0.051692
CHNCXR_0245_0,Shenzhen,0,0,True,DWT,50,262144,11998,21.848975,0.36615,38.6742,0.955151,35.4328,40.4049,0.917848,0.966213,False,2.9403,3.0123,2.0166,2.3706,0.145222,0.08574
CHNCXR_0245_0,Shenzhen,0,0,True,DWT,70,262144,26324,9.958365,0.803345,43.2735,0.980802,40.2999,44.769,0.97087,0.984014,False,3.0791,3.1335,3.1224,3.2256,0.22018,0.154847
CHNCXR_0245_0,Shenzhen,0,0,True,DWT,90,262144,60471,4.335037,1.845428,48.9657,0.99347,47.7822,49.3887,0.994599,0.99322,False,3.1363,3.1906,3.6273,3.6643,0.413957,0.328219
CHNCXR_0246_0,Shenzhen,0,3,True,DWT,10,257536,1355,190.063469,0.042091,31.4258,0.84469,30.3203,31.809,0.720815,0.880816,False,2.0238,2.1389,1.177,1.6765,0.065411,0.021834
CHNCXR_0246_0,Shenzhen,0,3,True,DWT,20,257536,2735,94.163071,0.084959,33.6287,0.876704,31.8828,34.305,0.772299,0.907302,False,2.3244,2.3873,0.7694,1.4733,0.076417,0.029717
CHNCXR_0246_0,Shenzhen,0,3,True,DWT,30,257536,3792,67.915612,0.117793,35.9029,0.90667,33.4369,36.9973,0.824779,0.930982,False,2.5504,2.6412,1.2506,1.8226,0.084589,0.034495
CHNCXR_0246_0,Shenzhen,0,3,True,DWT,50,257536,8775,29.348832,0.272583,40.2385,0.954619,37.2034,41.7551,0.91722,0.965997,False,2.8399,2.8897,1.9047,2.3011,0.116418,0.065721
CHNCXR_0246_0,Shenzhen,0,3,True,DWT,70,257536,19924,12.925918,0.618912,44.3442,0.979567,41.3479,45.8287,0.966717,0.983617,False,3.0376,3.0772,2.7507,2.9291,0.18147,0.129097
CHNCXR_0246_0,Shenzhen,0,3,True,DWT,90,257536,47853,5.381815,1.486487,49.4513,0.99255,48.0155,49.9778,0.992579,0.992639,False,3.0978,3.1458,3.5372,3.5807,0.337166,0.269945
CHNCXR_0247_0,Shenzhen,0,2,True,DWT,10,257024,1529,168.099411,0.047591,31.0856,0.857171,30.7124,31.1768,0.747973,0.882102,False,2.1062,2.2176,1.2366,1.7253,0.067601,0.019392
CHNCXR_0247_0,Shenzhen,0,2,True,DWT,20,257024,2950,87.12678,0.09182,33.1727,0.885669,32.3483,33.3881,0.791676,0.907131,False,2.4028,2.4514,0.8403,1.5213,0.082218,0.033296
CHNCXR_0247_0,Shenzhen,0,2,True,DWT,30,257024,4292,59.884436,0.133591,35.7491,0.913971,34.1912,36.206,0.842966,0.929965,False,2.6095,2.6543,1.1925,1.7711,0.089533,0.040106
CHNCXR_0247_0,Shenzhen,0,2,True,DWT,50,257024,9150,28.090055,0.284798,40.1788,0.956528,37.7674,40.9976,0.922592,0.964434,False,2.8728,2.9506,1.9898,2.3618,0.117321,0.062273
CHNCXR_0247_0,Shenzhen,0,2,True,DWT,70,257024,20583,12.487198,0.640656,44.4033,0.979897,41.8406,45.2976,0.96818,0.982775,False,3.0077,3.061,2.8537,3.0183,0.185627,0.126219
CHNCXR_0247_0,Shenzhen,0,2,True,DWT,90,257024,48760,5.271206,1.517679,49.2871,0.992269,48.048,49.6323,0.992124,0.992396,False,3.0645,3.1242,3.5883,3.628,0.360313,0.282785
CHNCXR_0248_0,Shenzhen,0,4,True,DWT,10,229376,1721,133.280651,0.060024,29.8209,0.819749,30.5758,29.5512,0.756417,0.838814,False,2.1473,2.2318,1.2889,1.7885,0.062863,0.019181
CHNCXR_0248_0,Shenzhen,0,4,True,DWT,20,229376,3046,75.304005,0.106236,31.5913,0.852738,32.2647,31.3478,0.799613,0.870489,False,2.409,2.4826,1.0467,1.649,0.071496,0.027602
CHNCXR_0248_0,Shenzhen,0,4,True,DWT,30,229376,4951,46.329226,0.172677,34.1942,0.886831,33.9986,34.2753,0.846657,0.900824,False,2.5937,2.6493,1.1566,1.7528,0.086941,0.04145
CHNCXR_0248_0,Shenzhen,0,4,True,DWT,50,229376,10012,22.910108,0.349191,38.983,0.94161,37.7609,39.5904,0.924718,0.948916,False,2.8232,2.8542,2.1963,2.5193,0.119007,0.067776
CHNCXR_0248_0,Shenzhen,0,4,True,DWT,70,229376,22728,10.092221,0.79269,42.9037,0.970453,41.6874,43.5075,0.967107,0.972645,False,2.9344,3.0,3.0516,3.1942,0.188261,0.133133
CHNCXR_0248_0,Shenzhen,0,4,True,DWT,90,229376,58287,3.935286,2.032889,48.1114,0.990286,47.7806,48.2517,0.99164,0.990042,False,2.9714,3.0069,3.7073,3.7408,0.405983,0.337876
CHNCXR_0249_0,Shenzhen,0,1,True,DWT,10,261632,1548,169.01292,0.047334,31.1584,0.829138,28.1158,32.2683,0.675749,0.860641,False,2.1994,2.2616,1.3505,1.8361,0.06892,0.020666
CHNCXR_0249_0,Shenzhen,0,1,True,DWT,20,261632,3506,74.624073,0.107204,32.7882,0.866664,29.7928,33.8711,0.744326,0.890436,False,2.4408,2.5625,0.6467,1.4026,0.087527,0.036835
CHNCXR_0249_0,Shenzhen,0,1,True,DWT,30,261632,5471,47.821605,0.167288,34.8201,0.902886,31.6521,36.0042,0.819511,0.919855,False,2.6182,2.7261,0.8381,1.5398,0.107052,0.051967
CHNCXR_0249_0,Shenzhen,0,1,True,DWT,50,261632,10972,23.845425,0.335494,39.1616,0.954735,35.5671,40.6258,0.919725,0.962793,False,2.8711,2.9313,1.8749,2.2737,0.138141,0.080227
CHNCXR_0249_0,Shenzhen,0,1,True,DWT,70,261632,24258,10.78539,0.741744,43.57,0.980198,40.2656,44.8388,0.971136,0.982463,False,2.9823,3.0347,3.0127,3.1373,0.217983,0.149923
CHNCXR_0249_0,Shenzhen,0,1,True,DWT,90,261632,56936,4.595195,1.740949,49.0194,0.993009,47.792,49.3466,0.994792,0.992718,False,3.0083,3.0586,3.6144,3.6472,0.403,0.321641
CHNCXR_0250_0,Shenzhen,0,4,True,DWT,10,258048,1537,167.890696,0.04765,30.6238,0.833442,30.5122,30.6735,0.739086,0.87372,False,2.1192,2.223,1.3033,1.7914,0.066399,0.019722
CHNCXR_0250_0,Shenzhen,0,4,True,DWT,20,258048,2981,86.56424,0.092417,32.6911,0.864686,32.1072,32.9729,0.783695,0.89935,False,2.3824,2.4398,0.8838,1.5595,0.082214,0.034227
CHNCXR_0250_0,Shenzhen,0,4,True,DWT,30,258048,4277,60.333879,0.132595,35.201,0.898072,33.7297,36.0417,0.834236,0.925794,False,2.5876,2.6528,1.4433,1.9521,0.090704,0.038396
CHNCXR_0250_0,Shenzhen,0,4,True,DWT,50,258048,9946,25.944902,0.308346,39.5317,0.949756,37.4029,40.935,0.91856,0.963542,False,2.8546,2.9174,2.1466,2.4797,0.131489,0.07216
CHNCXR_0250_0,Shenzhen,0,4,True,DWT,70,258048,22879,11.278815,0.709294,43.8966,0.97844,41.6653,45.4032,0.967716,0.983377,False,2.9719,3.0224,2.9529,3.0878,0.205342,0.140101
CHNCXR_0250_0,Shenzhen,0,4,True,DWT,90,258048,53641,4.810649,1.662977,49.2132,0.992594,48.0605,49.8314,0.992209,0.992869,False,3.0384,3.0818,3.6188,3.6573,0.37803,0.300538
CHNCXR_0251_0,Shenzhen,0,0,True,DWT,10,258560,1730,149.456647,0.053527,30.0542,0.847439,30.8799,29.7911,0.741363,0.881627,False,2.114,2.2014,1.1619,1.6502,0.071826,0.024867
CHNCXR_0251_0,Shenzhen,0,0,True,DWT,20,258560,3246,79.65496,0.100433,33.3342,0.878798,32.4365,33.7096,0.78813,0.909707,False,2.4059,2.4475,0.8898,1.5205,0.083774,0.032972
CHNCXR_0251_0,Shenzhen,0,0,True,DWT,30,258560,4645,55.664155,0.143719,35.5217,0.908028,34.0831,36.1848,0.836367,0.933967,False,2.6463,2.7153,1.2101,1.7796,0.092818,0.040136
CHNCXR_0251_0,Shenzhen,0,0,True,DWT,50,258560,9617,26.885723,0.297556,40.3014,0.95585,37.737,41.7901,0.919782,0.969088,False,2.9461,2.9977,2.0227,2.4055,0.121545,0.077388
CHNCXR_0251_0,Shenzhen,0,0,True,DWT,70,258560,20770,12.448724,0.642636,44.5567,0.980644,41.8328,46.197,0.967111,0.985907,False,3.1253,3.169,2.9289,3.0965,0.185113,0.121337
CHNCXR_0251_0,Shenzhen,0,0,True,DWT,90,258560,47962,5.390934,1.483973,49.7222,0.993159,48.1063,50.4926,0.991992,0.993736,False,3.2027,3.2423,3.5782,3.6358,0.341394,0.258188
CHNCXR_0252_0,Shenzhen,0,1,True,DWT,10,261120,1463,178.48257,0.044822,30.4398,0.819314,28.011,31.7036,0.665145,0.866733,False,2.2318,2.2832,2.5543,2.707,0.066423,0.019475
CHNCXR_0252_0,Shenzhen,0,1,True,DWT,20,261120,3152,82.84264,0.096569,32.1843,0.858792,29.6812,33.5076,0.735347,0.89633,False,2.4861,2.5949,1.0262,1.6512,0.080646,0.032415
CHNCXR_0252_0,Shenzhen,0,1,True,DWT,30,261120,5718,45.666317,0.175184,34.3325,0.900465,31.5311,35.9144,0.809717,0.927697,False,2.6841,2.8032,0.8989,1.5739,0.107166,0.054763
CHNCXR_0252_0,Shenzhen,0,1,True,DWT,50,261120,11714,22.291275,0.358885,38.8147,0.955449,35.6253,40.789,0.918625,0.968161,False,2.94,3.0401,1.9791,2.3531,0.141758,0.08457
CHNCXR_0252_0,Shenzhen,0,1,True,DWT,70,261120,25591,10.203587,0.784038,43.3427,0.981071,40.4378,45.0225,0.970922,0.984754,False,3.1015,3.1559,3.065,3.1871,0.221834,0.14929
CHNCXR_0252_0,Shenzhen,0,1,True,DWT,90,261120,59049,4.42209,1.809099,49.0384,0.993641,47.8422,49.5292,0.994531,0.993436,False,3.1622,3.2037,3.618,3.6551,0.412335,0.332014
CHNCXR_0253_0,Shenzhen,0,4,True,DWT,10,257024,1362,188.71072,0.042393,31.2794,0.847733,30.9637,31.3801,0.750055,0.875736,False,2.0848,2.1975,1.2252,1.7212,0.075493,0.02005
CHNCXR_0253_0,Shenzhen,0,4,True,DWT,20,257024,2749,93.497272,0.085564,33.3248,0.874677,32.5901,33.5753,0.789737,0.89927,False,2.3538,2.4252,0.7573,1.4693,0.079602,0.029978
CHNCXR_0253_0,Shenzhen,0,4,True,DWT,30,257024,3966,64.806858,0.123444,35.7381,0.904208,34.2595,36.3095,0.837991,0.923898,False,2.5588,2.6273,1.2678,1.8295,0.089313,0.037034
CHNCXR_0253_0,Shenzhen,0,4,True,DWT,50,257024,9018,28.50122,0.28069,39.9981,0.951582,37.8772,40.9208,0.919846,0.961246,False,2.8418,2.9012,1.9705,2.3604,0.123779,0.067318
CHNCXR_0253_0,Shenzhen,0,4,True,DWT,70,257024,20764,12.378347,0.64629,44.3275,0.97899,42.0031,45.3796,0.967764,0.982619,False,2.959,2.9992,2.8195,2.9862,0.195202,0.131172
CHNCXR_0253_0,Shenzhen,0,4,True,DWT,90,257024,49130,5.231508,1.529196,49.4988,0.992679,48.1907,49.9896,0.991839,0.993025,False,3.0283,3.071,3.5683,3.6068,0.350077,0.275134
CHNCXR_0254_0,Shenzhen,0,0,True,DWT,10,259072,1617,160.217687,0.049932,30.645,0.82952,30.7242,30.6117,0.734235,0.86758,False,2.1622,2.233,1.3321,1.7822,0.067164,0.021522
CHNCXR_0254_0,Shenzhen,0,0,True,DWT,20,259072,3162,81.932954,0.097641,32.4817,0.864645,32.1911,32.6116,0.782592,0.897386,False,2.4244,2.4985,0.8168,1.5081,0.082139,0.031893
CHNCXR_0254_0,Shenzhen,0,0,True,DWT,30,259072,4542,57.03919,0.140254,35.2385,0.89674,33.7762,36.0503,0.829703,0.923862,False,2.6111,2.6659,1.2366,1.8063,0.091192,0.043556
CHNCXR_0254_0,Shenzhen,0,0,True,DWT,50,259072,10074,25.716895,0.31108,39.6235,0.950013,37.3738,41.105,0.916901,0.96471,False,2.8762,2.9205,2.0902,2.4312,0.124368,0.070589
CHNCXR_0254_0,Shenzhen,0,0,True,DWT,70,259072,22854,11.335959,0.705719,44.0201,0.978872,41.5642,45.7193,0.967049,0.984322,False,2.9888,3.0401,2.9399,3.0827,0.212213,0.139004
CHNCXR_0254_0,Shenzhen,0,0,True,DWT,90,259072,52797,4.906945,1.630342,49.3532,0.992841,48.0067,50.0836,0.992134,0.993286,False,3.0518,3.0887,3.5919,3.6319,0.373793,0.290917
CHNCXR_0255_0,Shenzhen,0,0,True,DWT,10,232448,1465,158.667577,0.05042,30.302,0.82758,29.8424,30.4928,0.703289,0.873639,False,2.1868,2.2593,1.4936,1.9239,0.058667,0.016153
CHNCXR_0255_0,Shenzhen,0,0,True,DWT,20,232448,2876,80.823366,0.098981,32.2955,0.863755,31.3744,32.7099,0.758911,0.902896,False,2.4214,2.4613,1.0151,1.6461,0.072072,0.026308
CHNCXR_0255_0,Shenzhen,0,0,True,DWT,30,232448,4362,53.289317,0.150124,35.0491,0.898301,33.0842,36.1305,0.819358,0.928766,False,2.6155,2.67,1.4123,1.9107,0.081976,0.036661
CHNCXR_0255_0,Shenzhen,0,0,True,DWT,50,232448,9534,24.380952,0.328125,39.5409,0.952231,37.0713,41.0593,0.91922,0.965151,False,2.871,2.9242,2.2494,2.5561,0.114365,0.065029
CHNCXR_0255_0,Shenzhen,0,0,True,DWT,70,232448,21318,10.903837,0.733687,43.9872,0.979472,41.3885,45.6338,0.968349,0.984136,False,2.9664,3.0194,3.0126,3.1578,0.222791,0.124449
CHNCXR_0255_0,Shenzhen,0,0,True,DWT,90,232448,48530,4.78978,1.670223,49.2605,0.992751,47.8975,49.9258,0.992548,0.992962,False,3.0375,3.085,3.6499,3.6918,0.335273,0.275504
CHNCXR_0256_0,Shenzhen,0,0,True,DWT,10,239104,1520,157.305263,0.050857,30.3938,0.827721,30.8012,30.2842,0.759419,0.844339,False,2.1267,2.2116,1.5091,1.9221,0.065121,0.015662
CHNCXR_0256_0,Shenzhen,0,0,True,DWT,20,239104,2950,81.052203,0.098702,32.2687,0.860858,32.7092,32.1507,0.802919,0.87486,False,2.3974,2.4412,0.9325,1.6036,0.077116,0.030118
CHNCXR_0256_0,Shenzhen,0,0,True,DWT,30,239104,4328,55.245841,0.144807,34.8045,0.890338,34.3955,34.9287,0.846123,0.902262,False,2.6083,2.6544,1.4178,1.9562,0.082039,0.036961
CHNCXR_0256_0,Shenzhen,0,0,True,DWT,50,239104,9661,24.749405,0.32324,39.0803,0.938607,37.9736,39.4559,0.921445,0.944232,False,2.8569,2.924,2.1248,2.4995,0.133136,0.063934
CHNCXR_0256_0,Shenzhen,0,0,True,DWT,70,239104,22463,10.644348,0.751573,42.6514,0.966968,41.6067,43.0024,0.96401,0.968441,False,2.9777,3.0335,3.0417,3.1975,0.192305,0.131718
CHNCXR_0256_0,Shenzhen,0,0,True,DWT,90,239104,61522,3.88648,2.058418,47.9466,0.989676,47.7595,48.0015,0.991111,0.989486,False,3.0531,3.1062,3.6841,3.7142,0.429387,0.34044
CHNCXR_0257_0,Shenzhen,0,2,True,DWT,10,261632,1395,187.549821,0.042655,30.6884,0.831839,28.545,31.7557,0.695342,0.874636,False,2.2249,2.2515,2.4644,2.6321,0.06387,0.017232
CHNCXR_0257_0,Shenzhen,0,2,True,DWT,20,261632,3047,85.865441,0.093169,32.6429,0.868778,30.1966,33.9405,0.758405,0.903509,False,2.4994,2.5702,1.0115,1.636,0.080538,0.029593
CHNCXR_0257_0,Shenzhen,0,2,True,DWT,30,261632,5351,48.894038,0.163619,34.5227,0.901965,31.8915,35.9757,0.818918,0.927653,False,2.6821,2.7909,0.8963,1.5716,0.103308,0.050112
CHNCXR_0257_0,Shenzhen,0,2,True,DWT,50,261632,11172,23.418546,0.34161,38.9538,0.954318,35.8936,40.8201,0.919228,0.966465,False,2.9433,3.0486,1.9319,2.3156,0.138171,0.082412
CHNCXR_0257_0,Shenzhen,0,2,True,DWT,70,261632,24784,10.556488,0.757828,43.3742,0.980033,40.5397,45.0131,0.970033,0.983779,False,3.1237,3.159,3.0616,3.1779,0.223734,0.150785
CHNCXR_0257_0,Shenzhen,0,2,True,DWT,90,261632,58220,4.493851,1.78021,48.9963,0.993309,47.784,49.5021,0.994182,0.993104,False,3.1874,3.2346,3.6077,3.6468,0.406746,0.318659
CHNCXR_0258_0,Shenzhen,0,0,True,DWT,10,257536,1732,148.692841,0.053802,30.2825,0.8446,30.3685,30.2579,0.729371,0.874946,False,2.1817,2.2647,1.1752,1.7029,0.067773,0.020402
CHNCXR_0258_0,Shenzhen,0,0,True,DWT,20,257536,3608,71.379157,0.112078,32.3797,0.877654,32.0812,32.4702,0.773153,0.905248,False,2.4512,2.5633,0.6773,1.421,0.091828,0.037553
CHNCXR_0258_0,Shenzhen,0,0,True,DWT,30,257536,4958,51.943526,0.154013,35.3904,0.907112,33.6301,36.0701,0.8228,0.931032,False,2.6539,2.7153,1.1286,1.7346,0.093893,0.042558
CHNCXR_0258_0,Shenzhen,0,0,True,DWT,50,257536,10434,24.682385,0.324118,39.9952,0.955079,37.4163,41.1589,0.91678,0.966606,False,2.8933,2.9522,1.801,2.2217,0.131265,0.076514
CHNCXR_0258_0,Shenzhen,0,0,True,DWT,70,257536,22119,11.643203,0.687096,44.3111,0.980188,41.5526,45.6026,0.966767,0.984381,False,3.0216,3.0903,2.971,3.1162,0.196643,0.14918
CHNCXR_0258_0,Shenzhen,0,0,True,DWT,90,257536,50605,5.089141,1.571974,49.4182,0.99276,47.9411,49.9607,0.992145,0.993063,False,3.0931,3.135,3.6562,3.7019,0.354529,0.276346
CHNCXR_0259_0,Shenzhen,0,4,True,DWT,10,233984,1639,142.76022,0.056038,30.7535,0.860099,30.858,30.7319,0.746008,0.880111,False,2.1463,2.2247,1.2733,1.7653,0.060403,0.017771
CHNCXR_0259_0,Shenzhen,0,4,True,DWT,20,233984,2873,81.442395,0.098229,32.7121,0.887914,32.5057,32.7567,0.792617,0.905014,False,2.4295,2.4924,1.0276,1.664,0.071768,0.026352
CHNCXR_0259_0,Shenzhen,0,4,True,DWT,30,233984,4303,54.376946,0.147121,35.7197,0.918213,34.0321,36.1763,0.839406,0.933204,False,2.6554,2.7315,1.3845,1.9126,0.082719,0.036757
CHNCXR_0259_0,Shenzhen,0,4,True,DWT,50,233984,9017,25.949207,0.308295,40.5439,0.961895,38.0814,41.3028,0.928684,0.968777,False,2.9492,2.9773,2.1226,2.4819,0.108909,0.060328
CHNCXR_0259_0,Shenzhen,0,4,True,DWT,70,233984,18822,12.43141,0.643531,45.1665,0.982945,42.2269,46.1537,0.9714,0.985671,False,3.1226,3.1835,2.8731,3.0656,0.163219,0.113024
CHNCXR_0259_0,Shenzhen,0,4,True,DWT,90,233984,40899,5.72102,1.398352,49.818,0.992923,48.2706,50.2273,0.992613,0.993161,False,3.1874,3.2146,3.65,3.7057,0.286362,0.216048
CHNCXR_0260_0,Shenzhen,0,4,True,DWT,10,256512,1434,178.878661,0.044723,31.2875,0.858776,30.6684,31.4651,0.747061,0.885486,False,2.0747,2.1636,1.4065,1.8516,0.06844,0.018325
CHNCXR_0260_0,Shenzhen,0,4,True,DWT,20,256512,2802,91.546039,0.087388,33.3532,0.885992,32.3013,33.676,0.791528,0.908936,False,2.3584,2.4267,0.8123,1.5104,0.079395,0.030105
CHNCXR_0260_0,Shenzhen,0,4,True,DWT,30,256512,4024,63.745527,0.125499,35.9454,0.91388,33.9606,36.6587,0.840308,0.932385,False,2.5849,2.6481,1.3104,1.8574,0.086839,0.035525
CHNCXR_0260_0,Shenzhen,0,4,True,DWT,50,256512,8952,28.654155,0.279192,40.3629,0.957141,37.7531,41.4162,0.923587,0.966035,False,2.8227,2.8873,2.0164,2.3878,0.127949,0.063983
CHNCXR_0260_0,Shenzhen,0,4,True,DWT,70,256512,20134,12.74024,0.627932,44.6515,0.981099,41.8929,45.7979,0.969185,0.984407,False,2.98,3.0355,2.8024,2.9801,0.196125,0.127
CHNCXR_0260_0,Shenzhen,0,4,True,DWT,90,256512,46670,5.496293,1.455526,49.6797,0.993001,48.1381,50.1926,0.992278,0.993278,False,3.043,3.088,3.5987,3.6453,0.329915,0.262608
CHNCXR_0261_0,Shenzhen,0,3,True,DWT,10,258048,1551,166.375242,0.048084,30.15,0.818094,28.2993,30.8517,0.691783,0.847998,False,2.2295,2.3025,2.3017,2.5218,0.064524,0.018131
CHNCXR_0261_0,Shenzhen,0,3,True,DWT,20,258048,3203,80.564471,0.099299,32.03,0.856926,29.9844,32.8336,0.754915,0.880983,False,2.4791,2.5965,1.0475,1.6788,0.082985,0.031442
CHNCXR_0261_0,Shenzhen,0,3,True,DWT,30,258048,5787,44.59098,0.179408,34.1122,0.895904,31.7604,35.091,0.818671,0.914346,False,2.6608,2.7114,0.9242,1.6033,0.112311,0.05482
CHNCXR_0261_0,Shenzhen,0,3,True,DWT,50,258048,11948,21.59759,0.370412,38.3024,0.950029,35.7045,39.4371,0.918693,0.958962,False,2.8944,2.9637,2.0057,2.3698,0.14363,0.086215
CHNCXR_0261_0,Shenzhen,0,3,True,DWT,70,258048,27252,9.468956,0.844866,42.7965,0.978087,40.4012,43.8018,0.969902,0.980679,False,3.0024,3.0556,3.1355,3.2305,0.225627,0.163363
CHNCXR_0261_0,Shenzhen,0,3,True,DWT,90,258048,65059,3.966369,2.016958,48.6255,0.992924,47.7966,48.8898,0.994383,0.992644,False,3.0691,3.1242,3.613,3.6442,0.436088,0.359049
CHNCXR_0262_0,Shenzhen,0,4,True,DWT,10,256512,1502,170.780293,0.046844,30.9293,0.838278,30.1024,31.2406,0.7083,0.880543,False,2.1015,2.1782,1.1822,1.7056,0.070633,0.018782
CHNCXR_0262_0,Shenzhen,0,4,True,DWT,20,256512,2864,89.564246,0.089321,32.9659,0.869856,31.7194,33.4702,0.760462,0.905426,False,2.3718,2.4491,0.8366,1.526,0.07662,0.029173
CHNCXR_0262_0,Shenzhen,0,4,True,DWT,30,256512,4062,63.149188,0.126684,35.3845,0.900247,33.2621,36.3962,0.812261,0.929562,False,2.6058,2.6775,1.3953,1.9201,0.086911,0.036186
CHNCXR_0262_0,Shenzhen,0,4,True,DWT,50,256512,9492,27.02402,0.296033,39.7429,0.951787,37.1114,41.1374,0.913927,0.964639,False,2.8725,2.9583,2.0926,2.4374,0.120051,0.066934
CHNCXR_0262_0,Shenzhen,0,4,True,DWT,70,256512,21764,11.786069,0.678767,44.0007,0.979134,41.3263,45.4313,0.966439,0.983586,False,2.9976,3.0556,2.8955,3.038,0.194584,0.129882
CHNCXR_0262_0,Shenzhen,0,4,True,DWT,90,256512,51382,4.992254,1.602483,49.3031,0.992768,47.9167,49.8781,0.992452,0.99297,False,3.1102,3.1628,3.5761,3.615,0.358582,0.285563
CHNCXR_0263_0,Shenzhen,0,3,True,DWT,10,257024,1463,175.682843,0.045537,31.1759,0.846085,30.3923,31.4307,0.724836,0.880841,False,2.1171,2.216,1.2226,1.7299,0.068546,0.020756
CHNCXR_0263_0,Shenzhen,0,3,True,DWT,20,257024,2865,89.711693,0.089175,33.2608,0.877383,32.033,33.6902,0.774263,0.906881,False,2.3824,2.4429,0.8233,1.5279,0.077511,0.030302
CHNCXR_0263_0,Shenzhen,0,3,True,DWT,30,257024,4044,63.556874,0.125872,35.5379,0.90597,33.6035,36.304,0.823801,0.929426,False,2.594,2.6404,1.3335,1.8771,0.086861,0.035878
CHNCXR_0263_0,Shenzhen,0,3,True,DWT,50,257024,9329,27.551077,0.29037,40.0875,0.955311,37.5264,41.2314,0.919205,0.965916,False,2.8766,2.9475,2.0001,2.3746,0.120919,0.068575
CHNCXR_0263_0,Shenzhen,0,3,True,DWT,70,257024,20829,12.339719,0.648313,44.4282,0.980725,41.7733,45.6367,0.968367,0.984475,False,3.0073,3.0579,2.8379,3.0001,0.189075,0.128296
CHNCXR_0263_0,Shenzhen,0,3,True,DWT,90,257024,48223,5.329905,1.500965,49.5527,0.993004,48.0574,50.1002,0.992272,0.993315,False,3.0889,3.1304,3.5778,3.6221,0.345969,0.268373
CHNCXR_0264_0,Shenzhen,0,3,True,DWT,10,262144,1523,172.123441,0.046478,30.4342,0.826431,27.7503,31.4083,0.688302,0.855979,False,2.2339,2.2809,2.6281,2.7464,0.065086,0.019252
CHNCXR_0264_0,Shenzhen,0,3,True,DWT,20,262144,3715,70.563661,0.113373,32.1866,0.865453,29.4324,33.1996,0.758484,0.887447,False,2.4827,2.598,0.7322,1.4586,0.088949,0.037831
CHNCXR_0264_0,Shenzhen,0,3,True,DWT,30,262144,5797,45.220631,0.17691,34.3448,0.904486,31.4075,35.4637,0.828877,0.919752,False,2.6649,2.7647,0.9099,1.5927,0.108927,0.054117
CHNCXR_0264_0,Shenzhen,0,3,True,DWT,50,262144,11683,22.438072,0.356537,38.785,0.956416,35.5123,40.1174,0.926945,0.963291,False,2.9098,2.9938,1.9442,2.3155,0.14221,0.08356
CHNCXR_0264_0,Shenzhen,0,3,True,DWT,70,262144,25766,10.174028,0.786316,43.3177,0.980881,40.3661,44.4451,0.973893,0.982757,False,3.0432,3.1057,3.0595,3.174,0.2193,0.155582
CHNCXR_0264_0,Shenzhen,0,3,True,DWT,90,262144,59957,4.3722,1.829742,48.8777,0.99328,47.7258,49.1992,0.99502,0.992962,False,3.0679,3.1088,3.6099,3.645,0.417283,0.33433
CHNCXR_0265_0,Shenzhen,0,3,True,DWT,10,230400,1745,132.034384,0.06059,30.106,0.835723,29.3878,30.2677,0.704719,0.857109,False,2.1856,2.2618,1.1296,1.701,0.063268,0.017694
CHNCXR_0265_0,Shenzhen,0,3,True,DWT,20,230400,2974,77.471419,0.103264,31.9006,0.870285,31.2962,32.0345,0.770448,0.88628,False,2.4468,2.5387,1.0578,1.6831,0.078023,0.02877
CHNCXR_0265_0,Shenzhen,0,3,True,DWT,30,230400,4453,51.7404,0.154618,34.8455,0.904317,33.0106,35.3364,0.826161,0.918656,False,2.6662,2.7172,1.5389,2.0225,0.08286,0.034778
CHNCXR_0265_0,Shenzhen,0,3,True,DWT,50,230400,9644,23.890502,0.334861,39.4742,0.953632,36.9551,40.2303,0.922276,0.959843,False,2.9562,3.016,2.2532,2.5757,0.11549,0.064544
CHNCXR_0265_0,Shenzhen,0,3,True,DWT,70,230400,21227,10.854101,0.737049,44.0961,0.979002,41.2852,44.9846,0.970258,0.981163,False,3.0899,3.1608,3.0579,3.2088,0.181582,0.123649
CHNCXR_0265_0,Shenzhen,0,3,True,DWT,90,230400,48225,4.777605,1.674479,49.0104,0.991843,47.9104,49.2726,0.993381,0.991718,False,3.1655,3.2121,3.7298,3.7698,0.336015,0.262447
CHNCXR_0266_0,Shenzhen,0,4,True,DWT,10,261632,1311,199.566743,0.040087,31.1192,0.841009,28.6189,31.8551,0.693696,0.867075,False,2.1744,2.2377,2.2125,2.4313,0.066556,0.017068
CHNCXR_0266_0,Shenzhen,0,4,True,DWT,20,261632,2906,90.031659,0.088858,33.1674,0.878854,30.4627,33.9925,0.766527,0.898855,False,2.4346,2.5633,0.9047,1.5619,0.079718,0.028776
CHNCXR_0266_0,Shenzhen,0,4,True,DWT,30,261632,5105,51.250147,0.156097,35.0092,0.909659,32.2369,35.8651,0.826418,0.923518,False,2.6369,2.8032,0.8033,1.5144,0.099793,0.049932
CHNCXR_0266_0,Shenzhen,0,4,True,DWT,50,261632,10348,25.28334,0.316414,39.5212,0.957706,36.2879,40.6078,0.925372,0.963965,False,2.9428,2.9915,1.7917,2.2167,0.132484,0.074659
CHNCXR_0266_0,Shenzhen,0,4,True,DWT,70,261632,22672,11.539873,0.693249,43.9014,0.980938,40.7924,44.9221,0.97137,0.983134,False,3.1067,3.1613,2.9478,3.0899,0.198861,0.140273
CHNCXR_0266_0,Shenzhen,0,4,True,DWT,90,261632,53862,4.857451,1.646955,49.0585,0.99294,47.7617,49.3722,0.99412,0.9928,False,3.1897,3.2392,3.6136,3.6539,0.378778,0.300683
CHNCXR_0267_0,Shenzhen,0,3,True,DWT,10,255488,1878,136.042599,0.058805,30.2916,0.843295,29.7031,30.4006,0.698241,0.86673,False,2.132,2.2145,0.881,1.506,0.071386,0.022725
CHNCXR_0267_0,Shenzhen,0,3,True,DWT,20,255488,3573,71.505178,0.11188,32.1324,0.877319,31.245,32.304,0.754499,0.897438,False,2.4105,2.4738,0.6829,1.4202,0.086499,0.039699
CHNCXR_0267_0,Shenzhen,0,3,True,DWT,30,255488,4956,51.551251,0.155185,35.5556,0.909287,33.0371,36.182,0.814716,0.925892,False,2.6357,2.696,1.0649,1.6847,0.09498,0.043002
CHNCXR_0267_0,Shenzhen,0,3,True,DWT,50,255488,10249,24.928091,0.320923,40.2458,0.956864,36.9572,41.1798,0.917476,0.964246,False,2.9336,2.9884,1.7877,2.2071,0.128153,0.074085
CHNCXR_0267_0,Shenzhen,0,3,True,DWT,70,255488,21368,11.956571,0.669088,44.5911,0.981465,41.3232,45.5158,0.969047,0.983906,False,3.1059,3.1782,2.9092,3.0695,0.192401,0.13582
CHNCXR_0267_0,Shenzhen,0,3,True,DWT,90,255488,47780,5.347175,1.496117,49.7602,0.993226,47.9796,50.1537,0.993117,0.993359,False,3.1892,3.2369,3.6097,3.6594,0.339106,0.26139
CHNCXR_0268_0,Shenzhen,0,4,True,DWT,10,226816,1397,162.359341,0.049273,30.5766,0.817024,27.7439,31.7842,0.668659,0.852544,False,2.2133,2.2691,1.2453,1.7682,0.057527,0.015729
CHNCXR_0268_0,Shenzhen,0,4,True,DWT,20,226816,3164,71.686473,0.111597,32.3044,0.858091,29.5075,33.4882,0.748211,0.884207,False,2.4543,2.5868,0.664,1.4147,0.07861,0.03168
CHNCXR_0268_0,Shenzhen,0,4,True,DWT,30,226816,4855,46.718023,0.17124,34.3241,0.897267,31.3133,35.655,0.818585,0.915384,False,2.6471,2.8003,0.8905,1.5706,0.092176,0.043189
CHNCXR_0268_0,Shenzhen,0,4,True,DWT,50,226816,10026,22.622781,0.353626,38.7797,0.953447,35.6456,40.2013,0.926234,0.960859,False,2.945,3.0573,1.9008,2.2937,0.121795,0.077965
CHNCXR_0268_0,Shenzhen,0,4,True,DWT,70,226816,22018,10.30139,0.776594,43.2702,0.979433,40.4388,44.4769,0.973389,0.981352,False,3.0874,3.1345,3.0085,3.1337,0.18772,0.128079
CHNCXR_0268_0,Shenzhen,0,4,True,DWT,90,226816,52224,4.343137,1.841986,48.7602,0.992736,47.7296,49.0785,0.99485,0.992296,False,3.1619,3.2179,3.6186,3.6517,0.35611,0.291221
CHNCXR_0269_0,Shenzhen,0,3,True,DWT,10,259072,1671,155.040096,0.0516,30.6128,0.85401,30.061,30.7478,0.70634,0.884945,False,2.1382,2.216,1.0545,1.6103,0.06943,0.020265
CHNCXR_0269_0,Shenzhen,0,3,True,DWT,20,259072,3260,79.469939,0.100667,32.7572,0.884221,31.5857,33.0724,0.757232,0.911722,False,2.4282,2.4776,0.7818,1.4763,0.086944,0.033745
CHNCXR_0269_0,Shenzhen,0,3,True,DWT,30,259072,4706,55.051424,0.145319,35.9715,0.912111,33.3101,36.8928,0.814551,0.934615,False,2.6597,2.7215,1.2376,1.7951,0.095423,0.042205
CHNCXR_0269_0,Shenzhen,0,3,True,DWT,50,259072,9632,26.89701,0.297431,40.5521,0.958645,37.1527,41.9096,0.916166,0.968812,False,2.9179,2.9769,2.0112,2.3827,0.12569,0.07006
CHNCXR_0269_0,Shenzhen,0,3,True,DWT,70,259072,20642,12.550722,0.637414,44.8056,0.981901,41.389,46.1747,0.967521,0.985519,False,3.0849,3.1458,2.7939,2.9883,0.188744,0.127053
CHNCXR_0269_0,Shenzhen,0,3,True,DWT,90,259072,46397,5.583809,1.432714,49.9346,0.99348,47.9988,50.5243,0.992744,0.993794,False,3.1507,3.1937,3.5811,3.639,0.332125,0.257878
CHNCXR_0270_0,Shenzhen,0,2,True,DWT,10,262144,1520,172.463158,0.046387,30.6992,0.823333,27.8606,31.6928,0.671239,0.853162,False,2.1968,2.2562,1.3722,1.8551,0.06669,0.018815
CHNCXR_0270_0,Shenzhen,0,2,True,DWT,20,262144,3538,74.093838,0.107971,32.6538,0.867822,29.7993,33.6559,0.751088,0.889708,False,2.4496,2.5656,0.6593,1.4107,0.088339,0.036586
CHNCXR_0270_0,Shenzhen,0,2,True,DWT,30,262144,5536,47.352601,0.168945,34.6707,0.903575,31.637,35.7725,0.822491,0.918527,False,2.6283,2.7485,0.8467,1.5424,0.104911,0.054257
CHNCXR_0270_0,Shenzhen,0,2,True,DWT,50,262144,11063,23.695562,0.337616,39.2076,0.956723,35.8485,40.5079,0.925502,0.963732,False,2.908,2.9583,1.8601,2.2541,0.137696,0.082517
CHNCXR_0270_0,Shenzhen,0,2,True,DWT,70,262144,24141,10.858871,0.736725,43.7077,0.981331,40.5492,44.8828,0.972989,0.983435,False,3.0568,3.0849,2.9645,3.0909,0.209187,0.145332
CHNCXR_0270_0,Shenzhen,0,2,True,DWT,90,262144,56043,4.677551,1.710297,49.146,0.993376,47.8481,49.4949,0.994695,0.993179,False,3.115,3.1489,3.6013,3.6397,0.389535,0.305316
CHNCXR_0271_0,Shenzhen,0,0,True,DWT,10,261632,1395,187.549821,0.042655,30.4398,0.821331,28.4067,31.4224,0.687238,0.863619,False,2.2105,2.2415,2.4307,2.6073,0.062351,0.017973
CHNCXR_0271_0,Shenzhen,0,0,True,DWT,20,261632,3058,85.556573,0.093505,32.3509,0.860177,30.1668,33.4392,0.756515,0.892911,False,2.4867,2.5802,1.0098,1.6237,0.080265,0.030278
CHNCXR_0271_0,Shenzhen,0,0,True,DWT,30,261632,5450,48.005872,0.166646,34.2355,0.896892,31.8112,35.5056,0.815786,0.921991,False,2.6906,2.8094,0.9171,1.5866,0.104749,0.049156
CHNCXR_0271_0,Shenzhen,0,0,True,DWT,50,261632,11523,22.705198,0.352342,38.7239,0.953314,35.9301,40.3115,0.92109,0.964339,False,2.9613,3.0625,1.98,2.3444,0.139628,0.083557
CHNCXR_0271_0,Shenzhen,0,0,True,DWT,70,261632,25598,10.220798,0.782718,43.2848,0.980093,40.65,44.7295,0.971081,0.983523,False,3.1283,3.1736,3.0762,3.1925,0.21839,0.153829
CHNCXR_0271_0,Shenzhen,0,0,True,DWT,90,261632,59748,4.378925,1.826932,48.9222,0.993419,47.7504,49.4042,0.994192,0.99326,False,3.1849,3.2369,3.6083,3.6443,0.412969,0.331764
CHNCXR_0272_0,Shenzhen,0,3,True,DWT,10,261120,1825,143.079452,0.055913,29.4792,0.809957,30.4382,29.0412,0.719405,0.856293,False,2.1757,2.2299,1.3794,1.8273,0.068634,0.020651
CHNCXR_0272_0,Shenzhen,0,3,True,DWT,20,261120,3425,76.239416,0.104933,31.4711,0.845831,31.9954,31.2143,0.7663,0.887937,False,2.4386,2.4815,1.0845,1.6756,0.083558,0.033563
CHNCXR_0272_0,Shenzhen,0,3,True,DWT,30,261120,5445,47.955923,0.16682,34.3107,0.881828,33.5434,34.7852,0.81834,0.917351,False,2.643,2.6914,1.358,1.9041,0.097411,0.046526
CHNCXR_0272_0,Shenzhen,0,3,True,DWT,50,261120,11753,22.217306,0.36008,38.8811,0.941202,37.1743,40.1762,0.911112,0.958632,False,2.8797,2.9267,2.3271,2.6213,0.136259,0.080801
CHNCXR_0272_0,Shenzhen,0,3,True,DWT,70,261120,26435,9.877814,0.809896,43.171,0.974204,41.2505,44.7067,0.964186,0.980308,False,2.985,3.0293,3.069,3.188,0.222389,0.158266
CHNCXR_0272_0,Shenzhen,0,3,True,DWT,90,261120,62390,4.185286,1.911458,48.6679,0.991711,47.8425,49.1842,0.992004,0.991778,False,3.0549,3.1034,3.6639,3.7025,0.432407,0.344041
CHNCXR_0273_0,Shenzhen,0,2,True,DWT,10,226304,1649,137.237113,0.058293,30.0068,0.828243,30.2632,29.9123,0.723104,0.866048,False,2.1989,2.2552,1.3617,1.8224,0.062961,0.017497
CHNCXR_0273_0,Shenzhen,0,2,True,DWT,20,226304,3074,73.618738,0.108668,32.0232,0.860298,31.825,32.1018,0.770845,0.89299,False,2.4581,2.5443,0.9759,1.6173,0.074248,0.029831
CHNCXR_0273_0,Shenzhen,0,2,True,DWT,30,226304,4427,51.119042,0.156497,34.7512,0.895749,33.5712,35.306,0.824881,0.921427,False,2.6588,2.7378,1.5097,2.0071,0.082011,0.035653
CHNCXR_0273_0,Shenzhen,0,2,True,DWT,50,226304,9721,23.279909,0.343644,39.4943,0.951026,37.4791,40.6115,0.918807,0.963751,False,2.9339,2.9835,2.253,2.5817,0.115216,0.065761
CHNCXR_0273_0,Shenzhen,0,2,True,DWT,70,226304,21317,10.616128,0.75357,43.9521,0.978884,41.623,45.3343,0.967168,0.983829,False,3.0705,3.1285,3.0143,3.1682,0.180148,0.124715
CHNCXR_0273_0,Shenzhen,0,2,True,DWT,90,226304,48323,4.683153,1.708251,49.1223,0.992575,47.9487,49.6735,0.992193,0.992899,False,3.1481,3.1719,3.6924,3.7416,0.327921,0.266326
CHNCXR_0274_0,Shenzhen,0,3,True,DWT,10,232448,1710,135.934503,0.058852,30.1369,0.808565,30.431,30.0032,0.730636,0.844579,False,2.2053,2.2744,1.1289,1.6964,0.065373,0.018884
CHNCXR_0274_0,Shenzhen,0,3,True,DWT,20,232448,3142,73.980904,0.108136,31.8206,0.841181,31.9675,31.7523,0.774624,0.871391,False,2.4651,2.5446,0.9272,1.5923,0.075673,0.030844
CHNCXR_0274_0,Shenzhen,0,3,True,DWT,30,232448,4499,51.666593,0.154839,34.3559,0.878276,33.5979,34.7702,0.825836,0.903734,False,2.6182,2.6877,1.4618,1.9768,0.082941,0.041017
CHNCXR_0274_0,Shenzhen,0,3,True,DWT,50,232448,10226,22.731078,0.351941,38.7602,0.9397,37.3381,39.6479,0.916263,0.951662,False,2.8571,2.9285,2.3592,2.6451,0.117196,0.069229
CHNCXR_0274_0,Shenzhen,0,3,True,DWT,70,232448,23646,9.830331,0.813808,43.1177,0.973773,41.4523,44.2136,0.965729,0.978203,False,2.9632,3.0269,3.1242,3.2418,0.199191,0.14127
CHNCXR_0274_0,Shenzhen,0,3,True,DWT,90,232448,56486,4.115144,1.944039,48.5366,0.991555,47.8356,48.9157,0.991865,0.991575,False,3.0032,3.0598,3.6989,3.7336,0.393351,0.308319
CHNCXR_0275_0,Shenzhen,0,1,True,DWT,10,262144,1281,204.640125,0.039093,31.5112,0.840153,28.248,32.5645,0.667143,0.870114,False,2.1844,2.233,2.3061,2.5012,0.064001,0.016174
CHNCXR_0275_0,Shenzhen,0,1,True,DWT,20,262144,2798,93.689778,0.085388,33.3079,0.876179,29.7777,34.5067,0.735764,0.900063,False,2.4412,2.5355,0.8468,1.5318,0.079396,0.029466
CHNCXR_0275_0,Shenzhen,0,1,True,DWT,30,262144,5036,52.054011,0.153687,35.1669,0.908218,31.4139,36.4982,0.801543,0.926305,False,2.6474,2.7886,0.7775,1.5034,0.102867,0.050504
CHNCXR_0275_0,Shenzhen,0,1,True,DWT,50,262144,10312,25.421257,0.314697,39.4317,0.956717,35.4783,40.8921,0.917013,0.964298,False,2.9371,3.027,1.7514,2.1792,0.135593,0.078106
CHNCXR_0275_0,Shenzhen,0,1,True,DWT,70,262144,22763,11.516232,0.694672,43.8305,0.980951,40.3463,45.0031,0.971404,0.983029,False,3.088,3.1397,2.9006,3.0435,0.203638,0.140443
CHNCXR_0275_0,Shenzhen,0,1,True,DWT,90,262144,54038,4.851105,1.649109,49.1806,0.99312,47.7578,49.5171,0.994745,0.992901,False,3.1459,3.1875,3.5777,3.6151,0.380806,0.306275
CHNCXR_0276_0,Shenzhen,0,0,True,DWT,10,260096,1566,166.0894,0.048167,30.9825,0.823395,28.5047,31.8979,0.680595,0.853997,False,2.1601,2.2253,0.9502,1.5705,0.069427,0.02048
CHNCXR_0276_0,Shenzhen,0,0,True,DWT,20,260096,3535,73.577369,0.108729,32.9398,0.861532,30.1612,34.0265,0.746769,0.886148,False,2.4142,2.5378,0.5655,1.3505,0.090389,0.038419
CHNCXR_0276_0,Shenzhen,0,0,True,DWT,30,260096,5253,49.513802,0.161571,34.7631,0.892449,31.8977,35.9028,0.807987,0.910497,False,2.6105,2.7253,0.7591,1.4913,0.109172,0.051459
CHNCXR_0276_0,Shenzhen,0,0,True,DWT,50,260096,10549,24.655986,0.324465,38.8067,0.943775,35.6716,40.123,0.912523,0.952092,False,2.8535,2.9282,1.8004,2.2218,0.137154,0.077856
CHNCXR_0276_0,Shenzhen,0,0,True,DWT,70,260096,24696,10.531908,0.759596,42.6402,0.972021,40.1523,43.561,0.967795,0.97361,False,2.9707,3.0193,3.005,3.1324,0.215957,0.150016
CHNCXR_0276_0,Shenzhen,0,0,True,DWT,90,260096,65502,3.97081,2.014702,48.1838,0.990873,47.7478,48.2987,0.994322,0.99019,False,3.0096,3.0594,3.6047,3.6388,0.456164,0.374334
CHNCXR_0277_0,Shenzhen,0,0,True,DWT,10,229376,1489,154.047011,0.051932,30.4621,0.843784,30.53,30.443,0.722464,0.874917,False,2.142,2.2378,1.3437,1.7868,0.056433,0.015184
CHNCXR_0277_0,Shenzhen,0,0,True,DWT,20,229376,2754,83.288308,0.096052,32.7402,0.873093,31.9681,32.9864,0.762919,0.903348,False,2.4192,2.4705,0.9254,1.5805,0.070374,0.025255
CHNCXR_0277_0,Shenzhen,0,0,True,DWT,30,229376,4273,53.680318,0.14903,35.4896,0.903136,33.6667,36.1838,0.817974,0.926891,False,2.642,2.7127,1.0405,1.6707,0.08333,0.040415
CHNCXR_0277_0,Shenzhen,0,0,True,DWT,50,229376,8661,26.483778,0.302072,40.0047,0.951195,37.2387,41.2671,0.91129,0.962828,False,2.9324,2.9844,2.0478,2.4012,0.108607,0.060253
CHNCXR_0277_0,Shenzhen,0,0,True,DWT,70,229376,19318,11.873693,0.673758,44.161,0.978392,41.3086,45.4865,0.964117,0.982811,False,3.1038,3.145,2.8783,3.026,0.1735,0.116339
CHNCXR_0277_0,Shenzhen,0,0,True,DWT,90,229376,45466,5.045001,1.585728,49.3356,0.992446,47.9019,49.8455,0.991953,0.992755,False,3.1795,3.2188,3.61,3.6504,0.32093,0.256457
CHNCXR_0278_0,Shenzhen,0,0,True,DWT,10,235008,1574,149.306226,0.053581,30.0916,0.801113,28.5464,31.2088,0.686654,0.861122,False,2.2804,2.3805,1.4889,1.9534,0.058535,0.016602
CHNCXR_0278_0,Shenzhen,0,0,True,DWT,20,235008,3109,75.589579,0.105835,32.0626,0.844902,30.3764,33.3225,0.75475,0.891879,False,2.52,2.6582,0.9895,1.6295,0.075081,0.028586
CHNCXR_0278_0,Shenzhen,0,0,True,DWT,30,235008,4896,48.0,0.166667,33.923,0.884375,32.1874,35.2352,0.819487,0.917124,False,2.7046,2.7837,1.185,1.7708,0.089753,0.040673
CHNCXR_0278_0,Shenzhen,0,0,True,DWT,50,235008,11072,21.225434,0.376906,38.1875,0.943594,36.1256,39.8787,0.91819,0.957531,False,2.9526,2.9992,2.041,2.398,0.129723,0.07575
CHNCXR_0278_0,Shenzhen,0,0,True,DWT,70,235008,25337,9.275289,0.862507,42.2726,0.973854,40.4662,43.662,0.968319,0.977182,False,3.0698,3.1347,3.1813,3.2771,0.212782,0.150837
CHNCXR_0278_0,Shenzhen,0,0,True,DWT,90,235008,63703,3.68912,2.168539,48.1911,0.992091,47.7127,48.4683,0.99392,0.991247,False,3.1322,3.1751,3.6204,3.6554,0.443221,0.381051
CHNCXR_0279_0,Shenzhen,0,1,True,DWT,10,246784,1853,133.180788,0.060069,29.6867,0.823917,30.3611,29.4014,0.728522,0.868123,False,2.2461,2.2786,1.4088,1.8626,0.065559,0.019848
CHNCXR_0279_0,Shenzhen,0,1,True,DWT,20,246784,3468,71.160323,0.112422,31.574,0.857058,32.0444,31.3685,0.778539,0.893868,False,2.5174,2.5603,1.0286,1.6528,0.080403,0.033072
CHNCXR_0279_0,Shenzhen,0,1,True,DWT,30,246784,5340,46.214232,0.173107,34.7054,0.893626,33.7319,35.2535,0.833574,0.922681,False,2.702,2.754,1.3163,1.8723,0.093717,0.043605
CHNCXR_0279_0,Shenzhen,0,1,True,DWT,50,246784,10848,22.749263,0.35166,39.519,0.949127,37.5214,40.9193,0.92051,0.963514,False,2.9034,2.9468,2.3375,2.6463,0.125616,0.075976
CHNCXR_0279_0,Shenzhen,0,1,True,DWT,70,246784,23467,10.516214,0.76073,43.8378,0.977938,41.6726,45.4183,0.967845,0.98324,False,3.0458,3.1071,3.0384,3.1926,0.206945,0.142571
CHNCXR_0279_0,Shenzhen,0,1,True,DWT,90,246784,53635,4.601175,1.738686,49.0609,0.992301,47.9236,49.7225,0.992014,0.992637,False,3.0518,3.0992,3.7029,3.7471,0.3762,0.289678
CHNCXR_0280_0,Shenzhen,0,3,True,DWT,10,248832,1344,185.142857,0.04321,31.341,0.860538,30.1957,31.6074,0.71509,0.887814,False,2.0061,2.1175,1.041,1.5705,0.065866,0.016481
CHNCXR_0280_0,Shenzhen,0,3,True,DWT,20,248832,2571,96.784131,0.082658,32.7376,0.884769,31.6151,32.9978,0.756945,0.909651,False,2.3039,2.3659,0.7685,1.4609,0.08079,0.028392
CHNCXR_0280_0,Shenzhen,0,3,True,DWT,30,248832,3860,64.464249,0.1241,36.2485,0.911582,33.2981,37.1732,0.817692,0.930962,False,2.5559,2.6595,1.2192,1.7737,0.084956,0.034402
CHNCXR_0280_0,Shenzhen,0,3,True,DWT,50,248832,8483,29.333019,0.27273,40.5808,0.955924,37.0715,41.8025,0.914331,0.964734,False,2.8771,2.9556,1.877,2.2746,0.114985,0.061933
CHNCXR_0280_0,Shenzhen,0,3,True,DWT,70,248832,18628,13.357956,0.598894,44.6319,0.979988,41.2653,45.772,0.966407,0.98297,False,3.0818,3.1341,2.932,3.0854,0.181363,0.117218
CHNCXR_0280_0,Shenzhen,0,3,True,DWT,90,248832,44888,5.543397,1.443158,49.5352,0.992434,47.8816,49.9513,0.992423,0.992538,False,3.1798,3.2262,3.5392,3.5901,0.329427,0.252668
CHNCXR_0281_0,Shenzhen,0,0,True,DWT,10,257536,1417,181.747354,0.044017,31.0814,0.833443,30.3141,31.3922,0.716749,0.87493,False,2.0756,2.1651,1.3079,1.7698,0.069724,0.018658
CHNCXR_0281_0,Shenzhen,0,0,True,DWT,20,257536,2775,92.805766,0.086202,33.0086,0.867054,31.7276,33.5767,0.766166,0.903022,False,2.3658,2.429,0.8486,1.5242,0.082598,0.031024
CHNCXR_0281_0,Shenzhen,0,0,True,DWT,30,257536,4031,63.888861,0.125217,35.5368,0.901486,33.5377,36.5544,0.825738,0.928659,False,2.5898,2.669,1.3379,1.875,0.090795,0.037002
CHNCXR_0281_0,Shenzhen,0,0,True,DWT,50,257536,9311,27.659328,0.289233,39.9289,0.953495,37.5181,41.2672,0.922284,0.964739,False,2.8537,2.929,2.0129,2.3698,0.12827,0.070744
CHNCXR_0281_0,Shenzhen,0,0,True,DWT,70,257536,21186,12.155952,0.658114,44.2567,0.980055,41.846,45.595,0.96973,0.983984,False,3.014,3.0617,2.824,2.9844,0.195068,0.133138
CHNCXR_0281_0,Shenzhen,0,0,True,DWT,90,257536,49978,5.152987,1.552498,49.3474,0.992775,48.0584,49.9198,0.992414,0.993011,False,3.0649,3.1103,3.5747,3.6163,0.350361,0.277668
CHNCXR_0282_0,Shenzhen,0,4,True,DWT,10,259072,1484,174.576819,0.045825,31.071,0.846342,30.579,31.2599,0.7291,0.886692,False,2.1199,2.2153,1.3272,1.786,0.067476,0.019728
CHNCXR_0282_0,Shenzhen,0,4,True,DWT,20,259072,2904,89.212121,0.089674,33.0261,0.875298,32.0498,33.4329,0.773936,0.909939,False,2.3802,2.4282,0.8229,1.5095,0.079368,0.030201
CHNCXR_0282_0,Shenzhen,0,4,True,DWT,30,259072,4121,62.866295,0.127254,35.6317,0.907554,33.8193,36.5132,0.829659,0.935123,False,2.5977,2.6674,1.3862,1.9009,0.085998,0.036915
CHNCXR_0282_0,Shenzhen,0,4,True,DWT,50,259072,9418,27.508176,0.290823,40.0116,0.954866,37.4841,41.4389,0.918678,0.967792,False,2.8575,2.9136,2.0493,2.4024,0.124519,0.065683
CHNCXR_0282_0,Shenzhen,0,4,True,DWT,70,259072,21122,12.265505,0.652236,44.2806,0.980007,41.6123,45.836,0.967261,0.984724,False,2.9602,3.0154,2.8291,2.9902,0.189244,0.130853
CHNCXR_0282_0,Shenzhen,0,4,True,DWT,90,259072,49554,5.228074,1.5302,49.4815,0.992867,47.9871,50.1654,0.992234,0.993191,False,3.033,3.0903,3.5729,3.6164,0.354466,0.272674
CHNCXR_0283_0,Shenzhen,0,1,True,DWT,10,261632,1273,205.523959,0.038925,31.7213,0.836321,29.8448,32.5082,0.71714,0.869765,False,2.1055,2.206,2.1314,2.3736,0.065166,0.016943
CHNCXR_0283_0,Shenzhen,0,1,True,DWT,20,261632,2229,117.376402,0.068157,33.6982,0.871227,31.6096,34.61,0.771679,0.899412,False,2.3478,2.3843,1.5786,2.0361,0.070262,0.023273
CHNCXR_0283_0,Shenzhen,0,1,True,DWT,30,261632,3499,74.773364,0.10699,35.5735,0.902539,33.1884,36.6772,0.825275,0.924675,False,2.5613,2.6181,1.9571,2.3004,0.076937,0.028739
CHNCXR_0283_0,Shenzhen,0,1,True,DWT,50,261632,9436,27.727003,0.288527,39.8188,0.953922,37.1221,41.1495,0.920959,0.964171,False,2.8174,2.8727,2.009,2.3724,0.119015,0.069887
CHNCXR_0283_0,Shenzhen,0,1,True,DWT,70,261632,21579,12.12438,0.659828,44.2105,0.980191,41.4349,45.6035,0.969111,0.983765,False,2.9145,2.9614,2.9188,3.0535,0.191,0.133728
CHNCXR_0283_0,Shenzhen,0,1,True,DWT,90,261632,50820,5.148209,1.553938,49.4389,0.992957,48.0273,49.9832,0.992953,0.993064,False,2.9919,3.0324,3.5443,3.5837,0.355141,0.284781
CHNCXR_0284_0,Shenzhen,0,0,True,DWT,10,258560,1386,186.551227,0.042884,31.5414,0.863094,29.9819,31.9362,0.705118,0.893412,False,2.0829,2.1983,1.203,1.7057,0.06294,0.017946
CHNCXR_0284_0,Shenzhen,0,0,True,DWT,20,258560,2777,93.10767,0.085922,33.5491,0.889272,31.4957,34.112,0.759375,0.914133,False,2.3642,2.4082,0.7435,1.4657,0.080073,0.030351
CHNCXR_0284_0,Shenzhen,0,0,True,DWT,30,258560,3943,65.574436,0.121999,36.1928,0.917678,32.9789,37.274,0.813796,0.938209,False,2.5978,2.6628,1.1937,1.7735,0.086367,0.036722
CHNCXR_0284_0,Shenzhen,0,0,True,DWT,50,258560,8662,29.849919,0.268007,40.596,0.9595,36.9418,41.9352,0.91757,0.968264,False,2.9001,2.9529,1.8711,2.2756,0.120682,0.065697
CHNCXR_0284_0,Shenzhen,0,0,True,DWT,70,258560,19256,13.427503,0.595792,44.8997,0.982269,41.2192,46.2557,0.968466,0.985201,False,3.0506,3.1057,2.7098,2.9053,0.181118,0.120285
CHNCXR_0284_0,Shenzhen,0,0,True,DWT,90,258560,44229,5.845938,1.368472,49.9416,0.99325,47.9835,50.47,0.993032,0.993375,False,3.1317,3.1844,3.5082,3.5599,0.320084,0.246992
CHNCXR_0285_0,Shenzhen,0,4,True,DWT,10,262144,1212,216.290429,0.036987,32.1011,0.837831,30.5464,32.8374,0.731302,0.875402,False,2.1776,2.2407,1.8723,2.1694,0.063289,0.016493
CHNCXR_0285_0,Shenzhen,0,4,True,DWT,20,262144,2095,125.128401,0.063934,33.9262,0.869717,32.1722,34.7895,0.780247,0.901106,False,2.4337,2.4753,1.4556,1.9514,0.068415,0.021386
CHNCXR_0285_0,Shenzhen,0,4,True,DWT,30,262144,3247,80.734216,0.099091,35.6774,0.900611,33.7731,36.6431,0.827078,0.925739,False,2.6502,2.6983,1.8652,2.2545,0.077771,0.028141
CHNCXR_0285_0,Shenzhen,0,4,True,DWT,50,262144,8890,29.487514,0.271301,39.8911,0.952759,37.6144,41.1385,0.919715,0.965225,False,2.9702,3.01,1.9626,2.3288,0.115989,0.067329
CHNCXR_0285_0,Shenzhen,0,4,True,DWT,70,262144,20661,12.687866,0.630524,44.283,0.979763,41.8429,45.6683,0.968196,0.984313,False,3.144,3.1952,2.915,3.0478,0.192927,0.1283
CHNCXR_0285_0,Shenzhen,0,4,True,DWT,90,262144,49372,5.309568,1.506714,49.4736,0.99286,48.1427,50.078,0.992116,0.993232,False,3.2294,3.2747,3.5451,3.586,0.358274,0.279897
CHNCXR_0286_0,Shenzhen,0,3,True,DWT,10,258048,1862,138.586466,0.057726,30.1496,0.829939,30.7192,29.9261,0.736878,0.867671,False,2.1761,2.2539,1.1011,1.6453,0.071493,0.02172
CHNCXR_0286_0,Shenzhen,0,3,True,DWT,20,258048,3343,77.190547,0.10364,32.0767,0.861501,32.1717,32.0366,0.779053,0.895704,False,2.4372,2.5262,0.857,1.5384,0.084064,0.03388
CHNCXR_0286_0,Shenzhen,0,3,True,DWT,30,258048,5083,50.76687,0.157583,34.8478,0.892257,33.7694,35.4084,0.824493,0.921422,False,2.6279,2.7176,1.1021,1.7226,0.097045,0.045508
CHNCXR_0286_0,Shenzhen,0,3,True,DWT,50,258048,10355,24.920135,0.321026,39.4692,0.946244,37.4534,40.7405,0.914695,0.96065,False,2.8913,2.9498,2.1526,2.4729,0.128003,0.07229
CHNCXR_0286_0,Shenzhen,0,3,True,DWT,70,258048,23512,10.975162,0.728919,43.7372,0.9765,41.6157,45.1076,0.965637,0.981627,False,3.0003,3.0694,2.9927,3.1227,0.203422,0.144844
CHNCXR_0286_0,Shenzhen,0,3,True,DWT,90,258048,55504,4.649178,1.720734,49.0299,0.992081,47.9785,49.5736,0.991786,0.992353,False,3.0666,3.1265,3.647,3.684,0.3854,0.303933
CHNCXR_0287_0,Shenzhen,0,0,True,DWT,10,241664,1739,138.967223,0.057568,29.9043,0.832002,30.4566,29.725,0.741426,0.856537,False,2.153,2.2239,1.2145,1.7397,0.067931,0.021115
CHNCXR_0287_0,Shenzhen,0,0,True,DWT,20,241664,3081,78.436871,0.101993,32.0049,0.866524,32.1111,31.968,0.789293,0.88848,False,2.4226,2.4747,1.0307,1.6494,0.078882,0.036425
CHNCXR_0287_0,Shenzhen,0,0,True,DWT,30,241664,4660,51.859227,0.154264,34.6796,0.900847,33.8735,35.004,0.841556,0.918378,False,2.6327,2.674,1.4584,1.9608,0.087231,0.039708
CHNCXR_0287_0,Shenzhen,0,0,True,DWT,50,241664,10169,23.764775,0.336633,39.5558,0.951306,37.7113,40.4535,0.924487,0.960526,False,2.8887,2.9469,2.2489,2.5701,0.123351,0.07016
CHNCXR_0287_0,Shenzhen,0,0,True,DWT,70,241664,22487,10.746832,0.744405,44.056,0.978845,41.8755,45.192,0.969248,0.982697,False,3.0148,3.0498,3.0462,3.195,0.187777,0.132176
CHNCXR_0287_0,Shenzhen,0,0,True,DWT,90,241664,50765,4.760445,1.680515,49.2217,0.992489,48.0811,49.7083,0.992349,0.992723,False,3.088,3.134,3.7103,3.7547,0.349914,0.277332
CHNCXR_0288_0,Shenzhen,0,1,True,DWT,10,207360,1318,157.329287,0.050849,30.5139,0.838302,30.6152,30.4757,0.730482,0.877689,False,2.1162,2.1861,1.4372,1.867,0.051678,0.013168
CHNCXR_0288_0,Shenzhen,0,1,True,DWT,20,207360,2546,81.445405,0.098225,32.4332,0.86612,32.0748,32.5784,0.772003,0.902216,False,2.4116,2.4519,0.9954,1.6206,0.064283,0.025044
CHNCXR_0288_0,Shenzhen,0,1,True,DWT,30,207360,3840,54.0,0.148148,35.3503,0.897981,33.6984,36.196,0.820434,0.928182,False,2.6186,2.6574,1.3218,1.8715,0.077141,0.03141
CHNCXR_0288_0,Shenzhen,0,1,True,DWT,50,207360,8298,24.989154,0.320139,39.861,0.950543,37.5777,41.1948,0.916694,0.964231,False,2.8315,2.8935,2.1392,2.4953,0.102409,0.054039
CHNCXR_0288_0,Shenzhen,0,1,True,DWT,70,207360,18291,11.336723,0.705671,44.2006,0.978569,41.7031,45.7321,0.966272,0.983766,False,2.9631,3.0083,2.9467,3.1168,0.158079,0.104149
CHNCXR_0288_0,Shenzhen,0,1,True,DWT,90,207360,41910,4.947745,1.616898,49.3461,0.99253,48.0069,49.9915,0.991939,0.992915,False,3.0341,3.0824,3.6413,3.6861,0.293968,0.230269
CHNCXR_0289_0,Shenzhen,0,4,True,DWT,10,257536,1491,172.727029,0.046316,31.3195,0.864261,30.5545,31.5594,0.741523,0.897976,False,2.1086,2.2045,1.0879,1.6242,0.067658,0.019186
CHNCXR_0289_0,Shenzhen,0,4,True,DWT,20,257536,2726,94.473955,0.084679,33.4769,0.891,32.2542,33.8899,0.788674,0.918884,False,2.3604,2.4136,0.8199,1.5084,0.079676,0.029485
CHNCXR_0289_0,Shenzhen,0,4,True,DWT,30,257536,3912,65.832311,0.121521,35.9275,0.916169,33.7328,36.8076,0.832765,0.939015,False,2.5896,2.6582,1.2791,1.8299,0.087524,0.035569
CHNCXR_0289_0,Shenzhen,0,4,True,DWT,50,257536,8828,29.172633,0.27423,40.4726,0.958876,37.5659,41.8144,0.921819,0.969361,False,2.8602,2.9244,1.9721,2.3475,0.119105,0.063761
CHNCXR_0289_0,Shenzhen,0,4,True,DWT,70,257536,19655,13.102824,0.610555,44.8184,0.981962,41.9339,46.1439,0.970184,0.98543,False,3.0029,3.0455,2.7709,2.9523,0.187169,0.128002
CHNCXR_0289_0,Shenzhen,0,4,True,DWT,90,257536,45114,5.708561,1.401404,49.793,0.993154,48.1616,50.3838,0.992467,0.993435,False,3.0799,3.1103,3.5319,3.5809,0.330943,0.261541
CHNCXR_0290_0,Shenzhen,0,2,True,DWT,10,257536,1616,159.366337,0.050199,30.2709,0.818548,30.3115,30.2581,0.720265,0.84722,False,2.1558,2.223,1.3296,1.7896,0.066952,0.020219
CHNCXR_0290_0,Shenzhen,0,2,True,DWT,20,257536,3258,79.047268,0.101205,32.0958,0.855927,31.8686,32.1705,0.76901,0.881498,False,2.4108,2.4738,0.8449,1.5368,0.084687,0.034901
CHNCXR_0290_0,Shenzhen,0,2,True,DWT,30,257536,5042,51.078144,0.156623,34.9687,0.892166,33.4072,35.6109,0.821425,0.914488,False,2.6071,2.6667,1.1072,1.7383,0.097531,0.043748
CHNCXR_0290_0,Shenzhen,0,2,True,DWT,50,257536,10409,24.741666,0.323341,39.5152,0.949206,37.1854,40.6252,0.916435,0.960292,False,2.8708,2.9182,2.1571,2.4774,0.132776,0.073707
CHNCXR_0290_0,Shenzhen,0,2,True,DWT,70,257536,23665,10.882569,0.735121,43.8176,0.97815,41.4535,44.9519,0.967011,0.982078,False,2.9932,3.0417,3.0174,3.1508,0.21742,0.137774
CHNCXR_0290_0,Shenzhen,0,2,True,DWT,90,257536,54896,4.691344,1.705268,49.0909,0.992481,47.9622,49.5211,0.992275,0.99268,False,3.079,3.1173,3.6568,3.6926,0.378376,0.304613
CHNCXR_0291_0,Shenzhen,0,4,True,DWT,10,257024,1626,158.071341,0.05061,30.4515,0.797734,28.8918,31.6831,0.699277,0.853347,False,2.1988,2.2747,1.3638,1.853,0.067655,0.019631
CHNCXR_0291_0,Shenzhen,0,4,True,DWT,20,257024,3264,78.745098,0.101594,32.2135,0.839172,30.6289,33.4722,0.764959,0.88043,False,2.4467,2.5633,0.9009,1.5808,0.08495,0.035977
CHNCXR_0291_0,Shenzhen,0,4,True,DWT,30,257024,5622,45.717538,0.174988,33.9849,0.87901,32.4349,35.206,0.827715,0.906751,False,2.6268,2.7022,0.8433,1.5541,0.104253,0.05189
CHNCXR_0291_0,Shenzhen,0,4,True,DWT,50,257024,11792,21.796472,0.367032,38.2611,0.940407,36.4842,39.7417,0.922158,0.951384,False,2.8459,2.8827,1.9563,2.3504,0.139207,0.083009
CHNCXR_0291_0,Shenzhen,0,4,True,DWT,70,257024,27272,9.424465,0.848855,42.203,0.971678,40.7317,43.3404,0.96838,0.974117,False,2.9957,3.0355,3.1229,3.2258,0.238548,0.161416
CHNCXR_0291_0,Shenzhen,0,4,True,DWT,90,257024,70444,3.648629,2.192605,48.0498,0.991575,47.7381,48.2385,0.993456,0.990643,False,3.0479,3.091,3.6079,3.6413,0.471865,0.389712
CHNCXR_0292_0,Shenzhen,0,2,True,DWT,10,257536,1631,157.900674,0.050665,30.7056,0.855635,30.6742,30.7146,0.739724,0.885942,False,2.1516,2.2253,1.3756,1.8135,0.066971,0.020259
CHNCXR_0292_0,Shenzhen,0,2,True,DWT,20,257536,3202,80.429731,0.099466,32.5163,0.882602,32.1446,32.6291,0.784935,0.907791,False,2.427,2.4877,0.7893,1.4954,0.081534,0.032824
CHNCXR_0292_0,Shenzhen,0,2,True,DWT,30,257536,4823,53.39747,0.14982,35.5656,0.913324,33.7519,36.2649,0.832256,0.935781,False,2.6274,2.7114,1.1126,1.7221,0.091873,0.042123
CHNCXR_0292_0,Shenzhen,0,2,True,DWT,50,257536,9669,26.635226,0.300354,40.38,0.957897,37.7375,41.5741,0.92318,0.968149,False,2.8938,2.9545,2.0512,2.3933,0.129998,0.066914
CHNCXR_0292_0,Shenzhen,0,2,True,DWT,70,257536,21082,12.215919,0.654883,44.6992,0.981135,41.9391,45.9768,0.969421,0.984779,False,3.0404,3.1073,2.869,3.0391,0.183563,0.12364
CHNCXR_0292_0,Shenzhen,0,2,True,DWT,90,257536,47484,5.423637,1.475025,49.6769,0.992919,48.1721,50.2264,0.992326,0.993204,False,3.1048,3.1512,3.6114,3.662,0.341115,0.26689
CHNCXR_0293_0,Shenzhen,0,4,True,DWT,10,257536,1427,180.473721,0.044328,31.3757,0.846346,30.7379,31.6648,0.747891,0.886233,False,2.0745,2.1636,1.251,1.7578,0.064937,0.018167
CHNCXR_0293_0,Shenzhen,0,4,True,DWT,20,257536,2792,92.240688,0.08673,33.3165,0.875559,32.2952,33.8126,0.78705,0.911454,False,2.3678,2.4375,0.7979,1.5063,0.076362,0.027792
CHNCXR_0293_0,Shenzhen,0,4,True,DWT,30,257536,4011,64.20743,0.124596,35.6277,0.903387,33.7848,36.6802,0.831195,0.933347,False,2.5987,2.6782,1.2997,1.8554,0.086372,0.036419
CHNCXR_0293_0,Shenzhen,0,4,True,DWT,50,257536,9151,28.142935,0.284263,39.9064,0.951671,37.4459,41.5199,0.917653,0.966132,False,2.8477,2.936,2.0123,2.3823,0.119854,0.06533
CHNCXR_0293_0,Shenzhen,0,4,True,DWT,70,257536,21093,12.209548,0.655225,44.0864,0.97871,41.6089,45.7177,0.967109,0.983716,False,3.0209,3.0779,2.8434,2.9997,0.192462,0.128903
CHNCXR_0293_0,Shenzhen,0,4,True,DWT,90,257536,50459,5.103867,1.567439,49.314,0.992505,48.0348,49.9663,0.992142,0.992753,False,3.0923,3.142,3.5752,3.6141,0.355272,0.275655
CHNCXR_0294_0,Shenzhen,0,3,True,DWT,10,257536,1421,181.235749,0.044141,31.2219,0.855929,31.319,31.1824,0.775892,0.888516,False,2.063,2.1466,1.3271,1.8023,0.067855,0.018939
CHNCXR_0294_0,Shenzhen,0,3,True,DWT,20,257536,2778,92.705544,0.086295,33.2223,0.883925,32.9872,33.3231,0.814201,0.912138,False,2.3517,2.4028,0.8251,1.51,0.08123,0.034056
CHNCXR_0294_0,Shenzhen,0,3,True,DWT,30,257536,3999,64.4001,0.124223,36.0039,0.912734,34.7084,36.6758,0.857956,0.935359,False,2.572,2.6227,1.3009,1.8384,0.087227,0.035799
CHNCXR_0294_0,Shenzhen,0,3,True,DWT,50,257536,8933,28.829732,0.277491,40.2677,0.955163,38.4664,41.3022,0.929316,0.965751,False,2.8138,2.8765,1.9716,2.3563,0.113711,0.062992
CHNCXR_0294_0,Shenzhen,0,3,True,DWT,70,257536,20187,12.757517,0.627081,44.5218,0.979919,42.5922,45.6607,0.970949,0.983761,False,2.957,2.9869,2.7963,2.9728,0.185198,0.126956
CHNCXR_0294_0,Shenzhen,0,3,True,DWT,90,257536,47584,5.412239,1.478131,49.4819,0.992534,48.4028,50.0189,0.991895,0.992881,False,3.0166,3.0594,3.5818,3.6238,0.346107,0.263166
CHNCXR_0295_0,Shenzhen,0,0,True,DWT,10,247808,1982,125.029263,0.063985,30.0103,0.836847,31.265,29.5091,0.768208,0.866559,False,2.1783,2.2563,1.1698,1.6918,0.067955,0.020812
CHNCXR_0295_0,Shenzhen,0,0,True,DWT,20,247808,3453,71.766001,0.111473,31.654,0.866125,32.9518,31.1388,0.805721,0.89257,False,2.4331,2.4706,0.9625,1.595,0.088319,0.035487
CHNCXR_0295_0,Shenzhen,0,0,True,DWT,30,247808,5194,47.710435,0.167678,35.0816,0.899852,34.5251,35.3812,0.847913,0.924511,False,2.6417,2.6833,1.2859,1.8341,0.092073,0.042558
CHNCXR_0295_0,Shenzhen,0,0,True,DWT,50,247808,10511,23.576063,0.339327,39.8368,0.950585,38.1613,40.9694,0.92421,0.964111,False,2.8891,2.9722,2.2171,2.5572,0.119547,0.070579
CHNCXR_0295_0,Shenzhen,0,0,True,DWT,70,247808,22535,10.996583,0.727499,44.2142,0.978369,42.2729,45.6097,0.968875,0.983563,False,3.0002,3.0508,2.9635,3.1346,0.191819,0.132187
CHNCXR_0295_0,Shenzhen,0,0,True,DWT,90,247808,51007,4.858314,1.646662,49.3002,0.992273,48.2038,49.9553,0.991647,0.99281,False,3.0757,3.1254,3.6818,3.7323,0.35495,0.27505
CHNCXR_0296_0,Shenzhen,0,0,True,DWT,10,247808,1642,150.918392,0.053009,29.8727,0.787148,27.8338,31.41,0.667972,0.844079,False,2.2125,2.2746,1.4244,1.9025,0.063997,0.018105
CHNCXR_0296_0,Shenzhen,0,0,True,DWT,20,247808,2759,89.81805,0.089069,31.7265,0.834558,29.7558,33.1878,0.749085,0.874243,False,2.4435,2.5413,1.5699,2.0364,0.076917,0.02713
CHNCXR_0296_0,Shenzhen,0,0,True,DWT,30,247808,5207,47.591319,0.168098,33.5823,0.87662,31.5866,35.0711,0.819552,0.902538,False,2.6211,2.7103,1.1478,1.7594,0.093666,0.044022
CHNCXR_0296_0,Shenzhen,0,0,True,DWT,50,247808,12072,20.527502,0.389721,37.8351,0.939583,35.7401,39.4368,0.922676,0.948498,False,2.8342,2.9175,2.0227,2.3842,0.139268,0.085953
CHNCXR_0296_0,Shenzhen,0,0,True,DWT,70,247808,28354,8.73979,0.915354,41.9405,0.971665,40.2581,43.1061,0.970801,0.972663,False,2.9691,3.0278,3.1878,3.279,0.234124,0.164591
CHNCXR_0296_0,Shenzhen,0,0,True,DWT,90,247808,71593,3.461344,2.311241,47.9913,0.991702,47.7388,48.1226,0.994582,0.990407,False,3.0082,3.0714,3.6037,3.6377,0.488907,0.398353
CHNCXR_0297_0,Shenzhen,0,2,True,DWT,10,239616,1627,147.274739,0.05432,29.9786,0.839589,31.7153,29.5545,0.790126,0.849663,False,2.122,2.1683,1.4906,1.8968,0.064175,0.016875
CHNCXR_0297_0,Shenzhen,0,2,True,DWT,20,239616,3001,79.845385,0.100194,32.1983,0.866935,33.4474,31.8729,0.821381,0.877982,False,2.4092,2.4428,1.0263,1.6495,0.075316,0.029639
CHNCXR_0297_0,Shenzhen,0,2,True,DWT,30,239616,4478,53.509603,0.149506,34.7662,0.89586,34.9079,34.7231,0.856398,0.906796,False,2.6335,2.6626,1.3362,1.8889,0.085569,0.035828
CHNCXR_0297_0,Shenzhen,0,2,True,DWT,50,239616,9672,24.774194,0.322917,39.4293,0.94131,38.4987,39.765,0.923806,0.947088,False,2.8819,2.9681,2.1138,2.4768,0.117073,0.064863
CHNCXR_0297_0,Shenzhen,0,2,True,DWT,70,239616,22024,10.879768,0.73531,42.8198,0.966714,41.9457,43.132,0.963448,0.968406,False,3.0253,3.0703,3.0656,3.2271,0.187352,0.136118
CHNCXR_0297_0,Shenzhen,0,2,True,DWT,90,239616,60320,3.972414,2.013889,47.9869,0.989153,47.7254,48.0716,0.990095,0.989107,False,3.1144,3.1708,3.6999,3.732,0.419325,0.335552
CHNCXR_0298_0,Shenzhen,0,2,True,DWT,10,257536,1406,183.169275,0.043675,30.969,0.832594,30.2527,31.3025,0.728872,0.873984,False,2.0347,2.1659,1.2084,1.7059,0.065987,0.017764
CHNCXR_0298_0,Shenzhen,0,2,True,DWT,20,257536,2840,90.68169,0.088221,33.1715,0.870327,31.9533,33.7937,0.781445,0.906365,False,2.3283,2.3881,0.7794,1.49,0.078663,0.032626
CHNCXR_0298_0,Shenzhen,0,2,True,DWT,30,257536,4013,64.17543,0.124658,35.6195,0.900925,33.6435,36.7972,0.833978,0.928055,False,2.5685,2.6605,1.22,1.7955,0.091769,0.036359
CHNCXR_0298_0,Shenzhen,0,2,True,DWT,50,257536,9232,27.896014,0.286779,39.888,0.952148,37.4091,41.5456,0.921521,0.965122,False,2.8688,2.939,1.9796,2.354,0.122431,0.068244
CHNCXR_0298_0,Shenzhen,0,2,True,DWT,70,257536,21162,12.169738,0.657368,44.0668,0.978939,41.689,45.6189,0.969189,0.983225,False,3.0298,3.0694,2.8175,2.9819,0.199398,0.143592
CHNCXR_0298_0,Shenzhen,0,2,True,DWT,90,257536,50704,5.079205,1.57505,49.2861,0.992514,48.0591,49.9139,0.992369,0.992672,False,3.0977,3.1373,3.5575,3.5976,0.360198,0.28523
CHNCXR_0299_0,Shenzhen,0,4,True,DWT,10,216064,1624,133.044335,0.06013,30.6814,0.854241,31.1427,30.6033,0.772336,0.86659,False,2.2567,2.3324,1.3492,1.8431,0.05787,0.016047
CHNCXR_0299_0,Shenzhen,0,4,True,DWT,20,216064,2760,78.284058,0.102192,32.3869,0.883957,32.8888,32.3024,0.810389,0.894879,False,2.4839,2.6039,1.0318,1.6746,0.068805,0.025556
CHNCXR_0299_0,Shenzhen,0,4,True,DWT,30,216064,4082,52.930916,0.15114,34.8674,0.910411,34.4611,34.9448,0.849606,0.920124,False,2.6626,2.7079,1.302,1.8627,0.079903,0.032368
CHNCXR_0299_0,Shenzhen,0,4,True,DWT,50,216064,8511,25.386441,0.315129,39.9992,0.952025,38.2218,40.4139,0.924418,0.95736,False,2.8668,2.922,2.2062,2.5584,0.102644,0.056019
CHNCXR_0299_0,Shenzhen,0,4,True,DWT,70,216064,18557,11.643261,0.687093,43.8701,0.974898,42.092,44.2849,0.967278,0.976706,False,2.9574,3.0197,3.0132,3.1765,0.164225,0.109324
CHNCXR_0299_0,Shenzhen,0,4,True,DWT,90,216064,46766,4.620109,1.731561,48.4567,0.990168,47.8942,48.5662,0.991204,0.9902,False,3.0131,3.0699,3.7774,3.8124,0.360023,0.252603
CHNCXR_0300_0,Shenzhen,0,2,True,DWT,10,258048,1403,183.925873,0.043496,31.2496,0.857474,31.394,31.2055,0.752676,0.888337,False,2.0605,2.1551,1.1161,1.6507,0.063823,0.018059
CHNCXR_0300_0,Shenzhen,0,2,True,DWT,20,258048,2687,96.035728,0.083302,33.2761,0.883132,32.7339,33.4603,0.786576,0.912065,False,2.3536,2.4105,0.7784,1.4769,0.076211,0.028499
CHNCXR_0300_0,Shenzhen,0,2,True,DWT,30,258048,3814,67.658102,0.118242,35.9382,0.908691,34.2516,36.6348,0.829149,0.933076,False,2.5491,2.6235,1.2862,1.8224,0.084231,0.035075
CHNCXR_0300_0,Shenzhen,0,2,True,DWT,50,258048,8670,29.763322,0.268787,40.0935,0.950956,37.7554,41.1879,0.912536,0.963392,False,2.7973,2.8611,1.9512,2.3283,0.113006,0.062
CHNCXR_0300_0,Shenzhen,0,2,True,DWT,70,258048,20547,12.558914,0.636998,44.2219,0.97746,41.8244,45.3576,0.964235,0.981867,False,2.9357,2.9846,2.8231,2.9901,0.186517,0.127441
CHNCXR_0300_0,Shenzhen,0,2,True,DWT,90,258048,49978,5.163232,1.549417,49.1686,0.991809,47.9484,49.6325,0.99102,0.992154,False,2.9889,3.0455,3.6017,3.6409,0.356506,0.285604
CHNCXR_0301_0,Shenzhen,0,2,True,DWT,10,257536,1423,180.981026,0.044204,31.1548,0.850417,30.2189,31.4333,0.715984,0.883577,False,2.0916,2.1651,1.3144,1.7844,0.069178,0.01914
CHNCXR_0301_0,Shenzhen,0,2,True,DWT,20,257536,2832,90.937853,0.087972,33.1268,0.879784,31.8871,33.514,0.769458,0.906916,False,2.3778,2.4321,0.8332,1.5246,0.078071,0.029807
CHNCXR_0301_0,Shenzhen,0,2,True,DWT,30,257536,4015,64.143462,0.12472,35.8056,0.908009,33.5382,36.6518,0.821628,0.929751,False,2.5936,2.6551,1.408,1.9165,0.082741,0.034717
CHNCXR_0301_0,Shenzhen,0,2,True,DWT,50,257536,9290,27.721851,0.288581,40.0606,0.953928,37.1863,41.2656,0.913859,0.964464,False,2.8436,2.9221,2.0628,2.4301,0.123402,0.067781
CHNCXR_0301_0,Shenzhen,0,2,True,DWT,70,257536,21124,12.19163,0.656188,44.308,0.979643,41.367,45.5577,0.96598,0.983365,False,2.9776,3.0293,2.8773,3.0367,0.194653,0.13277
CHNCXR_0301_0,Shenzhen,0,2,True,DWT,90,257536,49547,5.197812,1.539109,49.4656,0.99268,47.9416,49.9646,0.992233,0.992877,False,3.039,3.0934,3.615,3.6572,0.346888,0.280601
CHNCXR_0302_0,Shenzhen,0,0,True,DWT,10,229888,1771,129.806889,0.06163,29.7202,0.830603,30.1831,29.5893,0.727863,0.859561,False,2.196,2.2635,1.3057,1.8036,0.062059,0.01805
CHNCXR_0302_0,Shenzhen,0,0,True,DWT,20,229888,3550,64.757183,0.123538,31.7123,0.864081,31.9816,31.6339,0.776326,0.888829,False,2.4588,2.5404,0.7931,1.4978,0.081256,0.034314
CHNCXR_0302_0,Shenzhen,0,0,True,DWT,30,229888,4844,47.458299,0.168569,34.5745,0.897749,33.5995,34.9189,0.82852,0.918692,False,2.6576,2.7163,1.3099,1.8567,0.090148,0.039546
CHNCXR_0302_0,Shenzhen,0,0,True,DWT,50,229888,9929,23.153188,0.345525,39.3064,0.949178,37.2484,40.1876,0.914762,0.960303,False,2.9485,3.0194,2.3441,2.6374,0.115718,0.066438
CHNCXR_0302_0,Shenzhen,0,0,True,DWT,70,229888,21958,10.469442,0.764129,43.8255,0.97824,41.5035,44.872,0.966279,0.982319,False,3.1016,3.1675,3.0676,3.2089,0.184607,0.129265
CHNCXR_0302_0,Shenzhen,0,0,True,DWT,90,229888,49949,4.602455,1.738203,49.1084,0.992486,47.9436,49.5332,0.9921,0.992762,False,3.1709,3.2138,3.6918,3.7304,0.345666,0.271383
CHNCXR_0303_0,Shenzhen,0,0,True,DWT,10,260096,1832,141.973799,0.056348,30.0073,0.854932,31.6354,29.8609,0.787603,0.856495,False,2.1248,2.213,1.1824,1.7026,0.071754,0.021931
CHNCXR_0303_0,Shenzhen,0,0,True,DWT,20,260096,3281,79.273392,0.100917,32.3253,0.885614,33.5813,32.2073,0.826415,0.888056,False,2.3768,2.4398,0.9921,1.634,0.08308,0.031571
CHNCXR_0303_0,Shenzhen,0,0,True,DWT,30,260096,4995,52.071271,0.153636,35.5067,0.911082,35.3093,35.5289,0.86289,0.915059,False,2.5926,2.6574,1.146,1.7426,0.096485,0.045236
CHNCXR_0303_0,Shenzhen,0,0,True,DWT,50,260096,9805,26.526874,0.301581,40.3047,0.951495,38.907,40.4893,0.927528,0.95466,False,2.8684,2.9198,2.0686,2.4455,0.124109,0.068769
CHNCXR_0303_0,Shenzhen,0,0,True,DWT,70,260096,21025,12.370797,0.646684,43.9664,0.973366,42.5555,44.1531,0.967312,0.974631,False,2.9857,3.0231,2.8873,3.0853,0.18781,0.128685
CHNCXR_0303_0,Shenzhen,0,0,True,DWT,90,260096,54818,4.744719,1.686085,48.3994,0.989633,47.8989,48.458,0.990145,0.989833,False,3.0505,3.0856,3.7608,3.7945,0.37699,0.296984
CHNCXR_0304_0,Shenzhen,0,3,True,DWT,10,257536,1428,180.347339,0.044359,31.0087,0.849831,30.0529,31.3023,0.723219,0.882356,False,2.0921,2.206,1.3239,1.7784,0.065486,0.018607
CHNCXR_0304_0,Shenzhen,0,3,True,DWT,20,257536,2819,91.357219,0.087568,32.9816,0.880771,31.8004,33.3578,0.775137,0.907428,False,2.3684,2.4267,0.8363,1.5282,0.079073,0.029821
CHNCXR_0304_0,Shenzhen,0,3,True,DWT,30,257536,4045,63.667738,0.125652,35.7522,0.910133,33.4462,36.6461,0.827902,0.931494,False,2.5811,2.6451,1.4003,1.9128,0.085987,0.036597
CHNCXR_0304_0,Shenzhen,0,3,True,DWT,50,257536,9233,27.892993,0.28681,40.1307,0.956839,37.3457,41.3149,0.922028,0.966101,False,2.8521,2.9221,2.0308,2.3908,0.122881,0.068372
CHNCXR_0304_0,Shenzhen,0,3,True,DWT,70,257536,20877,12.335872,0.648515,44.4432,0.980843,41.6097,45.6598,0.969554,0.984002,False,2.9693,3.0154,2.8514,3.0205,0.196736,0.131106
CHNCXR_0304_0,Shenzhen,0,3,True,DWT,90,257536,48474,5.312869,1.505778,49.5016,0.992841,48.0568,49.9823,0.992776,0.992946,False,3.043,3.1026,3.5715,3.6117,0.350949,0.270402
CHNCXR_0305_0,Shenzhen,0,3,True,DWT,10,235008,1777,132.249859,0.060492,29.3104,0.816097,29.765,29.1785,0.704468,0.844549,False,2.2143,2.2727,1.6202,2.0172,0.062937,0.016993
CHNCXR_0305_0,Shenzhen,0,3,True,DWT,20,235008,3375,69.632,0.11489,31.3916,0.8534,31.3783,31.3957,0.758961,0.880857,False,2.4478,2.5446,1.1596,1.7498,0.076699,0.031772
CHNCXR_0305_0,Shenzhen,0,3,True,DWT,30,235008,5149,45.641484,0.175279,34.2961,0.890366,32.8938,34.8427,0.812731,0.915203,False,2.6292,2.6557,1.6674,2.1269,0.086435,0.041786
CHNCXR_0305_0,Shenzhen,0,3,True,DWT,50,235008,11281,20.832196,0.384021,39.2149,0.949418,36.7867,40.3637,0.915221,0.961201,False,2.8158,2.867,2.4684,2.7331,0.126397,0.073859
CHNCXR_0305_0,Shenzhen,0,3,True,DWT,70,235008,24233,9.69785,0.824925,43.6852,0.977778,41.1641,44.901,0.96755,0.981588,False,2.9228,2.9705,3.1966,3.318,0.199587,0.142419
CHNCXR_0305_0,Shenzhen,0,3,True,DWT,90,235008,53818,4.366717,1.83204,49.0059,0.992174,47.9256,49.4041,0.99292,0.992179,False,2.9552,2.9933,3.7508,3.789,0.36449,0.29713
CHNCXR_0306_0,Shenzhen,0,0,True,DWT,10,256000,1252,204.472843,0.039125,31.9343,0.86451,30.1744,32.3618,0.714397,0.890961,False,1.9956,2.1281,0.9803,1.5434,0.069281,0.018877
CHNCXR_0306_0,Shenzhen,0,0,True,DWT,20,256000,2426,105.523495,0.075813,33.96,0.89166,31.6932,34.5577,0.765239,0.914379,False,2.299,2.3742,0.7366,1.453,0.076305,0.027422
CHNCXR_0306_0,Shenzhen,0,0,True,DWT,30,256000,3536,72.39819,0.1105,36.5242,0.91736,33.2429,37.5576,0.817261,0.935863,False,2.546,2.6651,1.0947,1.7182,0.08528,0.034236
CHNCXR_0306_0,Shenzhen,0,0,True,DWT,50,256000,8066,31.73816,0.252063,40.9254,0.959725,37.1552,42.2293,0.917575,0.968027,False,2.8689,2.929,1.7986,2.2167,0.114726,0.062853
CHNCXR_0306_0,Shenzhen,0,0,True,DWT,70,256000,17914,14.290499,0.559813,44.963,0.981577,41.3982,46.1475,0.967669,0.984436,False,3.0776,3.1312,2.6275,2.8357,0.177139,0.111265
CHNCXR_0306_0,Shenzhen,0,0,True,DWT,90,256000,42806,5.98047,1.337687,49.7353,0.992773,47.8875,50.1904,0.99249,0.992935,False,3.1729,3.2168,3.5154,3.5683,0.331533,0.248058
CHNCXR_0307_0,Shenzhen,0,2,True,DWT,10,257536,1457,176.757721,0.04526,31.1756,0.855218,30.4481,31.3529,0.735132,0.880027,False,2.0851,2.189,1.3563,1.8244,0.065922,0.017906
CHNCXR_0307_0,Shenzhen,0,2,True,DWT,20,257536,2821,91.292449,0.08763,33.1623,0.883042,32.0543,33.4482,0.780013,0.904238,False,2.3447,2.392,0.8456,1.5237,0.079169,0.029191
CHNCXR_0307_0,Shenzhen,0,2,True,DWT,30,257536,4024,64.0,0.125,35.8662,0.911443,33.7066,36.5275,0.829027,0.928788,False,2.5848,2.6443,1.3855,1.903,0.084753,0.035605
CHNCXR_0307_0,Shenzhen,0,2,True,DWT,50,257536,9192,28.017406,0.285537,40.2013,0.956285,37.5779,41.073,0.92133,0.963992,False,2.8414,2.9259,2.0002,2.3771,0.118378,0.069152
CHNCXR_0307_0,Shenzhen,0,2,True,DWT,70,257536,20729,12.423947,0.643918,44.5107,0.980549,41.769,45.4415,0.968439,0.983319,False,2.9534,3.0062,2.8329,3.0019,0.191721,0.132903
CHNCXR_0307_0,Shenzhen,0,2,True,DWT,90,257536,48267,5.335654,1.499348,49.5096,0.992676,48.084,49.8962,0.99228,0.992836,False,3.045,3.0995,3.6034,3.6432,0.373068,0.269269
CHNCXR_0308_0,Shenzhen,0,4,True,DWT,10,257536,1597,161.262367,0.049609,30.6196,0.847397,30.5278,30.6463,0.719564,0.880948,False,2.1436,2.2184,1.3716,1.8076,0.06906,0.019038
CHNCXR_0308_0,Shenzhen,0,4,True,DWT,20,257536,3171,81.21602,0.098503,32.312,0.876561,31.8933,32.44,0.762773,0.906473,False,2.4129,2.4776,0.8503,1.5235,0.08238,0.032645
CHNCXR_0308_0,Shenzhen,0,4,True,DWT,30,257536,4850,53.100206,0.150659,35.3569,0.906828,33.4326,36.1143,0.817715,0.931893,False,2.6107,2.6674,1.0527,1.6803,0.100433,0.048726
CHNCXR_0308_0,Shenzhen,0,4,True,DWT,50,257536,9808,26.257749,0.304672,40.1083,0.955283,37.2431,41.4643,0.916353,0.966934,False,2.8713,2.929,2.0638,2.4035,0.129896,0.072576
CHNCXR_0308_0,Shenzhen,0,4,True,DWT,70,257536,21699,11.868565,0.674049,44.4256,0.980328,41.5097,45.8206,0.967276,0.984421,False,2.993,3.0532,2.8988,3.0593,0.222677,0.137083
CHNCXR_0308_0,Shenzhen,0,4,True,DWT,90,257536,49593,5.192991,1.540538,49.4949,0.992746,48.0026,50.0387,0.992373,0.992978,False,3.074,3.1165,3.6181,3.6657,0.349516,0.270839
CHNCXR_0309_0,Shenzhen,0,2,True,DWT,10,254464,1497,169.982632,0.047064,30.5726,0.829919,30.4524,30.621,0.743441,0.863546,False,2.11,2.186,1.3659,1.8595,0.068426,0.02106
CHNCXR_0309_0,Shenzhen,0,2,True,DWT,20,254464,2912,87.384615,0.091549,32.5573,0.86294,32.1102,32.7472,0.791331,0.890997,False,2.3829,2.4715,0.8919,1.5687,0.08106,0.031348
CHNCXR_0309_0,Shenzhen,0,2,True,DWT,30,254464,4202,60.55783,0.132105,35.1565,0.895793,33.6857,35.9088,0.836295,0.919648,False,2.5922,2.6721,1.4442,1.957,0.088888,0.036092
CHNCXR_0309_0,Shenzhen,0,2,True,DWT,50,254464,9844,25.849655,0.309482,39.4678,0.94961,37.623,40.4852,0.924967,0.959514,False,2.8514,2.929,2.1225,2.4551,0.135801,0.075333
CHNCXR_0309_0,Shenzhen,0,2,True,DWT,70,254464,22963,11.081479,0.721925,43.7985,0.977926,41.8904,44.8648,0.970118,0.981238,False,3.0075,3.0725,2.9886,3.1221,0.198961,0.142117
CHNCXR_0309_0,Shenzhen,0,2,True,DWT,90,254464,54083,4.705064,1.700296,49.0511,0.992358,48.062,49.5132,0.992435,0.992411,False,3.0877,3.1343,3.637,3.6699,0.380624,0.304817
CHNCXR_0310_0,Shenzhen,0,4,True,DWT,10,259584,1986,130.706949,0.061206,30.9837,0.815278,29.1683,31.8244,0.711059,0.847273,False,2.1349,2.2037,0.5328,1.3008,0.097777,0.025506
CHNCXR_0310_0,Shenzhen,0,4,True,DWT,20,259584,4042,64.221672,0.124569,32.6613,0.849258,30.9072,33.464,0.767973,0.874856,False,2.4055,2.4969,0.4468,1.2744,0.101907,0.048656
CHNCXR_0310_0,Shenzhen,0,4,True,DWT,30,259584,5320,48.793985,0.163955,34.557,0.882678,32.6273,35.4706,0.827177,0.901094,False,2.5963,2.7014,0.7863,1.5097,0.10816,0.051036
CHNCXR_0310_0,Shenzhen,0,4,True,DWT,50,259584,10728,24.196868,0.330621,38.6907,0.937605,36.5561,39.7435,0.919726,0.944412,False,2.8633,2.9637,1.8156,2.2296,0.135591,0.075196
CHNCXR_0310_0,Shenzhen,0,4,True,DWT,70,259584,25200,10.300952,0.776627,42.2778,0.967616,40.6586,43.0001,0.96694,0.968419,False,2.9793,3.0455,3.0291,3.1481,0.218888,0.151088
CHNCXR_0310_0,Shenzhen,0,4,True,DWT,90,259584,69243,3.748884,2.133968,47.9261,0.990077,47.6908,48.0089,0.993243,0.989174,False,3.0329,3.0826,3.5847,3.6195,0.473828,0.390324
CHNCXR_0311_0,Shenzhen,0,3,True,DWT,10,258048,1473,175.185336,0.045666,30.5957,0.826715,30.0602,30.8421,0.717547,0.87198,False,2.1099,2.2106,1.3442,1.8107,0.066333,0.018544
CHNCXR_0311_0,Shenzhen,0,3,True,DWT,20,258048,2937,87.861083,0.091053,32.6431,0.861118,31.7183,33.0997,0.764816,0.901355,False,2.3626,2.4275,0.8815,1.5591,0.077729,0.03059
CHNCXR_0311_0,Shenzhen,0,3,True,DWT,30,258048,4256,60.631579,0.131944,35.1794,0.896207,33.3924,36.2254,0.821841,0.927904,False,2.571,2.6505,1.444,1.9441,0.086614,0.036906
CHNCXR_0311_0,Shenzhen,0,3,True,DWT,50,258048,9962,25.903232,0.308842,39.4705,0.949992,37.2688,40.8829,0.918093,0.963695,False,2.8345,2.8981,2.1374,2.4701,0.122787,0.069107
CHNCXR_0311_0,Shenzhen,0,3,True,DWT,70,258048,23046,11.197084,0.714472,43.8065,0.97835,41.4307,45.3939,0.967114,0.983381,False,2.9226,2.9761,2.9601,3.0946,0.199788,0.136734
CHNCXR_0311_0,Shenzhen,0,3,True,DWT,90,258048,54107,4.769217,1.677424,49.1509,0.992619,47.9295,49.7886,0.992376,0.992818,False,3.016,3.0633,3.6214,3.6595,0.376939,0.310003
CHNCXR_0312_0,Shenzhen,0,4,True,DWT,10,256512,1476,173.788618,0.046033,31.3543,0.848856,29.7001,31.8485,0.70202,0.88198,False,2.0453,2.1543,1.0109,1.5918,0.065915,0.02056
CHNCXR_0312_0,Shenzhen,0,4,True,DWT,20,256512,2770,92.60361,0.08639,33.3379,0.879654,31.2025,34.0302,0.752695,0.908275,False,2.3412,2.3873,0.7977,1.5094,0.080749,0.030143
CHNCXR_0312_0,Shenzhen,0,4,True,DWT,30,256512,3926,65.336729,0.122443,35.7408,0.908502,32.7997,36.8461,0.812256,0.930536,False,2.5632,2.6466,1.2618,1.8424,0.085117,0.037843
CHNCXR_0312_0,Shenzhen,0,4,True,DWT,50,256512,8993,28.523518,0.28047,40.3076,0.957809,36.8722,41.7326,0.919192,0.966895,False,2.8678,2.9367,1.9351,2.3213,0.119286,0.067667
CHNCXR_0312_0,Shenzhen,0,4,True,DWT,70,256512,19945,12.860968,0.622037,44.546,0.9816,41.2768,45.8568,0.969615,0.984526,False,3.0283,3.081,2.7715,2.9527,0.186231,0.123337
CHNCXR_0312_0,Shenzhen,0,4,True,DWT,90,256512,46382,5.530421,1.446544,49.6569,0.993115,47.941,50.1748,0.993095,0.993204,False,3.1116,3.1574,3.5435,3.5914,0.324947,0.25876
CHNCXR_0313_0,Shenzhen,0,2,True,DWT,10,233984,1623,144.167591,0.055491,30.2671,0.842333,30.9375,30.1224,0.764218,0.854417,False,2.163,2.2483,1.442,1.8775,0.061365,0.016665
CHNCXR_0313_0,Shenzhen,0,2,True,DWT,20,233984,3026,77.324521,0.10346,32.3735,0.875126,32.7741,32.2838,0.809069,0.887149,False,2.4358,2.4949,1.0656,1.6754,0.073894,0.027569
CHNCXR_0313_0,Shenzhen,0,2,True,DWT,30,233984,4395,53.23868,0.150267,34.9262,0.901231,34.424,35.0542,0.84805,0.913053,False,2.6346,2.686,1.4225,1.9599,0.084336,0.034202
CHNCXR_0313_0,Shenzhen,0,2,True,DWT,50,233984,9537,24.53434,0.326074,39.6346,0.946998,37.8922,40.1745,0.920665,0.953899,False,2.8827,2.9487,2.1921,2.5314,0.114682,0.06387
CHNCXR_0313_0,Shenzhen,0,2,True,DWT,70,233984,21235,11.01879,0.726033,43.3929,0.971452,41.6615,43.9285,0.965104,0.973653,False,2.9837,3.0379,3.0481,3.2059,0.185494,0.123282
CHNCXR_0313_0,Shenzhen,0,2,True,DWT,90,233984,54672,4.279778,1.869256,48.2112,0.989681,47.7853,48.3185,0.991298,0.989568,False,3.0492,3.1044,3.7615,3.7929,0.378476,0.303078
CHNCXR_0314_0,Shenzhen,0,1,True,DWT,10,238592,1582,150.816688,0.053045,30.4756,0.835858,29.9697,30.653,0.709887,0.872861,False,2.1101,2.1691,1.2729,1.7757,0.070918,0.032268
CHNCXR_0314_0,Shenzhen,0,1,True,DWT,20,238592,2955,80.741794,0.099081,32.6247,0.870241,31.6179,33.0081,0.766144,0.901028,False,2.3982,2.4444,0.9604,1.5991,0.082898,0.028387
CHNCXR_0314_0,Shenzhen,0,1,True,DWT,30,238592,4369,54.610208,0.146493,35.2324,0.900938,33.2187,36.1533,0.819393,0.926562,False,2.61,2.6699,1.2972,1.8552,0.08614,0.037158
CHNCXR_0314_0,Shenzhen,0,1,True,DWT,50,238592,9445,25.261196,0.316691,39.8421,0.95296,37.1175,41.2848,0.918618,0.964181,False,2.89,2.9583,2.0967,2.4552,0.118054,0.065122
CHNCXR_0314_0,Shenzhen,0,1,True,DWT,70,238592,20779,11.482362,0.696721,44.1547,0.979508,41.3699,45.6488,0.96807,0.983489,False,3.0153,3.0776,2.8888,3.0584,0.184187,0.126512
CHNCXR_0314_0,Shenzhen,0,1,True,DWT,90,238592,47996,4.971081,1.609308,49.4132,0.992777,47.9605,50.0113,0.992767,0.992927,False,3.0953,3.143,3.6277,3.6753,0.334749,0.260184
CHNCXR_0315_0,Shenzhen,0,2,True,DWT,10,260608,1267,205.689029,0.038894,31.2875,0.839039,30.3779,31.6751,0.726973,0.874811,False,2.0999,2.169,2.1987,2.3778,0.062779,0.017371
CHNCXR_0315_0,Shenzhen,0,2,True,DWT,20,260608,2269,114.855884,0.069653,33.0616,0.866509,31.9956,33.5286,0.77268,0.89836,False,2.3799,2.4259,1.6995,2.1162,0.067993,0.022362
CHNCXR_0315_0,Shenzhen,0,2,True,DWT,30,260608,3601,72.371008,0.110542,35.2051,0.899396,33.6372,35.9591,0.827586,0.923434,False,2.5861,2.6474,2.2349,2.5108,0.079825,0.031485
CHNCXR_0315_0,Shenzhen,0,2,True,DWT,50,260608,9706,26.850196,0.297949,39.6978,0.950881,37.4344,40.9514,0.918221,0.963178,False,2.8247,2.8927,2.0635,2.4136,0.123809,0.071624
CHNCXR_0315_0,Shenzhen,0,2,True,DWT,70,260608,21776,11.967671,0.668468,43.966,0.978244,41.5353,45.3623,0.96685,0.982716,False,2.9459,2.9923,3.1474,3.2432,0.190932,0.130784
CHNCXR_0315_0,Shenzhen,0,2,True,DWT,90,260608,52813,4.934543,1.621224,49.2293,0.992435,47.9817,49.7943,0.992243,0.992648,False,2.9955,3.034,3.5882,3.626,0.370812,0.288938
CHNCXR_0316_0,Shenzhen,0,1,True,DWT,10,234496,1851,126.686116,0.063148,29.4039,0.824396,30.3345,29.1133,0.719535,0.861581,False,2.1472,2.2247,1.372,1.8404,0.061941,0.018352
CHNCXR_0316_0,Shenzhen,0,1,True,DWT,20,234496,3459,67.793004,0.118006,31.7601,0.855644,31.9019,31.7104,0.768066,0.887756,False,2.4175,2.4663,1.0119,1.6297,0.081424,0.032456
CHNCXR_0316_0,Shenzhen,0,1,True,DWT,30,234496,5102,45.961584,0.174058,34.7869,0.891039,33.5041,35.3586,0.822254,0.917456,False,2.6169,2.6692,1.4153,1.9248,0.090603,0.04201
CHNCXR_0316_0,Shenzhen,0,1,True,DWT,50,234496,10533,22.262983,0.359341,39.7336,0.948925,37.3686,41.0399,0.917455,0.961317,False,2.8361,2.8662,2.3184,2.6197,0.116374,0.068642
CHNCXR_0316_0,Shenzhen,0,1,True,DWT,70,234496,22132,10.595337,0.755049,43.9486,0.977671,41.5533,45.2805,0.966945,0.982104,False,2.9812,3.0227,2.9864,3.1532,0.188009,0.129781
CHNCXR_0316_0,Shenzhen,0,1,True,DWT,90,234496,50274,4.664359,1.715134,49.1768,0.99228,48.0011,49.6906,0.992258,0.992506,False,3.0336,3.0614,3.6776,3.7219,0.36203,0.27463
CHNCXR_0317_0,Shenzhen,0,1,True,DWT,10,256512,1351,189.868246,0.042134,31.0809,0.835186,29.6873,31.6514,0.701847,0.878738,False,2.0155,2.1466,1.1605,1.6683,0.06728,0.019519
CHNCXR_0317_0,Shenzhen,0,1,True,DWT,20,256512,2680,95.713433,0.083583,33.1354,0.866748,31.2183,34.0002,0.75583,0.903046,False,2.3044,2.3765,0.8182,1.5131,0.075381,0.028679
CHNCXR_0317_0,Shenzhen,0,1,True,DWT,30,256512,3907,65.654466,0.12185,35.4668,0.897974,32.9487,36.7489,0.818474,0.924024,False,2.5462,2.6613,1.2957,1.854,0.088629,0.035469
CHNCXR_0317_0,Shenzhen,0,1,True,DWT,50,256512,8721,29.413141,0.271987,39.826,0.951432,36.8476,41.5047,0.917145,0.96323,False,2.874,2.9483,2.3451,2.6198,0.114479,0.061278
CHNCXR_0317_0,Shenzhen,0,1,True,DWT,70,256512,21026,12.199753,0.655751,44.1085,0.978938,41.3822,45.5602,0.969291,0.982399,False,3.0473,3.0957,2.7953,2.9643,0.192253,0.128134
CHNCXR_0317_0,Shenzhen,0,1,True,DWT,90,256512,50435,5.085992,1.572948,49.2273,0.992312,47.9605,49.7343,0.992893,0.992229,False,3.1501,3.1991,3.5809,3.6208,0.360454,0.284968
CHNCXR_0318_0,Shenzhen,0,3,True,DWT,10,256512,1454,176.418157,0.045347,30.6317,0.831546,30.2937,30.7689,0.732335,0.867937,False,2.0834,2.1667,1.2702,1.7843,0.068944,0.018225
CHNCXR_0318_0,Shenzhen,0,3,True,DWT,20,256512,2885,88.912305,0.089976,32.7325,0.863343,31.8216,33.1403,0.776557,0.896124,False,2.3634,2.4244,0.8733,1.5616,0.080904,0.03204
CHNCXR_0318_0,Shenzhen,0,3,True,DWT,30,256512,4300,59.653953,0.134107,35.2471,0.897811,33.6312,36.0728,0.832605,0.922516,False,2.5672,2.642,1.2818,1.837,0.090914,0.039008
CHNCXR_0318_0,Shenzhen,0,3,True,DWT,50,256512,9728,26.368421,0.303393,39.6731,0.951617,37.5383,40.8871,0.922843,0.962975,False,2.8238,2.8789,2.0608,2.4141,0.126444,0.068697
CHNCXR_0318_0,Shenzhen,0,3,True,DWT,70,256512,22181,11.564492,0.691773,43.8797,0.978389,41.7538,45.0862,0.969075,0.982188,False,2.9556,3.0139,2.9082,3.0593,0.194974,0.138342
CHNCXR_0318_0,Shenzhen,0,3,True,DWT,90,256512,53148,4.826372,1.65756,49.0065,0.992214,47.9939,49.4682,0.992335,0.992268,False,3.0317,3.0918,3.6302,3.6665,0.372501,0.304819
CHNCXR_0319_0,Shenzhen,0,1,True,DWT,10,257536,1475,174.600678,0.045819,31.1849,0.850252,30.6689,31.3243,0.734881,0.878622,False,2.0924,2.1728,1.3322,1.8046,0.068651,0.018661
CHNCXR_0319_0,Shenzhen,0,1,True,DWT,20,257536,2839,90.713632,0.08819,33.0807,0.878185,32.0285,33.3895,0.778111,0.902722,False,2.3728,2.4313,0.8469,1.5329,0.077879,0.029462
CHNCXR_0319_0,Shenzhen,0,1,True,DWT,30,257536,4107,62.706598,0.127578,35.8089,0.908459,33.9099,36.4501,0.832115,0.926927,False,2.5794,2.6265,1.3364,1.8905,0.085594,0.037654
CHNCXR_0319_0,Shenzhen,0,1,True,DWT,50,257536,9164,28.103012,0.284667,40.0999,0.953824,37.6738,41.0005,0.919604,0.962504,False,2.8374,2.9159,2.0626,2.4139,0.124631,0.065001
CHNCXR_0319_0,Shenzhen,0,1,True,DWT,70,257536,20984,12.27297,0.651839,44.2752,0.97878,41.7757,45.2158,0.967035,0.981916,False,2.9666,3.0046,2.8876,3.044,0.190177,0.12895
CHNCXR_0319_0,Shenzhen,0,1,True,DWT,90,257536,49959,5.154947,1.551907,49.2879,0.992214,47.9045,49.7161,0.991763,0.992419,False,3.0303,3.0741,3.6141,3.6545,0.375363,0.2789
CHNCXR_0320_0,Shenzhen,0,4,True,DWT,10,256512,1405,182.570819,0.043819,31.3128,0.841878,30.1446,31.7352,0.711886,0.880386,False,2.0725,2.1682,1.2277,1.7333,0.065346,0.019524
CHNCXR_0320_0,Shenzhen,0,4,True,DWT,20,256512,2734,93.82297,0.085267,33.3261,0.870866,31.7434,33.9409,0.758691,0.903909,False,2.3569,2.4213,0.81,1.5105,0.07924,0.029436
CHNCXR_0320_0,Shenzhen,0,4,True,DWT,30,256512,4024,63.745527,0.125499,35.6273,0.902747,33.2579,36.6945,0.815218,0.92902,False,2.58,2.659,1.1962,1.7759,0.087627,0.037408
CHNCXR_0320_0,Shenzhen,0,4,True,DWT,50,256512,9119,28.1294,0.2844,40.0191,0.953096,37.0571,41.5287,0.91467,0.964904,False,2.8823,2.9637,1.9826,2.3558,0.120845,0.066124
CHNCXR_0320_0,Shenzhen,0,4,True,DWT,70,256512,20640,12.427907,0.643713,44.2205,0.979482,41.2206,45.7623,0.966016,0.983803,False,3.0429,3.0887,2.8116,2.9757,0.194479,0.134454
CHNCXR_0320_0,Shenzhen,0,4,True,DWT,90,256512,49196,5.214082,1.534306,49.4453,0.992773,47.863,50.06,0.992402,0.992991,False,3.1289,3.1844,3.5711,3.6145,0.372975,0.273767
CHNCXR_0321_0,Shenzhen,0,0,True,DWT,10,258048,1482,174.121457,0.045945,31.0586,0.848837,30.3147,31.3221,0.721062,0.887312,False,2.0621,2.1852,1.0955,1.646,0.066622,0.020581
CHNCXR_0321_0,Shenzhen,0,0,True,DWT,20,258048,2852,90.479663,0.088418,33.4188,0.880195,31.9867,33.989,0.772972,0.913055,False,2.3507,2.4128,0.8045,1.5025,0.082024,0.030547
CHNCXR_0321_0,Shenzhen,0,0,True,DWT,30,258048,4035,63.952416,0.125093,35.8519,0.909403,33.5054,36.9629,0.823045,0.936215,False,2.5743,2.6543,1.2863,1.8374,0.086441,0.03694
CHNCXR_0321_0,Shenzhen,0,0,True,DWT,50,258048,8952,28.825737,0.27753,40.1547,0.954804,37.2242,41.7257,0.915283,0.9673,False,2.8748,2.9444,1.984,2.3528,0.124823,0.067902
CHNCXR_0321_0,Shenzhen,0,0,True,DWT,70,258048,20463,12.610468,0.634394,44.4471,0.980133,41.4894,46.0424,0.966808,0.984545,False,3.0099,3.061,2.8052,2.9785,0.201426,0.128605
CHNCXR_0321_0,Shenzhen,0,0,True,DWT,90,258048,48001,5.375888,1.488126,49.5217,0.992728,47.9292,50.1743,0.992185,0.992997,False,3.0871,3.142,3.5528,3.5972,0.347365,0.265852
CHNCXR_0322_0,Shenzhen,0,2,True,DWT,10,257536,1519,169.54312,0.047186,30.8519,0.834726,30.3672,31.0707,0.729558,0.877456,False,2.0893,2.213,1.0496,1.6194,0.072096,0.019729
CHNCXR_0322_0,Shenzhen,0,2,True,DWT,20,257536,2928,87.956284,0.090954,32.9203,0.866726,32.0878,33.3201,0.779427,0.902021,False,2.3644,2.4537,0.8456,1.5349,0.083132,0.029854
CHNCXR_0322_0,Shenzhen,0,2,True,DWT,30,257536,4202,61.28891,0.130529,35.3289,0.898144,33.7379,36.2129,0.829231,0.92639,False,2.5766,2.652,1.3146,1.8599,0.091774,0.038167
CHNCXR_0322_0,Shenzhen,0,2,True,DWT,50,257536,9560,26.938912,0.296968,39.6438,0.949887,37.4495,41.0323,0.918764,0.963063,False,2.8282,2.8943,2.0506,2.4037,0.133524,0.067467
CHNCXR_0322_0,Shenzhen,0,2,True,DWT,70,257536,22177,11.612752,0.688898,43.8564,0.977896,41.6004,45.3043,0.966994,0.982666,False,2.9502,3.0085,2.8935,3.0356,0.199236,0.133633
CHNCXR_0322_0,Shenzhen,0,2,True,DWT,90,257536,53180,4.842723,1.651963,49.1555,0.992491,48.0019,49.7437,0.992198,0.992709,False,3.0154,3.0779,3.6082,3.645,0.368219,0.293765
CHNCXR_0323_0,Shenzhen,0,1,True,DWT,10,258048,1438,179.449235,0.044581,31.2089,0.847537,29.6989,31.6852,0.691985,0.884191,False,2.056,2.1497,1.1134,1.6496,0.066931,0.019145
CHNCXR_0323_0,Shenzhen,0,1,True,DWT,20,258048,2751,93.801527,0.085286,33.4138,0.879905,31.5444,34.0405,0.753319,0.909814,False,2.3232,2.3881,0.8239,1.5111,0.078069,0.0286
CHNCXR_0323_0,Shenzhen,0,1,True,DWT,30,258048,3873,66.627421,0.120071,35.7785,0.906964,33.0551,36.8456,0.807153,0.931055,False,2.547,2.6103,1.2907,1.8427,0.086108,0.035034
CHNCXR_0323_0,Shenzhen,0,1,True,DWT,50,258048,8966,28.780727,0.277964,40.1669,0.955368,36.9356,41.5689,0.915201,0.965402,False,2.8169,2.8827,1.9511,2.3291,0.118934,0.072145
CHNCXR_0323_0,Shenzhen,0,1,True,DWT,70,258048,20358,12.675508,0.631138,44.4875,0.980684,41.3542,45.8196,0.967953,0.984022,False,2.9535,2.99,2.8015,2.9781,0.181386,0.1234
CHNCXR_0323_0,Shenzhen,0,1,True,DWT,90,258048,47328,5.452333,1.467262,49.6136,0.992937,47.9951,50.1334,0.992871,0.993039,False,3.0264,3.0725,3.5308,3.5736,0.350421,0.262885
CHNCXR_0324_0,Shenzhen,0,1,True,DWT,10,257536,1440,178.844444,0.044732,31.0175,0.840758,30.649,31.1368,0.724573,0.875284,False,2.0817,2.1728,1.279,1.7616,0.066457,0.018036
CHNCXR_0324_0,Shenzhen,0,1,True,DWT,20,257536,2805,91.813191,0.087133,33.0154,0.870026,32.0358,33.3653,0.764664,0.900951,False,2.3567,2.4097,0.8081,1.5038,0.077898,0.029348
CHNCXR_0324_0,Shenzhen,0,1,True,DWT,30,257536,4026,63.968207,0.125062,35.5776,0.900108,33.6377,36.3986,0.817894,0.924841,False,2.5602,2.6435,1.3853,1.9079,0.085745,0.036462
CHNCXR_0324_0,Shenzhen,0,1,True,DWT,50,257536,9365,27.49984,0.290911,39.7785,0.95033,37.2436,40.9844,0.911363,0.962572,False,2.8133,2.8889,2.0378,2.4102,0.129495,0.066858
CHNCXR_0324_0,Shenzhen,0,1,True,DWT,70,257536,21603,11.921307,0.671067,43.9707,0.977879,41.4214,45.187,0.964824,0.982112,False,2.9445,2.9992,2.896,3.0477,0.184877,0.128146
CHNCXR_0324_0,Shenzhen,0,1,True,DWT,90,257536,52020,4.950711,1.615929,49.1364,0.992157,47.9274,49.5853,0.991963,0.992309,False,3.0153,3.0679,3.6018,3.6417,0.378721,0.280526
CHNCXR_0325_0,Shenzhen,0,4,True,DWT,10,257024,1516,169.540897,0.047186,30.9166,0.833308,29.8512,31.2611,0.69895,0.86928,False,2.0849,2.1613,1.0965,1.6405,0.07072,0.021387
CHNCXR_0325_0,Shenzhen,0,4,True,DWT,20,257024,2777,92.554555,0.086436,33.0131,0.866544,31.4545,33.5604,0.753163,0.897291,False,2.3543,2.4228,0.8687,1.5531,0.079177,0.029254
CHNCXR_0325_0,Shenzhen,0,4,True,DWT,30,257024,4105,62.612424,0.12777,35.4419,0.898776,33.1302,36.3718,0.812936,0.922418,False,2.572,2.6566,1.3683,1.9004,0.085769,0.036739
CHNCXR_0325_0,Shenzhen,0,4,True,DWT,50,257024,9448,27.204064,0.294074,39.7843,0.952009,36.9597,41.0412,0.914472,0.962607,False,2.8306,2.9005,2.0321,2.3906,0.120189,0.067598
CHNCXR_0325_0,Shenzhen,0,4,True,DWT,70,257024,21532,11.936838,0.670194,44.1063,0.979343,41.2037,45.4188,0.966531,0.983035,False,2.9714,3.0285,2.8638,3.0185,0.197739,0.131694
CHNCXR_0325_0,Shenzhen,0,4,True,DWT,90,257024,50669,5.072608,1.577098,49.3649,0.992757,47.891,49.875,0.992636,0.992877,False,3.0451,3.0988,3.5794,3.6222,0.352307,0.280733
CHNCXR_0326_0,Shenzhen,0,1,True,DWT,10,257024,1381,186.11441,0.042984,31.1874,0.837311,30.4471,31.4283,0.72922,0.867729,False,2.0869,2.1998,1.1674,1.6915,0.072321,0.01955
CHNCXR_0326_0,Shenzhen,0,1,True,DWT,20,257024,2674,96.119671,0.08323,33.4628,0.870355,32.0112,33.9948,0.77417,0.897874,False,2.3583,2.4267,0.8192,1.516,0.076839,0.027537
CHNCXR_0326_0,Shenzhen,0,1,True,DWT,30,257024,3948,65.10233,0.122883,35.6525,0.900176,33.5603,36.5132,0.826787,0.921608,False,2.5757,2.6613,1.1978,1.7914,0.084187,0.035995
CHNCXR_0326_0,Shenzhen,0,1,True,DWT,50,257024,8985,28.605899,0.279663,40.0295,0.952109,37.3642,41.2562,0.918024,0.962279,False,2.8622,2.9421,1.9544,2.3339,0.119219,0.066597
CHNCXR_0326_0,Shenzhen,0,1,True,DWT,70,257024,20654,12.444272,0.642866,44.2543,0.979299,41.5404,45.5159,0.967432,0.983018,False,3.0219,3.0779,2.8371,2.9967,0.195843,0.134212
CHNCXR_0326_0,Shenzhen,0,1,True,DWT,90,257024,49352,5.207975,1.536106,49.3925,0.992674,48.0112,49.8926,0.992346,0.992875,False,3.1032,3.1474,3.5768,3.6167,0.355123,0.276483
CHNCXR_0327_1,Shenzhen,1,0,True,DWT,10,262144,1555,168.58135,0.047455,30.1505,0.789821,28.9466,31.2046,0.705957,0.845476,False,2.2405,2.3488,2.2224,2.4474,0.062954,0.017772
CHNCXR_0327_1,Shenzhen,1,0,True,DWT,20,262144,2818,93.02484,0.085999,31.8847,0.833001,30.5942,33.0391,0.761608,0.87938,False,2.4827,2.5571,1.5967,2.0517,0.072754,0.027389
CHNCXR_0327_1,Shenzhen,1,0,True,DWT,30,262144,5353,48.971418,0.163361,33.7055,0.874724,32.334,34.9579,0.822206,0.908412,False,2.6656,2.7261,1.1524,1.7615,0.098243,0.046732
CHNCXR_0327_1,Shenzhen,1,0,True,DWT,50,262144,12371,21.190203,0.377533,37.8664,0.938149,36.1499,39.5864,0.915879,0.953986,False,2.886,2.9738,2.0157,2.3751,0.149971,0.091598
CHNCXR_0327_1,Shenzhen,1,0,True,DWT,70,262144,29091,9.011172,0.887787,42.0707,0.972241,40.5881,43.4643,0.967123,0.976216,False,3.0223,3.0656,3.1588,3.2478,0.236258,0.176946
CHNCXR_0327_1,Shenzhen,1,0,True,DWT,90,262144,73352,3.573781,2.238525,48.131,0.992108,47.7614,48.3994,0.993366,0.991393,False,3.0722,3.1258,3.5975,3.6307,0.495453,0.409274
CHNCXR_0328_1,Shenzhen,1,4,True,DWT,10,258048,1755,147.035897,0.054408,30.0525,0.843128,30.5796,29.9162,0.736832,0.868954,False,2.1761,2.2546,1.3125,1.7802,0.066939,0.020548
CHNCXR_0328_1,Shenzhen,1,4,True,DWT,20,258048,3357,76.868633,0.104074,32.0611,0.874155,32.0884,32.0536,0.777144,0.898382,False,2.4278,2.5116,0.8751,1.5517,0.082678,0.032987
CHNCXR_0328_1,Shenzhen,1,4,True,DWT,30,258048,5083,50.76687,0.157583,35.109,0.906475,33.8467,35.538,0.833376,0.926167,False,2.6215,2.6813,1.1767,1.7636,0.094449,0.045553
CHNCXR_0328_1,Shenzhen,1,4,True,DWT,50,258048,10718,24.076134,0.332279,39.8802,0.953919,37.6057,40.8057,0.920301,0.963668,False,2.8493,2.9028,1.8458,2.2426,0.142798,0.077804
CHNCXR_0328_1,Shenzhen,1,4,True,DWT,70,258048,22848,11.294118,0.708333,44.1539,0.979275,41.6629,45.2108,0.967052,0.982996,False,2.962,3.034,2.9665,3.1184,0.206342,0.136003
CHNCXR_0328_1,Shenzhen,1,4,True,DWT,90,258048,52295,4.934468,1.621249,49.3396,0.992558,48.0889,49.7638,0.992243,0.99277,False,3.0108,3.054,3.6516,3.695,0.362159,0.293863
CHNCXR_0329_1,Shenzhen,1,0,True,DWT,10,253440,1683,150.588235,0.053125,30.1537,0.797463,28.8484,30.9421,0.69795,0.843077,False,2.2375,2.331,1.4767,1.9473,0.065517,0.018384
CHNCXR_0329_1,Shenzhen,1,0,True,DWT,20,253440,3781,67.029886,0.11935,32.0167,0.841598,30.5736,32.9138,0.762124,0.877356,False,2.4845,2.5627,0.668,1.4335,0.089043,0.040038
CHNCXR_0329_1,Shenzhen,1,0,True,DWT,30,253440,5747,44.09953,0.181408,33.9475,0.880557,32.3586,34.9666,0.823304,0.907454,False,2.6718,2.7397,0.9231,1.6004,0.107855,0.051396
CHNCXR_0329_1,Shenzhen,1,0,True,DWT,50,253440,12005,21.111204,0.378946,38.1636,0.94219,36.2472,39.4868,0.918556,0.95412,False,2.8971,2.9857,2.0142,2.3729,0.142403,0.079209
CHNCXR_0329_1,Shenzhen,1,0,True,DWT,70,253440,27646,9.16733,0.872664,42.2855,0.973795,40.5798,43.4079,0.967836,0.977083,False,3.0249,3.0714,3.1541,3.2441,0.228721,0.164177
CHNCXR_0329_1,Shenzhen,1,0,True,DWT,90,253440,69292,3.657565,2.187247,48.1885,0.992219,47.7313,48.423,0.993634,0.991699,False,3.0888,3.1429,3.6256,3.661,0.472479,0.382242
CHNCXR_0330_1,Shenzhen,1,4,True,DWT,10,247808,1869,132.58855,0.060337,29.8499,0.780082,28.1366,31.3657,0.681088,0.839281,False,2.2452,2.2825,0.9456,1.5872,0.06904,0.020877
CHNCXR_0330_1,Shenzhen,1,4,True,DWT,20,247808,3827,64.752548,0.123547,31.7042,0.828254,29.9587,33.2617,0.752353,0.873196,False,2.5025,2.5722,0.7172,1.4579,0.087952,0.036432
CHNCXR_0330_1,Shenzhen,1,4,True,DWT,30,247808,5274,46.986727,0.170261,33.5287,0.872863,31.7812,35.0889,0.81944,0.903871,False,2.6948,2.7571,1.1973,1.7868,0.097704,0.045469
CHNCXR_0330_1,Shenzhen,1,4,True,DWT,50,247808,12244,20.239138,0.395274,37.741,0.940152,35.6668,39.7679,0.91802,0.954355,False,2.8965,2.9889,2.0851,2.4312,0.139947,0.084487
CHNCXR_0330_1,Shenzhen,1,4,True,DWT,70,247808,28612,8.660981,0.923683,42.0242,0.973454,40.2496,43.6198,0.969231,0.976596,False,3.0398,3.0849,3.2369,3.3238,0.229792,0.167539
CHNCXR_0330_1,Shenzhen,1,4,True,DWT,90,247808,70483,3.515855,2.275407,48.1263,0.992347,47.7122,48.3994,0.994401,0.991197,False,3.0914,3.154,3.6098,3.6433,0.474998,0.393576
CHNCXR_0331_1,Shenzhen,1,1,True,DWT,10,259584,2134,121.641987,0.065767,30.1022,0.786803,29.0034,30.9921,0.696891,0.841897,False,2.2193,2.26,0.6228,1.3679,0.072697,0.027885
CHNCXR_0331_1,Shenzhen,1,1,True,DWT,20,259584,4270,60.792506,0.131595,31.7772,0.827749,30.6613,32.6845,0.75805,0.871527,False,2.4792,2.5741,0.5131,1.3197,0.097906,0.04585
CHNCXR_0331_1,Shenzhen,1,1,True,DWT,30,259584,5775,44.94961,0.177977,33.6375,0.868973,32.3816,34.6932,0.815881,0.903037,False,2.655,2.7292,0.9077,1.5927,0.107162,0.053816
CHNCXR_0331_1,Shenzhen,1,1,True,DWT,50,259584,12121,21.416055,0.373552,37.8694,0.937097,36.2355,39.3809,0.91575,0.951425,False,2.8589,2.9097,1.9956,2.365,0.143503,0.090518
CHNCXR_0331_1,Shenzhen,1,1,True,DWT,70,259584,28848,8.998336,0.889053,42.0025,0.971964,40.5113,43.3314,0.966562,0.975812,False,3.0005,3.0455,3.1617,3.2486,0.234674,0.170928
CHNCXR_0331_1,Shenzhen,1,1,True,DWT,90,259584,73296,3.541585,2.258876,48.1014,0.992143,47.717,48.3681,0.993513,0.991382,False,3.0408,3.1026,3.5779,3.6135,0.499834,0.412672
CHNCXR_0332_1,Shenzhen,1,1,True,DWT,10,251904,1859,135.50511,0.059038,29.8639,0.78582,28.1364,31.1894,0.680324,0.840203,False,2.2343,2.2675,0.9526,1.5891,0.073405,0.022015
CHNCXR_0332_1,Shenzhen,1,1,True,DWT,20,251904,3812,66.081847,0.121062,31.7632,0.837206,30.0054,33.122,0.762986,0.875419,False,2.492,2.5706,0.7237,1.4603,0.087541,0.039926
CHNCXR_0332_1,Shenzhen,1,1,True,DWT,30,251904,5270,47.79962,0.167365,33.6053,0.876057,31.7417,35.084,0.822334,0.903584,False,2.6814,2.7524,1.1873,1.7856,0.098286,0.045851
CHNCXR_0332_1,Shenzhen,1,1,True,DWT,50,251904,12137,20.755047,0.385448,37.8218,0.940444,35.7418,39.5663,0.921296,0.951674,False,2.9084,2.9976,2.0442,2.3998,0.144966,0.084929
CHNCXR_0332_1,Shenzhen,1,1,True,DWT,70,251904,28532,8.828824,0.906123,42.0513,0.973331,40.2577,43.4499,0.970346,0.975387,False,3.0524,3.096,3.1852,3.276,0.234428,0.165517
CHNCXR_0332_1,Shenzhen,1,1,True,DWT,90,251904,70870,3.554452,2.250699,48.0735,0.99208,47.6998,48.2889,0.994562,0.990866,False,3.1035,3.1603,3.6067,3.64,0.473985,0.384255
CHNCXR_0333_1,Shenzhen,1,3,True,DWT,10,260096,1637,158.885767,0.050351,30.1673,0.788926,28.7383,31.3735,0.694365,0.84301,False,2.2342,2.2423,1.466,1.9326,0.06983,0.018993
CHNCXR_0333_1,Shenzhen,1,3,True,DWT,20,260096,2792,93.157593,0.085876,31.9226,0.833085,30.4247,33.2088,0.761676,0.873727,False,2.4855,2.5478,1.6021,2.0644,0.075782,0.028078
CHNCXR_0333_1,Shenzhen,1,3,True,DWT,30,260096,5237,49.665075,0.161079,33.7405,0.871139,32.1369,35.1549,0.820145,0.90116,False,2.6721,2.7384,1.1303,1.7456,0.099777,0.047139
CHNCXR_0333_1,Shenzhen,1,3,True,DWT,50,260096,12153,21.401794,0.3738,37.8337,0.934802,36.0447,39.491,0.9179,0.946348,False,2.8791,2.9506,1.9993,2.3652,0.147811,0.087989
CHNCXR_0333_1,Shenzhen,1,3,True,DWT,70,260096,29248,8.892779,0.899606,41.7658,0.968894,40.33,42.9797,0.96776,0.970314,False,3.0204,3.0656,3.1554,3.2437,0.243919,0.174206
CHNCXR_0333_1,Shenzhen,1,3,True,DWT,90,260096,76372,3.405646,2.34904,47.8566,0.991213,47.7156,47.9468,0.99404,0.98964,False,3.0527,3.098,3.5654,3.6019,0.515371,0.430464
CHNCXR_0334_1,Shenzhen,1,2,True,DWT,10,255488,1506,169.646746,0.047157,30.8277,0.831905,30.8179,30.8319,0.736523,0.872338,False,2.1111,2.1883,1.1549,1.6981,0.070045,0.019914
CHNCXR_0334_1,Shenzhen,1,2,True,DWT,20,255488,2863,89.237862,0.089648,32.7365,0.862508,32.3155,32.9322,0.777255,0.898796,False,2.3941,2.4707,0.8338,1.5251,0.083397,0.031055
CHNCXR_0334_1,Shenzhen,1,2,True,DWT,30,255488,4116,62.071914,0.128883,35.336,0.894948,33.8132,36.2077,0.825347,0.925018,False,2.5977,2.6736,1.438,1.9516,0.087601,0.037137
CHNCXR_0334_1,Shenzhen,1,2,True,DWT,50,255488,9604,26.602249,0.300726,39.5752,0.948254,37.4912,40.9222,0.915001,0.962901,False,2.8748,2.946,2.1138,2.4504,0.126476,0.068322
CHNCXR_0334_1,Shenzhen,1,2,True,DWT,70,255488,22327,11.443006,0.699117,43.8269,0.977402,41.6357,45.2787,0.965809,0.982744,False,3.0243,3.0725,2.9248,3.0646,0.200683,0.13784
CHNCXR_0334_1,Shenzhen,1,2,True,DWT,90,255488,53291,4.794205,1.668681,49.1028,0.992325,47.9763,49.6988,0.991802,0.992673,False,3.0951,3.1412,3.6076,3.6433,0.383649,0.296907
CHNCXR_0335_1,Shenzhen,1,2,True,DWT,10,247296,1528,161.842932,0.049431,30.4882,0.810617,28.6652,31.4382,0.700986,0.850666,False,2.2041,2.2381,1.3981,1.863,0.064547,0.016744
CHNCXR_0335_1,Shenzhen,1,2,True,DWT,20,247296,2425,101.977732,0.078448,32.3836,0.850443,30.5424,33.3467,0.767277,0.8814,False,2.4633,2.5571,1.8127,2.1897,0.068777,0.022888
CHNCXR_0335_1,Shenzhen,1,2,True,DWT,30,247296,5295,46.703683,0.171293,34.2729,0.886595,32.2027,35.4084,0.822062,0.911041,False,2.6608,2.7603,0.8527,1.5519,0.10104,0.050577
CHNCXR_0335_1,Shenzhen,1,2,True,DWT,50,247296,10728,23.051454,0.34705,38.4392,0.942987,36.0384,39.8543,0.917598,0.953193,False,2.901,2.9952,1.9068,2.2974,0.140613,0.079237
CHNCXR_0335_1,Shenzhen,1,2,True,DWT,70,247296,24954,9.910075,0.807259,42.4296,0.972765,40.3498,43.5727,0.967913,0.974969,False,3.0428,3.0992,3.0917,3.199,0.212204,0.151314
CHNCXR_0335_1,Shenzhen,1,2,True,DWT,90,247296,64651,3.825092,2.091453,48.169,0.991447,47.6994,48.36,0.994005,0.990613,False,3.0964,3.1532,3.6079,3.6441,0.448661,0.380151
CHNCXR_0336_1,Shenzhen,1,3,False,DWT,10,236544,1718,137.685681,0.058103,30.47,0.800783,,,,,,2.2905,2.367,1.1355,1.704,0.060323,0.017751
CHNCXR_0336_1,Shenzhen,1,3,False,DWT,20,236544,3508,67.429875,0.118642,32.17,0.83887,,,,,,2.5093,2.5859,0.6754,1.4284,0.082132,0.033645
CHNCXR_0336_1,Shenzhen,1,3,False,DWT,30,236544,4850,48.771959,0.164029,33.9931,0.879201,,,,,,2.7089,2.7761,1.1608,1.7603,0.089595,0.040851
CHNCXR_0336_1,Shenzhen,1,3,False,DWT,50,236544,11041,21.424146,0.37341,37.9912,0.939357,,,,,,2.9474,3.021,2.0458,2.4017,0.127764,0.076942
CHNCXR_0336_1,Shenzhen,1,3,False,DWT,70,236544,25826,9.159142,0.873444,42.2013,0.973245,,,,,,3.0841,3.1195,3.1921,3.2782,0.213554,0.153089
CHNCXR_0336_1,Shenzhen,1,3,False,DWT,90,236544,64153,3.687185,2.169677,48.2029,0.992213,,,,,,3.1732,3.2062,3.612,3.6451,0.439374,0.356138
CHNCXR_0337_1,Shenzhen,1,4,True,DWT,10,251904,1453,173.368204,0.046145,30.2401,0.792098,28.9113,31.4342,0.703247,0.85068,False,2.2187,2.2437,2.0828,2.3548,0.060483,0.014849
CHNCXR_0337_1,Shenzhen,1,4,True,DWT,20,251904,2674,94.204936,0.084921,32.0675,0.834486,30.6367,33.3873,0.763223,0.881346,False,2.4649,2.5397,1.5802,2.0293,0.072122,0.023055
CHNCXR_0337_1,Shenzhen,1,4,True,DWT,30,251904,5010,50.28024,0.159108,33.8355,0.876075,32.4885,35.0516,0.825506,0.908245,False,2.6552,2.7357,1.1268,1.7281,0.094299,0.043182
CHNCXR_0337_1,Shenzhen,1,4,True,DWT,50,251904,11656,21.611531,0.370173,38.0233,0.938561,36.3143,39.7228,0.918662,0.952646,False,2.8664,2.9579,2.0238,2.3822,0.137406,0.081729
CHNCXR_0337_1,Shenzhen,1,4,True,DWT,70,251904,27234,9.249614,0.864901,42.1363,0.97153,40.6426,43.537,0.967556,0.974769,False,3.0191,3.0603,3.1519,3.2437,0.237015,0.159397
CHNCXR_0337_1,Shenzhen,1,4,True,DWT,90,251904,69373,3.631153,2.203157,48.0722,0.991648,47.7366,48.313,0.993371,0.990625,False,3.0827,3.1262,3.6069,3.6411,0.474645,0.403449
CHNCXR_0338_1,Shenzhen,1,3,True,DWT,10,215040,1538,139.817945,0.057217,30.3766,0.802834,28.6433,31.512,0.711025,0.843939,False,2.2495,2.293,1.1403,1.7038,0.061981,0.017232
CHNCXR_0338_1,Shenzhen,1,3,True,DWT,20,215040,3256,66.044226,0.121131,32.1765,0.845622,30.4017,33.3499,0.773725,0.8775,False,2.4937,2.5977,0.64,1.4061,0.078173,0.032126
CHNCXR_0338_1,Shenzhen,1,3,True,DWT,30,215040,4452,48.301887,0.165625,34.0289,0.883595,32.1302,35.3199,0.832592,0.905856,False,2.6701,2.7545,1.124,1.7358,0.084632,0.037164
CHNCXR_0338_1,Shenzhen,1,3,True,DWT,50,215040,10023,21.454654,0.372879,38.0787,0.941837,35.9971,39.5563,0.923203,0.951009,False,2.8818,2.9194,1.9938,2.3657,0.12284,0.071973
CHNCXR_0338_1,Shenzhen,1,3,True,DWT,70,215040,23403,9.188566,0.870647,42.3254,0.973812,40.4591,43.5851,0.970777,0.975819,False,3.0416,3.0878,3.1441,3.2413,0.195708,0.141244
CHNCXR_0338_1,Shenzhen,1,3,True,DWT,90,215040,58240,3.692308,2.166667,48.1744,0.991987,47.7514,48.388,0.994257,0.991064,False,3.082,3.1254,3.6274,3.6582,0.411128,0.33593
CHNCXR_0339_1,Shenzhen,1,3,True,DWT,10,253952,1661,152.89103,0.052325,30.3619,0.803975,29.2611,31.4425,0.737523,0.852983,False,2.234,2.2579,1.5061,1.9487,0.065849,0.018164
CHNCXR_0339_1,Shenzhen,1,3,True,DWT,20,253952,2705,93.88244,0.085213,32.1221,0.842455,31.1048,33.0996,0.790117,0.880051,False,2.4684,2.531,1.5413,2.0116,0.071334,0.026065
CHNCXR_0339_1,Shenzhen,1,3,True,DWT,30,253952,5100,49.79451,0.16066,33.9321,0.879785,32.8335,35.0101,0.840863,0.907251,False,2.6473,2.7095,1.1245,1.7416,0.099039,0.04395
CHNCXR_0339_1,Shenzhen,1,3,True,DWT,50,253952,11700,21.705299,0.368574,38.1657,0.940705,36.7543,39.6727,0.925818,0.95257,False,2.8773,2.9421,1.9728,2.348,0.138263,0.086312
CHNCXR_0339_1,Shenzhen,1,3,True,DWT,70,253952,27377,9.276108,0.862431,42.2245,0.972513,40.9251,43.5694,0.969453,0.975302,False,2.9869,3.0246,3.157,3.2556,0.234749,0.163422
CHNCXR_0339_1,Shenzhen,1,3,True,DWT,90,253952,69340,3.662417,2.18435,48.1145,0.991799,47.7973,48.3733,0.993286,0.990796,False,3.0669,3.1198,3.6073,3.6426,0.476321,0.382294
CHNCXR_0340_1,Shenzhen,1,3,True,DWT,10,262144,1805,145.232133,0.055084,30.7056,0.804241,28.809,32.0752,0.696644,0.855552,False,2.1788,2.213,0.807,1.4618,0.071833,0.022474
CHNCXR_0340_1,Shenzhen,1,3,True,DWT,20,262144,3643,71.958276,0.111176,32.4177,0.843968,30.5416,33.7659,0.765133,0.880225,False,2.4266,2.4985,0.6068,1.3737,0.091138,0.041467
CHNCXR_0340_1,Shenzhen,1,3,True,DWT,30,262144,4985,52.58656,0.15213,34.1946,0.880884,32.2704,35.5934,0.82537,0.905634,False,2.6157,2.7222,1.0415,1.673,0.100764,0.048691
CHNCXR_0340_1,Shenzhen,1,3,True,DWT,50,262144,11420,22.954816,0.348511,38.2432,0.93809,36.1606,39.8166,0.920472,0.947536,False,2.8567,2.9066,1.8752,2.2657,0.146933,0.09837
CHNCXR_0340_1,Shenzhen,1,3,True,DWT,70,262144,27150,9.655396,0.828552,42.1888,0.969921,40.5621,43.2925,0.969464,0.970759,False,2.9901,3.0463,3.0677,3.1774,0.241109,0.164947
CHNCXR_0340_1,Shenzhen,1,3,True,DWT,90,262144,71237,3.679885,2.173981,47.9748,0.99071,47.714,48.1096,0.993698,0.989404,False,3.0349,3.0748,3.5816,3.6169,0.491883,0.461215
CHNCXR_0341_1,Shenzhen,1,1,False,DWT,10,257536,1508,170.779841,0.046844,31.0254,0.850278,,,,,,2.1022,2.2106,1.1282,1.6567,0.078183,0.021167
CHNCXR_0341_1,Shenzhen,1,1,False,DWT,20,257536,2858,90.110567,0.08878,33.0647,0.878628,,,,,,2.3845,2.4398,0.8612,1.5425,0.082295,0.032113
CHNCXR_0341_1,Shenzhen,1,1,False,DWT,30,257536,4132,62.327202,0.128355,35.7203,0.907494,,,,,,2.6049,2.6597,1.3414,1.8891,0.090165,0.041982
CHNCXR_0341_1,Shenzhen,1,1,False,DWT,50,257536,9287,27.730807,0.288488,40.031,0.95399,,,,,,2.8267,2.9113,2.0856,2.4445,0.120594,0.065476
CHNCXR_0341_1,Shenzhen,1,1,False,DWT,70,257536,21334,12.071623,0.662711,44.3416,0.979664,,,,,,2.9776,3.0231,2.8938,3.0548,0.19663,0.131871
CHNCXR_0341_1,Shenzhen,1,1,False,DWT,90,257536,49766,5.174939,1.545912,49.4774,0.992802,,,,,,3.0259,3.0671,3.6381,3.6785,0.361746,0.268035
CHNCXR_0342_1,Shenzhen,1,4,False,DWT,10,246784,1510,163.433113,0.04895,29.7112,0.773841,,,,,,2.2687,2.3611,2.5057,2.6919,0.065964,0.016607
CHNCXR_0342_1,Shenzhen,1,4,False,DWT,20,246784,3736,66.055675,0.12111,31.382,0.819484,,,,,,2.4912,2.5492,0.6975,1.456,0.092724,0.037565
CHNCXR_0342_1,Shenzhen,1,4,False,DWT,30,246784,5328,46.318318,0.172718,33.2891,0.869164,,,,,,2.6883,2.7317,1.2349,1.8133,0.106634,0.045744
CHNCXR_0342_1,Shenzhen,1,4,False,DWT,50,246784,12474,19.78387,0.40437,37.4335,0.937558,,,,,,2.8991,2.9579,2.1255,2.4618,0.147727,0.087585
CHNCXR_0342_1,Shenzhen,1,4,False,DWT,70,246784,29259,8.434465,0.948489,41.9378,0.97347,,,,,,3.0077,3.0492,3.2237,3.3113,0.244474,0.178819
CHNCXR_0342_1,Shenzhen,1,4,False,DWT,90,246784,71517,3.450704,2.318367,48.1402,0.992507,,,,,,3.0905,3.1421,3.6188,3.6496,0.526608,0.419432
CHNCXR_0343_1,Shenzhen,1,3,False,DWT,10,248320,1613,153.949163,0.051965,30.2951,0.815662,,,,,,2.2315,2.3333,1.4878,1.9403,0.065815,0.016792
CHNCXR_0343_1,Shenzhen,1,3,False,DWT,20,248320,3564,69.674523,0.11482,32.1371,0.85412,,,,,,2.4877,2.5722,0.6761,1.4435,0.085517,0.036305
CHNCXR_0343_1,Shenzhen,1,3,False,DWT,30,248320,5343,46.475763,0.172133,34.0323,0.890754,,,,,,2.6883,2.7563,0.9027,1.5885,0.112561,0.061124
CHNCXR_0343_1,Shenzhen,1,3,False,DWT,50,248320,11181,22.209105,0.360213,38.3261,0.946471,,,,,,2.9224,3.0016,1.9375,2.3173,0.171571,0.080957
CHNCXR_0343_1,Shenzhen,1,3,False,DWT,70,248320,25787,9.629658,0.830767,42.5315,0.974733,,,,,,3.0743,3.1198,3.1081,3.2236,0.2153,0.151808
CHNCXR_0343_1,Shenzhen,1,3,False,DWT,90,248320,64792,3.832572,2.087371,48.2369,0.991844,,,,,,3.139,3.181,3.6287,3.6611,0.440827,0.356181
CHNCXR_0344_1,Shenzhen,1,0,False,DWT,10,260608,1497,174.08684,0.045954,30.9169,0.809984,,,,,,2.1801,2.2199,1.2425,1.7543,0.099678,0.02107
CHNCXR_0344_1,Shenzhen,1,0,False,DWT,20,260608,2994,87.04342,0.091908,32.655,0.847478,,,,,,2.4374,2.5278,0.9402,1.597,0.083252,0.032037
CHNCXR_0344_1,Shenzhen,1,0,False,DWT,30,260608,4856,53.667216,0.149067,34.4568,0.882055,,,,,,2.6026,2.6944,1.0019,1.6517,0.101891,0.045784
CHNCXR_0344_1,Shenzhen,1,0,False,DWT,50,260608,11004,23.683024,0.337795,38.4929,0.938198,,,,,,2.8255,2.8588,1.8419,2.2496,0.146284,0.081838
CHNCXR_0344_1,Shenzhen,1,0,False,DWT,70,260608,25987,10.028399,0.797735,42.2405,0.969312,,,,,,2.9752,3.0201,3.0443,3.1587,0.228088,0.157976
CHNCXR_0344_1,Shenzhen,1,0,False,DWT,90,260608,69928,3.726805,2.146611,47.9542,0.990688,,,,,,3.0065,3.0548,3.5937,3.6291,0.486045,0.40345
CHNCXR_0345_1,Shenzhen,1,3,False,DWT,10,247808,1614,153.536555,0.052105,29.9536,0.783248,,,,,,2.2317,2.269,1.5023,1.9651,0.064411,0.018204
CHNCXR_0345_1,Shenzhen,1,3,False,DWT,20,247808,2762,89.720492,0.089166,31.6969,0.828354,,,,,,2.484,2.5778,1.6501,2.0885,0.069898,0.023594
CHNCXR_0345_1,Shenzhen,1,3,False,DWT,30,247808,5175,47.885604,0.167065,33.4702,0.872442,,,,,,2.6531,2.7492,1.1776,1.7708,0.096348,0.044335
CHNCXR_0345_1,Shenzhen,1,3,False,DWT,50,247808,12155,20.38733,0.392401,37.6702,0.938292,,,,,,2.8864,2.9952,2.09,2.4206,0.138212,0.084947
CHNCXR_0345_1,Shenzhen,1,3,False,DWT,70,247808,28498,8.695628,0.920003,42.0279,0.973037,,,,,,3.0318,3.0722,3.2094,3.2973,0.231571,0.168834
CHNCXR_0345_1,Shenzhen,1,3,False,DWT,90,247808,70367,3.521651,2.271662,48.1201,0.992125,,,,,,3.0791,3.1302,3.6155,3.6476,0.478406,0.405558
CHNCXR_0346_1,Shenzhen,1,3,False,DWT,10,239104,2199,108.73306,0.073575,30.0929,0.792963,,,,,,2.2208,2.2565,0.5534,1.3365,0.078046,0.026222
CHNCXR_0346_1,Shenzhen,1,3,False,DWT,20,239104,4143,57.712769,0.138618,31.9465,0.83801,,,,,,2.4425,2.558,0.5374,1.3381,0.096231,0.042539
CHNCXR_0346_1,Shenzhen,1,3,False,DWT,30,239104,5431,44.025778,0.181712,33.7586,0.877191,,,,,,2.6331,2.7157,0.8862,1.59,0.104329,0.048527
CHNCXR_0346_1,Shenzhen,1,3,False,DWT,50,239104,11463,20.858763,0.383532,38.0994,0.940796,,,,,,2.8612,2.9036,1.989,2.3827,0.13803,0.081853
CHNCXR_0346_1,Shenzhen,1,3,False,DWT,70,239104,26192,9.128894,0.876338,42.1289,0.972873,,,,,,2.9944,3.0359,3.1525,3.2572,0.216259,0.153496
CHNCXR_0346_1,Shenzhen,1,3,False,DWT,90,239104,66515,3.594738,2.225475,48.1187,0.992109,,,,,,3.058,3.1021,3.6248,3.6585,0.459023,0.375938
CHNCXR_0347_1,Shenzhen,1,2,False,DWT,10,240640,1668,144.268585,0.055452,29.7731,0.813794,,,,,,2.1625,2.2533,1.3393,1.8155,0.065459,0.01775
CHNCXR_0347_1,Shenzhen,1,2,False,DWT,20,240640,3155,76.272583,0.104887,32.202,0.848879,,,,,,2.424,2.4788,1.0006,1.6096,0.077111,0.030811
CHNCXR_0347_1,Shenzhen,1,2,False,DWT,30,240640,5160,46.635659,0.171543,34.7325,0.884409,,,,,,2.6246,2.6855,1.1924,1.792,0.092922,0.042108
CHNCXR_0347_1,Shenzhen,1,2,False,DWT,50,240640,10556,22.796514,0.350931,39.1575,0.945139,,,,,,2.8462,2.902,2.2865,2.6088,0.135897,0.069653
CHNCXR_0347_1,Shenzhen,1,2,False,DWT,70,240640,23654,10.173332,0.78637,43.4272,0.976382,,,,,,2.9778,3.0278,3.0839,3.2175,0.205496,0.139705
CHNCXR_0347_1,Shenzhen,1,2,False,DWT,90,240640,55183,4.360763,1.834541,48.9715,0.992541,,,,,,3.0255,3.0711,3.6709,3.7115,0.375647,0.307267
CHNCXR_0348_1,Shenzhen,1,1,False,DWT,10,233984,1462,160.043776,0.049986,30.5297,0.832001,,,,,,2.1879,2.2609,1.3662,1.831,0.059399,0.016568
CHNCXR_0348_1,Shenzhen,1,1,False,DWT,20,233984,2802,83.506067,0.095801,32.0797,0.866171,,,,,,2.4496,2.5606,0.9727,1.6212,0.072457,0.026139
CHNCXR_0348_1,Shenzhen,1,1,False,DWT,30,233984,4270,54.79719,0.145993,35.237,0.899286,,,,,,2.6504,2.6978,1.4373,1.9495,0.084161,0.036379
CHNCXR_0348_1,Shenzhen,1,1,False,DWT,50,233984,9424,24.828523,0.32221,39.8533,0.952746,,,,,,2.8925,2.9512,2.2702,2.5723,0.113686,0.065081
CHNCXR_0348_1,Shenzhen,1,1,False,DWT,70,233984,20580,11.369485,0.703638,44.2536,0.979624,,,,,,3.0021,3.0606,3.1082,3.2429,0.181294,0.121382
CHNCXR_0348_1,Shenzhen,1,1,False,DWT,90,233984,47265,4.950471,1.616008,49.3076,0.992632,,,,,,3.0844,3.1414,3.6888,3.7369,0.330558,0.263181
CHNCXR_0349_1,Shenzhen,1,4,False,DWT,10,257536,1372,187.708455,0.042619,31.3297,0.851183,,,,,,2.084,2.1983,1.2121,1.7091,0.068,0.019607
CHNCXR_0349_1,Shenzhen,1,4,False,DWT,20,257536,2732,94.266471,0.084866,33.3262,0.877413,,,,,,2.3601,2.4066,0.7681,1.4716,0.078398,0.029695
CHNCXR_0349_1,Shenzhen,1,4,False,DWT,30,257536,3919,65.714723,0.121738,35.7623,0.906382,,,,,,2.5708,2.6219,1.3246,1.8693,0.087628,0.034877
CHNCXR_0349_1,Shenzhen,1,4,False,DWT,50,257536,9032,28.513729,0.280567,39.9082,0.95199,,,,,,2.8398,2.9174,1.9892,2.3687,0.128113,0.065552
CHNCXR_0349_1,Shenzhen,1,4,False,DWT,70,257536,21025,12.249037,0.653113,44.1786,0.978451,,,,,,2.9781,3.0131,2.851,3.0132,0.194993,0.13322
CHNCXR_0349_1,Shenzhen,1,4,False,DWT,90,257536,50261,5.123973,1.561289,49.2241,0.992142,,,,,,3.0421,3.0949,3.584,3.624,0.363647,0.284099
CHNCXR_0350_1,Shenzhen,1,2,False,DWT,10,251904,1439,175.054899,0.0457,30.1755,0.804348,,,,,,2.2421,2.354,2.1954,2.4196,0.062907,0.015793
CHNCXR_0350_1,Shenzhen,1,2,False,DWT,20,251904,3179,79.240013,0.100959,32.1194,0.847308,,,,,,2.5048,2.5802,0.9273,1.5935,0.082314,0.031416
CHNCXR_0350_1,Shenzhen,1,2,False,DWT,30,251904,5029,50.090276,0.159712,33.9669,0.883609,,,,,,2.702,2.7968,1.1187,1.7263,0.098343,0.044066
CHNCXR_0350_1,Shenzhen,1,2,False,DWT,50,251904,11533,21.842019,0.366267,38.0944,0.94279,,,,,,2.9556,3.0317,1.9939,2.3555,0.139286,0.080141
CHNCXR_0350_1,Shenzhen,1,2,False,DWT,70,251904,27032,9.318733,0.858486,42.3467,0.974406,,,,,,3.1182,3.1579,3.1298,3.2265,0.230927,0.158185
CHNCXR_0350_1,Shenzhen,1,2,False,DWT,90,251904,67030,3.758078,2.128747,48.283,0.992182,,,,,,3.1903,3.2349,3.6042,3.636,0.464405,0.373376
CHNCXR_0351_1,Shenzhen,1,2,False,DWT,10,258048,1506,171.346614,0.046689,30.6082,0.823619,,,,,,2.114,2.2145,1.3496,1.8014,0.066873,0.020313
CHNCXR_0351_1,Shenzhen,1,2,False,DWT,20,258048,3022,85.389808,0.093688,32.6066,0.859205,,,,,,2.3805,2.4545,0.9051,1.5803,0.081679,0.031614
CHNCXR_0351_1,Shenzhen,1,2,False,DWT,30,258048,4296,60.067039,0.133185,35.0097,0.892031,,,,,,2.6015,2.6759,1.4913,1.9779,0.088165,0.037525
CHNCXR_0351_1,Shenzhen,1,2,False,DWT,50,258048,10176,25.358491,0.315476,39.1969,0.947695,,,,,,2.8614,2.9421,2.1749,2.4984,0.129058,0.071229
CHNCXR_0351_1,Shenzhen,1,2,False,DWT,70,258048,23808,10.83871,0.738095,43.579,0.977747,,,,,,2.9941,3.0517,2.9964,3.1217,0.209305,0.14222
CHNCXR_0351_1,Shenzhen,1,2,False,DWT,90,258048,56055,4.603479,1.737816,49.095,0.992684,,,,,,3.0566,3.1026,3.6046,3.6394,0.392206,0.312462
CHNCXR_0352_1,Shenzhen,1,0,False,DWT,10,230912,1467,157.404226,0.050825,30.2717,0.806762,,,,,,2.2279,2.3266,1.4709,1.9336,0.060045,0.014873
CHNCXR_0352_1,Shenzhen,1,0,False,DWT,20,230912,2847,81.10713,0.098635,32.2292,0.847339,,,,,,2.4993,2.5951,1.0074,1.6479,0.073512,0.029032
CHNCXR_0352_1,Shenzhen,1,0,False,DWT,30,230912,4589,50.318588,0.158987,34.1029,0.885675,,,,,,2.7121,2.8131,1.1363,1.7523,0.088201,0.040062
CHNCXR_0352_1,Shenzhen,1,0,False,DWT,50,230912,10604,21.775934,0.367378,38.2451,0.944369,,,,,,2.9683,3.0539,1.979,2.3565,0.130732,0.07545
CHNCXR_0352_1,Shenzhen,1,0,False,DWT,70,230912,24293,9.50529,0.841637,42.5015,0.975048,,,,,,3.1156,3.1574,3.1151,3.2182,0.201475,0.147311
CHNCXR_0352_1,Shenzhen,1,0,False,DWT,90,230912,60248,3.832692,2.087306,48.3389,0.992268,,,,,,3.2005,3.2517,3.6269,3.6594,0.41648,0.332565
CHNCXR_0353_1,Shenzhen,1,1,False,DWT,10,237056,1489,159.204835,0.05025,30.295,0.810733,,,,,,2.1886,2.2382,1.3415,1.837,0.059083,0.016672
CHNCXR_0353_1,Shenzhen,1,1,False,DWT,20,237056,3008,78.808511,0.101512,32.1497,0.852701,,,,,,2.4728,2.5547,0.9158,1.5818,0.076409,0.0299
CHNCXR_0353_1,Shenzhen,1,1,False,DWT,30,237056,4750,49.906526,0.1603,34.1523,0.890289,,,,,,2.6682,2.7576,1.1203,1.7199,0.087908,0.041333
CHNCXR_0353_1,Shenzhen,1,1,False,DWT,50,237056,10771,22.008727,0.363492,38.4785,0.947202,,,,,,2.9237,3.0093,1.9599,2.3288,0.130011,0.07668
CHNCXR_0353_1,Shenzhen,1,1,False,DWT,70,237056,24425,9.705466,0.824278,42.6545,0.975427,,,,,,3.0604,3.1077,3.0941,3.2041,0.204596,0.14444
CHNCXR_0353_1,Shenzhen,1,1,False,DWT,90,237056,60554,3.914787,2.043534,48.3366,0.992004,,,,,,3.1261,3.1726,3.6277,3.6634,0.439113,0.374007
CHNCXR_0354_1,Shenzhen,1,3,False,DWT,10,233984,1460,160.263014,0.049918,30.2639,0.800682,,,,,,2.3004,2.362,2.2878,2.5281,0.060576,0.015582
CHNCXR_0354_1,Shenzhen,1,3,False,DWT,20,233984,2935,79.721976,0.100349,32.0608,0.84413,,,,,,2.5307,2.6397,1.0306,1.6706,0.074718,0.027074
CHNCXR_0354_1,Shenzhen,1,3,False,DWT,30,233984,5221,44.815936,0.178508,33.9193,0.883288,,,,,,2.7047,2.7668,0.9724,1.6413,0.101538,0.047152
CHNCXR_0354_1,Shenzhen,1,3,False,DWT,50,233984,11024,21.224964,0.376915,37.9662,0.942785,,,,,,2.9923,3.0707,2.0638,2.4131,0.136418,0.083095
CHNCXR_0354_1,Shenzhen,1,3,False,DWT,70,233984,25653,9.121116,0.877086,42.3632,0.975004,,,,,,3.167,3.2298,3.1979,3.293,0.226342,0.151541
CHNCXR_0354_1,Shenzhen,1,3,False,DWT,90,233984,62158,3.764342,2.125205,48.3791,0.992541,,,,,,3.2302,3.2593,3.6048,3.6347,0.445184,0.347446
CHNCXR_0355_1,Shenzhen,1,4,False,DWT,10,259072,1548,167.359173,0.047801,30.4825,0.822268,,,,,,2.2041,2.2346,1.3747,1.8469,0.072902,0.020181
CHNCXR_0355_1,Shenzhen,1,4,False,DWT,20,259072,3163,81.90705,0.097672,32.5037,0.861034,,,,,,2.4745,2.5332,0.8717,1.5498,0.084671,0.032144
CHNCXR_0355_1,Shenzhen,1,4,False,DWT,30,259072,5485,47.232817,0.169374,34.4786,0.895341,,,,,,2.6685,2.7122,0.8411,1.5437,0.105715,0.053671
CHNCXR_0355_1,Shenzhen,1,4,False,DWT,50,259072,11185,23.16245,0.345387,38.5823,0.948368,,,,,,2.8815,2.9444,1.8975,2.297,0.156334,0.082777
CHNCXR_0355_1,Shenzhen,1,4,False,DWT,70,259072,25791,10.045054,0.796412,42.7594,0.975767,,,,,,3.0043,3.0448,3.057,3.1817,0.228785,0.153558
CHNCXR_0355_1,Shenzhen,1,4,False,DWT,90,259072,64037,4.045661,1.977427,48.5068,0.991983,,,,,,3.0444,3.088,3.5885,3.6197,0.444863,0.366862
CHNCXR_0356_1,Shenzhen,1,3,False,DWT,10,234496,1613,145.378797,0.055029,30.408,0.802424,,,,,,2.2564,2.3258,1.0473,1.6523,0.074956,0.017449
CHNCXR_0356_1,Shenzhen,1,3,False,DWT,20,234496,2927,80.114793,0.099857,32.1452,0.840239,,,,,,2.5113,2.6322,0.9214,1.59,0.071972,0.025969
CHNCXR_0356_1,Shenzhen,1,3,False,DWT,30,234496,4710,49.786837,0.160685,34.1145,0.878542,,,,,,2.7005,2.7811,1.1081,1.7253,0.085744,0.03981
CHNCXR_0356_1,Shenzhen,1,3,False,DWT,50,234496,10807,21.698529,0.368689,38.1143,0.939889,,,,,,2.9711,3.0505,2.0031,2.3691,0.133589,0.072713
CHNCXR_0356_1,Shenzhen,1,3,False,DWT,70,234496,25266,9.281089,0.861968,42.3432,0.973498,,,,,,3.1302,3.1953,3.1554,3.2472,0.206017,0.148267
CHNCXR_0356_1,Shenzhen,1,3,False,DWT,90,234496,62501,3.751876,2.132267,48.328,0.992234,,,,,,3.1936,3.234,3.6127,3.6449,0.424445,0.349122
CHNCXR_0357_1,Shenzhen,1,3,False,DWT,10,255488,1535,166.441694,0.048065,29.9553,0.78256,,,,,,2.2581,2.2824,2.0666,2.3484,0.070897,0.018179
CHNCXR_0357_1,Shenzhen,1,3,False,DWT,20,255488,3178,80.3927,0.099512,31.7444,0.83159,,,,,,2.4945,2.5687,1.016,1.6628,0.081012,0.031836
CHNCXR_0357_1,Shenzhen,1,3,False,DWT,30,255488,5148,49.628594,0.161197,33.6222,0.875873,,,,,,2.6722,2.7469,1.1931,1.7909,0.096851,0.045595
CHNCXR_0357_1,Shenzhen,1,3,False,DWT,50,255488,12391,20.618836,0.387995,37.8766,0.942791,,,,,,2.8802,2.9753,2.0367,2.4002,0.150034,0.089187
CHNCXR_0357_1,Shenzhen,1,3,False,DWT,70,255488,28723,8.894893,0.899393,42.2569,0.975436,,,,,,3.0128,3.0633,3.1756,3.2741,0.239812,0.178392
CHNCXR_0357_1,Shenzhen,1,3,False,DWT,90,255488,69693,3.665906,2.182271,48.3553,0.992949,,,,,,3.0556,3.1119,3.616,3.6473,0.475712,0.409437
CHNCXR_0358_1,Shenzhen,1,4,False,DWT,10,226816,1377,164.717502,0.048568,30.2246,0.816855,,,,,,2.239,2.3542,2.1745,2.4259,0.057121,0.016411
CHNCXR_0358_1,Shenzhen,1,4,False,DWT,20,226816,2808,80.774929,0.099041,32.1997,0.856537,,,,,,2.4924,2.5851,0.9864,1.6419,0.072707,0.027683
CHNCXR_0358_1,Shenzhen,1,4,False,DWT,30,226816,4952,45.802908,0.174661,34.1548,0.891637,,,,,,2.6714,2.7708,0.9271,1.6018,0.092479,0.04594
CHNCXR_0358_1,Shenzhen,1,4,False,DWT,50,226816,10340,21.935783,0.364701,38.3949,0.947728,,,,,,2.9572,3.059,1.9569,2.3433,0.122554,0.072102
CHNCXR_0358_1,Shenzhen,1,4,False,DWT,70,226816,23567,9.624305,0.831229,42.631,0.976481,,,,,,3.1115,3.158,3.1107,3.2184,0.202885,0.139522
CHNCXR_0358_1,Shenzhen,1,4,False,DWT,90,226816,57712,3.930136,2.035553,48.4555,0.992656,,,,,,3.1886,3.2352,3.6209,3.6523,0.410324,0.364312
CHNCXR_0359_1,Shenzhen,1,4,False,DWT,10,231424,1547,149.595346,0.053478,29.899,0.803111,,,,,,2.2658,2.362,1.6587,2.069,0.059662,0.016255
CHNCXR_0359_1,Shenzhen,1,4,False,DWT,20,231424,3559,65.025007,0.12303,31.7527,0.844782,,,,,,2.5079,2.6347,0.6782,1.4301,0.083952,0.03632
CHNCXR_0359_1,Shenzhen,1,4,False,DWT,30,231424,4900,47.229388,0.169386,33.7086,0.885569,,,,,,2.704,2.7879,1.1718,1.7584,0.088665,0.041448
CHNCXR_0359_1,Shenzhen,1,4,False,DWT,50,231424,11169,20.720208,0.386097,38.0093,0.947476,,,,,,2.9552,3.0303,2.0311,2.3847,0.130767,0.076996
CHNCXR_0359_1,Shenzhen,1,4,False,DWT,70,231424,25458,9.090423,0.880047,42.5296,0.977394,,,,,,3.1002,3.1557,3.14,3.243,0.226126,0.173778
CHNCXR_0359_1,Shenzhen,1,4,False,DWT,90,231424,60489,3.825886,2.091019,48.4437,0.992827,,,,,,3.1572,3.2079,3.6094,3.6396,0.473318,0.35851
CHNCXR_0360_1,Shenzhen,1,1,False,DWT,10,241152,1981,121.732458,0.065718,30.1075,0.813633,,,,,,2.2706,2.3399,0.774,1.4919,0.068208,0.021646
CHNCXR_0360_1,Shenzhen,1,1,False,DWT,20,241152,3058,78.859385,0.101446,32.0046,0.853532,,,,,,2.5135,2.6315,1.0343,1.683,0.077807,0.029182
CHNCXR_0360_1,Shenzhen,1,1,False,DWT,30,241152,5038,47.866614,0.167131,34.0569,0.891205,,,,,,2.7067,2.8227,1.159,1.7638,0.094311,0.04709
CHNCXR_0360_1,Shenzhen,1,1,False,DWT,50,241152,11317,21.308827,0.375431,38.2423,0.947661,,,,,,2.9733,3.058,2.0011,2.3765,0.137834,0.083748
CHNCXR_0360_1,Shenzhen,1,1,False,DWT,70,241152,25791,9.350238,0.855593,42.5659,0.97591,,,,,,3.1189,3.1806,3.1432,3.2485,0.270819,0.164692
CHNCXR_0360_1,Shenzhen,1,1,False,DWT,90,241152,62942,3.831337,2.088044,48.3407,0.992193,,,,,,3.2028,3.2574,3.6465,3.6784,0.448535,0.362544
CHNCXR_0361_1,Shenzhen,1,0,True,DWT,10,258048,1641,157.250457,0.050874,30.7656,0.827116,28.4267,31.6129,0.685671,0.859843,False,2.1899,2.2299,0.9308,1.5641,0.072925,0.023588
CHNCXR_0361_1,Shenzhen,1,0,True,DWT,20,258048,3097,83.321924,0.096013,32.6767,0.861162,30.0394,33.687,0.746106,0.887862,False,2.4567,2.5548,0.8108,1.5128,0.089434,0.033604
CHNCXR_0361_1,Shenzhen,1,0,True,DWT,30,258048,4882,52.857026,0.151352,34.6601,0.896375,31.8145,35.7949,0.814088,0.915606,False,2.6544,2.7515,1.0034,1.6495,0.107341,0.048273
CHNCXR_0361_1,Shenzhen,1,0,True,DWT,50,258048,10902,23.669785,0.337984,38.6814,0.946274,35.6276,39.9508,0.91458,0.954763,False,2.9164,3.037,1.8301,2.251,0.146919,0.084907
CHNCXR_0361_1,Shenzhen,1,0,True,DWT,70,258048,25143,10.263214,0.779483,42.7948,0.974893,40.2539,43.7505,0.968919,0.976816,False,3.0794,3.1381,3.0142,3.1431,0.236967,0.169528
CHNCXR_0361_1,Shenzhen,1,0,True,DWT,90,258048,63779,4.045971,1.977276,48.3369,0.99164,47.7184,48.5053,0.994297,0.99113,False,3.1427,3.1944,3.6136,3.6479,0.479935,0.360305
CHNCXR_0362_1,Shenzhen,1,4,True,DWT,10,259072,1574,164.594663,0.048604,30.0911,0.793189,28.2551,31.1757,0.656191,0.847237,False,2.2172,2.2623,1.3559,1.8275,0.088461,0.02113
CHNCXR_0362_1,Shenzhen,1,4,True,DWT,20,259072,3780,68.537566,0.116724,32.1687,0.843333,30.0023,33.5454,0.736442,0.886477,False,2.4598,2.5802,0.6803,1.4182,0.100277,0.040365
CHNCXR_0362_1,Shenzhen,1,4,True,DWT,30,259072,5716,45.324003,0.176507,34.1176,0.884032,31.8058,35.6369,0.806905,0.915659,False,2.6271,2.7492,0.9092,1.5903,0.112006,0.054828
CHNCXR_0362_1,Shenzhen,1,4,True,DWT,50,259072,11816,21.925525,0.364872,38.3389,0.945841,35.8153,40.0844,0.916663,0.958517,False,2.8844,2.9414,1.9925,2.3578,0.150461,0.088511
CHNCXR_0362_1,Shenzhen,1,4,True,DWT,70,259072,27158,9.539436,0.838624,42.5156,0.975446,40.3462,43.8951,0.968865,0.978676,False,3.0235,3.071,3.1345,3.2368,0.246684,0.178559
CHNCXR_0362_1,Shenzhen,1,4,True,DWT,90,259072,67198,3.855353,2.075037,48.3355,0.992362,47.7384,48.613,0.994133,0.99177,False,3.035,3.0849,3.6074,3.6399,0.46589,0.391001
CHNCXR_0363_1,Shenzhen,1,2,True,DWT,10,231424,1735,133.385591,0.059976,30.0628,0.805129,28.3966,30.9179,0.696393,0.843428,False,2.2403,2.3283,0.8943,1.5587,0.069612,0.021465
CHNCXR_0363_1,Shenzhen,1,2,True,DWT,20,231424,3504,66.045662,0.121128,31.8495,0.845653,30.0185,32.8208,0.760164,0.8761,False,2.4864,2.6313,0.6607,1.4286,0.090137,0.045632
CHNCXR_0363_1,Shenzhen,1,2,True,DWT,30,231424,4808,48.133111,0.166206,33.9389,0.885175,31.9014,35.0671,0.824568,0.907376,False,2.6681,2.7668,1.144,1.7483,0.102876,0.03972
CHNCXR_0363_1,Shenzhen,1,2,True,DWT,50,231424,11016,21.007988,0.380808,38.0757,0.943427,35.8013,39.4012,0.919318,0.953193,False,2.9335,3.0303,2.0294,2.3858,0.150965,0.077272
CHNCXR_0363_1,Shenzhen,1,2,True,DWT,70,231424,25373,9.120877,0.877109,42.3642,0.97401,40.5331,43.3356,0.969687,0.976172,False,3.0995,3.1709,3.1579,3.2556,0.21056,0.150817
CHNCXR_0363_1,Shenzhen,1,2,True,DWT,90,231424,62888,3.679939,2.173949,48.2209,0.991967,47.7377,48.4207,0.993921,0.991381,False,3.1478,3.1911,3.6321,3.6661,0.431817,0.351745
CHNCXR_0364_1,Shenzhen,1,1,True,DWT,10,259584,1575,164.815238,0.048539,30.9806,0.843984,30.2711,31.1808,0.719768,0.873873,False,2.1081,2.2145,1.5111,1.9305,0.091936,0.023255
CHNCXR_0364_1,Shenzhen,1,1,True,DWT,20,259584,2977,87.196507,0.091747,32.9251,0.871514,31.671,33.3107,0.759273,0.898987,False,2.3795,2.4336,0.8963,1.5682,0.08887,0.032278
CHNCXR_0364_1,Shenzhen,1,1,True,DWT,30,259584,4278,60.678822,0.131842,35.3791,0.903013,33.2997,36.1149,0.815193,0.924373,False,2.598,2.6605,1.396,1.9128,0.092969,0.040174
CHNCXR_0364_1,Shenzhen,1,1,True,DWT,50,259584,9727,26.686954,0.299772,39.7528,0.953116,37.1583,40.7624,0.914893,0.96279,False,2.8482,2.9182,2.0978,2.4365,0.124333,0.067488
CHNCXR_0364_1,Shenzhen,1,1,True,DWT,70,259584,22144,11.722543,0.682446,44.0326,0.978698,41.4505,45.035,0.966728,0.981984,False,2.9821,3.0355,2.9511,3.0948,0.199506,0.137759
CHNCXR_0364_1,Shenzhen,1,1,True,DWT,90,259584,52603,4.934776,1.621148,49.0532,0.992017,47.9295,49.3915,0.992289,0.992046,False,3.0341,3.0841,3.6317,3.6709,0.374928,0.305548
CHNCXR_0365_1,Shenzhen,1,1,True,DWT,10,229376,1615,142.028483,0.056327,30.3637,0.814709,29.3977,30.807,0.713212,0.851936,False,2.2773,2.3403,1.1296,1.7087,0.059557,0.01715
CHNCXR_0365_1,Shenzhen,1,1,True,DWT,20,229376,3405,67.364464,0.118757,32.1888,0.852847,30.8929,32.8206,0.766472,0.884289,False,2.4961,2.6302,0.657,1.4171,0.078599,0.035391
CHNCXR_0365_1,Shenzhen,1,1,True,DWT,30,229376,4652,49.306965,0.162249,34.2986,0.890509,32.6399,35.1664,0.823301,0.91556,False,2.678,2.7613,1.1268,1.734,0.085206,0.039651
CHNCXR_0365_1,Shenzhen,1,1,True,DWT,50,229376,10437,21.977197,0.364014,38.4231,0.94527,36.3201,39.6298,0.914855,0.957614,False,2.9611,3.0226,1.9588,2.3426,0.121789,0.072627
CHNCXR_0365_1,Shenzhen,1,1,True,DWT,70,229376,23773,9.648593,0.829136,42.6615,0.975342,40.6494,43.7937,0.966739,0.979058,False,3.0703,3.1259,3.1051,3.2006,0.215065,0.155005
CHNCXR_0365_1,Shenzhen,1,1,True,DWT,90,229376,58703,3.907398,2.047398,48.4242,0.992303,47.7668,48.7097,0.993442,0.992002,False,3.1426,3.1788,3.6298,3.6629,0.401579,0.326772
CHNCXR_0366_1,Shenzhen,1,1,True,DWT,10,248320,1394,178.134864,0.04491,30.6147,0.821778,27.7705,31.6348,0.672903,0.853774,False,2.1996,2.3056,2.2888,2.505,0.063743,0.01491
CHNCXR_0366_1,Shenzhen,1,1,True,DWT,20,248320,2875,86.372174,0.092622,32.4883,0.861897,29.6309,33.5155,0.753883,0.884186,False,2.4764,2.5476,0.9664,1.6285,0.078021,0.027624
CHNCXR_0366_1,Shenzhen,1,1,True,DWT,30,248320,5223,47.543557,0.168267,34.392,0.896001,31.3199,35.5429,0.819751,0.912395,False,2.6807,2.7738,0.8692,1.5646,0.103321,0.050769
CHNCXR_0366_1,Shenzhen,1,1,True,DWT,50,248320,10799,22.994722,0.347906,38.6158,0.949086,35.3405,39.893,0.921799,0.95585,False,2.9714,3.077,1.8764,2.2758,0.135837,0.079676
CHNCXR_0366_1,Shenzhen,1,1,True,DWT,70,248320,24552,10.114044,0.790979,42.8449,0.975994,40.1182,43.8015,0.972102,0.977259,False,3.1353,3.1762,3.0368,3.1617,0.210462,0.145397
CHNCXR_0366_1,Shenzhen,1,1,True,DWT,90,248320,61184,4.058577,1.971134,48.4317,0.991923,47.6926,48.6179,0.995013,0.991356,False,3.1983,3.2492,3.6118,3.6435,0.430712,0.350714
CHNCXR_0367_1,Shenzhen,1,1,True,DWT,10,221184,1665,132.843243,0.060221,29.5077,0.777187,28.2368,30.4296,0.674014,0.834292,False,2.2833,2.3835,1.2866,1.8015,0.065767,0.017802
CHNCXR_0367_1,Shenzhen,1,1,True,DWT,20,221184,3523,62.782856,0.127423,31.2323,0.824279,29.909,32.2038,0.74642,0.867077,False,2.5112,2.5708,0.7711,1.4905,0.080624,0.034697
CHNCXR_0367_1,Shenzhen,1,1,True,DWT,30,221184,5440,40.658824,0.196759,33.2796,0.872482,31.8185,34.3868,0.818544,0.902102,False,2.6848,2.7437,1.0646,1.6936,0.090565,0.045262
CHNCXR_0367_1,Shenzhen,1,1,True,DWT,50,221184,11489,19.251806,0.415545,37.652,0.942025,35.9122,39.0621,0.920629,0.955007,False,2.932,2.9919,2.1836,2.489,0.125551,0.076564
CHNCXR_0367_1,Shenzhen,1,1,True,DWT,70,221184,26345,8.395673,0.952872,42.1362,0.975178,40.5648,43.3585,0.970137,0.978532,False,3.0406,3.0932,3.2383,3.3145,0.208673,0.153177
CHNCXR_0367_1,Shenzhen,1,1,True,DWT,90,221184,62831,3.5203,2.272533,48.2477,0.992906,47.7854,48.5312,0.994122,0.992368,False,3.1015,3.1416,3.6333,3.6647,0.430026,0.38917
CHNCXR_0368_1,Shenzhen,1,1,True,DWT,10,222720,1617,137.736549,0.058082,30.8655,0.825689,28.7928,31.7624,0.716911,0.85883,False,2.2011,2.2491,0.7675,1.4671,0.066136,0.020557
CHNCXR_0368_1,Shenzhen,1,1,True,DWT,20,222720,3198,69.643527,0.114871,32.6803,0.860165,30.6507,33.5514,0.772432,0.886448,False,2.4702,2.5755,0.5756,1.3611,0.080306,0.032608
CHNCXR_0368_1,Shenzhen,1,1,True,DWT,30,222720,4770,46.691824,0.171336,34.5928,0.89405,32.6067,35.4382,0.831286,0.912434,False,2.6804,2.7969,0.805,1.5194,0.093329,0.043976
CHNCXR_0368_1,Shenzhen,1,1,True,DWT,50,222720,9480,23.493671,0.340517,38.7659,0.947918,36.5003,39.7836,0.921781,0.956208,False,2.9507,3.0833,1.8196,2.2487,0.118155,0.06825
CHNCXR_0368_1,Shenzhen,1,1,True,DWT,70,222720,21364,10.425014,0.767385,42.799,0.975555,40.7442,43.6851,0.968529,0.977932,False,3.1242,3.1684,3.0179,3.1492,0.184408,0.128021
CHNCXR_0368_1,Shenzhen,1,1,True,DWT,90,222720,54594,4.079569,1.960991,48.4284,0.992197,47.7143,48.6719,0.993469,0.991912,False,3.2219,3.2708,3.6354,3.6683,0.391007,0.307426
CHNCXR_0369_1,Shenzhen,1,0,True,DWT,10,250368,1428,175.327731,0.045629,30.5043,0.805003,28.1678,31.5106,0.659001,0.846073,False,2.2096,2.2437,2.1214,2.3812,0.061376,0.015138
CHNCXR_0369_1,Shenzhen,1,0,True,DWT,20,250368,3449,72.591476,0.110206,32.2002,0.844128,29.7379,33.2872,0.725028,0.877177,False,2.4664,2.5754,0.647,1.4097,0.084621,0.036876
CHNCXR_0369_1,Shenzhen,1,0,True,DWT,30,250368,5305,47.194722,0.16951,34.0951,0.884539,31.4635,35.297,0.799877,0.908045,False,2.6551,2.7778,0.898,1.5799,0.105602,0.049723
CHNCXR_0369_1,Shenzhen,1,0,True,DWT,50,250368,11251,22.252955,0.359503,38.2439,0.944037,35.3427,39.6455,0.911329,0.954153,False,2.9292,3.0373,1.968,2.339,0.136961,0.095399
CHNCXR_0369_1,Shenzhen,1,0,True,DWT,70,250368,26077,9.601104,0.833237,42.5782,0.974944,40.1129,43.6671,0.968811,0.977169,False,3.091,3.1341,3.1069,3.2159,0.232986,0.154577
CHNCXR_0369_1,Shenzhen,1,0,True,DWT,90,250368,64608,3.875186,2.064417,48.34,0.992049,47.7592,48.5242,0.994562,0.991451,False,3.1444,3.1905,3.6264,3.6582,0.437705,0.38279
CHNCXR_0370_1,Shenzhen,1,1,True,DWT,10,257536,1371,187.845368,0.042588,31.3346,0.862308,30.592,31.4662,0.717144,0.883202,False,2.0761,2.1512,1.213,1.7247,0.067231,0.018173
CHNCXR_0370_1,Shenzhen,1,1,True,DWT,20,257536,2593,99.319707,0.080548,33.385,0.887749,31.9656,33.6623,0.754853,0.907136,False,2.3641,2.4113,0.8209,1.5055,0.08578,0.029739
CHNCXR_0370_1,Shenzhen,1,1,True,DWT,30,257536,3800,67.772632,0.118042,36.1026,0.915547,33.4963,36.7152,0.810715,0.931356,False,2.5926,2.6597,1.3231,1.8557,0.084116,0.035917
CHNCXR_0370_1,Shenzhen,1,1,True,DWT,50,257536,8711,29.564459,0.270595,40.5473,0.957346,37.0846,41.4899,0.907912,0.965471,False,2.8797,2.9591,1.9408,2.3287,0.116401,0.063264
CHNCXR_0370_1,Shenzhen,1,1,True,DWT,70,257536,19669,13.093497,0.61099,44.6499,0.980592,41.0885,45.6367,0.962577,0.983638,False,3.0198,3.0556,2.7864,2.9701,0.187415,0.130717
CHNCXR_0370_1,Shenzhen,1,1,True,DWT,90,257536,46045,5.593137,1.430324,49.7609,0.992905,47.9472,50.1369,0.99215,0.993109,False,3.1036,3.1451,3.5387,3.5896,0.391068,0.323386
CHNCXR_0371_1,Shenzhen,1,2,True,DWT,10,257536,1516,169.878628,0.047092,30.5863,0.824377,30.0235,30.7698,0.708855,0.859076,False,2.0953,2.1775,1.4568,1.8776,0.064046,0.018076
CHNCXR_0371_1,Shenzhen,1,2,True,DWT,20,257536,3047,84.521168,0.094651,32.5032,0.860669,31.5608,32.83,0.762134,0.890026,False,2.3655,2.4321,0.9201,1.5795,0.078682,0.029982
CHNCXR_0371_1,Shenzhen,1,2,True,DWT,30,257536,4318,59.642427,0.134133,34.9733,0.893862,33.1344,35.7186,0.81445,0.918055,False,2.5703,2.659,1.48,1.9711,0.088406,0.037995
CHNCXR_0371_1,Shenzhen,1,2,True,DWT,50,257536,10300,25.003495,0.319955,39.2797,0.9502,37.0369,40.2609,0.915975,0.960536,False,2.8171,2.8765,2.1842,2.5085,0.135552,0.077198
CHNCXR_0371_1,Shenzhen,1,2,True,DWT,70,257536,23657,10.886249,0.734872,43.7547,0.978816,41.242,44.9145,0.966821,0.982604,False,2.944,2.9753,3.007,3.1394,0.216301,0.157214
CHNCXR_0371_1,Shenzhen,1,2,True,DWT,90,257536,54887,4.692113,1.704989,49.1329,0.992674,47.9143,49.5755,0.992636,0.992765,False,3.0017,3.0417,3.637,3.6728,0.440342,0.345716
CHNCXR_0372_1,Shenzhen,1,2,True,DWT,10,257536,1405,183.299644,0.043644,31.0071,0.841024,30.621,31.1396,0.731264,0.875632,False,2.0912,2.1752,1.2676,1.757,0.073713,0.020258
CHNCXR_0372_1,Shenzhen,1,2,True,DWT,20,257536,2804,91.845934,0.087102,32.9281,0.869311,32.0248,33.2656,0.771244,0.900046,False,2.3758,2.4406,0.7959,1.4959,0.078071,0.031151
CHNCXR_0372_1,Shenzhen,1,2,True,DWT,30,257536,4007,64.271525,0.124472,35.4577,0.900736,33.7154,36.2129,0.826932,0.924459,False,2.5891,2.6597,1.3327,1.8806,0.084994,0.036786
CHNCXR_0372_1,Shenzhen,1,2,True,DWT,50,257536,9305,27.677163,0.289047,39.7975,0.951842,37.4326,40.9557,0.917453,0.96307,False,2.8472,2.9051,2.0153,2.3684,0.126564,0.070334
CHNCXR_0372_1,Shenzhen,1,2,True,DWT,70,257536,21437,12.013621,0.665911,44.1411,0.979023,41.6966,45.3581,0.967632,0.982927,False,2.9864,3.0424,2.8615,3.0158,0.221996,0.151896
CHNCXR_0372_1,Shenzhen,1,2,True,DWT,90,257536,51009,5.048835,1.584524,49.216,0.992408,48.003,49.6939,0.992166,0.992578,False,3.0527,3.1065,3.6009,3.639,0.44194,0.353612
CHNCXR_0373_1,Shenzhen,1,3,True,DWT,10,244224,1238,197.273021,0.040553,31.7806,0.845408,30.6478,32.312,0.724726,0.889778,False,2.1337,2.2075,1.799,2.0614,0.071213,0.015825
CHNCXR_0373_1,Shenzhen,1,3,True,DWT,20,244224,2056,118.785992,0.067348,33.5052,0.871381,32.0569,34.2263,0.768473,0.909561,False,2.4161,2.4608,1.8211,2.152,0.075886,0.020624
CHNCXR_0373_1,Shenzhen,1,3,True,DWT,30,244224,3469,70.401845,0.113633,35.6124,0.900089,33.7125,36.6477,0.822152,0.930629,False,2.6351,2.6757,1.6807,2.1038,0.086933,0.031809
CHNCXR_0373_1,Shenzhen,1,3,True,DWT,50,244224,8259,29.57065,0.270539,39.8638,0.950493,37.4488,41.3357,0.916079,0.96417,False,2.863,2.8979,2.4281,2.6796,0.106214,0.05958
CHNCXR_0373_1,Shenzhen,1,3,True,DWT,70,244224,19524,12.508912,0.639544,44.1022,0.97804,41.623,45.6357,0.966769,0.982771,False,2.9901,3.0359,3.0422,3.1473,0.178775,0.12751
CHNCXR_0373_1,Shenzhen,1,3,True,DWT,90,244224,48123,5.074995,1.576356,49.1753,0.99212,47.9612,49.7536,0.992003,0.992303,False,3.0507,3.1038,3.5798,3.6236,0.338511,0.271442
CHNCXR_0374_1,Shenzhen,1,1,True,DWT,10,256000,1429,179.146256,0.044656,31.2056,0.848073,30.3221,31.4966,0.71388,0.88498,False,2.0926,2.1659,1.1666,1.7062,0.073243,0.020525
CHNCXR_0374_1,Shenzhen,1,1,True,DWT,20,256000,2654,96.458176,0.082937,33.1667,0.875664,31.8356,33.6389,0.756997,0.908577,False,2.3713,2.4205,0.8837,1.559,0.08383,0.02951
CHNCXR_0374_1,Shenzhen,1,1,True,DWT,30,256000,4000,64.0,0.125,35.6046,0.906052,33.4323,36.5006,0.814158,0.931899,False,2.6007,2.6698,1.3574,1.884,0.098539,0.040745
CHNCXR_0374_1,Shenzhen,1,1,True,DWT,50,256000,9170,27.917121,0.286562,40.0894,0.955444,37.2825,41.4027,0.914919,0.967222,False,2.8807,2.9583,2.0436,2.4017,0.120733,0.068654
CHNCXR_0374_1,Shenzhen,1,1,True,DWT,70,256000,20724,12.352828,0.647625,44.4235,0.980577,41.5266,45.8049,0.966454,0.98484,False,3.0323,3.0826,2.85,3.0096,0.194857,0.127247
CHNCXR_0374_1,Shenzhen,1,1,True,DWT,90,256000,47924,5.341791,1.497625,49.6398,0.99314,48.0032,50.252,0.992233,0.993489,False,3.1162,3.159,3.5731,3.6156,0.336439,0.291115
CHNCXR_0375_1,Shenzhen,1,0,True,DWT,10,261632,1504,173.957447,0.045988,30.1806,0.808878,28.4602,31.0462,0.669436,0.856912,False,2.2728,2.3835,2.5826,2.7215,0.080499,0.017886
CHNCXR_0375_1,Shenzhen,1,0,True,DWT,20,261632,3102,84.343005,0.094851,32.0479,0.851894,30.1581,33.0316,0.743178,0.889444,False,2.5192,2.6142,1.1981,1.7692,0.079309,0.030432
CHNCXR_0375_1,Shenzhen,1,0,True,DWT,30,261632,5736,45.612273,0.175391,33.928,0.890583,31.7347,35.1444,0.804448,0.919761,False,2.7126,2.7878,0.9487,1.6116,0.105275,0.051506
CHNCXR_0375_1,Shenzhen,1,0,True,DWT,50,261632,12279,21.307273,0.375459,38.3228,0.949486,35.6495,39.9739,0.91206,0.96381,False,2.9468,3.0216,2.0744,2.4221,0.143459,0.087902
CHNCXR_0375_1,Shenzhen,1,0,True,DWT,70,261632,27575,9.488015,0.843169,42.8572,0.978858,40.2286,44.4639,0.967729,0.98341,False,3.0733,3.1235,3.1625,3.2599,0.228259,0.158584
CHNCXR_0375_1,Shenzhen,1,0,True,DWT,90,261632,64258,4.071586,1.964836,48.7669,0.993456,47.7606,49.2098,0.994143,0.993299,False,3.1354,3.1883,3.6109,3.6455,0.445026,0.355197
CHNCXR_0376_1,Shenzhen,1,3,True,DWT,10,259072,1505,172.140864,0.046474,30.6842,0.810288,28.4283,31.6328,0.700784,0.837935,False,2.1965,2.2307,1.2945,1.8034,0.070917,0.018646
CHNCXR_0376_1,Shenzhen,1,3,True,DWT,20,259072,3602,71.924486,0.111228,32.605,0.852134,30.2672,33.6037,0.767306,0.873655,False,2.4448,2.534,0.5914,1.3744,0.092453,0.039035
CHNCXR_0376_1,Shenzhen,1,3,True,DWT,30,259072,5371,48.235338,0.165854,34.4701,0.886967,32.0003,35.5529,0.824245,0.903191,False,2.6145,2.7106,0.8042,1.5271,0.10857,0.051478
CHNCXR_0376_1,Shenzhen,1,3,True,DWT,50,259072,10997,23.558425,0.339581,38.5433,0.943187,35.9041,39.7403,0.920647,0.950044,False,2.8597,2.9097,1.8666,2.2745,0.139947,0.079976
CHNCXR_0376_1,Shenzhen,1,3,True,DWT,70,259072,25793,10.044276,0.796474,42.5154,0.97285,40.3157,43.4305,0.969631,0.974303,False,2.9893,3.0378,3.036,3.1545,0.225958,0.174264
CHNCXR_0376_1,Shenzhen,1,3,True,DWT,90,259072,66897,3.8727,2.065742,48.1953,0.991477,47.734,48.3378,0.994271,0.990823,False,3.0241,3.0733,3.5923,3.6259,0.474828,0.383682
CHNCXR_0377_1,Shenzhen,1,3,True,DWT,10,225280,1576,142.944162,0.055966,30.3098,0.806083,28.2138,31.1733,0.664078,0.845752,False,2.2596,2.3698,1.0659,1.6659,0.057109,0.0191
CHNCXR_0377_1,Shenzhen,1,3,True,DWT,20,225280,3351,67.227693,0.118999,32.1082,0.845763,29.7748,33.1143,0.735983,0.876331,False,2.5167,2.5938,0.641,1.4068,0.079344,0.032877
CHNCXR_0377_1,Shenzhen,1,3,True,DWT,30,225280,4591,49.069919,0.163033,33.9858,0.883907,31.5193,35.0773,0.806808,0.905517,False,2.7002,2.763,1.0913,1.7113,0.085513,0.040839
CHNCXR_0377_1,Shenzhen,1,3,True,DWT,50,225280,10560,21.333333,0.375,38.0918,0.944257,35.4127,39.3295,0.916237,0.952694,False,2.93,3.0208,1.9662,2.3478,0.119913,0.077453
CHNCXR_0377_1,Shenzhen,1,3,True,DWT,70,225280,24463,9.20901,0.868714,42.3921,0.975186,40.05,43.4036,0.97042,0.976929,False,3.077,3.1233,3.1281,3.233,0.201026,0.154661
CHNCXR_0377_1,Shenzhen,1,3,True,DWT,90,225280,60388,3.730542,2.14446,48.2417,0.992268,47.7218,48.4053,0.994872,0.991648,False,3.1572,3.1997,3.6314,3.6632,0.411054,0.378247
CHNCXR_0378_1,Shenzhen,1,0,True,DWT,10,260096,1644,158.209246,0.050566,30.7519,0.820767,28.1192,31.6761,0.648094,0.856031,False,2.2049,2.3071,1.054,1.6366,0.071206,0.019275
CHNCXR_0378_1,Shenzhen,1,0,True,DWT,20,260096,3088,84.227979,0.09498,32.4977,0.85771,29.6508,33.5379,0.72392,0.885094,False,2.4625,2.5394,0.8353,1.5286,0.084332,0.031983
CHNCXR_0378_1,Shenzhen,1,0,True,DWT,30,260096,5422,47.970491,0.166769,34.3831,0.892744,31.3505,35.5314,0.795429,0.912383,False,2.6656,2.7307,0.8143,1.5321,0.106063,0.053472
CHNCXR_0378_1,Shenzhen,1,0,True,DWT,50,260096,11144,23.339555,0.342766,38.5077,0.947626,35.2122,39.8223,0.911873,0.956118,False,2.9108,2.9715,1.8903,2.291,0.145769,0.082549
CHNCXR_0378_1,Shenzhen,1,0,True,DWT,70,260096,25849,10.06213,0.79506,42.8306,0.97649,39.8989,43.9192,0.969407,0.978447,False,3.0244,3.0725,3.0546,3.1748,0.221486,0.158996
CHNCXR_0378_1,Shenzhen,1,0,True,DWT,90,260096,63384,4.103496,1.949557,48.6009,0.992298,47.696,48.8386,0.99492,0.991827,False,3.073,3.1042,3.5713,3.6012,0.424751,0.351953
CHNCXR_0379_1,Shenzhen,1,4,True,DWT,10,246784,1486,166.072678,0.048172,29.9468,0.788151,28.5038,30.6414,0.672307,0.830117,False,2.2063,2.3198,1.9916,2.2755,0.064437,0.017686
CHNCXR_0379_1,Shenzhen,1,4,True,DWT,20,246784,3693,66.824804,0.119716,31.836,0.833645,30.1793,32.6672,0.744225,0.866752,False,2.4601,2.5746,0.6887,1.4382,0.088366,0.036743
CHNCXR_0379_1,Shenzhen,1,4,True,DWT,30,246784,5570,44.305925,0.180563,33.7836,0.876457,32.0759,34.6491,0.815202,0.899365,False,2.6397,2.7437,0.9248,1.6018,0.102265,0.051005
CHNCXR_0379_1,Shenzhen,1,4,True,DWT,50,246784,11652,21.17954,0.377723,38.0796,0.94132,36.1339,39.1143,0.919172,0.950439,False,2.9065,2.9952,1.9962,2.3655,0.151635,0.084433
CHNCXR_0379_1,Shenzhen,1,4,True,DWT,70,246784,26935,9.162205,0.873152,42.163,0.972937,40.4431,43.0368,0.968129,0.975206,False,3.0188,3.0738,3.1248,3.2195,0.217438,0.159889
CHNCXR_0379_1,Shenzhen,1,4,True,DWT,90,246784,68290,3.613765,2.213758,48.175,0.992151,47.7059,48.3649,0.993808,0.991672,False,3.0875,3.1365,3.5981,3.6345,0.470561,0.390372
CHNCXR_0380_1,Shenzhen,1,2,True,DWT,10,262144,1697,154.474956,0.051788,30.7961,0.839658,28.1961,31.4216,0.675322,0.863236,False,2.1649,2.2693,1.0896,1.6699,0.068009,0.020048
CHNCXR_0380_1,Shenzhen,1,2,True,DWT,20,262144,3659,71.643618,0.111664,32.9657,0.877668,29.9146,33.7579,0.746121,0.896674,False,2.4396,2.5162,0.6061,1.3729,0.092659,0.04163
CHNCXR_0380_1,Shenzhen,1,2,True,DWT,30,262144,5450,48.099817,0.166321,34.8171,0.908141,31.4819,35.7271,0.808274,0.922228,False,2.6821,2.7809,0.8056,1.5183,0.119059,0.058602
CHNCXR_0380_1,Shenzhen,1,2,True,DWT,50,262144,10837,24.18972,0.330719,39.0307,0.955096,35.3834,40.0838,0.916567,0.96109,False,2.9734,3.0571,1.8211,2.2372,0.136347,0.077141
CHNCXR_0380_1,Shenzhen,1,2,True,DWT,70,262144,24193,10.835531,0.738312,43.3668,0.979598,40.1057,44.245,0.970366,0.981249,False,3.1219,3.1636,2.9852,3.1161,0.212435,0.150916
CHNCXR_0380_1,Shenzhen,1,2,True,DWT,90,262144,58293,4.497007,1.778961,48.9217,0.992819,47.7973,49.1369,0.994815,0.992585,False,3.2138,3.2593,3.5847,3.62,0.422476,0.345358
CHNCXR_0381_1,Shenzhen,1,4,True,DWT,10,258560,1759,146.992609,0.054425,30.2953,0.812596,27.7809,31.1339,0.647759,0.845431,False,2.2298,2.3156,1.1647,1.713,0.069001,0.020999
CHNCXR_0381_1,Shenzhen,1,4,True,DWT,20,258560,3831,67.491517,0.118533,32.2055,0.854733,29.5379,33.1205,0.729829,0.879601,False,2.4811,2.5972,0.6884,1.432,0.102618,0.043904
CHNCXR_0381_1,Shenzhen,1,4,True,DWT,30,258560,5683,45.497097,0.175835,34.0523,0.890334,31.2013,35.0641,0.801961,0.907686,False,2.6592,2.716,0.8916,1.5749,0.099888,0.051369
CHNCXR_0381_1,Shenzhen,1,4,True,DWT,50,258560,11694,22.110484,0.361819,38.341,0.944883,35.3091,39.4546,0.916197,0.951721,False,2.8968,2.9491,1.9584,2.336,0.137476,0.08452
CHNCXR_0381_1,Shenzhen,1,4,True,DWT,70,258560,26932,9.600475,0.833292,42.5322,0.972905,40.0451,43.3577,0.970175,0.974,False,3.0123,3.0656,3.1127,3.2289,0.217274,0.161637
CHNCXR_0381_1,Shenzhen,1,4,True,DWT,90,258560,67978,3.803584,2.10328,48.1881,0.991044,47.7731,48.2867,0.994928,0.990336,False,3.0602,3.1049,3.6186,3.6505,0.485633,0.378432
CHNCXR_0382_1,Shenzhen,1,0,True,DWT,10,226304,1337,169.262528,0.047264,30.5206,0.805728,28.4004,31.5801,0.673007,0.850966,False,2.2389,2.342,2.2352,2.4723,0.058473,0.01447
CHNCXR_0382_1,Shenzhen,1,0,True,DWT,20,226304,3269,69.227287,0.115561,32.2372,0.843527,29.9836,33.3947,0.738539,0.879251,False,2.4982,2.5894,0.6368,1.4048,0.078566,0.032368
CHNCXR_0382_1,Shenzhen,1,0,True,DWT,30,226304,4531,49.945707,0.160174,34.074,0.883051,31.6555,35.3603,0.801362,0.910117,False,2.7027,2.7934,1.1065,1.7239,0.085711,0.039429
CHNCXR_0382_1,Shenzhen,1,0,True,DWT,50,226304,10332,21.903213,0.365243,38.1951,0.943683,35.4626,39.7526,0.91108,0.955284,False,2.9623,3.0616,1.9778,2.3604,0.127968,0.071122
CHNCXR_0382_1,Shenzhen,1,0,True,DWT,70,226304,23907,9.466014,0.845129,42.533,0.975002,40.1436,43.796,0.968065,0.977806,False,3.1217,3.1632,3.1484,3.2499,0.194167,0.147416
CHNCXR_0382_1,Shenzhen,1,0,True,DWT,90,226304,58864,3.844523,2.080882,48.3395,0.992083,47.7173,48.5759,0.994309,0.991443,False,3.2038,3.2622,3.6311,3.6627,0.3987,0.319117
CHNCXR_0383_1,Shenzhen,1,1,True,DWT,10,255488,1459,175.11172,0.045685,30.6703,0.810881,28.5393,31.4673,0.68796,0.840273,False,2.1752,2.2253,1.2288,1.7404,0.068779,0.019748
CHNCXR_0383_1,Shenzhen,1,1,True,DWT,20,255488,2885,88.557366,0.090337,32.4484,0.851558,30.2096,33.3024,0.748584,0.876492,False,2.4389,2.544,0.8919,1.567,0.07801,0.028971
CHNCXR_0383_1,Shenzhen,1,1,True,DWT,30,255488,4765,53.617629,0.149205,34.4681,0.888031,31.9291,35.493,0.81307,0.907635,False,2.6303,2.7685,1.0296,1.6636,0.100655,0.044299
CHNCXR_0383_1,Shenzhen,1,1,True,DWT,50,255488,10747,23.77296,0.336517,38.479,0.941829,35.6819,39.6668,0.912818,0.95046,False,2.9273,2.9715,1.8753,2.2665,0.130016,0.078232
CHNCXR_0383_1,Shenzhen,1,1,True,DWT,70,255488,25252,10.117535,0.790706,42.5175,0.972442,40.1486,43.4433,0.967387,0.974312,False,3.0895,3.1327,3.0459,3.1601,0.219732,0.154738
CHNCXR_0383_1,Shenzhen,1,1,True,DWT,90,255488,65780,3.883977,2.059744,48.2835,0.991504,47.7016,48.4515,0.994153,0.990955,False,3.1201,3.1744,3.5741,3.6108,0.461385,0.370566
CHNCXR_0384_1,Shenzhen,1,2,True,DWT,10,257024,1813,141.767237,0.056431,30.5906,0.848855,31.0147,30.4625,0.749948,0.878518,False,2.1651,2.2284,1.1031,1.6631,0.067604,0.021784
CHNCXR_0384_1,Shenzhen,1,2,True,DWT,20,257024,3086,83.287103,0.096053,32.6329,0.876507,32.572,32.6527,0.7926,0.901432,False,2.4301,2.4823,0.9688,1.6132,0.078961,0.03268
CHNCXR_0384_1,Shenzhen,1,2,True,DWT,30,257024,4882,52.647276,0.151955,35.3482,0.9069,34.1308,35.8257,0.837592,0.929029,False,2.6313,2.6782,1.1801,1.7707,0.094983,0.043732
CHNCXR_0384_1,Shenzhen,1,2,True,DWT,50,257024,9835,26.133604,0.306119,40.0704,0.954514,37.9159,41.076,0.923046,0.964892,False,2.9068,2.9475,2.1146,2.4504,0.127754,0.070896
CHNCXR_0384_1,Shenzhen,1,2,True,DWT,70,257024,21777,11.802544,0.67782,44.507,0.980234,42.1725,45.6369,0.969016,0.984158,False,3.0539,3.1057,2.8981,3.0647,0.193897,0.131612
CHNCXR_0384_1,Shenzhen,1,2,True,DWT,90,257024,49455,5.197129,1.539312,49.5776,0.992881,48.1728,50.1472,0.991767,0.993367,False,3.1261,3.1759,3.6475,3.6922,0.347693,0.272786
CHNCXR_0385_1,Shenzhen,1,1,True,DWT,10,249344,1481,168.361918,0.047517,30.5549,0.83468,30.3439,30.6322,0.711233,0.877777,False,2.0547,2.1452,1.2723,1.7572,0.063085,0.015929
CHNCXR_0385_1,Shenzhen,1,1,True,DWT,20,249344,2963,84.152548,0.095065,32.5744,0.867622,31.9536,32.8177,0.762067,0.904776,False,2.3461,2.4175,0.8266,1.529,0.076238,0.029412
CHNCXR_0385_1,Shenzhen,1,1,True,DWT,30,249344,4254,58.61401,0.136486,35.4606,0.899584,33.6535,36.3384,0.817186,0.929585,False,2.5665,2.6397,1.4018,1.9178,0.082887,0.035538
CHNCXR_0385_1,Shenzhen,1,1,True,DWT,50,249344,9659,25.814681,0.309901,39.6804,0.949503,37.1894,41.0753,0.910748,0.963937,False,2.826,2.8889,2.0899,2.4417,0.118575,0.067949
CHNCXR_0385_1,Shenzhen,1,1,True,DWT,70,249344,22020,11.323524,0.706494,43.9698,0.977965,41.3536,45.4764,0.964681,0.983038,False,2.9723,3.0119,2.8985,3.0557,0.194855,0.136091
CHNCXR_0385_1,Shenzhen,1,1,True,DWT,90,249344,51695,4.823368,1.658592,49.2003,0.992353,47.9139,49.7666,0.991959,0.992595,False,3.0217,3.0627,3.6151,3.6575,0.35545,0.300191
CHNCXR_0386_1,Shenzhen,1,0,True,DWT,10,257536,1577,163.307546,0.048987,30.8536,0.843209,30.2889,31.0243,0.722977,0.875031,False,2.102,2.2122,1.2274,1.7473,0.067073,0.019379
CHNCXR_0386_1,Shenzhen,1,0,True,DWT,20,257536,2951,87.270756,0.091669,32.9886,0.873444,31.8661,33.3594,0.770997,0.900915,False,2.3636,2.4259,0.8694,1.5417,0.081683,0.031021
CHNCXR_0386_1,Shenzhen,1,0,True,DWT,30,257536,4099,62.828983,0.12733,35.5285,0.901431,33.3664,36.3852,0.818264,0.924203,False,2.5869,2.6636,1.3964,1.9168,0.08394,0.037687
CHNCXR_0386_1,Shenzhen,1,0,True,DWT,50,257536,9481,27.163379,0.294514,39.8357,0.952242,37.186,40.9892,0.91518,0.962682,False,2.8761,2.9383,2.0657,2.4253,0.125745,0.068389
CHNCXR_0386_1,Shenzhen,1,0,True,DWT,70,257536,21703,11.866378,0.674174,44.0879,0.979046,41.3778,45.2822,0.966546,0.982733,False,2.9963,3.0509,2.8755,3.0282,0.198534,0.150883
CHNCXR_0386_1,Shenzhen,1,0,True,DWT,90,257536,51235,5.026564,1.591544,49.3303,0.992628,47.98,49.7937,0.99238,0.992789,False,3.0744,3.1235,3.5907,3.6304,0.361109,0.285228
CHNCXR_0387_1,Shenzhen,1,3,True,DWT,10,253440,1675,151.307463,0.052872,30.2067,0.787896,28.4267,31.2627,0.665697,0.839355,False,2.2229,2.327,1.5305,1.9587,0.090262,0.016688
CHNCXR_0387_1,Shenzhen,1,3,True,DWT,20,253440,3274,77.409896,0.103346,31.8938,0.830413,30.1398,32.9286,0.738992,0.868372,False,2.4458,2.5167,0.9809,1.6229,0.077306,0.031054
CHNCXR_0387_1,Shenzhen,1,3,True,DWT,30,253440,5249,48.283483,0.165688,33.7224,0.874232,31.9103,34.8047,0.807956,0.900819,False,2.6189,2.6825,1.1958,1.7711,0.095106,0.047631
CHNCXR_0387_1,Shenzhen,1,3,True,DWT,50,253440,12221,20.738074,0.385764,37.9661,0.939068,35.8422,39.3252,0.915115,0.949956,False,2.831,2.9,2.0668,2.4083,0.142254,0.085207
CHNCXR_0387_1,Shenzhen,1,3,True,DWT,70,253440,28229,8.978001,0.891067,42.1694,0.972412,40.3041,43.2965,0.968058,0.974744,False,2.9292,2.9802,3.1849,3.2782,0.232654,0.166997
CHNCXR_0387_1,Shenzhen,1,3,True,DWT,90,253440,70451,3.597394,2.223832,48.0587,0.991624,47.7257,48.2087,0.994104,0.990688,False,2.9845,3.0365,3.6253,3.6603,0.470487,0.380331
CHNCXR_0388_1,Shenzhen,1,1,True,DWT,10,248320,1482,167.557355,0.047745,30.3783,0.807833,28.4548,31.3851,0.680235,0.853816,False,2.2219,2.323,2.1498,2.4252,0.060121,0.025366
CHNCXR_0388_1,Shenzhen,1,1,True,DWT,20,248320,3066,80.99152,0.098776,32.1645,0.84938,30.134,33.251,0.751762,0.884605,False,2.4789,2.5881,1.0009,1.6538,0.076342,0.027568
CHNCXR_0388_1,Shenzhen,1,1,True,DWT,30,248320,4901,50.667211,0.157893,34.1093,0.888541,31.9206,35.3202,0.818645,0.913868,False,2.6819,2.7873,1.1699,1.7639,0.093828,0.041891
CHNCXR_0388_1,Shenzhen,1,1,True,DWT,50,248320,11373,21.834169,0.366398,38.3115,0.946294,35.8233,39.7817,0.919185,0.957056,False,2.9359,3.0357,1.9673,2.3427,0.135386,0.078619
CHNCXR_0388_1,Shenzhen,1,1,True,DWT,70,248320,25909,9.584314,0.834697,42.5436,0.975529,40.3379,43.7683,0.969929,0.978091,False,3.0889,3.1302,3.0935,3.2043,0.221131,0.154572
CHNCXR_0388_1,Shenzhen,1,1,True,DWT,90,248320,64581,3.845094,2.080573,48.3013,0.992224,47.7286,48.5347,0.994407,0.991552,False,3.1633,3.2119,3.6262,3.6601,0.439911,0.363194
CHNCXR_0389_1,Shenzhen,1,0,True,DWT,10,241152,1259,191.542494,0.041766,31.0645,0.828516,30.2421,31.2888,0.706742,0.855468,False,2.1456,2.2181,2.1258,2.383,0.058315,0.015881
CHNCXR_0389_1,Shenzhen,1,0,True,DWT,20,241152,2164,111.438078,0.071789,32.8213,0.856524,31.9392,33.0642,0.761063,0.87804,False,2.3938,2.4542,1.6559,2.0698,0.064201,0.020684
CHNCXR_0389_1,Shenzhen,1,0,True,DWT,30,241152,3691,65.33514,0.122446,35.1582,0.890224,33.6935,35.6007,0.822012,0.905859,False,2.6047,2.6528,1.7917,2.1938,0.076273,0.030022
CHNCXR_0389_1,Shenzhen,1,0,True,DWT,50,241152,9311,25.899689,0.308884,39.2216,0.942775,37.2985,39.849,0.912341,0.950281,False,2.8681,2.9085,2.1714,2.5029,0.115606,0.066324
CHNCXR_0389_1,Shenzhen,1,0,True,DWT,70,241152,21832,11.045804,0.724257,43.4398,0.974078,41.388,44.1244,0.965157,0.976475,False,2.9724,3.0278,3.1156,3.232,0.186081,0.130378
CHNCXR_0389_1,Shenzhen,1,0,True,DWT,90,241152,54147,4.453654,1.796278,48.6489,0.991115,47.8815,48.8566,0.991969,0.991019,False,3.0402,3.0817,3.6096,3.6463,0.372677,0.30603
CHNCXR_0390_1,Shenzhen,1,4,True,DWT,10,250880,1550,161.858065,0.049426,29.9286,0.792207,28.123,31.1141,0.66058,0.852909,False,2.2635,2.3405,2.3465,2.5654,0.063615,0.015703
CHNCXR_0390_1,Shenzhen,1,4,True,DWT,20,250880,3743,67.026449,0.119356,31.5798,0.836198,29.6699,32.8639,0.73386,0.882854,False,2.4988,2.5857,0.6872,1.4425,0.0867,0.03799
CHNCXR_0390_1,Shenzhen,1,4,True,DWT,30,250880,5805,43.217916,0.185108,33.6238,0.880162,31.5265,35.0972,0.805665,0.913717,False,2.7031,2.7762,0.9824,1.6355,0.105315,0.051759
CHNCXR_0390_1,Shenzhen,1,4,True,DWT,50,250880,12226,20.520203,0.38986,37.8034,0.943724,35.4965,39.5094,0.915143,0.957643,False,2.9466,3.0325,2.1058,2.4374,0.144981,0.085193
CHNCXR_0390_1,Shenzhen,1,4,True,DWT,70,250880,28312,8.86126,0.902806,42.2788,0.975533,40.183,43.7506,0.968833,0.979037,False,3.0846,3.1246,3.2063,3.297,0.239244,0.172675
CHNCXR_0390_1,Shenzhen,1,4,True,DWT,90,250880,68059,3.686213,2.170249,48.3471,0.992613,47.7612,48.6479,0.994402,0.99191,False,3.1689,3.2087,3.6216,3.6534,0.484613,0.38561
CHNCXR_0391_1,Shenzhen,1,4,True,DWT,10,223744,1665,134.380781,0.059532,30.3789,0.849924,30.7669,30.2798,0.741517,0.872461,False,2.2097,2.2786,1.3605,1.8368,0.060785,0.018904
CHNCXR_0391_1,Shenzhen,1,4,True,DWT,20,223744,2902,77.099931,0.103761,32.1987,0.877243,32.4413,32.1354,0.78524,0.897862,False,2.4797,2.5651,1.032,1.6572,0.0714,0.027276
CHNCXR_0391_1,Shenzhen,1,4,True,DWT,30,223744,4381,51.071445,0.156643,35.199,0.906635,34.0563,35.567,0.830958,0.92536,False,2.6845,2.7665,1.386,1.9261,0.08174,0.037987
CHNCXR_0391_1,Shenzhen,1,4,True,DWT,50,223744,9235,24.227829,0.330199,39.9422,0.953373,37.5786,40.8856,0.91477,0.963893,False,2.9046,2.9774,2.2462,2.5826,0.119297,0.063978
CHNCXR_0391_1,Shenzhen,1,4,True,DWT,70,223744,19843,11.275714,0.709489,44.3878,0.979238,41.5595,45.6243,0.964543,0.98362,False,3.0441,3.0911,2.9817,3.1508,0.193429,0.116366
CHNCXR_0391_1,Shenzhen,1,4,True,DWT,90,223744,44610,5.015557,1.595037,49.453,0.992478,47.9791,49.9546,0.991683,0.992881,False,3.0774,3.1337,3.6896,3.7415,0.3081,0.242847
CHNCXR_0392_1,Shenzhen,1,4,True,DWT,10,247808,1686,146.979834,0.054429,30.3122,0.796586,28.713,31.422,0.683914,0.852343,False,2.2381,2.3349,1.0987,1.6727,0.066239,0.01901
CHNCXR_0392_1,Shenzhen,1,4,True,DWT,20,247808,3653,67.836846,0.11793,32.1225,0.839718,30.4625,33.2906,0.752317,0.882336,False,2.4848,2.5786,0.6438,1.4105,0.089863,0.038369
CHNCXR_0392_1,Shenzhen,1,4,True,DWT,30,247808,5007,49.492311,0.161641,33.8754,0.879694,32.1762,35.082,0.817665,0.909093,False,2.6775,2.7611,1.1092,1.7275,0.094484,0.045225
CHNCXR_0392_1,Shenzhen,1,4,True,DWT,50,247808,11576,21.407049,0.373709,38.0583,0.940704,36.0299,39.617,0.914422,0.954494,False,2.9183,2.9952,1.9993,2.3705,0.143732,0.08702
CHNCXR_0392_1,Shenzhen,1,4,True,DWT,70,247808,26967,9.189305,0.870577,42.2428,0.973167,40.3921,43.6046,0.966619,0.976907,False,3.0438,3.0857,3.1672,3.2648,0.224745,0.163826
CHNCXR_0392_1,Shenzhen,1,4,True,DWT,90,247808,67551,3.668458,2.180753,48.1726,0.99204,47.7233,48.4193,0.993648,0.991342,False,3.1097,3.1579,3.6119,3.6457,0.462935,0.370922
CHNCXR_0393_1,Shenzhen,1,3,True,DWT,10,255488,1592,160.482412,0.04985,30.3352,0.798627,28.8338,31.2271,0.698543,0.842659,False,2.2188,2.2585,1.3715,1.8654,0.069873,0.020378
CHNCXR_0393_1,Shenzhen,1,3,True,DWT,20,255488,3072,83.166667,0.096192,32.1501,0.840497,30.4725,33.1846,0.760393,0.876172,False,2.456,2.561,0.9862,1.6426,0.080977,0.033177
CHNCXR_0393_1,Shenzhen,1,3,True,DWT,30,255488,5041,50.682008,0.157847,34.0235,0.879428,32.2429,35.1465,0.821023,0.905912,False,2.6462,2.7338,1.0931,1.717,0.100601,0.049169
CHNCXR_0393_1,Shenzhen,1,3,True,DWT,50,255488,11428,22.356318,0.357841,38.1605,0.93994,36.1768,39.4697,0.91802,0.95039,False,2.8744,2.9738,1.9483,2.3298,0.161704,0.079711
CHNCXR_0393_1,Shenzhen,1,3,True,DWT,70,255488,27057,9.442584,0.847226,42.0732,0.971406,40.3819,43.1192,0.967141,0.97371,False,3.0091,3.0602,3.1418,3.2452,0.224962,0.159742
CHNCXR_0393_1,Shenzhen,1,3,True,DWT,90,255488,70407,3.62873,2.204628,48.081,0.99175,47.677,48.2756,0.99371,0.990978,False,3.0701,3.1265,3.5804,3.6161,0.50154,0.401407
CHNCXR_0394_1,Shenzhen,1,1,True,DWT,10,258560,1700,152.094118,0.052599,29.7113,0.7961,27.8999,30.6996,0.657823,0.846959,False,2.2524,2.3187,1.8239,2.1769,0.071302,0.021326
CHNCXR_0394_1,Shenzhen,1,1,True,DWT,20,258560,3964,65.227043,0.122649,31.5751,0.840898,29.5475,32.7328,0.729703,0.881997,False,2.4891,2.5965,0.7375,1.4659,0.094068,0.041142
CHNCXR_0394_1,Shenzhen,1,1,True,DWT,30,258560,5994,43.13647,0.185458,33.6206,0.883699,31.27,35.0621,0.800358,0.914756,False,2.6727,2.716,0.9832,1.6421,0.111397,0.066561
CHNCXR_0394_1,Shenzhen,1,1,True,DWT,50,258560,12731,20.309481,0.393905,37.8055,0.945867,35.2063,39.4947,0.912619,0.959278,False,2.9273,2.9869,2.1209,2.4579,0.152263,0.090522
CHNCXR_0394_1,Shenzhen,1,1,True,DWT,70,258560,29420,8.788579,0.910272,42.4258,0.977297,40.0314,43.9089,0.969166,0.980805,False,3.0483,3.1049,3.2177,3.3035,0.246714,0.176423
CHNCXR_0394_1,Shenzhen,1,1,True,DWT,90,258560,68791,3.758631,2.128434,48.5306,0.993175,47.7356,48.8881,0.994689,0.992699,False,3.0961,3.1543,3.6004,3.6317,0.486798,0.372172
CHNCXR_0395_1,Shenzhen,1,2,True,DWT,10,245248,1640,149.541463,0.053497,30.3512,0.833152,30.3373,30.3564,0.714942,0.876754,False,2.1703,2.2369,1.3872,1.7898,0.076581,0.027628
CHNCXR_0395_1,Shenzhen,1,2,True,DWT,20,245248,3044,80.567674,0.099295,31.9788,0.862022,31.8053,32.0448,0.763194,0.898273,False,2.4216,2.4592,0.9865,1.5979,0.072588,0.028825
CHNCXR_0395_1,Shenzhen,1,2,True,DWT,30,245248,4726,51.893356,0.154162,35.3029,0.897487,33.4468,36.256,0.815617,0.929034,False,2.6071,2.6855,1.398,1.8893,0.087499,0.040645
CHNCXR_0395_1,Shenzhen,1,2,True,DWT,50,245248,10148,24.167127,0.331028,39.7124,0.949463,37.124,41.2685,0.912248,0.964212,False,2.8487,2.8864,2.2402,2.5381,0.120944,0.067853
CHNCXR_0395_1,Shenzhen,1,2,True,DWT,70,245248,22307,10.994217,0.727655,43.8682,0.97733,41.3093,45.3962,0.965185,0.982298,False,2.9699,3.0123,2.9931,3.1397,0.187907,0.127866
CHNCXR_0395_1,Shenzhen,1,2,True,DWT,90,245248,52100,4.707255,1.699504,49.0859,0.992111,47.9245,49.6082,0.992102,0.992253,False,3.021,3.0703,3.6483,3.6902,0.380022,0.275428
CHNCXR_0396_1,Shenzhen,1,3,True,DWT,10,237056,1475,160.715932,0.049777,30.2021,0.804587,28.9509,30.9155,0.688658,0.855483,False,2.2464,2.3375,2.1745,2.4185,0.059646,0.014413
CHNCXR_0396_1,Shenzhen,1,3,True,DWT,20,237056,2950,80.357966,0.099555,31.9911,0.841295,30.5023,32.8822,0.742072,0.885126,False,2.5046,2.5774,1.0441,1.6692,0.082451,0.028633
CHNCXR_0396_1,Shenzhen,1,3,True,DWT,30,237056,4732,50.096365,0.159692,33.8873,0.879231,32.0764,35.0491,0.800314,0.914423,False,2.6983,2.7828,1.232,1.8091,0.092457,0.038681
CHNCXR_0396_1,Shenzhen,1,3,True,DWT,50,237056,11134,21.29118,0.375742,37.9584,0.940096,35.8154,39.4423,0.905522,0.956495,False,2.9666,3.0379,2.0459,2.3894,0.12929,0.074992
CHNCXR_0396_1,Shenzhen,1,3,True,DWT,70,237056,26217,9.042072,0.884753,42.2813,0.973388,40.2556,43.646,0.963486,0.978224,False,3.1047,3.1507,3.2051,3.2903,0.223156,0.150746
CHNCXR_0396_1,Shenzhen,1,3,True,DWT,90,237056,64235,3.690449,2.167758,48.3031,0.99219,47.7454,48.5818,0.993385,0.991794,False,3.1753,3.2222,3.611,3.6448,0.449058,0.366612
CHNCXR_0397_1,Shenzhen,1,1,True,DWT,10,238592,1674,142.528076,0.056129,30.5312,0.821792,28.5934,31.3166,0.695442,0.857214,False,2.2018,2.2958,1.0919,1.6816,0.062402,0.018258
CHNCXR_0397_1,Shenzhen,1,1,True,DWT,20,238592,3466,68.837853,0.116215,32.4513,0.858919,30.2621,33.3815,0.758967,0.886848,False,2.4583,2.54,0.6252,1.4002,0.081567,0.036251
CHNCXR_0397_1,Shenzhen,1,1,True,DWT,30,238592,4766,50.061267,0.159804,34.3421,0.892669,31.8977,35.4339,0.814025,0.914846,False,2.6752,2.7794,1.0573,1.6946,0.094209,0.045141
CHNCXR_0397_1,Shenzhen,1,1,True,DWT,50,238592,10616,22.474755,0.355955,38.5964,0.947859,35.8963,39.8667,0.91833,0.957064,False,2.9267,3.049,1.8931,2.2998,0.126877,0.071974
CHNCXR_0397_1,Shenzhen,1,1,True,DWT,70,238592,24064,9.914894,0.806867,42.7502,0.975591,40.4392,43.7556,0.969307,0.977839,False,3.1049,3.1389,3.0748,3.195,0.207499,0.153797
CHNCXR_0397_1,Shenzhen,1,1,True,DWT,90,238592,60056,3.972825,2.01368,48.3738,0.992025,47.7368,48.5805,0.994148,0.991541,False,3.1908,3.2394,3.6408,3.6738,0.411718,0.336103
CHNCXR_0398_1,Shenzhen,1,4,True,DWT,10,215552,1604,134.38404,0.059531,29.8957,0.831322,30.4226,29.7591,0.734813,0.856059,False,2.1561,2.2061,1.5176,1.9523,0.057126,0.015279
CHNCXR_0398_1,Shenzhen,1,4,True,DWT,20,215552,2962,72.772451,0.109932,31.8655,0.862195,32.0331,31.8198,0.78128,0.884211,False,2.4253,2.4758,1.0646,1.6863,0.067842,0.027913
CHNCXR_0398_1,Shenzhen,1,4,True,DWT,30,215552,4697,45.89142,0.174325,34.7667,0.897134,33.815,35.0749,0.831957,0.915972,False,2.6207,2.6756,1.3057,1.8449,0.08189,0.037939
CHNCXR_0398_1,Shenzhen,1,4,True,DWT,50,215552,9522,22.637261,0.3534,39.5511,0.94994,37.5609,40.3214,0.919844,0.959221,False,2.8351,2.8898,2.3245,2.6108,0.10985,0.065754
CHNCXR_0398_1,Shenzhen,1,4,True,DWT,70,215552,20827,10.349642,0.772974,44.0126,0.978689,41.7789,44.9172,0.968382,0.982048,False,2.9768,3.0206,3.0745,3.2153,0.178069,0.129369
CHNCXR_0398_1,Shenzhen,1,4,True,DWT,90,215552,46641,4.621513,1.731035,49.1184,0.992357,47.9911,49.4941,0.99213,0.992588,False,3.0068,3.043,3.724,3.7683,0.309696,0.254937
CHNCXR_0399_1,Shenzhen,1,4,True,DWT,10,240640,1502,160.213049,0.049934,30.3548,0.80183,28.6381,31.0304,0.678564,0.837413,False,2.2211,2.2631,1.4531,1.933,0.059344,0.01542
CHNCXR_0399_1,Shenzhen,1,4,True,DWT,20,240640,3503,68.695404,0.116456,32.2266,0.841275,30.1853,33.0795,0.741878,0.870795,False,2.4761,2.5874,0.6478,1.4205,0.089559,0.036167
CHNCXR_0399_1,Shenzhen,1,4,True,DWT,30,240640,5329,45.15669,0.177161,34.1019,0.880498,31.9051,35.0473,0.809328,0.901275,False,2.6723,2.7696,0.852,1.5592,0.109681,0.047401
CHNCXR_0399_1,Shenzhen,1,4,True,DWT,50,240640,11109,21.661716,0.369315,38.1454,0.942123,35.7635,39.2083,0.913556,0.951075,False,2.9142,3.0237,1.9703,2.3507,0.133429,0.077498
CHNCXR_0399_1,Shenzhen,1,4,True,DWT,70,240640,25901,9.290761,0.86107,42.3866,0.974601,40.1272,43.3708,0.96704,0.977289,False,3.0687,3.1168,3.1307,3.2383,0.230651,0.151577
CHNCXR_0399_1,Shenzhen,1,4,True,DWT,90,240640,63718,3.776641,2.118285,48.3427,0.992488,47.7483,48.5362,0.994197,0.992113,False,3.1381,3.1912,3.6091,3.6402,0.460074,0.353852
CHNCXR_0400_1,Shenzhen,1,4,True,DWT,10,258560,1838,140.674646,0.056869,30.3016,0.827514,30.1367,30.3698,0.718033,0.869621,False,2.193,2.25,1.3533,1.8291,0.071174,0.021207
CHNCXR_0400_1,Shenzhen,1,4,True,DWT,20,258560,3258,79.361572,0.100804,32.4517,0.860172,31.754,32.7676,0.770734,0.894971,False,2.4489,2.5116,1.0381,1.6511,0.095183,0.034515
CHNCXR_0400_1,Shenzhen,1,4,True,DWT,30,258560,4751,54.422227,0.146999,34.8536,0.894529,33.3968,35.6129,0.826651,0.922066,False,2.6461,2.7091,1.6249,2.0945,0.088382,0.037884
CHNCXR_0400_1,Shenzhen,1,4,True,DWT,50,258560,10816,23.905325,0.334653,39.4189,0.948924,37.248,40.7326,0.919539,0.961309,False,2.879,2.9406,2.2807,2.5911,0.125444,0.075658
CHNCXR_0400_1,Shenzhen,1,4,True,DWT,70,258560,24133,10.71396,0.746689,43.7488,0.977537,41.5239,45.1116,0.968124,0.981811,False,3.009,3.0694,2.994,3.147,0.214868,0.145762
CHNCXR_0400_1,Shenzhen,1,4,True,DWT,90,258560,56246,4.596949,1.740285,48.9342,0.992095,47.9415,49.4081,0.992476,0.992113,False,3.0675,3.1034,3.6656,3.708,0.402455,0.319081
CHNCXR_0401_1,Shenzhen,1,0,True,DWT,10,218624,1295,168.821622,0.047387,30.4924,0.821174,28.252,31.3182,0.68373,0.853896,False,2.2333,2.2608,2.3154,2.5117,0.054358,0.014289
CHNCXR_0401_1,Shenzhen,1,0,True,DWT,20,218624,2677,81.667538,0.097958,32.427,0.859452,30.0382,33.332,0.756434,0.883673,False,2.4768,2.5457,0.9753,1.6257,0.064489,0.023418
CHNCXR_0401_1,Shenzhen,1,0,True,DWT,30,218624,4250,51.440941,0.155518,34.3889,0.89394,31.6753,35.4827,0.815794,0.91252,False,2.6421,2.7151,1.1291,1.7437,0.078937,0.034066
CHNCXR_0401_1,Shenzhen,1,0,True,DWT,50,218624,9732,22.464447,0.356118,38.5077,0.947482,35.6939,39.6643,0.918979,0.95505,False,2.8901,2.9892,1.9351,2.3173,0.118102,0.072122
CHNCXR_0401_1,Shenzhen,1,0,True,DWT,70,218624,22267,9.818296,0.814805,42.7765,0.97636,40.2316,43.7695,0.969982,0.978358,False,3.0381,3.0851,3.0739,3.1896,0.187808,0.130493
CHNCXR_0401_1,Shenzhen,1,0,True,DWT,90,218624,54637,4.001391,1.999305,48.4611,0.992341,47.762,48.6602,0.994655,0.991891,False,3.06,3.1066,3.6355,3.6686,0.386957,0.297227
CHNCXR_0402_1,Shenzhen,1,3,True,DWT,10,231936,1452,159.735537,0.050083,30.2461,0.804649,27.7773,31.3788,0.643819,0.852173,False,2.2384,2.3468,2.2503,2.5033,0.056748,0.014187
CHNCXR_0402_1,Shenzhen,1,3,True,DWT,20,231936,3407,68.076313,0.117515,31.8518,0.845194,29.2399,33.0858,0.72039,0.881635,False,2.4878,2.5875,0.7013,1.451,0.07857,0.033928
CHNCXR_0402_1,Shenzhen,1,3,True,DWT,30,231936,5238,44.279496,0.180671,33.9208,0.887907,31.1104,35.305,0.802193,0.913439,False,2.6853,2.7744,0.9467,1.6155,0.09819,0.055985
CHNCXR_0402_1,Shenzhen,1,3,True,DWT,50,231936,10910,21.259028,0.376311,38.1114,0.947399,35.0833,39.6752,0.915386,0.957584,False,2.9485,3.0429,2.0093,2.3628,0.137704,0.097337
CHNCXR_0402_1,Shenzhen,1,3,True,DWT,70,231936,25048,9.259661,0.863962,42.5337,0.976795,39.911,43.7756,0.970301,0.979143,False,3.0927,3.1347,3.1562,3.2558,0.206213,0.160326
CHNCXR_0402_1,Shenzhen,1,3,True,DWT,90,231936,60195,3.853077,2.076262,48.4663,0.992733,47.7607,48.7024,0.995026,0.992176,False,3.1524,3.1944,3.621,3.6534,0.408158,0.349876
CHNCXR_0403_1,Shenzhen,1,0,True,DWT,10,247296,1643,150.514912,0.053151,29.9022,0.788175,27.8143,31.1658,0.655881,0.840132,False,2.2197,2.2508,1.5455,1.9865,0.064736,0.017273
CHNCXR_0403_1,Shenzhen,1,0,True,DWT,20,247296,3663,67.511876,0.118498,31.6389,0.834975,29.5264,32.9244,0.737206,0.872864,False,2.4825,2.5659,0.7392,1.4762,0.113522,0.03444
CHNCXR_0403_1,Shenzhen,1,0,True,DWT,30,247296,5627,43.948107,0.182033,33.6196,0.878614,31.309,35.0903,0.807446,0.906692,False,2.6767,2.7484,1.0031,1.6529,0.10269,0.05117
CHNCXR_0403_1,Shenzhen,1,0,True,DWT,50,247296,12064,20.498674,0.390269,37.8799,0.943069,35.3627,39.5625,0.917147,0.954325,False,2.9184,3.0087,2.0685,2.4113,0.144661,0.083896
CHNCXR_0403_1,Shenzhen,1,0,True,DWT,70,247296,27703,8.926687,0.896189,42.3324,0.975565,40.1424,43.6885,0.970576,0.97803,False,3.0664,3.104,3.1664,3.2618,0.234459,0.167974
CHNCXR_0403_1,Shenzhen,1,0,True,DWT,90,247296,66909,3.696005,2.164499,48.3204,0.99263,47.7439,48.5801,0.994792,0.991878,False,3.1336,3.1817,3.6238,3.6541,0.467015,0.369147
CHNCXR_0404_1,Shenzhen,1,1,True,DWT,10,220160,1658,132.78649,0.060247,29.6616,0.816622,29.8146,29.6014,0.69769,0.861677,False,2.2229,2.2814,1.4248,1.8494,0.05706,0.016213
CHNCXR_0404_1,Shenzhen,1,1,True,DWT,20,220160,2987,73.70606,0.108539,31.8964,0.851021,31.2491,32.1877,0.746583,0.892796,False,2.4649,2.5367,1.1582,1.7161,0.068472,0.025852
CHNCXR_0404_1,Shenzhen,1,1,True,DWT,30,220160,4591,47.954694,0.166824,34.5153,0.888992,33.0323,35.2946,0.809279,0.92198,False,2.6799,2.7527,1.5766,2.0177,0.08004,0.03665
CHNCXR_0404_1,Shenzhen,1,1,True,DWT,50,220160,10015,21.983025,0.363917,39.2146,0.948325,36.88,40.6855,0.912851,0.963738,False,2.9053,2.9642,2.4217,2.6704,0.117984,0.06665
CHNCXR_0404_1,Shenzhen,1,1,True,DWT,70,220160,21869,10.067218,0.794658,43.6752,0.978409,41.1278,45.3629,0.965932,0.983991,False,3.0369,3.1066,3.1063,3.2268,0.179164,0.126534
CHNCXR_0404_1,Shenzhen,1,1,True,DWT,90,220160,48971,4.495722,1.779469,49.1887,0.992905,47.8704,49.8595,0.992593,0.993187,False,3.1019,3.147,3.6792,3.7226,0.335567,0.271799
CHNCXR_0405_1,Shenzhen,1,4,True,DWT,10,251904,1684,149.586698,0.053481,30.1907,0.846151,30.4336,30.1129,0.727586,0.881389,False,2.1696,2.2397,1.3361,1.7689,0.080477,0.022746
CHNCXR_0405_1,Shenzhen,1,4,True,DWT,20,251904,3194,78.867877,0.101435,32.7412,0.878044,32.0591,32.9936,0.774294,0.910518,False,2.4331,2.5119,0.9638,1.579,0.091425,0.030847
CHNCXR_0405_1,Shenzhen,1,4,True,DWT,30,251904,4734,53.21166,0.150343,35.4681,0.906793,33.756,36.2276,0.82616,0.934046,False,2.6468,2.6976,1.4483,1.9206,0.090349,0.040118
CHNCXR_0405_1,Shenzhen,1,4,True,DWT,50,251904,10075,25.002878,0.319963,40.1176,0.954967,37.4021,41.5956,0.915187,0.969028,False,2.9119,2.9841,2.209,2.5115,0.122385,0.069324
CHNCXR_0405_1,Shenzhen,1,4,True,DWT,70,251904,21707,11.604736,0.689374,44.3649,0.979996,41.4245,46.0489,0.965447,0.985206,False,3.0385,3.0937,2.9354,3.0956,0.191455,0.133647
CHNCXR_0405_1,Shenzhen,1,4,True,DWT,90,251904,49301,5.109511,1.565708,49.539,0.992815,47.9763,50.2132,0.992128,0.993194,False,3.1078,3.1548,3.6391,3.6902,0.348909,0.280131
CHNCXR_0406_1,Shenzhen,1,3,True,DWT,10,228864,2047,111.804592,0.071553,30.2111,0.816802,28.28,31.2139,0.689755,0.861884,False,2.2742,2.3646,0.7005,1.4205,0.067928,0.023053
CHNCXR_0406_1,Shenzhen,1,3,True,DWT,20,228864,2918,78.431803,0.101999,31.9719,0.853754,29.9547,33.0382,0.754241,0.888697,False,2.5167,2.6415,1.0665,1.6867,0.073175,0.026423
CHNCXR_0406_1,Shenzhen,1,3,True,DWT,30,228864,4762,48.060479,0.166457,34.022,0.891121,31.7334,35.3033,0.818339,0.917343,False,2.6961,2.783,1.1634,1.7568,0.08704,0.040835
CHNCXR_0406_1,Shenzhen,1,3,True,DWT,50,228864,10801,21.189149,0.377552,38.2079,0.946725,35.6509,39.7274,0.918326,0.957672,False,2.9724,3.0295,2.0408,2.3909,0.124583,0.092693
CHNCXR_0406_1,Shenzhen,1,3,True,DWT,70,228864,24728,9.255257,0.864374,42.4561,0.975655,40.1383,43.7618,0.969477,0.978236,False,3.0987,3.1502,3.1703,3.2625,0.205185,0.149161
CHNCXR_0406_1,Shenzhen,1,3,True,DWT,90,228864,60275,3.796997,2.106928,48.3665,0.992416,47.7711,48.608,0.994704,0.991704,False,3.1532,3.1997,3.6124,3.6445,0.417997,0.328612
CHNCXR_0407_1,Shenzhen,1,0,True,DWT,10,260608,1486,175.375505,0.045616,30.4149,0.825356,28.5295,31.1866,0.697137,0.859498,False,2.2033,2.3086,2.1079,2.3806,0.091568,0.019582
CHNCXR_0407_1,Shenzhen,1,0,True,DWT,20,260608,3762,69.273791,0.115484,32.4024,0.8648,30.2519,33.3278,0.761647,0.893283,False,2.4618,2.5293,0.6486,1.4076,0.089854,0.040494
CHNCXR_0407_1,Shenzhen,1,0,True,DWT,30,260608,5605,46.495629,0.172059,34.411,0.900332,31.9982,35.504,0.824271,0.921189,False,2.6877,2.7593,0.8539,1.5584,0.113123,0.052055
CHNCXR_0407_1,Shenzhen,1,0,True,DWT,50,260608,11354,22.952968,0.348539,38.5829,0.951349,35.8934,39.8721,0.919585,0.961098,False,2.928,2.9907,1.9174,2.3109,0.144612,0.083445
CHNCXR_0407_1,Shenzhen,1,0,True,DWT,70,260608,25844,10.083888,0.793345,42.9559,0.978115,40.4513,44.1116,0.970024,0.98086,False,3.0497,3.0995,3.0566,3.1735,0.224457,0.158308
CHNCXR_0407_1,Shenzhen,1,0,True,DWT,90,260608,63130,4.128117,1.93793,48.6489,0.992732,47.736,48.9643,0.994282,0.992401,False,3.1223,3.1674,3.6005,3.6347,0.439395,0.359315
CHNCXR_0408_1,Shenzhen,1,1,True,DWT,10,259584,1645,157.801824,0.050696,29.8293,0.79071,27.8706,31.1723,0.659686,0.847016,False,2.2398,2.3302,1.486,1.9423,0.069282,0.020861
CHNCXR_0408_1,Shenzhen,1,1,True,DWT,20,259584,3750,69.2224,0.11557,31.7063,0.838435,29.6581,33.1404,0.741152,0.880628,False,2.4848,2.6073,0.7454,1.4816,0.092203,0.039202
CHNCXR_0408_1,Shenzhen,1,1,True,DWT,30,259584,5871,44.214614,0.180936,33.6267,0.880941,31.3939,35.2617,0.810472,0.912067,False,2.672,2.7199,0.9435,1.6159,0.10952,0.052138
CHNCXR_0408_1,Shenzhen,1,1,True,DWT,50,259584,12401,20.932505,0.382181,37.8714,0.943994,35.3996,39.7951,0.918078,0.956652,False,2.8974,2.9645,2.0405,2.3973,0.148064,0.088779
CHNCXR_0408_1,Shenzhen,1,1,True,DWT,70,259584,28863,8.99366,0.889516,42.337,0.975968,40.1592,43.9103,0.971094,0.978703,False,3.0233,3.0741,3.1681,3.2619,0.243017,0.179951
CHNCXR_0408_1,Shenzhen,1,1,True,DWT,90,259584,69590,3.730191,2.144662,48.3866,0.992662,47.771,48.7068,0.99489,0.991774,False,3.0654,3.1204,3.5907,3.6219,0.474856,0.399067
CHNCXR_0409_1,Shenzhen,1,4,True,DWT,10,246272,1652,149.075061,0.053664,30.406,0.83109,30.3876,30.4134,0.724774,0.873321,False,2.1636,2.2381,1.4061,1.8686,0.065563,0.018791
CHNCXR_0409_1,Shenzhen,1,4,True,DWT,20,246272,3233,76.174451,0.105022,32.5982,0.866548,32.0724,32.8289,0.777422,0.902453,False,2.4338,2.5071,0.8768,1.5623,0.078084,0.030754
CHNCXR_0409_1,Shenzhen,1,4,True,DWT,30,246272,4629,53.201987,0.15037,35.1345,0.899302,33.6417,35.9171,0.827525,0.92888,False,2.6485,2.7111,1.3402,1.9001,0.090126,0.038372
CHNCXR_0409_1,Shenzhen,1,4,True,DWT,50,246272,10010,24.602597,0.325169,39.6925,0.951048,37.4913,41.0316,0.918646,0.96481,False,2.8841,2.9389,2.2132,2.5407,0.120341,0.065653
CHNCXR_0409_1,Shenzhen,1,4,True,DWT,70,246272,22192,11.097332,0.720894,44.0212,0.978592,41.7292,45.4445,0.967898,0.983313,False,3.0258,3.0825,2.9904,3.1467,0.193804,0.146832
CHNCXR_0409_1,Shenzhen,1,4,True,DWT,90,246272,51010,4.827916,1.65703,49.2713,0.992602,48.043,49.8831,0.992176,0.992908,False,3.0821,3.146,3.6674,3.7086,0.353251,0.285144
CHNCXR_0410_1,Shenzhen,1,3,True,DWT,10,247808,1594,155.462986,0.051459,30.3644,0.824121,29.7454,30.6273,0.711427,0.863117,False,2.1398,2.2405,1.3851,1.8549,0.064522,0.017885
CHNCXR_0410_1,Shenzhen,1,3,True,DWT,20,247808,2995,82.740568,0.096688,32.2162,0.85799,31.52,32.5157,0.771485,0.888247,False,2.4062,2.4579,0.9843,1.6165,0.085321,0.028612
CHNCXR_0410_1,Shenzhen,1,3,True,DWT,30,247808,4555,54.403513,0.147049,34.8625,0.894605,33.279,35.665,0.831533,0.91689,False,2.5995,2.6635,1.3935,1.9028,0.089472,0.039551
CHNCXR_0410_1,Shenzhen,1,3,True,DWT,50,247808,10185,24.330682,0.328803,39.3196,0.949577,37.1552,40.5557,0.922216,0.96006,False,2.8613,2.9579,2.2122,2.5252,0.122077,0.069327
CHNCXR_0410_1,Shenzhen,1,3,True,DWT,70,247808,23007,10.770983,0.742736,43.79,0.978376,41.4984,45.1359,0.969856,0.982014,False,2.9905,3.0524,2.9948,3.1445,0.200651,0.13991
CHNCXR_0410_1,Shenzhen,1,3,True,DWT,90,247808,53413,4.63947,1.724335,49.0612,0.992422,47.9331,49.5854,0.992811,0.992424,False,3.0445,3.0865,3.6461,3.6891,0.365112,0.30245
CHNCXR_0411_1,Shenzhen,1,3,True,DWT,10,257536,1589,162.074261,0.04936,30.6302,0.824624,28.5735,31.4314,0.691483,0.85819,False,2.2229,2.3233,1.426,1.8968,0.067691,0.019146
CHNCXR_0411_1,Shenzhen,1,3,True,DWT,20,257536,3532,72.915062,0.109717,32.5394,0.861744,30.1891,33.5069,0.752228,0.889423,False,2.474,2.5586,0.6639,1.413,0.089892,0.040611
CHNCXR_0411_1,Shenzhen,1,3,True,DWT,30,257536,5455,47.210999,0.169452,34.4219,0.894617,31.7783,35.5745,0.810574,0.916655,False,2.67,2.7392,0.836,1.5421,0.107684,0.050957
CHNCXR_0411_1,Shenzhen,1,3,True,DWT,50,257536,11116,23.168046,0.345303,38.6231,0.949211,35.6989,39.9733,0.917113,0.958297,False,2.8894,2.9769,1.8973,2.2998,0.146799,0.079506
CHNCXR_0411_1,Shenzhen,1,3,True,DWT,70,257536,25408,10.13602,0.789264,42.8396,0.97646,40.1634,44.014,0.968928,0.978911,False,3.0092,3.0671,3.0632,3.1802,0.225959,0.155496
CHNCXR_0411_1,Shenzhen,1,3,True,DWT,90,257536,63260,4.071072,1.965084,48.5084,0.992215,47.7421,48.748,0.994466,0.991739,False,3.051,3.1111,3.6115,3.6441,0.438722,0.354407
CHNCXR_0412_1,Shenzhen,1,1,True,DWT,10,257536,1515,169.990759,0.047061,30.7183,0.828411,28.1668,31.5697,0.664463,0.860891,False,2.1666,2.223,1.3362,1.8321,0.06815,0.020799
CHNCXR_0412_1,Shenzhen,1,1,True,DWT,20,257536,3484,73.919633,0.108226,32.735,0.866986,29.8108,33.7804,0.740782,0.892016,False,2.4338,2.5131,0.6434,1.4013,0.087901,0.036482
CHNCXR_0412_1,Shenzhen,1,1,True,DWT,30,257536,5346,48.173588,0.166066,34.718,0.899104,31.5766,35.8889,0.805139,0.918553,False,2.654,2.733,0.8113,1.5234,0.107744,0.051373
CHNCXR_0412_1,Shenzhen,1,1,True,DWT,50,257536,10789,23.870238,0.335145,38.9113,0.950692,35.6083,40.1823,0.916751,0.958382,False,2.9125,2.9869,1.8527,2.2682,0.166715,0.087265
CHNCXR_0412_1,Shenzhen,1,1,True,DWT,70,257536,24501,10.511244,0.76109,43.0438,0.9768,40.2311,44.0285,0.970027,0.978612,False,3.0338,3.0772,3.0205,3.1449,0.220225,0.153564
CHNCXR_0412_1,Shenzhen,1,1,True,DWT,90,257536,61192,4.208655,1.900845,48.5833,0.99213,47.714,48.803,0.994532,0.991742,False,3.0938,3.142,3.6032,3.635,0.427887,0.345603
CHNCXR_0413_1,Shenzhen,1,0,True,DWT,10,218624,1547,141.321267,0.056609,30.5339,0.845753,30.759,30.4643,0.746057,0.873569,False,2.1694,2.2303,1.2133,1.7304,0.057584,0.016122
CHNCXR_0413_1,Shenzhen,1,0,True,DWT,20,218624,2842,76.926108,0.103996,32.5761,0.87583,32.2673,32.6798,0.787158,0.902164,False,2.4546,2.5045,0.8726,1.5424,0.068784,0.027967
CHNCXR_0413_1,Shenzhen,1,0,True,DWT,30,218624,4053,53.941278,0.148309,35.5373,0.907153,34.0626,36.1388,0.836426,0.928998,False,2.6731,2.7366,1.3372,1.8765,0.075597,0.033788
CHNCXR_0413_1,Shenzhen,1,0,True,DWT,50,218624,8588,25.456917,0.314256,40.1168,0.956071,37.9177,41.1453,0.923647,0.966482,False,2.9482,2.9928,2.1561,2.4826,0.119437,0.058885
CHNCXR_0413_1,Shenzhen,1,0,True,DWT,70,218624,18614,11.745138,0.681133,44.634,0.981497,41.9889,45.9905,0.969046,0.985786,False,3.1046,3.1631,2.9018,3.0707,0.166812,0.11833
CHNCXR_0413_1,Shenzhen,1,0,True,DWT,90,218624,41439,5.275803,1.516357,49.7969,0.993506,48.2001,50.4627,0.992273,0.994038,False,3.1921,3.2348,3.6632,3.712,0.294318,0.226159
CHNCXR_0414_1,Shenzhen,1,4,True,DWT,10,247808,1857,133.445342,0.05995,29.9547,0.832128,29.5916,30.0732,0.692731,0.873756,False,2.2449,2.2929,1.5408,1.9341,0.06654,0.021009
CHNCXR_0414_1,Shenzhen,1,4,True,DWT,20,247808,3398,72.927604,0.109698,31.8049,0.863594,31.12,32.04,0.75133,0.897419,False,2.4841,2.5738,1.1036,1.7065,0.081818,0.032354
CHNCXR_0414_1,Shenzhen,1,4,True,DWT,30,247808,4993,49.631084,0.161189,34.5743,0.89688,32.8046,35.3068,0.812786,0.923431,False,2.6739,2.7183,1.4818,1.9856,0.092867,0.042776
CHNCXR_0414_1,Shenzhen,1,4,True,DWT,50,247808,10816,22.911243,0.349174,39.5987,0.952091,36.7701,41.045,0.918987,0.963256,False,2.9346,2.9897,2.3821,2.6793,0.125797,0.072572
CHNCXR_0414_1,Shenzhen,1,4,True,DWT,70,247808,23245,10.660701,0.75042,44.0076,0.979247,41.142,45.4848,0.968974,0.982982,False,3.0258,3.0929,2.9756,3.1351,0.204288,0.136716
CHNCXR_0414_1,Shenzhen,1,4,True,DWT,90,247808,52243,4.743372,1.686564,49.2807,0.992609,47.8611,49.8324,0.993214,0.992633,False,3.0905,3.1365,3.6638,3.7144,0.357825,0.289581
CHNCXR_0415_1,Shenzhen,1,3,True,DWT,10,220672,1536,143.666667,0.055684,30.3809,0.834477,30.5329,30.3152,0.724553,0.88065,False,2.2068,2.2455,1.4775,1.8799,0.057058,0.017212
CHNCXR_0415_1,Shenzhen,1,3,True,DWT,20,220672,2968,74.350404,0.107599,32.6064,0.862153,31.9811,32.9147,0.765467,0.902788,False,2.4763,2.5251,0.9277,1.5598,0.071438,0.028922
CHNCXR_0415_1,Shenzhen,1,3,True,DWT,30,220672,4180,52.792344,0.151537,35.0768,0.894884,33.5564,35.9675,0.819453,0.927767,False,2.6906,2.7401,1.4402,1.9273,0.0763,0.034877
CHNCXR_0415_1,Shenzhen,1,3,True,DWT,50,220672,9159,24.09346,0.33204,39.6491,0.951131,37.4407,41.156,0.917457,0.966313,False,2.9532,2.9982,2.2432,2.5387,0.1096,0.060986
CHNCXR_0415_1,Shenzhen,1,3,True,DWT,70,220672,19933,11.070687,0.722629,44.1399,0.979903,41.6672,45.9402,0.967761,0.985729,False,3.0748,3.1147,2.9234,3.067,0.171726,0.122412
CHNCXR_0415_1,Shenzhen,1,3,True,DWT,90,220672,44743,4.931989,1.622064,49.6207,0.993474,48.0482,50.552,0.99242,0.994102,False,3.1503,3.181,3.6197,3.6663,0.306676,0.244883
CHNCXR_0416_1,Shenzhen,1,1,True,DWT,10,229888,1690,136.028402,0.058811,29.9532,0.843231,31.0448,29.6679,0.751569,0.865876,False,2.1533,2.2121,1.1712,1.6949,0.065316,0.019395
CHNCXR_0416_1,Shenzhen,1,1,True,DWT,20,229888,3043,75.5465,0.105895,31.9982,0.873102,32.7073,31.8028,0.792568,0.89461,False,2.4229,2.479,1.0499,1.6577,0.075024,0.028114
CHNCXR_0416_1,Shenzhen,1,1,True,DWT,30,229888,4928,46.649351,0.171492,34.9312,0.903716,34.207,35.1788,0.83632,0.92436,False,2.6188,2.6574,1.1754,1.7638,0.089573,0.041707
CHNCXR_0416_1,Shenzhen,1,1,True,DWT,50,229888,10259,22.408422,0.357009,39.8837,0.952625,37.8883,40.7359,0.919022,0.963619,False,2.8883,2.9293,1.9688,2.3678,0.126935,0.071929
CHNCXR_0416_1,Shenzhen,1,1,True,DWT,70,229888,21102,10.894133,0.73434,44.3162,0.979156,41.9995,45.3691,0.967185,0.983331,False,3.0214,3.0732,3.0192,3.186,0.176288,0.125469
CHNCXR_0416_1,Shenzhen,1,1,True,DWT,90,229888,47047,4.886348,1.637215,49.4069,0.9925,48.0976,49.9007,0.991652,0.992972,False,3.0479,3.0833,3.7292,3.7762,0.339822,0.256346
CHNCXR_0417_1,Shenzhen,1,0,True,DWT,10,243712,1758,138.630262,0.057707,30.0728,0.825568,30.2988,29.9854,0.720863,0.864031,False,2.211,2.2851,1.1805,1.708,0.069238,0.018139
CHNCXR_0417_1,Shenzhen,1,0,True,DWT,20,243712,3080,79.127273,0.101103,32.0443,0.859885,31.8002,32.1462,0.768018,0.894387,False,2.4694,2.567,1.0281,1.6457,0.076047,0.029494
CHNCXR_0417_1,Shenzhen,1,0,True,DWT,30,243712,4884,49.900082,0.16032,34.9767,0.894876,33.4586,35.7744,0.821082,0.92385,False,2.6512,2.7525,1.2459,1.8053,0.090578,0.042414
CHNCXR_0417_1,Shenzhen,1,0,True,DWT,50,243712,10247,23.783742,0.336364,39.3913,0.949207,37.1688,40.746,0.914427,0.96372,False,2.9162,2.9935,2.2805,2.5896,0.120919,0.070344
CHNCXR_0417_1,Shenzhen,1,0,True,DWT,70,243712,23023,10.585588,0.755744,43.7605,0.978227,41.2687,45.3768,0.965444,0.983673,False,3.0451,3.1013,3.0655,3.1966,0.198296,0.139419
CHNCXR_0417_1,Shenzhen,1,0,True,DWT,90,243712,52722,4.622586,1.730633,49.2273,0.992825,47.9038,49.897,0.992219,0.993192,False,3.0926,3.1528,3.6677,3.7083,0.365934,0.298943
CHNCXR_0418_1,Shenzhen,1,0,True,DWT,10,242176,1643,147.398661,0.054275,30.298,0.830855,30.3368,30.2834,0.709634,0.874127,False,2.1403,2.2222,1.1553,1.6851,0.064779,0.018477
CHNCXR_0418_1,Shenzhen,1,0,True,DWT,20,242176,2581,93.830298,0.08526,31.6752,0.859699,31.7742,31.6381,0.759738,0.896269,False,2.3934,2.4722,1.612,2.0281,0.067113,0.024926
CHNCXR_0418_1,Shenzhen,1,0,True,DWT,30,242176,4699,51.537774,0.155226,35.2622,0.894875,33.3602,36.2796,0.81485,0.925898,False,2.6217,2.6797,1.3468,1.8757,0.086492,0.039349
CHNCXR_0418_1,Shenzhen,1,0,True,DWT,50,242176,9892,24.482006,0.326771,39.6208,0.948968,37.1871,41.0808,0.914656,0.962784,False,2.9339,2.9771,2.1972,2.5164,0.117203,0.067334
CHNCXR_0418_1,Shenzhen,1,0,True,DWT,70,242176,22069,10.973583,0.729024,43.9164,0.9779,41.4701,45.3883,0.966802,0.982608,False,3.0739,3.1593,3.0021,3.1546,0.188335,0.131657
CHNCXR_0418_1,Shenzhen,1,0,True,DWT,90,242176,50767,4.770343,1.677028,49.1672,0.992343,47.8943,49.769,0.99217,0.992578,False,3.172,3.2108,3.6645,3.7097,0.353571,0.285408
CHNCXR_0419_1,Shenzhen,1,0,True,DWT,10,219648,1501,146.334444,0.054669,30.3694,0.841563,30.2138,30.4108,0.715767,0.87105,False,2.1344,2.2133,1.3321,1.7997,0.070975,0.019441
CHNCXR_0419_1,Shenzhen,1,0,True,DWT,20,219648,2794,78.614173,0.101763,32.3362,0.871183,31.7195,32.512,0.76502,0.896862,False,2.3959,2.4355,1.0225,1.6226,0.068273,0.02488
CHNCXR_0419_1,Shenzhen,1,0,True,DWT,30,219648,4355,50.435821,0.158617,35.1688,0.902665,33.3281,35.8095,0.818637,0.923311,False,2.6114,2.6631,1.2133,1.7683,0.080527,0.036452
CHNCXR_0419_1,Shenzhen,1,0,True,DWT,50,219648,8872,24.757439,0.323135,39.826,0.953364,37.1386,40.9198,0.91646,0.963121,False,2.8976,2.9659,2.1983,2.5107,0.109735,0.062715
CHNCXR_0419_1,Shenzhen,1,0,True,DWT,70,219648,19413,11.31448,0.707059,44.2084,0.979594,41.2604,45.4722,0.966591,0.983307,False,3.0186,3.0753,2.9592,3.1145,0.172942,0.118631
CHNCXR_0419_1,Shenzhen,1,0,True,DWT,90,219648,44016,4.990185,1.603147,49.4303,0.99274,47.9039,49.9337,0.992499,0.992931,False,3.0754,3.1326,3.6287,3.6764,0.335946,0.247809
CHNCXR_0420_1,Shenzhen,1,4,True,DWT,10,248320,1517,163.691496,0.048872,30.408,0.842152,30.8297,30.2519,0.739162,0.88062,False,2.1013,2.204,1.2429,1.7213,0.070959,0.018883
CHNCXR_0420_1,Shenzhen,1,4,True,DWT,20,248320,3019,82.252401,0.097262,32.5668,0.870278,32.2911,32.6809,0.779776,0.904863,False,2.3773,2.4167,0.8554,1.5194,0.079306,0.03245
CHNCXR_0420_1,Shenzhen,1,4,True,DWT,30,248320,4289,57.896946,0.138177,35.396,0.900091,33.871,36.1866,0.825927,0.92913,False,2.6131,2.669,1.4256,1.9265,0.086759,0.034804
CHNCXR_0420_1,Shenzhen,1,4,True,DWT,50,248320,9764,25.4322,0.314562,39.7138,0.949642,37.4968,41.0422,0.914548,0.964159,False,2.9026,2.9563,2.0784,2.4303,0.12308,0.072898
CHNCXR_0420_1,Shenzhen,1,4,True,DWT,70,248320,21898,11.339848,0.705477,43.942,0.977526,41.6341,45.3536,0.965769,0.982584,False,3.0397,3.0849,2.8968,3.053,0.191848,0.13497
CHNCXR_0420_1,Shenzhen,1,4,True,DWT,90,248320,51684,4.804582,1.665077,49.118,0.992052,47.9957,49.6568,0.991895,0.992242,False,3.1264,3.1556,3.6319,3.6739,0.361129,0.283521
CHNCXR_0421_1,Shenzhen,1,3,True,DWT,10,261632,1310,199.719084,0.040056,31.1185,0.829401,30.6292,31.3835,0.740829,0.869003,False,2.1161,2.2176,2.2971,2.4871,0.070116,0.016801
CHNCXR_0421_1,Shenzhen,1,3,True,DWT,20,261632,2329,112.336625,0.071215,32.9967,0.860295,32.2625,33.413,0.784578,0.894201,False,2.3709,2.4321,1.6977,2.1059,0.074552,0.02586
CHNCXR_0421_1,Shenzhen,1,3,True,DWT,30,261632,3649,71.699644,0.111577,35.0034,0.892248,33.8843,35.688,0.831342,0.919909,False,2.5769,2.6404,2.1609,2.4464,0.100871,0.030639
CHNCXR_0421_1,Shenzhen,1,3,True,DWT,50,261632,10065,25.994237,0.307761,39.3857,0.946575,37.4163,40.8408,0.915206,0.962703,False,2.8183,2.8596,2.1008,2.4321,0.131511,0.076289
CHNCXR_0421_1,Shenzhen,1,3,True,DWT,70,261632,23429,11.167015,0.716396,43.6551,0.976835,41.498,45.3247,0.965655,0.982708,False,2.9166,2.9761,3.0422,3.1489,0.213745,0.145871
CHNCXR_0421_1,Shenzhen,1,3,True,DWT,90,261632,56456,4.634264,1.726272,49.038,0.992294,47.9392,49.7075,0.991962,0.992598,False,2.9723,3.0031,3.5991,3.634,0.425138,0.318845
CHNCXR_0422_1,Shenzhen,1,0,True,DWT,10,258048,1673,154.242678,0.051866,30.2668,0.813584,27.8087,31.3421,0.66448,0.852802,False,2.2075,2.3056,1.1194,1.6811,0.070562,0.02032
CHNCXR_0422_1,Shenzhen,1,0,True,DWT,20,258048,3192,80.842105,0.098958,32.2288,0.855962,29.5975,33.4204,0.740516,0.885894,False,2.4685,2.5285,0.9099,1.5734,0.080883,0.033033
CHNCXR_0422_1,Shenzhen,1,0,True,DWT,30,258048,5587,46.18722,0.173208,34.2673,0.894396,31.3672,35.656,0.809657,0.916896,False,2.6616,2.7199,0.8882,1.5712,0.109078,0.054115
CHNCXR_0422_1,Shenzhen,1,0,True,DWT,50,258048,11455,22.527106,0.355128,38.5044,0.949161,35.4561,40.0113,0.918585,0.958049,False,2.9086,2.9938,1.9462,2.3299,0.143625,0.082132
CHNCXR_0422_1,Shenzhen,1,0,True,DWT,70,258048,26149,9.86837,0.810671,42.8109,0.976661,40.2337,43.9654,0.971279,0.978548,False,3.0215,3.0671,3.0909,3.2035,0.221543,0.178783
CHNCXR_0422_1,Shenzhen,1,0,True,DWT,90,258048,64323,4.011753,1.994141,48.4873,0.992284,47.7309,48.7322,0.99475,0.991715,False,3.091,3.1489,3.62,3.653,0.453155,0.363944
CHNCXR_0423_1,Shenzhen,1,4,True,DWT,10,258560,1502,172.143808,0.046473,30.2666,0.812806,28.7889,31.0819,0.710801,0.850984,False,2.2554,2.3418,2.2194,2.4575,0.066914,0.017849
CHNCXR_0423_1,Shenzhen,1,4,True,DWT,20,258560,3803,67.98843,0.117667,32.2793,0.85519,30.4305,33.3813,0.767128,0.889563,False,2.4972,2.6134,0.6725,1.4211,0.092468,0.040222
CHNCXR_0423_1,Shenzhen,1,4,True,DWT,30,258560,5662,45.665842,0.175186,34.1507,0.890862,32.166,35.3692,0.825847,0.915876,False,2.663,2.7269,0.8883,1.5783,0.11025,0.054307
CHNCXR_0423_1,Shenzhen,1,4,True,DWT,50,258560,11858,21.804689,0.366894,38.4198,0.948625,36.0417,40.018,0.920121,0.961179,False,2.879,2.9383,2.0011,2.3763,0.14497,0.086374
CHNCXR_0423_1,Shenzhen,1,4,True,DWT,70,258560,26959,9.59086,0.834127,42.7385,0.977311,40.4747,44.2193,0.969594,0.980995,False,2.9931,3.0494,3.1123,3.2078,0.234154,0.16346
CHNCXR_0423_1,Shenzhen,1,4,True,DWT,90,258560,64838,3.987785,2.006126,48.5548,0.992805,47.7919,48.9222,0.994076,0.992409,False,3.0389,3.0741,3.6099,3.6423,0.457496,0.373724
CHNCXR_0424_1,Shenzhen,1,2,True,DWT,10,259072,1516,170.891821,0.046813,30.3819,0.818155,28.0858,31.5075,0.686755,0.856857,False,2.2226,2.3117,2.5073,2.6885,0.062832,0.018018
CHNCXR_0424_1,Shenzhen,1,2,True,DWT,20,259072,3045,85.081117,0.094028,32.1863,0.85736,29.8132,33.3682,0.753538,0.887874,False,2.4713,2.544,1.1413,1.7384,0.080097,0.029829
CHNCXR_0424_1,Shenzhen,1,2,True,DWT,30,259072,5604,46.229836,0.173048,34.2151,0.896561,31.7546,35.4631,0.825672,0.917118,False,2.6523,2.7222,0.9323,1.6148,0.108746,0.053395
CHNCXR_0424_1,Shenzhen,1,2,True,DWT,50,259072,11746,22.056189,0.36271,38.4341,0.950984,35.8287,39.7971,0.924657,0.959495,False,2.8947,2.9591,1.97,2.3485,0.140439,0.084008
CHNCXR_0424_1,Shenzhen,1,2,True,DWT,70,259072,26554,9.756421,0.819973,42.9031,0.978119,40.5464,44.0729,0.972539,0.980204,False,2.999,3.0525,3.0847,3.195,0.22651,0.161175
CHNCXR_0424_1,Shenzhen,1,2,True,DWT,90,259072,63700,4.067064,1.967021,48.6358,0.992635,47.8168,48.9417,0.994525,0.992151,False,3.0602,3.1134,3.6145,3.649,0.445417,0.362562
CHNCXR_0425_1,Shenzhen,1,0,True,DWT,10,258048,1697,152.061285,0.05261,30.6344,0.819528,28.4187,31.8057,0.681353,0.864398,False,2.2486,2.3333,1.1357,1.6946,0.06872,0.021218
CHNCXR_0425_1,Shenzhen,1,0,True,DWT,20,258048,3212,80.33873,0.099578,32.5466,0.85886,30.1109,33.8965,0.746198,0.89457,False,2.4841,2.5594,0.875,1.5524,0.088414,0.033927
CHNCXR_0425_1,Shenzhen,1,0,True,DWT,30,258048,5501,46.909289,0.170542,34.3055,0.890758,31.7438,35.7651,0.805757,0.917745,False,2.6746,2.7292,0.8471,1.5477,0.111199,0.053188
CHNCXR_0425_1,Shenzhen,1,0,True,DWT,50,258048,11397,22.641748,0.35333,38.4909,0.947236,35.6378,40.2295,0.913756,0.959399,False,2.9032,2.9583,1.9566,2.3413,0.14517,0.084463
CHNCXR_0425_1,Shenzhen,1,0,True,DWT,70,258048,26195,9.85104,0.812097,42.6834,0.975827,40.1638,44.1057,0.96806,0.978952,False,2.9932,3.0386,3.0899,3.1915,0.22903,0.16233
CHNCXR_0425_1,Shenzhen,1,0,True,DWT,90,258048,64623,3.993129,2.003441,48.4918,0.992268,47.7598,48.7847,0.994386,0.991652,False,3.0412,3.0864,3.5949,3.6272,0.457505,0.379736
CHNCXR_0426_1,Shenzhen,1,2,True,DWT,10,236544,1652,143.186441,0.055871,29.9681,0.811074,30.0593,29.9261,0.714986,0.854226,False,2.2226,2.2795,1.5956,1.9562,0.06097,0.017302
CHNCXR_0426_1,Shenzhen,1,2,True,DWT,20,236544,3158,74.903103,0.106805,31.9394,0.844822,31.6699,32.0715,0.762858,0.882247,False,2.4936,2.5598,1.0815,1.6757,0.075132,0.029616
CHNCXR_0426_1,Shenzhen,1,2,True,DWT,30,236544,4940,47.883401,0.167073,34.4414,0.880601,33.252,35.134,0.813502,0.912049,False,2.6754,2.7508,1.3063,1.84,0.090668,0.039042
CHNCXR_0426_1,Shenzhen,1,2,True,DWT,50,236544,10666,22.177386,0.360728,38.8606,0.942284,37.0389,40.0746,0.912816,0.956989,False,2.9054,2.9663,2.3723,2.6418,0.119496,0.07383
CHNCXR_0426_1,Shenzhen,1,2,True,DWT,70,236544,24225,9.764458,0.819298,43.3556,0.976105,41.3771,44.7224,0.966579,0.981047,False,3.0358,3.0833,3.109,3.225,0.198761,0.148114
CHNCXR_0426_1,Shenzhen,1,2,True,DWT,90,236544,55727,4.244693,1.884706,48.8338,0.992299,47.9331,49.3293,0.992359,0.992441,False,3.0691,3.1237,3.6886,3.7255,0.386082,0.312765
CHNCXR_0427_1,Shenzhen,1,2,True,DWT,10,258048,1536,168.0,0.047619,30.6057,0.834557,28.0906,31.5709,0.687506,0.867033,False,2.2174,2.314,1.5146,1.9567,0.068218,0.019585
CHNCXR_0427_1,Shenzhen,1,2,True,DWT,20,258048,3142,82.128581,0.097408,32.5417,0.873689,29.8232,33.6264,0.755601,0.89906,False,2.4847,2.5679,0.8597,1.5449,0.083228,0.032688
CHNCXR_0427_1,Shenzhen,1,2,True,DWT,30,258048,5464,47.22694,0.169395,34.5464,0.906599,31.6204,35.7628,0.819028,0.925606,False,2.6863,2.767,0.8348,1.5416,0.109472,0.053062
CHNCXR_0427_1,Shenzhen,1,2,True,DWT,50,258048,11143,23.157857,0.345455,38.9426,0.956801,35.6759,40.3992,0.920947,0.96595,False,2.9277,3.0046,1.917,2.3078,0.141399,0.080597
CHNCXR_0427_1,Shenzhen,1,2,True,DWT,70,258048,24696,10.44898,0.765625,43.4957,0.981375,40.3811,44.841,0.971596,0.984046,False,3.0504,3.0864,3.0231,3.1417,0.216399,0.15502
CHNCXR_0427_1,Shenzhen,1,2,True,DWT,90,258048,57058,4.522556,1.768911,49.0797,0.993359,47.8231,49.4667,0.994712,0.993127,False,3.131,3.1914,3.5967,3.63,0.407439,0.331655
CHNCXR_0428_1,Shenzhen,1,2,True,DWT,10,261120,1697,153.871538,0.051991,30.6191,0.826684,28.1292,31.7666,0.680904,0.867587,False,2.2078,2.3125,1.5178,1.976,0.067485,0.020677
CHNCXR_0428_1,Shenzhen,1,2,True,DWT,20,261120,3800,68.715789,0.116422,32.2967,0.862957,29.7288,33.499,0.748361,0.894782,False,2.4601,2.561,0.6511,1.4112,0.092815,0.039753
CHNCXR_0428_1,Shenzhen,1,2,True,DWT,30,261120,5702,45.794458,0.174694,34.3841,0.89968,31.5683,35.7727,0.818051,0.92319,False,2.6835,2.8025,0.885,1.5722,0.109332,0.054045
CHNCXR_0428_1,Shenzhen,1,2,True,DWT,50,261120,11526,22.654867,0.353125,38.6494,0.9526,35.6208,40.2137,0.921756,0.962005,False,2.9386,3.0386,1.927,2.3128,0.148665,0.085401
CHNCXR_0428_1,Shenzhen,1,2,True,DWT,70,261120,25897,10.083021,0.793413,43.0263,0.978982,40.3612,44.2995,0.971619,0.981485,False,3.0739,3.1289,3.0755,3.1932,0.223693,0.153605
CHNCXR_0428_1,Shenzhen,1,2,True,DWT,90,261120,62277,4.19288,1.907996,48.7195,0.993017,47.7884,49.0427,0.994708,0.992611,False,3.1347,3.1767,3.6127,3.6471,0.442262,0.361969
CHNCXR_0429_1,Shenzhen,1,2,True,DWT,10,258560,1536,168.333333,0.047525,29.9941,0.814711,28.1945,30.6962,0.680168,0.848695,False,2.2478,2.3202,2.5065,2.6724,0.068848,0.019729
CHNCXR_0429_1,Shenzhen,1,2,True,DWT,20,258560,3696,69.95671,0.114356,31.8504,0.856995,29.7686,32.706,0.746123,0.885568,False,2.4842,2.6042,0.7938,1.5111,0.093585,0.038792
CHNCXR_0429_1,Shenzhen,1,2,True,DWT,30,258560,5957,43.404398,0.184313,33.8913,0.895933,31.5651,34.893,0.815296,0.916698,False,2.6776,2.7693,0.9719,1.6298,0.110514,0.05502
CHNCXR_0429_1,Shenzhen,1,2,True,DWT,50,258560,12338,20.956395,0.381745,38.1896,0.950968,35.5578,39.3939,0.918656,0.960734,False,2.8928,2.9475,2.0442,2.4046,0.148286,0.091548
CHNCXR_0429_1,Shenzhen,1,2,True,DWT,70,258560,27953,9.249812,0.864882,42.8162,0.978758,40.3771,43.8901,0.970922,0.981341,False,2.9869,3.0255,3.1586,3.2488,0.235522,0.167811
CHNCXR_0429_1,Shenzhen,1,2,True,DWT,90,258560,65260,3.961998,2.019183,48.6294,0.992926,47.7763,48.9125,0.994445,0.992624,False,3.0311,3.0802,3.6272,3.6592,0.459968,0.371691
CHNCXR_0430_1,Shenzhen,1,2,True,DWT,10,257536,1545,166.689968,0.047993,31.1277,0.837504,29.0141,31.7116,0.695647,0.861537,False,2.1817,2.2677,1.3287,1.8184,0.067632,0.020363
CHNCXR_0430_1,Shenzhen,1,2,True,DWT,20,257536,3433,75.017769,0.106641,32.96,0.871624,30.5751,33.6496,0.755098,0.891341,False,2.4306,2.5247,0.6465,1.3954,0.086081,0.037717
CHNCXR_0430_1,Shenzhen,1,2,True,DWT,30,257536,5310,48.500188,0.164948,34.8244,0.901781,32.1442,35.6403,0.812051,0.917813,False,2.634,2.7199,0.8017,1.519,0.106194,0.051493
CHNCXR_0430_1,Shenzhen,1,2,True,DWT,50,257536,10600,24.295849,0.329274,39.0865,0.950058,35.9784,40.1091,0.915359,0.957177,False,2.8888,2.9529,1.824,2.2444,0.138718,0.07818
CHNCXR_0430_1,Shenzhen,1,2,True,DWT,70,257536,23872,10.788204,0.741551,43.1082,0.975121,40.4245,43.9256,0.968118,0.976926,False,3.0049,3.0563,2.9916,3.1234,0.205686,0.148714
CHNCXR_0430_1,Shenzhen,1,2,True,DWT,90,257536,60698,4.242908,1.8855,48.5171,0.991387,47.7429,48.6906,0.993963,0.991026,False,3.06,3.115,3.6111,3.6455,0.42737,0.352222
CHNCXR_0431_1,Shenzhen,1,0,True,DWT,10,258560,1554,166.383526,0.048082,29.999,0.808423,28.5997,30.8648,0.711811,0.848675,False,2.2791,2.3326,2.1656,2.4075,0.069211,0.018955
CHNCXR_0431_1,Shenzhen,1,0,True,DWT,20,258560,3892,66.43371,0.120421,32.0577,0.854701,30.4794,33.0723,0.776851,0.888076,False,2.5102,2.6319,0.7038,1.4488,0.095224,0.04087
CHNCXR_0431_1,Shenzhen,1,0,True,DWT,30,258560,5853,44.175636,0.181095,34.1364,0.892243,32.3166,35.371,0.832004,0.91903,False,2.6926,2.7515,0.9357,1.6118,0.111265,0.053805
CHNCXR_0431_1,Shenzhen,1,0,True,DWT,50,258560,12086,21.393348,0.373948,38.3911,0.948916,36.1879,40.0288,0.922769,0.962089,False,2.9472,2.9961,2.0246,2.3938,0.145149,0.088466
CHNCXR_0431_1,Shenzhen,1,0,True,DWT,70,258560,27182,9.512177,0.841027,42.7383,0.977558,40.612,44.2891,0.969827,0.981672,False,3.0695,3.1173,3.1458,3.2387,0.235859,0.16851
CHNCXR_0431_1,Shenzhen,1,0,True,DWT,90,258560,65323,3.958177,2.021132,48.5816,0.993033,47.7462,49.0433,0.994021,0.992716,False,3.1326,3.1759,3.6213,3.6564,0.483108,0.375776
CHNCXR_0432_1,Shenzhen,1,2,True,DWT,10,258560,1469,176.010892,0.045452,30.6637,0.82791,28.2142,31.8715,0.681969,0.870781,False,2.2357,2.3171,2.2503,2.4853,0.067705,0.018077
CHNCXR_0432_1,Shenzhen,1,2,True,DWT,20,258560,3689,70.089455,0.11414,32.6337,0.866056,29.9135,34.0544,0.748342,0.900973,False,2.4895,2.5664,0.6305,1.3974,0.094656,0.039121
CHNCXR_0432_1,Shenzhen,1,2,True,DWT,30,258560,5444,47.494489,0.168441,34.4864,0.899349,31.6706,35.9883,0.813852,0.924435,False,2.6963,2.7731,0.837,1.5416,0.105616,0.050745
CHNCXR_0432_1,Shenzhen,1,2,True,DWT,50,258560,11064,23.369487,0.342327,38.5816,0.949428,35.4048,40.4223,0.913085,0.961572,False,2.9515,3.0023,1.9231,2.3167,0.141047,0.081665
CHNCXR_0432_1,Shenzhen,1,2,True,DWT,70,258560,25485,10.145576,0.788521,42.8822,0.97673,40.0913,44.3625,0.968355,0.979762,False,3.0679,3.1011,3.0878,3.2004,0.225573,0.15515
CHNCXR_0432_1,Shenzhen,1,2,True,DWT,90,258560,62346,4.147179,1.929022,48.6229,0.992233,47.7636,48.9385,0.994519,0.991645,False,3.1386,3.1713,3.5861,3.6191,0.433637,0.350002
CHNCXR_0433_1,Shenzhen,1,2,True,DWT,10,257024,1560,164.758974,0.048556,30.3685,0.80746,28.3264,31.5001,0.668979,0.856542,False,2.2235,2.2639,1.545,1.9842,0.069721,0.01932
CHNCXR_0433_1,Shenzhen,1,2,True,DWT,20,257024,3245,79.206163,0.101002,32.1682,0.849591,29.9606,33.4357,0.74562,0.886776,False,2.4673,2.5471,0.9399,1.5979,0.084482,0.033363
CHNCXR_0433_1,Shenzhen,1,2,True,DWT,30,257024,5616,45.766382,0.174801,34.0801,0.887297,31.6655,35.5316,0.809845,0.915458,False,2.6326,2.706,0.8782,1.573,0.126139,0.054089
CHNCXR_0433_1,Shenzhen,1,2,True,DWT,50,257024,11676,22.013018,0.363421,38.3428,0.947314,35.7837,39.9332,0.919913,0.957999,False,2.8531,2.939,1.9839,2.3508,0.145661,0.085194
CHNCXR_0433_1,Shenzhen,1,2,True,DWT,70,257024,26826,9.581153,0.834973,42.6133,0.976144,40.3948,43.8901,0.9706,0.978646,False,2.9675,3.0316,3.1069,3.2145,0.234163,0.167665
CHNCXR_0433_1,Shenzhen,1,2,True,DWT,90,257024,66227,3.880955,2.061348,48.407,0.992393,47.7653,48.6796,0.994537,0.991723,False,2.9905,3.0517,3.6191,3.6523,0.476471,0.388996
CHNCXR_0434_1,Shenzhen,1,1,True,DWT,10,259584,1598,162.443054,0.049248,30.3941,0.824498,27.9266,31.6386,0.686621,0.865366,False,2.2044,2.3086,1.359,1.8514,0.071144,0.020079
CHNCXR_0434_1,Shenzhen,1,1,True,DWT,20,259584,3581,72.489249,0.110361,32.3409,0.863107,29.914,33.5545,0.760332,0.893874,False,2.4739,2.5725,0.6748,1.4196,0.090988,0.038276
CHNCXR_0434_1,Shenzhen,1,1,True,DWT,30,259584,5599,46.362565,0.172553,34.3704,0.897777,31.767,35.7218,0.823774,0.920854,False,2.681,2.7994,0.8674,1.5565,0.107723,0.053176
CHNCXR_0434_1,Shenzhen,1,1,True,DWT,50,259584,11349,22.872852,0.34976,38.5126,0.949219,35.6603,40.0766,0.920636,0.958634,False,2.9568,3.0602,1.9272,2.3094,0.143383,0.082692
CHNCXR_0434_1,Shenzhen,1,1,True,DWT,70,259584,26129,9.934709,0.805258,42.7898,0.976561,40.2894,44.0596,0.970344,0.978967,False,3.0925,3.142,3.0987,3.2079,0.22913,0.158812
CHNCXR_0434_1,Shenzhen,1,1,True,DWT,90,259584,64242,4.040721,1.979845,48.543,0.99241,47.7847,48.8216,0.99463,0.991822,False,3.1612,3.1991,3.6007,3.6323,0.45891,0.38102
CHNCXR_0435_1,Shenzhen,1,4,True,DWT,10,249856,1566,159.550447,0.050141,30.7644,0.802913,28.8027,31.922,0.69146,0.846104,False,2.135,2.2135,0.9797,1.5757,0.069403,0.018811
CHNCXR_0435_1,Shenzhen,1,4,True,DWT,20,249856,2477,100.870408,0.07931,32.4006,0.840522,30.553,33.4644,0.759414,0.871095,False,2.3789,2.4881,1.4134,1.9025,0.072838,0.025969
CHNCXR_0435_1,Shenzhen,1,4,True,DWT,30,249856,4762,52.468711,0.152472,34.4007,0.880478,32.3122,35.6678,0.822429,0.903564,False,2.5802,2.7,1.0372,1.6753,0.102034,0.041834
CHNCXR_0435_1,Shenzhen,1,4,True,DWT,50,249856,10651,23.458455,0.341028,38.4,0.937841,36.3417,39.6402,0.921631,0.945094,False,2.8092,2.8683,1.8639,2.2626,0.137756,0.080968
CHNCXR_0435_1,Shenzhen,1,4,True,DWT,70,249856,25294,9.878074,0.809874,42.1902,0.968736,40.6277,43.0384,0.968763,0.969308,False,2.942,2.9944,3.0609,3.1706,0.226779,0.16953
CHNCXR_0435_1,Shenzhen,1,4,True,DWT,90,249856,68114,3.668203,2.180904,47.9221,0.990489,47.696,48.0183,0.993668,0.989351,False,3.0027,3.0524,3.5857,3.62,0.51617,0.399381
CHNCXR_0436_1,Shenzhen,1,4,True,DWT,10,252928,1607,157.391413,0.050829,30.5845,0.812512,28.0678,31.8554,0.682762,0.852675,False,2.2072,2.2508,1.4329,1.9039,0.064496,0.017705
CHNCXR_0436_1,Shenzhen,1,4,True,DWT,20,252928,3634,69.60044,0.114942,32.3451,0.8515,29.953,33.5221,0.754725,0.880399,False,2.4658,2.5762,0.6297,1.396,0.089847,0.039503
CHNCXR_0436_1,Shenzhen,1,4,True,DWT,30,252928,5501,45.978549,0.173994,34.3425,0.888888,31.806,35.6288,0.822897,0.90916,False,2.662,2.8222,0.8735,1.5618,0.106153,0.050826
CHNCXR_0436_1,Shenzhen,1,4,True,DWT,50,252928,11069,22.850122,0.350108,38.4563,0.943999,35.856,39.793,0.921667,0.951873,False,2.9508,3.0643,1.9232,2.3037,0.158425,0.086328
CHNCXR_0436_1,Shenzhen,1,4,True,DWT,70,252928,25808,9.800372,0.816296,42.455,0.972957,40.3146,43.4559,0.970318,0.97438,False,3.1045,3.1468,3.0941,3.2023,0.234879,0.175297
CHNCXR_0436_1,Shenzhen,1,4,True,DWT,90,252928,66201,3.820607,2.093908,48.1951,0.99155,47.7363,48.3544,0.994531,0.990741,False,3.1723,3.2246,3.6143,3.6495,0.474129,0.382147
CHNCXR_0437_1,Shenzhen,1,2,True,DWT,10,247808,1450,170.902069,0.04681,30.3855,0.802681,28.9924,31.1602,0.702065,0.844237,False,2.197,2.2556,2.0416,2.3535,0.067203,0.016352
CHNCXR_0437_1,Shenzhen,1,2,True,DWT,20,247808,3609,68.663896,0.11651,32.2325,0.842648,30.6742,33.1286,0.75975,0.876166,False,2.4605,2.5619,0.6147,1.394,0.091622,0.039521
CHNCXR_0437_1,Shenzhen,1,2,True,DWT,30,247808,5395,45.932901,0.174167,34.0163,0.879356,32.4234,34.9389,0.819439,0.903097,False,2.6484,2.7365,0.8456,1.557,0.110903,0.051841
CHNCXR_0437_1,Shenzhen,1,2,True,DWT,50,247808,11259,22.00977,0.363475,38.1754,0.938708,36.2869,39.3405,0.917293,0.948482,False,2.864,2.9206,1.9479,2.3403,0.141589,0.081348
CHNCXR_0437_1,Shenzhen,1,2,True,DWT,70,247808,26419,9.379916,0.852886,42.0423,0.970477,40.4671,42.9513,0.967065,0.972479,False,3.0118,3.0611,3.1315,3.2338,0.235967,0.167164
CHNCXR_0437_1,Shenzhen,1,2,True,DWT,90,247808,69233,3.579334,2.235053,47.9653,0.99134,47.705,48.0828,0.993702,0.990455,False,3.0535,3.1127,3.6054,3.6396,0.495089,0.400661
CHNCXR_0438_1,Shenzhen,1,0,True,DWT,10,242176,1572,154.05598,0.051929,30.6427,0.804983,28.2495,31.9323,0.680846,0.846484,False,2.1626,2.219,1.0119,1.6011,0.07556,0.024451
CHNCXR_0438_1,Shenzhen,1,0,True,DWT,20,242176,2395,101.117328,0.079116,32.4544,0.845899,30.0606,33.7445,0.753656,0.876928,False,2.4165,2.5359,1.8162,2.2039,0.070898,0.025586
CHNCXR_0438_1,Shenzhen,1,0,True,DWT,30,242176,4638,52.21561,0.153211,34.2402,0.880959,31.8098,35.5603,0.818848,0.901396,False,2.5971,2.7075,1.049,1.6869,0.096902,0.043674
CHNCXR_0438_1,Shenzhen,1,0,True,DWT,50,242176,10430,23.219175,0.344543,38.2717,0.937129,35.8258,39.6047,0.920471,0.943652,False,2.8461,2.9387,1.8766,2.2687,0.137577,0.079468
CHNCXR_0438_1,Shenzhen,1,0,True,DWT,70,242176,24706,9.802315,0.816134,42.1638,0.968797,40.3205,43.051,0.970063,0.96897,False,2.9836,3.0343,3.053,3.1655,0.22,0.154855
CHNCXR_0438_1,Shenzhen,1,0,True,DWT,90,242176,66086,3.664558,2.183073,47.9524,0.990518,47.7345,48.0313,0.994407,0.989323,False,3.0435,3.1021,3.5718,3.6076,0.472646,0.393444
CHNCXR_0439_1,Shenzhen,1,4,True,DWT,10,258560,1919,134.736842,0.059375,30.3415,0.834361,30.4268,30.3138,0.724465,0.869629,False,2.2091,2.2647,0.9925,1.585,0.073646,0.022601
CHNCXR_0439_1,Shenzhen,1,4,True,DWT,20,258560,3363,76.883735,0.104053,32.2235,0.8662,31.9706,32.3098,0.769064,0.897695,False,2.4549,2.4961,0.8793,1.5491,0.087126,0.035933
CHNCXR_0439_1,Shenzhen,1,4,True,DWT,30,258560,5082,50.877607,0.15724,35.0053,0.898386,33.6309,35.5709,0.822794,0.923732,False,2.6561,2.7076,1.2114,1.7852,0.101202,0.048345
CHNCXR_0439_1,Shenzhen,1,4,True,DWT,50,258560,11035,23.430902,0.341429,39.5251,0.948938,37.1688,40.6962,0.913265,0.961333,False,2.8836,2.936,1.939,2.3327,0.144149,0.080937
CHNCXR_0439_1,Shenzhen,1,4,True,DWT,70,258560,23628,10.942949,0.731064,43.8486,0.97769,41.3378,45.1375,0.96605,0.981934,False,2.9832,3.037,3.0277,3.1636,0.214512,0.150486
CHNCXR_0439_1,Shenzhen,1,4,True,DWT,90,258560,54718,4.725319,1.693007,49.1691,0.992359,47.9867,49.6395,0.992392,0.992479,False,3.0612,3.0965,3.6562,3.693,0.388743,0.31164
CHNCXR_0440_1,Shenzhen,1,3,True,DWT,10,243712,1687,144.46473,0.055377,30.4134,0.845308,31.147,30.1999,0.760478,0.867533,False,2.1134,2.1936,1.5405,1.9328,0.065528,0.019088
CHNCXR_0440_1,Shenzhen,1,3,True,DWT,20,243712,3030,80.433003,0.099462,32.0364,0.87366,32.6509,31.8545,0.796677,0.894172,False,2.3903,2.4428,1.0264,1.6453,0.077718,0.030632
CHNCXR_0440_1,Shenzhen,1,3,True,DWT,30,243712,4632,52.614853,0.152048,35.1511,0.904368,34.3696,35.4379,0.845028,0.921928,False,2.61,2.6626,1.3941,1.9157,0.091218,0.041288
CHNCXR_0440_1,Shenzhen,1,3,True,DWT,50,243712,9925,24.555365,0.325794,40.0193,0.953221,38.0816,40.8932,0.924994,0.962531,False,2.8425,2.8717,2.2,2.5401,0.123936,0.070415
CHNCXR_0440_1,Shenzhen,1,3,True,DWT,70,243712,21441,11.366634,0.703814,44.4358,0.979427,42.1776,45.5206,0.969059,0.983221,False,3.0066,3.0498,2.9389,3.1137,0.196545,0.132908
CHNCXR_0440_1,Shenzhen,1,3,True,DWT,90,243712,48267,5.049247,1.584395,49.4197,0.992373,48.1979,49.903,0.991806,0.992762,False,3.0245,3.067,3.6859,3.735,0.350769,0.278323
CHNCXR_0441_1,Shenzhen,1,0,True,DWT,10,231936,1568,147.918367,0.054084,30.3131,0.820692,30.2718,30.3244,0.709013,0.848102,False,2.096,2.2054,1.0894,1.6634,0.07553,0.020413
CHNCXR_0441_1,Shenzhen,1,0,True,DWT,20,231936,2801,82.804713,0.096613,32.3521,0.854439,31.7605,32.5279,0.759149,0.878754,False,2.3831,2.4276,0.9193,1.5937,0.074632,0.028534
CHNCXR_0441_1,Shenzhen,1,0,True,DWT,30,231936,3955,58.643742,0.136417,34.849,0.8889,33.274,35.3986,0.811246,0.909198,False,2.6315,2.7045,1.4805,1.987,0.084586,0.034127
CHNCXR_0441_1,Shenzhen,1,0,True,DWT,50,231936,9477,24.473568,0.326883,39.1581,0.945535,37.0157,39.9854,0.910019,0.954948,False,2.9461,2.9891,2.0043,2.3867,0.123519,0.068904
CHNCXR_0441_1,Shenzhen,1,0,True,DWT,70,231936,21565,10.755205,0.743826,43.5712,0.97671,41.1784,44.5396,0.964403,0.980315,False,3.089,3.1364,3.0018,3.1353,0.201471,0.144021
CHNCXR_0441_1,Shenzhen,1,0,True,DWT,90,231936,51123,4.536823,1.763349,49.0065,0.992245,47.875,49.3731,0.992227,0.992357,False,3.1849,3.2357,3.6423,3.6805,0.371213,0.29904
CHNCXR_0442_1,Shenzhen,1,3,True,DWT,10,256000,1605,159.501558,0.050156,30.7951,0.820236,28.1404,31.7587,0.676121,0.851528,False,2.1812,2.2292,0.9893,1.6066,0.069863,0.022917
CHNCXR_0442_1,Shenzhen,1,3,True,DWT,20,256000,3595,71.210014,0.112344,32.6898,0.859972,29.9889,33.6787,0.749763,0.884307,False,2.4452,2.5571,0.5734,1.3647,0.094481,0.040602
CHNCXR_0442_1,Shenzhen,1,3,True,DWT,30,256000,5376,47.619048,0.168,34.7245,0.895788,31.8248,35.8273,0.81684,0.913528,False,2.6471,2.7847,0.7881,1.512,0.111415,0.053638
CHNCXR_0442_1,Shenzhen,1,3,True,DWT,50,256000,10708,23.907359,0.334625,38.6896,0.94622,35.7427,39.8207,0.918676,0.953361,False,2.943,3.0563,1.8091,2.2351,0.143653,0.084487
CHNCXR_0442_1,Shenzhen,1,3,True,DWT,70,256000,24729,10.352218,0.772781,42.748,0.974134,40.2637,43.6218,0.96988,0.975602,False,3.1038,3.1466,3.0109,3.1441,0.224406,0.15932
CHNCXR_0442_1,Shenzhen,1,3,True,DWT,90,256000,63591,4.025727,1.987219,48.3007,0.99145,47.6701,48.4639,0.994441,0.99088,False,3.1567,3.2207,3.6189,3.6546,0.458077,0.391234
CHNCXR_0443_1,Shenzhen,1,1,True,DWT,10,261632,1609,162.605345,0.049199,30.8654,0.826584,28.1879,32.0128,0.667348,0.866587,False,2.1957,2.2917,1.318,1.8336,0.070549,0.020955
CHNCXR_0443_1,Shenzhen,1,1,True,DWT,20,261632,3518,74.369528,0.107571,32.68,0.864173,29.7681,33.9887,0.733771,0.896961,False,2.4616,2.5193,0.6411,1.405,0.095093,0.038801
CHNCXR_0443_1,Shenzhen,1,1,True,DWT,30,261632,5452,47.988261,0.166707,34.5518,0.898743,31.5695,35.9117,0.806455,0.92112,False,2.6662,2.7392,0.815,1.5292,0.115057,0.053235
CHNCXR_0443_1,Shenzhen,1,1,True,DWT,50,261632,11193,23.374609,0.342252,38.8852,0.952747,35.6774,40.4199,0.917885,0.96259,False,2.9298,3.0031,1.893,2.2973,0.15254,0.088018
CHNCXR_0443_1,Shenzhen,1,1,True,DWT,70,261632,25107,10.420679,0.767704,43.2535,0.979155,40.1736,44.6872,0.968982,0.982202,False,3.0735,3.1173,3.0142,3.1378,0.238033,0.167416
CHNCXR_0443_1,Shenzhen,1,1,True,DWT,90,261632,59723,4.380758,1.826168,48.9434,0.992965,47.7574,49.3317,0.994438,0.99268,False,3.1314,3.179,3.5928,3.6266,0.453005,0.358126
CHNCXR_0444_1,Shenzhen,1,4,True,DWT,10,261632,1578,165.799747,0.048251,30.7711,0.824648,28.396,31.9797,0.692084,0.866764,False,2.2185,2.3225,1.2913,1.8183,0.069825,0.019639
CHNCXR_0444_1,Shenzhen,1,4,True,DWT,20,261632,3545,73.803103,0.108397,32.6193,0.862382,30.1523,33.8994,0.757578,0.895096,False,2.4868,2.6019,0.6533,1.4041,0.093016,0.039272
CHNCXR_0444_1,Shenzhen,1,4,True,DWT,30,261632,5334,49.049869,0.163099,34.4818,0.897183,31.9098,35.8466,0.819599,0.920796,False,2.6853,2.7577,0.8681,1.5585,0.10883,0.052581
CHNCXR_0444_1,Shenzhen,1,4,True,DWT,50,261632,11167,23.429032,0.341457,38.7079,0.950819,35.8286,40.3442,0.918635,0.961498,False,2.9113,2.9846,1.8967,2.2896,0.148614,0.085374
CHNCXR_0444_1,Shenzhen,1,4,True,DWT,70,261632,25463,10.274987,0.77859,43.0489,0.978262,40.3187,44.5489,0.969401,0.981507,False,3.0562,3.1019,3.0473,3.1688,0.223453,0.16684
CHNCXR_0444_1,Shenzhen,1,4,True,DWT,90,261632,61465,4.256601,1.879434,48.7142,0.992686,47.7417,49.0941,0.994368,0.992241,False,3.0912,3.135,3.5992,3.6342,0.441617,0.353668
CHNCXR_0445_1,Shenzhen,1,0,True,DWT,10,261632,1673,156.384937,0.051156,30.5438,0.817236,28.6816,31.5145,0.685315,0.862545,False,2.2676,2.3503,1.4638,1.9262,0.072755,0.022864
CHNCXR_0445_1,Shenzhen,1,0,True,DWT,20,261632,3679,71.114977,0.112494,32.4312,0.856324,30.4082,33.5212,0.746457,0.894241,False,2.4836,2.591,0.6936,1.4432,0.089767,0.040775
CHNCXR_0445_1,Shenzhen,1,0,True,DWT,30,261632,5662,46.208407,0.173129,34.243,0.891616,32.0784,35.4446,0.808296,0.91987,False,2.6721,2.7222,0.8622,1.5713,0.112758,0.057365
CHNCXR_0445_1,Shenzhen,1,0,True,DWT,50,261632,11739,22.287418,0.358947,38.4859,0.948539,35.8612,40.1007,0.911124,0.963067,False,2.8762,2.9329,1.9666,2.3585,0.144851,0.086247
CHNCXR_0445_1,Shenzhen,1,0,True,DWT,70,261632,26775,9.771503,0.818707,42.8294,0.977667,40.3291,44.3241,0.966761,0.982092,False,2.9768,3.0247,3.0928,3.1989,0.251693,0.168975
CHNCXR_0445_1,Shenzhen,1,0,True,DWT,90,261632,64214,4.074376,1.963491,48.6537,0.992915,47.7161,49.0639,0.993911,0.992669,False,3.0082,3.0602,3.5912,3.6247,0.489438,0.378734
CHNCXR_0446_1,Shenzhen,1,3,True,DWT,10,255488,1522,167.863338,0.047658,30.8878,0.840836,30.6187,30.974,0.734172,0.873406,False,2.086,2.1566,1.1086,1.6689,0.070413,0.019748
CHNCXR_0446_1,Shenzhen,1,3,True,DWT,20,255488,2877,88.803615,0.090086,33.0428,0.874679,32.2083,33.3351,0.780736,0.90326,False,2.3577,2.4097,0.852,1.5428,0.080028,0.030658
CHNCXR_0446_1,Shenzhen,1,3,True,DWT,30,255488,4098,62.344558,0.128319,35.4989,0.90415,33.7301,36.2273,0.825055,0.928414,False,2.5915,2.6551,1.407,1.9312,0.089188,0.038602
CHNCXR_0446_1,Shenzhen,1,3,True,DWT,50,255488,9346,27.336615,0.292648,40.0339,0.953917,37.6637,41.1295,0.919681,0.964634,False,2.8544,2.9367,2.0454,2.4114,0.126981,0.06952
CHNCXR_0446_1,Shenzhen,1,3,True,DWT,70,255488,21002,12.164937,0.657628,44.2102,0.979325,41.7964,45.3359,0.967978,0.983042,False,2.9955,3.0478,2.8568,3.0213,0.209831,0.137144
CHNCXR_0446_1,Shenzhen,1,3,True,DWT,90,255488,49763,5.134096,1.55821,49.279,0.992463,48.0136,49.7555,0.992007,0.992693,False,3.0958,3.1427,3.5906,3.6339,0.384897,0.297866
CHNCXR_0447_1,Shenzhen,1,4,True,DWT,10,232960,1560,149.333333,0.053571,29.9066,0.811403,27.4916,30.7848,0.658052,0.847471,False,2.2468,2.3199,1.5181,1.9608,0.070273,0.024531
CHNCXR_0447_1,Shenzhen,1,4,True,DWT,20,232960,3471,67.116105,0.119196,31.8775,0.854092,29.1249,32.9442,0.738661,0.882157,False,2.4905,2.5732,0.7387,1.463,0.084094,0.035045
CHNCXR_0447_1,Shenzhen,1,4,True,DWT,30,232960,5203,44.774169,0.178674,33.9357,0.895465,30.9811,35.1269,0.815267,0.914536,False,2.7084,2.7828,0.9513,1.6101,0.109743,0.048169
CHNCXR_0447_1,Shenzhen,1,4,True,DWT,50,232960,10996,21.185886,0.37761,38.286,0.952036,35.1901,39.5699,0.926561,0.958307,False,2.9781,3.0421,2.0243,2.3814,0.137725,0.079061
CHNCXR_0447_1,Shenzhen,1,4,True,DWT,70,232960,24702,9.430815,0.848283,42.879,0.979322,40.0342,44.0014,0.974672,0.980752,False,3.1201,3.1515,3.1106,3.2237,0.253913,0.171574
CHNCXR_0447_1,Shenzhen,1,4,True,DWT,90,232960,57798,4.030589,1.984821,48.6898,0.993092,47.809,48.9371,0.995605,0.992581,False,3.2096,3.2517,3.6342,3.6678,0.402953,0.325097
CHNCXR_0448_1,Shenzhen,1,4,True,DWT,10,219136,1462,149.887825,0.053373,29.6378,0.785283,27.7085,30.8242,0.666815,0.835646,False,2.2919,2.379,2.3512,2.5723,0.077124,0.017671
CHNCXR_0448_1,Shenzhen,1,4,True,DWT,20,219136,2587,84.70661,0.094444,31.3585,0.832229,29.3505,32.6149,0.74167,0.869903,False,2.5419,2.6729,1.7366,2.1484,0.067246,0.023466
CHNCXR_0448_1,Shenzhen,1,4,True,DWT,30,219136,4785,45.796447,0.174686,33.2533,0.875752,31.1784,34.5713,0.812185,0.90134,False,2.7315,2.8638,1.2576,1.8224,0.090984,0.042338
CHNCXR_0448_1,Shenzhen,1,4,True,DWT,50,219136,11143,19.665799,0.406798,37.4259,0.941781,35.1447,38.9456,0.919554,0.951181,False,3.0068,3.0789,2.1243,2.4553,0.134449,0.078088
CHNCXR_0448_1,Shenzhen,1,4,True,DWT,70,219136,26264,8.343588,0.95882,42.0025,0.975862,39.9507,43.2991,0.972014,0.977624,False,3.1507,3.2034,3.2221,3.309,0.256687,0.166678
CHNCXR_0448_1,Shenzhen,1,4,True,DWT,90,219136,62185,3.523937,2.270188,48.3685,0.993055,47.7666,48.6535,0.995173,0.992225,False,3.227,3.2661,3.5792,3.6084,0.445581,0.359732
CHNCXR_0449_1,Shenzhen,1,2,True,DWT,10,261632,1608,162.706468,0.049168,30.7681,0.833093,30.0491,31.032,0.709483,0.871527,False,2.1333,2.2284,1.3478,1.8272,0.116022,0.022765
CHNCXR_0449_1,Shenzhen,1,2,True,DWT,20,261632,3103,84.315823,0.094881,32.8351,0.865714,31.6133,33.3235,0.760604,0.899054,False,2.3941,2.4568,0.8972,1.5617,0.088369,0.033253
CHNCXR_0449_1,Shenzhen,1,2,True,DWT,30,261632,4465,58.596193,0.136528,35.2322,0.898911,33.2578,36.1389,0.817653,0.925242,False,2.5828,2.6466,1.4159,1.9368,0.094926,0.039289
CHNCXR_0449_1,Shenzhen,1,2,True,DWT,50,261632,10205,25.637629,0.312041,39.5931,0.951178,37.0103,40.9361,0.9156,0.963407,False,2.7935,2.8364,2.1356,2.4798,0.140062,0.075555
CHNCXR_0449_1,Shenzhen,1,2,True,DWT,70,261632,23227,11.264132,0.710219,43.9073,0.978734,41.1857,45.3659,0.966565,0.983047,False,2.9043,2.9537,2.9622,3.1039,0.215842,0.148018
CHNCXR_0449_1,Shenzhen,1,2,True,DWT,90,261632,54461,4.804025,1.66527,49.246,0.992686,47.9296,49.7811,0.992672,0.992793,False,2.9545,2.9877,3.6324,3.6719,0.405369,0.32561
CHNCXR_0450_1,Shenzhen,1,3,True,DWT,10,258048,1543,167.237848,0.047836,30.7063,0.829434,27.898,32.0522,0.662398,0.875091,False,2.2018,2.2894,1.421,1.8805,0.08084,0.020289
CHNCXR_0450_1,Shenzhen,1,3,True,DWT,20,258048,3097,83.321924,0.096013,32.5861,0.86747,29.5769,34.0918,0.738079,0.90188,False,2.4557,2.5093,0.8725,1.5434,0.081807,0.033611
CHNCXR_0450_1,Shenzhen,1,3,True,DWT,30,258048,5363,48.116353,0.166264,34.4895,0.902187,31.3682,36.0905,0.808165,0.926188,False,2.6604,2.7307,0.8257,1.5257,0.112927,0.053282
CHNCXR_0450_1,Shenzhen,1,3,True,DWT,50,258048,10910,23.652429,0.338232,38.7659,0.954933,35.4665,40.528,0.920169,0.964898,False,2.9296,2.9923,1.893,2.2893,0.141582,0.082194
CHNCXR_0450_1,Shenzhen,1,3,True,DWT,70,258048,24441,10.557997,0.757719,43.2372,0.980205,40.2447,44.7292,0.971789,0.982744,False,3.0607,3.0995,3.0014,3.1169,0.223067,0.158093
CHNCXR_0450_1,Shenzhen,1,3,True,DWT,90,258048,58675,4.397921,1.819041,48.9316,0.993197,47.7317,49.3569,0.994828,0.9928,False,3.1248,3.1844,3.5734,3.6095,0.432912,0.354379
CHNCXR_0451_1,Shenzhen,1,1,True,DWT,10,251392,1620,155.180247,0.051553,30.3135,0.814265,27.6574,31.5896,0.663034,0.856058,False,2.222,2.3405,1.3962,1.8753,0.067233,0.018202
CHNCXR_0451_1,Shenzhen,1,1,True,DWT,20,251392,3533,71.155392,0.11243,32.0486,0.853192,29.3648,33.3454,0.737438,0.884374,False,2.4763,2.5508,0.6714,1.4247,0.088828,0.03696
CHNCXR_0451_1,Shenzhen,1,1,True,DWT,30,251392,5448,46.143906,0.173371,34.1039,0.891012,31.2091,35.5671,0.810969,0.912996,False,2.6503,2.7254,0.9072,1.5874,0.108452,0.051132
CHNCXR_0451_1,Shenzhen,1,1,True,DWT,50,251392,11418,22.017166,0.363353,38.3378,0.946774,35.4058,39.8318,0.922047,0.954405,False,2.8783,2.9587,1.9551,2.3346,0.146047,0.08725
CHNCXR_0451_1,Shenzhen,1,1,True,DWT,70,251392,26154,9.611991,0.832294,42.52,0.974617,40.0943,43.6317,0.971963,0.975897,False,2.9862,3.0492,3.0885,3.2061,0.234724,0.164634
CHNCXR_0451_1,Shenzhen,1,1,True,DWT,90,251392,65737,3.824209,2.091936,48.2251,0.991687,47.7279,48.3871,0.995025,0.990844,False,3.0403,3.0992,3.6394,3.6736,0.47619,0.393441
CHNCXR_0452_1,Shenzhen,1,1,True,DWT,10,226304,1697,133.355333,0.05999,29.8702,0.795506,28.4394,30.8074,0.680745,0.851356,False,2.2586,2.3464,1.2076,1.7707,0.063236,0.019569
CHNCXR_0452_1,Shenzhen,1,1,True,DWT,20,226304,3494,64.769319,0.123515,31.7145,0.838863,30.0155,32.8957,0.745512,0.884008,False,2.4958,2.6207,0.6996,1.4529,0.082484,0.034969
CHNCXR_0452_1,Shenzhen,1,1,True,DWT,30,226304,4850,46.660619,0.171451,33.6229,0.879108,31.761,34.9675,0.808996,0.91283,False,2.6777,2.7622,1.1917,1.7877,0.089783,0.041846
CHNCXR_0452_1,Shenzhen,1,1,True,DWT,50,226304,11195,20.214739,0.395751,37.7895,0.942455,35.6557,39.4363,0.914685,0.956863,False,2.9233,3.0113,2.0845,2.4336,0.137351,0.081388
CHNCXR_0452_1,Shenzhen,1,1,True,DWT,70,226304,25923,8.729854,0.916396,42.1906,0.975334,40.1882,43.6863,0.968466,0.979098,False,3.0787,3.1476,3.2098,3.2983,0.224444,0.163365
CHNCXR_0452_1,Shenzhen,1,1,True,DWT,90,226304,62468,3.622719,2.208286,48.2901,0.992798,47.7034,48.6143,0.99437,0.992147,False,3.145,3.1979,3.6121,3.6412,0.45132,0.368194
CHNCXR_0453_1,Shenzhen,1,0,True,DWT,10,259072,1744,148.550459,0.053854,30.459,0.832034,28.1527,31.1169,0.672765,0.859916,False,2.2121,2.2477,1.1613,1.7085,0.079077,0.022808
CHNCXR_0453_1,Shenzhen,1,0,True,DWT,20,259072,3309,78.29314,0.10218,32.5068,0.869501,29.7383,33.3627,0.737334,0.893476,False,2.4829,2.5856,0.958,1.6019,0.090696,0.035373
CHNCXR_0453_1,Shenzhen,1,0,True,DWT,30,259072,5625,46.057244,0.173697,34.4568,0.90277,31.4236,35.4409,0.805726,0.920645,False,2.6795,2.7863,0.8708,1.5673,0.114816,0.056554
CHNCXR_0453_1,Shenzhen,1,0,True,DWT,50,259072,11409,22.707687,0.352304,38.8151,0.954164,35.5593,39.9162,0.91831,0.961289,False,2.9283,3.0355,1.9423,2.3278,0.15225,0.102114
CHNCXR_0453_1,Shenzhen,1,0,True,DWT,70,259072,25246,10.261903,0.779583,43.2034,0.979356,40.1657,44.1897,0.970229,0.981453,False,3.0947,3.1497,3.0603,3.1823,0.24919,0.160056
CHNCXR_0453_1,Shenzhen,1,0,True,DWT,90,259072,60183,4.304737,1.858418,48.846,0.992959,47.7355,49.1075,0.994658,0.992743,False,3.1394,3.1983,3.5997,3.6348,0.449315,0.358779
CHNCXR_0454_1,Shenzhen,1,4,True,DWT,10,235008,1391,168.948958,0.047352,30.1142,0.805604,28.6083,30.9585,0.687349,0.854629,False,2.2352,2.3375,2.1085,2.3855,0.060409,0.015216
CHNCXR_0454_1,Shenzhen,1,4,True,DWT,20,235008,2879,81.628343,0.098005,32.0414,0.845156,30.3404,33.0344,0.752104,0.88418,False,2.4811,2.5766,1.0137,1.6437,0.077148,0.029839
CHNCXR_0454_1,Shenzhen,1,4,True,DWT,30,235008,4648,50.561102,0.158224,33.9852,0.883451,32.034,35.1873,0.812562,0.913229,False,2.6884,2.7803,1.2082,1.7919,0.092938,0.041473
CHNCXR_0454_1,Shenzhen,1,4,True,DWT,50,235008,10890,21.580165,0.370711,37.9807,0.941347,35.6344,39.5633,0.910099,0.955449,False,2.9514,3.0429,2.0234,2.3816,0.143389,0.07878
CHNCXR_0454_1,Shenzhen,1,4,True,DWT,70,235008,25631,9.168897,0.872515,42.2568,0.973744,40.1249,43.6245,0.966557,0.977335,False,3.0787,3.1279,3.1774,3.2733,0.233095,0.158497
CHNCXR_0454_1,Shenzhen,1,4,True,DWT,90,235008,63385,3.707628,2.157714,48.2784,0.992258,47.7283,48.5359,0.99421,0.991572,False,3.182,3.2332,3.6062,3.638,0.451331,0.374766
CHNCXR_0455_1,Shenzhen,1,2,True,DWT,10,260096,1500,173.397333,0.046137,32.1348,0.871592,30.0135,32.3914,0.709819,0.881111,False,2.091,2.1844,0.8138,1.4648,0.077567,0.022338
CHNCXR_0455_1,Shenzhen,1,2,True,DWT,20,260096,2734,95.13387,0.084092,33.9325,0.895914,31.3138,34.273,0.751252,0.90487,False,2.3998,2.4568,0.6626,1.3875,0.086144,0.031083
CHNCXR_0455_1,Shenzhen,1,2,True,DWT,30,260096,4836,53.783292,0.148745,36.0611,0.920036,33.0215,36.4819,0.814615,0.926952,False,2.6252,2.6628,0.6654,1.4145,0.108659,0.049862
CHNCXR_0455_1,Shenzhen,1,2,True,DWT,50,260096,9040,28.771681,0.278051,40.15,0.956047,36.5416,40.6954,0.91008,0.960116,False,2.962,3.0208,1.5893,2.0691,0.135972,0.075007
CHNCXR_0455_1,Shenzhen,1,2,True,DWT,70,260096,20162,12.900308,0.62014,43.9855,0.976763,40.7995,44.4365,0.965709,0.978047,False,3.1161,3.1836,2.7899,2.9617,0.202482,0.139343
CHNCXR_0455_1,Shenzhen,1,2,True,DWT,90,260096,52297,4.97344,1.608545,48.8235,0.990878,47.8115,48.9286,0.993138,0.990827,False,3.1993,3.2454,3.6027,3.6386,0.406511,0.320482
CHNCXR_0456_1,Shenzhen,1,3,True,DWT,10,242176,1834,132.047983,0.060584,29.9856,0.808551,30.2017,29.8842,0.7199,0.850348,False,2.2442,2.3007,1.3397,1.8167,0.068066,0.020883
CHNCXR_0456_1,Shenzhen,1,3,True,DWT,20,242176,3345,72.399402,0.110498,31.9039,0.847288,31.6977,32.008,0.772332,0.882951,False,2.4988,2.5866,1.0659,1.6885,0.084136,0.033913
CHNCXR_0456_1,Shenzhen,1,3,True,DWT,30,242176,4880,49.62623,0.161205,34.4152,0.885841,33.447,34.9785,0.828834,0.914038,False,2.6874,2.7386,1.5532,2.0504,0.090807,0.041398
CHNCXR_0456_1,Shenzhen,1,3,True,DWT,50,242176,10813,22.396745,0.357195,39.0489,0.944953,37.3598,40.1927,0.921248,0.957415,False,2.9059,2.9469,2.3572,2.6572,0.130912,0.076903
CHNCXR_0456_1,Shenzhen,1,3,True,DWT,70,242176,24143,10.030899,0.797536,43.3659,0.975828,41.5883,44.5941,0.968422,0.980005,False,3.0322,3.0621,3.107,3.2399,0.215482,0.149293
CHNCXR_0456_1,Shenzhen,1,3,True,DWT,90,242176,56657,4.274423,1.871598,48.6946,0.991837,47.911,49.1344,0.992326,0.991792,False,3.0764,3.1136,3.7159,3.7547,0.403572,0.3343
CHNCXR_0457_1,Shenzhen,1,4,True,DWT,10,243712,1698,143.528857,0.055738,30.0243,0.807594,28.4583,30.9043,0.700241,0.850553,False,2.2392,2.3448,1.1628,1.7227,0.071056,0.019515
CHNCXR_0457_1,Shenzhen,1,4,True,DWT,20,243712,3637,67.009073,0.119387,31.9019,0.8481,30.2309,32.8614,0.767276,0.879999,False,2.4897,2.585,0.6803,1.4337,0.09067,0.038488
CHNCXR_0457_1,Shenzhen,1,4,True,DWT,30,243712,5009,48.654821,0.164424,33.8415,0.885543,32.0516,34.8954,0.827352,0.908821,False,2.6852,2.7729,1.1586,1.7553,0.117707,0.046861
CHNCXR_0457_1,Shenzhen,1,4,True,DWT,50,243712,11488,21.214485,0.377101,38.0647,0.944102,35.853,39.4945,0.919828,0.955092,False,2.9227,3.0074,2.0047,2.3786,0.145066,0.088133
CHNCXR_0457_1,Shenzhen,1,4,True,DWT,70,243712,26545,9.181089,0.871356,42.3806,0.974818,40.3912,43.6037,0.969786,0.977456,False,3.0606,3.1078,3.1481,3.2455,0.248679,0.180856
CHNCXR_0457_1,Shenzhen,1,4,True,DWT,90,243712,65390,3.727053,2.146468,48.2844,0.992204,47.7902,48.5113,0.994334,0.991459,False,3.1071,3.1609,3.6225,3.6547,0.520515,0.385788
CHNCXR_0458_1,Shenzhen,1,1,True,DWT,10,243200,1494,162.784471,0.049145,30.5637,0.806091,29.1265,31.3704,0.701603,0.84938,False,2.2229,2.2443,1.2976,1.8063,0.066046,0.017571
CHNCXR_0458_1,Shenzhen,1,1,True,DWT,20,243200,3359,72.402501,0.110493,32.2713,0.846702,30.7739,33.1222,0.760891,0.881893,False,2.4762,2.567,0.6436,1.408,0.084166,0.035633
CHNCXR_0458_1,Shenzhen,1,1,True,DWT,30,243200,5085,47.826942,0.16727,34.246,0.882176,32.4154,35.3619,0.816146,0.910261,False,2.6756,2.7598,0.8795,1.5688,0.105785,0.048478
CHNCXR_0458_1,Shenzhen,1,1,True,DWT,50,243200,10827,22.462363,0.356151,38.2764,0.941405,36.1,39.7102,0.912425,0.954783,False,2.9246,2.9673,1.9368,2.3243,0.139228,0.082704
CHNCXR_0458_1,Shenzhen,1,1,True,DWT,70,243200,25526,9.527541,0.839671,42.4105,0.973683,40.3942,43.691,0.966182,0.977485,False,3.1091,3.1503,3.1086,3.2124,0.250396,0.173994
CHNCXR_0458_1,Shenzhen,1,1,True,DWT,90,243200,63983,3.80101,2.104704,48.2505,0.992088,47.7191,48.502,0.993726,0.991528,False,3.1621,3.2051,3.6051,3.6389,0.528339,0.380893
CHNCXR_0459_1,Shenzhen,1,1,True,DWT,10,220160,1441,152.78279,0.052362,30.0986,0.811026,28.401,30.8247,0.684565,0.849878,False,2.2483,2.3548,2.2467,2.4786,0.056847,0.015631
CHNCXR_0459_1,Shenzhen,1,1,True,DWT,20,220160,3446,63.888566,0.125218,32.0415,0.852323,30.1764,32.8648,0.75732,0.881878,False,2.5125,2.5815,0.7303,1.4668,0.082166,0.035426
CHNCXR_0459_1,Shenzhen,1,1,True,DWT,30,220160,4688,46.962457,0.170349,33.93,0.887999,31.7734,34.9374,0.814022,0.910974,False,2.6992,2.8065,1.2002,1.7856,0.09134,0.055697
CHNCXR_0459_1,Shenzhen,1,1,True,DWT,50,220160,10584,20.801209,0.384593,38.1511,0.945796,35.6111,39.4344,0.914508,0.956452,False,2.9514,3.0305,2.0834,2.4259,0.14013,0.082141
CHNCXR_0459_1,Shenzhen,1,1,True,DWT,70,220160,24067,9.147796,0.874528,42.4569,0.9757,40.1784,43.5475,0.968134,0.978517,False,3.1244,3.1676,3.1901,3.2857,0.20886,0.149372
CHNCXR_0459_1,Shenzhen,1,1,True,DWT,90,220160,58349,3.773158,2.12024,48.3788,0.992587,47.7301,48.6101,0.994283,0.992165,False,3.1809,3.2285,3.638,3.6711,0.422542,0.361777
CHNCXR_0460_1,Shenzhen,1,0,True,DWT,10,248320,1503,165.216234,0.048421,30.0542,0.802321,27.7301,31.3872,0.65489,0.856316,False,2.2338,2.2786,2.4937,2.691,0.071522,0.016038
CHNCXR_0460_1,Shenzhen,1,0,True,DWT,20,248320,3211,77.334164,0.103447,31.8081,0.844939,29.4032,33.2123,0.728685,0.886827,False,2.491,2.5897,1.0344,1.6816,0.083846,0.034253
CHNCXR_0460_1,Shenzhen,1,0,True,DWT,30,248320,5618,44.200783,0.180992,33.7471,0.885684,31.1747,35.3074,0.804029,0.915609,False,2.6813,2.7571,0.9737,1.6364,0.108502,0.059809
CHNCXR_0460_1,Shenzhen,1,0,True,DWT,50,248320,11905,20.858463,0.383537,37.931,0.946715,35.2137,39.6362,0.917643,0.95803,False,2.9084,3.0222,2.0539,2.4061,0.155713,0.086545
CHNCXR_0460_1,Shenzhen,1,0,True,DWT,70,248320,27440,9.049563,0.884021,42.4255,0.976796,40.0193,43.8309,0.97114,0.979328,False,3.0628,3.1175,3.1848,3.2795,0.242678,0.172997
CHNCXR_0460_1,Shenzhen,1,0,True,DWT,90,248320,65879,3.769335,2.12239,48.4487,0.992858,47.7645,48.7346,0.99506,0.992164,False,3.1236,3.1675,3.6222,3.6529,0.478391,0.425647
CHNCXR_0461_1,Shenzhen,1,3,True,DWT,10,257024,1508,170.440318,0.046937,31.352,0.856742,30.6314,31.5997,0.735083,0.893946,False,2.0848,2.213,1.0585,1.6231,0.075917,0.020901
CHNCXR_0461_1,Shenzhen,1,3,True,DWT,20,257024,2799,91.827081,0.08712,33.2597,0.8808,32.0303,33.7198,0.773875,0.913397,False,2.3618,2.4144,0.7733,1.4852,0.08942,0.033252
CHNCXR_0461_1,Shenzhen,1,3,True,DWT,30,257024,3977,64.627609,0.123786,35.7835,0.909005,33.725,36.6789,0.82617,0.934477,False,2.5834,2.6358,1.3414,1.8808,0.093651,0.041971
CHNCXR_0461_1,Shenzhen,1,3,True,DWT,50,257024,9052,28.394167,0.281748,40.0407,0.954021,37.4153,41.3199,0.916534,0.965732,False,2.8491,2.9213,2.0118,2.3768,0.165644,0.070264
CHNCXR_0461_1,Shenzhen,1,3,True,DWT,70,257024,20792,12.361678,0.647161,44.3179,0.979457,41.5664,45.6947,0.966334,0.9837,False,2.9766,3.0039,2.8642,3.02,0.195361,0.136212
CHNCXR_0461_1,Shenzhen,1,3,True,DWT,90,257024,49054,5.239613,1.52683,49.4502,0.992648,48.017,50.0059,0.992161,0.992886,False,3.0634,3.0926,3.5681,3.6078,0.392636,0.291609
CHNCXR_0462_1,Shenzhen,1,0,True,DWT,10,223744,1509,148.273028,0.053955,30.0967,0.798259,28.2993,31.3074,0.68913,0.849189,False,2.2699,2.3785,1.6243,2.0518,0.059536,0.016814
CHNCXR_0462_1,Shenzhen,1,0,True,DWT,20,223744,3317,67.453723,0.1186,31.7867,0.838421,29.8784,33.1054,0.749076,0.879963,False,2.5135,2.5703,0.6958,1.4527,0.086375,0.037154
CHNCXR_0462_1,Shenzhen,1,0,True,DWT,30,223744,5088,43.974843,0.181922,33.6506,0.879628,31.7228,34.9888,0.81606,0.908554,False,2.6862,2.7509,0.9766,1.6378,0.109525,0.047456
CHNCXR_0462_1,Shenzhen,1,0,True,DWT,50,223744,10908,20.511918,0.390017,37.805,0.942298,35.5659,39.481,0.914999,0.955806,False,2.9317,3.0208,2.0566,2.4163,0.134223,0.088859
CHNCXR_0462_1,Shenzhen,1,0,True,DWT,70,223744,25394,8.8109,0.907966,42.2254,0.974804,40.2377,43.6247,0.968912,0.978066,False,3.0524,3.0981,3.2037,3.2945,0.222471,0.151907
CHNCXR_0462_1,Shenzhen,1,0,True,DWT,90,223744,61662,3.628556,2.204734,48.2631,0.992487,47.7373,48.5367,0.994381,0.991716,False,3.1234,3.1571,3.6307,3.663,0.452994,0.357074
CHNCXR_0463_1,Shenzhen,1,0,True,DWT,10,231424,1663,139.160553,0.057488,30.1035,0.799455,27.9185,31.2844,0.68166,0.840473,False,2.2343,2.2929,1.2147,1.7635,0.066987,0.018355
CHNCXR_0463_1,Shenzhen,1,0,True,DWT,20,231424,3548,65.226607,0.122649,31.9522,0.846054,29.701,33.186,0.758415,0.875978,False,2.4843,2.5892,0.6717,1.4354,0.094883,0.043663
CHNCXR_0463_1,Shenzhen,1,0,True,DWT,30,231424,4892,47.306623,0.16911,33.9079,0.886482,31.5066,35.2676,0.820976,0.908535,False,2.6796,2.7694,1.1601,1.7749,0.094982,0.043277
CHNCXR_0463_1,Shenzhen,1,0,True,DWT,50,231424,10974,21.088391,0.379356,38.19,0.946792,35.6028,39.7172,0.923243,0.955676,False,2.8984,3.0,2.0058,2.3763,0.135414,0.083351
CHNCXR_0463_1,Shenzhen,1,0,True,DWT,70,231424,24932,9.282208,0.861864,42.5194,0.976111,40.2436,43.7733,0.971485,0.978209,False,3.0604,3.1103,3.1359,3.2419,0.239466,0.150742
CHNCXR_0463_1,Shenzhen,1,0,True,DWT,90,231424,60581,3.820076,2.094199,48.359,0.992439,47.7495,48.604,0.994801,0.99169,False,3.1159,3.1582,3.6268,3.6574,0.430205,0.36677
CHNCXR_0464_1,Shenzhen,1,3,True,DWT,10,245248,1294,189.527048,0.04221,31.1195,0.818208,28.7771,32.259,0.708978,0.849723,False,2.1692,2.2712,1.9232,2.2049,0.062466,0.01402
CHNCXR_0464_1,Shenzhen,1,3,True,DWT,20,245248,3173,77.292153,0.103503,32.8351,0.851481,30.5202,33.9549,0.772452,0.873106,False,2.4241,2.5286,0.5679,1.3445,0.083277,0.035606
CHNCXR_0464_1,Shenzhen,1,3,True,DWT,30,245248,4818,50.902449,0.157163,34.6422,0.887907,32.2114,35.8466,0.830772,0.903568,False,2.6286,2.7549,0.7973,1.501,0.10159,0.048158
CHNCXR_0464_1,Shenzhen,1,3,True,DWT,50,245248,10017,24.483179,0.326755,38.6366,0.941015,36.2003,39.845,0.92411,0.946782,False,2.9037,3.0,1.8043,2.2074,0.133387,0.073202
CHNCXR_0464_1,Shenzhen,1,3,True,DWT,70,245248,23665,10.363321,0.771953,42.4263,0.969393,40.6137,43.221,0.970036,0.969801,False,3.0499,3.094,3.0218,3.151,0.212879,0.159287
CHNCXR_0464_1,Shenzhen,1,3,True,DWT,90,245248,63685,3.850954,2.077407,48.072,0.990315,47.7682,48.1747,0.9937,0.989418,False,3.1208,3.1781,3.5758,3.6119,0.488329,0.39369
CHNCXR_0465_1,Shenzhen,1,3,True,DWT,10,254976,1765,144.462323,0.055378,30.5059,0.818235,27.845,31.82,0.665619,0.863725,False,2.239,2.3441,1.0341,1.6408,0.073227,0.024215
CHNCXR_0465_1,Shenzhen,1,3,True,DWT,20,254976,3690,69.099187,0.115776,32.3061,0.856912,29.5453,33.6988,0.736482,0.892272,False,2.4835,2.5648,0.6408,1.4032,0.102959,0.041514
CHNCXR_0465_1,Shenzhen,1,3,True,DWT,30,254976,5083,50.162502,0.159482,34.2206,0.8951,31.3659,35.6904,0.812348,0.918757,False,2.6938,2.7909,1.0844,1.7083,0.104166,0.049892
CHNCXR_0465_1,Shenzhen,1,3,True,DWT,50,254976,11317,22.530353,0.355077,38.477,0.949941,35.5055,40.0469,0.921619,0.958525,False,2.9669,3.0702,1.9133,2.3118,0.17442,0.085333
CHNCXR_0465_1,Shenzhen,1,3,True,DWT,70,254976,25556,9.977148,0.801832,42.7936,0.977071,40.2321,44.0326,0.971982,0.978836,False,3.1314,3.169,3.0683,3.196,0.234071,0.188913
CHNCXR_0465_1,Shenzhen,1,3,True,DWT,90,254976,62874,4.055349,1.972703,48.5029,0.992326,47.7073,48.7813,0.994931,0.991617,False,3.2229,3.26,3.6174,3.6527,0.470118,0.381449
CHNCXR_0466_1,Shenzhen,1,0,True,DWT,10,243712,1732,140.711316,0.056854,29.9457,0.791187,28.1955,31.1478,0.674205,0.846908,False,2.2561,2.3456,1.2153,1.7721,0.068022,0.020848
CHNCXR_0466_1,Shenzhen,1,0,True,DWT,20,243712,3212,75.875467,0.105436,31.7257,0.83869,29.9453,32.9572,0.749061,0.88072,False,2.505,2.643,0.9801,1.6339,0.086886,0.033308
CHNCXR_0466_1,Shenzhen,1,0,True,DWT,30,243712,5142,47.396344,0.168789,33.6073,0.878259,31.7232,34.9422,0.813765,0.907959,False,2.6956,2.7614,1.1955,1.783,0.107076,0.048313
CHNCXR_0466_1,Shenzhen,1,0,True,DWT,50,243712,11860,20.549073,0.389312,37.7392,0.941345,35.6846,39.2557,0.917741,0.953075,False,2.9399,2.9959,2.0656,2.4251,0.146148,0.08793
CHNCXR_0466_1,Shenzhen,1,0,True,DWT,70,243712,27853,8.749937,0.914292,42.0553,0.974118,40.2071,43.3538,0.969501,0.976695,False,3.058,3.1201,3.2143,3.3062,0.24517,0.176046
CHNCXR_0466_1,Shenzhen,1,0,True,DWT,90,243712,68512,3.557216,2.24895,48.1914,0.992443,47.7008,48.4521,0.994577,0.991504,False,3.1131,3.152,3.5925,3.6248,0.516424,0.421294
CHNCXR_0467_1,Shenzhen,1,3,True,DWT,10,231424,1522,152.052562,0.052613,30.1645,0.801806,28.1258,31.345,0.679417,0.848916,False,2.2258,2.2786,1.5204,1.9864,0.064349,0.017772
CHNCXR_0467_1,Shenzhen,1,3,True,DWT,20,231424,2560,90.4,0.088496,31.9326,0.843665,30.0208,33.0101,0.756275,0.876367,False,2.4728,2.5859,1.5631,2.0466,0.080071,0.0246
CHNCXR_0467_1,Shenzhen,1,3,True,DWT,30,231424,4802,48.193253,0.165998,33.8157,0.883204,31.7128,35.0506,0.815822,0.908356,False,2.6695,2.7576,1.1442,1.7449,0.094199,0.04458
CHNCXR_0467_1,Shenzhen,1,3,True,DWT,50,231424,11034,20.973718,0.38143,38.0572,0.943613,35.6755,39.546,0.917547,0.954388,False,2.9185,3.0345,2.025,2.389,0.151355,0.09268
CHNCXR_0467_1,Shenzhen,1,3,True,DWT,70,231424,25433,9.099359,0.879183,42.3375,0.974574,40.3322,43.4903,0.969295,0.977078,False,3.0617,3.1128,3.1691,3.2709,0.228015,0.165472
CHNCXR_0467_1,Shenzhen,1,3,True,DWT,90,231424,62511,3.702132,2.160917,48.2723,0.992262,47.7202,48.5128,0.994242,0.991594,False,3.1339,3.1785,3.6103,3.6428,0.461196,0.381001
CHNCXR_0468_1,Shenzhen,1,1,True,DWT,10,238080,2045,116.420538,0.068716,30.6255,0.81183,28.942,31.7453,0.714965,0.857716,False,2.2241,2.2582,0.6307,1.3797,0.072332,0.023649
CHNCXR_0468_1,Shenzhen,1,1,True,DWT,20,238080,2918,81.59013,0.098051,32.3592,0.849081,30.5954,33.5537,0.770089,0.886121,False,2.496,2.5792,0.962,1.628,0.081434,0.029728
CHNCXR_0468_1,Shenzhen,1,1,True,DWT,30,238080,4761,50.006301,0.15998,34.1287,0.885558,32.3292,35.3575,0.828536,0.911708,False,2.6947,2.7753,1.0618,1.7031,0.095975,0.042148
CHNCXR_0468_1,Shenzhen,1,1,True,DWT,50,238080,10738,22.171727,0.36082,38.3795,0.943176,36.2965,39.9002,0.921711,0.954316,False,2.9539,3.0417,1.9155,2.3224,0.144957,0.082929
CHNCXR_0468_1,Shenzhen,1,1,True,DWT,70,238080,24694,9.641208,0.829772,42.4107,0.973341,40.6129,43.6378,0.969397,0.975697,False,3.1053,3.1373,3.1127,3.2243,0.244881,0.159027
CHNCXR_0468_1,Shenzhen,1,1,True,DWT,90,238080,62938,3.78277,2.114852,48.1426,0.991672,47.7173,48.3625,0.993871,0.990755,False,3.1993,3.2492,3.6274,3.6616,0.469512,0.406617
CHNCXR_0469_1,Shenzhen,1,3,True,DWT,10,215552,1505,143.22392,0.055857,29.922,0.794544,28.299,30.9697,0.689762,0.843113,False,2.2787,2.379,1.7295,2.1202,0.064387,0.016966
CHNCXR_0469_1,Shenzhen,1,3,True,DWT,20,215552,2838,75.952079,0.10533,31.7473,0.838633,30.1342,32.7865,0.761897,0.873547,False,2.5199,2.6496,1.0671,1.7132,0.070817,0.027049
CHNCXR_0469_1,Shenzhen,1,3,True,DWT,30,215552,4620,46.656277,0.171467,33.5462,0.87863,31.9078,34.6075,0.822075,0.903743,False,2.7128,2.7787,1.1653,1.7749,0.092463,0.043669
CHNCXR_0469_1,Shenzhen,1,3,True,DWT,50,215552,10627,20.283429,0.394411,37.8415,0.942511,35.8841,39.2045,0.920099,0.953571,False,2.9361,3.0179,2.064,2.4147,0.141732,0.078694
CHNCXR_0469_1,Shenzhen,1,3,True,DWT,70,215552,24440,8.81964,0.907067,42.1899,0.974751,40.3868,43.4016,0.96955,0.977501,False,3.0691,3.1496,3.1748,3.2694,0.221268,0.154326
CHNCXR_0469_1,Shenzhen,1,3,True,DWT,90,215552,59685,3.611494,2.21515,48.2288,0.992561,47.682,48.5136,0.994261,0.991866,False,3.1332,3.1792,3.6229,3.6562,0.447777,0.390601
CHNCXR_0470_1,Shenzhen,1,0,True,DWT,10,215552,1504,143.319149,0.055819,30.0506,0.797016,28.3571,31.2126,0.691122,0.848211,False,2.282,2.3719,1.597,2.0347,0.063279,0.017173
CHNCXR_0470_1,Shenzhen,1,0,True,DWT,20,215552,2926,73.667806,0.108596,31.9049,0.841719,30.1711,33.1056,0.760112,0.880505,False,2.5195,2.5878,0.9475,1.6252,0.077869,0.028576
CHNCXR_0470_1,Shenzhen,1,0,True,DWT,30,215552,4561,47.259811,0.169277,33.5991,0.880063,31.8206,34.8434,0.820304,0.908073,False,2.7107,2.7894,1.1456,1.7575,0.092107,0.042223
CHNCXR_0470_1,Shenzhen,1,0,True,DWT,50,215552,10493,20.542457,0.389437,37.9175,0.943148,35.8406,39.4779,0.919755,0.955085,False,2.9347,2.9982,2.0527,2.4107,0.13361,0.082584
CHNCXR_0470_1,Shenzhen,1,0,True,DWT,70,215552,24182,8.913737,0.897491,42.2847,0.975077,40.4192,43.6167,0.970311,0.977774,False,3.0695,3.1246,3.1856,3.2827,0.218644,0.156254
CHNCXR_0470_1,Shenzhen,1,0,True,DWT,90,215552,59158,3.643666,2.195591,48.2533,0.992457,47.7205,48.5417,0.994315,0.991666,False,3.1453,3.2061,3.6311,3.6639,0.443025,0.379685
CHNCXR_0471_1,Shenzhen,1,2,True,DWT,10,227328,1398,162.609442,0.049198,30.376,0.808172,27.8211,31.4466,0.655968,0.848447,False,2.2254,2.2587,1.4048,1.8843,0.063234,0.016533
CHNCXR_0471_1,Shenzhen,1,2,True,DWT,20,227328,2402,94.641132,0.08453,32.2151,0.850504,29.7363,33.2385,0.741974,0.878635,False,2.4587,2.5877,1.5056,1.9801,0.074145,0.033092
CHNCXR_0471_1,Shenzhen,1,2,True,DWT,30,227328,4518,50.316069,0.158995,34.1035,0.889098,31.4707,35.2237,0.813273,0.908394,False,2.6612,2.7882,1.0935,1.7059,0.094869,0.0444
CHNCXR_0471_1,Shenzhen,1,2,True,DWT,50,227328,10197,22.293616,0.358847,38.3547,0.946095,35.5504,39.5896,0.920419,0.953363,False,2.9437,3.0686,1.9342,2.3286,0.151193,0.07549
CHNCXR_0471_1,Shenzhen,1,2,True,DWT,70,227328,23451,9.693744,0.825274,42.5967,0.974757,40.2332,43.5511,0.971118,0.976172,False,3.091,3.1389,3.1138,3.2279,0.213523,0.148651
CHNCXR_0471_1,Shenzhen,1,2,True,DWT,90,227328,58576,3.880907,2.061374,48.2977,0.991801,47.6902,48.4793,0.994688,0.991148,False,3.1763,3.2248,3.6212,3.6538,0.441085,0.357678
CHNCXR_0472_1,Shenzhen,1,0,True,DWT,10,231424,1579,146.563648,0.054584,30.5192,0.80003,28.5555,31.6867,0.670751,0.853128,False,2.2041,2.2567,1.0647,1.653,0.06715,0.019545
CHNCXR_0472_1,Shenzhen,1,0,True,DWT,20,231424,3380,68.468639,0.116842,32.2485,0.841706,30.1953,33.4933,0.739222,0.88287,False,2.4709,2.5791,0.6097,1.3855,0.086923,0.036437
CHNCXR_0472_1,Shenzhen,1,0,True,DWT,30,231424,4623,50.059269,0.159811,34.0688,0.88116,31.9254,35.3947,0.80712,0.910417,False,2.6727,2.7466,1.0756,1.7083,0.097068,0.04269
CHNCXR_0472_1,Shenzhen,1,0,True,DWT,50,231424,10566,21.902707,0.365252,38.3124,0.943553,35.9285,39.8711,0.916384,0.955313,False,2.9112,2.9966,1.9657,2.3442,0.140555,0.080843
CHNCXR_0472_1,Shenzhen,1,0,True,DWT,70,231424,24191,9.566533,0.836249,42.5163,0.974427,40.359,43.8551,0.968287,0.977351,False,3.0513,3.1103,3.1272,3.2331,0.237149,0.161159
CHNCXR_0472_1,Shenzhen,1,0,True,DWT,90,231424,60002,3.856938,2.074184,48.2922,0.991955,47.7149,48.5545,0.994074,0.991205,False,3.1329,3.1818,3.6317,3.6636,0.446827,0.392476
CHNCXR_0473_1,Shenzhen,1,0,True,DWT,10,240640,1516,158.733509,0.050399,30.561,0.811157,28.6004,31.5131,0.695731,0.850197,False,2.2241,2.2565,1.5437,1.9796,0.068742,0.02003
CHNCXR_0473_1,Shenzhen,1,0,True,DWT,20,240640,3485,69.050215,0.115858,32.3754,0.849933,30.356,33.3677,0.7576,0.880376,False,2.4902,2.5768,0.6224,1.4031,0.091326,0.039642
CHNCXR_0473_1,Shenzhen,1,0,True,DWT,30,240640,5221,46.090787,0.17357,34.1836,0.88652,32.0164,35.2808,0.813947,0.909921,False,2.6781,2.7761,0.8379,1.5521,0.10767,0.054087
CHNCXR_0473_1,Shenzhen,1,0,True,DWT,50,240640,10738,22.410132,0.356981,38.345,0.944761,35.9406,39.6242,0.916616,0.954605,False,2.9474,3.0678,1.9264,2.3277,0.137507,0.081432
CHNCXR_0473_1,Shenzhen,1,0,True,DWT,70,240640,24913,9.659214,0.828225,42.5479,0.974582,40.3715,43.6518,0.968031,0.977317,False,3.1271,3.1732,3.1195,3.2305,0.247156,0.163283
CHNCXR_0473_1,Shenzhen,1,0,True,DWT,90,240640,62254,3.865454,2.069614,48.3172,0.992044,47.7034,48.5508,0.994024,0.991505,False,3.203,3.2533,3.6293,3.6636,0.4812,0.376177
CHNCXR_0474_1,Shenzhen,1,4,True,DWT,10,258048,1486,173.652759,0.046069,30.6541,0.808151,28.1026,31.9177,0.667625,0.850137,False,2.1652,2.2099,1.3244,1.8107,0.074799,0.020794
CHNCXR_0474_1,Shenzhen,1,4,True,DWT,20,258048,2599,99.287418,0.080574,32.4266,0.847177,30.0172,33.5851,0.750739,0.875125,False,2.4246,2.5262,1.4951,1.9651,0.081312,0.029948
CHNCXR_0474_1,Shenzhen,1,4,True,DWT,30,258048,4893,52.738197,0.151693,34.3219,0.884347,31.8142,35.5525,0.816853,0.904549,False,2.6135,2.7168,1.0498,1.6803,0.108484,0.048671
CHNCXR_0474_1,Shenzhen,1,4,True,DWT,50,258048,11051,23.350647,0.342603,38.3497,0.939504,35.8475,39.5762,0.921087,0.945846,False,2.8805,2.9182,1.8806,2.2784,0.182192,0.088856
CHNCXR_0474_1,Shenzhen,1,4,True,DWT,70,258048,26367,9.786779,0.817429,42.2277,0.969497,40.3105,43.0645,0.970314,0.969724,False,3.0124,3.0602,3.0926,3.205,0.248161,0.169039
CHNCXR_0474_1,Shenzhen,1,4,True,DWT,90,258048,69733,3.700515,2.161861,47.9513,0.990367,47.7578,48.0142,0.99426,0.989284,False,3.0764,3.1057,3.587,3.6223,0.529788,0.434775
CHNCXR_0475_1,Shenzhen,1,2,True,DWT,10,229376,1688,135.886256,0.058873,29.6338,0.79029,28.0373,30.7072,0.690468,0.839343,False,2.2695,2.3498,1.318,1.823,0.066389,0.018813
CHNCXR_0475_1,Shenzhen,1,2,True,DWT,20,229376,3613,63.486299,0.126011,31.5225,0.843156,29.8702,32.6473,0.770478,0.87813,False,2.5123,2.6458,0.7627,1.4834,0.096175,0.054252
CHNCXR_0475_1,Shenzhen,1,2,True,DWT,30,229376,5481,41.849298,0.191162,33.4847,0.887504,31.7684,34.6703,0.836755,0.910936,False,2.7039,2.7865,1.0039,1.6507,0.122095,0.072298
CHNCXR_0475_1,Shenzhen,1,2,True,DWT,50,229376,11415,20.094262,0.398124,37.9092,0.950518,36.0201,39.2679,0.93342,0.958982,False,2.9693,3.0616,2.0717,2.4104,0.144046,0.08519
CHNCXR_0475_1,Shenzhen,1,2,True,DWT,70,229376,25849,8.87369,0.901542,42.5632,0.979184,40.6524,43.9445,0.975776,0.981102,False,3.1273,3.2014,3.1579,3.2525,0.226364,0.160712
CHNCXR_0475_1,Shenzhen,1,2,True,DWT,90,229376,60033,3.820832,2.093785,48.5986,0.993311,47.926,48.9728,0.994838,0.992663,False,3.2023,3.2517,3.6163,3.6472,0.443394,0.36532
CHNCXR_0476_1,Shenzhen,1,3,True,DWT,10,236544,1518,155.826087,0.051339,30.6158,0.80251,29.0069,31.6687,0.693243,0.854644,False,2.2319,2.2593,1.4419,1.8888,0.065019,0.017137
CHNCXR_0476_1,Shenzhen,1,3,True,DWT,20,236544,2519,93.90393,0.085193,32.3282,0.840929,30.5853,33.5033,0.753638,0.882129,False,2.4979,2.5707,1.5552,2.0113,0.070911,0.02264
CHNCXR_0476_1,Shenzhen,1,3,True,DWT,30,236544,4684,50.500427,0.158415,34.0692,0.878746,32.3183,35.2518,0.814173,0.908547,False,2.6924,2.7677,1.0956,1.7132,0.093388,0.04418
CHNCXR_0476_1,Shenzhen,1,3,True,DWT,50,236544,10805,21.892087,0.365429,38.1992,0.939436,36.0868,39.7528,0.913098,0.952886,False,2.9298,3.0253,1.9949,2.3592,0.137215,0.079001
CHNCXR_0476_1,Shenzhen,1,3,True,DWT,70,236544,25181,9.393749,0.85163,42.2195,0.971915,40.4028,43.465,0.96643,0.97502,False,3.0702,3.1111,3.1534,3.2489,0.224552,0.161873
CHNCXR_0476_1,Shenzhen,1,3,True,DWT,90,236544,64251,3.681561,2.172991,48.0865,0.991631,47.7111,48.2789,0.993702,0.990766,False,3.1203,3.1658,3.6172,3.6519,0.477491,0.384071
CHNCXR_0477_1,Shenzhen,1,4,True,DWT,10,228352,1466,155.765348,0.051359,30.397,0.809709,28.5561,31.4843,0.688572,0.859073,False,2.2741,2.3637,2.2209,2.4462,0.06041,0.015439
CHNCXR_0477_1,Shenzhen,1,4,True,DWT,20,228352,3462,65.959561,0.121286,32.231,0.8497,30.3276,33.3705,0.754111,0.888481,False,2.5174,2.5816,0.698,1.4395,0.087503,0.036795
CHNCXR_0477_1,Shenzhen,1,4,True,DWT,30,228352,4717,48.41043,0.165254,33.9831,0.885752,31.922,35.2605,0.810421,0.915569,False,2.7197,2.7882,1.1608,1.7598,0.094792,0.043905
CHNCXR_0477_1,Shenzhen,1,4,True,DWT,50,228352,10693,21.355279,0.374615,38.2811,0.945274,35.8696,39.9019,0.915303,0.9586,False,2.9452,3.0243,2.0401,2.404,0.131827,0.081632
CHNCXR_0477_1,Shenzhen,1,4,True,DWT,70,228352,24389,9.36291,0.854435,42.5588,0.975594,40.3622,43.9625,0.967936,0.979286,False,3.0954,3.1241,3.1808,3.2765,0.223423,0.152624
CHNCXR_0477_1,Shenzhen,1,4,True,DWT,90,228352,59366,3.846511,2.079807,48.3469,0.992285,47.7204,48.6393,0.993969,0.991727,False,3.1624,3.191,3.6465,3.6781,0.435011,0.353885
CHNCXR_0478_1,Shenzhen,1,1,True,DWT,10,242688,1718,141.261932,0.056632,29.7525,0.813607,29.9464,29.6717,0.714983,0.852375,False,2.1607,2.2312,1.4455,1.8814,0.06877,0.021539
CHNCXR_0478_1,Shenzhen,1,1,True,DWT,20,242688,3365,72.121248,0.110924,31.593,0.850639,31.602,31.5891,0.770442,0.883852,False,2.4139,2.4698,1.0003,1.6279,0.0872,0.033655
CHNCXR_0478_1,Shenzhen,1,1,True,DWT,30,242688,4988,48.65437,0.164425,34.3663,0.888301,33.2427,34.9561,0.82394,0.916039,False,2.5995,2.6593,1.4578,1.9732,0.095078,0.043174
CHNCXR_0478_1,Shenzhen,1,1,True,DWT,50,242688,11087,21.88942,0.365473,39.1252,0.947519,37.2354,40.2854,0.921539,0.959806,False,2.847,2.8873,2.3476,2.6257,0.136827,0.082113
CHNCXR_0478_1,Shenzhen,1,1,True,DWT,70,242688,24007,10.109052,0.79137,43.5269,0.977406,41.4164,44.8882,0.968763,0.98177,False,2.9656,3.0049,3.1622,3.263,0.216631,0.154075
CHNCXR_0478_1,Shenzhen,1,1,True,DWT,90,242688,55486,4.37386,1.829048,48.9142,0.992369,47.9376,49.4127,0.992743,0.992437,False,3.0427,3.0776,3.6575,3.7009,0.40976,0.332774
CHNCXR_0479_1,Shenzhen,1,2,True,DWT,10,240640,1566,153.66539,0.052061,30.2926,0.798033,28.2102,31.4415,0.661335,0.846918,False,2.2667,2.3742,1.4617,1.9253,0.068275,0.017722
CHNCXR_0479_1,Shenzhen,1,2,True,DWT,20,240640,3542,67.939018,0.117753,31.9953,0.841122,29.8066,33.2305,0.729353,0.881029,False,2.52,2.6585,0.6454,1.4105,0.092856,0.038733
CHNCXR_0479_1,Shenzhen,1,2,True,DWT,30,240640,5381,44.720312,0.17889,33.8042,0.880573,31.4712,35.1632,0.798022,0.90918,False,2.7101,2.7958,0.8916,1.5844,0.111755,0.054601
CHNCXR_0479_1,Shenzhen,1,2,True,DWT,50,240640,11351,21.199894,0.37736,38.0528,0.943288,35.4611,39.6541,0.911678,0.955732,False,2.9423,3.0008,2.0294,2.3964,0.150633,0.086537
CHNCXR_0479_1,Shenzhen,1,2,True,DWT,70,240640,26368,9.126214,0.876596,42.3555,0.974687,40.0465,43.6934,0.967835,0.977823,False,3.0788,3.1299,3.181,3.2848,0.236823,0.171661
CHNCXR_0479_1,Shenzhen,1,2,True,DWT,90,240640,64413,3.735892,2.14139,48.34,0.992326,47.7406,48.5898,0.994441,0.991685,False,3.1191,3.1716,3.6272,3.6587,0.481698,0.398634
CHNCXR_0480_1,Shenzhen,1,0,True,DWT,10,251904,1726,145.946698,0.054815,30.5907,0.820217,28.7197,31.4419,0.705083,0.856725,False,2.2538,2.3381,1.0588,1.6722,0.069531,0.019982
CHNCXR_0480_1,Shenzhen,1,0,True,DWT,20,251904,3158,79.766941,0.100292,32.5322,0.857538,30.4753,33.5027,0.76477,0.886272,False,2.4968,2.6429,0.8908,1.5772,0.085434,0.03232
CHNCXR_0480_1,Shenzhen,1,0,True,DWT,30,251904,4922,51.179195,0.156314,34.4091,0.892436,32.1781,35.499,0.821845,0.913862,False,2.7056,2.8071,1.082,1.7034,0.100145,0.046085
CHNCXR_0480_1,Shenzhen,1,0,True,DWT,50,251904,10980,22.942077,0.348704,38.6241,0.946413,36.0843,39.9475,0.918683,0.955736,False,2.9748,3.0849,1.9258,2.3145,0.146592,0.084442
CHNCXR_0480_1,Shenzhen,1,0,True,DWT,70,251904,24992,10.079385,0.793699,42.7605,0.974742,40.5318,43.8488,0.968609,0.977131,False,3.1182,3.1952,3.0788,3.1946,0.225649,0.166295
CHNCXR_0480_1,Shenzhen,1,0,True,DWT,90,251904,62889,4.005534,1.997237,48.352,0.991691,47.719,48.5832,0.993752,0.991143,False,3.219,3.2563,3.6398,3.6744,0.472363,0.377652
CHNCXR_0481_1,Shenzhen,1,4,False,DWT,10,257024,1492,172.268097,0.046439,30.9265,0.838747,,,,,,2.1029,2.2076,1.1836,1.7027,0.074636,0.021028
CHNCXR_0481_1,Shenzhen,1,4,False,DWT,20,257024,2845,90.342355,0.088552,33.0596,0.870584,,,,,,2.3802,2.4367,0.8626,1.547,0.0864,0.033587
CHNCXR_0481_1,Shenzhen,1,4,False,DWT,30,257024,4070,63.15086,0.126681,35.3506,0.901362,,,,,,2.5992,2.652,1.4141,1.9278,0.095714,0.03887
CHNCXR_0481_1,Shenzhen,1,4,False,DWT,50,257024,9498,27.060855,0.29563,39.6643,0.951925,,,,,,2.8396,2.9051,2.0684,2.4196,0.137915,0.07361
CHNCXR_0481_1,Shenzhen,1,4,False,DWT,70,257024,22024,11.670178,0.685508,44.0631,0.979167,,,,,,2.9828,3.0301,2.923,3.068,0.214735,0.147587
CHNCXR_0481_1,Shenzhen,1,4,False,DWT,90,257024,51640,4.977227,1.607321,49.2262,0.992496,,,,,,3.0306,3.0741,3.5847,3.6253,0.399499,0.330265
CHNCXR_0482_1,Shenzhen,1,3,False,DWT,10,238080,1721,138.338175,0.057829,30.3185,0.800877,,,,,,2.2422,2.3407,1.1019,1.6877,0.072306,0.021133
CHNCXR_0482_1,Shenzhen,1,3,False,DWT,20,238080,3572,66.651736,0.120027,32.0873,0.83966,,,,,,2.5042,2.6454,0.645,1.4208,0.095702,0.039654
CHNCXR_0482_1,Shenzhen,1,3,False,DWT,30,238080,5339,44.59262,0.179402,33.8511,0.876903,,,,,,2.6872,2.7998,0.8672,1.5745,0.107511,0.052907
CHNCXR_0482_1,Shenzhen,1,3,False,DWT,50,238080,11105,21.438991,0.373152,38.1052,0.939409,,,,,,2.9746,3.0645,1.9653,2.3618,0.147479,0.086132
CHNCXR_0482_1,Shenzhen,1,3,False,DWT,70,238080,25777,9.236141,0.866163,42.162,0.97211,,,,,,3.1401,3.2165,3.1488,3.2512,0.234879,0.173982
CHNCXR_0482_1,Shenzhen,1,3,False,DWT,90,238080,65700,3.623744,2.207661,48.1235,0.991801,,,,,,3.2315,3.2802,3.6205,3.6548,0.507096,0.40587
CHNCXR_0483_1,Shenzhen,1,4,False,DWT,10,257024,1383,185.845264,0.043047,31.3715,0.846858,,,,,,2.0269,2.1389,0.9757,1.5594,0.073485,0.019811
CHNCXR_0483_1,Shenzhen,1,4,False,DWT,20,257024,2597,98.96958,0.080833,33.5876,0.878397,,,,,,2.3192,2.3943,0.818,1.5012,0.085949,0.031406
CHNCXR_0483_1,Shenzhen,1,4,False,DWT,30,257024,3802,67.602315,0.118339,36.0056,0.908159,,,,,,2.5472,2.6535,1.1593,1.7576,0.099609,0.042015
CHNCXR_0483_1,Shenzhen,1,4,False,DWT,50,257024,8573,29.980637,0.266839,40.3704,0.955197,,,,,,2.8759,2.9221,1.9147,2.3032,0.130211,0.067312
CHNCXR_0483_1,Shenzhen,1,4,False,DWT,70,257024,19550,13.147008,0.608503,44.5017,0.980089,,,,,,3.0365,3.1049,2.7314,2.9139,0.205978,0.140354
CHNCXR_0483_1,Shenzhen,1,4,False,DWT,90,257024,46830,5.488448,1.457607,49.4355,0.992529,,,,,,3.139,3.1852,3.5399,3.5833,0.384239,0.299105
CHNCXR_0484_1,Shenzhen,1,4,False,DWT,10,244224,1758,138.921502,0.057586,30.5149,0.845913,,,,,,2.1785,2.2418,1.3382,1.8053,0.069303,0.018594
CHNCXR_0484_1,Shenzhen,1,4,False,DWT,20,244224,3150,77.531429,0.103184,32.2378,0.87299,,,,,,2.4522,2.5114,0.9998,1.6231,0.080771,0.033498
CHNCXR_0484_1,Shenzhen,1,4,False,DWT,30,244224,4937,49.468098,0.16172,35.341,0.905793,,,,,,2.626,2.6748,1.2648,1.8209,0.103009,0.044273
CHNCXR_0484_1,Shenzhen,1,4,False,DWT,50,244224,9932,24.589609,0.325341,39.9628,0.953719,,,,,,2.8514,2.8954,2.2189,2.5484,0.139716,0.075256
CHNCXR_0484_1,Shenzhen,1,4,False,DWT,70,244224,21743,11.232305,0.712231,44.3914,0.979989,,,,,,2.9872,3.0286,3.0313,3.1804,0.209264,0.140387
CHNCXR_0484_1,Shenzhen,1,4,False,DWT,90,244224,48867,4.997729,1.600727,49.4454,0.992669,,,,,,3.0241,3.0637,3.7057,3.7516,0.380316,0.301307
CHNCXR_0485_1,Shenzhen,1,1,False,DWT,10,257536,1465,175.792491,0.045508,30.8995,0.833331,,,,,,2.1039,2.2222,1.3291,1.7997,0.073957,0.02207
CHNCXR_0485_1,Shenzhen,1,1,False,DWT,20,257536,2933,87.806342,0.09111,32.8661,0.865477,,,,,,2.3734,2.4506,0.8685,1.5497,0.090935,0.033911
CHNCXR_0485_1,Shenzhen,1,1,False,DWT,30,257536,4186,61.523172,0.130032,35.2774,0.898867,,,,,,2.5983,2.6667,1.4335,1.9474,0.099341,0.041393
CHNCXR_0485_1,Shenzhen,1,1,False,DWT,50,257536,9728,26.473684,0.302187,39.5786,0.950593,,,,,,2.8784,2.9514,2.1131,2.447,0.139343,0.077766
CHNCXR_0485_1,Shenzhen,1,1,False,DWT,70,257536,22540,11.425732,0.700174,43.897,0.978449,,,,,,3.0088,3.0656,2.9309,3.0734,0.23012,0.15909
CHNCXR_0485_1,Shenzhen,1,1,False,DWT,90,257536,53363,4.826115,1.657648,49.1004,0.992441,,,,,,3.0809,3.1273,3.6026,3.6391,0.419251,0.336602
CHNCXR_0486_1,Shenzhen,1,3,False,DWT,10,246272,1409,174.784954,0.045771,30.8324,0.817523,,,,,,2.2017,2.2444,2.0067,2.2905,0.068991,0.016256
CHNCXR_0486_1,Shenzhen,1,3,False,DWT,20,246272,2916,84.455418,0.094725,32.5665,0.856163,,,,,,2.4797,2.5762,0.9258,1.6057,0.088466,0.03191
CHNCXR_0486_1,Shenzhen,1,3,False,DWT,30,246272,4625,53.248,0.15024,34.2763,0.889507,,,,,,2.7014,2.8111,1.0903,1.7165,0.102556,0.045324
CHNCXR_0486_1,Shenzhen,1,3,False,DWT,50,246272,10728,22.956003,0.348493,38.402,0.944722,,,,,,2.9631,3.0921,1.8902,2.2859,0.149795,0.087065
CHNCXR_0486_1,Shenzhen,1,3,False,DWT,70,246272,24865,9.904364,0.807725,42.5297,0.973783,,,,,,3.1607,3.2071,3.0719,3.1908,0.239133,0.167682
CHNCXR_0486_1,Shenzhen,1,3,False,DWT,90,246272,63396,3.884661,2.059381,48.243,0.991606,,,,,,3.2691,3.3119,3.6032,3.6363,0.497102,0.398098
CHNCXR_0487_1,Shenzhen,1,2,False,DWT,10,258048,1701,151.703704,0.052734,30.5613,0.840565,,,,,,2.1973,2.2546,1.3508,1.8144,0.076266,0.023651
CHNCXR_0487_1,Shenzhen,1,2,False,DWT,20,258048,3126,82.548944,0.096912,32.5929,0.872242,,,,,,2.4553,2.5123,0.9585,1.5968,0.09349,0.036532
CHNCXR_0487_1,Shenzhen,1,2,False,DWT,30,258048,4900,52.662857,0.15191,35.1166,0.903013,,,,,,2.6633,2.7307,1.1428,1.7449,0.106988,0.049184
CHNCXR_0487_1,Shenzhen,1,2,False,DWT,50,258048,10159,25.400925,0.314949,39.69,0.951502,,,,,,2.9186,2.9815,2.1872,2.5089,0.141489,0.079954
CHNCXR_0487_1,Shenzhen,1,2,False,DWT,70,258048,22615,11.41048,0.70111,43.9829,0.978886,,,,,,3.0539,3.1127,2.9382,3.0812,0.221961,0.150204
CHNCXR_0487_1,Shenzhen,1,2,False,DWT,90,258048,52547,4.910804,1.629061,49.3345,0.992729,,,,,,3.1335,3.169,3.599,3.6415,0.418222,0.329724
CHNCXR_0488_1,Shenzhen,1,3,False,DWT,10,238080,1944,122.469136,0.065323,30.9062,0.819772,,,,,,2.1747,2.2149,0.5476,1.3216,0.077962,0.023804
CHNCXR_0488_1,Shenzhen,1,3,False,DWT,20,238080,2750,86.574545,0.092406,32.626,0.855172,,,,,,2.4479,2.54,0.8796,1.5638,0.082529,0.028829
CHNCXR_0488_1,Shenzhen,1,3,False,DWT,30,238080,4542,52.417437,0.152621,34.3965,0.888378,,,,,,2.6553,2.7484,0.9987,1.6543,0.100907,0.04556
CHNCXR_0488_1,Shenzhen,1,3,False,DWT,50,238080,10194,23.354915,0.34254,38.531,0.941964,,,,,,2.9197,3.0458,1.84,2.2618,0.143538,0.080832
CHNCXR_0488_1,Shenzhen,1,3,False,DWT,70,238080,23703,10.044298,0.796472,42.4628,0.971142,,,,,,3.1129,3.1577,3.0613,3.1857,0.225567,0.164437
CHNCXR_0488_1,Shenzhen,1,3,False,DWT,90,238080,62079,3.835113,2.085988,48.0982,0.990706,,,,,,3.189,3.2369,3.6148,3.6513,0.480654,0.39008
CHNCXR_0489_1,Shenzhen,1,0,False,DWT,10,241152,1936,124.561983,0.064225,29.189,0.789175,,,,,,2.2655,2.3456,1.833,2.2033,0.071714,0.020643
CHNCXR_0489_1,Shenzhen,1,0,False,DWT,20,241152,3583,67.304493,0.118863,30.7872,0.830323,,,,,,2.4812,2.5882,1.1367,1.7447,0.089039,0.036419
CHNCXR_0489_1,Shenzhen,1,0,False,DWT,30,241152,5338,45.176471,0.177083,33.7042,0.875275,,,,,,2.6354,2.6748,1.678,2.1449,0.10263,0.04573
CHNCXR_0489_1,Shenzhen,1,0,False,DWT,50,241152,12227,19.722908,0.40562,38.3709,0.942703,,,,,,2.8856,2.9395,2.5222,2.7828,0.146745,0.090997
CHNCXR_0489_1,Shenzhen,1,0,False,DWT,70,241152,27149,8.882537,0.900644,43.0196,0.97627,,,,,,2.9613,3.0098,3.2222,3.329,0.245766,0.178281
CHNCXR_0489_1,Shenzhen,1,0,False,DWT,90,241152,61035,3.951044,2.024781,48.7503,0.992629,,,,,,3.0091,3.0784,3.7133,3.7507,0.459633,0.371965
CHNCXR_0490_1,Shenzhen,1,4,False,DWT,10,262144,1380,189.95942,0.042114,31.5999,0.834557,,,,,,2.1916,2.2562,2.3985,2.5802,0.077332,0.019721
CHNCXR_0490_1,Shenzhen,1,4,False,DWT,20,262144,2336,112.219178,0.071289,33.2371,0.861632,,,,,,2.4502,2.5147,1.77,2.1696,0.079512,0.029026
CHNCXR_0490_1,Shenzhen,1,4,False,DWT,30,262144,3631,72.196089,0.110809,35.1295,0.89214,,,,,,2.6268,2.6551,2.307,2.5834,0.089528,0.032639
CHNCXR_0490_1,Shenzhen,1,4,False,DWT,50,262144,10089,25.98315,0.307892,39.1192,0.944658,,,,,,2.87,2.9259,2.1687,2.4799,0.145229,0.082235
CHNCXR_0490_1,Shenzhen,1,4,False,DWT,70,262144,24007,10.919482,0.732635,43.3756,0.973848,,,,,,2.9761,3.0069,3.0425,3.1622,0.243262,0.183058
CHNCXR_0490_1,Shenzhen,1,4,False,DWT,90,262144,58883,4.451947,1.796967,48.6834,0.991139,,,,,,3.0271,3.0656,3.5862,3.6196,0.493938,0.371087
CHNCXR_0491_1,Shenzhen,1,2,False,DWT,10,239104,1372,174.274052,0.045905,30.605,0.814692,,,,,,2.2371,2.3431,2.2758,2.4832,0.066472,0.016179
CHNCXR_0491_1,Shenzhen,1,2,False,DWT,20,239104,2840,84.191549,0.095021,32.5246,0.853287,,,,,,2.4945,2.558,0.9374,1.6008,0.084237,0.031589
CHNCXR_0491_1,Shenzhen,1,2,False,DWT,30,239104,5070,47.160552,0.169633,34.2362,0.887496,,,,,,2.7077,2.7974,0.8721,1.5696,0.109854,0.050443
CHNCXR_0491_1,Shenzhen,1,2,False,DWT,50,239104,10587,22.584679,0.354222,38.3088,0.944652,,,,,,3.0277,3.0964,1.9248,2.3161,0.148241,0.082664
CHNCXR_0491_1,Shenzhen,1,2,False,DWT,70,239104,24463,9.774108,0.818489,42.6324,0.975501,,,,,,3.2104,3.2443,3.1044,3.2141,0.241636,0.186979
CHNCXR_0491_1,Shenzhen,1,2,False,DWT,90,239104,60213,3.97097,2.014621,48.549,0.992457,,,,,,3.3163,3.3546,3.6106,3.6456,0.529463,0.36686
CHNCXR_0492_1,Shenzhen,1,1,False,DWT,10,240128,1591,150.928975,0.053005,29.9215,0.791868,,,,,,2.2519,2.3725,1.5708,1.9861,0.071178,0.020003
CHNCXR_0492_1,Shenzhen,1,1,False,DWT,20,240128,3040,78.989474,0.101279,31.6475,0.835441,,,,,,2.5016,2.5784,1.0401,1.6688,0.084472,0.031164
CHNCXR_0492_1,Shenzhen,1,1,False,DWT,30,240128,5067,47.390566,0.16881,33.6111,0.880953,,,,,,2.7056,2.7998,1.1561,1.76,0.105543,0.048473
CHNCXR_0492_1,Shenzhen,1,1,False,DWT,50,240128,11704,20.516746,0.389925,37.8659,0.944096,,,,,,2.9646,3.0719,2.0474,2.4147,0.152986,0.091997
CHNCXR_0492_1,Shenzhen,1,1,False,DWT,70,240128,26949,8.91046,0.897821,42.2741,0.975644,,,,,,3.1344,3.1822,3.1856,3.283,0.260381,0.214106
CHNCXR_0492_1,Shenzhen,1,1,False,DWT,90,240128,65155,3.685488,2.170676,48.3811,0.992736,,,,,,3.208,3.25,3.6088,3.6407,0.506328,0.404163
CHNCXR_0493_1,Shenzhen,1,4,False,DWT,10,225280,1561,144.317745,0.055433,30.6467,0.81218,,,,,,2.24,2.2682,1.0506,1.6468,0.067674,0.019042
CHNCXR_0493_1,Shenzhen,1,4,False,DWT,20,225280,3263,69.04076,0.115874,32.3268,0.848288,,,,,,2.4968,2.5868,0.5988,1.3853,0.088042,0.035244
CHNCXR_0493_1,Shenzhen,1,4,False,DWT,30,225280,4486,50.218457,0.159304,34.2389,0.884719,,,,,,2.6943,2.7656,1.0835,1.7082,0.094968,0.04266
CHNCXR_0493_1,Shenzhen,1,4,False,DWT,50,225280,10091,22.324844,0.358345,38.3219,0.942889,,,,,,2.9138,2.9939,1.9435,2.3342,0.133661,0.077522
CHNCXR_0493_1,Shenzhen,1,4,False,DWT,70,225280,23523,9.57701,0.835334,42.4947,0.973968,,,,,,3.0727,3.1163,3.1485,3.2522,0.218679,0.155831
CHNCXR_0493_1,Shenzhen,1,4,False,DWT,90,225280,58696,3.838081,2.084375,48.2711,0.99192,,,,,,3.1601,3.2005,3.6383,3.6711,0.461401,0.371612
CHNCXR_0494_1,Shenzhen,1,3,False,DWT,10,224768,1474,152.488467,0.052463,30.5402,0.814197,,,,,,2.2375,2.3438,1.5944,2.0271,0.066934,0.0188
CHNCXR_0494_1,Shenzhen,1,3,False,DWT,20,224768,2773,81.055896,0.098697,32.2439,0.85012,,,,,,2.4909,2.5799,0.9779,1.6407,0.077566,0.028872
CHNCXR_0494_1,Shenzhen,1,3,False,DWT,30,224768,4521,49.716434,0.160913,34.0739,0.886687,,,,,,2.7013,2.7873,1.0867,1.7141,0.099813,0.045528
CHNCXR_0494_1,Shenzhen,1,3,False,DWT,50,224768,10274,21.87736,0.365675,38.3668,0.945251,,,,,,2.9455,3.0087,1.9584,2.3515,0.140202,0.082823
CHNCXR_0494_1,Shenzhen,1,3,False,DWT,70,224768,23364,9.620271,0.831577,42.5887,0.975157,,,,,,3.0894,3.1259,3.1052,3.2123,0.219839,0.15297
CHNCXR_0494_1,Shenzhen,1,3,False,DWT,90,224768,58072,3.870506,2.066913,48.3174,0.992141,,,,,,3.1552,3.2023,3.646,3.6802,0.447427,0.375762
CHNCXR_0495_1,Shenzhen,1,1,False,DWT,10,248320,1538,161.456437,0.049549,30.8389,0.822162,,,,,,2.2131,2.3222,1.4642,1.9444,0.06983,0.017698
CHNCXR_0495_1,Shenzhen,1,1,False,DWT,20,248320,2970,83.609428,0.095683,32.6047,0.857843,,,,,,2.4901,2.6254,0.932,1.6146,0.086496,0.031693
CHNCXR_0495_1,Shenzhen,1,1,False,DWT,30,248320,4868,51.010682,0.15683,34.4035,0.892018,,,,,,2.686,2.7913,1.057,1.7029,0.10202,0.047919
CHNCXR_0495_1,Shenzhen,1,1,False,DWT,50,248320,10878,22.827726,0.350451,38.6051,0.946818,,,,,,2.9577,3.0857,1.9132,2.309,0.154328,0.086485
CHNCXR_0495_1,Shenzhen,1,1,False,DWT,70,248320,24674,10.064035,0.79491,42.7518,0.975346,,,,,,3.139,3.2079,3.074,3.1892,0.232711,0.162924
CHNCXR_0495_1,Shenzhen,1,1,False,DWT,90,248320,61815,4.017148,1.991463,48.4357,0.992054,,,,,,3.2174,3.2675,3.6237,3.6576,0.47599,0.38972
CHNCXR_0496_1,Shenzhen,1,1,False,DWT,10,228352,1594,143.257215,0.055844,30.1033,0.82315,,,,,,2.2012,2.2587,1.3211,1.7817,0.068994,0.019689
CHNCXR_0496_1,Shenzhen,1,1,False,DWT,20,228352,2882,79.233865,0.100967,32.0376,0.85385,,,,,,2.4714,2.5399,1.0343,1.6474,0.079915,0.029811
CHNCXR_0496_1,Shenzhen,1,1,False,DWT,30,228352,4381,52.12326,0.153482,34.7784,0.887325,,,,,,2.6518,2.7231,1.3961,1.9342,0.09186,0.041865
CHNCXR_0496_1,Shenzhen,1,1,False,DWT,50,228352,9765,23.384741,0.342103,39.0327,0.944128,,,,,,2.8793,2.9358,2.2587,2.571,0.12726,0.074062
CHNCXR_0496_1,Shenzhen,1,1,False,DWT,70,228352,22207,10.282884,0.777992,43.3892,0.975953,,,,,,3.0177,3.0712,3.0295,3.1621,0.216576,0.143939
CHNCXR_0496_1,Shenzhen,1,1,False,DWT,90,228352,52192,4.37523,1.828475,48.8921,0.992177,,,,,,3.0622,3.1102,3.6405,3.684,0.416092,0.320174
CHNCXR_0497_1,Shenzhen,1,1,False,DWT,10,232448,1692,137.380615,0.058232,29.7251,0.810561,,,,,,2.172,2.2609,1.4678,1.9144,0.070829,0.019712
CHNCXR_0497_1,Shenzhen,1,1,False,DWT,20,232448,3220,72.18882,0.11082,31.6032,0.844439,,,,,,2.418,2.5008,0.9787,1.6316,0.083003,0.032651
CHNCXR_0497_1,Shenzhen,1,1,False,DWT,30,232448,4746,48.977665,0.16334,34.363,0.88368,,,,,,2.5843,2.649,1.4952,2.0051,0.094629,0.041863
CHNCXR_0497_1,Shenzhen,1,1,False,DWT,50,232448,10525,22.085321,0.362232,39.0637,0.944438,,,,,,2.7857,2.8182,2.3734,2.6787,0.135699,0.083332
CHNCXR_0497_1,Shenzhen,1,1,False,DWT,70,232448,23547,9.871661,0.810401,43.3951,0.976497,,,,,,2.8954,2.9461,3.1268,3.256,0.229229,0.155372
CHNCXR_0497_1,Shenzhen,1,1,False,DWT,90,232448,53954,4.308263,1.856897,48.9405,0.992507,,,,,,2.9323,2.968,3.6979,3.7384,0.421334,0.324841
CHNCXR_0498_1,Shenzhen,1,2,False,DWT,10,229376,1610,142.469565,0.056152,30.1141,0.788454,,,,,,2.2669,2.3403,1.2,1.7474,0.066281,0.021242
CHNCXR_0498_1,Shenzhen,1,2,False,DWT,20,229376,3426,66.951547,0.119489,31.8255,0.830387,,,,,,2.5029,2.5668,0.6761,1.4357,0.087123,0.036695
CHNCXR_0498_1,Shenzhen,1,2,False,DWT,30,229376,4770,48.087212,0.166364,33.6751,0.872665,,,,,,2.704,2.7561,1.1667,1.7695,0.094096,0.060719
CHNCXR_0498_1,Shenzhen,1,2,False,DWT,50,229376,10984,20.882739,0.383092,37.7451,0.937678,,,,,,2.9369,2.9931,2.0476,2.4057,0.141589,0.098112
CHNCXR_0498_1,Shenzhen,1,2,False,DWT,70,229376,26179,8.761832,0.913051,42.0585,0.972694,,,,,,3.0621,3.1085,3.217,3.2992,0.24136,0.174011
CHNCXR_0498_1,Shenzhen,1,2,False,DWT,90,229376,64414,3.560965,2.246582,48.1567,0.992066,,,,,,3.1305,3.1727,3.5872,3.6211,0.499456,0.390365
CHNCXR_0499_1,Shenzhen,1,2,False,DWT,10,258560,1634,158.237454,0.050557,30.9118,0.802213,,,,,,2.1795,2.2215,0.9523,1.5741,0.077125,0.021995
CHNCXR_0499_1,Shenzhen,1,2,False,DWT,20,258560,2520,102.603175,0.07797,32.4472,0.837814,,,,,,2.4433,2.5162,1.3841,1.8996,0.088668,0.028178
CHNCXR_0499_1,Shenzhen,1,2,False,DWT,30,258560,5378,48.077352,0.166399,34.2235,0.876609,,,,,,2.6345,2.7361,0.8181,1.522,0.118701,0.059191
CHNCXR_0499_1,Shenzhen,1,2,False,DWT,50,258560,11151,23.187158,0.345019,38.2948,0.936073,,,,,,2.8817,2.9352,1.8756,2.2835,0.165035,0.089993
CHNCXR_0499_1,Shenzhen,1,2,False,DWT,70,258560,26442,9.778383,0.818131,42.1624,0.9689,,,,,,3.0281,3.0764,3.1058,3.2124,0.248089,0.175421
CHNCXR_0499_1,Shenzhen,1,2,False,DWT,90,258560,70250,3.680569,2.173577,47.9783,0.990684,,,,,,3.0675,3.1127,3.6036,3.6364,0.549253,0.469119
CHNCXR_0500_1,Shenzhen,1,3,False,DWT,10,223744,1995,112.152381,0.071332,29.7514,0.789178,,,,,,2.2517,2.3689,0.6928,1.4285,0.082187,0.02387
CHNCXR_0500_1,Shenzhen,1,3,False,DWT,20,223744,2921,76.598425,0.104441,31.5896,0.836015,,,,,,2.4995,2.5877,1.0425,1.6889,0.078538,0.029808
CHNCXR_0500_1,Shenzhen,1,3,False,DWT,30,223744,4888,45.774141,0.174771,33.4792,0.879638,,,,,,2.6901,2.7795,1.1993,1.7935,0.10015,0.055367
CHNCXR_0500_1,Shenzhen,1,3,False,DWT,50,223744,11246,19.895429,0.402102,37.7847,0.944486,,,,,,2.9321,3.0269,2.0786,2.4369,0.142868,0.086019
CHNCXR_0500_1,Shenzhen,1,3,False,DWT,70,223744,25716,8.700576,0.919479,42.1947,0.975767,,,,,,3.0684,3.1241,3.1966,3.2932,0.235545,0.168671
CHNCXR_0500_1,Shenzhen,1,3,False,DWT,90,223744,62229,3.595494,2.225007,48.2823,0.992823,,,,,,3.1407,3.1918,3.6152,3.648,0.47541,0.395407
CHNCXR_0501_1,Shenzhen,1,3,True,DWT,10,217088,1407,154.2914,0.05185,30.42,0.80614,28.7044,31.5745,0.697261,0.857732,False,2.2549,2.2823,1.5747,2.0067,0.061989,0.015942
CHNCXR_0501_1,Shenzhen,1,3,True,DWT,20,217088,3215,67.523484,0.118477,32.0574,0.84188,30.1956,33.3528,0.749342,0.885566,False,2.5052,2.5995,0.6293,1.4009,0.085793,0.034064
CHNCXR_0501_1,Shenzhen,1,3,True,DWT,30,217088,4425,49.059435,0.163068,33.882,0.881108,31.9386,35.2604,0.8149,0.911659,False,2.6803,2.7545,1.1417,1.7391,0.099837,0.041922
CHNCXR_0501_1,Shenzhen,1,3,True,DWT,50,217088,10155,21.37745,0.374226,37.953,0.941821,35.8181,39.5389,0.916198,0.954383,False,2.9121,2.9803,2.0293,2.3896,0.128297,0.075396
CHNCXR_0501_1,Shenzhen,1,3,True,DWT,70,217088,23667,9.172603,0.872162,42.2825,0.97397,40.3384,43.6616,0.968292,0.977157,False,3.0622,3.1228,3.1894,3.289,0.229585,0.1706
CHNCXR_0501_1,Shenzhen,1,3,True,DWT,90,217088,58574,3.706218,2.158535,48.2308,0.992096,47.7098,48.506,0.99415,0.99124,False,3.1252,3.1747,3.6287,3.6609,0.465471,0.359161
CHNCXR_0502_1,Shenzhen,1,0,False,DWT,10,221696,1860,119.191398,0.067119,30.6858,0.809922,,,,,,2.2105,2.3134,0.5692,1.3306,0.078313,0.025919
CHNCXR_0502_1,Shenzhen,1,0,False,DWT,20,221696,2632,84.231003,0.094977,32.4944,0.848592,,,,,,2.4659,2.5486,0.9095,1.572,0.081187,0.029403
CHNCXR_0502_1,Shenzhen,1,0,False,DWT,30,221696,4319,51.330401,0.155853,34.2576,0.886965,,,,,,2.6726,2.7561,1.0185,1.6625,0.09885,0.045431
CHNCXR_0502_1,Shenzhen,1,0,False,DWT,50,221696,9786,22.654404,0.353132,38.4817,0.946143,,,,,,2.9468,3.0477,1.8693,2.2752,0.16555,0.079814
CHNCXR_0502_1,Shenzhen,1,0,False,DWT,70,221696,22194,9.989006,0.80088,42.7496,0.975375,,,,,,3.0926,3.1328,3.0603,3.1816,0.206441,0.145086
CHNCXR_0502_1,Shenzhen,1,0,False,DWT,90,221696,55176,4.017979,1.991051,48.4003,0.991859,,,,,,3.193,3.2457,3.6318,3.6658,0.418695,0.343483
CHNCXR_0503_1,Shenzhen,1,1,True,DWT,10,243712,1773,137.457417,0.0582,29.8311,0.790436,27.7989,31.1539,0.6587,0.84797,False,2.2707,2.3611,1.2423,1.7895,0.075275,0.021324
CHNCXR_0503_1,Shenzhen,1,1,True,DWT,20,243712,3616,67.39823,0.118697,31.6527,0.83966,29.4757,33.1182,0.739155,0.883077,False,2.5066,2.5727,0.7704,1.4959,0.102,0.039672
CHNCXR_0503_1,Shenzhen,1,1,True,DWT,30,243712,5658,43.073878,0.185727,33.5393,0.881816,31.2529,35.119,0.809466,0.912414,False,2.6991,2.7655,0.9791,1.638,0.111443,0.05418
CHNCXR_0503_1,Shenzhen,1,1,True,DWT,50,243712,11965,20.368742,0.392759,37.7722,0.944907,35.2694,39.5966,0.917416,0.95737,False,2.9858,3.0588,2.1108,2.4499,0.152204,0.089952
CHNCXR_0503_1,Shenzhen,1,1,True,DWT,70,243712,27712,8.794457,0.909664,42.3131,0.976326,40.0679,43.8492,0.970607,0.979246,False,3.1324,3.1699,3.2249,3.3109,0.247873,0.185737
CHNCXR_0503_1,Shenzhen,1,1,True,DWT,90,243712,65690,3.710032,2.156316,48.4411,0.992897,47.7335,48.7932,0.994805,0.992177,False,3.2328,3.2655,3.6033,3.6327,0.49172,0.41058
CHNCXR_0504_1,Shenzhen,1,1,True,DWT,10,259072,1437,180.286708,0.044374,31.2129,0.838137,30.7434,31.4011,0.734123,0.877174,False,2.0972,2.1628,1.2861,1.7465,0.077207,0.021323
CHNCXR_0504_1,Shenzhen,1,1,True,DWT,20,259072,2857,90.679734,0.088223,33.0566,0.866445,32.1011,33.4727,0.773206,0.901328,False,2.3687,2.4205,0.7696,1.4813,0.08924,0.032122
CHNCXR_0504_1,Shenzhen,1,1,True,DWT,30,259072,4219,61.40602,0.13028,35.4785,0.900596,33.8252,36.2982,0.831056,0.926602,False,2.5888,2.6574,1.2927,1.8474,0.094449,0.039081
CHNCXR_0504_1,Shenzhen,1,1,True,DWT,50,259072,9567,27.079753,0.295424,39.9413,0.953431,37.7095,41.1873,0.92256,0.965323,False,2.8242,2.8943,2.0314,2.3975,0.134698,0.074037
CHNCXR_0504_1,Shenzhen,1,1,True,DWT,70,259072,21742,11.915739,0.671381,44.2267,0.979625,41.8797,45.5703,0.968923,0.983872,False,2.9614,3.0231,2.8918,3.0462,0.210979,0.151495
CHNCXR_0504_1,Shenzhen,1,1,True,DWT,90,259072,50795,5.100345,1.568521,49.3175,0.992717,48.0643,49.8934,0.992222,0.992999,False,3.0193,3.0694,3.6046,3.6442,0.387863,0.305946
CHNCXR_0505_1,Shenzhen,1,0,False,DWT,10,234496,1304,179.828221,0.044487,30.5962,0.80755,,,,,,2.2147,2.2382,2.0585,2.3364,0.062304,0.016016
CHNCXR_0505_1,Shenzhen,1,0,False,DWT,20,234496,3324,70.54633,0.113401,32.3466,0.844735,,,,,,2.4845,2.5623,0.609,1.3875,0.087487,0.03611
CHNCXR_0505_1,Shenzhen,1,0,False,DWT,30,234496,4596,51.021758,0.156796,34.1926,0.884275,,,,,,2.6989,2.7879,1.0846,1.7093,0.096891,0.042922
CHNCXR_0505_1,Shenzhen,1,0,False,DWT,50,234496,10368,22.617284,0.353712,38.2537,0.942028,,,,,,2.9669,3.0623,1.9294,2.3137,0.142264,0.08591
CHNCXR_0505_1,Shenzhen,1,0,False,DWT,70,234496,24443,9.593585,0.833891,42.4615,0.973706,,,,,,3.128,3.1742,3.1148,3.2207,0.219293,0.159683
CHNCXR_0505_1,Shenzhen,1,0,False,DWT,90,234496,61425,3.817599,2.095558,48.231,0.991835,,,,,,3.1992,3.2399,3.6166,3.649,0.462802,0.370286
CHNCXR_0506_1,Shenzhen,1,1,True,DWT,10,233472,1517,153.903757,0.051981,30.5779,0.8019,28.6329,31.5189,0.692855,0.837334,False,2.2242,2.2517,1.0493,1.641,0.068314,0.017874
CHNCXR_0506_1,Shenzhen,1,1,True,DWT,20,233472,3358,69.527099,0.115063,32.3074,0.842712,30.3504,33.2566,0.756041,0.870451,False,2.4881,2.5631,0.6041,1.3823,0.087167,0.037461
CHNCXR_0506_1,Shenzhen,1,1,True,DWT,30,233472,5093,45.841744,0.174513,34.2392,0.882742,32.0659,35.3403,0.81616,0.903703,False,2.6832,2.7593,0.8563,1.5556,0.103372,0.050156
CHNCXR_0506_1,Shenzhen,1,1,True,DWT,50,233472,10575,22.07773,0.362356,38.2037,0.940651,35.8047,39.4781,0.915415,0.950018,False,2.8946,2.9621,1.9715,2.354,0.140827,0.07919
CHNCXR_0506_1,Shenzhen,1,1,True,DWT,70,233472,24738,9.437788,0.847656,42.3933,0.973268,40.2171,43.4965,0.968425,0.975444,False,3.0445,3.0867,3.1219,3.23,0.230964,0.15964
CHNCXR_0506_1,Shenzhen,1,1,True,DWT,90,233472,61938,3.769447,2.122327,48.2565,0.991864,47.6842,48.4728,0.994236,0.991189,False,3.0875,3.117,3.6174,3.6503,0.461802,0.373076
CHNCXR_0507_1,Shenzhen,1,0,True,DWT,10,217600,1911,113.867085,0.070257,29.6315,0.780195,28.1908,30.6356,0.687293,0.829082,False,2.3057,2.3683,0.8151,1.5243,0.065951,0.020745
CHNCXR_0507_1,Shenzhen,1,0,True,DWT,20,217600,2887,75.372359,0.10614,31.3506,0.824169,29.9543,32.3141,0.752934,0.860486,False,2.5249,2.6263,1.0986,1.7261,0.073563,0.029004
CHNCXR_0507_1,Shenzhen,1,0,True,DWT,30,217600,4850,44.865979,0.178309,33.2442,0.870994,31.7632,34.2857,0.819437,0.896839,False,2.7095,2.7599,1.2889,1.8471,0.095354,0.044533
CHNCXR_0507_1,Shenzhen,1,0,True,DWT,50,217600,11255,19.333629,0.413787,37.4366,0.939013,35.66,38.7749,0.918295,0.950515,False,2.9736,3.0475,2.1629,2.4837,0.136632,0.08152
CHNCXR_0507_1,Shenzhen,1,0,True,DWT,70,217600,26229,8.296161,0.964301,41.9753,0.974466,40.2597,43.2489,0.969463,0.977499,False,3.0968,3.164,3.2508,3.3289,0.228093,0.163254
CHNCXR_0507_1,Shenzhen,1,0,True,DWT,90,217600,62858,3.461771,2.310956,48.206,0.99283,47.7183,48.4856,0.994432,0.992098,False,3.1857,3.2285,3.6231,3.6542,0.459437,0.376663
CHNCXR_0508_1,Shenzhen,1,1,True,DWT,10,260096,1961,132.63437,0.060316,29.6665,0.828266,30.0748,29.5391,0.712472,0.864856,False,2.2291,2.2932,1.1296,1.6764,0.077536,0.025016
CHNCXR_0508_1,Shenzhen,1,1,True,DWT,20,260096,3445,75.499565,0.105961,31.7368,0.864761,31.8213,31.7092,0.767436,0.896461,False,2.475,2.5432,1.0306,1.662,0.088902,0.037377
CHNCXR_0508_1,Shenzhen,1,1,True,DWT,30,260096,5363,48.498229,0.164954,34.9131,0.898267,33.4495,35.5329,0.821039,0.924397,False,2.6497,2.7176,1.2321,1.7981,0.110493,0.051356
CHNCXR_0508_1,Shenzhen,1,1,True,DWT,50,260096,11386,22.843492,0.350209,39.5303,0.950911,37.1771,40.7148,0.91477,0.963628,False,2.871,2.9136,1.9522,2.3312,0.162897,0.088486
CHNCXR_0508_1,Shenzhen,1,1,True,DWT,70,260096,24361,10.676737,0.749293,43.9233,0.978869,41.4511,45.1991,0.966768,0.983259,False,2.9908,3.0401,3.065,3.1933,0.227268,0.158865
CHNCXR_0508_1,Shenzhen,1,1,True,DWT,90,260096,55585,4.679248,1.709676,49.1949,0.992612,48.0129,49.6709,0.992425,0.992791,False,3.0279,3.0687,3.6776,3.7168,0.421418,0.332087
CHNCXR_0509_1,Shenzhen,1,2,True,DWT,10,232960,1463,159.23445,0.05024,29.7662,0.78637,27.9576,31.235,0.670059,0.850015,False,2.2537,2.3586,2.4873,2.6787,0.063863,0.015791
CHNCXR_0509_1,Shenzhen,1,2,True,DWT,20,232960,3052,76.330275,0.104808,31.502,0.831831,29.6142,33.0662,0.740588,0.882157,False,2.497,2.5631,1.1173,1.7323,0.077417,0.030824
CHNCXR_0509_1,Shenzhen,1,2,True,DWT,30,232960,4975,46.826131,0.170845,33.4029,0.876206,31.4006,35.1121,0.810806,0.911654,False,2.6923,2.7492,1.2683,1.8294,0.09694,0.056401
CHNCXR_0509_1,Shenzhen,1,2,True,DWT,50,232960,11710,19.894108,0.402129,37.6662,0.941606,35.4777,39.6313,0.917103,0.955981,False,2.9299,3.0177,2.149,2.4756,0.142579,0.086967
CHNCXR_0509_1,Shenzhen,1,2,True,DWT,70,232960,27080,8.602659,0.929945,42.1515,0.974658,40.2809,43.6945,0.970373,0.977576,False,3.0469,3.0951,3.2366,3.3213,0.239626,0.167499
CHNCXR_0509_1,Shenzhen,1,2,True,DWT,90,232960,65279,3.568682,2.241724,48.2282,0.992543,47.7259,48.5346,0.994541,0.991564,False,3.1321,3.1692,3.6274,3.6563,0.480893,0.398148
CHNCXR_0510_1,Shenzhen,1,2,True,DWT,10,233984,2121,110.317775,0.072518,29.7291,0.786165,28.0782,30.8318,0.672197,0.84131,False,2.2929,2.3763,0.6865,1.4281,0.077815,0.023299
CHNCXR_0510_1,Shenzhen,1,2,True,DWT,20,233984,3130,74.755272,0.107016,31.5507,0.832091,29.9002,32.653,0.747181,0.872539,False,2.5069,2.6077,1.1317,1.7494,0.080705,0.03323
CHNCXR_0510_1,Shenzhen,1,2,True,DWT,30,233984,5098,45.897215,0.174303,33.4492,0.876899,31.8047,34.5461,0.818698,0.903354,False,2.6797,2.7281,1.2469,1.8167,0.100393,0.048201
CHNCXR_0510_1,Shenzhen,1,2,True,DWT,50,233984,11828,19.782212,0.404404,37.7226,0.941609,35.7647,39.1264,0.919583,0.953145,False,2.9291,3.0034,2.1263,2.4545,0.15014,0.087629
CHNCXR_0510_1,Shenzhen,1,2,True,DWT,70,233984,27408,8.537069,0.93709,42.0872,0.974755,40.2828,43.3352,0.970008,0.977432,False,3.045,3.101,3.2595,3.3418,0.241351,0.175809
CHNCXR_0510_1,Shenzhen,1,2,True,DWT,90,233984,66253,3.531674,2.265215,48.2063,0.992694,47.7025,48.4733,0.994387,0.991989,False,3.0933,3.1347,3.623,3.6556,0.486777,0.397427
CHNCXR_0511_1,Shenzhen,1,3,True,DWT,10,260096,1898,137.036881,0.058378,29.4174,0.80416,29.7985,29.2847,0.714873,0.83524,False,2.2164,2.2824,1.3467,1.8183,0.07802,0.024438
CHNCXR_0511_1,Shenzhen,1,3,True,DWT,20,260096,3708,70.144552,0.11405,31.7179,0.84255,31.5453,31.7834,0.770572,0.869538,False,2.459,2.5355,0.921,1.5842,0.092966,0.038447
CHNCXR_0511_1,Shenzhen,1,3,True,DWT,30,260096,5612,46.346401,0.172613,34.4194,0.883983,33.4314,34.8496,0.833799,0.903466,False,2.6523,2.7307,1.2333,1.8058,0.107359,0.051753
CHNCXR_0511_1,Shenzhen,1,3,True,DWT,50,260096,12112,21.47424,0.372539,38.9511,0.944792,37.3841,39.7104,0.925704,0.952452,False,2.8717,2.9167,1.9956,2.3748,0.156277,0.089805
CHNCXR_0511_1,Shenzhen,1,3,True,DWT,70,260096,26462,9.829038,0.813915,43.3629,0.977015,41.6109,44.2433,0.97125,0.979552,False,2.9876,3.0486,3.111,3.2335,0.237096,0.170745
CHNCXR_0511_1,Shenzhen,1,3,True,DWT,90,260096,60498,4.29925,1.86079,49.0019,0.992736,48.1795,49.3498,0.99322,0.992671,False,3.0249,3.0664,3.6747,3.709,0.445162,0.358957
CHNCXR_0512_1,Shenzhen,1,0,True,DWT,10,261632,1743,150.104418,0.053296,30.3359,0.805061,28.1848,31.636,0.675994,0.853313,False,2.2774,2.3588,1.5926,2.0299,0.076089,0.021489
CHNCXR_0512_1,Shenzhen,1,0,True,DWT,20,261632,3837,68.186604,0.117325,32.0907,0.847991,29.9676,33.3659,0.750102,0.884382,False,2.5132,2.6227,0.7701,1.5023,0.100265,0.043952
CHNCXR_0512_1,Shenzhen,1,0,True,DWT,30,261632,5927,44.142399,0.181232,33.9899,0.887272,31.787,35.3367,0.817974,0.91185,False,2.6906,2.7315,0.9498,1.6248,0.118051,0.059442
CHNCXR_0512_1,Shenzhen,1,0,True,DWT,50,261632,12441,21.029821,0.380412,38.1903,0.946121,35.6186,39.9039,0.917787,0.958009,False,2.9118,2.9691,2.0529,2.4131,0.157339,0.094542
CHNCXR_0512_1,Shenzhen,1,0,True,DWT,70,261632,28447,9.197174,0.869832,42.5796,0.976923,40.3016,43.9963,0.970308,0.979863,False,3.0323,3.0772,3.1468,3.2399,0.260056,0.185482
CHNCXR_0512_1,Shenzhen,1,0,True,DWT,90,261632,67821,3.857684,2.073783,48.5272,0.992876,47.7815,48.8687,0.994522,0.992347,False,3.0829,3.125,3.6022,3.6328,0.51279,0.415874
CHNCXR_0513_1,Shenzhen,1,0,True,DWT,10,224256,1667,134.526695,0.059468,30.0877,0.789613,28.8043,31.1776,0.699519,0.847986,False,2.2932,2.3628,1.1767,1.75,0.062644,0.019321
CHNCXR_0513_1,Shenzhen,1,0,True,DWT,20,224256,3448,65.039443,0.123002,31.8799,0.832794,30.5595,33.0115,0.760961,0.87847,False,2.5239,2.6467,0.6651,1.4339,0.085373,0.036679
CHNCXR_0513_1,Shenzhen,1,0,True,DWT,30,224256,4736,47.351351,0.16895,33.7476,0.875826,32.2872,35.0439,0.821697,0.90937,False,2.7132,2.7934,1.1548,1.7591,0.095708,0.04307
CHNCXR_0513_1,Shenzhen,1,0,True,DWT,50,224256,10879,20.613659,0.388092,37.8387,0.940563,36.1099,39.4857,0.918238,0.9555,False,2.9716,3.0304,2.044,2.4124,0.145483,0.081752
CHNCXR_0513_1,Shenzhen,1,0,True,DWT,70,224256,25466,8.806094,0.908462,42.2344,0.974697,40.5363,43.8388,0.96898,0.978769,False,3.112,3.1788,3.1985,3.2897,0.227602,0.1576
CHNCXR_0513_1,Shenzhen,1,0,True,DWT,90,224256,61546,3.643714,2.195562,48.3077,0.992556,47.7709,48.6932,0.993846,0.991844,False,3.1729,3.2422,3.6146,3.6442,0.455136,0.372714
CHNCXR_0514_1,Shenzhen,1,1,True,DWT,10,250880,1631,153.819742,0.052009,30.3438,0.800542,28.595,31.3941,0.705858,0.840765,False,2.2199,2.304,1.5094,1.9593,0.067941,0.02056
CHNCXR_0514_1,Shenzhen,1,1,True,DWT,20,250880,3219,77.937248,0.102647,32.1889,0.845119,30.5362,33.1615,0.775562,0.87389,False,2.4634,2.5365,0.9251,1.6049,0.087591,0.034039
CHNCXR_0514_1,Shenzhen,1,1,True,DWT,30,250880,5598,44.816006,0.178508,34.1456,0.884595,32.3981,35.1949,0.834759,0.904379,False,2.6482,2.731,0.9028,1.5949,0.112797,0.0549
CHNCXR_0514_1,Shenzhen,1,1,True,DWT,50,250880,11399,22.008948,0.363489,38.286,0.941671,36.3115,39.5318,0.924501,0.949427,False,2.8839,2.9587,1.9608,2.3507,0.148708,0.085216
CHNCXR_0514_1,Shenzhen,1,1,True,DWT,70,250880,26203,9.574476,0.835555,42.3453,0.971808,40.7153,43.3,0.970045,0.973098,False,3.0137,3.0563,3.0933,3.2083,0.24316,0.173045
CHNCXR_0514_1,Shenzhen,1,1,True,DWT,90,250880,67654,3.70828,2.157334,48.0761,0.991167,47.7753,48.2132,0.993819,0.990176,False,3.0742,3.1286,3.6287,3.6623,0.507667,0.415937
CHNCXR_0515_1,Shenzhen,1,2,True,DWT,10,218112,1332,163.747748,0.048856,30.3834,0.798343,28.445,31.6012,0.677314,0.850713,False,2.267,2.3333,2.4132,2.6197,0.058066,0.016154
CHNCXR_0515_1,Shenzhen,1,2,True,DWT,20,218112,3212,67.905355,0.117811,32.1402,0.842113,30.1372,33.417,0.749073,0.881633,False,2.4912,2.5672,0.6549,1.4226,0.082969,0.033783
CHNCXR_0515_1,Shenzhen,1,2,True,DWT,30,218112,4903,44.485417,0.179834,33.8975,0.879644,31.9632,35.1117,0.814016,0.906764,False,2.6834,2.7563,0.9096,1.5903,0.097552,0.047121
CHNCXR_0515_1,Shenzhen,1,2,True,DWT,50,218112,10235,21.310405,0.375403,38.1179,0.943091,35.8044,39.7031,0.917321,0.95499,False,2.9376,3.009,2.035,2.3931,0.134,0.079792
CHNCXR_0515_1,Shenzhen,1,2,True,DWT,70,218112,23731,9.191016,0.870415,42.4174,0.974789,40.3162,43.7871,0.969522,0.977553,False,3.0641,3.0977,3.1877,3.2804,0.209873,0.150402
CHNCXR_0515_1,Shenzhen,1,2,True,DWT,90,218112,58054,3.757054,2.129328,48.2641,0.992147,47.7134,48.5271,0.994387,0.991324,False,3.1204,3.1756,3.6316,3.6616,0.428903,0.350353
CHNCXR_0516_1,Shenzhen,1,2,True,DWT,10,230400,1462,157.592339,0.050764,30.8375,0.825057,28.0188,32.0894,0.677319,0.864415,False,2.2206,2.3392,1.3905,1.8682,0.065587,0.017096
CHNCXR_0516_1,Shenzhen,1,2,True,DWT,20,230400,2759,83.508518,0.095799,32.761,0.864534,29.7673,34.1397,0.744853,0.896382,False,2.4897,2.5657,0.9437,1.6114,0.076325,0.026928
CHNCXR_0516_1,Shenzhen,1,2,True,DWT,30,230400,4926,46.772229,0.171042,34.468,0.896453,31.4305,35.8799,0.811483,0.91845,False,2.704,2.7988,0.8029,1.5237,0.102146,0.050816
CHNCXR_0516_1,Shenzhen,1,2,True,DWT,50,230400,9957,23.1395,0.345729,38.524,0.948861,35.2788,40.1014,0.915326,0.958101,False,2.99,3.0943,1.8945,2.2915,0.134595,0.074168
CHNCXR_0516_1,Shenzhen,1,2,True,DWT,70,230400,22771,10.118133,0.79066,42.8633,0.976453,40.0984,44.078,0.97026,0.978505,False,3.1781,3.2155,3.0783,3.1962,0.20995,0.157267
CHNCXR_0516_1,Shenzhen,1,2,True,DWT,90,230400,56203,4.099425,1.951493,48.5331,0.992052,47.8206,48.7507,0.99489,0.991405,False,3.2746,3.3098,3.6237,3.6547,0.429518,0.343963
CHNCXR_0517_1,Shenzhen,1,0,True,DWT,10,238592,1762,135.409762,0.05908,30.2059,0.833721,30.4341,30.1255,0.739212,0.866052,False,2.1985,2.2639,1.417,1.8762,0.068849,0.019039
CHNCXR_0517_1,Shenzhen,1,0,True,DWT,20,238592,3200,74.56,0.107296,31.9156,0.865008,32.1601,31.8297,0.790611,0.890142,False,2.4739,2.54,0.9566,1.6101,0.083679,0.032767
CHNCXR_0517_1,Shenzhen,1,0,True,DWT,30,238592,4769,50.029776,0.159905,34.8239,0.897162,33.7907,35.2723,0.837696,0.918757,False,2.6639,2.7353,1.4558,1.985,0.092193,0.039117
CHNCXR_0517_1,Shenzhen,1,0,True,DWT,50,238592,10143,23.522824,0.340095,39.6619,0.951191,37.7326,40.6544,0.924603,0.961545,False,2.896,2.9526,2.2949,2.617,0.130477,0.076386
CHNCXR_0517_1,Shenzhen,1,0,True,DWT,70,238592,21989,10.850516,0.737292,44.0566,0.978599,41.9293,45.1966,0.96957,0.982308,False,3.0276,3.0891,3.0215,3.1762,0.206028,0.144981
CHNCXR_0517_1,Shenzhen,1,0,True,DWT,90,238592,50196,4.753207,1.683074,49.1458,0.992277,48.0188,49.6432,0.992123,0.992508,False,3.0713,3.1299,3.6988,3.7438,0.38004,0.30464
CHNCXR_0518_1,Shenzhen,1,0,True,DWT,10,231936,1389,166.980562,0.04791,30.5815,0.806991,28.8828,31.9212,0.711358,0.860287,False,2.2733,2.3662,2.5483,2.709,0.065468,0.016355
CHNCXR_0518_1,Shenzhen,1,0,True,DWT,20,231936,2808,82.598291,0.096854,32.2409,0.844566,30.6107,33.5054,0.768039,0.887058,False,2.4963,2.5783,0.9902,1.6477,0.077827,0.029342
CHNCXR_0518_1,Shenzhen,1,0,True,DWT,30,231936,4538,51.10974,0.156526,34.0527,0.881833,32.3434,35.4043,0.824201,0.91291,False,2.6993,2.7997,1.1694,1.7715,0.09992,0.040798
CHNCXR_0518_1,Shenzhen,1,0,True,DWT,50,231936,10628,21.823109,0.366584,38.0895,0.941177,36.0924,39.7886,0.916458,0.955658,False,2.9687,3.0673,2.0125,2.3815,0.139443,0.083692
CHNCXR_0518_1,Shenzhen,1,0,True,DWT,70,231936,24895,9.31657,0.858685,42.3172,0.973453,40.495,43.7991,0.967084,0.977432,False,3.1084,3.1608,3.2042,3.2998,0.228335,0.160719
CHNCXR_0518_1,Shenzhen,1,0,True,DWT,90,231936,61835,3.750885,2.13283,48.3089,0.992256,47.757,48.6481,0.993722,0.991567,False,3.2068,3.2466,3.6183,3.6531,0.444091,0.370181
CHNCXR_0519_1,Shenzhen,1,0,True,DWT,10,231424,1574,147.029225,0.054411,30.6046,0.80802,29.0481,31.5886,0.696088,0.859473,False,2.2329,2.3485,1.0735,1.6543,0.067738,0.028132
CHNCXR_0519_1,Shenzhen,1,0,True,DWT,20,231424,3369,68.692194,0.116462,32.4193,0.845458,30.6983,33.5472,0.755904,0.88618,False,2.4772,2.5581,0.6083,1.3827,0.085703,0.035631
CHNCXR_0519_1,Shenzhen,1,0,True,DWT,30,231424,4559,50.762009,0.157598,34.2403,0.883264,32.348,35.5296,0.815065,0.913734,False,2.6669,2.7273,1.0465,1.6814,0.091918,0.042148
CHNCXR_0519_1,Shenzhen,1,0,True,DWT,50,231424,10372,22.312379,0.358545,38.2755,0.941289,36.1051,39.8553,0.914488,0.95447,False,2.8746,2.9613,1.9171,2.3067,0.132865,0.078976
CHNCXR_0519_1,Shenzhen,1,0,True,DWT,70,231424,24175,9.572865,0.835696,42.4323,0.973346,40.4738,43.7874,0.967034,0.976736,False,3.0071,3.0581,3.1105,3.2211,0.218874,0.152996
CHNCXR_0519_1,Shenzhen,1,0,True,DWT,90,231424,60984,3.794831,2.108131,48.1797,0.991692,47.6861,48.4328,0.993708,0.990878,False,3.0615,3.1128,3.6258,3.6601,0.442717,0.361153
CHNCXR_0520_1,Shenzhen,1,3,True,DWT,10,260608,1824,142.877193,0.055992,30.0609,0.836213,30.6965,29.8511,0.746464,0.865713,False,2.1977,2.2762,1.3302,1.7965,0.078303,0.023991
CHNCXR_0520_1,Shenzhen,1,3,True,DWT,20,260608,3506,74.332002,0.107625,32.3672,0.866183,32.2082,32.4264,0.786881,0.894759,False,2.4424,2.5123,0.8489,1.5365,0.089607,0.03883
CHNCXR_0520_1,Shenzhen,1,3,True,DWT,30,260608,5222,49.905783,0.160302,35.1463,0.899281,33.9636,35.6712,0.839799,0.921468,False,2.6501,2.7191,1.1458,1.7301,0.104815,0.048752
CHNCXR_0520_1,Shenzhen,1,3,True,DWT,50,260608,10992,23.708879,0.337426,39.6845,0.950498,37.7265,40.6925,0.922772,0.961312,False,2.8851,2.9352,1.8525,2.2551,0.146511,0.087304
CHNCXR_0520_1,Shenzhen,1,3,True,DWT,70,260608,23464,11.106717,0.720285,44.0158,0.978391,41.8238,45.2005,0.968356,0.982424,False,2.9925,3.054,2.9844,3.1295,0.217891,0.147076
CHNCXR_0520_1,Shenzhen,1,3,True,DWT,90,260608,54102,4.816975,1.660793,49.2168,0.9924,48.0605,49.7274,0.992188,0.992609,False,3.0529,3.1011,3.6412,3.6839,0.405402,0.320535
CHNCXR_0521_1,Shenzhen,1,2,True,DWT,10,237568,1748,135.908467,0.058863,29.7853,0.788729,28.768,30.4114,0.68066,0.839826,False,2.325,2.3923,1.3458,1.8525,0.066696,0.018886
CHNCXR_0521_1,Shenzhen,1,2,True,DWT,20,237568,3666,64.803055,0.123451,31.4982,0.83601,30.3786,32.2017,0.741506,0.879719,False,2.5475,2.6692,0.734,1.4697,0.08781,0.036963
CHNCXR_0521_1,Shenzhen,1,2,True,DWT,30,237568,5579,42.582542,0.18787,33.6708,0.880113,31.9977,34.8571,0.802256,0.917224,False,2.7368,2.8039,1.0383,1.6656,0.102692,0.050295
CHNCXR_0521_1,Shenzhen,1,2,True,DWT,50,237568,11557,20.5562,0.389177,37.9322,0.941811,35.7131,39.7313,0.907337,0.960025,False,3.0126,3.064,2.152,2.456,0.143681,0.086213
CHNCXR_0521_1,Shenzhen,1,2,True,DWT,70,237568,26465,8.976686,0.891197,42.3925,0.975844,40.2099,44.1452,0.965412,0.981469,False,3.1419,3.1978,3.2537,3.3226,0.232777,0.167764
CHNCXR_0521_1,Shenzhen,1,2,True,DWT,90,237568,62515,3.800176,2.105166,48.6141,0.993296,47.7596,49.1231,0.993823,0.993214,False,3.242,3.2837,3.6174,3.6476,0.450343,0.368422
CHNCXR_0522_1,Shenzhen,1,3,True,DWT,10,233472,1536,152.0,0.052632,30.4998,0.805277,28.0932,31.662,0.661348,0.847723,False,2.2065,2.2862,1.0826,1.6654,0.064616,0.018723
CHNCXR_0522_1,Shenzhen,1,3,True,DWT,20,233472,3346,69.776449,0.114652,32.2557,0.845349,29.8577,33.4117,0.73586,0.876985,False,2.4669,2.5581,0.6165,1.3861,0.08823,0.035311
CHNCXR_0522_1,Shenzhen,1,3,True,DWT,30,233472,5038,46.342199,0.172629,34.0294,0.881483,31.4905,35.2895,0.800369,0.90458,False,2.693,2.7601,0.8733,1.5596,0.103641,0.04908
CHNCXR_0522_1,Shenzhen,1,3,True,DWT,50,233472,10476,22.286369,0.358964,38.1198,0.939873,35.4886,39.4515,0.912812,0.949002,False,2.9772,3.0572,1.9587,2.3306,0.13886,0.080418
CHNCXR_0522_1,Shenzhen,1,3,True,DWT,70,233472,24662,9.466872,0.845052,42.4012,0.971831,40.191,43.4271,0.968706,0.973419,False,3.1151,3.1827,3.1082,3.2194,0.221086,0.162063
CHNCXR_0522_1,Shenzhen,1,3,True,DWT,90,233472,62120,3.758403,2.128564,48.1465,0.99104,47.7033,48.297,0.99433,0.990171,False,3.1942,3.2391,3.6081,3.6376,0.453384,0.364609
CHNCXR_0523_1,Shenzhen,1,3,True,DWT,10,245248,1436,170.785515,0.046842,30.3491,0.794573,28.4522,31.3516,0.667302,0.840981,False,2.2452,2.2729,2.1535,2.3737,0.063825,0.016694
CHNCXR_0523_1,Shenzhen,1,3,True,DWT,20,245248,2978,82.353257,0.097142,32.1111,0.835554,30.1318,33.175,0.737975,0.870238,False,2.4801,2.5596,1.0454,1.658,0.080919,0.029369
CHNCXR_0523_1,Shenzhen,1,3,True,DWT,30,245248,4935,49.695643,0.16098,33.9091,0.875341,31.8363,35.0453,0.804707,0.900146,False,2.642,2.7165,1.1403,1.7381,0.098362,0.047916
CHNCXR_0523_1,Shenzhen,1,3,True,DWT,50,245248,11411,21.492244,0.372227,37.9804,0.936969,35.6935,39.293,0.91228,0.947022,False,2.8694,2.9216,2.0154,2.3688,0.139622,0.082915
CHNCXR_0523_1,Shenzhen,1,3,True,DWT,70,245248,26980,9.089993,0.880089,41.9693,0.970178,40.0777,42.9679,0.967071,0.971905,False,3.0135,3.0662,3.1592,3.254,0.233105,0.171373
CHNCXR_0523_1,Shenzhen,1,3,True,DWT,90,245248,69397,3.533986,2.263733,47.9869,0.991311,47.7086,48.0965,0.994249,0.990344,False,3.0362,3.0972,3.5919,3.6272,0.500974,0.405518
CHNCXR_0524_1,Shenzhen,1,2,True,DWT,10,244224,1645,148.464438,0.053885,30.2086,0.788529,28.2285,31.2598,0.675325,0.82929,False,2.2278,2.259,1.4364,1.9131,0.066058,0.018571
CHNCXR_0524_1,Shenzhen,1,2,True,DWT,20,244224,3576,68.295302,0.117138,31.9513,0.837582,29.9135,33.0462,0.745596,0.870076,False,2.4922,2.5842,0.7435,1.4784,0.088241,0.036521
CHNCXR_0524_1,Shenzhen,1,2,True,DWT,30,244224,5516,44.275562,0.180687,33.794,0.879766,31.6045,35.0086,0.809181,0.904333,False,2.6756,2.7623,0.9296,1.6105,0.10807,0.052573
CHNCXR_0524_1,Shenzhen,1,2,True,DWT,50,244224,11551,21.143104,0.378374,38.0589,0.943428,35.6153,39.4924,0.917223,0.953621,False,2.9476,3.0335,2.0192,2.3821,0.145071,0.085761
CHNCXR_0524_1,Shenzhen,1,2,True,DWT,70,244224,26606,9.179283,0.871528,42.3775,0.974846,40.1902,43.5905,0.969053,0.977549,False,3.1007,3.1364,3.1431,3.2383,0.238214,0.167965
CHNCXR_0524_1,Shenzhen,1,2,True,DWT,90,244224,65273,3.741578,2.138135,48.2936,0.992337,47.7841,48.4995,0.994423,0.991695,False,3.1782,3.2214,3.6075,3.6381,0.470208,0.411226
CHNCXR_0525_1,Shenzhen,1,3,True,DWT,10,229376,1674,137.0227,0.058384,30.1281,0.794113,28.6274,31.1369,0.689429,0.845724,False,2.3021,2.3958,1.2434,1.7774,0.062078,0.019603
CHNCXR_0525_1,Shenzhen,1,3,True,DWT,20,229376,3511,65.330675,0.122454,31.8996,0.836862,30.3733,32.9314,0.752438,0.877507,False,2.5045,2.6155,0.7015,1.449,0.086243,0.035929
CHNCXR_0525_1,Shenzhen,1,3,True,DWT,30,229376,4828,47.509528,0.168387,33.7259,0.875584,32.0125,34.9343,0.812408,0.905615,False,2.6637,2.6979,1.1868,1.7809,0.096605,0.04384
CHNCXR_0525_1,Shenzhen,1,3,True,DWT,50,229376,11150,20.571839,0.388881,37.8897,0.939646,35.8604,39.4332,0.913543,0.953309,False,2.866,2.9167,2.0627,2.4158,0.137447,0.086112
CHNCXR_0525_1,Shenzhen,1,3,True,DWT,70,229376,26094,8.790373,0.910086,42.1974,0.973965,40.3008,43.594,0.967084,0.977796,False,2.9613,3.013,3.2267,3.3041,0.224768,0.165552
CHNCXR_0525_1,Shenzhen,1,3,True,DWT,90,229376,63421,3.61672,2.211949,48.1796,0.992368,47.7139,48.4338,0.993945,0.991681,False,3.0099,3.0712,3.6255,3.6576,0.458662,0.375653
CHNCXR_0526_1,Shenzhen,1,4,True,DWT,10,216064,1441,149.940319,0.053355,30.3673,0.828916,30.8256,30.2373,0.735667,0.853253,False,2.1348,2.1882,1.5448,1.96,0.060541,0.015775
CHNCXR_0526_1,Shenzhen,1,4,True,DWT,20,216064,2759,78.312432,0.102155,32.2385,0.858985,32.4515,32.1758,0.778513,0.880628,False,2.4015,2.4471,0.9757,1.6227,0.072101,0.026352
CHNCXR_0526_1,Shenzhen,1,4,True,DWT,30,216064,4368,49.465201,0.16173,34.913,0.892751,34.0502,35.2127,0.826057,0.911661,False,2.596,2.6541,1.146,1.7397,0.086358,0.039503
CHNCXR_0526_1,Shenzhen,1,4,True,DWT,50,216064,9074,23.811329,0.335975,39.388,0.948067,37.5152,40.164,0.913901,0.958577,False,2.8507,2.9086,2.259,2.5704,0.116611,0.065852
CHNCXR_0526_1,Shenzhen,1,4,True,DWT,70,216064,20502,10.538679,0.759108,43.9117,0.977939,41.5632,44.9779,0.965174,0.982196,False,2.9713,3.0242,3.0616,3.2078,0.191243,0.129632
CHNCXR_0526_1,Shenzhen,1,4,True,DWT,90,216064,46844,4.612416,1.734449,49.2169,0.992599,47.9133,49.7047,0.991768,0.993013,False,3.0397,3.0824,3.719,3.7612,0.348934,0.266869
CHNCXR_0527_1,Shenzhen,1,2,True,DWT,10,246784,1760,140.218182,0.057054,30.1852,0.801953,28.5622,31.2023,0.703406,0.847965,False,2.2395,2.3397,1.1068,1.6979,0.072334,0.019664
CHNCXR_0527_1,Shenzhen,1,2,True,DWT,20,246784,3178,77.65387,0.103021,31.9297,0.842427,30.2245,33.0177,0.764484,0.878131,False,2.4878,2.5802,0.9203,1.6037,0.083891,0.033511
CHNCXR_0527_1,Shenzhen,1,2,True,DWT,30,246784,5056,48.810127,0.1639,33.787,0.882872,32.0299,34.9209,0.824782,0.908788,False,2.6977,2.7976,1.1152,1.7317,0.098335,0.046104
CHNCXR_0527_1,Shenzhen,1,2,True,DWT,50,246784,11638,21.205018,0.377269,38.0768,0.944373,35.9363,39.586,0.921554,0.955655,False,2.9546,3.0587,2.0002,2.3726,0.143628,0.088066
CHNCXR_0527_1,Shenzhen,1,2,True,DWT,70,246784,26780,9.215235,0.868128,42.3536,0.975214,40.3769,43.6944,0.969935,0.97803,False,3.1191,3.1524,3.1355,3.2441,0.23251,0.169426
CHNCXR_0527_1,Shenzhen,1,2,True,DWT,90,246784,65822,3.749263,2.133753,48.2898,0.992371,47.7465,48.5651,0.994173,0.991656,False,3.2221,3.2595,3.6154,3.6467,0.474588,0.384674
CHNCXR_0528_1,Shenzhen,1,2,True,DWT,10,255488,2296,111.275261,0.071894,30.1697,0.795536,28.7835,31.0932,0.697116,0.845013,False,2.2336,2.2616,0.5263,1.3163,0.084214,0.031486
CHNCXR_0528_1,Shenzhen,1,2,True,DWT,20,255488,4347,58.773407,0.136116,32.1455,0.843319,30.6843,33.1353,0.770161,0.879411,False,2.4758,2.5656,0.5091,1.322,0.104983,0.048978
CHNCXR_0528_1,Shenzhen,1,2,True,DWT,30,255488,5706,44.775324,0.17867,33.8713,0.880767,32.4165,34.8553,0.828508,0.905985,False,2.6497,2.7353,0.878,1.5749,0.116346,0.063621
CHNCXR_0528_1,Shenzhen,1,2,True,DWT,50,255488,11832,21.592968,0.370491,38.2685,0.942198,36.5022,39.551,0.923063,0.952593,False,2.877,2.9838,1.9461,2.3455,0.151685,0.089962
CHNCXR_0528_1,Shenzhen,1,2,True,DWT,70,255488,27043,9.447473,0.846787,42.2011,0.972362,40.651,43.2722,0.968125,0.975031,False,3.0273,3.0733,3.0855,3.1937,0.247026,0.174533
CHNCXR_0528_1,Shenzhen,1,2,True,DWT,90,255488,70197,3.639586,2.198052,48.038,0.991779,47.6651,48.241,0.993485,0.991043,False,3.0589,3.1142,3.6219,3.6548,0.518166,0.42468
CHNCXR_0529_1,Shenzhen,1,2,True,DWT,10,252928,1837,137.685357,0.058103,30.0923,0.795901,28.2939,31.3235,0.687513,0.848465,False,2.2777,2.381,1.1689,1.7258,0.070516,0.019903
CHNCXR_0529_1,Shenzhen,1,2,True,DWT,20,252928,2792,90.590258,0.08831,31.8126,0.838901,30.0396,33.0194,0.754155,0.87903,False,2.5234,2.581,1.6876,2.1193,0.075242,0.027052
CHNCXR_0529_1,Shenzhen,1,2,True,DWT,30,252928,5278,47.921182,0.166941,33.6682,0.880102,31.9164,34.855,0.818739,0.908372,False,2.7139,2.7865,1.196,1.7884,0.10163,0.047014
CHNCXR_0529_1,Shenzhen,1,2,True,DWT,50,252928,12242,20.660676,0.387209,37.962,0.94269,35.8834,39.4827,0.918419,0.954927,False,2.9609,3.0611,2.1007,2.4379,0.14891,0.090542
CHNCXR_0529_1,Shenzhen,1,2,True,DWT,70,252928,28088,9.004842,0.888411,42.2092,0.97424,40.413,43.4385,0.968808,0.977181,False,3.127,3.1659,3.1938,3.2818,0.243669,0.17441
CHNCXR_0529_1,Shenzhen,1,2,True,DWT,90,252928,69375,3.645809,2.1943,48.2655,0.99247,47.7289,48.5495,0.994072,0.991788,False,3.1924,3.2468,3.6087,3.6448,0.506412,0.405943
CHNCXR_0530_1,Shenzhen,1,2,True,DWT,10,256512,1550,165.491613,0.048341,30.732,0.807201,28.654,31.603,0.680163,0.843141,False,2.1953,2.2539,1.4552,1.9063,0.072122,0.020942
CHNCXR_0530_1,Shenzhen,1,2,True,DWT,20,256512,2990,85.789967,0.093251,32.4332,0.844467,30.2003,33.3973,0.74001,0.873802,False,2.4585,2.5617,0.9246,1.5879,0.088293,0.033642
CHNCXR_0530_1,Shenzhen,1,2,True,DWT,30,256512,4935,51.978116,0.153911,34.158,0.879425,31.8883,35.1451,0.805601,0.899812,False,2.6395,2.7353,1.0309,1.6792,0.105451,0.051165
CHNCXR_0530_1,Shenzhen,1,2,True,DWT,50,256512,11374,22.552488,0.354728,38.2746,0.939052,35.7551,39.4259,0.911171,0.948094,False,2.8829,2.983,1.9088,2.308,0.152726,0.087385
CHNCXR_0530_1,Shenzhen,1,2,True,DWT,70,256512,26682,9.613672,0.832148,42.2679,0.971358,40.153,43.1606,0.966714,0.973294,False,3.0532,3.081,3.1142,3.2228,0.244784,0.188132
CHNCXR_0530_1,Shenzhen,1,2,True,DWT,90,256512,69019,3.716542,2.152539,48.1255,0.991324,47.7296,48.25,0.994107,0.990654,False,3.0955,3.1458,3.6049,3.641,0.513347,0.421785
CHNCXR_0531_1,Shenzhen,1,1,True,DWT,10,260608,1733,150.379688,0.053199,30.2991,0.803936,28.8782,31.2613,0.706507,0.853546,False,2.2796,2.3704,1.5269,1.9689,0.079507,0.021441
CHNCXR_0531_1,Shenzhen,1,1,True,DWT,20,260608,3375,77.217185,0.103604,32.1359,0.845274,30.6479,33.1587,0.768519,0.883555,False,2.5053,2.6404,0.9531,1.6204,0.089348,0.034558
CHNCXR_0531_1,Shenzhen,1,1,True,DWT,30,260608,5826,44.731892,0.178843,33.978,0.883956,32.4919,34.9989,0.828356,0.911017,False,2.6953,2.7685,0.9241,1.6047,0.116355,0.057614
CHNCXR_0531_1,Shenzhen,1,1,True,DWT,50,260608,12075,21.582443,0.370672,38.1559,0.941861,36.2683,39.5797,0.918578,0.954471,False,2.9408,3.0285,2.0068,2.3791,0.149451,0.096234
CHNCXR_0531_1,Shenzhen,1,1,True,DWT,70,260608,27825,9.365966,0.854156,42.2491,0.973158,40.5407,43.4839,0.967482,0.976402,False,3.078,3.1427,3.1597,3.2534,0.24367,0.176028
CHNCXR_0531_1,Shenzhen,1,1,True,DWT,90,260608,70646,3.688928,2.168652,48.1818,0.992025,47.739,48.4281,0.993683,0.991289,False,3.1281,3.1829,3.6302,3.6642,0.548078,0.417489
CHNCXR_0532_1,Shenzhen,1,2,True,DWT,10,245248,1567,156.507977,0.051116,30.5154,0.804396,28.7803,31.4784,0.69293,0.847891,False,2.1877,2.2451,1.3818,1.858,0.070548,0.018661
CHNCXR_0532_1,Shenzhen,1,2,True,DWT,20,245248,3060,80.146405,0.099817,32.2776,0.844077,30.5122,33.2636,0.757173,0.876892,False,2.4433,2.5433,0.8902,1.5697,0.082234,0.033044
CHNCXR_0532_1,Shenzhen,1,2,True,DWT,30,245248,5396,45.449963,0.176018,34.1641,0.881208,32.2292,35.2841,0.818772,0.906151,False,2.5844,2.6683,0.8708,1.5713,0.107368,0.049769
CHNCXR_0532_1,Shenzhen,1,2,True,DWT,50,245248,11183,21.93043,0.36479,38.299,0.940349,36.2038,39.5548,0.918438,0.949967,False,2.8147,2.9036,1.9446,2.3331,0.142688,0.08883
CHNCXR_0532_1,Shenzhen,1,2,True,DWT,70,245248,25881,9.475986,0.844239,42.2316,0.971312,40.4488,43.231,0.967797,0.973301,False,2.9266,2.9763,3.1007,3.2028,0.235691,0.172646
CHNCXR_0532_1,Shenzhen,1,2,True,DWT,90,245248,66768,3.673137,2.177975,48.0403,0.991263,47.7034,48.1845,0.993745,0.990421,False,2.952,2.9992,3.5939,3.6293,0.480629,0.400042
CHNCXR_0533_1,Shenzhen,1,1,True,DWT,10,202752,1267,160.025257,0.049992,30.6084,0.811437,28.258,32.053,0.660848,0.865831,False,2.2289,2.3094,1.381,1.8464,0.055066,0.016855
CHNCXR_0533_1,Shenzhen,1,1,True,DWT,20,202752,2472,82.019417,0.097538,32.4632,0.854475,29.9981,34.0191,0.740101,0.89566,False,2.4741,2.5546,1.0026,1.6453,0.068046,0.026737
CHNCXR_0533_1,Shenzhen,1,1,True,DWT,30,202752,4376,46.332724,0.172664,34.1961,0.887248,31.7183,35.7646,0.803619,0.916487,False,2.6694,2.7395,0.8431,1.5501,0.087934,0.041079
CHNCXR_0533_1,Shenzhen,1,1,True,DWT,50,202752,9043,22.420878,0.35681,38.4307,0.945106,35.6667,40.3058,0.914602,0.957558,False,2.8847,2.9511,1.9419,2.3346,0.118564,0.07029
CHNCXR_0533_1,Shenzhen,1,1,True,DWT,70,202752,20774,9.759892,0.819681,42.6021,0.974621,40.161,44.1342,0.968302,0.977497,False,2.9979,3.0316,3.0592,3.1768,0.193519,0.14045
CHNCXR_0533_1,Shenzhen,1,1,True,DWT,90,202752,51732,3.919276,2.041193,48.3907,0.991763,47.7357,48.6787,0.994308,0.990922,False,3.0329,3.0757,3.5809,3.6131,0.407051,0.31383
CHNCXR_0534_1,Shenzhen,1,0,True,DWT,10,247296,1621,152.55768,0.052439,30.1894,0.800661,28.6507,31.0841,0.691447,0.846484,False,2.2359,2.3405,1.4859,1.9468,0.073476,0.019383
CHNCXR_0534_1,Shenzhen,1,0,True,DWT,20,247296,3031,81.588915,0.098053,31.9556,0.841507,30.255,32.9786,0.751451,0.879175,False,2.4731,2.5651,0.9868,1.6462,0.085393,0.03073
CHNCXR_0534_1,Shenzhen,1,0,True,DWT,30,247296,5446,45.40874,0.176178,33.8663,0.881692,32.0168,35.0154,0.815438,0.908786,False,2.6556,2.7175,0.9503,1.6233,0.112396,0.052096
CHNCXR_0534_1,Shenzhen,1,0,True,DWT,50,247296,11671,21.18893,0.377556,38.1272,0.942901,35.899,39.6363,0.915598,0.955685,False,2.8955,2.9675,2.0325,2.4026,0.151427,0.089045
CHNCXR_0534_1,Shenzhen,1,0,True,DWT,70,247296,26930,9.182919,0.871183,42.3694,0.974333,40.4608,43.5708,0.968289,0.977484,False,2.9773,3.0222,3.1711,3.2728,0.255753,0.169705
CHNCXR_0534_1,Shenzhen,1,0,True,DWT,90,247296,66832,3.700263,2.162008,48.2103,0.992116,47.6844,48.4622,0.993908,0.99149,False,3.0429,3.0778,3.6549,3.6889,0.482142,0.388306
CHNCXR_0535_1,Shenzhen,1,1,True,DWT,10,241664,1554,155.51094,0.051443,30.6141,0.820965,28.5608,31.6903,0.694352,0.865907,False,2.254,2.3391,1.5109,1.953,0.070341,0.020071
CHNCXR_0535_1,Shenzhen,1,1,True,DWT,20,241664,3532,68.421291,0.116923,32.411,0.858784,30.3641,33.4824,0.75924,0.893573,False,2.4933,2.5768,0.6103,1.3971,0.087076,0.038584
CHNCXR_0535_1,Shenzhen,1,1,True,DWT,30,241664,4798,50.367653,0.158832,34.3609,0.894322,32.0587,35.6326,0.8176,0.920761,False,2.6817,2.7516,1.1011,1.716,0.097966,0.044274
CHNCXR_0535_1,Shenzhen,1,1,True,DWT,50,241664,10769,22.440709,0.356495,38.7129,0.950427,36.1135,40.2469,0.920015,0.961648,False,2.9288,3.0139,1.9508,2.3349,0.136892,0.08018
CHNCXR_0535_1,Shenzhen,1,1,True,DWT,70,241664,24027,10.058018,0.795385,43.132,0.977999,40.6202,44.5851,0.969607,0.981364,False,3.0473,3.0907,3.1044,3.2233,0.212792,0.142803
CHNCXR_0535_1,Shenzhen,1,1,True,DWT,90,241664,57111,4.231479,1.890592,48.6952,0.992441,47.8241,49.0604,0.993996,0.991986,False,3.1232,3.1708,3.6538,3.6886,0.410504,0.327627
CHNCXR_0536_1,Shenzhen,1,0,True,DWT,10,247808,1561,158.74952,0.050394,29.7382,0.783259,28.1455,30.7747,0.67478,0.83351,False,2.2327,2.2849,2.262,2.4981,0.06326,0.016435
CHNCXR_0536_1,Shenzhen,1,0,True,DWT,20,247808,2866,86.464759,0.092523,31.5961,0.831462,29.9466,32.6832,0.750324,0.868553,False,2.4769,2.577,1.6342,2.0948,0.074821,0.026695
CHNCXR_0536_1,Shenzhen,1,0,True,DWT,30,247808,5276,46.968916,0.170325,33.4138,0.874149,31.724,34.5375,0.817568,0.898968,False,2.663,2.7413,1.1742,1.7821,0.100169,0.046256
CHNCXR_0536_1,Shenzhen,1,0,True,DWT,50,247808,12375,20.024889,0.399503,37.7628,0.939903,35.774,39.1797,0.91996,0.950231,False,2.8691,2.9722,2.0775,2.4269,0.146754,0.103685
CHNCXR_0536_1,Shenzhen,1,0,True,DWT,70,247808,28605,8.663101,0.923457,41.9486,0.972581,40.2144,43.1133,0.969201,0.974691,False,2.9841,3.05,3.2019,3.2952,0.241631,0.17517
CHNCXR_0536_1,Shenzhen,1,0,True,DWT,90,247808,71619,3.460087,2.31208,48.0489,0.992066,47.7243,48.2136,0.994369,0.991085,False,3.0428,3.1024,3.6107,3.6448,0.50017,0.423191
CHNCXR_0537_1,Shenzhen,1,0,True,DWT,10,240640,1528,157.486911,0.050798,30.1301,0.800566,28.3575,31.3457,0.677646,0.86039,False,2.2795,2.3709,2.3667,2.5767,0.067948,0.016781
CHNCXR_0537_1,Shenzhen,1,0,True,DWT,20,240640,3654,65.856596,0.121476,31.8553,0.84063,30.052,33.1006,0.745138,0.886673,False,2.5187,2.6332,0.6834,1.4415,0.087578,0.036537
CHNCXR_0537_1,Shenzhen,1,0,True,DWT,30,240640,5033,47.812438,0.16732,33.7817,0.880723,31.8734,35.1321,0.810569,0.913583,False,2.6963,2.7557,1.1735,1.7759,0.097048,0.042214
CHNCXR_0537_1,Shenzhen,1,0,True,DWT,50,240640,11465,20.989097,0.38115,37.892,0.941906,35.7674,39.476,0.915573,0.955129,False,2.9223,2.9935,2.03,2.4064,0.139491,0.083581
CHNCXR_0537_1,Shenzhen,1,0,True,DWT,70,240640,26611,9.042877,0.884674,42.2262,0.974136,40.2752,43.6209,0.968324,0.977263,False,3.0594,3.1152,3.1693,3.2683,0.22936,0.161923
CHNCXR_0537_1,Shenzhen,1,0,True,DWT,90,240640,65291,3.685653,2.170578,48.2449,0.992165,47.7314,48.5173,0.994243,0.991255,False,3.1218,3.1691,3.6142,3.6452,0.466213,0.382762
CHNCXR_0538_1,Shenzhen,1,0,True,DWT,10,223744,1467,152.518064,0.052453,29.7634,0.780886,28.4346,30.7469,0.677448,0.840242,False,2.3062,2.4028,2.5524,2.7351,0.06908,0.016697
CHNCXR_0538_1,Shenzhen,1,0,True,DWT,20,223744,2981,75.056692,0.106586,31.6191,0.829404,30.2315,32.6601,0.746221,0.876674,False,2.5187,2.6276,1.1063,1.7311,0.075358,0.02811
CHNCXR_0538_1,Shenzhen,1,0,True,DWT,30,223744,5230,42.78088,0.186999,33.4663,0.87241,31.8506,34.7457,0.807041,0.908793,False,2.6862,2.75,1.0249,1.6721,0.0993,0.048149
CHNCXR_0538_1,Shenzhen,1,0,True,DWT,50,223744,11307,19.788096,0.404283,37.526,0.938072,35.5663,39.2191,0.909778,0.955084,False,2.9196,2.9783,2.0963,2.4528,0.13383,0.081547
CHNCXR_0538_1,Shenzhen,1,0,True,DWT,70,223744,26600,8.411429,0.951087,41.9621,0.973805,40.1294,43.494,0.966861,0.978152,False,3.0518,3.1207,3.2635,3.3502,0.222786,0.160207
CHNCXR_0538_1,Shenzhen,1,0,True,DWT,90,223744,64079,3.49169,2.291154,48.2022,0.992709,47.7694,48.4677,0.994184,0.991982,False,3.1099,3.1606,3.6035,3.6335,0.454109,0.377855
CHNCXR_0539_1,Shenzhen,1,3,True,DWT,10,227328,1569,144.887189,0.055215,29.8399,0.7835,28.3611,30.8294,0.665083,0.843243,False,2.285,2.3845,1.7409,2.1219,0.061592,0.018333
CHNCXR_0539_1,Shenzhen,1,3,True,DWT,20,227328,3540,64.216949,0.124578,31.6463,0.830178,29.9879,32.8015,0.733622,0.878729,False,2.5072,2.5712,0.7326,1.4662,0.083443,0.034673
CHNCXR_0539_1,Shenzhen,1,3,True,DWT,30,227328,4844,46.92981,0.170467,33.4037,0.870858,31.5939,34.7094,0.797861,0.906788,False,2.6951,2.7648,1.2179,1.7981,0.092557,0.042166
CHNCXR_0539_1,Shenzhen,1,3,True,DWT,50,227328,11353,20.023606,0.399528,37.6054,0.938716,35.542,39.1886,0.910343,0.953561,False,2.9583,3.033,2.1186,2.4557,0.138267,0.080898
CHNCXR_0539_1,Shenzhen,1,3,True,DWT,70,227328,26591,8.549058,0.935776,41.9974,0.973483,40.102,43.393,0.966769,0.977274,False,3.0527,3.0946,3.2643,3.343,0.222504,0.160299
CHNCXR_0539_1,Shenzhen,1,3,True,DWT,90,227328,64215,3.540107,2.259818,48.204,0.99249,47.7385,48.4581,0.994183,0.991748,False,3.1317,3.1753,3.6109,3.642,0.454015,0.36442
CHNCXR_0540_1,Shenzhen,1,3,True,DWT,10,226304,1523,148.590939,0.053839,30.7546,0.807615,29.0303,31.6252,0.685322,0.854137,False,2.2345,2.2786,0.9901,1.6138,0.062116,0.018064
CHNCXR_0540_1,Shenzhen,1,3,True,DWT,20,226304,3208,70.543641,0.113405,32.5515,0.84732,30.6766,33.5271,0.74551,0.885347,False,2.4957,2.5842,0.6056,1.3794,0.08308,0.034196
CHNCXR_0540_1,Shenzhen,1,3,True,DWT,30,226304,4397,51.467819,0.155437,34.2852,0.883344,32.3377,35.3138,0.807492,0.911006,False,2.6594,2.7604,1.0509,1.6891,0.089357,0.039325
CHNCXR_0540_1,Shenzhen,1,3,True,DWT,50,226304,10014,22.598762,0.354002,38.3203,0.940504,36.086,39.5739,0.910841,0.952453,False,2.9187,2.9688,1.9352,2.323,0.130203,0.075305
CHNCXR_0540_1,Shenzhen,1,3,True,DWT,70,226304,23163,9.770064,0.818828,42.3803,0.972254,40.3805,43.448,0.965163,0.975396,False,3.0987,3.1458,3.1056,3.2088,0.19989,0.140949
CHNCXR_0540_1,Shenzhen,1,3,True,DWT,90,226304,59369,3.811821,2.098734,48.2191,0.991613,47.6977,48.4306,0.993406,0.991085,False,3.145,3.1962,3.6157,3.6499,0.417757,0.346817
CHNCXR_0541_1,Shenzhen,1,4,True,DWT,10,233984,1612,145.151365,0.055115,30.0561,0.79454,28.6255,31.0074,0.697888,0.842746,False,2.2817,2.3729,1.6625,2.0831,0.061889,0.01721
CHNCXR_0541_1,Shenzhen,1,4,True,DWT,20,233984,3449,67.841113,0.117923,31.8111,0.839403,30.4728,32.6834,0.7671,0.874714,False,2.5003,2.5648,0.7146,1.4661,0.084364,0.034039
CHNCXR_0541_1,Shenzhen,1,4,True,DWT,30,233984,5270,44.399241,0.180183,33.6759,0.878779,32.2076,34.6603,0.823517,0.905088,False,2.6908,2.7483,0.9939,1.6479,0.100166,0.048536
CHNCXR_0541_1,Shenzhen,1,4,True,DWT,50,233984,11215,20.863486,0.383445,37.8806,0.94092,36.0336,39.2311,0.917786,0.953189,False,2.9182,2.9874,2.0549,2.4075,0.134722,0.079104
CHNCXR_0541_1,Shenzhen,1,4,True,DWT,70,233984,26199,8.931028,0.895754,42.1509,0.973737,40.419,43.3833,0.968335,0.976808,False,3.0319,3.0892,3.1974,3.2921,0.225315,0.158696
CHNCXR_0541_1,Shenzhen,1,4,True,DWT,90,233984,64978,3.600973,2.221622,48.1822,0.992335,47.7068,48.4432,0.993986,0.99161,False,3.1081,3.1448,3.622,3.6555,0.463977,0.389261
CHNCXR_0542_1,Shenzhen,1,4,True,DWT,10,258560,1697,152.362994,0.052506,29.6252,0.80913,30.4038,29.2717,0.73739,0.844269,False,2.1748,2.2477,1.4359,1.8932,0.069158,0.020148
CHNCXR_0542_1,Shenzhen,1,4,True,DWT,20,258560,3365,76.838039,0.104115,31.5439,0.848492,32.1759,31.2502,0.786837,0.880315,False,2.412,2.4869,1.0335,1.6453,0.088515,0.034461
CHNCXR_0542_1,Shenzhen,1,4,True,DWT,30,258560,5133,50.372102,0.158818,34.4605,0.886151,33.8597,34.8069,0.835943,0.912345,False,2.6111,2.6659,1.4751,1.974,0.100611,0.045489
CHNCXR_0542_1,Shenzhen,1,4,True,DWT,50,258560,11521,22.442496,0.356467,39.0464,0.944159,37.5807,40.0559,0.919739,0.957922,False,2.8814,2.9282,2.3035,2.5997,0.141979,0.082057
CHNCXR_0542_1,Shenzhen,1,4,True,DWT,70,258560,25857,9.999613,0.800031,43.2825,0.97528,41.6534,44.4468,0.966756,0.980288,False,2.9789,3.0185,3.0798,3.2069,0.231082,0.160582
CHNCXR_0542_1,Shenzhen,1,4,True,DWT,90,258560,61464,4.20669,1.901733,48.6177,0.991766,47.8933,49.0454,0.99175,0.991955,False,3.0535,3.1096,3.707,3.7458,0.4492,0.349716
CHNCXR_0543_1,Shenzhen,1,4,True,DWT,10,258560,1844,140.21692,0.057054,29.8349,0.816358,30.4224,29.612,0.720556,0.852814,False,2.2321,2.284,1.5612,1.9557,0.070984,0.020724
CHNCXR_0543_1,Shenzhen,1,4,True,DWT,20,258560,3577,72.284037,0.110675,31.8016,0.851183,31.8913,31.7649,0.76409,0.884845,False,2.4698,2.5201,0.9647,1.6081,0.090982,0.037591
CHNCXR_0543_1,Shenzhen,1,4,True,DWT,30,258560,5402,47.863754,0.167141,34.4921,0.88792,33.5752,34.9394,0.820531,0.914911,False,2.6632,2.7176,1.3179,1.8658,0.101825,0.047534
CHNCXR_0543_1,Shenzhen,1,4,True,DWT,50,258560,11440,22.601399,0.35396,39.2235,0.947091,37.3387,40.3375,0.915477,0.960589,False,2.9045,2.9568,2.3462,2.6341,0.137629,0.080411
CHNCXR_0543_1,Shenzhen,1,4,True,DWT,70,258560,25189,10.264798,0.779363,43.6722,0.977384,41.5331,45.0094,0.966606,0.982393,False,3.0153,3.0741,3.0696,3.1977,0.219371,0.155011
CHNCXR_0543_1,Shenzhen,1,4,True,DWT,90,258560,57462,4.499669,1.777908,49.0274,0.992392,47.9096,49.5936,0.992073,0.992746,False,3.0843,3.1258,3.6856,3.7254,0.40585,0.3172
CHNCXR_0544_1,Shenzhen,1,2,True,DWT,10,239104,1661,143.951836,0.055574,30.3006,0.828906,29.5399,30.4896,0.683387,0.85995,False,2.1156,2.2255,1.1362,1.6448,0.066534,0.020337
CHNCXR_0544_1,Shenzhen,1,2,True,DWT,20,239104,2963,80.696591,0.099137,32.8593,0.864035,30.9759,33.4184,0.739919,0.891594,False,2.3991,2.4436,0.955,1.5716,0.07812,0.030039
CHNCXR_0544_1,Shenzhen,1,2,True,DWT,30,239104,4484,53.323818,0.150027,35.3799,0.896502,32.6858,36.3017,0.807028,0.916828,False,2.6214,2.7034,1.1937,1.7898,0.090168,0.040562
CHNCXR_0544_1,Shenzhen,1,2,True,DWT,50,239104,9582,24.953454,0.320597,39.9248,0.953209,36.6497,41.1767,0.916148,0.9619,False,2.9438,3.0163,2.0986,2.4691,0.119591,0.068565
CHNCXR_0544_1,Shenzhen,1,2,True,DWT,70,239104,20826,11.481033,0.696801,44.2003,0.980401,40.8795,45.4814,0.967821,0.983486,False,3.117,3.1618,2.8935,3.0672,0.18836,0.128917
CHNCXR_0544_1,Shenzhen,1,2,True,DWT,90,239104,47493,5.03451,1.589032,49.5785,0.993289,47.8794,50.0676,0.993389,0.993389,False,3.2048,3.25,3.6235,3.6762,0.347672,0.275326
CHNCXR_0545_1,Shenzhen,1,4,True,DWT,10,233472,1615,144.564706,0.055339,30.4134,0.838437,30.4518,30.4016,0.716407,0.873235,False,2.1463,2.229,1.1956,1.6968,0.060925,0.017573
CHNCXR_0545_1,Shenzhen,1,4,True,DWT,20,233472,3332,70.069628,0.114172,32.1149,0.865563,31.7341,32.2399,0.756615,0.896677,False,2.4359,2.4924,0.696,1.4194,0.082536,0.035167
CHNCXR_0545_1,Shenzhen,1,4,True,DWT,30,233472,4642,50.295562,0.15906,35.1639,0.899299,33.355,35.9209,0.812046,0.925433,False,2.6249,2.6936,1.1752,1.7492,0.093373,0.046149
CHNCXR_0545_1,Shenzhen,1,4,True,DWT,50,233472,9502,24.570827,0.325589,39.6593,0.951064,37.1136,40.8901,0.91242,0.963495,False,2.891,2.9562,2.2464,2.5462,0.120595,0.065106
CHNCXR_0545_1,Shenzhen,1,4,True,DWT,70,233472,20968,11.134681,0.718476,44.1319,0.979557,41.3181,45.5719,0.96562,0.984254,False,3.064,3.1263,2.9923,3.1401,0.190285,0.124952
CHNCXR_0545_1,Shenzhen,1,4,True,DWT,90,233472,47350,4.930771,1.622464,49.5831,0.993217,47.9295,50.2557,0.992386,0.993624,False,3.1072,3.1675,3.6479,3.6971,0.346877,0.268287
CHNCXR_0546_1,Shenzhen,1,0,True,DWT,10,241152,2099,114.888995,0.069632,30.1093,0.812085,27.8814,31.1871,0.684002,0.853026,False,2.2621,2.3685,0.663,1.4068,0.074472,0.027853
CHNCXR_0546_1,Shenzhen,1,0,True,DWT,20,241152,3026,79.693325,0.100385,31.9566,0.851566,29.6096,33.12,0.748347,0.883971,False,2.5029,2.5858,1.0074,1.6552,0.080908,0.030566
CHNCXR_0546_1,Shenzhen,1,0,True,DWT,30,241152,4998,48.2497,0.165804,33.9208,0.892058,31.4579,35.1714,0.820561,0.913852,False,2.6967,2.7876,1.1424,1.7479,0.097478,0.044547
CHNCXR_0546_1,Shenzhen,1,0,True,DWT,50,241152,11326,21.291895,0.37573,38.237,0.948795,35.4991,39.7122,0.922335,0.957907,False,2.9649,3.0613,1.9973,2.3698,0.139722,0.082582
CHNCXR_0546_1,Shenzhen,1,0,True,DWT,70,241152,25735,9.370585,0.853735,42.59,0.977059,40.2298,43.7632,0.971496,0.979196,False,3.1297,3.1732,3.1313,3.2359,0.22199,0.161211
CHNCXR_0546_1,Shenzhen,1,0,True,DWT,90,241152,62073,3.884974,2.059216,48.4894,0.992752,47.7661,48.7555,0.994765,0.992202,False,3.241,3.2917,3.6275,3.6599,0.452258,0.358171
CHNCXR_0547_1,Shenzhen,1,3,True,DWT,10,242176,1473,164.410048,0.048659,30.3337,0.806944,28.5404,31.3636,0.688117,0.855131,False,2.2748,2.3587,2.5154,2.6729,0.064063,0.016606
CHNCXR_0547_1,Shenzhen,1,3,True,DWT,20,242176,3034,79.820699,0.100225,32.1626,0.847712,30.1754,33.3522,0.749773,0.886952,False,2.5166,2.6405,1.0405,1.676,0.075995,0.030383
CHNCXR_0547_1,Shenzhen,1,3,True,DWT,30,242176,4864,49.789474,0.160677,33.9545,0.88685,31.9525,35.1567,0.815584,0.914374,False,2.7044,2.7712,1.2259,1.8116,0.095338,0.0434
CHNCXR_0547_1,Shenzhen,1,3,True,DWT,50,242176,11221,21.58239,0.370673,38.2678,0.945793,35.822,39.8937,0.915234,0.959207,False,2.9649,3.0556,1.9972,2.3689,0.134657,0.081034
CHNCXR_0547_1,Shenzhen,1,3,True,DWT,70,242176,25742,9.407816,0.850357,42.5361,0.975787,40.326,43.9264,0.967844,0.979461,False,3.1234,3.1895,3.1705,3.2669,0.224659,0.160343
CHNCXR_0547_1,Shenzhen,1,3,True,DWT,90,242176,62747,3.859563,2.072774,48.3866,0.992526,47.7284,48.6905,0.994085,0.992009,False,3.2026,3.241,3.6396,3.6731,0.441224,0.356713
CHNCXR_0548_1,Shenzhen,1,3,True,DWT,10,257536,1492,172.61126,0.046347,31.1099,0.847298,30.1243,31.3912,0.706564,0.880854,False,2.0958,2.1667,1.0995,1.6465,0.069534,0.019915
CHNCXR_0548_1,Shenzhen,1,3,True,DWT,20,257536,2852,90.30014,0.088593,33.1488,0.874503,31.5416,33.6563,0.751555,0.904036,False,2.3785,2.4398,0.7941,1.4889,0.081374,0.030953
CHNCXR_0548_1,Shenzhen,1,3,True,DWT,30,257536,4086,63.028879,0.126926,35.6888,0.905981,33.1812,36.6168,0.808482,0.929775,False,2.5974,2.6543,1.3119,1.8643,0.089991,0.036998
CHNCXR_0548_1,Shenzhen,1,3,True,DWT,50,257536,9274,27.769679,0.288084,40.0024,0.954778,36.8737,41.3091,0.909937,0.965955,False,2.8503,2.9252,2.0078,2.3772,0.126798,0.069291
CHNCXR_0548_1,Shenzhen,1,3,True,DWT,70,257536,21008,12.258949,0.652584,44.416,0.980907,41.2215,45.7681,0.965773,0.984853,False,2.9868,3.0355,2.8432,3.0015,0.203127,0.1335
CHNCXR_0548_1,Shenzhen,1,3,True,DWT,90,257536,48401,5.320882,1.50351,49.6344,0.993183,47.9309,50.181,0.992465,0.993452,False,3.0593,3.1003,3.5705,3.6148,0.357459,0.27924
CHNCXR_0549_1,Shenzhen,1,0,True,DWT,10,253952,1322,192.096823,0.041646,30.9849,0.809455,28.6633,32.1183,0.668557,0.85517,False,2.1908,2.2302,1.8096,2.1228,0.064647,0.015433
CHNCXR_0549_1,Shenzhen,1,0,True,DWT,20,253952,2894,87.751209,0.091167,32.6769,0.845364,30.3064,33.8457,0.736042,0.880207,False,2.4631,2.5532,0.7754,1.4891,0.080319,0.02965
CHNCXR_0549_1,Shenzhen,1,0,True,DWT,30,253952,5150,49.311068,0.162235,34.3466,0.881671,31.8775,35.5893,0.801184,0.906604,False,2.65,2.7913,0.7805,1.5031,0.104299,0.04947
CHNCXR_0549_1,Shenzhen,1,0,True,DWT,50,253952,10829,23.451104,0.341135,38.3955,0.940308,35.816,39.7245,0.912143,0.950064,False,2.9536,3.0849,1.8805,2.2793,0.137014,0.07903
CHNCXR_0549_1,Shenzhen,1,0,True,DWT,70,253952,25407,9.995356,0.800372,42.3425,0.971905,40.1088,43.4136,0.966403,0.974037,False,3.1283,3.1603,3.0723,3.1832,0.222104,0.15799
CHNCXR_0549_1,Shenzhen,1,0,True,DWT,90,253952,65877,3.854942,2.075258,48.2483,0.991516,47.7016,48.4419,0.994127,0.990784,False,3.2049,3.2548,3.565,3.6005,0.472094,0.391988
CHNCXR_0550_1,Shenzhen,1,0,True,DWT,10,240128,2041,117.652131,0.067997,30.1657,0.78392,28.7175,30.8091,0.689597,0.8162,False,2.2489,2.3709,0.6319,1.382,0.074173,0.023683
CHNCXR_0550_1,Shenzhen,1,0,True,DWT,20,240128,2975,80.715294,0.099114,31.9255,0.830189,30.5108,32.5502,0.754088,0.855756,False,2.4818,2.5719,1.0195,1.6642,0.077866,0.028487
CHNCXR_0550_1,Shenzhen,1,0,True,DWT,30,240128,4941,48.599069,0.164612,33.7559,0.872032,32.0684,34.5401,0.810748,0.892287,False,2.6717,2.7598,1.1212,1.7417,0.09623,0.043426
CHNCXR_0550_1,Shenzhen,1,0,True,DWT,50,240128,11442,20.986541,0.381197,37.89,0.939066,35.96,38.8302,0.914385,0.94818,False,2.9284,3.0351,1.9941,2.3694,0.141718,0.082796
CHNCXR_0550_1,Shenzhen,1,0,True,DWT,70,240128,26898,8.927355,0.896122,42.1842,0.973706,40.3544,43.0582,0.967388,0.976289,False,3.0805,3.1225,3.125,3.2226,0.241634,0.167511
CHNCXR_0550_1,Shenzhen,1,0,True,DWT,90,240128,66467,3.61274,2.214386,48.2036,0.992427,47.7097,48.3895,0.993897,0.991984,False,3.1467,3.1863,3.6092,3.6428,0.509638,0.376255
CHNCXR_0551_1,Shenzhen,1,4,True,DWT,10,248832,1467,169.619632,0.047164,31.2314,0.821622,29.2784,32.3978,0.685792,0.877091,False,2.1727,2.2238,1.3623,1.8658,0.064396,0.016314
CHNCXR_0551_1,Shenzhen,1,4,True,DWT,20,248832,2337,106.474968,0.075135,32.9633,0.856301,31.0137,34.127,0.749789,0.899137,False,2.433,2.5198,1.5847,2.0563,0.069688,0.022208
CHNCXR_0551_1,Shenzhen,1,4,True,DWT,30,248832,4586,54.259049,0.147441,34.6343,0.888903,32.5885,35.8813,0.809591,0.920051,False,2.6109,2.7159,0.9675,1.6257,0.10109,0.059476
CHNCXR_0551_1,Shenzhen,1,4,True,DWT,50,248832,10335,24.076633,0.332272,39.0397,0.945012,36.594,40.6744,0.916415,0.957703,False,2.8524,2.8992,1.8456,2.2507,0.131529,0.075958
CHNCXR_0551_1,Shenzhen,1,4,True,DWT,70,248832,23223,10.714895,0.746624,42.9827,0.973716,40.8895,44.2721,0.967461,0.976792,False,2.9771,3.0397,2.9824,3.115,0.205883,0.144381
CHNCXR_0551_1,Shenzhen,1,4,True,DWT,90,248832,59897,4.154332,1.925701,48.2896,0.990914,47.7869,48.5165,0.993205,0.990128,False,3.031,3.0738,3.6451,3.677,0.419418,0.344619
CHNCXR_0552_1,Shenzhen,1,3,True,DWT,10,261632,1582,165.380531,0.048373,30.988,0.837015,28.2384,31.9504,0.672276,0.870335,False,2.2337,2.331,1.3518,1.8605,0.069886,0.019299
CHNCXR_0552_1,Shenzhen,1,3,True,DWT,20,261632,3506,74.624073,0.107204,32.9335,0.874694,29.9908,34.0016,0.743929,0.900747,False,2.4826,2.5795,0.6317,1.3987,0.094552,0.03818
CHNCXR_0552_1,Shenzhen,1,3,True,DWT,30,261632,5373,48.69384,0.164292,34.7972,0.906117,31.7749,35.9111,0.810849,0.924685,False,2.6818,2.7647,0.7933,1.5169,0.104434,0.055872
CHNCXR_0552_1,Shenzhen,1,3,True,DWT,50,261632,10865,24.080258,0.332222,39.1508,0.955119,35.6319,40.5828,0.916017,0.964158,False,2.9256,3.0015,1.8574,2.2682,0.142115,0.079713
CHNCXR_0552_1,Shenzhen,1,3,True,DWT,70,261632,24160,10.829139,0.738748,43.3822,0.979402,40.2117,44.585,0.969592,0.98186,False,3.0492,3.0903,3.0073,3.1303,0.217322,0.144076
CHNCXR_0552_1,Shenzhen,1,3,True,DWT,90,261632,58501,4.472265,1.788803,48.8589,0.992763,47.7828,49.1427,0.994621,0.992468,False,3.1033,3.1559,3.6029,3.6368,0.417387,0.327136
CHNCXR_0553_1,Shenzhen,1,0,True,DWT,10,227840,1429,159.440168,0.050176,30.3146,0.793477,29.0503,31.2262,0.688504,0.851735,False,2.274,2.3455,2.3077,2.519,0.070209,0.025615
CHNCXR_0553_1,Shenzhen,1,0,True,DWT,20,227840,2898,78.619738,0.101756,32.0151,0.83331,30.6852,32.9883,0.749522,0.879646,False,2.5136,2.6293,1.0832,1.7029,0.071609,0.025936
CHNCXR_0553_1,Shenzhen,1,0,True,DWT,30,227840,4651,48.987315,0.163308,33.8998,0.876256,32.4149,35.0259,0.812492,0.910896,False,2.6868,2.7604,1.266,1.834,0.084172,0.039163
CHNCXR_0553_1,Shenzhen,1,0,True,DWT,50,227840,10906,20.891253,0.382935,38.1623,0.941602,36.2139,39.8195,0.914319,0.957978,False,2.9285,2.9913,2.0487,2.4129,0.126844,0.080126
CHNCXR_0553_1,Shenzhen,1,0,True,DWT,70,227840,24958,9.128937,0.876334,42.4441,0.974506,40.6078,43.9615,0.966942,0.979159,False,3.0659,3.1024,3.2001,3.2908,0.206777,0.146561
CHNCXR_0553_1,Shenzhen,1,0,True,DWT,90,227840,60464,3.768193,2.123034,48.3359,0.99229,47.7795,48.682,0.993479,0.991747,False,3.1119,3.1554,3.655,3.6885,0.417537,0.340259
CHNCXR_0554_1,Shenzhen,1,1,True,DWT,10,247296,1985,124.582368,0.064215,30.0616,0.796897,28.3861,31.1583,0.673443,0.854782,False,2.2476,2.3135,0.7113,1.4378,0.071902,0.024052
CHNCXR_0554_1,Shenzhen,1,1,True,DWT,20,247296,3135,78.882297,0.101417,32.0067,0.841118,30.1976,33.2269,0.7468,0.884986,False,2.4857,2.5913,1.0853,1.7053,0.080851,0.029026
CHNCXR_0554_1,Shenzhen,1,1,True,DWT,30,247296,5162,47.907013,0.16699,33.8821,0.881011,31.9956,35.1772,0.814031,0.911449,False,2.6684,2.7349,1.1829,1.7741,0.098154,0.046262
CHNCXR_0554_1,Shenzhen,1,1,True,DWT,50,247296,11765,21.019635,0.380597,38.1668,0.943415,35.9643,39.7979,0.916639,0.95655,False,2.895,2.9571,2.0349,2.3982,0.148808,0.083359
CHNCXR_0554_1,Shenzhen,1,1,True,DWT,70,247296,26769,9.238149,0.865974,42.5376,0.975059,40.5087,43.9781,0.968808,0.978345,False,3.008,3.0722,3.1665,3.2694,0.228559,0.163207
CHNCXR_0554_1,Shenzhen,1,1,True,DWT,90,247296,65027,3.802974,2.103617,48.2822,0.991996,47.7461,48.5616,0.99386,0.99121,False,3.0767,3.1317,3.6534,3.6854,0.449875,0.369469
CHNCXR_0555_1,Shenzhen,1,4,True,DWT,10,251392,1559,161.252085,0.049612,30.4335,0.810202,28.1029,31.6752,0.676339,0.855981,False,2.2171,2.2516,1.3437,1.8432,0.064817,0.017293
CHNCXR_0555_1,Shenzhen,1,4,True,DWT,20,251392,3116,80.677792,0.09916,32.2215,0.84923,29.7544,33.575,0.742871,0.885247,False,2.5004,2.5849,0.8798,1.5694,0.079997,0.031092
CHNCXR_0555_1,Shenzhen,1,4,True,DWT,30,251392,4926,51.033699,0.156759,33.999,0.885802,31.5005,35.3793,0.809955,0.910936,False,2.7194,2.8056,1.087,1.7087,0.101459,0.043612
CHNCXR_0555_1,Shenzhen,1,4,True,DWT,50,251392,11318,22.211698,0.360171,38.2733,0.943613,35.4577,39.9444,0.916983,0.953506,False,2.9809,3.0762,1.9745,2.3461,0.136159,0.079415
CHNCXR_0555_1,Shenzhen,1,4,True,DWT,70,251392,26195,9.596946,0.833599,42.3196,0.973111,39.96,43.5846,0.969193,0.974966,False,3.152,3.1897,3.1327,3.2407,0.225696,0.15671
CHNCXR_0555_1,Shenzhen,1,4,True,DWT,90,251392,66417,3.785055,2.113576,48.2952,0.991826,47.7233,48.5147,0.99486,0.9909,False,3.241,3.2833,3.5939,3.6286,0.471137,0.379092
CHNCXR_0556_1,Shenzhen,1,1,True,DWT,10,259072,1771,146.285714,0.054688,30.3177,0.801465,28.2902,31.6272,0.677139,0.854717,False,2.215,2.3071,1.0676,1.6702,0.073143,0.022775
CHNCXR_0556_1,Shenzhen,1,1,True,DWT,20,259072,2754,94.071169,0.085042,32.0715,0.843576,29.8743,33.5472,0.743404,0.886898,False,2.4798,2.5648,1.55,2.0265,0.075653,0.026567
CHNCXR_0556_1,Shenzhen,1,1,True,DWT,30,259072,5153,50.275956,0.159122,33.907,0.882675,31.5799,35.5192,0.809616,0.914198,False,2.6723,2.7454,1.1146,1.7301,0.101643,0.045597
CHNCXR_0556_1,Shenzhen,1,1,True,DWT,50,259072,11712,22.120219,0.36166,38.23,0.94498,35.6955,40.0789,0.918089,0.957539,False,2.9271,3.0193,1.9735,2.3391,0.145284,0.087685
CHNCXR_0556_1,Shenzhen,1,1,True,DWT,70,259072,27178,9.532416,0.839242,42.4884,0.975152,40.3617,43.8934,0.969882,0.977824,False,3.0844,3.115,3.1269,3.2292,0.231998,0.160504
CHNCXR_0556_1,Shenzhen,1,1,True,DWT,90,259072,67490,3.838672,2.084054,48.3427,0.992304,47.7401,48.6352,0.994434,0.991507,False,3.1728,3.2114,3.6039,3.6366,0.467078,0.386637
CHNCXR_0557_1,Shenzhen,1,4,True,DWT,10,247808,1681,147.417014,0.054268,30.4624,0.798925,28.5414,31.8501,0.697572,0.847236,False,2.2294,2.3302,1.125,1.6933,0.066079,0.017829
CHNCXR_0557_1,Shenzhen,1,4,True,DWT,20,247808,3613,68.587877,0.116639,32.1479,0.840675,30.1898,33.5751,0.759734,0.87886,False,2.4927,2.6071,0.614,1.3916,0.088862,0.036688
CHNCXR_0557_1,Shenzhen,1,4,True,DWT,30,247808,5466,45.336261,0.176459,34.0011,0.880451,31.9629,35.5157,0.82077,0.908204,False,2.6834,2.731,0.8699,1.5655,0.102145,0.049546
CHNCXR_0557_1,Shenzhen,1,4,True,DWT,50,247808,11400,21.737544,0.368027,38.1488,0.94094,35.9423,39.8591,0.919694,0.952251,False,2.9016,2.977,1.98,2.3437,0.141383,0.082559
CHNCXR_0557_1,Shenzhen,1,4,True,DWT,70,247808,26593,9.318542,0.858503,42.2787,0.973062,40.3883,43.6344,0.969266,0.9755,False,3.0731,3.15,3.1225,3.2234,0.228237,0.160928
CHNCXR_0557_1,Shenzhen,1,4,True,DWT,90,247808,67194,3.687948,2.169228,48.2086,0.992042,47.7099,48.4766,0.994185,0.991137,False,3.1157,3.1802,3.603,3.6371,0.463601,0.397765
CHNCXR_0558_1,Shenzhen,1,3,True,DWT,10,222720,1387,160.576784,0.04982,30.788,0.818114,28.0652,31.9655,0.679268,0.853551,False,2.2025,2.2483,1.295,1.8145,0.057022,0.014493
CHNCXR_0558_1,Shenzhen,1,3,True,DWT,20,222720,3054,72.927308,0.109698,32.4449,0.850722,29.8347,33.5487,0.751852,0.875487,False,2.4481,2.5686,0.5889,1.3699,0.076517,0.032899
CHNCXR_0558_1,Shenzhen,1,3,True,DWT,30,222720,4639,48.010347,0.166631,34.2826,0.886422,31.498,35.5019,0.813362,0.904313,False,2.6258,2.7509,0.818,1.5309,0.093801,0.043936
CHNCXR_0558_1,Shenzhen,1,3,True,DWT,50,222720,9602,23.195168,0.344899,38.3908,0.941514,35.5334,39.6608,0.919683,0.947681,False,2.8869,2.9878,1.8394,2.2631,0.124764,0.071665
CHNCXR_0558_1,Shenzhen,1,3,True,DWT,70,222720,22584,9.861849,0.811207,42.3924,0.970414,40.2166,43.2392,0.970619,0.970967,False,2.9981,3.0694,3.0882,3.2066,0.202844,0.139225
CHNCXR_0558_1,Shenzhen,1,3,True,DWT,90,222720,59405,3.749179,2.1338,48.0159,0.990532,47.731,48.0969,0.994606,0.989601,False,3.059,3.1207,3.6153,3.65,0.420848,0.34578
CHNCXR_0559_1,Shenzhen,1,3,True,DWT,10,248832,1424,174.741573,0.045782,30.3544,0.79596,28.4861,31.6771,0.68519,0.851156,False,2.2268,2.3198,2.423,2.6104,0.066383,0.014923
CHNCXR_0559_1,Shenzhen,1,3,True,DWT,20,248832,3603,69.062448,0.115837,32.0874,0.835285,30.1731,33.4574,0.747322,0.878454,False,2.487,2.577,0.6282,1.3999,0.08747,0.052363
CHNCXR_0559_1,Shenzhen,1,3,True,DWT,30,248832,4966,50.107128,0.159658,33.8807,0.8755,31.9285,35.2905,0.809063,0.907392,False,2.6977,2.7706,1.1027,1.7241,0.09957,0.042147
CHNCXR_0559_1,Shenzhen,1,3,True,DWT,50,248832,11535,21.571912,0.370853,37.9315,0.938255,35.7502,39.598,0.91141,0.952251,False,2.9637,3.046,2.0199,2.387,0.13785,0.083085
CHNCXR_0559_1,Shenzhen,1,3,True,DWT,70,248832,27223,9.140506,0.875225,42.1647,0.972535,40.1862,43.6025,0.966506,0.975993,False,3.0979,3.1357,3.1741,3.2758,0.23053,0.166345
CHNCXR_0559_1,Shenzhen,1,3,True,DWT,90,248832,67897,3.664845,2.182903,48.2207,0.992045,47.7341,48.4797,0.994069,0.991187,False,3.2011,3.2437,3.606,3.6391,0.466116,0.428177
CHNCXR_0560_1,Shenzhen,1,3,False,DWT,10,240640,1446,166.417704,0.048072,30.401,0.807813,,,,,,2.2521,2.3325,2.232,2.4759,0.062261,0.016137
CHNCXR_0560_1,Shenzhen,1,3,False,DWT,20,240640,3562,67.557552,0.118418,32.158,0.849661,,,,,,2.4949,2.5858,0.6487,1.4116,0.087588,0.034114
CHNCXR_0560_1,Shenzhen,1,3,False,DWT,30,240640,4841,49.708738,0.160938,34.0422,0.887856,,,,,,2.6968,2.7704,1.104,1.7273,0.094002,0.043836
CHNCXR_0560_1,Shenzhen,1,3,False,DWT,50,240640,11061,21.755718,0.367719,38.2742,0.946614,,,,,,2.982,3.0686,1.9929,2.3642,0.141626,0.079913
CHNCXR_0560_1,Shenzhen,1,3,False,DWT,70,240640,25351,9.492328,0.842786,42.6127,0.976708,,,,,,3.1236,3.165,3.143,3.2469,0.216001,0.14653
CHNCXR_0560_1,Shenzhen,1,3,False,DWT,90,240640,61455,3.915711,2.043052,48.4864,0.992711,,,,,,3.207,3.2443,3.6142,3.6479,0.432858,0.391635
CHNCXR_0561_1,Shenzhen,1,3,False,DWT,10,236544,1605,147.379439,0.054282,30.0455,0.822468,,,,,,2.1418,2.2172,1.4875,1.8876,0.061787,0.017299
CHNCXR_0561_1,Shenzhen,1,3,False,DWT,20,236544,3048,77.606299,0.103084,32.1612,0.856431,,,,,,2.4256,2.4832,1.0744,1.6623,0.07461,0.030234
CHNCXR_0561_1,Shenzhen,1,3,False,DWT,30,236544,4614,51.26658,0.156047,34.8411,0.890861,,,,,,2.6358,2.6759,1.4711,1.9522,0.087423,0.038501
CHNCXR_0561_1,Shenzhen,1,3,False,DWT,50,236544,10056,23.522673,0.340097,39.4559,0.948092,,,,,,2.9146,2.9672,2.2767,2.5667,0.12301,0.070686
CHNCXR_0561_1,Shenzhen,1,3,False,DWT,70,236544,22212,10.649379,0.751218,43.809,0.978099,,,,,,3.0592,3.1162,2.9918,3.1244,0.193714,0.132333
CHNCXR_0561_1,Shenzhen,1,3,False,DWT,90,236544,50887,4.648417,1.721016,49.2391,0.992711,,,,,,3.1232,3.1616,3.6466,3.6913,0.354814,0.280619
CHNCXR_0562_1,Shenzhen,1,2,False,DWT,10,254464,1630,156.112883,0.051245,30.3895,0.796688,,,,,,2.2353,2.3326,1.4262,1.887,0.070176,0.019631
CHNCXR_0562_1,Shenzhen,1,2,False,DWT,20,254464,3072,82.833333,0.096579,32.0874,0.838035,,,,,,2.4664,2.537,0.9752,1.6229,0.083868,0.031379
CHNCXR_0562_1,Shenzhen,1,2,False,DWT,30,254464,5116,49.738858,0.16084,33.9245,0.879568,,,,,,2.6502,2.7076,1.0945,1.7179,0.102594,0.048153
CHNCXR_0562_1,Shenzhen,1,2,False,DWT,50,254464,11762,21.634416,0.369781,38.2265,0.942545,,,,,,2.9007,2.9884,1.9732,2.3589,0.152559,0.08684
CHNCXR_0562_1,Shenzhen,1,2,False,DWT,70,254464,26949,9.442428,0.84724,42.4191,0.973967,,,,,,3.0505,3.0872,3.1256,3.2334,0.23736,0.20897
CHNCXR_0562_1,Shenzhen,1,2,False,DWT,90,254464,67215,3.785822,2.113148,48.2342,0.992051,,,,,,3.1316,3.1721,3.6245,3.6588,0.484901,0.426418
CHNCXR_0563_1,Shenzhen,1,4,False,DWT,10,259584,1551,167.365571,0.0478,30.7182,0.80166,,,,,,2.2143,2.3102,1.301,1.7876,0.080746,0.039335
CHNCXR_0563_1,Shenzhen,1,4,False,DWT,20,259584,3012,86.183267,0.092825,32.414,0.838975,,,,,,2.4781,2.564,0.952,1.603,0.090935,0.039994
CHNCXR_0563_1,Shenzhen,1,4,False,DWT,30,259584,5002,51.896042,0.154154,34.0915,0.876436,,,,,,2.6844,2.7755,1.059,1.6871,0.10819,0.045402
CHNCXR_0563_1,Shenzhen,1,4,False,DWT,50,259584,11672,22.23989,0.359714,38.1773,0.93735,,,,,,2.922,3.0085,1.9536,2.35,0.139917,0.084269
CHNCXR_0563_1,Shenzhen,1,4,False,DWT,70,259584,27576,9.413403,0.849852,42.1171,0.970544,,,,,,3.0769,3.1273,3.1453,3.2479,0.240078,0.177546
CHNCXR_0563_1,Shenzhen,1,4,False,DWT,90,259584,71128,3.649533,2.192061,48.0448,0.991347,,,,,,3.1347,3.1944,3.6003,3.6362,0.512013,0.406596
CHNCXR_0564_1,Shenzhen,1,1,False,DWT,10,256512,1456,176.175824,0.045409,31.0123,0.8368,,,,,,2.0921,2.1998,1.3172,1.78,0.080344,0.022072
CHNCXR_0564_1,Shenzhen,1,1,False,DWT,20,256512,2909,88.178756,0.090725,32.9528,0.865485,,,,,,2.354,2.4205,0.8626,1.5369,0.081451,0.030363
CHNCXR_0564_1,Shenzhen,1,1,False,DWT,30,256512,4130,62.109443,0.128805,35.4018,0.897726,,,,,,2.5596,2.6065,1.4363,1.9405,0.093165,0.039108
CHNCXR_0564_1,Shenzhen,1,1,False,DWT,50,256512,9698,26.44999,0.302458,39.583,0.948566,,,,,,2.8331,2.8958,2.1353,2.4661,0.135187,0.071372
CHNCXR_0564_1,Shenzhen,1,1,False,DWT,70,256512,22657,11.321534,0.706618,43.9439,0.977648,,,,,,2.9661,2.9985,2.9662,3.107,0.213317,0.149333
CHNCXR_0564_1,Shenzhen,1,1,False,DWT,90,256512,53159,4.825373,1.657903,49.1552,0.992265,,,,,,3.0568,3.0965,3.656,3.6902,0.388614,0.302799
CHNCXR_0565_1,Shenzhen,1,4,False,DWT,10,230912,1353,170.666667,0.046875,30.6968,0.804939,,,,,,2.1708,2.2222,1.2394,1.745,0.067805,0.020393
CHNCXR_0565_1,Shenzhen,1,4,False,DWT,20,230912,2615,88.302868,0.090597,32.5287,0.845687,,,,,,2.4335,2.5387,0.9447,1.587,0.07016,0.026857
CHNCXR_0565_1,Shenzhen,1,4,False,DWT,30,230912,4339,53.217792,0.150326,34.3986,0.884261,,,,,,2.64,2.7769,1.0239,1.6594,0.089692,0.041156
CHNCXR_0565_1,Shenzhen,1,4,False,DWT,50,230912,9839,23.469052,0.340874,38.453,0.941837,,,,,,2.9454,3.0387,1.8868,2.2815,0.137353,0.084583
CHNCXR_0565_1,Shenzhen,1,4,False,DWT,70,230912,23084,10.003119,0.799751,42.5229,0.973145,,,,,,3.1017,3.1456,3.0685,3.1822,0.211307,0.148438
CHNCXR_0565_1,Shenzhen,1,4,False,DWT,90,230912,59031,3.911707,2.045143,48.3368,0.991657,,,,,,3.2004,3.2551,3.5772,3.6116,0.431822,0.338118
CHNCXR_0566_1,Shenzhen,1,3,True,DWT,10,224768,1561,143.98975,0.05556,30.0044,0.823854,30.9779,29.6155,0.742755,0.858084,False,2.1708,2.2509,1.1476,1.6677,0.062662,0.018153
CHNCXR_0566_1,Shenzhen,1,3,True,DWT,20,224768,2855,78.727846,0.101616,31.8427,0.855461,32.4963,31.5685,0.780737,0.887454,False,2.4276,2.5035,0.9469,1.5957,0.076673,0.029194
CHNCXR_0566_1,Shenzhen,1,3,True,DWT,30,224768,4573,49.151104,0.162763,34.7241,0.890346,34.0632,35.0705,0.826793,0.918924,False,2.6421,2.6944,1.1749,1.7727,0.094119,0.041501
CHNCXR_0566_1,Shenzhen,1,3,True,DWT,50,224768,9486,23.694708,0.337628,39.2625,0.945341,37.5246,40.3948,0.911896,0.961646,False,2.9061,2.974,2.2626,2.5783,0.118212,0.067127
CHNCXR_0566_1,Shenzhen,1,3,True,DWT,70,224768,21434,10.486517,0.762884,43.6149,0.976304,41.5691,45.0453,0.963712,0.982748,False,3.0212,3.0738,3.0583,3.1861,0.189395,0.130034
CHNCXR_0566_1,Shenzhen,1,3,True,DWT,90,224768,50042,4.491587,1.781108,48.9767,0.992224,47.946,49.5562,0.991436,0.992782,False,3.1183,3.1701,3.6978,3.7345,0.345914,0.283286
CHNCXR_0567_1,Shenzhen,1,3,True,DWT,10,261120,1461,178.726899,0.044761,31.3239,0.820527,27.9224,32.6435,0.654829,0.853852,False,2.1496,2.196,1.2016,1.7377,0.068542,0.018536
CHNCXR_0567_1,Shenzhen,1,3,True,DWT,20,261120,3474,75.164076,0.106434,33.0757,0.860416,29.5884,34.4525,0.728802,0.887165,False,2.4289,2.5062,0.5279,1.3263,0.090734,0.037942
CHNCXR_0567_1,Shenzhen,1,3,True,DWT,30,261120,5149,50.71276,0.157751,34.865,0.892274,31.4179,36.2149,0.802299,0.910297,False,2.6228,2.7284,0.728,1.465,0.10624,0.053244
CHNCXR_0567_1,Shenzhen,1,3,True,DWT,50,261120,10269,25.427987,0.314614,38.7701,0.943857,35.3925,40.0743,0.915018,0.950454,False,2.8996,2.9552,1.753,2.1881,0.141776,0.07706
CHNCXR_0567_1,Shenzhen,1,3,True,DWT,70,261120,24272,10.758075,0.743627,42.6897,0.972059,40.0257,43.5871,0.969276,0.973212,False,3.0611,3.1111,2.98,3.1204,0.215337,0.150458
CHNCXR_0567_1,Shenzhen,1,3,True,DWT,90,261120,64361,4.057115,1.971844,48.3176,0.991025,47.7261,48.4596,0.994721,0.99037,False,3.108,3.1582,3.5681,3.6022,0.454005,0.379519
CHNCXR_0568_1,Shenzhen,1,3,True,DWT,10,231936,1582,146.609355,0.054567,29.9897,0.800401,27.6761,31.0154,0.642584,0.847277,False,2.2661,2.3737,1.5327,1.9768,0.061154,0.017125
CHNCXR_0568_1,Shenzhen,1,3,True,DWT,20,231936,3450,67.227826,0.118998,31.7613,0.844769,29.2743,32.9026,0.720817,0.880756,False,2.5173,2.6094,0.7473,1.4735,0.080404,0.034958
CHNCXR_0568_1,Shenzhen,1,3,True,DWT,30,231936,5400,42.951111,0.186258,33.6923,0.886977,31.0148,34.9701,0.795778,0.91296,False,2.7119,2.8047,0.953,1.624,0.098161,0.048285
CHNCXR_0568_1,Shenzhen,1,3,True,DWT,50,231936,11250,20.616533,0.388038,38.0096,0.947504,35.0143,39.5396,0.914111,0.958143,False,2.9684,3.0673,2.0772,2.4181,0.129805,0.077502
CHNCXR_0568_1,Shenzhen,1,3,True,DWT,70,231936,25569,9.070984,0.881933,42.5783,0.977514,39.8396,43.902,0.97058,0.980006,False,3.1482,3.1944,3.158,3.2573,0.212185,0.151307
CHNCXR_0568_1,Shenzhen,1,3,True,DWT,90,231936,60237,3.850391,2.077711,48.5283,0.992846,47.7749,48.7815,0.995181,0.992271,False,3.236,3.2778,3.6249,3.6541,0.410924,0.327329
CHNCXR_0569_1,Shenzhen,1,0,True,DWT,10,219648,1549,141.799871,0.056418,29.1045,0.7682,26.8456,30.2845,0.628044,0.817092,False,2.2793,2.3898,2.4518,2.6495,0.055281,0.014027
CHNCXR_0569_1,Shenzhen,1,0,True,DWT,20,219648,3141,69.929322,0.114401,30.8447,0.822631,28.4893,32.1005,0.720327,0.857789,False,2.513,2.5753,1.2546,1.8099,0.068121,0.027552
CHNCXR_0569_1,Shenzhen,1,0,True,DWT,30,219648,5471,40.147688,0.199264,32.78,0.870899,30.3846,34.0682,0.80348,0.89314,False,2.7047,2.75,1.1158,1.7271,0.095339,0.046804
CHNCXR_0569_1,Shenzhen,1,0,True,DWT,50,219648,12114,18.131748,0.441215,37.1244,0.942993,34.6577,38.4715,0.923293,0.950228,False,2.9171,2.9749,2.2655,2.5537,0.133436,0.081897
CHNCXR_0569_1,Shenzhen,1,0,True,DWT,70,219648,28119,7.811373,1.024148,41.9221,0.976967,39.6664,43.0997,0.974549,0.978099,False,3.0174,3.0663,3.3061,3.377,0.230004,0.165167
CHNCXR_0569_1,Shenzhen,1,0,True,DWT,90,219648,64494,3.405712,2.348995,48.2807,0.993235,47.7788,48.4704,0.995896,0.992402,False,3.0903,3.1326,3.627,3.6564,0.428565,0.353955
CHNCXR_0570_1,Shenzhen,1,2,True,DWT,10,223744,1399,159.93138,0.050021,30.4611,0.812778,28.8393,31.2961,0.69288,0.857961,False,2.2946,2.375,2.1745,2.452,0.060407,0.015434
CHNCXR_0570_1,Shenzhen,1,2,True,DWT,20,223744,3276,68.297924,0.117134,32.3226,0.85223,30.6024,33.2258,0.753577,0.889015,False,2.5296,2.6649,0.6765,1.4351,0.082665,0.032302
CHNCXR_0570_1,Shenzhen,1,2,True,DWT,30,223744,4914,45.53195,0.175701,34.0921,0.888543,32.2072,35.1156,0.810802,0.916658,False,2.7293,2.809,0.9264,1.6067,0.096106,0.04552
CHNCXR_0570_1,Shenzhen,1,2,True,DWT,50,223744,10296,21.731158,0.368135,38.2571,0.945706,35.8748,39.6978,0.910935,0.959795,False,2.9962,3.0816,1.9823,2.3677,0.126052,0.072158
CHNCXR_0570_1,Shenzhen,1,2,True,DWT,70,223744,23643,9.463435,0.845359,42.5946,0.97601,40.3926,43.8738,0.966301,0.980098,False,3.1456,3.2196,3.1397,3.244,0.202373,0.141876
CHNCXR_0570_1,Shenzhen,1,2,True,DWT,90,223744,57438,3.8954,2.053704,48.4599,0.992624,47.6964,48.795,0.993625,0.992363,False,3.2348,3.2717,3.6246,3.6564,0.399765,0.313386
CHNCXR_0571_1,Shenzhen,1,1,True,DWT,10,239104,1559,153.370109,0.052161,30.3464,0.804985,28.2985,31.3426,0.668532,0.850738,False,2.2263,2.3391,1.3913,1.8879,0.0832,0.016978
CHNCXR_0571_1,Shenzhen,1,1,True,DWT,20,239104,3403,70.262709,0.113858,32.1869,0.847475,30.0266,33.2618,0.73692,0.884244,False,2.4821,2.5776,0.6747,1.4282,0.085101,0.033184
CHNCXR_0571_1,Shenzhen,1,1,True,DWT,30,239104,5180,46.159073,0.173314,34.0306,0.885582,31.7416,35.2002,0.803589,0.912541,False,2.7052,2.8211,0.9014,1.5902,0.095335,0.044436
CHNCXR_0571_1,Shenzhen,1,1,True,DWT,50,239104,10940,21.855941,0.366033,38.1164,0.944445,35.5858,39.4777,0.911399,0.95602,False,2.9933,3.0858,1.9742,2.355,0.129087,0.085044
CHNCXR_0571_1,Shenzhen,1,1,True,DWT,70,239104,25446,9.396526,0.851378,42.4532,0.975347,40.1598,43.6261,0.967682,0.978366,False,3.1314,3.1928,3.1454,3.244,0.215551,0.149399
CHNCXR_0571_1,Shenzhen,1,1,True,DWT,90,239104,62193,3.844548,2.080869,48.4623,0.992588,47.7283,48.7433,0.994301,0.992124,False,3.2156,3.2582,3.5998,3.6318,0.422398,0.345516
CHNCXR_0572_1,Shenzhen,1,4,True,DWT,10,249856,1381,180.923968,0.044217,30.7327,0.805899,28.5382,31.4759,0.68767,0.832763,False,2.162,2.2389,1.8631,2.1824,0.073213,0.016323
CHNCXR_0572_1,Shenzhen,1,4,True,DWT,20,249856,3465,72.108514,0.110944,32.4618,0.847373,30.2171,33.2289,0.753999,0.868226,False,2.4173,2.5667,0.5824,1.3626,0.08595,0.040096
CHNCXR_0572_1,Shenzhen,1,4,True,DWT,30,249856,5217,47.892659,0.16704,34.4398,0.886111,32.0856,35.2603,0.82091,0.901423,False,2.6209,2.7556,0.8028,1.5199,0.100982,0.048755
CHNCXR_0572_1,Shenzhen,1,4,True,DWT,50,249856,10577,23.622577,0.338659,38.5062,0.94232,35.9119,39.4511,0.917976,0.948556,False,2.9031,3.0294,1.8336,2.2483,0.13187,0.076652
CHNCXR_0572_1,Shenzhen,1,4,True,DWT,70,249856,24721,10.107035,0.791528,42.4614,0.97263,40.2292,43.2225,0.968303,0.974107,False,3.0584,3.0984,3.0222,3.1406,0.211664,0.16659
CHNCXR_0572_1,Shenzhen,1,4,True,DWT,90,249856,64418,3.878667,2.062564,48.2979,0.991709,47.7787,48.4319,0.994295,0.991211,False,3.1426,3.2032,3.5675,3.604,0.442136,0.368339
CHNCXR_0573_1,Shenzhen,1,2,True,DWT,10,221184,1613,137.125852,0.058341,29.9641,0.795267,27.6555,31.3517,0.652723,0.849899,False,2.2819,2.3781,1.2455,1.7796,0.061528,0.018192
CHNCXR_0573_1,Shenzhen,1,2,True,DWT,20,221184,3383,65.381023,0.12236,31.6827,0.838077,29.3915,33.0545,0.730945,0.878205,False,2.5083,2.5744,0.7034,1.4476,0.076166,0.033021
CHNCXR_0573_1,Shenzhen,1,2,True,DWT,30,221184,5165,42.823621,0.186813,33.5968,0.882518,31.2537,35.0162,0.80935,0.909087,False,2.7084,2.7751,0.985,1.6323,0.09006,0.045024
CHNCXR_0573_1,Shenzhen,1,2,True,DWT,50,221184,10850,20.385622,0.392433,37.861,0.945003,35.2996,39.493,0.919,0.955754,False,2.9605,3.0197,2.0796,2.4089,0.123358,0.074815
CHNCXR_0573_1,Shenzhen,1,2,True,DWT,70,221184,24969,8.858344,0.903103,42.3566,0.976149,40.1148,43.6841,0.971455,0.978364,False,3.0676,3.1102,3.1991,3.2872,0.206265,0.144141
CHNCXR_0573_1,Shenzhen,1,2,True,DWT,90,221184,59788,3.699471,2.162471,48.3276,0.992559,47.7507,48.5749,0.99493,0.991759,False,3.1456,3.1864,3.6157,3.6457,0.402135,0.334225
CHNCXR_0574_1,Shenzhen,1,4,True,DWT,10,228864,1563,146.426104,0.054635,30.3161,0.807413,28.4892,31.3922,0.688915,0.855969,False,2.2766,2.3698,1.5228,1.9595,0.059131,0.015582
CHNCXR_0574_1,Shenzhen,1,4,True,DWT,20,228864,3338,68.563212,0.116681,32.0056,0.84613,30.1668,33.0913,0.752134,0.88426,False,2.5035,2.572,0.7254,1.4656,0.080594,0.030657
CHNCXR_0574_1,Shenzhen,1,4,True,DWT,30,228864,5156,44.387898,0.180229,33.8642,0.884979,31.8762,35.0768,0.815171,0.91257,False,2.7054,2.776,0.9541,1.6268,0.094362,0.044964
CHNCXR_0574_1,Shenzhen,1,4,True,DWT,50,228864,10903,20.99092,0.381117,38.1159,0.945897,35.8305,39.607,0.916938,0.95856,False,2.944,3.0278,2.0677,2.4093,0.126604,0.074423
CHNCXR_0574_1,Shenzhen,1,4,True,DWT,70,228864,24978,9.162623,0.873112,42.4439,0.976054,40.3276,43.7721,0.968236,0.979761,False,3.0876,3.1328,3.1606,3.2527,0.206285,0.148176
CHNCXR_0574_1,Shenzhen,1,4,True,DWT,90,228864,60631,3.774703,2.119372,48.3794,0.992727,47.7362,48.6805,0.994077,0.992285,False,3.1661,3.1979,3.6155,3.6485,0.413221,0.33583
CHNCXR_0575_1,Shenzhen,1,2,True,DWT,10,261120,1573,166.001271,0.048192,30.453,0.793305,28.8805,31.227,0.692186,0.830047,False,2.1775,2.2508,1.3254,1.8023,0.06695,0.019395
CHNCXR_0575_1,Shenzhen,1,2,True,DWT,20,261120,3184,82.01005,0.097549,32.2264,0.836052,30.673,32.9881,0.758768,0.863957,False,2.435,2.571,0.8768,1.55,0.085189,0.03291
CHNCXR_0575_1,Shenzhen,1,2,True,DWT,30,261120,5625,46.421333,0.172335,33.9921,0.877034,32.3695,34.7985,0.820186,0.896912,False,2.6247,2.7654,0.8674,1.5541,0.107931,0.052894
CHNCXR_0575_1,Shenzhen,1,2,True,DWT,50,261120,11747,22.228654,0.359896,38.2342,0.93982,36.3251,39.2389,0.917712,0.948767,False,2.91,3.0154,1.9446,2.3321,0.141779,0.08928
CHNCXR_0575_1,Shenzhen,1,2,True,DWT,70,261120,27286,9.569743,0.835968,42.2277,0.971672,40.5975,43.0392,0.966988,0.973991,False,3.0854,3.1173,3.0905,3.1904,0.229521,0.156347
CHNCXR_0575_1,Shenzhen,1,2,True,DWT,90,261120,70560,3.70068,2.161765,48.187,0.991742,47.6927,48.3874,0.993254,0.991312,False,3.1343,3.1721,3.5802,3.6145,0.482955,0.395626
CHNCXR_0576_1,Shenzhen,1,1,True,DWT,10,227840,1404,162.279202,0.049298,30.476,0.800081,28.5914,31.6122,0.667829,0.856486,False,2.2486,2.2839,2.2224,2.4623,0.054655,0.013919
CHNCXR_0576_1,Shenzhen,1,1,True,DWT,20,227840,2843,80.140696,0.099824,32.277,0.840734,30.2742,33.5162,0.734405,0.885315,False,2.5127,2.6085,1.0282,1.6663,0.070491,0.026513
CHNCXR_0576_1,Shenzhen,1,1,True,DWT,30,227840,4529,50.306911,0.159024,33.9417,0.878337,31.8314,35.2793,0.799498,0.910824,False,2.7088,2.809,1.1642,1.7634,0.083033,0.038674
CHNCXR_0576_1,Shenzhen,1,1,True,DWT,50,227840,10654,21.385395,0.374087,37.9512,0.940229,35.6169,39.5099,0.909506,0.953964,False,2.9726,3.0469,2.0302,2.3937,0.126654,0.073553
CHNCXR_0576_1,Shenzhen,1,1,True,DWT,70,227840,24944,9.13406,0.875843,42.2278,0.973739,40.0569,43.623,0.965971,0.977441,False,3.1083,3.1554,3.1824,3.2741,0.204443,0.148529
CHNCXR_0576_1,Shenzhen,1,1,True,DWT,90,227840,61504,3.704475,2.159551,48.2444,0.992212,47.7261,48.4841,0.994142,0.99152,False,3.1801,3.2326,3.6274,3.6602,0.418082,0.343735
CHNCXR_0577_1,Shenzhen,1,2,True,DWT,10,254976,1386,183.965368,0.043486,30.964,0.818284,29.338,31.7744,0.695997,0.862592,False,2.2025,2.2824,1.8784,2.1813,0.063767,0.017361
CHNCXR_0577_1,Shenzhen,1,2,True,DWT,20,254976,3480,73.268966,0.109187,32.7725,0.851778,30.896,33.7556,0.748359,0.890012,False,2.4492,2.5309,0.5641,1.3546,0.089288,0.038125
CHNCXR_0577_1,Shenzhen,1,2,True,DWT,30,254976,5168,49.337461,0.162149,34.5018,0.883253,32.5299,35.5553,0.80502,0.912358,False,2.6592,2.7477,0.7911,1.5136,0.098877,0.047432
CHNCXR_0577_1,Shenzhen,1,2,True,DWT,50,254976,10497,24.290369,0.329349,38.5165,0.938775,36.1388,39.9024,0.904375,0.95231,False,2.961,3.0417,1.8561,2.2625,0.129425,0.075723
CHNCXR_0577_1,Shenzhen,1,2,True,DWT,70,254976,24985,10.205163,0.783917,42.3746,0.970488,40.3221,43.4899,0.962194,0.974008,False,3.0981,3.1366,3.0464,3.1661,0.214485,0.150671
CHNCXR_0577_1,Shenzhen,1,2,True,DWT,90,254976,65781,3.876134,2.063912,48.1997,0.991071,47.6692,48.4166,0.992974,0.990496,False,3.1828,3.2284,3.5502,3.5864,0.466002,0.391557
CHNCXR_0578_1,Shenzhen,1,4,True,DWT,10,254464,1647,154.501518,0.051779,29.7718,0.795621,27.7307,31.0064,0.655218,0.849612,False,2.2895,2.4113,2.4203,2.6172,0.071747,0.018425
CHNCXR_0578_1,Shenzhen,1,4,True,DWT,20,254464,3370,75.508605,0.105948,31.5071,0.840194,29.4249,32.7779,0.730808,0.88172,False,2.5127,2.5972,1.1354,1.7507,0.082582,0.031755
CHNCXR_0578_1,Shenzhen,1,4,True,DWT,30,254464,6062,41.976905,0.190581,33.36,0.882794,31.2031,34.6987,0.805453,0.912267,False,2.7056,2.7616,0.9979,1.652,0.113758,0.054448
CHNCXR_0578_1,Shenzhen,1,4,True,DWT,50,254464,12731,19.987746,0.400245,37.8204,0.944938,35.202,39.6331,0.915783,0.957669,False,2.9459,2.9969,2.1173,2.4646,0.151658,0.088438
CHNCXR_0578_1,Shenzhen,1,4,True,DWT,70,254464,29278,8.691304,0.92046,42.2619,0.975691,39.9482,43.7503,0.969866,0.978745,False,3.0289,3.091,3.2585,3.3546,0.23714,0.16983
CHNCXR_0578_1,Shenzhen,1,4,True,DWT,90,254464,70165,3.626651,2.205892,48.326,0.992691,47.7215,48.6021,0.994816,0.991995,False,3.1148,3.169,3.6355,3.6675,0.481094,0.396174
CHNCXR_0579_1,Shenzhen,1,1,True,DWT,10,221184,1585,139.548265,0.057328,30.0193,0.785699,28.6533,30.8144,0.690647,0.82787,False,2.2435,2.2769,1.1615,1.7203,0.058229,0.016627
CHNCXR_0579_1,Shenzhen,1,1,True,DWT,20,221184,3349,66.044789,0.12113,31.8073,0.831976,30.3503,32.6713,0.758433,0.863586,False,2.4828,2.5475,0.6983,1.4441,0.076523,0.032549
CHNCXR_0579_1,Shenzhen,1,1,True,DWT,30,221184,4678,47.281744,0.169198,33.6417,0.873696,32.141,34.5399,0.821089,0.895736,False,2.6737,2.7312,1.1907,1.7769,0.083589,0.043836
CHNCXR_0579_1,Shenzhen,1,1,True,DWT,50,221184,10771,20.535141,0.389576,37.8288,0.939603,36.0198,38.9858,0.91719,0.950488,False,2.9071,2.9884,2.0593,2.4011,0.1208,0.074782
CHNCXR_0579_1,Shenzhen,1,1,True,DWT,70,221184,25070,8.822657,0.906756,42.0742,0.973411,40.3502,43.1564,0.967768,0.976447,False,3.021,3.0538,3.1966,3.2793,0.20266,0.143209
CHNCXR_0579_1,Shenzhen,1,1,True,DWT,90,221184,62230,3.554299,2.250796,48.1671,0.992473,47.7086,48.3916,0.99393,0.991953,False,3.1108,3.1461,3.599,3.6325,0.418878,0.343569
CHNCXR_0580_1,Shenzhen,1,0,True,DWT,10,231424,1638,141.284493,0.056623,29.9769,0.799687,27.7503,31.2997,0.659107,0.853577,False,2.2597,2.3485,1.2331,1.7746,0.063564,0.016729
CHNCXR_0580_1,Shenzhen,1,0,True,DWT,20,231424,3513,65.876459,0.121439,31.6994,0.841512,29.4254,33.0645,0.734505,0.882208,False,2.5007,2.5766,0.674,1.432,0.078916,0.033461
CHNCXR_0580_1,Shenzhen,1,0,True,DWT,30,231424,5350,43.256822,0.184942,33.6967,0.885635,31.2163,35.2577,0.809106,0.914145,False,2.692,2.7778,0.9456,1.6152,0.098142,0.047983
CHNCXR_0580_1,Shenzhen,1,0,True,DWT,50,231424,11135,20.783476,0.384921,37.924,0.946222,35.3095,39.6225,0.918675,0.957159,False,2.9631,3.0505,2.0457,2.3974,0.130984,0.076884
CHNCXR_0580_1,Shenzhen,1,0,True,DWT,70,231424,25693,9.007278,0.888171,42.3875,0.976218,40.1415,43.7275,0.971516,0.978491,False,3.114,3.1406,3.1775,3.2757,0.209617,0.149328
CHNCXR_0580_1,Shenzhen,1,0,True,DWT,90,231424,61946,3.735899,2.141386,48.3869,0.992672,47.7451,48.6669,0.994977,0.991889,False,3.2035,3.2475,3.6155,3.6458,0.43036,0.340589
CHNCXR_0581_1,Shenzhen,1,1,True,DWT,10,236544,1690,139.966864,0.057156,30.25,0.801844,28.1036,31.5221,0.674279,0.852885,False,2.2602,2.2761,1.1523,1.7062,0.061688,0.019009
CHNCXR_0581_1,Shenzhen,1,1,True,DWT,20,236544,3550,66.632113,0.120062,32.0386,0.844866,29.9127,33.2929,0.750219,0.882332,False,2.5172,2.585,0.6815,1.4275,0.083171,0.035162
CHNCXR_0581_1,Shenzhen,1,1,True,DWT,30,236544,4917,48.107383,0.166295,33.956,0.885396,31.7638,35.2685,0.817186,0.911738,False,2.7038,2.7626,1.1727,1.7648,0.088235,0.047102
CHNCXR_0581_1,Shenzhen,1,1,True,DWT,50,236544,11052,21.402823,0.373782,38.2591,0.945661,35.8136,39.8102,0.919804,0.956645,False,2.9027,2.9933,2.0377,2.3906,0.127814,0.075356
CHNCXR_0581_1,Shenzhen,1,1,True,DWT,70,236544,25216,9.380711,0.852814,42.5013,0.975435,40.4133,43.723,0.970076,0.97795,False,3.0809,3.1178,3.1639,3.2605,0.208751,0.146758
CHNCXR_0581_1,Shenzhen,1,1,True,DWT,90,236544,62044,3.81252,2.09835,48.3021,0.992301,47.7606,48.5374,0.994374,0.991587,False,3.1499,3.1886,3.6495,3.684,0.432667,0.371392
CHNCXR_0582_1,Shenzhen,1,2,True,DWT,10,249856,1511,165.358041,0.04838,30.6811,0.808008,28.3176,31.8587,0.672269,0.850786,False,2.2198,2.3278,1.3512,1.8492,0.06466,0.017849
CHNCXR_0582_1,Shenzhen,1,2,True,DWT,20,249856,3524,70.901249,0.112833,32.3663,0.843954,29.9743,33.5651,0.736917,0.877464,False,2.4751,2.5635,0.5831,1.368,0.088921,0.036138
CHNCXR_0582_1,Shenzhen,1,2,True,DWT,30,249856,4833,51.69791,0.154745,34.1928,0.882585,31.6797,35.4848,0.808786,0.905018,False,2.6652,2.7429,1.0523,1.6876,0.095512,0.042387
CHNCXR_0582_1,Shenzhen,1,2,True,DWT,50,249856,11069,22.57259,0.354412,38.1361,0.938826,35.4665,39.5556,0.913327,0.947785,False,2.9146,3.0071,1.9419,2.3188,0.13677,0.079617
CHNCXR_0582_1,Shenzhen,1,2,True,DWT,70,249856,26240,9.521951,0.840164,42.1564,0.970615,40.0219,43.1715,0.968569,0.971814,False,3.0429,3.0857,3.1121,3.2213,0.219547,0.153752
CHNCXR_0582_1,Shenzhen,1,2,True,DWT,90,249856,67967,3.676137,2.176197,48.0499,0.991074,47.784,48.1409,0.994611,0.990048,False,3.0961,3.1524,3.5916,3.6238,0.518834,0.415917
CHNCXR_0583_1,Shenzhen,1,2,True,DWT,10,260608,1586,164.317781,0.048686,30.3184,0.810717,27.8056,31.7142,0.652859,0.862767,False,2.2654,2.3557,2.1678,2.4102,0.067052,0.018717
CHNCXR_0583_1,Shenzhen,1,2,True,DWT,20,260608,3837,67.919729,0.117786,32.1515,0.852066,29.4585,33.7091,0.728301,0.893461,False,2.5049,2.6273,0.6735,1.4279,0.095472,0.045529
CHNCXR_0583_1,Shenzhen,1,2,True,DWT,30,260608,5780,45.087889,0.177431,34.0163,0.889883,31.2268,35.666,0.800274,0.919317,False,2.6807,2.7315,0.9222,1.6032,0.138338,0.056408
CHNCXR_0583_1,Shenzhen,1,2,True,DWT,50,260608,11902,21.896152,0.365361,38.1935,0.947346,35.2311,40.0188,0.913526,0.959297,False,2.8982,2.9529,2.0164,2.384,0.164,0.097204
CHNCXR_0583_1,Shenzhen,1,2,True,DWT,70,260608,27263,9.559036,0.836904,42.6119,0.976586,40.0221,44.0752,0.969401,0.979438,False,3.0365,3.0864,3.1276,3.2327,0.24694,0.166342
CHNCXR_0583_1,Shenzhen,1,2,True,DWT,90,260608,66105,3.942334,2.029255,48.5196,0.992553,47.7366,48.8315,0.994729,0.991911,False,3.0782,3.1188,3.5978,3.6297,0.483123,0.375485
CHNCXR_0584_1,Shenzhen,1,2,True,DWT,10,253440,2074,122.19865,0.065467,30.9047,0.823885,28.4814,32.0173,0.687523,0.863889,False,2.201,2.2444,0.5616,1.3386,0.070469,0.02308
CHNCXR_0584_1,Shenzhen,1,2,True,DWT,20,253440,2987,84.847673,0.094287,32.7859,0.862377,30.2967,33.944,0.753047,0.893967,False,2.4642,2.5746,0.96,1.61,0.078529,0.036904
CHNCXR_0584_1,Shenzhen,1,2,True,DWT,30,253440,4776,53.065327,0.150758,34.5346,0.894313,31.9672,35.7484,0.814803,0.916805,False,2.6623,2.7667,1.047,1.6698,0.111705,0.04418
CHNCXR_0584_1,Shenzhen,1,2,True,DWT,50,253440,10863,23.330572,0.342898,38.6905,0.947618,35.9547,40.0302,0.916938,0.95711,False,2.9338,3.0437,1.8939,2.2878,0.135862,0.08594
CHNCXR_0584_1,Shenzhen,1,2,True,DWT,70,253440,24726,10.249939,0.780492,42.7963,0.975313,40.4399,43.8639,0.968501,0.97769,False,3.0877,3.1389,3.048,3.1628,0.213839,0.146762
CHNCXR_0584_1,Shenzhen,1,2,True,DWT,90,253440,62195,4.074926,1.963226,48.4492,0.991927,47.7135,48.6988,0.993895,0.991444,False,3.1729,3.231,3.6014,3.6347,0.464474,0.341725
CHNCXR_0585_1,Shenzhen,1,3,True,DWT,10,261120,1657,157.585999,0.050766,30.2972,0.806488,27.8428,31.5117,0.647518,0.85443,False,2.2241,2.311,1.4884,1.9446,0.099828,0.019531
CHNCXR_0585_1,Shenzhen,1,3,True,DWT,20,261120,3294,79.271403,0.100919,32.1054,0.849988,29.5787,33.3748,0.730651,0.885851,False,2.4811,2.5471,0.9449,1.6044,0.08805,0.033607
CHNCXR_0585_1,Shenzhen,1,3,True,DWT,30,261120,5737,45.515078,0.175766,34.0489,0.890406,31.4051,35.4105,0.804795,0.915874,False,2.6818,2.7693,0.897,1.5881,0.110171,0.052089
CHNCXR_0585_1,Shenzhen,1,3,True,DWT,50,261120,11812,22.106333,0.361887,38.3667,0.948876,35.4938,39.9226,0.916677,0.959411,False,2.941,3.0031,1.9848,2.3542,0.139688,0.085712
CHNCXR_0585_1,Shenzhen,1,3,True,DWT,70,261120,26771,9.753838,0.82019,42.7383,0.977123,40.1402,44.0633,0.969693,0.979835,False,3.0712,3.1111,3.0975,3.2072,0.226044,0.156409
CHNCXR_0585_1,Shenzhen,1,3,True,DWT,90,261120,65211,4.004232,1.997886,48.6024,0.992666,47.755,48.9138,0.99466,0.992151,False,3.1288,3.1821,3.5916,3.6256,0.452119,0.376334
CHNCXR_0586_1,Shenzhen,1,1,True,DWT,10,243200,1421,171.14708,0.046743,30.6373,0.826664,27.6371,31.6114,0.674156,0.855018,False,2.2058,2.2966,2.2952,2.5038,0.059948,0.016849
CHNCXR_0586_1,Shenzhen,1,1,True,DWT,20,243200,2872,84.679666,0.094474,32.5131,0.865692,29.4383,33.5253,0.752639,0.886082,False,2.4636,2.6054,1.0579,1.6864,0.084513,0.025876
CHNCXR_0586_1,Shenzhen,1,1,True,DWT,30,243200,4376,55.575868,0.143947,34.4163,0.899977,31.3091,35.4455,0.823458,0.913146,False,2.6717,2.7655,1.4235,1.9421,0.086679,0.037026
CHNCXR_0586_1,Shenzhen,1,1,True,DWT,50,243200,10778,22.564483,0.354539,38.8681,0.951065,35.5542,40.0095,0.92661,0.956209,False,2.9307,3.0417,1.9336,2.3263,0.127028,0.072251
CHNCXR_0586_1,Shenzhen,1,1,True,DWT,70,243200,23707,10.258573,0.779836,43.013,0.976159,40.2412,43.8765,0.973681,0.977075,False,3.0834,3.1609,3.044,3.1677,0.205174,0.139713
CHNCXR_0586_1,Shenzhen,1,1,True,DWT,90,243200,58959,4.1249,1.939441,48.3954,0.991439,47.74,48.5406,0.995047,0.990861,False,3.1814,3.2304,3.6695,3.7033,0.427817,0.323039
CHNCXR_0587_1,Shenzhen,1,0,True,DWT,10,261632,1747,149.760733,0.053419,30.2654,0.816275,27.9675,31.3307,0.656801,0.86292,False,2.2837,2.3611,1.5462,1.9689,0.068264,0.019463
CHNCXR_0587_1,Shenzhen,1,0,True,DWT,20,261632,3784,69.141649,0.115705,32.0872,0.855775,29.5324,33.3355,0.724655,0.894076,False,2.5242,2.6366,0.7265,1.4634,0.088057,0.037095
CHNCXR_0587_1,Shenzhen,1,0,True,DWT,30,261632,5818,44.969405,0.177899,33.9963,0.89349,31.1883,35.4442,0.795632,0.921546,False,2.6952,2.7508,0.9061,1.5922,0.105077,0.051681
CHNCXR_0587_1,Shenzhen,1,0,True,DWT,50,261632,12149,21.53527,0.371484,38.2067,0.949999,35.1178,39.9027,0.910862,0.96249,False,2.9306,2.9753,2.0342,2.3946,0.14621,0.093867
CHNCXR_0587_1,Shenzhen,1,0,True,DWT,70,261632,27671,9.455097,0.846104,42.7129,0.97822,39.949,44.1245,0.969221,0.98128,False,3.0541,3.1111,3.135,3.2364,0.2269,0.164578
CHNCXR_0587_1,Shenzhen,1,0,True,DWT,90,261632,65789,3.976835,2.01165,48.6284,0.992967,47.7914,48.9263,0.994807,0.992503,False,3.0996,3.1373,3.5926,3.6234,0.448058,0.360748
CHNCXR_0588_1,Shenzhen,1,1,True,DWT,10,240128,2052,117.021442,0.068364,29.8006,0.784643,28.2938,30.7829,0.666267,0.842269,False,2.2698,2.3505,0.8146,1.5095,0.077566,0.027742
CHNCXR_0588_1,Shenzhen,1,1,True,DWT,20,240128,3201,75.016557,0.106643,31.7165,0.83535,30.1382,32.7616,0.748026,0.877887,False,2.5086,2.6307,1.1473,1.7589,0.084912,0.028074
CHNCXR_0588_1,Shenzhen,1,1,True,DWT,30,240128,5157,46.563506,0.171808,33.584,0.877822,31.9609,34.6695,0.814289,0.907856,False,2.6865,2.7508,1.2663,1.8319,0.094737,0.044013
CHNCXR_0588_1,Shenzhen,1,1,True,DWT,50,240128,11879,20.214496,0.395756,37.8492,0.942552,35.8665,39.2904,0.916664,0.955916,False,2.9336,3.0074,2.0857,2.4379,0.143339,0.080523
CHNCXR_0588_1,Shenzhen,1,1,True,DWT,70,240128,27241,8.814948,0.907549,42.3154,0.97515,40.4385,43.6458,0.968538,0.978764,False,3.0443,3.0882,3.2228,3.3136,0.221745,0.160418
CHNCXR_0588_1,Shenzhen,1,1,True,DWT,90,240128,65604,3.660265,2.185634,48.2602,0.992522,47.745,48.5358,0.993977,0.991923,False,3.1008,3.1487,3.6503,3.6828,0.440804,0.363172
CHNCXR_0589_1,Shenzhen,1,1,True,DWT,10,240128,1592,150.834171,0.053038,30.006,0.791415,27.5836,31.4295,0.636337,0.848792,False,2.2396,2.2827,1.5499,1.9896,0.062488,0.018079
CHNCXR_0589_1,Shenzhen,1,1,True,DWT,20,240128,3036,79.093544,0.101146,31.7962,0.837703,29.3969,33.1989,0.727422,0.878115,False,2.4938,2.607,1.0392,1.675,0.074566,0.029204
CHNCXR_0589_1,Shenzhen,1,1,True,DWT,30,240128,5033,47.710709,0.167677,33.5683,0.880027,31.069,35.0629,0.798085,0.909539,False,2.6749,2.7794,1.1707,1.7719,0.093175,0.044445
CHNCXR_0589_1,Shenzhen,1,1,True,DWT,50,240128,11618,20.668618,0.38706,37.9039,0.944175,35.2251,39.5739,0.917451,0.955004,False,2.9106,2.9567,2.0217,2.3899,0.138528,0.081112
CHNCXR_0589_1,Shenzhen,1,1,True,DWT,70,240128,26780,8.966692,0.892191,42.1709,0.974882,39.8191,43.5313,0.970473,0.977011,False,3.0728,3.1193,3.1742,3.2732,0.213599,0.159294
CHNCXR_0589_1,Shenzhen,1,1,True,DWT,90,240128,65640,3.658257,2.186834,48.2647,0.992347,47.786,48.4584,0.995225,0.991395,False,3.1502,3.192,3.6078,3.6415,0.447332,0.372096
CHNCXR_0590_1,Shenzhen,1,1,True,DWT,10,236032,2066,114.245886,0.070024,30.2392,0.794526,28.5454,31.4234,0.664602,0.860122,False,2.2819,2.3864,0.6464,1.391,0.069801,0.021605
CHNCXR_0590_1,Shenzhen,1,1,True,DWT,20,236032,2988,78.993307,0.101274,31.9283,0.836652,30.0319,33.3185,0.731742,0.889301,False,2.5046,2.5867,1.0568,1.6863,0.073085,0.026886
CHNCXR_0590_1,Shenzhen,1,1,True,DWT,30,236032,4887,48.297933,0.165639,33.7115,0.877726,31.779,35.1405,0.801485,0.915359,False,2.711,2.7769,1.1827,1.7672,0.088954,0.04113
CHNCXR_0590_1,Shenzhen,1,1,True,DWT,50,236032,11304,20.880396,0.383134,37.9923,0.943073,35.7803,39.7465,0.914269,0.958512,False,2.9574,3.0438,2.0648,2.4044,0.134161,0.079364
CHNCXR_0590_1,Shenzhen,1,1,True,DWT,70,236032,25871,9.12342,0.876864,42.3526,0.975351,40.3578,43.8504,0.968567,0.979178,False,3.0844,3.1406,3.1603,3.2476,0.211999,0.157095
CHNCXR_0590_1,Shenzhen,1,1,True,DWT,90,236032,62971,3.748265,2.134321,48.3171,0.992557,47.7552,48.6282,0.994161,0.991873,False,3.18,3.2256,3.6231,3.6551,0.428095,0.347093
CHNCXR_0591_1,Shenzhen,1,3,True,DWT,10,260096,1753,148.371934,0.053919,30.173,0.799966,28.2239,31.1875,0.673841,0.842962,False,2.2411,2.3356,1.1719,1.7319,0.069213,0.019891
CHNCXR_0591_1,Shenzhen,1,3,True,DWT,20,260096,3296,78.912621,0.101378,32.1075,0.84748,29.9101,33.312,0.741338,0.88396,False,2.4812,2.5517,0.9361,1.6085,0.084321,0.034142
CHNCXR_0591_1,Shenzhen,1,3,True,DWT,30,260096,5702,45.614872,0.175381,33.9857,0.88655,31.7325,35.2358,0.81007,0.912122,False,2.6702,2.733,0.8911,1.5884,0.106181,0.05864
CHNCXR_0591_1,Shenzhen,1,3,True,DWT,50,260096,11811,22.021505,0.363281,38.173,0.945676,35.5223,39.7802,0.913465,0.9581,False,2.9064,2.9707,1.9884,2.3676,0.141073,0.084795
CHNCXR_0591_1,Shenzhen,1,3,True,DWT,70,260096,27382,9.498795,0.842212,42.5272,0.975879,40.2208,43.8216,0.96897,0.978815,False,3.0214,3.071,3.1259,3.2291,0.232135,0.163068
CHNCXR_0591_1,Shenzhen,1,3,True,DWT,90,260096,67206,3.870131,2.067114,48.4381,0.992541,47.7283,48.7313,0.99433,0.99202,False,3.0787,3.1204,3.5862,3.6162,0.465019,0.378475
CHNCXR_0592_1,Shenzhen,1,0,True,DWT,10,254976,1633,156.13962,0.051236,30.878,0.812646,28.7544,31.852,0.676944,0.855364,False,2.1969,2.2546,0.9423,1.5649,0.070032,0.021386
CHNCXR_0592_1,Shenzhen,1,0,True,DWT,20,254976,3593,70.964653,0.112732,32.7215,0.853851,30.4864,33.7696,0.744248,0.888175,False,2.4549,2.5887,0.5847,1.3674,0.092507,0.037836
CHNCXR_0592_1,Shenzhen,1,0,True,DWT,30,254976,4839,52.691878,0.151826,34.5874,0.890638,32.1679,35.7651,0.807061,0.916373,False,2.6375,2.7793,1.0097,1.6607,0.096326,0.04341
CHNCXR_0592_1,Shenzhen,1,0,True,DWT,50,254976,10895,23.403029,0.341836,38.6044,0.945977,35.9363,39.9729,0.910903,0.95762,False,2.9305,3.0679,1.8556,2.2708,0.133518,0.076429
CHNCXR_0592_1,Shenzhen,1,0,True,DWT,70,254976,24881,10.24782,0.780654,42.8603,0.976018,40.3494,44.1058,0.966515,0.979439,False,3.0981,3.142,3.0158,3.1368,0.209389,0.151696
CHNCXR_0592_1,Shenzhen,1,0,True,DWT,90,254976,61718,4.131307,1.936433,48.5296,0.992228,47.7577,48.8074,0.993773,0.991835,False,3.1817,3.2284,3.616,3.651,0.441722,0.337044
CHNCXR_0593_1,Shenzhen,1,1,True,DWT,10,252416,1804,139.920177,0.057175,30.2414,0.8006,28.8106,31.0481,0.704642,0.841307,False,2.2216,2.2603,1.1738,1.7313,0.066023,0.018982
CHNCXR_0593_1,Shenzhen,1,1,True,DWT,20,252416,3792,66.565401,0.120183,32.0546,0.84229,30.6532,32.8401,0.768504,0.873009,False,2.4769,2.573,0.6857,1.4416,0.092995,0.037722
CHNCXR_0593_1,Shenzhen,1,1,True,DWT,30,252416,5647,44.699132,0.178974,33.8762,0.880608,32.354,34.7506,0.8243,0.903543,False,2.6692,2.7444,0.9113,1.5983,0.101389,0.05298
CHNCXR_0593_1,Shenzhen,1,1,True,DWT,50,252416,11752,21.478557,0.372465,38.2423,0.942073,36.3754,39.3962,0.920243,0.952199,False,2.9027,3.0032,2.007,2.3759,0.137775,0.081958
CHNCXR_0593_1,Shenzhen,1,1,True,DWT,70,252416,26895,9.385239,0.852402,42.265,0.973011,40.6276,43.2284,0.967711,0.975747,False,3.0584,3.0992,3.1214,3.2239,0.220522,0.157555
CHNCXR_0593_1,Shenzhen,1,1,True,DWT,90,252416,68622,3.678354,2.174886,48.146,0.992115,47.7128,48.3486,0.993585,0.991602,False,3.1258,3.1603,3.6097,3.6449,0.469177,0.39474
CHNCXR_0594_1,Shenzhen,1,4,True,DWT,10,246272,1643,149.891662,0.053372,30.3633,0.799515,29.0634,31.1623,0.71074,0.841672,False,2.2673,2.3611,1.4514,1.925,0.062649,0.017033
CHNCXR_0594_1,Shenzhen,1,4,True,DWT,20,246272,2664,92.444444,0.086538,32.0614,0.840348,30.8511,32.7916,0.772547,0.871784,False,2.5094,2.6333,1.508,2.0144,0.069166,0.025575
CHNCXR_0594_1,Shenzhen,1,4,True,DWT,30,246272,5545,44.413345,0.180126,33.958,0.879598,32.5414,34.8504,0.827944,0.903205,False,2.6949,2.7643,0.8874,1.5901,0.103034,0.051096
CHNCXR_0594_1,Shenzhen,1,4,True,DWT,50,246272,11492,21.429864,0.373311,38.1834,0.941824,36.4857,39.3205,0.919895,0.953013,False,2.969,3.054,1.9819,2.3639,0.137146,0.079974
CHNCXR_0594_1,Shenzhen,1,4,True,DWT,70,246272,26316,9.358261,0.85486,42.2883,0.973605,40.6503,43.3709,0.96758,0.976922,False,3.1245,3.1563,3.1141,3.2166,0.228739,0.157702
CHNCXR_0594_1,Shenzhen,1,4,True,DWT,90,246272,66681,3.693286,2.166093,48.2373,0.992349,47.7248,48.5075,0.993515,0.991913,False,3.2168,3.2683,3.6172,3.6516,0.456189,0.37582
CHNCXR_0595_1,Shenzhen,1,1,True,DWT,10,231936,1637,141.683568,0.056464,29.8045,0.786804,28.6241,30.5343,0.693172,0.832364,False,2.2911,2.3948,1.7305,2.1415,0.060765,0.015504
CHNCXR_0595_1,Shenzhen,1,1,True,DWT,20,231936,2730,84.958242,0.094164,31.6484,0.835354,30.4604,32.384,0.764735,0.868885,False,2.5153,2.5808,1.6917,2.1394,0.067253,0.02413
CHNCXR_0595_1,Shenzhen,1,1,True,DWT,30,231936,5536,41.895954,0.190949,33.5845,0.876628,32.2506,34.436,0.823584,0.901402,False,2.702,2.7601,0.9756,1.644,0.098899,0.051131
CHNCXR_0595_1,Shenzhen,1,1,True,DWT,50,231936,11646,19.915507,0.401697,37.9607,0.942203,36.3261,39.0752,0.921693,0.952873,False,2.9215,2.9949,2.1057,2.4503,0.143746,0.081807
CHNCXR_0595_1,Shenzhen,1,1,True,DWT,70,231936,26373,8.794449,0.909665,42.1301,0.973951,40.5954,43.1534,0.968696,0.976951,False,3.0462,3.101,3.1775,3.2676,0.243234,0.161535
CHNCXR_0595_1,Shenzhen,1,1,True,DWT,90,231936,65558,3.537875,2.261244,48.1251,0.99241,47.7119,48.3452,0.993729,0.991885,False,3.113,3.17,3.6331,3.6688,0.457039,0.359403
CHNCXR_0596_1,Shenzhen,1,4,True,DWT,10,212480,1495,142.12709,0.056288,30.0012,0.816858,30.0382,29.988,0.696029,0.857253,False,2.203,2.2648,1.517,1.9039,0.05752,0.016033
CHNCXR_0596_1,Shenzhen,1,4,True,DWT,20,212480,2808,75.669516,0.105723,31.9522,0.852313,31.6075,32.0827,0.748515,0.887292,False,2.4518,2.5176,1.0564,1.6492,0.069586,0.03291
CHNCXR_0596_1,Shenzhen,1,4,True,DWT,30,212480,4191,50.699117,0.157794,34.7039,0.88877,33.2593,35.3657,0.805504,0.91837,False,2.6399,2.6907,1.5471,1.9991,0.07643,0.032636
CHNCXR_0596_1,Shenzhen,1,4,True,DWT,50,212480,9507,22.349847,0.357944,39.1295,0.947432,36.9836,40.2583,0.9103,0.961284,False,2.8677,2.9111,2.34,2.6144,0.1186,0.061249
CHNCXR_0596_1,Shenzhen,1,4,True,DWT,70,212480,21165,10.039216,0.796875,43.7628,0.978678,41.1799,45.2565,0.965206,0.984008,False,2.99,3.0398,3.0786,3.2007,0.182691,0.128039
CHNCXR_0596_1,Shenzhen,1,4,True,DWT,90,212480,47180,4.503603,1.776355,49.3107,0.993162,47.9411,49.9295,0.992545,0.993529,False,3.0354,3.0833,3.6729,3.7139,0.329631,0.264302
CHNCXR_0597_1,Shenzhen,1,1,True,DWT,10,261632,1653,158.277072,0.050544,30.5838,0.818454,28.1169,31.6504,0.674328,0.857021,False,2.247,2.2824,1.4384,1.9069,0.068354,0.020811
CHNCXR_0597_1,Shenzhen,1,1,True,DWT,20,261632,3664,71.406114,0.112035,32.4053,0.858531,29.8179,33.5511,0.74028,0.889958,False,2.4926,2.588,0.6917,1.4382,0.089919,0.03932
CHNCXR_0597_1,Shenzhen,1,1,True,DWT,30,261632,5686,46.013366,0.173863,34.3051,0.896109,31.6374,35.5058,0.810767,0.918411,False,2.6894,2.7662,0.8724,1.5736,0.115274,0.054245
CHNCXR_0597_1,Shenzhen,1,1,True,DWT,50,261632,11639,22.478907,0.355889,38.4907,0.950214,35.4656,39.9578,0.914226,0.960676,False,2.9153,2.9892,1.968,2.3509,0.140933,0.084819
CHNCXR_0597_1,Shenzhen,1,1,True,DWT,70,261632,26531,9.86137,0.811246,42.8496,0.977573,40.1478,44.074,0.968573,0.980469,False,3.054,3.0972,3.104,3.2127,0.233669,0.159942
CHNCXR_0597_1,Shenzhen,1,1,True,DWT,90,261632,64408,4.062104,1.969423,48.6378,0.992823,47.7461,48.9292,0.994405,0.992493,False,3.0993,3.1489,3.6026,3.6363,0.451807,0.370893
CHNCXR_0598_1,Shenzhen,1,3,True,DWT,10,257024,1556,165.182519,0.048431,29.6794,0.825519,30.6029,29.3404,0.737047,0.860444,False,2.136,2.2029,1.22,1.7189,0.071576,0.020883
CHNCXR_0598_1,Shenzhen,1,3,True,DWT,20,257024,3010,85.390033,0.093688,32.0554,0.862575,32.3521,31.9355,0.788311,0.892534,False,2.4012,2.4545,0.9018,1.5543,0.081437,0.033057
CHNCXR_0598_1,Shenzhen,1,3,True,DWT,30,257024,4744,54.178752,0.147659,34.9582,0.8955,34.1893,35.3302,0.839938,0.919256,False,2.6048,2.659,1.1887,1.7752,0.098464,0.045778
CHNCXR_0598_1,Shenzhen,1,3,True,DWT,50,257024,10270,25.02668,0.319659,39.7177,0.949529,38.0238,40.6987,0.924573,0.960894,False,2.8519,2.8927,2.1088,2.4251,0.1355,0.077955
CHNCXR_0598_1,Shenzhen,1,3,True,DWT,70,257024,22591,11.377274,0.703156,44.0251,0.977849,42.0591,45.2323,0.968729,0.982173,False,3.0034,3.0355,2.8274,2.9942,0.212743,0.14054
CHNCXR_0598_1,Shenzhen,1,3,True,DWT,90,257024,53204,4.830915,1.656001,49.0515,0.992022,48.0233,49.5734,0.991752,0.992301,False,3.0613,3.0941,3.6138,3.66,0.37564,0.29233
CHNCXR_0599_1,Shenzhen,1,4,True,DWT,10,260096,1505,172.821262,0.046291,31.4049,0.86252,31.7953,31.3063,0.767977,0.885686,False,2.1734,2.2523,1.3189,1.8064,0.068379,0.020492
CHNCXR_0599_1,Shenzhen,1,4,True,DWT,20,260096,2843,91.486458,0.087445,33.4518,0.888221,33.3212,33.4873,0.802456,0.909405,False,2.4147,2.4429,0.82,1.5063,0.078158,0.031665
CHNCXR_0599_1,Shenzhen,1,4,True,DWT,30,260096,4002,64.991504,0.123093,36.0026,0.914112,34.8412,36.3735,0.840933,0.932884,False,2.6114,2.6566,1.3303,1.8647,0.087652,0.039294
CHNCXR_0599_1,Shenzhen,1,4,True,DWT,50,260096,9077,28.654401,0.279189,40.4935,0.956907,38.4023,41.2772,0.920964,0.966619,False,2.8611,2.9074,1.989,2.3669,0.120325,0.067292
CHNCXR_0599_1,Shenzhen,1,4,True,DWT,70,260096,20406,12.746055,0.627645,44.7657,0.980323,42.3722,45.7146,0.966762,0.984146,False,2.9669,3.0231,2.8658,3.041,0.199811,0.124125
CHNCXR_0599_1,Shenzhen,1,4,True,DWT,90,260096,47359,5.492008,1.456662,49.5309,0.992407,48.1633,49.9827,0.990934,0.992905,False,3.0267,3.0671,3.6206,3.665,0.337524,0.283563
CHNCXR_0600_1,Shenzhen,1,4,True,DWT,10,249856,1572,158.941476,0.050333,29.5964,0.778839,27.5885,30.7974,0.625128,0.840094,False,2.2925,2.3778,2.4012,2.5991,0.063217,0.018036
CHNCXR_0600_1,Shenzhen,1,4,True,DWT,20,249856,3251,76.855122,0.104092,31.3429,0.826304,29.0603,32.7951,0.696891,0.877943,False,2.5165,2.6254,1.1368,1.7311,0.07683,0.032021
CHNCXR_0600_1,Shenzhen,1,4,True,DWT,30,249856,5864,42.608458,0.187756,33.1618,0.87121,30.7135,34.781,0.773894,0.908858,False,2.691,2.7238,0.9959,1.65,0.105914,0.05201
CHNCXR_0600_1,Shenzhen,1,4,True,DWT,50,249856,12842,19.456159,0.411181,37.2955,0.941267,34.5378,39.2647,0.902523,0.957703,False,2.8925,2.9444,2.1807,2.4981,0.143274,0.085343
CHNCXR_0600_1,Shenzhen,1,4,True,DWT,70,249856,30369,8.227337,0.972368,42.0336,0.976803,39.5922,43.6456,0.968936,0.980325,False,2.9929,3.0421,3.263,3.3422,0.234967,0.171612
CHNCXR_0600_1,Shenzhen,1,4,True,DWT,90,249856,69919,3.573506,2.238697,48.5194,0.993459,47.78,48.8639,0.995287,0.992798,False,3.0306,3.0881,3.5686,3.5961,0.487775,0.387812
CHNCXR_0601_1,Shenzhen,1,1,True,DWT,10,236544,1488,158.967742,0.050325,31.053,0.830035,28.4524,32.0845,0.689309,0.864305,False,2.2281,2.3266,1.3225,1.8236,0.059024,0.015301
CHNCXR_0601_1,Shenzhen,1,1,True,DWT,20,236544,3349,70.631233,0.113264,32.9353,0.86659,30.1452,34.0837,0.751733,0.894494,False,2.4901,2.5918,0.599,1.375,0.082958,0.035389
CHNCXR_0601_1,Shenzhen,1,1,True,DWT,30,236544,4971,47.584792,0.168121,34.7224,0.897544,31.6867,36.0351,0.805559,0.919407,False,2.6901,2.7946,0.8157,1.528,0.098036,0.050331
CHNCXR_0601_1,Shenzhen,1,1,True,DWT,50,236544,10000,23.6544,0.338203,38.7697,0.947849,35.5673,40.2033,0.913586,0.956924,False,2.9708,3.048,1.8787,2.2799,0.121315,0.068755
CHNCXR_0601_1,Shenzhen,1,1,True,DWT,70,236544,22574,10.478604,0.76346,42.9191,0.975586,40.1335,44.0645,0.968651,0.977763,False,3.1121,3.1557,3.0167,3.1356,0.194102,0.131055
CHNCXR_0601_1,Shenzhen,1,1,True,DWT,90,236544,56528,4.184546,1.911797,48.4879,0.991724,47.747,48.7014,0.994445,0.991157,False,3.1765,3.2281,3.6249,3.6542,0.394938,0.31419
CHNCXR_0602_1,Shenzhen,1,2,True,DWT,10,237568,1785,133.091317,0.060109,29.4296,0.809937,30.7131,28.8242,0.729946,0.85258,False,2.2379,2.2845,1.5097,1.9068,0.061502,0.018325
CHNCXR_0602_1,Shenzhen,1,2,True,DWT,20,237568,3383,70.224061,0.113921,31.6516,0.844224,32.3434,31.2929,0.776707,0.882053,False,2.475,2.5261,1.0549,1.6564,0.083295,0.032537
CHNCXR_0602_1,Shenzhen,1,2,True,DWT,30,237568,5088,46.691824,0.171336,34.4293,0.881445,33.9501,34.736,0.826102,0.914476,False,2.6682,2.7298,1.5123,1.9928,0.083215,0.041053
CHNCXR_0602_1,Shenzhen,1,2,True,DWT,50,237568,11085,21.431484,0.373283,39.0156,0.941634,37.5134,40.2165,0.91317,0.95971,False,2.8996,2.9335,2.379,2.6481,0.119368,0.072697
CHNCXR_0602_1,Shenzhen,1,2,True,DWT,70,237568,24340,9.760394,0.819639,43.4304,0.975153,41.5456,45.0906,0.964341,0.982331,False,2.9929,3.0429,3.0722,3.2002,0.200856,0.137728
CHNCXR_0602_1,Shenzhen,1,2,True,DWT,90,237568,55956,4.245622,1.884294,48.8888,0.992102,47.9082,49.5848,0.991597,0.992678,False,3.0715,3.117,3.6903,3.7305,0.385589,0.308817
CHNCXR_0603_1,Shenzhen,1,2,True,DWT,10,206336,1549,133.205939,0.060057,30.1099,0.82565,29.8048,30.1878,0.694773,0.857969,False,2.1815,2.25,1.2089,1.7262,0.056309,0.015602
CHNCXR_0603_1,Shenzhen,1,2,True,DWT,20,206336,2813,73.350871,0.109065,32.1085,0.858124,31.2605,32.3433,0.745859,0.886097,False,2.442,2.5065,0.8977,1.5595,0.067715,0.026112
CHNCXR_0603_1,Shenzhen,1,2,True,DWT,30,206336,4047,50.984927,0.156909,34.7787,0.893415,32.9416,35.3762,0.809066,0.915335,False,2.6527,2.7074,1.4198,1.9527,0.074184,0.032926
CHNCXR_0603_1,Shenzhen,1,2,True,DWT,50,206336,8784,23.489982,0.340571,39.419,0.949219,36.7008,40.4557,0.912962,0.958907,False,2.8943,2.9509,2.199,2.5525,0.103766,0.059134
CHNCXR_0603_1,Shenzhen,1,2,True,DWT,70,206336,19564,10.546718,0.75853,43.9467,0.978987,40.9941,45.1252,0.966884,0.98236,False,3.0366,3.0861,3.0232,3.1741,0.179529,0.115751
CHNCXR_0603_1,Shenzhen,1,2,True,DWT,90,206336,43902,4.699923,1.702156,49.3686,0.992983,47.8902,49.8214,0.993104,0.993079,False,3.0827,3.1241,3.6701,3.7142,0.305073,0.237893
CHNCXR_0604_1,Shenzhen,1,2,True,DWT,10,259072,1400,185.051429,0.043231,31.5119,0.869458,30.6979,31.6936,0.737192,0.894371,False,2.0823,2.1667,1.2743,1.7465,0.067235,0.018742
CHNCXR_0604_1,Shenzhen,1,2,True,DWT,20,259072,2671,96.994384,0.082479,33.5174,0.893974,32.0733,33.8719,0.784247,0.914396,False,2.3568,2.4105,0.8726,1.5404,0.074925,0.027464
CHNCXR_0604_1,Shenzhen,1,2,True,DWT,30,259072,3926,65.988793,0.121233,36.1375,0.919919,33.7226,36.8322,0.830489,0.93715,False,2.5777,2.652,1.2415,1.8068,0.084439,0.03656
CHNCXR_0604_1,Shenzhen,1,2,True,DWT,50,259072,8707,29.75445,0.268867,40.5937,0.959701,37.3436,41.6798,0.91847,0.967899,False,2.8538,2.9483,1.9419,2.3236,0.117587,0.065541
CHNCXR_0604_1,Shenzhen,1,2,True,DWT,70,259072,19523,13.270092,0.602859,44.9642,0.981927,41.6498,46.0854,0.967967,0.984874,False,2.985,3.0255,2.7873,2.9716,0.179689,0.121297
CHNCXR_0604_1,Shenzhen,1,2,True,DWT,90,259072,44830,5.778987,1.384326,49.832,0.992971,48.0459,50.2948,0.992316,0.993195,False,3.0472,3.1026,3.5451,3.5919,0.321658,0.252273
CHNCXR_0605_1,Shenzhen,1,1,True,DWT,10,213504,1448,147.447514,0.054257,30.0475,0.824432,30.5235,29.8448,0.728653,0.866135,False,2.1463,2.2249,1.566,1.9599,0.05435,0.014183
CHNCXR_0605_1,Shenzhen,1,1,True,DWT,20,213504,2825,75.576637,0.105853,32.0335,0.857959,31.9322,32.081,0.77237,0.897147,False,2.4171,2.4677,1.0364,1.6494,0.069891,0.026453
CHNCXR_0605_1,Shenzhen,1,1,True,DWT,30,213504,4239,50.366596,0.158835,34.76,0.895044,33.6481,35.3862,0.827232,0.926636,False,2.6426,2.6819,1.4852,1.9704,0.076559,0.032543
CHNCXR_0605_1,Shenzhen,1,1,True,DWT,50,213504,9210,23.181759,0.345099,39.3926,0.947893,37.3342,40.8136,0.915588,0.963805,False,2.917,2.9695,2.2888,2.5846,0.108773,0.062144
CHNCXR_0605_1,Shenzhen,1,1,True,DWT,70,213504,20436,10.447446,0.765737,43.7971,0.97778,41.4609,45.5227,0.965972,0.983779,False,3.0674,3.1147,3.0312,3.1746,0.181243,0.121093
CHNCXR_0605_1,Shenzhen,1,1,True,DWT,90,213504,46728,4.569081,1.750899,49.1178,0.992488,47.9706,49.7684,0.992101,0.992841,False,3.1691,3.2052,3.7003,3.7427,0.322611,0.252896
CHNCXR_0606_1,Shenzhen,1,1,True,DWT,10,260096,1537,169.223162,0.047275,31.2078,0.828381,29.1889,31.8859,0.707624,0.854239,False,2.1979,2.2917,1.2404,1.7728,0.065299,0.018955
CHNCXR_0606_1,Shenzhen,1,1,True,DWT,20,260096,2500,104.0384,0.076895,33.0259,0.863204,30.9207,33.7439,0.767866,0.8835,False,2.4632,2.5941,1.333,1.8739,0.074306,0.025096
CHNCXR_0606_1,Shenzhen,1,1,True,DWT,30,260096,4742,54.849431,0.145854,34.8679,0.894364,32.4918,35.7188,0.820361,0.909468,False,2.6609,2.7639,0.9478,1.6228,0.097827,0.045144
CHNCXR_0606_1,Shenzhen,1,1,True,DWT,50,260096,10759,24.174737,0.330924,38.8781,0.945584,36.1963,39.8948,0.916157,0.953247,False,2.8981,2.9761,1.8325,2.2599,0.136793,0.080303
CHNCXR_0606_1,Shenzhen,1,1,True,DWT,70,260096,24707,10.527219,0.759935,42.883,0.97458,40.3971,43.7913,0.967164,0.976772,False,3.0353,3.0903,2.9793,3.1107,0.214437,0.150603
CHNCXR_0606_1,Shenzhen,1,1,True,DWT,90,260096,62788,4.142448,1.931225,48.4988,0.991857,47.7092,48.7157,0.993847,0.99152,False,3.0942,3.1474,3.6021,3.6382,0.439311,0.353552
CHNCXR_0607_1,Shenzhen,1,3,True,DWT,10,261120,1634,159.804162,0.050061,29.9823,0.795024,28.0809,31.2105,0.669944,0.847418,False,2.2839,2.3804,2.0777,2.3482,0.067504,0.019244
CHNCXR_0607_1,Shenzhen,1,3,True,DWT,20,261120,3219,81.11836,0.098621,31.8644,0.843146,29.7773,33.2712,0.747106,0.883127,False,2.4984,2.5756,1.1975,1.7874,0.079333,0.030885
CHNCXR_0607_1,Shenzhen,1,3,True,DWT,30,261120,6011,43.440359,0.184161,33.8026,0.885993,31.574,35.3561,0.815584,0.915068,False,2.6804,2.733,0.9646,1.6314,0.109159,0.055701
CHNCXR_0607_1,Shenzhen,1,3,True,DWT,50,261120,12508,20.876239,0.383211,38.0585,0.947125,35.6226,39.8454,0.919721,0.959766,False,2.8803,2.9244,2.0616,2.4124,0.144708,0.096925
CHNCXR_0607_1,Shenzhen,1,3,True,DWT,70,261120,28710,9.095089,0.879596,42.4895,0.976914,40.306,43.995,0.970388,0.980218,False,2.9838,3.0355,3.1692,3.264,0.23835,0.169971
CHNCXR_0607_1,Shenzhen,1,3,True,DWT,90,261120,68842,3.793033,2.10913,48.4914,0.99299,47.7391,48.8763,0.994569,0.992417,False,3.0336,3.0702,3.611,3.642,0.461784,0.388133
CHNCXR_0608_1,Shenzhen,1,2,True,DWT,10,261120,1688,154.691943,0.051716,30.4743,0.816507,28.0131,31.7505,0.680484,0.859252,False,2.26,2.3565,1.4862,1.9368,0.072147,0.020353
CHNCXR_0608_1,Shenzhen,1,2,True,DWT,20,261120,3304,79.031477,0.101225,32.2351,0.857456,29.604,33.6502,0.744872,0.892927,False,2.484,2.5795,0.9456,1.6075,0.084326,0.033596
CHNCXR_0608_1,Shenzhen,1,2,True,DWT,30,261120,5754,45.380605,0.176287,34.2532,0.895939,31.5254,35.7521,0.815107,0.921006,False,2.6912,2.7801,0.9011,1.5881,0.110953,0.054986
CHNCXR_0608_1,Shenzhen,1,2,True,DWT,50,261120,11732,22.257075,0.359436,38.3555,0.950526,35.2972,40.169,0.914734,0.962701,False,2.9326,3.0069,1.9993,2.3708,0.15513,0.08343
CHNCXR_0608_1,Shenzhen,1,2,True,DWT,70,261120,26712,9.775382,0.818382,42.8639,0.978627,40.1101,44.3858,0.969234,0.982039,False,3.0622,3.1188,3.1267,3.2301,0.225522,0.158717
CHNCXR_0608_1,Shenzhen,1,2,True,DWT,90,261120,63802,4.092662,1.954718,48.7254,0.993183,47.715,49.123,0.994542,0.992833,False,3.126,3.189,3.5993,3.6317,0.447549,0.356789
CHNCXR_0609_1,Shenzhen,1,0,True,DWT,10,257536,2169,118.734901,0.067377,30.1548,0.798804,28.1108,31.4456,0.673444,0.852558,False,2.2421,2.2755,0.6544,1.3975,0.076039,0.025758
CHNCXR_0609_1,Shenzhen,1,0,True,DWT,20,257536,3196,80.580726,0.099279,31.81,0.841136,29.7194,33.1442,0.74303,0.88329,False,2.4888,2.5872,1.0574,1.6885,0.078822,0.032045
CHNCXR_0609_1,Shenzhen,1,0,True,DWT,30,257536,5322,48.390831,0.165321,33.8307,0.884792,31.6236,35.2777,0.817692,0.913156,False,2.6866,2.7716,1.1692,1.7684,0.100942,0.056343
CHNCXR_0609_1,Shenzhen,1,0,True,DWT,50,257536,12167,21.166763,0.377951,38.0267,0.945213,35.5218,39.7908,0.919505,0.957106,False,2.9422,3.0455,2.03,2.3959,0.14284,0.082915
CHNCXR_0609_1,Shenzhen,1,0,True,DWT,70,257536,27776,9.271889,0.862823,42.3646,0.975383,40.1965,43.7732,0.970493,0.977896,False,3.0848,3.1196,3.1555,3.2584,0.229877,0.170865
CHNCXR_0609_1,Shenzhen,1,0,True,DWT,90,257536,68191,3.776686,2.118259,48.3304,0.992431,47.7573,48.6008,0.994721,0.991565,False,3.1465,3.1975,3.6173,3.6492,0.460608,0.374221
CHNCXR_0610_1,Shenzhen,1,3,True,DWT,10,259072,1451,178.547209,0.044806,31.0671,0.816266,29.0825,32.0265,0.708677,0.852017,False,2.1689,2.223,1.1422,1.6829,0.065455,0.018362
CHNCXR_0610_1,Shenzhen,1,3,True,DWT,20,259072,2483,104.3383,0.076674,32.9727,0.853972,30.703,34.1354,0.768047,0.883146,False,2.435,2.5463,1.3652,1.8764,0.071387,0.025602
CHNCXR_0610_1,Shenzhen,1,3,True,DWT,30,259072,4682,55.333618,0.144578,34.6694,0.887533,32.4298,35.8096,0.824791,0.908751,False,2.649,2.7531,0.9499,1.6229,0.096258,0.043697
CHNCXR_0610_1,Shenzhen,1,3,True,DWT,50,259072,10450,24.791579,0.32269,38.7031,0.94144,36.226,40.0292,0.918192,0.950284,False,2.9073,3.0139,1.7872,2.2131,0.132753,0.077678
CHNCXR_0610_1,Shenzhen,1,3,True,DWT,70,259072,24604,10.52967,0.759758,42.4522,0.971097,40.4121,43.4495,0.967844,0.972726,False,3.06,3.098,3.0106,3.1346,0.214501,0.147814
CHNCXR_0610_1,Shenzhen,1,3,True,DWT,90,259072,66031,3.92349,2.039001,48.165,0.991103,47.7222,48.3275,0.993849,0.990308,False,3.1582,3.2114,3.5704,3.6062,0.484842,0.38248
CHNCXR_0611_1,Shenzhen,1,2,True,DWT,10,242688,1660,146.19759,0.05472,30.5721,0.84712,31.1325,30.3744,0.755241,0.879823,False,2.1708,2.2296,1.5694,1.9566,0.062831,0.016642
CHNCXR_0611_1,Shenzhen,1,2,True,DWT,20,242688,3236,74.996292,0.106672,32.3803,0.872611,32.6236,32.2903,0.794155,0.900906,False,2.4439,2.4951,0.9387,1.603,0.078189,0.030087
CHNCXR_0611_1,Shenzhen,1,2,True,DWT,30,242688,4734,51.264892,0.156052,35.022,0.905293,34.3494,35.3113,0.842764,0.929021,False,2.6327,2.6781,1.3811,1.9096,0.0889,0.040865
CHNCXR_0611_1,Shenzhen,1,2,True,DWT,50,242688,10106,24.014249,0.333136,40.0786,0.954322,38.1546,41.1268,0.926039,0.965897,False,2.8846,2.942,2.1978,2.5227,0.122027,0.068578
CHNCXR_0611_1,Shenzhen,1,2,True,DWT,70,242688,21371,11.35595,0.704477,44.5471,0.980031,42.2696,45.8856,0.970038,0.984303,False,3.014,3.0572,2.9293,3.097,0.187729,0.125696
CHNCXR_0611_1,Shenzhen,1,2,True,DWT,90,242688,47525,5.106533,1.566621,49.5442,0.992683,48.1988,50.1977,0.992015,0.99313,False,3.0748,3.1193,3.6499,3.6998,0.3443,0.255957
CHNCXR_0612_1,Shenzhen,1,1,True,DWT,10,244736,1428,171.383754,0.046679,30.9335,0.816841,28.6366,32.178,0.695542,0.859932,False,2.2276,2.3301,2.0845,2.3456,0.073913,0.019862
CHNCXR_0612_1,Shenzhen,1,1,True,DWT,20,244736,3461,70.712511,0.113134,32.6406,0.853163,30.2699,33.9455,0.756283,0.887542,False,2.4991,2.5743,0.6105,1.3807,0.091677,0.035675
CHNCXR_0612_1,Shenzhen,1,1,True,DWT,30,244736,4686,52.227059,0.153177,34.414,0.887389,31.9684,35.7825,0.812831,0.913193,False,2.702,2.7941,1.0571,1.6878,0.091734,0.041434
CHNCXR_0612_1,Shenzhen,1,1,True,DWT,50,244736,10598,23.092659,0.34643,38.4299,0.942862,35.7897,39.973,0.914685,0.953563,False,2.9701,3.0817,1.9317,2.3224,0.127612,0.074093
CHNCXR_0612_1,Shenzhen,1,1,True,DWT,70,244736,24645,9.930452,0.805603,42.4564,0.97293,40.1888,43.6773,0.967581,0.975316,False,3.1546,3.2075,3.1132,3.221,0.20727,0.146667
CHNCXR_0612_1,Shenzhen,1,1,True,DWT,90,244736,62818,3.895953,2.053413,48.2483,0.991603,47.6967,48.4638,0.994187,0.990799,False,3.2399,3.2835,3.611,3.647,0.437961,0.366812
CHNCXR_0613_1,Shenzhen,1,0,True,DWT,10,249856,1758,142.125142,0.056288,29.7708,0.820554,30.3012,29.5748,0.736504,0.849909,False,2.1957,2.2579,1.6508,2.0355,0.066842,0.018526
CHNCXR_0613_1,Shenzhen,1,0,True,DWT,20,249856,3453,72.359108,0.11056,31.7169,0.855432,31.9937,31.6106,0.783059,0.882543,False,2.4529,2.5159,1.0533,1.6539,0.081533,0.032839
CHNCXR_0613_1,Shenzhen,1,0,True,DWT,30,249856,5312,47.036145,0.170082,34.2464,0.890485,33.6572,34.5075,0.834535,0.912419,False,2.6365,2.6944,1.3407,1.8759,0.095615,0.04352
CHNCXR_0613_1,Shenzhen,1,0,True,DWT,50,249856,11313,22.085742,0.362225,39.2351,0.947108,37.5587,40.1458,0.923211,0.957488,False,2.869,2.927,2.3408,2.6274,0.13256,0.085741
CHNCXR_0613_1,Shenzhen,1,0,True,DWT,70,249856,24802,10.074026,0.794121,43.6609,0.97699,41.6842,44.8043,0.968716,0.980868,False,2.9752,3.0143,3.1048,3.2376,0.20368,0.144474
CHNCXR_0613_1,Shenzhen,1,0,True,DWT,90,249856,56474,4.424266,1.80821,48.955,0.992222,47.9963,49.4087,0.992425,0.992343,False,3.0087,3.0532,3.719,3.7618,0.374771,0.316643
CHNCXR_0614_1,Shenzhen,1,1,True,DWT,10,254976,1680,151.771429,0.052711,29.983,0.796894,28.4054,31.0284,0.701322,0.84266,False,2.2238,2.2677,1.5457,1.9705,0.071679,0.020067
CHNCXR_0614_1,Shenzhen,1,1,True,DWT,20,254976,3864,65.987578,0.121235,31.9971,0.844671,30.2614,33.1886,0.769636,0.881063,False,2.484,2.5694,0.7082,1.4526,0.088198,0.039788
CHNCXR_0614_1,Shenzhen,1,1,True,DWT,30,254976,5739,44.428646,0.180064,33.7853,0.881029,31.9352,35.0893,0.826796,0.907501,False,2.6658,2.7392,0.9204,1.6028,0.107201,0.05593
CHNCXR_0614_1,Shenzhen,1,1,True,DWT,50,254976,11859,21.500632,0.372082,38.1648,0.942878,36.0445,39.76,0.923618,0.95301,False,2.8749,2.973,1.9821,2.3535,0.14566,0.084999
CHNCXR_0614_1,Shenzhen,1,1,True,DWT,70,254976,27481,9.278265,0.86223,42.1915,0.972992,40.4321,43.406,0.97,0.974826,False,3.0165,3.0802,3.1384,3.2379,0.223853,0.172876
CHNCXR_0614_1,Shenzhen,1,1,True,DWT,90,254976,70456,3.618939,2.210592,48.0632,0.991856,47.6726,48.2675,0.994207,0.990831,False,3.0557,3.1173,3.6159,3.6517,0.491053,0.398146
CHNCXR_0615_1,Shenzhen,1,0,True,DWT,10,229376,1679,136.614652,0.058559,29.6841,0.820214,30.2334,29.5023,0.729694,0.848506,False,2.1976,2.2752,1.5002,1.9187,0.062224,0.017718
CHNCXR_0615_1,Shenzhen,1,0,True,DWT,20,229376,3200,71.68,0.111607,31.3547,0.853211,31.9192,31.1683,0.778778,0.876744,False,2.4285,2.4948,0.9778,1.6193,0.074664,0.030777
CHNCXR_0615_1,Shenzhen,1,0,True,DWT,30,229376,4717,48.627517,0.164516,34.5783,0.887092,33.4544,35.0661,0.824849,0.908806,False,2.609,2.6771,1.5261,1.9932,0.085451,0.037048
CHNCXR_0615_1,Shenzhen,1,0,True,DWT,50,229376,10379,22.10001,0.361991,39.1342,0.944934,37.2286,40.0932,0.917084,0.955872,False,2.8202,2.8602,2.3206,2.5867,0.129254,0.067332
CHNCXR_0615_1,Shenzhen,1,0,True,DWT,70,229376,23138,9.913389,0.806989,43.5071,0.976143,41.3299,44.6658,0.96596,0.980418,False,2.9095,2.9479,3.063,3.185,0.212932,0.133206
CHNCXR_0615_1,Shenzhen,1,0,True,DWT,90,229376,53142,4.316285,1.853446,48.8949,0.992105,47.9485,49.293,0.992368,0.99222,False,2.9598,2.9983,3.6814,3.7217,0.365279,0.293727
CHNCXR_0616_1,Shenzhen,1,0,True,DWT,10,237568,1649,144.06792,0.055529,30.5483,0.844042,30.6551,30.5103,0.743372,0.877433,False,2.1881,2.2449,1.2763,1.7558,0.063678,0.023057
CHNCXR_0616_1,Shenzhen,1,0,True,DWT,20,237568,3147,75.490308,0.105974,32.5512,0.873353,32.2693,32.6579,0.788492,0.903436,False,2.4445,2.5042,0.9266,1.5702,0.074066,0.028173
CHNCXR_0616_1,Shenzhen,1,0,True,DWT,30,237568,4397,54.029566,0.148067,35.1649,0.903117,33.8953,35.7348,0.834665,0.92774,False,2.6564,2.7172,1.4094,1.9176,0.08552,0.034819
CHNCXR_0616_1,Shenzhen,1,0,True,DWT,50,237568,9591,24.769888,0.322973,39.7552,0.951146,37.5026,40.9825,0.917391,0.963999,False,2.8831,2.9537,2.2012,2.514,0.11699,0.064736
CHNCXR_0616_1,Shenzhen,1,0,True,DWT,70,237568,21068,11.276248,0.709456,44.0259,0.97811,41.5518,45.4405,0.965959,0.982957,False,3.0122,3.0774,2.9322,3.081,0.181936,0.127844
CHNCXR_0616_1,Shenzhen,1,0,True,DWT,90,237568,48997,4.848623,1.649953,49.2235,0.992264,48.0078,49.7638,0.992063,0.992498,False,3.0612,3.1313,3.6295,3.6742,0.343162,0.270549
CHNCXR_0617_1,Shenzhen,1,4,True,DWT,10,246784,1685,146.459347,0.054623,30.4399,0.800558,28.0201,31.9046,0.67976,0.846882,False,2.2268,2.3333,1.0248,1.6467,0.065703,0.024423
CHNCXR_0617_1,Shenzhen,1,4,True,DWT,20,246784,3481,70.894571,0.112844,32.1668,0.841714,29.8035,33.5791,0.752504,0.875421,False,2.4707,2.5905,0.6475,1.4152,0.084947,0.036131
CHNCXR_0617_1,Shenzhen,1,4,True,DWT,30,246784,4914,50.220594,0.159297,33.9589,0.880495,31.5295,35.4325,0.819689,0.902831,False,2.6477,2.75,1.073,1.7088,0.095359,0.042912
CHNCXR_0617_1,Shenzhen,1,4,True,DWT,50,246784,11312,21.816124,0.366701,38.0138,0.940798,35.4842,39.5841,0.920986,0.949072,False,2.9486,3.0563,1.965,2.3396,0.136542,0.078778
CHNCXR_0617_1,Shenzhen,1,4,True,DWT,70,246784,26469,9.323511,0.858046,42.2444,0.972903,40.1517,43.4228,0.97132,0.973994,False,3.0896,3.1476,3.1208,3.2314,0.224545,0.16037
CHNCXR_0617_1,Shenzhen,1,4,True,DWT,90,246784,66740,3.697693,2.163511,48.1643,0.991742,47.7274,48.3445,0.994898,0.990655,False,3.1513,3.1929,3.6004,3.6338,0.456182,0.373237
CHNCXR_0618_1,Shenzhen,1,1,True,DWT,10,244736,1612,151.82134,0.052694,30.2556,0.792369,28.3863,31.5813,0.680241,0.847501,False,2.2215,2.2631,1.5256,1.9556,0.070118,0.017863
CHNCXR_0618_1,Shenzhen,1,1,True,DWT,20,244736,3149,77.718641,0.102935,31.9441,0.834548,30.0669,33.2779,0.747388,0.876589,False,2.4822,2.5678,0.9605,1.6124,0.075383,0.029657
CHNCXR_0618_1,Shenzhen,1,1,True,DWT,30,244736,5493,44.55416,0.179557,33.7914,0.878282,31.9106,35.1288,0.819219,0.905949,False,2.6529,2.7141,0.9419,1.6013,0.099575,0.048856
CHNCXR_0618_1,Shenzhen,1,1,True,DWT,50,244736,11530,21.226019,0.376896,38.0369,0.940121,35.9102,39.642,0.920057,0.950707,False,2.8627,2.9461,2.02,2.3837,0.13618,0.081431
CHNCXR_0618_1,Shenzhen,1,1,True,DWT,70,244736,26834,9.12037,0.877157,42.1096,0.971888,40.3376,43.3382,0.969345,0.973617,False,3.0027,3.0613,3.1809,3.2736,0.220104,0.159787
CHNCXR_0618_1,Shenzhen,1,1,True,DWT,90,244736,68070,3.595358,2.225092,48.0464,0.991491,47.7704,48.188,0.994307,0.99023,False,3.0361,3.0899,3.6101,3.646,0.468957,0.391814
CHNCXR_0619_1,Shenzhen,1,4,True,DWT,10,246272,1704,144.525822,0.055353,30.3674,0.795351,28.9845,31.3538,0.695123,0.849963,False,2.2425,2.3167,1.0275,1.6437,0.064799,0.018198
CHNCXR_0619_1,Shenzhen,1,4,True,DWT,20,246272,3626,67.918367,0.117788,32.0974,0.836251,30.6379,33.1567,0.756316,0.879087,False,2.4936,2.5976,0.6142,1.3978,0.084928,0.034865
CHNCXR_0619_1,Shenzhen,1,4,True,DWT,30,246272,5474,44.989404,0.17782,33.98,0.877867,32.4303,35.1284,0.82054,0.907974,False,2.6844,2.7786,0.8823,1.5748,0.102352,0.050131
CHNCXR_0619_1,Shenzhen,1,4,True,DWT,50,246272,11342,21.713278,0.368438,38.1153,0.939162,36.2111,39.6532,0.91561,0.952744,False,2.9499,3.0413,1.9729,2.3553,0.137796,0.082003
CHNCXR_0619_1,Shenzhen,1,4,True,DWT,70,246272,26430,9.317896,0.858563,42.2198,0.972136,40.5347,43.5091,0.966808,0.975414,False,3.1207,3.1913,3.1476,3.2452,0.220703,0.159865
CHNCXR_0619_1,Shenzhen,1,4,True,DWT,90,246272,66984,3.676579,2.175936,48.1864,0.99184,47.7522,48.4411,0.993543,0.991046,False,3.2009,3.2651,3.6214,3.6566,0.46643,0.379727
CHNCXR_0620_1,Shenzhen,1,4,True,DWT,10,244224,1672,146.066986,0.054769,29.8189,0.792821,27.8265,31.1216,0.675314,0.843595,False,2.2528,2.2737,1.6386,2.0289,0.066074,0.017828
CHNCXR_0620_1,Shenzhen,1,4,True,DWT,20,244224,2835,86.146032,0.092866,31.7308,0.841183,29.6293,33.1399,0.753975,0.878399,False,2.5094,2.5866,1.7485,2.1449,0.071321,0.023961
CHNCXR_0620_1,Shenzhen,1,4,True,DWT,30,244224,5681,42.989615,0.186091,33.6377,0.882721,31.505,35.0781,0.820006,0.908738,False,2.6868,2.7712,0.9833,1.6311,0.110201,0.051345
CHNCXR_0620_1,Shenzhen,1,4,True,DWT,50,244224,12027,20.306311,0.393966,37.988,0.944404,35.5671,39.7416,0.922396,0.954884,False,2.9305,3.0237,2.097,2.4448,0.141187,0.083672
CHNCXR_0620_1,Shenzhen,1,4,True,DWT,70,244224,27341,8.932519,0.895604,42.2722,0.974973,40.1588,43.6932,0.971143,0.977145,False,3.086,3.1381,3.2113,3.3027,0.231018,0.16623
CHNCXR_0620_1,Shenzhen,1,4,True,DWT,90,244224,66593,3.667412,2.181374,48.2505,0.992306,47.7437,48.4966,0.994761,0.991356,False,3.1499,3.1944,3.6364,3.6684,0.462945,0.392542
CHNCXR_0621_1,Shenzhen,1,4,True,DWT,10,257536,1502,171.462051,0.046658,30.7633,0.805282,28.2196,31.7799,0.671287,0.838003,False,2.1439,2.2361,1.3703,1.8604,0.068412,0.01953
CHNCXR_0621_1,Shenzhen,1,4,True,DWT,20,257536,2951,87.270756,0.091669,32.3235,0.84331,29.7553,33.3548,0.743862,0.867609,False,2.4082,2.5363,0.908,1.5821,0.080624,0.030112
CHNCXR_0621_1,Shenzhen,1,4,True,DWT,30,257536,4879,52.784587,0.151559,34.226,0.881487,31.5706,35.3106,0.815135,0.897116,False,2.5917,2.7091,1.0288,1.6663,0.101626,0.045113
CHNCXR_0621_1,Shenzhen,1,4,True,DWT,50,257536,11207,22.979923,0.34813,38.3962,0.93809,35.6467,39.5401,0.920226,0.943453,False,2.8794,2.9483,1.8819,2.2991,0.146808,0.083302
CHNCXR_0621_1,Shenzhen,1,4,True,DWT,70,257536,26323,9.783687,0.817688,42.2265,0.96888,40.1751,42.9748,0.970142,0.969149,False,3.0044,3.0586,3.0998,3.2143,0.233519,0.160128
CHNCXR_0621_1,Shenzhen,1,4,True,DWT,90,257536,69777,3.690844,2.167526,48.0311,0.990571,47.7249,48.1151,0.994626,0.989681,False,3.0848,3.1451,3.5862,3.6226,0.507071,0.449354
CHNCXR_0622_1,Shenzhen,1,2,True,DWT,10,260096,1473,176.575696,0.045306,30.3931,0.803083,28.3082,31.8606,0.685645,0.855804,False,2.2112,2.2531,2.0381,2.3075,0.068337,0.018886
CHNCXR_0622_1,Shenzhen,1,2,True,DWT,20,260096,3218,80.825357,0.098979,32.2655,0.845819,30.1705,33.7434,0.757367,0.88547,False,2.4355,2.5656,0.8914,1.5707,0.087701,0.034809
CHNCXR_0622_1,Shenzhen,1,2,True,DWT,30,260096,5592,46.51216,0.171998,34.085,0.881368,31.8534,35.7125,0.82014,0.910002,False,2.6374,2.7415,0.8578,1.557,0.115926,0.056511
CHNCXR_0622_1,Shenzhen,1,2,True,DWT,50,260096,11522,22.573859,0.354392,38.2354,0.940502,35.9421,39.9338,0.921342,0.950239,False,2.8871,2.9784,1.9098,2.2984,0.150763,0.093652
CHNCXR_0622_1,Shenzhen,1,2,True,DWT,70,260096,27153,9.578905,0.835169,42.1272,0.971325,40.2859,43.3516,0.969684,0.972579,False,2.9893,3.0509,3.0864,3.1928,0.238638,0.17199
CHNCXR_0622_1,Shenzhen,1,2,True,DWT,90,260096,70626,3.682723,2.172306,48.1081,0.9915,47.7175,48.3025,0.99431,0.990324,False,3.0897,3.1481,3.5653,3.6014,0.493095,0.415223
CHNCXR_0623_1,Shenzhen,1,4,True,DWT,10,229888,1607,143.054138,0.055923,29.8683,0.798819,28.2766,30.7357,0.690441,0.843188,False,2.2577,2.3569,1.5928,2.0333,0.062574,0.016568
CHNCXR_0623_1,Shenzhen,1,4,True,DWT,20,229888,3161,72.726352,0.110001,31.8129,0.84396,30.1545,32.729,0.760926,0.876992,False,2.5083,2.5842,0.9496,1.633,0.07751,0.031614
CHNCXR_0623_1,Shenzhen,1,4,True,DWT,30,229888,4903,46.887212,0.170622,33.6198,0.883726,31.8553,34.6161,0.82268,0.907745,False,2.712,2.7971,1.164,1.7805,0.093419,0.043421
CHNCXR_0623_1,Shenzhen,1,4,True,DWT,50,229888,11165,20.590058,0.388537,38.0459,0.9442,35.917,39.3461,0.920967,0.954373,False,2.9632,3.0724,2.0388,2.404,0.140112,0.080372
CHNCXR_0623_1,Shenzhen,1,4,True,DWT,70,229888,25391,9.053917,0.883595,42.3144,0.974655,40.3965,43.433,0.969904,0.976939,False,3.1444,3.197,3.1755,3.2777,0.215263,0.15432
CHNCXR_0623_1,Shenzhen,1,4,True,DWT,90,229888,62449,3.681212,2.173197,48.2039,0.992191,47.6751,48.4402,0.99421,0.991473,False,3.2121,3.2534,3.6368,3.6712,0.433253,0.355685
CHNCXR_0624_1,Shenzhen,1,2,True,DWT,10,257536,1587,162.278513,0.049298,30.8833,0.862301,30.9048,30.88,0.735115,0.876824,False,2.0917,2.1852,0.9088,1.4841,0.074052,0.029278
CHNCXR_0624_1,Shenzhen,1,2,True,DWT,20,257536,2959,87.034809,0.091917,33.2562,0.885259,32.2317,33.4371,0.774736,0.899991,False,2.3847,2.4506,0.8242,1.4783,0.089415,0.045404
CHNCXR_0624_1,Shenzhen,1,2,True,DWT,30,257536,4343,59.299102,0.134909,35.9819,0.91239,33.6421,36.4855,0.824586,0.925198,False,2.5791,2.6312,1.2461,1.8071,0.091912,0.047089
CHNCXR_0624_1,Shenzhen,1,2,True,DWT,50,257536,9327,27.611879,0.28973,40.4576,0.956062,37.4434,41.182,0.916282,0.962457,False,2.8533,2.8958,1.9625,2.355,0.127227,0.070559
CHNCXR_0624_1,Shenzhen,1,2,True,DWT,70,257536,20469,12.581758,0.635841,44.6824,0.979907,41.4401,45.4926,0.96544,0.982487,False,2.998,3.0455,2.8009,3.0017,0.19107,0.125982
CHNCXR_0624_1,Shenzhen,1,2,True,DWT,90,257536,47261,5.449229,1.468098,49.5483,0.992347,47.9582,49.8532,0.992021,0.992562,False,3.0523,3.098,3.6122,3.6652,0.346355,0.276238
CHNCXR_0625_1,Shenzhen,1,1,True,DWT,10,217088,1581,137.310563,0.058262,30.0955,0.792493,29.1444,30.7992,0.705835,0.845001,False,2.2807,2.388,1.2165,1.7671,0.058609,0.015974
CHNCXR_0625_1,Shenzhen,1,1,True,DWT,20,217088,2930,74.091468,0.107975,31.9,0.836291,30.7308,32.8085,0.764314,0.879292,False,2.5107,2.5789,0.9387,1.6156,0.07023,0.027231
CHNCXR_0625_1,Shenzhen,1,1,True,DWT,30,217088,4578,47.419834,0.168706,33.798,0.875574,32.4399,34.901,0.819276,0.90888,False,2.7043,2.7679,1.2012,1.7851,0.083671,0.03815
CHNCXR_0625_1,Shenzhen,1,1,True,DWT,50,217088,10608,20.464555,0.39092,37.8911,0.93917,36.0833,39.5367,0.91274,0.955978,False,2.9592,3.0332,2.0958,2.4346,0.123679,0.073552
CHNCXR_0625_1,Shenzhen,1,1,True,DWT,70,217088,24577,8.832974,0.905697,42.175,0.973586,40.4175,43.7536,0.966016,0.978515,False,3.0606,3.1165,3.2286,3.31,0.203549,0.142624
CHNCXR_0625_1,Shenzhen,1,1,True,DWT,90,217088,59961,3.620487,2.209648,48.2553,0.992455,47.7329,48.6084,0.993581,0.991877,False,3.1441,3.1918,3.6351,3.6679,0.420026,0.329745
CHNCXR_0626_1,Shenzhen,1,2,True,DWT,10,261120,1652,158.062954,0.050613,30.4751,0.808991,28.1427,31.5353,0.683228,0.845096,False,2.2388,2.2562,1.347,1.8469,0.077928,0.020457
CHNCXR_0626_1,Shenzhen,1,2,True,DWT,20,261120,3268,79.902081,0.100123,32.3482,0.853386,29.8015,33.5572,0.751688,0.882497,False,2.4921,2.571,0.9145,1.5834,0.088064,0.034673
CHNCXR_0626_1,Shenzhen,1,2,True,DWT,30,261120,5657,46.158741,0.173315,34.2395,0.890985,31.5462,35.5578,0.81436,0.912773,False,2.6897,2.7739,0.8624,1.5661,0.108195,0.054268
CHNCXR_0626_1,Shenzhen,1,2,True,DWT,50,261120,11656,22.402196,0.357108,38.3251,0.947387,35.3894,39.8389,0.915616,0.9573,False,2.9119,2.983,1.9684,2.3435,0.144601,0.085033
CHNCXR_0626_1,Shenzhen,1,2,True,DWT,70,261120,26743,9.76405,0.819332,42.6568,0.976731,40.0831,43.8855,0.969757,0.979185,False,3.0531,3.0965,3.0929,3.2015,0.228503,0.171258
CHNCXR_0626_1,Shenzhen,1,2,True,DWT,90,261120,65858,3.964894,2.017708,48.5294,0.992727,47.7491,48.798,0.994764,0.992226,False,3.0954,3.1373,3.5964,3.6308,0.470813,0.379767
CHNCXR_0627_1,Shenzhen,1,0,True,DWT,10,238080,1439,165.448228,0.048353,30.5007,0.820944,28.3125,31.5816,0.695246,0.863007,False,2.2516,2.3456,2.1843,2.4307,0.059168,0.015812
CHNCXR_0627_1,Shenzhen,1,0,True,DWT,20,238080,2888,82.437673,0.097043,32.3348,0.858816,30.0433,33.4909,0.758333,0.892324,False,2.4964,2.5637,0.977,1.6258,0.075175,0.029157
CHNCXR_0627_1,Shenzhen,1,0,True,DWT,30,238080,4628,51.443388,0.155511,34.1399,0.893444,31.7262,35.3892,0.818795,0.91765,False,2.7067,2.8064,1.1451,1.7567,0.091053,0.040801
CHNCXR_0627_1,Shenzhen,1,0,True,DWT,50,238080,10615,22.428639,0.356687,38.3754,0.949112,35.7678,39.7827,0.919607,0.959231,False,2.9884,3.085,1.9228,2.3221,0.130236,0.077243
CHNCXR_0627_1,Shenzhen,1,0,True,DWT,70,238080,24067,9.892384,0.808703,42.7668,0.977187,40.4223,43.9629,0.970387,0.979646,False,3.1761,3.2206,3.081,3.2015,0.207517,0.145005
CHNCXR_0627_1,Shenzhen,1,0,True,DWT,90,238080,58809,4.04836,1.976109,48.5348,0.992572,47.7252,48.845,0.994329,0.992071,False,3.2753,3.3252,3.6141,3.6472,0.409947,0.333949
CHNCXR_0628_1,Shenzhen,1,2,True,DWT,10,261120,1651,158.158692,0.050582,30.6143,0.808929,28.7434,31.6119,0.695892,0.848655,False,2.2529,2.3503,1.3714,1.8716,0.0728,0.021563
CHNCXR_0628_1,Shenzhen,1,2,True,DWT,20,261120,3237,80.667285,0.099173,32.4593,0.851617,30.5736,33.4678,0.759696,0.884374,False,2.4846,2.5679,0.8936,1.5854,0.08528,0.032847
CHNCXR_0628_1,Shenzhen,1,2,True,DWT,30,261120,5653,46.191403,0.173192,34.2703,0.886774,32.226,35.4006,0.816833,0.91132,False,2.6858,2.7407,0.8641,1.5715,0.112691,0.053975
CHNCXR_0628_1,Shenzhen,1,2,True,DWT,50,261120,11579,22.55117,0.354749,38.3775,0.94528,35.9858,39.8038,0.913759,0.957584,False,2.8726,2.9398,1.9519,2.341,0.152835,0.085596
CHNCXR_0628_1,Shenzhen,1,2,True,DWT,70,261120,26827,9.733477,0.821906,42.5899,0.975648,40.3854,43.8513,0.967128,0.979309,False,2.9867,3.0324,3.1062,3.2165,0.229613,0.168484
CHNCXR_0628_1,Shenzhen,1,2,True,DWT,90,261120,66759,3.911383,2.045313,48.435,0.992588,47.696,48.7534,0.993802,0.992262,False,3.029,3.0702,3.6043,3.6379,0.486934,0.395695
CHNCXR_0629_1,Shenzhen,1,2,True,DWT,10,257536,1693,152.118133,0.052591,30.7309,0.810164,28.4139,31.9678,0.671767,0.857588,False,2.1878,2.2353,0.9781,1.599,0.072263,0.021224
CHNCXR_0629_1,Shenzhen,1,2,True,DWT,20,257536,2623,98.183759,0.08148,32.3844,0.846982,30.0761,33.6145,0.736557,0.884824,False,2.4415,2.5787,1.4442,1.9495,0.074617,0.029701
CHNCXR_0629_1,Shenzhen,1,2,True,DWT,30,257536,5430,47.428361,0.168675,34.1575,0.884716,31.7822,35.4415,0.806802,0.910858,False,2.6399,2.7623,0.8125,1.5301,0.109283,0.05128
CHNCXR_0629_1,Shenzhen,1,2,True,DWT,50,257536,11264,22.863636,0.349901,38.3364,0.942062,35.7777,39.7762,0.914749,0.952378,False,2.9052,3.0077,1.8912,2.3002,0.140944,0.081469
CHNCXR_0629_1,Shenzhen,1,2,True,DWT,70,257536,26210,9.825868,0.814177,42.3514,0.972395,40.1696,43.4836,0.967894,0.974474,False,3.048,3.0887,3.0785,3.1973,0.22637,0.166244
CHNCXR_0629_1,Shenzhen,1,2,True,DWT,90,257536,67786,3.799251,2.105678,48.1879,0.991472,47.7377,48.358,0.994281,0.990619,False,3.1332,3.1705,3.594,3.6308,0.49845,0.424393
CHNCXR_0630_1,Shenzhen,1,0,True,DWT,10,261120,1646,158.639125,0.050429,30.7373,0.821234,28.5515,31.6559,0.682461,0.858949,False,2.2586,2.3418,1.3742,1.8651,0.075031,0.022803
CHNCXR_0630_1,Shenzhen,1,0,True,DWT,20,261120,3210,81.345794,0.098346,32.592,0.859852,30.2872,33.5829,0.747246,0.890375,False,2.4908,2.5571,0.8803,1.5753,0.08767,0.03737
CHNCXR_0630_1,Shenzhen,1,0,True,DWT,30,261120,5522,47.287215,0.169179,34.4758,0.894911,31.9022,35.6429,0.806016,0.918888,False,2.6812,2.7569,0.8387,1.5502,0.111245,0.054089
CHNCXR_0630_1,Shenzhen,1,0,True,DWT,50,261120,11266,23.177703,0.345159,38.6103,0.949378,35.7232,40.0076,0.911427,0.960773,False,2.9497,3.0085,1.9245,2.3194,0.179059,0.084397
CHNCXR_0630_1,Shenzhen,1,0,True,DWT,70,261120,25641,10.18369,0.78557,42.9392,0.977427,40.3167,44.1402,0.967139,0.980732,False,3.0834,3.1181,3.068,3.1811,0.219329,0.159566
CHNCXR_0630_1,Shenzhen,1,0,True,DWT,90,261120,62619,4.16998,1.918474,48.6892,0.992742,47.7389,49.0104,0.993937,0.992506,False,3.1559,3.1929,3.5945,3.6275,0.440552,0.374086
CHNCXR_0631_1,Shenzhen,1,3,True,DWT,10,232960,1921,121.270172,0.065968,30.8618,0.82909,28.4934,31.9453,0.692512,0.870248,False,2.24,2.3274,0.5736,1.3484,0.069604,0.022715
CHNCXR_0631_1,Shenzhen,1,3,True,DWT,20,232960,2787,83.588088,0.095707,32.6973,0.866243,30.1275,33.9221,0.757125,0.898691,False,2.5024,2.6364,0.9153,1.5987,0.080243,0.026647
CHNCXR_0631_1,Shenzhen,1,3,True,DWT,30,232960,4521,51.528423,0.155254,34.562,0.89981,31.8589,35.8866,0.818433,0.923698,False,2.6771,2.771,1.0305,1.6724,0.092736,0.043544
CHNCXR_0631_1,Shenzhen,1,3,True,DWT,50,232960,9960,23.389558,0.342033,38.9653,0.95293,36.0261,40.4809,0.921893,0.962679,False,2.9642,3.0657,1.8837,2.2835,0.154969,0.084349
CHNCXR_0631_1,Shenzhen,1,3,True,DWT,70,232960,22056,10.562205,0.757418,43.2862,0.979139,40.5503,44.6363,0.971318,0.981732,False,3.1291,3.2003,3.0381,3.165,0.193429,0.133195
CHNCXR_0631_1,Shenzhen,1,3,True,DWT,90,232960,52812,4.411119,1.813599,48.81,0.992686,47.8197,49.1626,0.994443,0.992254,False,3.2124,3.2601,3.6386,3.6733,0.372303,0.300974
CHNCXR_0632_1,Shenzhen,1,4,True,DWT,10,252928,1485,170.321886,0.04697,31.3308,0.829807,29.1756,32.0908,0.707616,0.859494,False,2.179,2.2151,1.2234,1.7509,0.082207,0.021847
CHNCXR_0632_1,Shenzhen,1,4,True,DWT,20,252928,2413,104.818898,0.076322,33.1809,0.866542,30.8738,34.0172,0.768108,0.890432,False,2.434,2.5254,1.3418,1.8571,0.073444,0.02245
CHNCXR_0632_1,Shenzhen,1,4,True,DWT,30,252928,4629,54.639879,0.146413,35.0581,0.898688,32.5525,36.0002,0.824299,0.916137,False,2.6106,2.7183,0.9837,1.641,0.093335,0.042021
CHNCXR_0632_1,Shenzhen,1,4,True,DWT,50,252928,10075,25.104516,0.318668,39.0496,0.946356,36.3325,40.1133,0.915961,0.954465,False,2.9051,3.0183,1.8049,2.2211,0.134002,0.074257
CHNCXR_0632_1,Shenzhen,1,4,True,DWT,70,252928,22896,11.04682,0.72419,42.8793,0.972827,40.6729,43.6645,0.966914,0.974717,False,3.059,3.1111,2.9821,3.1112,0.200155,0.142025
CHNCXR_0632_1,Shenzhen,1,4,True,DWT,90,252928,60770,4.162054,1.922128,48.2738,0.990888,47.6907,48.4325,0.993274,0.990422,False,3.1372,3.1802,3.618,3.6525,0.445974,0.342093
CHNCXR_0633_1,Shenzhen,1,1,True,DWT,10,254464,1469,173.2226,0.046183,30.8075,0.806425,28.953,31.5038,0.705371,0.833149,False,2.1464,2.2168,1.2771,1.7686,0.06779,0.019405
CHNCXR_0633_1,Shenzhen,1,1,True,DWT,20,254464,2397,106.159366,0.075358,32.6449,0.845939,30.7272,33.3732,0.767815,0.866706,False,2.3816,2.5039,1.7234,2.1369,0.072209,0.02495
CHNCXR_0633_1,Shenzhen,1,1,True,DWT,30,254464,4764,53.413938,0.149774,34.5652,0.883931,32.5173,35.3617,0.825007,0.899391,False,2.5822,2.6968,1.0215,1.6677,0.098516,0.046098
CHNCXR_0633_1,Shenzhen,1,1,True,DWT,50,254464,10694,23.795025,0.336205,38.5679,0.939579,36.2588,39.5109,0.917724,0.946276,False,2.8442,2.9313,1.8709,2.2775,0.139296,0.080062
CHNCXR_0633_1,Shenzhen,1,1,True,DWT,70,254464,25184,10.104193,0.791751,42.4138,0.970462,40.5312,43.1243,0.967182,0.971827,False,2.9604,3.0139,3.0458,3.1685,0.235376,0.147848
CHNCXR_0633_1,Shenzhen,1,1,True,DWT,90,254464,66862,3.805809,2.10205,48.0624,0.990871,47.6695,48.1783,0.993433,0.990277,False,3.0304,3.0802,3.5857,3.6199,0.467166,0.388322
CHNCXR_0634_1,Shenzhen,1,2,True,DWT,10,231424,1416,163.435028,0.048949,30.6608,0.807736,29.1664,31.6042,0.698231,0.860645,False,2.2218,2.3274,1.4188,1.8768,0.064013,0.015271
CHNCXR_0634_1,Shenzhen,1,2,True,DWT,20,231424,3305,70.02239,0.114249,32.3925,0.844062,30.871,33.3587,0.752576,0.887895,False,2.4776,2.5808,0.5813,1.3629,0.080812,0.032928
CHNCXR_0634_1,Shenzhen,1,2,True,DWT,30,231424,4480,51.657143,0.154867,34.2177,0.881951,32.5394,35.3206,0.812618,0.914776,False,2.6764,2.7862,1.0442,1.6786,0.085425,0.039882
CHNCXR_0634_1,Shenzhen,1,2,True,DWT,50,231424,10187,22.717581,0.35215,38.256,0.94218,36.2228,39.7061,0.911285,0.957429,False,2.9782,3.0918,1.9296,2.3103,0.12677,0.075127
CHNCXR_0634_1,Shenzhen,1,2,True,DWT,70,231424,23826,9.713087,0.823631,42.5199,0.974598,40.5613,43.8923,0.96549,0.979387,False,3.1377,3.181,3.0894,3.194,0.211496,0.151941
CHNCXR_0634_1,Shenzhen,1,2,True,DWT,90,231424,59338,3.900098,2.051231,48.4638,0.992509,47.7317,48.8605,0.993247,0.992272,False,3.226,3.271,3.6054,3.6407,0.449718,0.342718
CHNCXR_0635_1,Shenzhen,1,2,True,DWT,10,212992,1371,155.355215,0.051495,30.1751,0.833052,31.1293,29.7596,0.753909,0.868784,False,2.1676,2.2657,1.469,1.8815,0.055001,0.015135
CHNCXR_0635_1,Shenzhen,1,2,True,DWT,20,212992,2642,80.617714,0.099234,32.2773,0.863849,32.6943,32.0795,0.79268,0.896789,False,2.4329,2.4713,0.9712,1.5919,0.067435,0.024912
CHNCXR_0635_1,Shenzhen,1,2,True,DWT,30,212992,4269,49.892715,0.160344,35.0391,0.896292,34.306,35.466,0.839266,0.924309,False,2.6327,2.6852,1.1381,1.7298,0.083608,0.038522
CHNCXR_0635_1,Shenzhen,1,2,True,DWT,50,212992,8791,24.228415,0.330191,39.5683,0.948801,37.9267,40.7251,0.920922,0.963364,False,2.8902,2.9519,2.1592,2.472,0.108574,0.064755
CHNCXR_0635_1,Shenzhen,1,2,True,DWT,70,212992,19780,10.768049,0.742939,44.0408,0.978635,42.0041,45.6186,0.968186,0.984332,False,2.9969,3.0546,2.9517,3.0966,0.184912,0.133691
CHNCXR_0635_1,Shenzhen,1,2,True,DWT,90,212992,44726,4.762152,1.679913,49.4247,0.992975,48.2273,50.1902,0.99212,0.993536,False,3.0584,3.1231,3.6197,3.6632,0.319597,0.259651
CHNCXR_0636_1,Shenzhen,1,3,True,DWT,10,259072,1605,161.415576,0.049562,30.6405,0.841911,30.737,30.6087,0.731065,0.874499,False,2.1746,2.24,1.3298,1.8148,0.068567,0.020494
CHNCXR_0636_1,Shenzhen,1,3,True,DWT,20,259072,3056,84.774869,0.094368,32.7637,0.87352,32.0916,33.0134,0.772118,0.90525,False,2.4248,2.4753,0.9991,1.6316,0.086838,0.032902
CHNCXR_0636_1,Shenzhen,1,3,True,DWT,30,259072,4633,55.918843,0.143064,35.5458,0.906515,33.8291,36.3125,0.82989,0.930725,False,2.606,2.662,1.3604,1.8933,0.103806,0.04103
CHNCXR_0636_1,Shenzhen,1,3,True,DWT,50,259072,9961,26.008634,0.30759,40.1062,0.954963,37.4555,41.5375,0.917178,0.967781,False,2.8545,2.8974,2.1072,2.4719,0.132383,0.073222
CHNCXR_0636_1,Shenzhen,1,3,True,DWT,70,259072,21953,11.801212,0.677896,44.4547,0.980516,41.6196,46.0499,0.96704,0.985367,False,2.9584,3.0131,2.9143,3.0867,0.204132,0.1375
CHNCXR_0636_1,Shenzhen,1,3,True,DWT,90,259072,49890,5.192864,1.540576,49.5901,0.993072,48.0013,50.2828,0.992192,0.993502,False,2.9977,3.0594,3.6269,3.675,0.375463,0.290742
CHNCXR_0637_1,Shenzhen,1,0,True,DWT,10,224768,1677,134.029815,0.059688,29.9984,0.826876,29.58,30.1278,0.695875,0.863802,False,2.1676,2.2361,1.1821,1.6972,0.061278,0.018788
CHNCXR_0637_1,Shenzhen,1,0,True,DWT,20,224768,2980,75.425503,0.106065,32.0098,0.86305,31.3627,32.2171,0.758129,0.892453,False,2.4097,2.4401,1.0288,1.6535,0.07349,0.029154
CHNCXR_0637_1,Shenzhen,1,0,True,DWT,30,224768,4425,50.795028,0.157496,34.8953,0.899264,33.0496,35.6198,0.818382,0.922474,False,2.612,2.6571,1.4229,1.9445,0.082148,0.035967
CHNCXR_0637_1,Shenzhen,1,0,True,DWT,50,224768,9606,23.398709,0.341899,39.5778,0.952784,36.9679,40.7642,0.918203,0.963295,False,2.8349,2.8811,2.2045,2.536,0.115195,0.069076
CHNCXR_0637_1,Shenzhen,1,0,True,DWT,70,224768,21055,10.675279,0.749395,44.1096,0.98037,41.2361,45.4891,0.969051,0.984024,False,2.9515,3.013,3.0257,3.1718,0.183842,0.128172
CHNCXR_0637_1,Shenzhen,1,0,True,DWT,90,224768,46899,4.792597,1.669241,49.3804,0.993136,47.91,49.9204,0.99321,0.993241,False,3.0017,3.0512,3.6637,3.7105,0.340622,0.263478
CHNCXR_0638_1,Shenzhen,1,2,True,DWT,10,251392,1646,152.72904,0.05238,30.2784,0.785814,28.3803,31.2676,0.660988,0.831291,False,2.2389,2.2635,0.9902,1.6009,0.067454,0.017812
CHNCXR_0638_1,Shenzhen,1,2,True,DWT,20,251392,2610,96.318774,0.083058,31.962,0.830068,29.9555,33.0312,0.732049,0.865322,False,2.4993,2.5976,1.5039,1.9864,0.073081,0.026878
CHNCXR_0638_1,Shenzhen,1,2,True,DWT,30,251392,5498,45.724263,0.174962,33.7974,0.873511,31.7256,34.9166,0.803232,0.898105,False,2.6816,2.773,0.8849,1.5749,0.105214,0.049844
CHNCXR_0638_1,Shenzhen,1,2,True,DWT,50,251392,11726,21.438854,0.373154,37.9476,0.93899,35.6125,39.2824,0.91349,0.948868,False,2.94,3.0413,1.9991,2.3642,0.143358,0.083253
CHNCXR_0638_1,Shenzhen,1,2,True,DWT,70,251392,27604,9.107086,0.878437,42.1141,0.972865,40.0309,43.2421,0.967624,0.975253,False,3.109,3.1389,3.1324,3.2345,0.239012,0.17417
CHNCXR_0638_1,Shenzhen,1,2,True,DWT,90,251392,69300,3.62759,2.205321,48.2095,0.992239,47.7515,48.3927,0.994513,0.991512,False,3.1794,3.2262,3.5801,3.6137,0.491433,0.419281
CHNCXR_0639_1,Shenzhen,1,0,True,DWT,10,234496,1607,145.921593,0.054824,30.0493,0.822751,30.0648,30.0428,0.703153,0.871142,False,2.1821,2.2534,1.5315,1.9367,0.060738,0.018302
CHNCXR_0639_1,Shenzhen,1,0,True,DWT,20,234496,3058,76.682799,0.104326,32.0031,0.855389,31.6199,32.1771,0.755681,0.897145,False,2.4452,2.5042,1.0445,1.6679,0.075028,0.028916
CHNCXR_0639_1,Shenzhen,1,0,True,DWT,30,234496,4442,52.790635,0.151542,34.5407,0.88923,33.34,35.1737,0.813853,0.922281,False,2.654,2.7037,1.5303,2.0352,0.084759,0.037615
CHNCXR_0639_1,Shenzhen,1,0,True,DWT,50,234496,10338,22.682917,0.352688,39.2218,0.947124,37.1021,40.5764,0.913759,0.962341,False,2.8894,2.9529,2.3357,2.6343,0.125885,0.072929
CHNCXR_0639_1,Shenzhen,1,0,True,DWT,70,234496,22638,10.358512,0.772312,43.6539,0.977304,41.2065,45.3436,0.965929,0.982714,False,3.0296,3.0715,3.0338,3.1716,0.196583,0.142045
CHNCXR_0639_1,Shenzhen,1,0,True,DWT,90,234496,51558,4.548198,1.758938,49.0969,0.99241,47.8842,49.7377,0.992529,0.992534,False,3.0798,3.1204,3.6507,3.693,0.367289,0.2968
CHNCXR_0640_1,Shenzhen,1,4,True,DWT,10,256512,1398,183.484979,0.0436,31.146,0.844331,30.4698,31.4122,0.72353,0.88533,False,2.0923,2.1898,1.2612,1.7432,0.072296,0.019842
CHNCXR_0640_1,Shenzhen,1,4,True,DWT,20,256512,2806,91.415538,0.087512,33.2807,0.873876,31.9504,33.8676,0.769093,0.909889,False,2.3592,2.4213,0.7745,1.4773,0.083037,0.032463
CHNCXR_0640_1,Shenzhen,1,4,True,DWT,30,256512,3929,65.286841,0.122536,35.6172,0.902857,33.5681,36.6557,0.822901,0.931038,False,2.5954,2.6651,1.3087,1.8601,0.090809,0.037806
CHNCXR_0640_1,Shenzhen,1,4,True,DWT,50,256512,9204,27.869622,0.287051,39.9771,0.953249,37.3755,41.4608,0.917772,0.96589,False,2.8721,2.9367,1.9931,2.3601,0.128519,0.071972
CHNCXR_0640_1,Shenzhen,1,4,True,DWT,70,256512,20959,12.238752,0.653661,44.2623,0.980116,41.5001,45.8965,0.967487,0.984799,False,3.0019,3.0602,2.8055,2.9704,0.204558,0.135856
CHNCXR_0640_1,Shenzhen,1,4,True,DWT,90,256512,49004,5.234511,1.528318,49.5943,0.993215,47.9749,50.3484,0.992508,0.993559,False,3.079,3.1312,3.5573,3.6017,0.374341,0.286571
CHNCXR_0641_1,Shenzhen,1,0,True,DWT,10,215552,1471,146.53433,0.054595,29.773,0.795439,28.4178,30.6427,0.704686,0.839343,False,2.3276,2.388,2.5935,2.7688,0.058619,0.014413
CHNCXR_0641_1,Shenzhen,1,0,True,DWT,20,215552,2867,75.183816,0.106406,31.5831,0.839,30.1693,32.502,0.767304,0.873265,False,2.5384,2.6694,1.1673,1.785,0.072312,0.028201
CHNCXR_0641_1,Shenzhen,1,0,True,DWT,30,215552,5208,41.388633,0.19329,33.4646,0.879924,31.9499,34.471,0.825977,0.905184,False,2.7167,2.776,0.9843,1.6492,0.093435,0.047653
CHNCXR_0641_1,Shenzhen,1,0,True,DWT,50,215552,10933,19.715723,0.405768,37.667,0.942943,35.872,38.9376,0.921006,0.954383,False,2.9937,3.0636,2.1144,2.4587,0.126483,0.074917
CHNCXR_0641_1,Shenzhen,1,0,True,DWT,70,215552,25338,8.507064,0.940395,42.1303,0.975483,40.3735,43.3629,0.970484,0.978365,False,3.1099,3.1801,3.248,3.3292,0.206763,0.150931
CHNCXR_0641_1,Shenzhen,1,0,True,DWT,90,215552,60612,3.556259,2.249555,48.2809,0.992826,47.7431,48.5744,0.994498,0.992115,False,3.1967,3.2419,3.6274,3.6581,0.423816,0.345159
CHNCXR_0642_1,Shenzhen,1,4,True,DWT,10,215552,1519,141.903884,0.056376,29.9468,0.792879,28.6903,30.794,0.700996,0.840987,False,2.2758,2.3746,1.7167,2.1141,0.059643,0.015676
CHNCXR_0642_1,Shenzhen,1,4,True,DWT,20,215552,2854,75.526279,0.105923,31.7266,0.836344,30.3712,32.6605,0.760952,0.875392,False,2.5117,2.586,1.0778,1.7138,0.071421,0.027324
CHNCXR_0642_1,Shenzhen,1,4,True,DWT,30,215552,4655,46.305478,0.172766,33.4723,0.876354,32.0581,34.4594,0.819298,0.905227,False,2.7019,2.776,1.1941,1.7895,0.093153,0.040414
CHNCXR_0642_1,Shenzhen,1,4,True,DWT,50,215552,10675,20.192225,0.396192,37.771,0.940264,35.9632,39.154,0.915598,0.954171,False,2.955,3.0233,2.079,2.4292,0.126726,0.076803
CHNCXR_0642_1,Shenzhen,1,4,True,DWT,70,215552,24792,8.694418,0.920131,42.1077,0.973955,40.4354,43.3462,0.967749,0.977677,False,3.0806,3.1156,3.206,3.295,0.214735,0.14979
CHNCXR_0642_1,Shenzhen,1,4,True,DWT,90,215552,60750,3.548181,2.254676,48.2384,0.99267,47.7316,48.532,0.993853,0.99217,False,3.1766,3.1953,3.6185,3.6532,0.428533,0.374961
CHNCXR_0643_1,Shenzhen,1,0,True,DWT,10,221184,1685,131.266469,0.060945,29.7662,0.784734,28.2254,30.9239,0.674524,0.845911,False,2.3223,2.3907,1.2352,1.7891,0.060864,0.018107
CHNCXR_0643_1,Shenzhen,1,0,True,DWT,20,221184,3453,64.055604,0.124891,31.4853,0.828819,29.9106,32.6781,0.741357,0.876438,False,2.5346,2.6523,0.7332,1.4656,0.079775,0.03306
CHNCXR_0643_1,Shenzhen,1,0,True,DWT,30,221184,4826,45.831745,0.174552,33.3444,0.870952,31.5611,34.765,0.804809,0.90657,False,2.7064,2.7625,1.2688,1.8308,0.088079,0.042932
CHNCXR_0643_1,Shenzhen,1,0,True,DWT,50,221184,11282,19.605035,0.408058,37.4703,0.938678,35.4205,39.2189,0.913356,0.953529,False,2.9679,3.0197,2.1378,2.4617,0.131693,0.078994
CHNCXR_0643_1,Shenzhen,1,0,True,DWT,70,221184,26487,8.350663,0.958008,41.9615,0.974135,40.0743,43.5047,0.968713,0.977562,False,3.0841,3.1362,3.2432,3.3169,0.219373,0.160782
CHNCXR_0643_1,Shenzhen,1,0,True,DWT,90,221184,63253,3.496814,2.287797,48.2333,0.992725,47.7192,48.5441,0.994536,0.991849,False,3.1547,3.2016,3.5832,3.6128,0.470447,0.371702
CHNCXR_0644_1,Shenzhen,1,3,True,DWT,10,256000,1708,149.882904,0.053375,29.9324,0.825721,30.7389,29.6402,0.737881,0.857085,False,2.1592,2.2245,1.3165,1.7819,0.071102,0.020185
CHNCXR_0644_1,Shenzhen,1,3,True,DWT,20,256000,3256,78.624079,0.10175,31.5123,0.856218,32.2138,31.2541,0.782119,0.883715,False,2.4129,2.463,0.9421,1.5766,0.087403,0.034077
CHNCXR_0644_1,Shenzhen,1,3,True,DWT,30,256000,4906,52.181003,0.153312,34.6384,0.892089,34.075,34.8927,0.835955,0.914339,False,2.6227,2.6898,1.3331,1.875,0.097321,0.043389
CHNCXR_0644_1,Shenzhen,1,3,True,DWT,50,256000,10789,23.727871,0.337156,39.4647,0.949409,37.9006,40.3162,0.921914,0.961403,False,2.8897,2.9352,2.2248,2.5307,0.154043,0.07732
CHNCXR_0644_1,Shenzhen,1,3,True,DWT,70,256000,23649,10.824982,0.739031,43.9912,0.978085,42.0084,45.1693,0.968045,0.982796,False,3.0208,3.0617,2.9555,3.1066,0.215753,0.150175
CHNCXR_0644_1,Shenzhen,1,3,True,DWT,90,256000,54156,4.727085,1.692375,49.1304,0.992289,48.0206,49.6834,0.991674,0.99277,False,3.1044,3.1397,3.646,3.693,0.392577,0.312176
CHNCXR_0645_1,Shenzhen,1,2,True,DWT,10,231936,2025,114.536296,0.069847,30.4128,0.805652,28.7919,31.2914,0.693734,0.850002,False,2.2747,2.3544,0.637,1.3957,0.074054,0.025382
CHNCXR_0645_1,Shenzhen,1,2,True,DWT,20,231936,2942,78.836166,0.101476,32.2827,0.847851,30.523,33.264,0.759256,0.882539,False,2.5103,2.6338,1.046,1.6854,0.074814,0.029928
CHNCXR_0645_1,Shenzhen,1,2,True,DWT,30,231936,4731,49.024731,0.163183,34.0898,0.884216,32.1868,35.1834,0.814999,0.910804,False,2.7031,2.7795,1.1198,1.7373,0.092336,0.040943
CHNCXR_0645_1,Shenzhen,1,2,True,DWT,50,231936,10682,21.712788,0.368446,38.2616,0.943761,36.0852,39.5891,0.916995,0.955006,False,2.9586,3.0295,1.9671,2.3488,0.129504,0.077038
CHNCXR_0645_1,Shenzhen,1,2,True,DWT,70,231936,24593,9.430976,0.848268,42.4955,0.974765,40.4382,43.7178,0.968153,0.977837,False,3.0602,3.1204,3.1318,3.2357,0.21422,0.154137
CHNCXR_0645_1,Shenzhen,1,2,True,DWT,90,231936,60683,3.822092,2.093095,48.2976,0.992164,47.7122,48.5589,0.993948,0.991555,False,3.1487,3.1911,3.6304,3.6631,0.42523,0.344134
CHNCXR_0646_1,Shenzhen,1,0,True,DWT,10,256000,1589,161.107615,0.049656,30.7378,0.81499,27.8298,31.7953,0.646726,0.848424,False,2.1635,2.2253,0.9861,1.6075,0.071099,0.022544
CHNCXR_0646_1,Shenzhen,1,0,True,DWT,20,256000,3556,71.991001,0.111125,32.5813,0.855955,29.5501,33.71,0.726718,0.881845,False,2.4185,2.517,0.5916,1.3717,0.095279,0.04134
CHNCXR_0646_1,Shenzhen,1,0,True,DWT,30,256000,5301,48.292775,0.165656,34.4974,0.891457,31.3303,35.7085,0.802362,0.909502,False,2.5974,2.6983,0.7964,1.5181,0.10867,0.055286
CHNCXR_0646_1,Shenzhen,1,0,True,DWT,50,256000,10734,23.84945,0.335437,38.6249,0.944673,35.3635,39.8955,0.91589,0.951691,False,2.8446,2.902,1.8311,2.2513,0.143759,0.084292
CHNCXR_0646_1,Shenzhen,1,0,True,DWT,70,256000,24949,10.260932,0.779656,42.6844,0.97331,40.1188,43.5597,0.970364,0.974498,False,2.9601,3.0208,3.0086,3.1406,0.231474,0.160392
CHNCXR_0646_1,Shenzhen,1,0,True,DWT,90,256000,64592,3.963339,2.0185,48.2631,0.991286,47.7312,48.3932,0.994768,0.990654,False,2.9818,3.0432,3.6036,3.6377,0.471631,0.38525
CHNCXR_0647_1,Shenzhen,1,2,True,DWT,10,256512,1339,191.569828,0.04176,30.873,0.828865,28.3297,31.9323,0.675973,0.865735,False,2.1799,2.216,2.2677,2.4794,0.066603,0.017423
CHNCXR_0647_1,Shenzhen,1,2,True,DWT,20,256512,3592,71.412027,0.112026,32.7705,0.864322,30.0762,33.9267,0.75033,0.892777,False,2.4495,2.5201,0.6094,1.3786,0.096786,0.041046
CHNCXR_0647_1,Shenzhen,1,2,True,DWT,30,256512,5286,48.526674,0.164858,34.6476,0.896641,31.7772,35.9239,0.81389,0.917607,False,2.6619,2.7446,0.7915,1.5199,0.110525,0.053836
CHNCXR_0647_1,Shenzhen,1,2,True,DWT,50,256512,10621,24.151398,0.331244,38.744,0.946246,35.6863,40.1579,0.918154,0.954476,False,2.913,2.9853,1.8294,2.2526,0.140089,0.081282
CHNCXR_0647_1,Shenzhen,1,2,True,DWT,70,256512,24595,10.429437,0.76706,42.6775,0.972702,40.21,43.6904,0.969773,0.974087,False,3.0347,3.0756,3.041,3.1686,0.217769,0.155654
CHNCXR_0647_1,Shenzhen,1,2,True,DWT,90,256512,64595,3.971081,2.014565,48.2194,0.990904,47.7258,48.3639,0.994594,0.99008,False,3.099,3.142,3.6111,3.6449,0.462925,0.38296
CHNCXR_0648_1,Shenzhen,1,3,True,DWT,10,231936,1574,147.354511,0.054291,29.5447,0.790898,27.179,30.9108,0.664676,0.839165,False,2.2636,2.3721,2.5184,2.6984,0.05932,0.015459
CHNCXR_0648_1,Shenzhen,1,3,True,DWT,20,231936,3152,73.583756,0.10872,31.3469,0.839299,28.9252,32.7628,0.747534,0.873462,False,2.5185,2.6103,1.1512,1.7604,0.076685,0.030959
CHNCXR_0648_1,Shenzhen,1,3,True,DWT,30,231936,5058,45.855279,0.174462,33.2806,0.884355,30.8082,34.7427,0.819682,0.907804,False,2.7181,2.7963,1.3266,1.8845,0.090201,0.041833
CHNCXR_0648_1,Shenzhen,1,3,True,DWT,50,231936,11931,19.439779,0.411527,37.7926,0.949671,35.1398,39.4279,0.929768,0.95767,False,2.9561,3.0345,2.1437,2.4689,0.139429,0.083812
CHNCXR_0648_1,Shenzhen,1,3,True,DWT,70,231936,26834,8.643363,0.925566,42.468,0.97936,40.0462,43.8839,0.976198,0.980713,False,3.1095,3.1625,3.2221,3.3164,0.232894,0.160826
CHNCXR_0648_1,Shenzhen,1,3,True,DWT,90,231936,61492,3.771808,2.120999,48.607,0.99361,47.8456,48.9288,0.995823,0.992851,False,3.2002,3.2416,3.6389,3.6709,0.430585,0.353026
CHNCXR_0649_1,Shenzhen,1,4,True,DWT,10,259072,1459,177.568197,0.045053,31.3855,0.851153,30.4668,31.7138,0.731647,0.887714,False,2.0488,2.1497,1.0537,1.5991,0.071451,0.019908
CHNCXR_0649_1,Shenzhen,1,4,True,DWT,20,259072,2684,96.52459,0.08288,33.5029,0.881854,31.9776,34.108,0.776202,0.914644,False,2.3489,2.4059,0.84,1.525,0.082701,0.031798
CHNCXR_0649_1,Shenzhen,1,4,True,DWT,30,259072,3921,66.072941,0.121078,36.0458,0.909977,33.6334,37.1785,0.827705,0.935546,False,2.5776,2.679,1.1971,1.7826,0.090443,0.03898
CHNCXR_0649_1,Shenzhen,1,4,True,DWT,50,259072,8833,29.330012,0.272758,40.4926,0.957737,37.6497,41.954,0.923255,0.968758,False,2.8925,2.9722,1.9138,2.3108,0.132756,0.066503
CHNCXR_0649_1,Shenzhen,1,4,True,DWT,70,259072,19661,13.176949,0.607121,44.6458,0.981057,41.7982,46.1111,0.96891,0.985022,False,3.0543,3.1088,2.7462,2.9314,0.194456,0.129561
CHNCXR_0649_1,Shenzhen,1,4,True,DWT,90,259072,46267,5.599499,1.428699,49.5929,0.992932,48.0377,50.2132,0.992333,0.993207,False,3.1389,3.1728,3.5352,3.5822,0.353728,0.270439
CHNCXR_0650_1,Shenzhen,1,1,True,DWT,10,235008,1488,157.935484,0.050654,30.6239,0.811844,28.7571,31.5877,0.698758,0.852737,False,2.236,2.2643,1.4291,1.8998,0.062831,0.016443
CHNCXR_0650_1,Shenzhen,1,1,True,DWT,20,235008,3263,72.022066,0.111077,32.3269,0.848904,30.2544,33.4433,0.753992,0.88306,False,2.4936,2.5749,0.6606,1.4192,0.081505,0.033636
CHNCXR_0650_1,Shenzhen,1,1,True,DWT,30,235008,4986,47.133574,0.16973,34.2363,0.885977,32.1387,35.3721,0.817949,0.910044,False,2.6873,2.7811,0.9098,1.5868,0.105235,0.052658
CHNCXR_0650_1,Shenzhen,1,1,True,DWT,50,235008,10484,22.415872,0.35689,38.2373,0.943262,35.9309,39.5432,0.916481,0.953496,False,2.9427,3.0539,1.9661,2.343,0.130146,0.076854
CHNCXR_0650_1,Shenzhen,1,1,True,DWT,70,235008,24431,9.619254,0.831665,42.4405,0.974143,40.2788,43.627,0.967545,0.977104,False,3.1036,3.149,3.1333,3.2383,0.209267,0.149052
CHNCXR_0650_1,Shenzhen,1,1,True,DWT,90,235008,61420,3.826246,2.090822,48.2887,0.992071,47.7223,48.5189,0.993984,0.991508,False,3.1713,3.2264,3.6087,3.6418,0.434717,0.360298
CHNCXR_0651_1,Shenzhen,1,4,True,DWT,10,244736,1867,131.085163,0.061029,29.961,0.795955,28.3823,30.9438,0.69486,0.843378,False,2.3091,2.3783,1.2917,1.8143,0.087582,0.0213
CHNCXR_0651_1,Shenzhen,1,4,True,DWT,20,244736,2849,85.902422,0.093129,31.8175,0.841352,30.1739,32.8552,0.76455,0.87681,False,2.5205,2.6569,1.7577,2.1725,0.072322,0.0243
CHNCXR_0651_1,Shenzhen,1,4,True,DWT,30,244736,5269,46.448282,0.172235,33.7122,0.882293,32.0019,34.8079,0.825254,0.908009,False,2.7173,2.8023,1.2363,1.813,0.09823,0.045307
CHNCXR_0651_1,Shenzhen,1,4,True,DWT,50,244736,12016,20.36751,0.392782,38.0029,0.943839,35.985,39.3891,0.920521,0.955306,False,2.998,3.0809,2.0972,2.4452,0.139736,0.088062
CHNCXR_0651_1,Shenzhen,1,4,True,DWT,70,244736,27469,8.909534,0.897914,42.2061,0.974813,40.3583,43.4266,0.968847,0.977826,False,3.1456,3.21,3.2255,3.3141,0.227832,0.169365
CHNCXR_0651_1,Shenzhen,1,4,True,DWT,90,244736,67041,3.650542,2.191455,48.2928,0.992636,47.7309,48.5792,0.994098,0.992054,False,3.2237,3.2704,3.6287,3.6623,0.474382,0.39701
CHNCXR_0652_1,Shenzhen,1,2,True,DWT,10,258048,1810,142.567956,0.056114,30.5842,0.799515,27.9472,31.6269,0.656603,0.834336,False,2.1747,2.2639,0.8272,1.503,0.074104,0.022521
CHNCXR_0652_1,Shenzhen,1,2,True,DWT,20,258048,3708,69.592233,0.114955,32.3343,0.843164,29.6614,33.3985,0.743795,0.866616,False,2.4168,2.5826,0.626,1.3936,0.093837,0.040311
CHNCXR_0652_1,Shenzhen,1,2,True,DWT,30,258048,5044,51.159397,0.156374,34.181,0.882151,31.3694,35.3311,0.812874,0.897843,False,2.6234,2.7307,1.0675,1.6898,0.104032,0.04793
CHNCXR_0652_1,Shenzhen,1,2,True,DWT,50,258048,11495,22.448717,0.356368,38.1533,0.939892,35.3954,39.2696,0.920374,0.944879,False,2.8467,2.8889,1.9122,2.3098,0.146645,0.086902
CHNCXR_0652_1,Shenzhen,1,2,True,DWT,70,258048,27108,9.519256,0.840402,42.2216,0.97143,40.0378,43.0149,0.971619,0.97182,False,2.9712,3.0309,3.081,3.1946,0.234472,0.168856
CHNCXR_0652_1,Shenzhen,1,2,True,DWT,90,258048,69996,3.686611,2.170015,48.0676,0.991307,47.7078,48.1646,0.995073,0.990478,False,3.0349,3.0841,3.5925,3.6271,0.502218,0.431405
CHNCXR_0653_1,Shenzhen,1,1,True,DWT,10,240128,1476,162.688347,0.049174,30.3997,0.789562,28.6103,31.4335,0.668325,0.839444,False,2.2396,2.2606,1.4734,1.9393,0.067633,0.018462
CHNCXR_0653_1,Shenzhen,1,1,True,DWT,20,240128,3018,79.565275,0.100546,32.1486,0.830461,30.29,33.2381,0.737408,0.868274,False,2.4855,2.567,0.8616,1.5628,0.081551,0.030037
CHNCXR_0653_1,Shenzhen,1,1,True,DWT,30,240128,4806,49.964211,0.160115,33.8451,0.87088,31.9715,34.9469,0.804596,0.896979,False,2.6759,2.7328,1.1058,1.7163,0.099063,0.044496
CHNCXR_0653_1,Shenzhen,1,1,True,DWT,50,240128,11200,21.44,0.373134,37.9827,0.93644,35.8653,39.2965,0.912257,0.947063,False,2.8998,2.9722,1.9735,2.3518,0.143011,0.084275
CHNCXR_0653_1,Shenzhen,1,1,True,DWT,70,240128,26480,9.068278,0.882196,42.1676,0.97206,40.296,43.2678,0.967032,0.974472,False,3.0097,3.0564,3.1445,3.2433,0.241382,0.164218
CHNCXR_0653_1,Shenzhen,1,1,True,DWT,90,240128,66438,3.614317,2.21342,48.1265,0.991864,47.7071,48.3134,0.993918,0.991106,False,3.076,3.1225,3.6102,3.6424,0.484825,0.400913
CHNCXR_0654_1,Shenzhen,1,2,True,DWT,10,236032,2192,107.678832,0.074295,30.0291,0.788995,29.0995,30.8039,0.70259,0.846465,False,2.25,2.3586,0.6,1.3512,0.075037,0.024769
CHNCXR_0654_1,Shenzhen,1,2,True,DWT,20,236032,3628,65.058434,0.122966,31.8291,0.829125,30.8477,32.657,0.759627,0.875201,False,2.4947,2.6077,0.7157,1.4487,0.089656,0.038704
CHNCXR_0654_1,Shenzhen,1,2,True,DWT,30,236032,5384,43.839525,0.182484,33.6132,0.870052,32.5643,34.5123,0.817549,0.904153,False,2.645,2.6919,0.9497,1.6094,0.105503,0.049607
CHNCXR_0654_1,Shenzhen,1,2,True,DWT,50,236032,11504,20.517385,0.389913,37.9448,0.935701,36.3392,39.5327,0.913277,0.95224,False,2.8357,2.8931,2.1073,2.4446,0.140211,0.091576
CHNCXR_0654_1,Shenzhen,1,2,True,DWT,70,236032,26636,8.861391,0.902793,41.9619,0.970449,40.5381,43.3024,0.964974,0.97478,False,2.9374,2.9966,3.2249,3.3068,0.256485,0.174056
CHNCXR_0654_1,Shenzhen,1,2,True,DWT,90,236032,67734,3.48469,2.295757,47.989,0.991609,47.7072,48.193,0.993191,0.990658,False,2.9779,3.0311,3.6293,3.6644,0.516275,0.420569
CHNCXR_0655_1,Shenzhen,1,4,True,DWT,10,244224,1538,158.793238,0.05038,30.3202,0.831469,30.6866,30.1596,0.726103,0.878303,False,2.1769,2.2312,1.4897,1.8993,0.067405,0.020576
CHNCXR_0655_1,Shenzhen,1,4,True,DWT,20,244224,3019,80.895661,0.098893,32.3804,0.861587,32.1597,32.4871,0.76954,0.904057,False,2.4449,2.5065,0.9814,1.6018,0.082434,0.032527
CHNCXR_0655_1,Shenzhen,1,4,True,DWT,30,244224,4479,54.526457,0.146718,35.1358,0.89553,33.7758,35.9514,0.824354,0.928792,False,2.6206,2.6838,1.4177,1.9263,0.093454,0.04202
CHNCXR_0655_1,Shenzhen,1,4,True,DWT,50,244224,9932,24.589609,0.325341,39.7768,0.950204,37.5803,41.3663,0.917711,0.966358,False,2.902,2.9518,2.2126,2.536,0.132324,0.073583
CHNCXR_0655_1,Shenzhen,1,4,True,DWT,70,244224,21876,11.164015,0.716588,44.053,0.978447,41.7597,45.7527,0.966974,0.984289,False,3.0273,3.0752,2.9736,3.1265,0.199476,0.137784
CHNCXR_0655_1,Shenzhen,1,4,True,DWT,90,244224,50461,4.839857,1.652942,49.2534,0.992599,48.0288,49.9677,0.991908,0.993061,False,3.0799,3.1144,3.653,3.6969,0.365739,0.305229
CHNCXR_0656_1,Shenzhen,1,1,True,DWT,10,261120,1523,171.451083,0.046661,30.9214,0.82163,28.1035,31.8413,0.663609,0.851825,False,2.2048,2.2307,1.2715,1.7995,0.078326,0.022211
CHNCXR_0656_1,Shenzhen,1,1,True,DWT,20,261120,3609,72.352452,0.11057,32.7574,0.861257,29.6684,33.8178,0.734866,0.885441,False,2.4595,2.5363,0.5782,1.3583,0.098104,0.040402
CHNCXR_0656_1,Shenzhen,1,1,True,DWT,30,261120,5373,48.598548,0.164614,34.5993,0.89558,31.3987,35.7216,0.805183,0.912659,False,2.633,2.723,0.7917,1.5168,0.112272,0.054421
CHNCXR_0656_1,Shenzhen,1,1,True,DWT,50,261120,10846,24.075235,0.332292,38.7169,0.948146,35.4271,39.8903,0.916447,0.954715,False,2.8639,2.9429,1.825,2.2503,0.147419,0.087777
CHNCXR_0656_1,Shenzhen,1,1,True,DWT,70,261120,25073,10.41439,0.768168,42.9031,0.975554,40.0798,43.8257,0.970032,0.9771,False,3.0017,3.0432,3.0243,3.1571,0.231237,0.164162
CHNCXR_0656_1,Shenzhen,1,1,True,DWT,90,261120,63230,4.129685,1.937194,48.4837,0.991834,47.758,48.652,0.994776,0.991348,False,3.0116,3.0571,3.5998,3.6321,0.484344,0.406472
CHNCXR_0657_1,Shenzhen,1,4,True,DWT,10,241152,1588,151.858942,0.05268,29.9632,0.786313,28.3399,30.9906,0.660521,0.843857,False,2.2789,2.3734,1.5287,1.9871,0.073706,0.019107
CHNCXR_0657_1,Shenzhen,1,4,True,DWT,20,241152,3553,67.872784,0.117868,31.6415,0.829127,29.8433,32.8243,0.726495,0.875645,False,2.5126,2.6062,0.7437,1.4756,0.08895,0.039518
CHNCXR_0657_1,Shenzhen,1,4,True,DWT,30,241152,5576,43.248207,0.184979,33.4788,0.873956,31.5731,34.7634,0.797795,0.908036,False,2.7132,2.8129,0.9887,1.6456,0.104851,0.05068
CHNCXR_0657_1,Shenzhen,1,4,True,DWT,50,241152,11930,20.213915,0.395767,37.7033,0.941288,35.4456,39.3586,0.9108,0.955796,False,2.976,3.0621,2.097,2.4417,0.159601,0.107941
CHNCXR_0657_1,Shenzhen,1,4,True,DWT,70,241152,27787,8.678591,0.921809,42.1961,0.975388,40.1105,43.6624,0.96782,0.979253,False,3.1164,3.1577,3.2295,3.3163,0.232145,0.173362
CHNCXR_0657_1,Shenzhen,1,4,True,DWT,90,241152,66348,3.634654,2.201035,48.3797,0.992911,47.7386,48.7132,0.994275,0.992385,False,3.2141,3.2508,3.6178,3.6476,0.488731,0.433215
CHNCXR_0658_1,Shenzhen,1,2,True,DWT,10,231424,1735,133.385591,0.059976,29.399,0.781751,26.9746,30.914,0.640003,0.837206,False,2.2617,2.3788,1.2767,1.8005,0.065223,0.021364
CHNCXR_0658_1,Shenzhen,1,2,True,DWT,20,231424,3708,62.412082,0.12818,31.1556,0.830296,28.7731,32.6301,0.728866,0.869136,False,2.5103,2.5833,0.7576,1.4835,0.089738,0.03823
CHNCXR_0658_1,Shenzhen,1,2,True,DWT,30,231424,5634,41.076322,0.194759,33.132,0.876083,30.6467,34.7072,0.803276,0.903655,False,2.6784,2.7601,1.0135,1.6556,0.106478,0.054343
CHNCXR_0658_1,Shenzhen,1,2,True,DWT,50,231424,12090,19.14177,0.417934,37.3616,0.94313,34.7137,39.1065,0.918403,0.953225,False,2.9236,3.0227,2.1578,2.4804,0.148142,0.092858
CHNCXR_0658_1,Shenzhen,1,2,True,DWT,70,231424,28162,8.217598,0.97352,41.9813,0.975815,39.6776,43.3817,0.972718,0.977454,False,3.0704,3.1103,3.2456,3.3318,0.246156,0.173635
CHNCXR_0658_1,Shenzhen,1,2,True,DWT,90,231424,66353,3.48777,2.293729,48.2894,0.992888,47.7659,48.5142,0.995726,0.99187,False,3.1272,3.1709,3.6101,3.6385,0.468225,0.392706
CHNCXR_0659_1,Shenzhen,1,4,True,DWT,10,261120,1528,170.890052,0.046814,30.8708,0.803876,28.3185,32.1143,0.666423,0.84349,False,2.1877,2.2199,1.3023,1.7947,0.072927,0.020667
CHNCXR_0659_1,Shenzhen,1,4,True,DWT,20,261120,3639,71.755977,0.111489,32.5338,0.842571,29.8924,33.845,0.736869,0.873038,False,2.4253,2.5224,0.5924,1.3735,0.102109,0.042426
CHNCXR_0659_1,Shenzhen,1,4,True,DWT,30,261120,5424,48.141593,0.166176,34.4252,0.882436,31.6767,35.8212,0.806915,0.904262,False,2.5994,2.7238,0.7995,1.5266,0.115572,0.05987
CHNCXR_0659_1,Shenzhen,1,4,True,DWT,50,261120,11190,23.335121,0.342831,38.434,0.941146,35.6458,39.8624,0.916759,0.949018,False,2.8642,2.9167,1.8875,2.2841,0.150616,0.087549
CHNCXR_0659_1,Shenzhen,1,4,True,DWT,70,261120,26218,9.95957,0.803248,42.4494,0.971441,40.3079,43.4099,0.969972,0.972518,False,2.9934,3.0455,3.054,3.1646,0.235562,0.174303
CHNCXR_0659_1,Shenzhen,1,4,True,DWT,90,261120,68378,3.818772,2.094914,48.1219,0.991036,47.7298,48.2516,0.994473,0.990151,False,3.0282,3.0756,3.5919,3.6258,0.513269,0.420985
CHNCXR_0660_1,Shenzhen,1,0,True,DWT,10,256512,1413,181.537155,0.044068,30.4916,0.821158,28.699,31.1307,0.68987,0.851717,False,2.2199,2.3187,2.3383,2.5431,0.069727,0.018001
CHNCXR_0660_1,Shenzhen,1,0,True,DWT,20,256512,3684,69.628664,0.114895,32.7184,0.861964,30.4505,33.5996,0.752081,0.889451,False,2.4729,2.5394,0.6539,1.4042,0.094874,0.040408
CHNCXR_0660_1,Shenzhen,1,0,True,DWT,30,256512,5438,47.170283,0.169598,34.6098,0.895947,32.1678,35.5903,0.812612,0.916333,False,2.6911,2.76,0.8392,1.5454,0.110691,0.052994
CHNCXR_0660_1,Shenzhen,1,0,True,DWT,50,256512,11119,23.069701,0.346775,38.779,0.949727,36.0081,39.9655,0.913626,0.959736,False,2.9415,3.0039,1.9281,2.3205,0.142281,0.083013
CHNCXR_0660_1,Shenzhen,1,0,True,DWT,70,256512,25125,10.209433,0.783589,43.1004,0.977956,40.4829,44.1877,0.967409,0.981072,False,3.0544,3.1088,3.052,3.1694,0.237705,0.16516
CHNCXR_0660_1,Shenzhen,1,0,True,DWT,90,256512,60768,4.221169,1.89521,48.7423,0.992823,47.7619,49.0473,0.99388,0.992663,False,3.1095,3.1821,3.6104,3.6447,0.449885,0.359073
CHNCXR_0661_1,Shenzhen,1,0,True,DWT,10,250880,1625,154.387692,0.051818,30.0294,0.787126,28.388,31.2489,0.672406,0.849313,False,2.257,2.3611,1.5095,1.9673,0.068645,0.018266
CHNCXR_0661_1,Shenzhen,1,0,True,DWT,20,250880,2775,90.407207,0.088489,31.9455,0.83569,30.251,33.2205,0.75019,0.881217,False,2.5059,2.6429,1.6558,2.1096,0.077405,0.026026
CHNCXR_0661_1,Shenzhen,1,0,True,DWT,30,250880,5151,48.705106,0.164254,33.7061,0.875913,31.8998,35.1024,0.811261,0.909475,False,2.7049,2.7865,1.1498,1.7565,0.101845,0.053711
CHNCXR_0661_1,Shenzhen,1,0,True,DWT,50,250880,12000,20.906667,0.382653,37.9662,0.940279,35.8871,39.6881,0.915802,0.954443,False,2.9603,3.0429,2.0688,2.414,0.150631,0.089123
CHNCXR_0661_1,Shenzhen,1,0,True,DWT,70,250880,27743,9.043002,0.884662,42.1869,0.973398,40.3438,43.6246,0.968034,0.976759,False,3.0799,3.1429,3.2024,3.2924,0.254232,0.17865
CHNCXR_0661_1,Shenzhen,1,0,True,DWT,90,250880,68757,3.648792,2.192506,48.19,0.992197,47.7338,48.4543,0.994063,0.991325,False,3.1643,3.196,3.6254,3.6603,0.501444,0.407246
CHNCXR_0662_1,Shenzhen,1,3,True,DWT,10,229888,1629,141.122161,0.056688,29.7602,0.785903,28.2646,31.007,0.687978,0.845211,False,2.2991,2.3855,1.5581,1.9928,0.06326,0.017408
CHNCXR_0662_1,Shenzhen,1,3,True,DWT,20,229888,3495,65.776252,0.121624,31.5647,0.832439,29.9727,32.9242,0.755204,0.878215,False,2.5223,2.6515,0.7379,1.4815,0.086663,0.034755
CHNCXR_0662_1,Shenzhen,1,3,True,DWT,30,229888,5321,43.203909,0.185168,33.4548,0.876004,31.8179,34.8687,0.81882,0.909139,False,2.6986,2.7795,0.9956,1.6508,0.110943,0.050794
CHNCXR_0662_1,Shenzhen,1,3,True,DWT,50,229888,11539,19.922697,0.401552,37.5865,0.941057,35.6364,39.4177,0.918052,0.956048,False,2.9654,3.0194,2.0835,2.428,0.13834,0.083667
CHNCXR_0662_1,Shenzhen,1,3,True,DWT,70,229888,27129,8.473884,0.944077,42.012,0.974974,40.2421,43.5947,0.969856,0.978598,False,3.0917,3.154,3.2281,3.3149,0.233437,0.168263
CHNCXR_0662_1,Shenzhen,1,3,True,DWT,90,229888,65556,3.506742,2.28132,48.2315,0.99298,47.745,48.5558,0.994479,0.992196,False,3.1822,3.2155,3.6015,3.6343,0.569,0.425054
MCUCXR_0001_0,Montgomery,0,0,True,DWT,10,215552,1336,161.341317,0.049584,29.499,0.874827,30.2362,29.288,0.777683,0.906692,False,2.0833,2.1828,1.3343,1.83,0.062078,0.016072
MCUCXR_0001_0,Montgomery,0,0,True,DWT,20,215552,2397,89.925741,0.088962,33.202,0.900493,32.1166,33.6142,0.819918,0.926681,False,2.3068,2.3826,1.0556,1.6505,0.068264,0.024643
MCUCXR_0001_0,Montgomery,0,0,True,DWT,30,215552,3479,61.958034,0.12912,35.4852,0.925285,33.8152,36.1887,0.860162,0.946814,False,2.5321,2.6326,1.404,1.9314,0.075579,0.031444
MCUCXR_0001_0,Montgomery,0,0,True,DWT,50,215552,7381,29.203631,0.273939,40.5029,0.965988,37.8148,41.8892,0.936651,0.975592,False,2.8462,2.9131,2.1529,2.48,0.101732,0.056018
MCUCXR_0001_0,Montgomery,0,0,True,DWT,70,215552,15560,13.852956,0.577494,45.0605,0.986013,42.1127,46.6707,0.974534,0.989921,False,3.0772,3.0977,3.0737,3.1756,0.149521,0.097128
MCUCXR_0001_0,Montgomery,0,0,True,DWT,90,215552,35621,6.051262,1.322038,50.277,0.995005,48.2037,51.2196,0.993274,0.995645,False,3.233,3.2608,3.5965,3.6526,0.37099,0.217102
MCUCXR_0002_0,Montgomery,0,1,True,DWT,10,215552,1344,160.380952,0.049881,30.4504,0.866109,30.5262,30.4312,0.778584,0.885943,False,2.1708,2.2742,1.2891,1.7998,0.058252,0.018317
MCUCXR_0002_0,Montgomery,0,1,True,DWT,20,215552,2098,102.741659,0.077865,32.7569,0.892535,32.0731,32.9506,0.811241,0.910474,False,2.4455,2.5493,1.6809,2.1011,0.063696,0.02153
MCUCXR_0002_0,Montgomery,0,1,True,DWT,30,215552,3447,62.533217,0.127932,35.0542,0.919066,33.8038,35.4416,0.855333,0.934097,False,2.6442,2.741,1.6601,2.119,0.077446,0.037499
MCUCXR_0002_0,Montgomery,0,1,True,DWT,50,215552,7980,27.011529,0.29617,39.7394,0.960185,37.6117,40.5053,0.930455,0.967349,False,2.9568,3.0233,2.1554,2.4839,0.153701,0.067129
MCUCXR_0002_0,Montgomery,0,1,True,DWT,70,215552,17653,12.210502,0.655174,44.0514,0.981175,41.6866,44.9404,0.970987,0.983971,False,3.1645,3.2375,2.8407,3.0142,0.173697,0.117187
MCUCXR_0002_0,Montgomery,0,1,True,DWT,90,215552,42340,5.090978,1.571407,49.2016,0.992976,48.0219,49.563,0.99299,0.993089,False,3.2741,3.31,3.6102,3.6565,0.329737,0.273993
MCUCXR_0003_0,Montgomery,0,3,True,DWT,10,215552,1517,142.090969,0.056302,29.3185,0.867272,30.1646,29.0642,0.774986,0.896956,False,2.1774,2.2984,1.2082,1.7597,0.062347,0.018521
MCUCXR_0003_0,Montgomery,0,3,True,DWT,20,215552,2722,79.188832,0.101024,32.5501,0.88991,31.9955,32.7564,0.817182,0.910973,False,2.4549,2.578,1.0542,1.6652,0.070292,0.024828
MCUCXR_0003_0,Montgomery,0,3,True,DWT,30,215552,3843,56.089513,0.142629,35.1335,0.919328,33.8044,35.6985,0.860961,0.937425,False,2.6856,2.7814,1.5193,2.0067,0.078954,0.032819
MCUCXR_0003_0,Montgomery,0,3,True,DWT,50,215552,8224,26.210117,0.305226,40.1492,0.965408,37.8276,41.3455,0.935898,0.975318,False,2.9938,3.0627,2.3242,2.6227,0.173092,0.062233
MCUCXR_0003_0,Montgomery,0,3,True,DWT,70,215552,17479,12.332056,0.648716,44.9491,0.98591,42.2544,46.4546,0.974969,0.989869,False,3.2104,3.2643,3.1037,3.2334,0.162775,0.109262
MCUCXR_0003_0,Montgomery,0,3,True,DWT,90,215552,38328,5.623878,1.422506,50.2396,0.995018,48.2835,51.1755,0.993307,0.995697,False,3.3205,3.3737,3.6173,3.6791,0.286653,0.217878
MCUCXR_0004_0,Montgomery,0,4,True,DWT,10,215552,1430,150.735664,0.053073,29.6444,0.884432,29.1642,29.7549,0.78239,0.903534,False,2.0048,2.0439,1.6194,2.0267,0.057755,0.01597
MCUCXR_0004_0,Montgomery,0,4,True,DWT,20,215552,2181,98.831729,0.080946,32.1123,0.916094,31.2572,32.3204,0.831601,0.933086,False,2.2082,2.2482,2.0236,2.3276,0.06198,0.020405
MCUCXR_0004_0,Montgomery,0,4,True,DWT,30,215552,3525,61.149504,0.130827,35.3643,0.939788,33.0866,36.061,0.873185,0.954345,False,2.3581,2.4229,1.7739,2.1771,0.073772,0.030255
MCUCXR_0004_0,Montgomery,0,4,True,DWT,50,215552,7652,28.169367,0.283996,40.9484,0.976623,37.466,42.2814,0.944635,0.983689,False,2.6507,2.707,2.5128,2.7386,0.100801,0.055371
MCUCXR_0004_0,Montgomery,0,4,True,DWT,70,215552,15052,14.320489,0.55864,45.9457,0.990961,41.8268,47.75,0.977697,0.993938,False,2.8624,2.9409,3.2706,3.3734,0.141568,0.090838
MCUCXR_0004_0,Montgomery,0,4,True,DWT,90,215552,31056,6.940752,1.152613,51.6721,0.997103,48.2349,52.976,0.994535,0.997642,False,2.9622,3.043,3.7218,3.7645,0.24069,0.174539
MCUCXR_0005_0,Montgomery,0,3,True,DWT,10,215552,1506,143.128818,0.055894,29.535,0.863888,30.6658,29.1123,0.78939,0.895943,False,2.1848,2.2375,1.3429,1.8525,0.059122,0.01597
MCUCXR_0005_0,Montgomery,0,3,True,DWT,20,215552,2691,80.101078,0.099874,32.0017,0.888866,32.3862,31.8407,0.822735,0.918215,False,2.4465,2.5376,1.0775,1.6966,0.07136,0.036206
MCUCXR_0005_0,Montgomery,0,3,True,DWT,30,215552,3880,55.554639,0.144002,34.8698,0.917972,34.1923,35.2097,0.866046,0.940685,False,2.654,2.7375,1.5442,2.0252,0.080092,0.037259
MCUCXR_0005_0,Montgomery,0,3,True,DWT,50,215552,8371,25.749851,0.310681,39.8901,0.961807,38.0017,41.0984,0.933606,0.974783,False,2.9228,2.9973,2.3619,2.6561,0.112125,0.059962
MCUCXR_0005_0,Montgomery,0,3,True,DWT,70,215552,18093,11.913558,0.671504,44.6711,0.984449,42.2945,46.3768,0.972893,0.989911,False,3.0692,3.1174,3.2569,3.3638,0.166219,0.111806
MCUCXR_0005_0,Montgomery,0,3,True,DWT,90,215552,39867,5.406778,1.479624,50.1419,0.994835,48.272,51.3334,0.992618,0.99594,False,3.2022,3.2491,3.7057,3.756,0.303505,0.249097
MCUCXR_0006_0,Montgomery,0,4,True,DWT,10,215552,1248,172.717949,0.046318,31.2315,0.898941,31.2632,31.2229,0.815398,0.918445,False,2.1523,2.2688,1.4909,1.9145,0.059211,0.015469
MCUCXR_0006_0,Montgomery,0,4,True,DWT,20,215552,1967,109.584138,0.073003,33.5272,0.917443,32.939,33.7012,0.84472,0.933917,False,2.4234,2.5358,1.6037,2.0269,0.064402,0.020017
MCUCXR_0006_0,Montgomery,0,4,True,DWT,30,215552,2984,72.235925,0.110748,36.091,0.936643,34.5571,36.6203,0.875554,0.951478,False,2.6574,2.7375,1.9807,2.3295,0.07127,0.024953
MCUCXR_0006_0,Montgomery,0,4,True,DWT,50,215552,6840,31.51345,0.25386,40.7928,0.967903,38.2353,41.8564,0.937419,0.975366,False,2.9946,3.069,2.1728,2.494,0.094813,0.048364
MCUCXR_0006_0,Montgomery,0,4,True,DWT,70,215552,14872,14.493814,0.55196,45.2847,0.985486,42.3936,46.5701,0.974512,0.988496,False,3.2353,3.2921,2.8969,3.0638,0.156774,0.104668
MCUCXR_0006_0,Montgomery,0,4,True,DWT,90,215552,34037,6.332873,1.26325,50.1612,0.994129,48.3404,50.8216,0.992977,0.994538,False,3.3621,3.4023,3.5088,3.5795,0.268979,0.330428
MCUCXR_0008_0,Montgomery,0,3,True,DWT,10,215552,1594,135.227102,0.05916,28.8441,0.852855,30.1669,28.4306,0.774492,0.87783,False,2.2,2.3378,1.3921,1.8814,0.060481,0.01684
MCUCXR_0008_0,Montgomery,0,3,True,DWT,20,215552,2385,90.378197,0.088517,31.2273,0.882325,31.9689,30.9753,0.814659,0.906236,False,2.4369,2.5681,1.8951,2.2252,0.065142,0.022038
MCUCXR_0008_0,Montgomery,0,3,True,DWT,30,215552,4048,53.249012,0.150238,34.2127,0.910978,33.6381,34.453,0.855457,0.932074,False,2.6404,2.7303,1.6047,2.0655,0.080189,0.033162
MCUCXR_0008_0,Montgomery,0,3,True,DWT,50,215552,8816,24.450091,0.327197,39.7138,0.962332,37.4226,41.0471,0.928946,0.975609,False,2.9366,2.9857,2.5716,2.7978,0.112063,0.061263
MCUCXR_0008_0,Montgomery,0,3,True,DWT,70,215552,18882,11.41574,0.700787,44.6224,0.985431,41.8757,46.3984,0.972097,0.990867,False,3.1504,3.2124,3.0995,3.2173,0.171331,0.117389
MCUCXR_0008_0,Montgomery,0,3,True,DWT,90,215552,40378,5.338353,1.49859,50.389,0.995456,48.2158,51.6215,0.993002,0.996517,False,3.2803,3.3324,3.6673,3.7182,0.500404,0.270239
MCUCXR_0011_0,Montgomery,0,3,True,DWT,10,215552,1556,138.529563,0.057749,29.0301,0.855789,29.5854,28.8491,0.767595,0.882722,False,2.1523,2.2832,1.4492,1.8984,0.078366,0.016774
MCUCXR_0011_0,Montgomery,0,3,True,DWT,20,215552,2760,78.098551,0.102435,32.1634,0.889199,31.3727,32.4824,0.810601,0.916383,False,2.4257,2.5636,1.1854,1.7475,0.070237,0.02741
MCUCXR_0011_0,Montgomery,0,3,True,DWT,30,215552,3926,54.903719,0.14571,34.6752,0.917168,33.115,35.398,0.855664,0.938247,False,2.6114,2.7043,1.7365,2.142,0.076008,0.032316
MCUCXR_0011_0,Montgomery,0,3,True,DWT,50,215552,8745,24.648599,0.324562,39.6248,0.966012,37.3233,40.862,0.936151,0.97697,False,2.8837,2.9176,2.3656,2.6247,0.196073,0.094821
MCUCXR_0011_0,Montgomery,0,3,True,DWT,70,215552,18682,11.537951,0.693364,44.8444,0.987358,41.8913,46.6848,0.975282,0.991886,False,3.0757,3.1102,3.1506,3.2694,0.193088,0.116736
MCUCXR_0011_0,Montgomery,0,3,True,DWT,90,215552,39017,5.524566,1.448077,50.6335,0.996006,48.2574,51.9313,0.993805,0.996877,False,3.1863,3.2303,3.6976,3.7455,0.297785,0.268962
MCUCXR_0013_0,Montgomery,0,3,True,DWT,10,215552,1323,162.926682,0.049102,30.8842,0.887404,30.3846,31.0361,0.771668,0.916427,False,2.1478,2.2751,1.517,1.9493,0.060494,0.016333
MCUCXR_0013_0,Montgomery,0,3,True,DWT,20,215552,1915,112.559791,0.071073,33.4108,0.908371,32.1664,33.8371,0.812477,0.931296,False,2.4369,2.5323,2.17,2.4434,0.078993,0.03456
MCUCXR_0013_0,Montgomery,0,3,True,DWT,30,215552,3025,71.25686,0.11227,35.8817,0.928954,33.8023,36.7071,0.85443,0.947642,False,2.6519,2.7366,1.9878,2.3385,0.126535,0.034588
MCUCXR_0013_0,Montgomery,0,3,True,DWT,50,215552,6740,31.981009,0.250148,40.458,0.965872,37.8007,41.6373,0.933714,0.974073,False,2.9888,3.0735,2.8416,2.9996,0.120464,0.050787
MCUCXR_0013_0,Montgomery,0,3,True,DWT,70,215552,15560,13.852956,0.577494,44.9184,0.984566,42.0015,46.2841,0.973025,0.987933,False,3.2085,3.2563,2.9426,3.0917,0.154256,0.099559
MCUCXR_0013_0,Montgomery,0,3,True,DWT,90,215552,36132,5.965681,1.341004,49.9654,0.994021,48.182,50.6361,0.993156,0.994375,False,3.3354,3.3683,3.5124,3.5755,0.341989,0.230518
MCUCXR_0015_0,Montgomery,0,0,True,DWT,10,215552,1437,150.001392,0.053333,30.1238,0.853384,29.9628,30.194,0.766082,0.888776,False,2.242,2.336,1.6767,2.058,0.07841,0.01787
MCUCXR_0015_0,Montgomery,0,0,True,DWT,20,215552,2213,97.402621,0.082133,32.3303,0.88203,31.6348,32.6631,0.812633,0.90956,False,2.4825,2.5959,1.945,2.2893,0.063588,0.021864
MCUCXR_0015_0,Montgomery,0,0,True,DWT,30,215552,3480,61.94023,0.129157,34.6625,0.912558,33.3523,35.366,0.856455,0.935651,False,2.6642,2.7599,2.2798,2.5457,0.073278,0.029399
MCUCXR_0015_0,Montgomery,0,0,True,DWT,50,215552,8437,25.548418,0.313131,39.2719,0.959067,37.4702,40.3419,0.934789,0.969019,False,2.9195,2.9803,2.5003,2.7347,0.109354,0.061069
MCUCXR_0015_0,Montgomery,0,0,True,DWT,70,215552,19465,11.073825,0.722424,44.0181,0.9829,41.8808,45.3851,0.973856,0.987081,False,3.1081,3.1855,2.9989,3.1299,0.211296,0.130089
MCUCXR_0015_0,Montgomery,0,0,True,DWT,90,215552,44088,4.889131,1.636283,49.4524,0.994056,48.1305,50.1639,0.993295,0.994515,False,3.1942,3.2222,3.6353,3.6771,0.471305,0.345724
MCUCXR_0016_0,Montgomery,0,2,True,DWT,10,215552,1456,148.043956,0.054038,30.343,0.886908,31.7513,29.9909,0.823747,0.90399,False,2.1291,2.2473,1.0673,1.64,0.064751,0.019309
MCUCXR_0016_0,Montgomery,0,2,True,DWT,20,215552,2532,85.131122,0.093973,33.046,0.910736,33.4936,32.9182,0.850022,0.927617,False,2.4015,2.5027,0.9042,1.5694,0.073432,0.027858
MCUCXR_0016_0,Montgomery,0,2,True,DWT,30,215552,3492,61.727377,0.129602,35.9069,0.934648,35.1897,36.1514,0.880704,0.950095,False,2.6235,2.7052,1.2873,1.8498,0.08145,0.035519
MCUCXR_0016_0,Montgomery,0,2,True,DWT,50,215552,7362,29.279,0.273233,41.1599,0.969827,38.7215,42.293,0.937494,0.979794,False,2.9775,3.0538,1.9385,2.3331,0.117765,0.0592
MCUCXR_0016_0,Montgomery,0,2,True,DWT,70,215552,14880,14.486022,0.552257,45.856,0.987299,42.8299,47.4495,0.973882,0.991523,False,3.2252,3.2778,2.9119,3.0826,0.180555,0.150347
MCUCXR_0016_0,Montgomery,0,2,True,DWT,90,215552,32180,6.698322,1.194329,51.0249,0.995422,48.5463,52.1863,0.992632,0.996347,False,3.3574,3.3925,3.4972,3.5776,0.311594,0.210374
MCUCXR_0017_0,Montgomery,0,4,True,DWT,10,215552,1622,132.892725,0.060199,29.15,0.85875,29.4861,29.0908,0.775199,0.87485,False,2.0874,2.1362,1.7828,2.158,0.068314,0.027474
MCUCXR_0017_0,Montgomery,0,4,True,DWT,20,215552,2903,74.251464,0.107742,31.4271,0.890802,31.3199,31.4471,0.81631,0.904772,False,2.3293,2.3961,1.2103,1.7801,0.077349,0.039205
MCUCXR_0017_0,Montgomery,0,4,True,DWT,30,215552,4206,51.248692,0.156102,34.8923,0.930747,33.1872,35.2955,0.859136,0.944026,False,2.5004,2.5806,1.6311,2.0922,0.111122,0.05411
MCUCXR_0017_0,Montgomery,0,4,True,DWT,50,215552,8285,26.017139,0.30749,40.6689,0.973892,37.1232,41.8193,0.931294,0.981804,False,2.7353,2.8091,2.5769,2.8004,0.14541,0.061514
MCUCXR_0017_0,Montgomery,0,4,True,DWT,70,215552,16141,13.354315,0.599057,45.9728,0.990516,41.6317,47.6255,0.971986,0.994085,False,2.9783,3.026,3.2332,3.3446,0.165787,0.116346
MCUCXR_0017_0,Montgomery,0,4,True,DWT,90,215552,31901,6.756904,1.183974,51.8781,0.997094,48.1933,53.106,0.993249,0.997855,False,3.1418,3.1855,3.7887,3.8286,0.24813,0.19383
MCUCXR_0019_0,Montgomery,0,3,True,DWT,10,215552,1513,142.466623,0.056154,29.7843,0.876388,31.1598,29.3319,0.807374,0.903282,False,2.1489,2.2912,1.3986,1.8411,0.106594,0.026525
MCUCXR_0019_0,Montgomery,0,3,True,DWT,20,215552,2565,84.035867,0.095197,32.9903,0.896714,32.9993,32.9867,0.844267,0.917283,False,2.3872,2.5215,1.2331,1.784,0.093473,0.03342
MCUCXR_0019_0,Montgomery,0,3,True,DWT,30,215552,3773,57.130135,0.140031,35.5188,0.926378,34.6184,35.9436,0.874869,0.947202,False,2.59,2.6631,1.5354,2.0214,0.087333,0.055467
MCUCXR_0019_0,Montgomery,0,3,True,DWT,50,215552,7729,27.888731,0.286854,40.5878,0.966733,38.4668,41.8644,0.936904,0.979268,False,2.879,2.9427,2.3618,2.6517,0.120503,0.06254
MCUCXR_0019_0,Montgomery,0,3,True,DWT,70,215552,16135,13.359281,0.598835,45.2827,0.986585,42.6499,47.0684,0.973813,0.991951,False,3.1247,3.1962,3.234,3.3379,0.16365,0.111333
MCUCXR_0019_0,Montgomery,0,3,True,DWT,90,215552,35272,6.111136,1.309086,50.7961,0.995672,48.4624,52.2699,0.992569,0.996991,False,3.2604,3.293,3.6797,3.7317,0.289153,0.211155
MCUCXR_0020_0,Montgomery,0,2,True,DWT,10,215552,1306,165.047473,0.048471,30.8417,0.877825,30.8212,30.8495,0.790164,0.907965,False,2.1853,2.3038,1.5186,1.9382,0.065436,0.017329
MCUCXR_0020_0,Montgomery,0,2,True,DWT,20,215552,1985,108.590428,0.073671,32.985,0.900969,32.4461,33.2064,0.826551,0.925552,False,2.4362,2.5959,1.9794,2.3085,0.065371,0.0192
MCUCXR_0020_0,Montgomery,0,2,True,DWT,30,215552,3132,68.822478,0.116241,35.7821,0.927254,34.3389,36.4793,0.869542,0.947177,False,2.646,2.7993,2.086,2.4111,0.070225,0.02706
MCUCXR_0020_0,Montgomery,0,2,True,DWT,50,215552,7268,29.657677,0.269745,40.3938,0.964987,38.3272,41.525,0.938476,0.974276,False,2.9492,3.043,2.4454,2.6931,0.104965,0.065958
MCUCXR_0020_0,Montgomery,0,2,True,DWT,70,215552,16199,13.3065,0.60121,45.0933,0.985384,42.5044,46.6839,0.974709,0.989663,False,3.0884,3.1532,2.9612,3.1022,0.163055,0.105317
MCUCXR_0020_0,Montgomery,0,2,True,DWT,90,215552,36513,5.903432,1.355144,50.2452,0.994784,48.4198,51.1958,0.993232,0.995483,False,3.2096,3.2581,3.5575,3.619,0.297157,0.268669
MCUCXR_0021_0,Montgomery,0,0,True,DWT,10,215552,1358,158.727541,0.050401,30.2536,0.88513,30.5914,30.1528,0.777993,0.916213,False,1.9988,2.0789,1.2535,1.7843,0.069341,0.016919
MCUCXR_0021_0,Montgomery,0,0,True,DWT,20,215552,2277,94.66491,0.084509,33.0305,0.905036,32.2527,33.3066,0.815694,0.931076,False,2.2428,2.3199,1.1725,1.7617,0.072712,0.024091
MCUCXR_0021_0,Montgomery,0,0,True,DWT,30,215552,3348,64.382318,0.124258,35.9004,0.93318,34.1206,36.6527,0.861445,0.954561,False,2.4811,2.5789,1.5885,2.0551,0.076306,0.030791
MCUCXR_0021_0,Montgomery,0,0,True,DWT,50,215552,6901,31.234893,0.256124,41.0321,0.970858,38.0455,42.6473,0.93567,0.981706,False,2.7913,2.8504,2.5309,2.7705,0.099764,0.051033
MCUCXR_0021_0,Montgomery,0,0,True,DWT,70,215552,14616,14.747674,0.542458,45.8662,0.988354,42.2734,48.1148,0.973834,0.993127,False,3.0026,3.0484,3.1431,3.2652,0.153421,0.094637
MCUCXR_0021_0,Montgomery,0,0,True,DWT,90,215552,31379,6.869307,1.164601,51.5115,0.996304,48.4039,53.2392,0.993264,0.997329,False,3.137,3.1559,3.6235,3.6903,0.251472,0.206248
MCUCXR_0022_0,Montgomery,0,4,True,DWT,10,215552,1384,155.745665,0.051366,30.6178,0.847938,31.1522,30.2978,0.790735,0.883606,False,2.2751,2.4005,1.4549,1.8925,0.071552,0.016513
MCUCXR_0022_0,Montgomery,0,4,True,DWT,20,215552,2035,105.922359,0.075527,32.7979,0.876976,32.6041,32.9309,0.822475,0.910876,False,2.5273,2.672,2.2123,2.5002,0.075398,0.019979
MCUCXR_0022_0,Montgomery,0,4,True,DWT,30,215552,3314,65.042849,0.122996,35.0667,0.906252,34.3915,35.578,0.861047,0.935016,False,2.7019,2.8163,2.1522,2.461,0.071854,0.030704
MCUCXR_0022_0,Montgomery,0,4,True,DWT,50,215552,8412,25.624346,0.312203,39.3164,0.952741,38.0241,40.4449,0.928495,0.968343,False,2.9328,3.0161,2.222,2.5205,0.111524,0.0717
MCUCXR_0022_0,Montgomery,0,4,True,DWT,70,215552,19234,11.206821,0.713851,43.8741,0.98036,42.1719,45.5287,0.970138,0.987499,False,3.0896,3.164,3.1596,3.248,0.208801,0.138377
MCUCXR_0022_0,Montgomery,0,4,True,DWT,90,215552,45172,4.771806,1.676514,49.3911,0.993863,48.2291,50.374,0.992214,0.995098,False,3.1532,3.198,3.6265,3.6619,0.363811,0.282283
MCUCXR_0023_0,Montgomery,0,1,True,DWT,10,215552,1263,170.666667,0.046875,31.4091,0.87174,31.0536,31.6494,0.794835,0.917159,False,2.2603,2.3898,1.4059,1.86,0.066029,0.014987
MCUCXR_0023_0,Montgomery,0,1,True,DWT,20,215552,1876,114.899787,0.069626,33.7539,0.891725,32.6235,34.6562,0.824593,0.930718,False,2.5003,2.5896,2.142,2.4406,0.063263,0.019356
MCUCXR_0023_0,Montgomery,0,1,True,DWT,30,215552,2955,72.944839,0.109672,35.7786,0.916383,34.3402,37.015,0.860906,0.950041,False,2.6882,2.793,2.1737,2.4877,0.070356,0.025295
MCUCXR_0023_0,Montgomery,0,1,True,DWT,50,215552,7342,29.358758,0.272491,39.836,0.957303,37.9775,41.6211,0.928223,0.975087,False,2.9342,3.0242,2.4187,2.6704,0.103457,0.056918
MCUCXR_0023_0,Montgomery,0,1,True,DWT,70,215552,17579,12.261903,0.652427,44.3373,0.981937,42.157,46.6396,0.969801,0.989872,False,3.1147,3.1622,2.881,3.0289,0.188911,0.124753
MCUCXR_0023_0,Montgomery,0,1,True,DWT,90,215552,40933,5.265971,1.519188,49.7638,0.994207,48.1581,51.2043,0.992006,0.99571,False,3.1759,3.2312,3.5466,3.5961,0.325901,0.257049
MCUCXR_0024_0,Montgomery,0,0,True,DWT,10,215552,1363,158.145268,0.050586,31.1041,0.887337,30.5608,31.2329,0.797297,0.906914,False,2.0394,2.1362,1.1441,1.6989,0.083455,0.017043
MCUCXR_0024_0,Montgomery,0,0,True,DWT,20,215552,1901,113.388743,0.070554,33.8387,0.917003,32.2643,34.276,0.830917,0.935283,False,2.2825,2.3289,1.6894,2.0977,0.064593,0.019681
MCUCXR_0024_0,Montgomery,0,0,True,DWT,30,215552,2819,76.463994,0.104624,36.1906,0.943663,33.9643,36.8802,0.868233,0.959729,False,2.5162,2.6263,2.0105,2.3517,0.070973,0.026518
MCUCXR_0024_0,Montgomery,0,0,True,DWT,50,215552,6523,33.044918,0.242095,41.116,0.972926,37.9654,42.2715,0.93827,0.980603,False,2.8782,2.957,2.148,2.4824,0.103286,0.052867
MCUCXR_0024_0,Montgomery,0,0,True,DWT,70,215552,13692,15.742916,0.508165,46.0306,0.988715,42.1976,47.6462,0.975275,0.99176,False,3.1253,3.147,2.973,3.1374,0.142188,0.089832
MCUCXR_0024_0,Montgomery,0,0,True,DWT,90,215552,29850,7.221173,1.107853,51.3912,0.996135,48.4409,52.4326,0.993757,0.996709,False,3.2701,3.3109,3.5872,3.6515,0.237726,0.179991
MCUCXR_0026_0,Montgomery,0,3,True,DWT,10,215552,1401,153.855817,0.051997,30.2188,0.879108,29.8572,30.3003,0.771913,0.898473,False,1.903,1.9686,1.3525,1.8261,0.069401,0.020452
MCUCXR_0026_0,Montgomery,0,3,True,DWT,20,215552,2128,101.293233,0.078979,32.8408,0.907466,31.9645,33.0539,0.821414,0.92539,False,2.1338,2.181,1.7901,2.1559,0.066155,0.022119
MCUCXR_0026_0,Montgomery,0,3,True,DWT,30,215552,3399,63.416299,0.126151,35.4618,0.944311,33.6336,35.9781,0.862837,0.961781,False,2.3105,2.362,1.5765,2.0327,0.077488,0.032385
MCUCXR_0026_0,Montgomery,0,3,True,DWT,50,215552,7096,30.37655,0.263361,41.3331,0.977069,37.6068,42.8261,0.933375,0.986758,False,2.6669,2.7204,2.2882,2.5715,0.104742,0.053247
MCUCXR_0026_0,Montgomery,0,3,True,DWT,70,215552,13928,15.476163,0.516924,46.5696,0.991244,42.0123,48.7695,0.973757,0.995157,False,2.9315,3.0161,3.1472,3.2676,0.140675,0.087869
MCUCXR_0026_0,Montgomery,0,3,True,DWT,90,215552,28115,7.666797,1.043461,52.3809,0.997289,48.2998,54.1455,0.993529,0.998146,False,3.1666,3.2052,3.6172,3.6734,0.227013,0.167228
MCUCXR_0027_0,Montgomery,0,0,True,DWT,10,215552,1350,159.668148,0.050104,30.515,0.882884,30.2636,30.5888,0.780932,0.911476,False,2.1005,2.2043,1.3455,1.8489,0.058574,0.016164
MCUCXR_0027_0,Montgomery,0,0,True,DWT,20,215552,2255,95.58847,0.083692,32.9003,0.907664,31.9536,33.2104,0.817546,0.932929,False,2.3175,2.4158,1.1934,1.7778,0.068499,0.023249
MCUCXR_0027_0,Montgomery,0,0,True,DWT,30,215552,3359,64.17148,0.124666,35.6688,0.93268,33.7942,36.3885,0.861263,0.952656,False,2.5428,2.6532,1.5936,2.0909,0.07518,0.03032
MCUCXR_0027_0,Montgomery,0,0,True,DWT,50,215552,7053,30.561747,0.261765,40.7796,0.970602,37.8457,42.1646,0.937341,0.98015,False,2.8505,2.8961,2.6982,2.9119,0.104128,0.05706
MCUCXR_0027_0,Montgomery,0,0,True,DWT,70,215552,15155,14.223161,0.562463,45.5663,0.988198,42.2082,47.3061,0.975782,0.991882,False,3.0309,3.0654,3.2444,3.3376,0.145266,0.094275
MCUCXR_0027_0,Montgomery,0,0,True,DWT,90,215552,33073,6.517461,1.227472,50.9993,0.995997,48.3559,52.1745,0.993854,0.996653,False,3.1368,3.1577,3.6795,3.7272,0.24783,0.195457
MCUCXR_0028_0,Montgomery,0,0,True,DWT,10,215552,1440,149.688889,0.053444,30.3263,0.896441,30.5055,30.2868,0.79948,0.914105,False,2.0301,2.103,1.3981,1.8779,0.056604,0.01593
MCUCXR_0028_0,Montgomery,0,0,True,DWT,20,215552,2377,90.682373,0.08822,32.7347,0.918136,32.4446,32.8029,0.838754,0.934043,False,2.2745,2.3297,1.1714,1.7555,0.06675,0.022797
MCUCXR_0028_0,Montgomery,0,0,True,DWT,30,215552,3422,62.990064,0.127004,35.8628,0.941268,34.0286,36.4106,0.869124,0.956798,False,2.4951,2.6013,1.5735,2.0528,0.073842,0.033494
MCUCXR_0028_0,Montgomery,0,0,True,DWT,50,215552,7136,30.206278,0.264846,41.3,0.974825,37.9233,42.6384,0.936566,0.983552,False,2.7876,2.8602,2.3378,2.6236,0.108283,0.052135
MCUCXR_0028_0,Montgomery,0,0,True,DWT,70,215552,14212,15.166901,0.527464,46.2545,0.989891,42.2254,48.0905,0.974603,0.993494,False,2.9967,3.0412,3.1762,3.2922,0.131863,0.087794
MCUCXR_0028_0,Montgomery,0,0,True,DWT,90,215552,29740,7.247882,1.103771,51.7434,0.996621,48.3336,53.104,0.993394,0.997416,False,3.1024,3.1389,3.6566,3.7139,0.230294,0.175422
MCUCXR_0029_0,Montgomery,0,3,True,DWT,10,215552,1288,167.354037,0.047803,30.474,0.88641,31.4552,30.1958,0.809828,0.908431,False,1.9937,2.0887,1.16,1.7008,0.059681,0.015125
MCUCXR_0029_0,Montgomery,0,3,True,DWT,20,215552,2224,96.920863,0.082542,33.1582,0.908522,33.1161,33.172,0.84046,0.928663,False,2.2928,2.3952,1.0491,1.6618,0.076584,0.023299
MCUCXR_0029_0,Montgomery,0,3,True,DWT,30,215552,3180,67.783648,0.118023,35.9824,0.935174,34.751,36.4749,0.873971,0.953603,False,2.5295,2.6138,1.5244,2.0164,0.073044,0.027082
MCUCXR_0029_0,Montgomery,0,3,True,DWT,50,215552,6698,32.181547,0.24859,41.2466,0.970955,38.719,42.544,0.940603,0.980672,False,2.8633,2.9104,2.4699,2.7267,0.090493,0.048067
MCUCXR_0029_0,Montgomery,0,3,True,DWT,70,215552,14429,14.938804,0.535518,45.9967,0.98784,42.8068,47.899,0.975057,0.992241,False,3.1026,3.1461,2.8675,3.0512,0.14109,0.090622
MCUCXR_0029_0,Montgomery,0,3,True,DWT,90,215552,30922,6.97083,1.14764,51.1938,0.995631,48.5589,52.5779,0.992971,0.996592,False,3.2046,3.224,3.6324,3.6876,0.252583,0.183127
MCUCXR_0030_0,Montgomery,0,2,True,DWT,10,215552,1276,168.9279,0.047357,31.2217,0.865271,30.502,31.6761,0.78382,0.906419,False,2.2213,2.2715,1.3286,1.8256,0.063145,0.016313
MCUCXR_0030_0,Montgomery,0,2,True,DWT,20,215552,1968,109.528455,0.07304,33.3114,0.888025,32.2284,34.0486,0.821473,0.920828,False,2.4683,2.5717,1.7391,2.1427,0.062355,0.018999
MCUCXR_0030_0,Montgomery,0,2,True,DWT,30,215552,3100,69.532903,0.115053,35.5124,0.915918,34.101,36.5452,0.863527,0.942442,False,2.6626,2.7876,2.0662,2.4052,0.068823,0.026058
MCUCXR_0030_0,Montgomery,0,2,True,DWT,50,215552,7475,28.836388,0.277427,39.7324,0.958622,37.8918,41.2254,0.933209,0.971668,False,2.927,2.9731,2.5369,2.7551,0.101047,0.055166
MCUCXR_0030_0,Montgomery,0,2,True,DWT,70,215552,17838,12.083866,0.66204,44.2762,0.982335,42.0518,46.2739,0.971875,0.988274,False,3.1093,3.1371,2.9969,3.1254,0.171401,0.112806
MCUCXR_0030_0,Montgomery,0,2,True,DWT,90,215552,41238,5.227024,1.530508,49.7001,0.994096,48.1764,50.8446,0.992668,0.994968,False,3.1917,3.2348,3.5756,3.6215,0.329678,0.247195
MCUCXR_0031_0,Montgomery,0,0,True,DWT,10,215552,1413,152.549186,0.052442,30.4806,0.84772,30.5519,30.4418,0.781234,0.882703,False,2.2296,2.3495,1.5893,2.0009,0.064807,0.016613
MCUCXR_0031_0,Montgomery,0,0,True,DWT,20,215552,2196,98.156648,0.081502,32.5884,0.87522,32.0058,32.9468,0.815368,0.906298,False,2.4796,2.6165,1.8331,2.2138,0.064543,0.024056
MCUCXR_0031_0,Montgomery,0,0,True,DWT,30,215552,3368,64.0,0.125,34.8766,0.906162,33.9336,35.5003,0.859552,0.931268,False,2.6591,2.7581,2.3277,2.6022,0.072052,0.028136
MCUCXR_0031_0,Montgomery,0,0,True,DWT,50,215552,8346,25.826983,0.309754,39.0881,0.953956,37.6716,40.1268,0.930419,0.966645,False,2.9409,3.0269,2.5692,2.7822,0.112833,0.062545
MCUCXR_0031_0,Montgomery,0,0,True,DWT,70,215552,19831,10.869447,0.736008,43.7171,0.980619,41.9975,45.0718,0.971813,0.985792,False,3.093,3.1514,3.0349,3.1515,0.18223,0.125034
MCUCXR_0031_0,Montgomery,0,0,True,DWT,90,215552,46161,4.66957,1.71322,49.1976,0.993584,48.1727,49.8872,0.99271,0.9942,False,3.1673,3.207,3.6328,3.6682,0.348807,0.288976
MCUCXR_0035_0,Montgomery,0,3,True,DWT,10,215552,1533,140.607958,0.056896,29.4495,0.848645,29.6681,29.3718,0.766211,0.876424,False,2.1759,2.2984,1.9227,2.2611,0.059421,0.016545
MCUCXR_0035_0,Montgomery,0,3,True,DWT,20,215552,2405,89.626611,0.089259,31.3721,0.880148,31.2227,31.4284,0.80501,0.905749,False,2.3661,2.5009,2.001,2.372,0.063457,0.020869
MCUCXR_0035_0,Montgomery,0,3,True,DWT,30,215552,4087,52.740886,0.151685,34.512,0.917942,32.9979,35.2357,0.852497,0.942576,False,2.598,2.6909,1.7578,2.1861,0.079021,0.033946
MCUCXR_0035_0,Montgomery,0,3,True,DWT,50,215552,8885,24.260214,0.329758,39.4518,0.964631,36.9549,40.9145,0.931831,0.977001,False,2.8788,2.9471,2.5181,2.7568,0.118165,0.061089
MCUCXR_0035_0,Montgomery,0,3,True,DWT,70,215552,18878,11.418159,0.700638,44.676,0.986987,41.7165,46.6105,0.974572,0.9918,False,3.0517,3.1022,3.2518,3.3387,0.170582,0.122039
MCUCXR_0035_0,Montgomery,0,3,True,DWT,90,215552,39726,5.425968,1.474391,50.5942,0.996128,48.1087,52.0464,0.993718,0.997081,False,3.2217,3.2616,3.726,3.7717,0.294888,0.226425
MCUCXR_0038_0,Montgomery,0,3,True,DWT,10,215552,1546,139.425614,0.057378,29.8358,0.849209,29.6951,29.8902,0.771589,0.877868,False,2.1611,2.2769,1.463,1.9648,0.061702,0.018099
MCUCXR_0038_0,Montgomery,0,3,True,DWT,20,215552,2516,85.672496,0.093379,32.3546,0.885332,31.4815,32.7367,0.817053,0.910384,False,2.3788,2.4901,1.2741,1.8466,0.066619,0.025253
MCUCXR_0038_0,Montgomery,0,3,True,DWT,30,215552,3650,59.055342,0.135466,34.8311,0.920773,33.147,35.6887,0.860402,0.943693,False,2.5957,2.7061,1.6539,2.1154,0.071981,0.028838
MCUCXR_0038_0,Montgomery,0,3,True,DWT,50,215552,8213,26.245221,0.304817,39.6906,0.965935,37.2812,41.1204,0.936779,0.977178,False,2.885,2.9247,2.4011,2.6694,0.104383,0.056597
MCUCXR_0038_0,Montgomery,0,3,True,DWT,70,215552,18069,11.929382,0.670613,44.5056,0.986621,41.6565,46.3813,0.974507,0.991449,False,3.0504,3.0959,3.1317,3.2446,0.167067,0.116144
MCUCXR_0038_0,Montgomery,0,3,True,DWT,90,215552,39395,5.471557,1.462107,50.4819,0.996014,48.1792,51.8162,0.993803,0.99693,False,3.1834,3.2025,3.6964,3.7381,0.325352,0.283113
MCUCXR_0040_0,Montgomery,0,3,True,DWT,10,215552,1608,134.049751,0.059679,29.868,0.867963,30.7529,29.5713,0.80102,0.890053,False,2.1777,2.3163,1.5247,1.9749,0.062536,0.01713
MCUCXR_0040_0,Montgomery,0,3,True,DWT,20,215552,2490,86.567068,0.092414,32.1195,0.890169,32.6219,31.9412,0.834649,0.911227,False,2.4206,2.5529,1.7142,2.1349,0.065648,0.023182
MCUCXR_0040_0,Montgomery,0,3,True,DWT,30,215552,3757,57.373436,0.139437,34.6529,0.91694,34.3681,34.7673,0.869148,0.935512,False,2.6076,2.6944,2.2427,2.5226,0.073723,0.029354
MCUCXR_0040_0,Montgomery,0,3,True,DWT,50,215552,8742,24.657058,0.324451,39.6689,0.961255,37.8109,40.6641,0.92871,0.974382,False,2.911,2.9731,2.4047,2.6587,0.1123,0.05889
MCUCXR_0040_0,Montgomery,0,3,True,DWT,70,215552,18715,11.517606,0.694589,44.4132,0.984303,42.0674,45.8083,0.970369,0.989954,False,3.1527,3.207,3.1759,3.2775,0.179327,0.147388
MCUCXR_0040_0,Montgomery,0,3,True,DWT,90,215552,41152,5.237947,1.527316,50.1243,0.995173,48.1536,51.2048,0.992138,0.996456,False,3.2846,3.3378,3.7083,3.7522,0.310473,0.241639
MCUCXR_0041_0,Montgomery,0,2,True,DWT,10,215552,1391,154.961898,0.051626,30.4073,0.879597,31.2,30.2578,0.832606,0.892162,False,1.9434,2.0143,1.2035,1.7227,0.063395,0.018734
MCUCXR_0041_0,Montgomery,0,2,True,DWT,20,215552,2433,88.59515,0.090298,33.0696,0.906016,33.173,33.0482,0.862369,0.917348,False,2.1644,2.2124,0.965,1.5978,0.082471,0.031131
MCUCXR_0041_0,Montgomery,0,2,True,DWT,30,215552,3325,64.827669,0.123404,36.2794,0.934761,34.8862,36.6386,0.889231,0.945846,False,2.3913,2.4525,1.2897,1.8262,0.077935,0.031978
MCUCXR_0041_0,Montgomery,0,2,True,DWT,50,215552,6739,31.985755,0.250111,41.8176,0.973488,38.8443,42.8215,0.942845,0.980593,False,2.7309,2.8163,1.8575,2.2589,0.101919,0.051286
MCUCXR_0041_0,Montgomery,0,2,True,DWT,70,215552,12970,16.619275,0.481369,46.5814,0.989517,42.9852,47.9516,0.974709,0.992889,False,2.9875,3.0565,2.8548,3.0344,0.155305,0.088979
MCUCXR_0041_0,Montgomery,0,2,True,DWT,90,215552,27572,7.817786,1.023308,51.7964,0.996327,48.5661,52.9413,0.992451,0.997231,False,3.1544,3.2061,3.4642,3.5464,0.228169,0.172066
MCUCXR_0042_0,Montgomery,0,2,True,DWT,10,215552,1488,144.860215,0.055226,29.8792,0.886216,29.4391,29.9593,0.783847,0.905131,False,1.7175,1.8315,1.1115,1.6689,0.072661,0.021286
MCUCXR_0042_0,Montgomery,0,2,True,DWT,20,215552,2388,90.264657,0.088628,32.4177,0.910786,31.1051,32.6887,0.819886,0.927238,False,1.9519,2.0278,1.1386,1.7132,0.069154,0.026617
MCUCXR_0042_0,Montgomery,0,2,True,DWT,30,215552,3338,64.575195,0.123887,35.3871,0.941287,32.9922,35.9725,0.859871,0.955802,False,2.1533,2.2204,1.6491,2.0748,0.072719,0.030082
MCUCXR_0042_0,Montgomery,0,2,True,DWT,50,215552,7214,29.879678,0.26774,41.1419,0.977942,36.9928,42.5336,0.932982,0.985933,False,2.4743,2.5063,2.0218,2.3889,0.108843,0.060067
MCUCXR_0042_0,Montgomery,0,2,True,DWT,70,215552,13813,15.60501,0.512656,46.5262,0.991923,41.715,48.3808,0.973762,0.995211,False,2.744,2.7984,2.9612,3.1231,0.146663,0.092757
MCUCXR_0042_0,Montgomery,0,2,True,DWT,90,215552,27355,7.879803,1.015254,52.4335,0.99754,48.2103,53.8713,0.993573,0.998285,False,2.9333,2.9794,3.5845,3.6543,0.225162,0.171242
MCUCXR_0043_0,Montgomery,0,0,True,DWT,10,215552,1320,163.29697,0.04899,30.6253,0.878717,30.0342,30.7865,0.7634,0.905543,False,2.1948,2.3127,1.4353,1.872,0.060035,0.015548
MCUCXR_0043_0,Montgomery,0,0,True,DWT,20,215552,1970,109.417259,0.073115,33.1292,0.902569,31.735,33.5606,0.807059,0.924049,False,2.4416,2.5573,2.1373,2.4071,0.059927,0.019322
MCUCXR_0043_0,Montgomery,0,0,True,DWT,30,215552,3189,67.592349,0.118357,35.4923,0.927741,33.3571,36.2425,0.850799,0.945881,False,2.6512,2.7419,2.0251,2.3665,0.072409,0.029082
MCUCXR_0043_0,Montgomery,0,0,True,DWT,50,215552,7375,29.22739,0.273716,40.226,0.966241,37.3744,41.3717,0.93266,0.974003,False,2.9431,3.0332,2.4483,2.6954,0.10493,0.056517
MCUCXR_0043_0,Montgomery,0,0,True,DWT,70,215552,16418,13.129005,0.609338,44.9113,0.985883,41.6749,46.3171,0.973391,0.989182,False,3.159,3.2267,3.0028,3.1247,0.163606,0.111626
MCUCXR_0043_0,Montgomery,0,0,True,DWT,90,215552,37068,5.815043,1.375742,50.18,0.994828,48.0585,50.9236,0.993624,0.995225,False,3.2874,3.3468,3.544,3.6049,0.295914,0.233678
MCUCXR_0044_0,Montgomery,0,0,True,DWT,10,215552,1463,147.335612,0.054298,29.8317,0.863315,30.3544,29.6535,0.778552,0.89294,False,2.1741,2.2993,1.1907,1.7317,0.06285,0.017945
MCUCXR_0044_0,Montgomery,0,0,True,DWT,20,215552,2130,101.198122,0.079053,31.9766,0.898887,32.1441,31.9164,0.817421,0.927788,False,2.4342,2.5591,1.8065,2.1927,0.064705,0.020247
MCUCXR_0044_0,Montgomery,0,0,True,DWT,30,215552,3666,58.7976,0.13606,35.3342,0.923468,33.7999,36.0733,0.858743,0.945988,False,2.6611,2.7455,1.4763,1.9936,0.079836,0.036295
MCUCXR_0044_0,Montgomery,0,0,True,DWT,50,215552,8004,26.930535,0.297061,40.1215,0.964309,37.6844,41.5357,0.933176,0.97569,False,2.928,2.9973,2.2452,2.5537,0.109247,0.060601
MCUCXR_0044_0,Montgomery,0,0,True,DWT,70,215552,17278,12.475518,0.641256,44.8383,0.985493,42.1045,46.537,0.974041,0.989929,False,3.1135,3.1855,3.1563,3.2698,0.168912,0.11323
MCUCXR_0044_0,Montgomery,0,0,True,DWT,90,215552,38261,5.633726,1.420019,50.329,0.995236,48.2906,51.4147,0.993422,0.995985,False,3.2422,3.2787,3.6358,3.6891,0.297961,0.2321
MCUCXR_0045_0,Montgomery,0,3,True,DWT,10,215552,1089,197.935721,0.040417,32.2747,0.869259,30.7534,33.0138,0.794299,0.896033,False,2.1685,2.2939,1.7935,2.1238,0.057145,0.015218
MCUCXR_0045_0,Montgomery,0,3,True,DWT,20,215552,1857,116.07539,0.068921,34.0515,0.892916,32.4579,34.8366,0.829989,0.915066,False,2.4472,2.5332,1.3165,1.8289,0.06487,0.019613
MCUCXR_0045_0,Montgomery,0,3,True,DWT,30,215552,2778,77.592513,0.103103,35.9179,0.920984,34.1654,36.8087,0.86732,0.940595,False,2.6581,2.7384,1.8637,2.2359,0.072815,0.02717
MCUCXR_0045_0,Montgomery,0,3,True,DWT,50,215552,6917,31.162643,0.256718,40.1661,0.961979,38.0253,41.3448,0.9355,0.971545,False,2.9325,3.0242,2.2262,2.5175,0.101743,0.054348
MCUCXR_0045_0,Montgomery,0,3,True,DWT,70,215552,16006,13.46695,0.594047,44.7366,0.984184,42.2174,46.2442,0.973116,0.988635,False,3.1485,3.1855,3.0179,3.1325,0.165562,0.108973
MCUCXR_0045_0,Montgomery,0,3,True,DWT,90,215552,37357,5.770056,1.386468,50.065,0.994611,48.2989,50.9653,0.992889,0.99539,False,3.2646,3.3056,3.5425,3.5941,0.304951,0.232735
MCUCXR_0046_0,Montgomery,0,2,True,DWT,10,215552,1648,130.796117,0.061164,28.8498,0.844327,30.063,28.4618,0.780076,0.868814,False,2.2436,2.3871,1.3739,1.8693,0.061548,0.018012
MCUCXR_0046_0,Montgomery,0,2,True,DWT,20,215552,2517,85.638458,0.093416,31.1046,0.875465,31.6854,30.901,0.814052,0.896927,False,2.495,2.5851,1.6985,2.1114,0.067837,0.023601
MCUCXR_0046_0,Montgomery,0,2,True,DWT,30,215552,4145,52.002895,0.153838,34.3247,0.911011,33.4651,34.7055,0.85723,0.931181,False,2.6858,2.7625,1.5817,2.0467,0.081106,0.037776
MCUCXR_0046_0,Montgomery,0,2,True,DWT,50,215552,9177,23.488286,0.340595,39.6129,0.962822,37.5192,40.7907,0.935257,0.97383,False,2.9799,3.052,2.2943,2.5956,0.118812,0.066745
MCUCXR_0046_0,Montgomery,0,2,True,DWT,70,215552,19146,11.258331,0.710585,44.5216,0.985574,41.9759,46.1058,0.974546,0.990116,False,3.2018,3.2625,3.2329,3.3316,0.176147,0.126636
MCUCXR_0046_0,Montgomery,0,2,True,DWT,90,215552,41198,5.232099,1.529023,50.2492,0.995476,48.2686,51.3369,0.993561,0.996319,False,3.3716,3.414,3.6527,3.7048,0.318158,0.258214
MCUCXR_0047_0,Montgomery,0,1,True,DWT,10,215552,1495,144.18194,0.055485,29.5546,0.873827,30.3149,29.324,0.783381,0.90312,False,2.1166,2.233,1.351,1.8285,0.061841,0.018133
MCUCXR_0047_0,Montgomery,0,1,True,DWT,20,215552,2521,85.502578,0.093564,32.5511,0.902284,32.4538,32.5846,0.82726,0.92698,False,2.3849,2.5125,1.2099,1.7884,0.067391,0.024784
MCUCXR_0047_0,Montgomery,0,1,True,DWT,30,215552,3662,58.861824,0.135912,35.4625,0.929596,34.0736,36.0571,0.863484,0.951194,False,2.6067,2.7088,1.552,2.04,0.07765,0.034318
MCUCXR_0047_0,Montgomery,0,1,True,DWT,50,215552,7562,28.504628,0.280656,40.6875,0.96862,38.1025,42.0913,0.936083,0.979984,False,2.9131,2.9758,2.5474,2.7877,0.103107,0.055208
MCUCXR_0047_0,Montgomery,0,1,True,DWT,70,215552,16245,13.268821,0.602917,45.3504,0.98712,42.2658,47.2297,0.97378,0.991828,False,3.1594,3.2204,3.0103,3.1625,0.164103,0.105117
MCUCXR_0047_0,Montgomery,0,1,True,DWT,90,215552,34699,6.212052,1.287819,50.9689,0.99588,48.3857,52.371,0.993138,0.996877,False,3.2968,3.3423,3.638,3.6993,0.280163,0.213702
MCUCXR_0048_0,Montgomery,0,2,True,DWT,10,215552,1317,163.668945,0.048879,30.3726,0.89696,30.0252,30.4613,0.779845,0.92393,False,1.8896,1.9731,1.2511,1.7813,0.063551,0.018218
MCUCXR_0048_0,Montgomery,0,2,True,DWT,20,215552,2135,100.961124,0.079238,33.0839,0.92063,31.9159,33.4216,0.81987,0.943589,False,2.1333,2.147,1.1746,1.7602,0.066891,0.022746
MCUCXR_0048_0,Montgomery,0,2,True,DWT,30,215552,3037,70.975305,0.112715,35.9476,0.944609,33.6136,36.7701,0.863503,0.962861,False,2.371,2.4328,1.6856,2.1292,0.07297,0.028367
MCUCXR_0048_0,Montgomery,0,2,True,DWT,50,215552,6496,33.182266,0.241093,41.5171,0.976487,37.7883,43.2545,0.9384,0.98537,False,2.7394,2.8378,2.5284,2.7678,0.097594,0.04848
MCUCXR_0048_0,Montgomery,0,2,True,DWT,70,215552,13339,16.159532,0.495064,46.4536,0.990764,42.1448,48.7559,0.975814,0.99448,False,2.9618,3.0134,3.1126,3.2376,0.137337,0.087829
MCUCXR_0048_0,Montgomery,0,2,True,DWT,90,215552,28092,7.673074,1.042607,52.1364,0.996992,48.4159,53.8666,0.993861,0.997787,False,3.1131,3.1496,3.5958,3.6607,0.233822,0.191834
MCUCXR_0049_0,Montgomery,0,4,True,DWT,10,215552,1404,153.527066,0.052108,30.1078,0.884757,30.566,29.9777,0.790706,0.913439,False,2.0081,2.052,1.3172,1.8293,0.057951,0.015853
MCUCXR_0049_0,Montgomery,0,4,True,DWT,20,215552,2275,94.748132,0.084434,32.6792,0.908599,32.1967,32.837,0.826964,0.93365,False,2.2819,2.3378,1.2211,1.7922,0.066481,0.022909
MCUCXR_0049_0,Montgomery,0,4,True,DWT,30,215552,3386,63.659776,0.125668,35.4449,0.934722,33.9299,36.0335,0.863019,0.956561,False,2.4886,2.6165,1.5379,2.0365,0.077562,0.029616
MCUCXR_0049_0,Montgomery,0,4,True,DWT,50,215552,6989,30.841608,0.25939,40.911,0.971525,37.8893,42.4927,0.935879,0.982588,False,2.7876,2.8656,2.6216,2.8361,0.111529,0.049716
MCUCXR_0049_0,Montgomery,0,4,True,DWT,70,215552,14762,14.601815,0.547877,45.725,0.988672,42.158,47.8483,0.974042,0.993273,False,2.983,3.0152,3.2369,3.334,0.147244,0.09388
MCUCXR_0049_0,Montgomery,0,4,True,DWT,90,215552,31612,6.818676,1.173248,51.4261,0.996511,48.3576,53.0492,0.99334,0.997523,False,3.0684,3.1039,3.6516,3.7065,0.272047,0.215305
MCUCXR_0051_0,Montgomery,0,2,True,DWT,10,215552,1412,152.657224,0.052405,30.5672,0.869466,30.6782,30.5101,0.79317,0.904534,False,2.2389,2.3566,1.492,1.9358,0.059285,0.018351
MCUCXR_0051_0,Montgomery,0,2,True,DWT,20,215552,2233,96.530228,0.082876,32.7979,0.893108,32.3991,33.0225,0.827857,0.92304,False,2.5036,2.5753,1.4888,1.9674,0.066251,0.030126
MCUCXR_0051_0,Montgomery,0,2,True,DWT,30,215552,3314,65.042849,0.122996,35.0422,0.918202,34.0808,35.6464,0.866413,0.941256,False,2.7032,2.8136,2.0985,2.4293,0.08277,0.026982
MCUCXR_0051_0,Montgomery,0,2,True,DWT,50,215552,8387,25.700727,0.311275,39.75,0.96107,37.9464,41.1154,0.933867,0.974501,False,2.9801,3.0726,2.133,2.469,0.112095,0.06452
MCUCXR_0051_0,Montgomery,0,2,True,DWT,70,215552,18406,11.710964,0.683121,44.4667,0.983868,42.1991,46.4001,0.972807,0.989975,False,3.1462,3.1792,3.1061,3.2159,0.184688,0.129883
MCUCXR_0051_0,Montgomery,0,2,True,DWT,90,215552,41193,5.232734,1.528838,50.038,0.994824,48.3096,51.3231,0.992818,0.995995,False,3.24,3.2778,3.5724,3.629,0.331813,0.254525
MCUCXR_0052_0,Montgomery,0,1,True,DWT,10,215552,1278,168.663537,0.047432,30.4886,0.886532,29.947,30.5881,0.774803,0.904037,False,1.9312,2.0215,1.1802,1.7229,0.058923,0.015693
MCUCXR_0052_0,Montgomery,0,1,True,DWT,20,215552,2132,101.103189,0.079127,33.1989,0.915145,32.0214,33.436,0.818645,0.930214,False,2.213,2.2805,1.1485,1.7366,0.064441,0.022014
MCUCXR_0052_0,Montgomery,0,1,True,DWT,30,215552,3153,68.364098,0.11702,35.9197,0.944686,33.7509,36.4282,0.860934,0.957705,False,2.4332,2.5278,1.4908,1.9952,0.073789,0.028283
MCUCXR_0052_0,Montgomery,0,1,True,DWT,50,215552,6664,32.345738,0.247328,41.522,0.97487,37.6548,42.7425,0.934536,0.981391,False,2.7646,2.828,2.2299,2.5466,0.099883,0.05414
MCUCXR_0052_0,Montgomery,0,1,True,DWT,70,215552,13486,15.98339,0.50052,46.2429,0.989265,41.9005,47.749,0.973928,0.991845,False,2.9661,3.0134,3.154,3.2785,0.146318,0.091394
MCUCXR_0052_0,Montgomery,0,1,True,DWT,90,215552,28969,7.440782,1.075156,51.5354,0.995953,48.2802,52.4526,0.993624,0.996383,False,3.0753,3.1013,3.6409,3.6982,0.27076,0.189358
MCUCXR_0053_0,Montgomery,0,0,True,DWT,10,215552,1372,157.107872,0.05092,30.421,0.893617,30.4711,30.4111,0.789084,0.912587,False,1.9899,2.0762,1.1937,1.7322,0.063608,0.018951
MCUCXR_0053_0,Montgomery,0,0,True,DWT,20,215552,2216,97.270758,0.082245,33.0438,0.91714,32.3481,33.1955,0.825352,0.933978,False,2.247,2.3056,1.126,1.7259,0.067852,0.022385
MCUCXR_0053_0,Montgomery,0,0,True,DWT,30,215552,3289,65.537245,0.122068,36.0793,0.940197,33.9704,36.6521,0.864488,0.953778,False,2.4856,2.5744,1.5024,2.0114,0.078355,0.03256
MCUCXR_0053_0,Montgomery,0,0,True,DWT,50,215552,6861,31.416995,0.254639,41.301,0.973534,37.7893,42.5274,0.933753,0.981109,False,2.8126,2.8808,2.2738,2.5992,0.120315,0.054193
MCUCXR_0053_0,Montgomery,0,0,True,DWT,70,215552,14003,15.393273,0.519708,45.9832,0.988667,41.9881,47.5215,0.973388,0.991667,False,2.9871,3.0206,3.2003,3.3121,0.157051,0.116407
MCUCXR_0053_0,Montgomery,0,0,True,DWT,90,215552,30304,7.112988,1.124703,51.3527,0.995873,48.2246,52.3684,0.993344,0.996411,False,3.107,3.1272,3.6594,3.7129,0.246575,0.185832
MCUCXR_0054_0,Montgomery,0,2,True,DWT,10,215552,1592,135.396985,0.059086,29.8021,0.872684,30.4171,29.6264,0.795373,0.895775,False,2.2029,2.3199,1.3756,1.8628,0.064576,0.018671
MCUCXR_0054_0,Montgomery,0,2,True,DWT,20,215552,2335,92.31349,0.086661,31.7397,0.900154,32.2752,31.585,0.831466,0.921,False,2.4516,2.5618,1.7068,2.1186,0.067225,0.021948
MCUCXR_0054_0,Montgomery,0,2,True,DWT,30,215552,3849,56.002078,0.142852,35.2366,0.923597,33.8867,35.7619,0.865078,0.941631,False,2.6651,2.7572,1.5592,2.0339,0.081804,0.032421
MCUCXR_0054_0,Montgomery,0,2,True,DWT,50,215552,8092,26.637667,0.300327,40.3127,0.967729,37.8372,41.5051,0.935846,0.977955,False,2.9761,3.0314,2.3356,2.6322,0.106546,0.060951
MCUCXR_0054_0,Montgomery,0,2,True,DWT,70,215552,16932,12.730451,0.628414,45.1605,0.98697,42.0178,46.912,0.97362,0.991365,False,3.2204,3.2814,3.0715,3.21,0.184843,0.113275
MCUCXR_0054_0,Montgomery,0,2,True,DWT,90,215552,36134,5.965351,1.341078,50.7111,0.995672,48.2368,51.9027,0.993265,0.99652,False,3.3678,3.3996,3.6384,3.6901,0.28116,0.217546
MCUCXR_0055_0,Montgomery,0,2,True,DWT,10,215552,1544,139.606218,0.057304,29.4621,0.861364,30.133,29.2554,0.766991,0.892721,False,2.1813,2.3082,1.2738,1.794,0.062026,0.018613
MCUCXR_0055_0,Montgomery,0,2,True,DWT,20,215552,2741,78.639912,0.10173,32.3543,0.888304,31.6644,32.6168,0.807159,0.913518,False,2.4532,2.5618,1.0108,1.6442,0.074926,0.031128
MCUCXR_0055_0,Montgomery,0,2,True,DWT,30,215552,3855,55.914916,0.143075,34.9954,0.918088,33.5446,35.6258,0.857967,0.937624,False,2.6621,2.7401,1.5222,2.0044,0.080564,0.033641
MCUCXR_0055_0,Montgomery,0,2,True,DWT,50,215552,8380,25.722196,0.311015,40.1345,0.965844,37.8463,41.305,0.938445,0.975253,False,2.9499,3.0394,2.1913,2.5134,0.112997,0.064818
MCUCXR_0055_0,Montgomery,0,2,True,DWT,70,215552,17587,12.256326,0.652724,44.9988,0.986465,42.1739,46.6238,0.975321,0.990505,False,3.1947,3.2491,3.0623,3.1977,0.169019,0.114385
MCUCXR_0055_0,Montgomery,0,2,True,DWT,90,215552,37997,5.672869,1.410221,50.4059,0.995345,48.3155,51.4328,0.993603,0.996038,False,3.3009,3.3432,3.6221,3.6826,0.320276,0.239442
MCUCXR_0056_0,Montgomery,0,1,True,DWT,10,215552,1456,148.043956,0.054038,29.6463,0.887324,29.9399,29.5669,0.770362,0.91877,False,1.9945,2.069,1.4443,1.9242,0.061973,0.017377
MCUCXR_0056_0,Montgomery,0,1,True,DWT,20,215552,2373,90.83523,0.088072,32.41,0.911572,31.8965,32.5669,0.814135,0.938201,False,2.2343,2.2724,1.3713,1.8984,0.068499,0.025709
MCUCXR_0056_0,Montgomery,0,1,True,DWT,30,215552,3550,60.718873,0.131755,35.3897,0.93751,33.4105,36.1632,0.853335,0.960459,False,2.4434,2.5161,1.7218,2.1558,0.082115,0.032181
MCUCXR_0056_0,Montgomery,0,1,True,DWT,50,215552,7358,29.294917,0.273085,40.9828,0.973401,37.3925,42.9435,0.933518,0.984923,False,2.736,2.8145,2.4274,2.7032,0.101411,0.053716
MCUCXR_0056_0,Montgomery,0,1,True,DWT,70,215552,14803,14.561373,0.549399,46.0335,0.989821,41.8739,48.6599,0.974301,0.994402,False,2.9407,3.0,3.3117,3.4072,0.149656,0.094173
MCUCXR_0056_0,Montgomery,0,1,True,DWT,90,215552,30676,7.026731,1.13851,51.9238,0.996898,48.2886,53.9305,0.993678,0.997864,False,3.0867,3.1353,3.7123,3.7613,0.244177,0.188894
MCUCXR_0057_0,Montgomery,0,4,True,DWT,10,215552,1539,140.059779,0.057118,29.5189,0.869025,30.1721,29.3294,0.782755,0.891481,False,2.1007,2.1953,1.4664,1.9185,0.064746,0.017943
MCUCXR_0057_0,Montgomery,0,4,True,DWT,20,215552,2644,81.524962,0.098129,32.396,0.898905,32.0404,32.516,0.825889,0.919807,False,2.3586,2.4651,1.2694,1.8092,0.070462,0.025644
MCUCXR_0057_0,Montgomery,0,4,True,DWT,30,215552,3762,57.297182,0.139623,35.0355,0.926906,33.6577,35.5871,0.863325,0.946534,False,2.5608,2.6819,1.7834,2.1833,0.078396,0.03417
MCUCXR_0057_0,Montgomery,0,4,True,DWT,50,215552,8242,26.152876,0.305894,40.2816,0.968073,37.6772,41.6037,0.935111,0.978743,False,2.8787,2.9319,2.3939,2.6566,0.110921,0.059761
MCUCXR_0057_0,Montgomery,0,4,True,DWT,70,215552,17079,12.620879,0.63387,45.2761,0.987824,42.0295,47.1818,0.974375,0.992362,False,3.0931,3.1317,3.1078,3.2262,0.160885,0.12091
MCUCXR_0057_0,Montgomery,0,4,True,DWT,90,215552,35602,6.054491,1.321333,51.018,0.99615,48.2857,52.4437,0.993481,0.997087,False,3.1679,3.1962,3.7002,3.7474,0.282894,0.208096
MCUCXR_0058_0,Montgomery,0,1,True,DWT,10,215552,1364,158.029326,0.050624,30.4066,0.884548,30.2369,30.451,0.77722,0.910899,False,2.0316,2.1228,1.1988,1.7492,0.071977,0.017257
MCUCXR_0058_0,Montgomery,0,1,True,DWT,20,215552,2328,92.591065,0.086401,33.0536,0.912833,32.1348,33.3233,0.819414,0.935868,False,2.2776,2.3656,1.0584,1.6844,0.072181,0.023536
MCUCXR_0058_0,Montgomery,0,1,True,DWT,30,215552,3310,65.12145,0.122847,35.7415,0.936269,33.5955,36.5159,0.855638,0.955893,False,2.5271,2.6532,1.5174,2.0275,0.076073,0.030271
MCUCXR_0058_0,Montgomery,0,1,True,DWT,50,215552,7134,30.214746,0.264771,40.9339,0.97232,37.7637,42.3288,0.935761,0.981632,False,2.882,2.94,2.2711,2.5868,0.101119,0.052438
MCUCXR_0058_0,Montgomery,0,1,True,DWT,70,215552,14758,14.605773,0.547729,45.7131,0.988744,42.0362,47.5201,0.974402,0.992563,False,3.093,3.1425,3.2019,3.3112,0.151311,0.097434
MCUCXR_0058_0,Montgomery,0,1,True,DWT,90,215552,31805,6.777299,1.180411,51.2763,0.996174,48.2842,52.5456,0.993432,0.996934,False,3.2141,3.241,3.6564,3.7097,0.247791,0.193989
MCUCXR_0059_0,Montgomery,0,1,True,DWT,10,215552,1596,135.057644,0.059234,29.3251,0.85454,30.0483,29.0818,0.799877,0.873925,False,2.2548,2.3808,1.2695,1.7932,0.061667,0.016968
MCUCXR_0059_0,Montgomery,0,1,True,DWT,20,215552,2382,90.492024,0.088406,31.5316,0.887883,31.9783,31.3749,0.835653,0.906523,False,2.5179,2.6263,1.8061,2.2161,0.064649,0.022103
MCUCXR_0059_0,Montgomery,0,1,True,DWT,30,215552,4026,53.53999,0.149421,34.9239,0.918612,33.8198,35.424,0.873179,0.935374,False,2.6961,2.7867,1.5606,2.054,0.080646,0.03553
MCUCXR_0059_0,Montgomery,0,1,True,DWT,50,215552,8696,24.787489,0.322743,39.8346,0.96403,37.8616,40.8919,0.937947,0.974298,False,2.9634,3.0108,2.3039,2.6095,0.115084,0.064388
MCUCXR_0059_0,Montgomery,0,1,True,DWT,70,215552,18391,11.720515,0.682564,44.5213,0.985485,41.9859,46.0572,0.973689,0.990219,False,3.1811,3.2419,3.2276,3.3308,0.169058,0.120331
MCUCXR_0059_0,Montgomery,0,1,True,DWT,90,215552,40611,5.307725,1.507237,50.2779,0.995507,48.1872,51.426,0.99315,0.996495,False,3.2913,3.3163,3.645,3.6967,0.323639,0.246635
MCUCXR_0060_0,Montgomery,0,4,True,DWT,10,215552,1257,171.481305,0.046652,31.2519,0.916453,28.7518,31.6392,0.767071,0.933982,False,1.6069,1.724,1.4191,1.8464,0.059192,0.016177
MCUCXR_0060_0,Montgomery,0,4,True,DWT,20,215552,2075,103.880482,0.077012,33.9574,0.93727,30.3387,34.6254,0.806302,0.952667,False,1.7284,1.8369,1.0675,1.6603,0.065703,0.026553
MCUCXR_0060_0,Montgomery,0,4,True,DWT,30,215552,2893,74.508123,0.107371,36.9831,0.958667,32.5268,37.9317,0.859775,0.970259,False,1.9062,1.9919,1.4372,1.9267,0.073476,0.028756
MCUCXR_0060_0,Montgomery,0,4,True,DWT,50,215552,5474,39.377421,0.203162,42.6749,0.983793,36.6062,44.4383,0.933632,0.989662,False,2.1614,2.2177,2.2367,2.5369,0.091038,0.045029
MCUCXR_0060_0,Montgomery,0,4,True,DWT,70,215552,10566,20.40053,0.392147,47.8651,0.994582,41.2298,50.0511,0.974803,0.996866,False,2.3224,2.3647,2.8462,3.0322,0.121532,0.072866
MCUCXR_0060_0,Montgomery,0,4,True,DWT,90,215552,20634,10.446448,0.765811,53.8305,0.9984,48.06,55.4063,0.994342,0.998878,False,2.4401,2.4767,3.4996,3.5787,0.195496,0.131414
MCUCXR_0061_0,Montgomery,0,3,True,DWT,10,215552,1815,118.761433,0.067362,30.2316,0.863108,29.5177,30.3414,0.754135,0.880567,False,2.1412,2.2186,1.5534,1.9343,0.067296,0.021254
MCUCXR_0061_0,Montgomery,0,3,True,DWT,20,215552,2576,83.677019,0.095606,32.5764,0.895351,31.2483,32.7991,0.799875,0.910821,False,2.3515,2.4346,1.9184,2.2503,0.068399,0.024364
MCUCXR_0061_0,Montgomery,0,3,True,DWT,30,215552,4045,53.288504,0.150126,35.5387,0.937672,32.9977,36.0502,0.844703,0.95211,False,2.5004,2.6022,1.6581,2.1021,0.078944,0.036073
MCUCXR_0061_0,Montgomery,0,3,True,DWT,50,215552,7598,28.369571,0.281992,41.35,0.975954,36.9565,42.5679,0.927696,0.983217,False,2.7465,2.8056,2.5331,2.764,0.105988,0.057528
MCUCXR_0061_0,Montgomery,0,3,True,DWT,70,215552,14445,14.922257,0.536112,46.491,0.991101,41.5588,48.0109,0.973104,0.993824,False,2.9523,2.9919,3.1526,3.2774,0.158101,0.094121
MCUCXR_0061_0,Montgomery,0,3,True,DWT,90,215552,28507,7.561371,1.058009,52.0225,0.997003,47.9762,53.0739,0.993709,0.997533,False,3.0563,3.0941,3.6619,3.7105,0.229403,0.170622
MCUCXR_0062_0,Montgomery,0,0,True,DWT,10,215552,1468,146.833787,0.054483,29.8923,0.876106,30.1548,29.8285,0.772606,0.901528,False,2.0851,2.181,1.3709,1.8714,0.063342,0.018111
MCUCXR_0062_0,Montgomery,0,0,True,DWT,20,215552,2441,88.304793,0.090595,32.322,0.905402,32.0548,32.3922,0.820544,0.925967,False,2.3224,2.4158,1.216,1.7854,0.068509,0.024672
MCUCXR_0062_0,Montgomery,0,0,True,DWT,30,215552,3532,61.028313,0.131087,35.4719,0.932974,33.6977,36.0642,0.86027,0.950879,False,2.5452,2.6461,1.6115,2.0661,0.073055,0.032427
MCUCXR_0062_0,Montgomery,0,0,True,DWT,50,215552,7251,29.72721,0.269114,40.8896,0.97164,37.7381,42.2526,0.935162,0.981092,False,2.8431,2.9059,2.5402,2.7713,0.097121,0.051959
MCUCXR_0062_0,Montgomery,0,0,True,DWT,70,215552,15287,14.100347,0.567362,45.7218,0.98886,41.9828,47.5592,0.974794,0.992567,False,3.0537,3.1174,2.9568,3.1196,0.153338,0.102671
MCUCXR_0062_0,Montgomery,0,0,True,DWT,90,215552,32328,6.667657,1.199822,51.3067,0.996377,48.3051,52.5656,0.993786,0.997101,False,3.1994,3.2249,3.6364,3.6918,0.275755,0.197851
MCUCXR_0063_0,Montgomery,0,4,True,DWT,10,215552,1394,154.628407,0.051737,29.8748,0.865005,30.7997,29.5935,0.79022,0.888942,False,2.1273,2.259,1.4771,1.9423,0.058423,0.016064
MCUCXR_0063_0,Montgomery,0,4,True,DWT,20,215552,2070,104.131401,0.076826,31.745,0.902758,32.5388,31.4991,0.824312,0.928107,False,2.4079,2.4884,1.9377,2.3032,0.063416,0.020511
MCUCXR_0063_0,Montgomery,0,4,True,DWT,30,215552,3711,58.084613,0.13773,35.2239,0.926135,34.1408,35.6757,0.862026,0.947005,False,2.6335,2.6953,1.4755,1.9861,0.078488,0.035637
MCUCXR_0063_0,Montgomery,0,4,True,DWT,50,215552,8002,26.937266,0.296986,40.4914,0.965202,38.179,41.7133,0.93668,0.97489,False,2.9784,3.0636,2.1798,2.5053,0.113138,0.06165
MCUCXR_0063_0,Montgomery,0,4,True,DWT,70,215552,16565,13.012496,0.614794,45.3311,0.986184,42.4832,47.0265,0.974556,0.990321,False,3.1838,3.2186,3.0984,3.233,0.159142,0.106125
MCUCXR_0063_0,Montgomery,0,4,True,DWT,90,215552,35910,6.002562,1.332764,50.6267,0.995083,48.3734,51.8026,0.993098,0.995854,False,3.3237,3.3504,3.5818,3.6469,0.293583,0.225891
MCUCXR_0064_0,Montgomery,0,2,True,DWT,10,215552,1337,161.220643,0.049621,29.9547,0.883494,30.6206,29.7767,0.788792,0.909232,False,2.0817,2.1989,1.5911,1.996,0.05919,0.014841
MCUCXR_0064_0,Montgomery,0,2,True,DWT,20,215552,2070,104.131401,0.076826,31.7068,0.900454,32.324,31.5408,0.829792,0.919439,False,2.3238,2.4328,1.8893,2.2576,0.064307,0.019881
MCUCXR_0064_0,Montgomery,0,2,True,DWT,30,215552,3589,60.059069,0.133202,35.0615,0.924483,33.9385,35.4559,0.867575,0.940093,False,2.5184,2.6192,1.4712,1.9703,0.078262,0.033054
MCUCXR_0064_0,Montgomery,0,2,True,DWT,50,215552,7787,27.681007,0.289007,40.6513,0.967505,37.8999,41.9596,0.937662,0.976137,False,2.8747,2.9409,2.2042,2.5117,0.109333,0.058768
MCUCXR_0064_0,Montgomery,0,2,True,DWT,70,215552,16193,13.311431,0.600987,45.5029,0.98761,42.2117,47.2646,0.975838,0.991247,False,3.0854,3.1407,3.1086,3.2347,0.17071,0.105541
MCUCXR_0064_0,Montgomery,0,2,True,DWT,90,215552,34589,6.231808,1.283737,50.9882,0.995772,48.3793,52.1928,0.993736,0.996451,False,3.2455,3.2894,3.6212,3.6809,0.283235,0.211549
MCUCXR_0068_0,Montgomery,0,2,True,DWT,10,215552,1318,163.544765,0.048916,30.1692,0.869478,31.1623,29.9185,0.802029,0.886305,False,1.9724,2.0636,1.0351,1.592,0.062821,0.017017
MCUCXR_0068_0,Montgomery,0,2,True,DWT,20,215552,2305,93.514967,0.085548,33.5382,0.905916,32.9333,33.7312,0.837901,0.923303,False,2.2611,2.3477,0.9792,1.5966,0.069728,0.024708
MCUCXR_0068_0,Montgomery,0,2,True,DWT,30,215552,3311,65.101782,0.122885,35.8641,0.934999,34.6412,36.2956,0.871277,0.951685,False,2.4783,2.6004,1.347,1.8823,0.092131,0.030116
MCUCXR_0068_0,Montgomery,0,2,True,DWT,50,215552,6853,31.45367,0.254342,41.1545,0.969435,38.39,42.4552,0.936264,0.978885,False,2.8494,2.905,2.3797,2.662,0.100184,0.052607
MCUCXR_0068_0,Montgomery,0,2,True,DWT,70,215552,14532,14.83292,0.539341,45.8015,0.987513,42.5304,47.5201,0.973787,0.991718,False,3.0778,3.1192,3.0341,3.1827,0.153337,0.096636
MCUCXR_0068_0,Montgomery,0,2,True,DWT,90,215552,31549,6.832293,1.17091,51.2669,0.995809,48.4488,52.6078,0.992905,0.996733,False,3.2707,3.3011,3.5606,3.6322,0.274369,0.201139
MCUCXR_0069_0,Montgomery,0,4,True,DWT,10,215552,1475,146.136949,0.054743,30.0642,0.86147,31.144,29.6914,0.796362,0.886407,False,2.1655,2.2912,1.1715,1.7164,0.063268,0.017178
MCUCXR_0069_0,Montgomery,0,4,True,DWT,20,215552,2511,85.84309,0.093193,32.4366,0.88862,32.8652,32.2735,0.82895,0.911212,False,2.4312,2.526,1.0387,1.6609,0.073767,0.027192
MCUCXR_0069_0,Montgomery,0,4,True,DWT,30,215552,3697,58.304571,0.137211,35.1367,0.917435,34.3688,35.4929,0.862185,0.939053,False,2.633,2.7563,1.4513,1.9806,0.081442,0.034946
MCUCXR_0069_0,Montgomery,0,4,True,DWT,50,215552,8030,26.843337,0.298026,40.2837,0.962821,38.2315,41.5098,0.933166,0.974996,False,2.9402,3.0305,2.2547,2.5711,0.113372,0.067323
MCUCXR_0069_0,Montgomery,0,4,True,DWT,70,215552,17230,12.510273,0.639474,44.8787,0.984598,42.35,46.5646,0.972327,0.989782,False,3.1589,3.1909,3.1285,3.2433,0.176135,0.114568
MCUCXR_0069_0,Montgomery,0,4,True,DWT,90,215552,38322,5.624759,1.422283,50.2447,0.99482,48.3119,51.37,0.992638,0.995801,False,3.2331,3.2885,3.6475,3.7032,0.307637,0.251898
MCUCXR_0070_0,Montgomery,0,4,True,DWT,10,215552,1248,172.717949,0.046318,29.8298,0.891581,30.7851,29.6426,0.798614,0.911465,False,1.9651,2.0403,1.4263,1.8933,0.062046,0.016194
MCUCXR_0070_0,Montgomery,0,4,True,DWT,20,215552,2262,95.292661,0.083952,33.3685,0.90942,32.8244,33.4998,0.836189,0.925126,False,2.2198,2.2733,1.0574,1.6556,0.071777,0.02654
MCUCXR_0070_0,Montgomery,0,4,True,DWT,30,215552,3253,66.262527,0.120732,36.1507,0.933337,34.1947,36.74,0.866096,0.9482,False,2.42,2.5009,1.4513,1.9627,0.075848,0.030155
MCUCXR_0070_0,Montgomery,0,4,True,DWT,50,215552,6752,31.924171,0.250594,41.1932,0.971365,37.8997,42.4606,0.933643,0.979821,False,2.7608,2.8477,2.4829,2.7308,0.097421,0.050932
MCUCXR_0070_0,Montgomery,0,4,True,DWT,70,215552,14401,14.967849,0.534479,45.8621,0.988304,42.1698,47.4044,0.973287,0.991797,False,2.9924,3.0573,2.9577,3.1186,0.15605,0.099284
MCUCXR_0070_0,Montgomery,0,4,True,DWT,90,215552,30853,6.986419,1.145079,51.4088,0.996167,48.3067,52.5585,0.993117,0.996919,False,3.1727,3.2097,3.6104,3.6727,0.259969,0.242543
MCUCXR_0071_0,Montgomery,0,3,True,DWT,10,215552,1415,152.333569,0.052516,30.0094,0.856689,30.7041,29.7887,0.786802,0.880143,False,2.1933,2.3244,1.6869,2.1016,0.061232,0.017508
MCUCXR_0071_0,Montgomery,0,3,True,DWT,20,215552,2126,101.388523,0.078904,31.8321,0.885037,32.4229,31.6416,0.824636,0.905829,False,2.4132,2.5332,1.9717,2.3327,0.065637,0.022255
MCUCXR_0071_0,Montgomery,0,3,True,DWT,30,215552,3716,58.006459,0.137916,35.0892,0.918817,34.0967,35.5012,0.862772,0.938159,False,2.6315,2.7016,1.5793,2.0643,0.080139,0.034412
MCUCXR_0071_0,Montgomery,0,3,True,DWT,50,215552,7906,27.264356,0.293423,40.2879,0.963968,37.9216,41.5685,0.933586,0.975096,False,2.9592,3.0349,2.563,2.7954,0.109016,0.058156
MCUCXR_0071_0,Montgomery,0,3,True,DWT,70,215552,17079,12.620879,0.63387,45.0261,0.986135,42.2241,46.6981,0.973744,0.990761,False,3.1991,3.2832,3.1644,3.2747,0.167352,0.112673
MCUCXR_0071_0,Montgomery,0,3,True,DWT,90,215552,37112,5.808148,1.377375,50.5633,0.995461,48.381,51.6994,0.99316,0.996354,False,3.3241,3.3629,3.6644,3.7155,0.312112,0.231921
MCUCXR_0072_0,Montgomery,0,1,True,DWT,10,215552,1407,153.199716,0.052219,30.1609,0.869085,31.7776,29.7187,0.832653,0.880777,False,2.0978,2.2186,1.1288,1.6843,0.060609,0.016646
MCUCXR_0072_0,Montgomery,0,1,True,DWT,20,215552,2411,89.403567,0.089482,33.659,0.906939,33.6193,33.6727,0.859316,0.922323,False,2.3625,2.4901,0.9411,1.5788,0.072471,0.026681
MCUCXR_0072_0,Montgomery,0,1,True,DWT,30,215552,3336,64.613909,0.123812,35.9454,0.93346,35.1722,36.2475,0.884789,0.949327,False,2.5651,2.6496,1.3364,1.8792,0.078771,0.032521
MCUCXR_0072_0,Montgomery,0,1,True,DWT,50,215552,7160,30.105028,0.265736,41.0284,0.967512,38.8235,42.1528,0.939487,0.977203,False,2.8966,2.9552,2.038,2.4253,0.110336,0.067336
MCUCXR_0072_0,Montgomery,0,1,True,DWT,70,215552,14761,14.602805,0.54784,45.6396,0.986778,42.942,47.1697,0.974733,0.991057,False,3.1051,3.1595,3.0919,3.2218,0.155596,0.119936
MCUCXR_0072_0,Montgomery,0,1,True,DWT,90,215552,32551,6.621978,1.208098,50.9438,0.995376,48.5217,52.2369,0.992532,0.996422,False,3.2099,3.2473,3.6138,3.6783,0.265811,0.200201
MCUCXR_0074_0,Montgomery,0,1,True,DWT,10,215552,1354,159.196455,0.050252,29.9294,0.8839,30.8567,29.7479,0.779033,0.904975,False,1.9414,2.009,1.1861,1.714,0.07388,0.015931
MCUCXR_0074_0,Montgomery,0,1,True,DWT,20,215552,2293,94.004361,0.085102,33.4139,0.917264,32.3421,33.6923,0.812958,0.938342,False,2.2084,2.2706,1.0997,1.6797,0.06835,0.023882
MCUCXR_0074_0,Montgomery,0,1,True,DWT,30,215552,3250,66.323692,0.120621,35.7957,0.937843,33.9916,36.3226,0.852748,0.954996,False,2.4349,2.5287,1.4317,1.9344,0.076246,0.03085
MCUCXR_0074_0,Montgomery,0,1,True,DWT,50,215552,6941,31.054891,0.257608,41.2643,0.971764,37.667,42.7278,0.9287,0.981222,False,2.8118,2.879,2.2284,2.5488,0.102062,0.053373
MCUCXR_0074_0,Montgomery,0,1,True,DWT,70,215552,14218,15.160501,0.527687,46.0007,0.988207,41.8413,47.9137,0.971297,0.992139,False,3.0373,3.078,3.0998,3.2345,0.149495,0.095947
MCUCXR_0074_0,Montgomery,0,1,True,DWT,90,215552,30458,7.077024,1.130419,51.3072,0.9958,48.1668,52.4727,0.993037,0.996478,False,3.1667,3.1944,3.6033,3.6678,0.253464,0.187344
MCUCXR_0075_0,Montgomery,0,4,True,DWT,10,215552,1531,140.791639,0.056822,30.1738,0.883462,30.5325,30.0701,0.792627,0.91004,False,2.1581,2.2751,1.3278,1.8206,0.064041,0.017427
MCUCXR_0075_0,Montgomery,0,4,True,DWT,20,215552,2639,81.679424,0.097944,32.7386,0.90672,32.0681,32.9653,0.824666,0.931031,False,2.4242,2.5412,1.091,1.6906,0.075126,0.028819
MCUCXR_0075_0,Montgomery,0,4,True,DWT,30,215552,3694,58.351922,0.137099,35.4639,0.930228,33.7857,36.1376,0.8617,0.951069,False,2.6411,2.7285,1.5838,2.0623,0.085977,0.033045
MCUCXR_0075_0,Montgomery,0,4,True,DWT,50,215552,7891,27.316183,0.292867,40.6598,0.969486,37.809,42.1025,0.934994,0.980121,False,2.9366,2.9722,2.259,2.5691,0.110443,0.060055
MCUCXR_0075_0,Montgomery,0,4,True,DWT,70,215552,16114,13.376691,0.598055,45.4527,0.987885,42.0434,47.4132,0.973448,0.992539,False,3.1539,3.2088,3.0891,3.2216,0.160292,0.108301
MCUCXR_0075_0,Montgomery,0,4,True,DWT,90,215552,34397,6.266593,1.276611,50.9379,0.996,48.24,52.2594,0.993212,0.99693,False,3.2921,3.3217,3.6492,3.7026,0.284605,0.210599
MCUCXR_0077_0,Montgomery,0,1,True,DWT,10,215552,1840,117.147826,0.06829,28.653,0.861763,29.4774,28.5378,0.776157,0.877755,False,2.0207,2.0726,1.504,1.9284,0.066847,0.021562
MCUCXR_0077_0,Montgomery,0,1,True,DWT,20,215552,2856,75.473389,0.105998,30.6185,0.903026,31.3281,30.5179,0.820364,0.917843,False,2.1729,2.2106,1.3127,1.8409,0.073817,0.031069
MCUCXR_0077_0,Montgomery,0,1,True,DWT,30,215552,4305,50.070151,0.159776,34.8296,0.937323,33.218,35.1441,0.861672,0.950482,False,2.4181,2.4731,1.636,2.0422,0.08647,0.040334
MCUCXR_0077_0,Montgomery,0,1,True,DWT,50,215552,7912,27.24368,0.293646,41.2167,0.977423,37.1107,42.4352,0.929304,0.985374,False,2.665,2.7231,2.4482,2.6816,0.109244,0.060309
MCUCXR_0077_0,Montgomery,0,1,True,DWT,70,215552,14948,14.420123,0.55478,46.3194,0.991719,41.5987,47.9026,0.971355,0.995082,False,2.815,2.8683,3.1132,3.2417,0.154381,0.100022
MCUCXR_0077_0,Montgomery,0,1,True,DWT,90,215552,29161,7.39179,1.082282,52.3143,0.99766,48.1185,53.5811,0.992967,0.998443,False,2.9148,2.9785,3.6563,3.7053,0.243968,0.187351
MCUCXR_0079_0,Montgomery,0,1,True,DWT,10,215552,1358,158.727541,0.050401,30.5292,0.858132,30.52,30.5341,0.783454,0.894234,False,2.2221,2.3235,1.4903,1.9121,0.061514,0.016914
MCUCXR_0079_0,Montgomery,0,1,True,DWT,20,215552,2045,105.404401,0.075898,32.6771,0.884775,32.3686,32.8518,0.82609,0.912159,False,2.4594,2.6057,2.207,2.4796,0.064157,0.021123
MCUCXR_0079_0,Montgomery,0,1,True,DWT,30,215552,3283,65.657021,0.121845,35.2107,0.912916,34.1538,35.9035,0.866749,0.935047,False,2.6603,2.7805,2.1096,2.4226,0.072791,0.029399
MCUCXR_0079_0,Montgomery,0,1,True,DWT,50,215552,7572,28.466984,0.281027,39.658,0.958018,37.9953,40.9053,0.935512,0.969195,False,2.9097,2.9875,2.9515,3.0707,0.104176,0.057025
MCUCXR_0079_0,Montgomery,0,1,True,DWT,70,215552,18433,11.69381,0.684123,44.2237,0.982275,42.1327,45.9695,0.973325,0.987408,False,3.0371,3.0977,2.8801,3.0255,0.184732,0.1274
MCUCXR_0079_0,Montgomery,0,1,True,DWT,90,215552,42169,5.111622,1.565061,49.6214,0.994096,48.2629,50.5717,0.99319,0.994716,False,3.1285,3.1837,3.5875,3.632,0.339489,0.262363
MCUCXR_0080_0,Montgomery,0,0,True,DWT,10,215552,1843,116.957135,0.068401,28.6493,0.855084,28.6961,28.6434,0.753697,0.869652,False,1.9967,2.0529,1.7514,2.1187,0.065006,0.01994
MCUCXR_0080_0,Montgomery,0,0,True,DWT,20,215552,3099,69.55534,0.115016,31.2868,0.890205,30.2478,31.4366,0.794161,0.903934,False,2.1588,2.2249,1.612,2.0515,0.077263,0.029472
MCUCXR_0080_0,Montgomery,0,0,True,DWT,30,215552,4546,47.41575,0.16872,34.5404,0.932158,32.2034,34.9473,0.846665,0.943848,False,2.3669,2.4247,1.7667,2.1546,0.086257,0.039895
MCUCXR_0080_0,Montgomery,0,0,True,DWT,50,215552,8245,26.14336,0.306005,40.909,0.975725,36.3162,42.0771,0.928917,0.981777,False,2.6894,2.7536,2.578,2.8053,0.107184,0.064759
MCUCXR_0080_0,Montgomery,0,0,True,DWT,70,215552,15530,13.879717,0.576381,46.3028,0.992612,41.1272,47.7761,0.97308,0.995236,False,2.9638,3.0475,3.1739,3.2949,0.155761,0.127506
MCUCXR_0080_0,Montgomery,0,0,True,DWT,90,215552,29448,7.31975,1.092933,52.4404,0.997798,47.9902,53.5426,0.993953,0.998332,False,3.1635,3.2213,3.6597,3.7172,0.242844,0.183215
MCUCXR_0081_0,Montgomery,0,3,True,DWT,10,215552,1566,137.644955,0.058121,29.3814,0.86403,30.2793,29.1032,0.78203,0.892543,False,2.164,2.2554,1.3662,1.8662,0.063713,0.017965
MCUCXR_0081_0,Montgomery,0,3,True,DWT,20,215552,2654,81.217784,0.098501,32.0917,0.895151,32.0165,32.1186,0.820246,0.921163,False,2.4061,2.5278,1.147,1.7418,0.075287,0.027337
MCUCXR_0081_0,Montgomery,0,3,True,DWT,30,215552,3800,56.724211,0.141033,34.9398,0.927057,33.8534,35.4005,0.862792,0.949609,False,2.6419,2.7375,1.6307,2.094,0.079629,0.034829
MCUCXR_0081_0,Montgomery,0,3,True,DWT,50,215552,8204,26.274013,0.304483,40.2635,0.968511,37.844,41.595,0.935572,0.980479,False,2.9413,2.983,2.3529,2.6352,0.113407,0.085436
MCUCXR_0081_0,Montgomery,0,3,True,DWT,70,215552,16994,12.684006,0.630716,45.1755,0.98767,42.1654,47.0739,0.97457,0.992507,False,3.1775,3.2294,3.1663,3.2807,0.165294,0.108305
MCUCXR_0081_0,Montgomery,0,3,True,DWT,90,215552,36385,5.9242,1.350393,50.8401,0.99614,48.2913,52.2832,0.993378,0.997177,False,3.3379,3.3781,3.6719,3.7244,0.291844,0.223086
MCUCXR_0082_0,Montgomery,0,4,True,DWT,10,215552,1807,119.287216,0.067065,29.7169,0.868151,30.6854,29.4325,0.785162,0.894641,False,2.138,2.2733,0.6602,1.3978,0.071332,0.021643
MCUCXR_0082_0,Montgomery,0,4,True,DWT,20,215552,2460,87.622764,0.0913,32.3755,0.896169,32.426,32.3585,0.823347,0.919388,False,2.418,2.5466,1.0951,1.706,0.073214,0.0272
MCUCXR_0082_0,Montgomery,0,4,True,DWT,30,215552,3708,58.131607,0.137619,35.0008,0.925106,34.0841,35.3608,0.863447,0.945032,False,2.6488,2.7581,1.51,2.0135,0.083315,0.034132
MCUCXR_0082_0,Montgomery,0,4,True,DWT,50,215552,7812,27.592422,0.289935,40.5361,0.967597,38.1438,41.7781,0.93646,0.97821,False,2.9564,3.0242,2.5382,2.7765,0.102286,0.056229
MCUCXR_0082_0,Montgomery,0,4,True,DWT,70,215552,16556,13.01957,0.61446,45.2847,0.986842,42.3539,46.9997,0.974233,0.9913,False,3.1509,3.2079,3.1499,3.2747,0.16115,0.111363
MCUCXR_0082_0,Montgomery,0,4,True,DWT,90,215552,35816,6.018316,1.329276,50.7508,0.995609,48.3924,51.9665,0.993123,0.996532,False,3.2498,3.2849,3.6261,3.6857,0.28713,0.230574
MCUCXR_0083_0,Montgomery,0,1,True,DWT,10,215552,1386,155.520924,0.05144,31.1525,0.87223,31.0974,31.1795,0.812011,0.897316,False,2.2456,2.3638,1.4079,1.8793,0.065117,0.017142
MCUCXR_0083_0,Montgomery,0,1,True,DWT,20,215552,2030,106.183251,0.075341,33.5116,0.898016,32.8445,33.8762,0.843985,0.920321,False,2.4894,2.5878,2.0636,2.3786,0.061293,0.019777
MCUCXR_0083_0,Montgomery,0,1,True,DWT,30,215552,3071,70.189515,0.113977,35.9259,0.92507,34.6039,36.7485,0.877589,0.946303,False,2.691,2.7715,2.1125,2.4455,0.072306,0.027661
MCUCXR_0083_0,Montgomery,0,1,True,DWT,50,215552,7200,29.937778,0.267221,40.3812,0.96378,38.3442,41.8701,0.93656,0.976587,False,2.9468,3.0125,2.4659,2.706,0.104119,0.055691
MCUCXR_0083_0,Montgomery,0,1,True,DWT,70,215552,16321,13.207034,0.605738,44.9302,0.984851,42.4193,47.0039,0.973489,0.990623,False,3.1584,3.2401,3.0253,3.1475,0.169943,0.111697
MCUCXR_0083_0,Montgomery,0,1,True,DWT,90,215552,37220,5.791295,1.381384,50.2521,0.994839,48.3401,51.6085,0.992796,0.995945,False,3.2638,3.3073,3.5418,3.5995,0.318423,0.251144
MCUCXR_0084_0,Montgomery,0,1,True,DWT,10,215552,1304,165.300613,0.048397,31.345,0.891693,31.0913,31.4108,0.798965,0.913034,False,2.1698,2.3002,1.1852,1.7251,0.062853,0.016444
MCUCXR_0084_0,Montgomery,0,1,True,DWT,20,215552,1837,117.33914,0.068178,33.6243,0.913442,32.6599,33.9028,0.831705,0.931872,False,2.4043,2.5269,1.8178,2.1896,0.064412,0.018854
MCUCXR_0084_0,Montgomery,0,1,True,DWT,30,215552,2906,74.174811,0.107853,36.1651,0.934932,34.3943,36.7489,0.869359,0.95051,False,2.6228,2.7186,1.9462,2.3195,0.075391,0.042542
MCUCXR_0084_0,Montgomery,0,1,True,DWT,50,215552,6617,32.575487,0.245583,40.7749,0.968314,38.0358,41.8516,0.933585,0.976489,False,2.9673,3.0618,2.4421,2.6844,0.101084,0.053339
MCUCXR_0084_0,Montgomery,0,1,True,DWT,70,215552,14894,14.472405,0.552776,45.345,0.986382,42.0987,46.758,0.972386,0.990033,False,3.195,3.2661,2.9424,3.091,0.165301,0.105349
MCUCXR_0084_0,Montgomery,0,1,True,DWT,90,215552,33861,6.36579,1.256718,50.5515,0.995131,48.2194,51.4006,0.992966,0.995758,False,3.3616,3.4014,3.4945,3.5597,0.2859,0.216105
MCUCXR_0085_0,Montgomery,0,4,True,DWT,10,215552,1431,150.630328,0.05311,29.8449,0.887333,30.8369,29.5759,0.798889,0.913143,False,2.1942,2.3226,1.1328,1.6837,0.063969,0.018024
MCUCXR_0085_0,Montgomery,0,4,True,DWT,20,215552,2490,86.567068,0.092414,33.0513,0.9066,32.431,33.2651,0.833449,0.925751,False,2.4583,2.5771,0.9806,1.6019,0.079459,0.027073
MCUCXR_0085_0,Montgomery,0,4,True,DWT,30,215552,3543,60.838837,0.131495,35.7385,0.929819,34.176,36.3708,0.870621,0.946484,False,2.688,2.8038,1.3877,1.9067,0.081639,0.036961
MCUCXR_0085_0,Montgomery,0,4,True,DWT,50,215552,7469,28.859553,0.277205,40.7961,0.968743,38.0959,42.1614,0.937986,0.978339,False,3.0244,3.1075,2.3585,2.643,0.111143,0.059146
MCUCXR_0085_0,Montgomery,0,4,True,DWT,70,215552,16002,13.470316,0.593898,45.4074,0.986611,42.3535,47.0772,0.974817,0.990494,False,3.2196,3.2823,3.0493,3.1935,0.164396,0.108752
MCUCXR_0085_0,Montgomery,0,4,True,DWT,90,215552,35167,6.129383,1.305189,50.5754,0.995125,48.2896,51.6364,0.993094,0.995848,False,3.3731,3.4158,3.6066,3.6731,0.28993,0.221606
MCUCXR_0086_0,Montgomery,0,2,True,DWT,10,215552,1355,159.078967,0.050289,30.5387,0.900127,30.82,30.478,0.791762,0.921701,False,1.9255,1.9875,1.2076,1.7374,0.064388,0.018055
MCUCXR_0086_0,Montgomery,0,2,True,DWT,20,215552,2201,97.933667,0.081688,33.1996,0.923044,32.5863,33.35,0.832283,0.941537,False,2.1876,2.2455,1.1545,1.7404,0.075159,0.027533
MCUCXR_0086_0,Montgomery,0,2,True,DWT,30,215552,3182,67.741043,0.118097,36.2635,0.945447,34.3008,36.8594,0.870906,0.960378,False,2.4217,2.5099,1.4905,1.9876,0.079152,0.031951
MCUCXR_0086_0,Montgomery,0,2,True,DWT,50,215552,6410,33.627457,0.237901,41.8617,0.976376,38.2838,43.331,0.938977,0.984497,False,2.7631,2.8315,2.5263,2.7622,0.099873,0.048891
MCUCXR_0086_0,Montgomery,0,2,True,DWT,70,215552,13036,16.535133,0.483818,46.5341,0.989878,42.3124,48.5323,0.974576,0.993419,False,2.9806,3.0161,3.0485,3.1937,0.142043,0.086353
MCUCXR_0086_0,Montgomery,0,2,True,DWT,90,215552,27701,7.78138,1.028095,51.8365,0.996368,48.3567,53.2369,0.993361,0.997095,False,3.1342,3.1532,3.6095,3.6753,0.237198,0.175597
MCUCXR_0087_0,Montgomery,0,0,True,DWT,10,215552,1597,134.973075,0.059271,29.6708,0.868972,29.9472,29.5768,0.782617,0.901578,False,2.1645,2.2554,1.4553,1.9337,0.070223,0.028545
MCUCXR_0087_0,Montgomery,0,0,True,DWT,20,215552,2688,80.190476,0.099762,32.0543,0.896146,31.6342,32.2138,0.818299,0.924898,False,2.3973,2.5072,1.2261,1.8011,0.074065,0.027809
MCUCXR_0087_0,Montgomery,0,0,True,DWT,30,215552,3877,55.597627,0.143891,34.9893,0.927003,33.3861,35.739,0.859175,0.952159,False,2.5944,2.7186,1.687,2.135,0.084165,0.034585
MCUCXR_0087_0,Montgomery,0,0,True,DWT,50,215552,8334,25.864171,0.309308,39.9792,0.968229,37.2671,41.5777,0.934627,0.980761,False,2.9094,2.9453,2.3394,2.6192,0.113537,0.061435
MCUCXR_0087_0,Montgomery,0,0,True,DWT,70,215552,17398,12.38947,0.64571,44.7732,0.987463,41.5701,46.9006,0.973895,0.992547,False,3.1462,3.1774,3.2951,3.3832,0.170204,0.117074
MCUCXR_0087_0,Montgomery,0,0,True,DWT,90,215552,37997,5.672869,1.410221,50.6066,0.996163,48.0769,52.0374,0.993819,0.997079,False,3.3295,3.3772,3.6706,3.7166,0.300609,0.230776
MCUCXR_0089_0,Montgomery,0,1,True,DWT,10,215552,1171,184.075149,0.043461,31.8586,0.874386,31.7607,31.9175,0.805371,0.908133,False,2.2045,2.2536,1.1683,1.6975,0.064235,0.01846
MCUCXR_0089_0,Montgomery,0,1,True,DWT,20,215552,1837,117.33914,0.068178,33.7955,0.894087,33.1773,34.2065,0.830863,0.925266,False,2.4632,2.5753,1.5469,1.999,0.064672,0.020723
MCUCXR_0089_0,Montgomery,0,1,True,DWT,30,215552,2808,76.763533,0.104216,35.9697,0.916738,34.7878,36.8564,0.864474,0.943839,False,2.6414,2.7375,1.8922,2.2764,0.071413,0.029498
MCUCXR_0089_0,Montgomery,0,1,True,DWT,50,215552,6929,31.108674,0.257163,40.0602,0.956926,38.4525,41.3944,0.930803,0.971259,False,2.8736,2.9292,2.5133,2.7388,0.102435,0.053549
MCUCXR_0089_0,Montgomery,0,1,True,DWT,70,215552,17048,12.643829,0.63272,44.5127,0.981591,42.4647,46.4219,0.970771,0.988175,False,3.0382,3.0815,2.8033,2.9634,0.179334,0.121984
MCUCXR_0089_0,Montgomery,0,1,True,DWT,90,215552,40073,5.378983,1.48727,49.7704,0.993835,48.2521,51.003,0.991921,0.995079,False,3.0715,3.1362,3.5448,3.595,0.329479,0.249568
MCUCXR_0090_0,Montgomery,0,3,True,DWT,10,215552,1362,158.26138,0.050549,30.6003,0.855131,31.3576,30.1837,0.794458,0.88942,False,2.232,2.3253,1.3643,1.8282,0.065604,0.016979
MCUCXR_0090_0,Montgomery,0,3,True,DWT,20,215552,2120,101.675472,0.078682,33.0924,0.881441,33.0123,33.1435,0.825126,0.91374,False,2.4769,2.5941,1.8567,2.2262,0.065422,0.02329
MCUCXR_0090_0,Montgomery,0,3,True,DWT,30,215552,3339,64.555855,0.123924,35.2029,0.907613,34.5857,35.6416,0.86254,0.933612,False,2.6574,2.7482,1.9011,2.2743,0.075009,0.032434
MCUCXR_0090_0,Montgomery,0,3,True,DWT,50,215552,8310,25.938869,0.308417,39.6251,0.954343,38.1296,40.9248,0.928911,0.969593,False,2.8875,2.9659,2.1236,2.454,0.1149,0.065682
MCUCXR_0090_0,Montgomery,0,3,True,DWT,70,215552,18615,11.579479,0.690877,44.0719,0.980742,42.141,45.9578,0.970131,0.987833,False,3.0185,3.0833,3.1289,3.2208,0.191539,0.130632
MCUCXR_0090_0,Montgomery,0,3,True,DWT,90,215552,43614,4.942266,1.618691,49.5528,0.993839,48.1685,50.7231,0.992203,0.995033,False,3.0749,3.1317,3.5906,3.6317,0.351534,0.272818
MCUCXR_0091_0,Montgomery,0,0,True,DWT,10,215552,1507,143.033842,0.055931,29.7864,0.85603,30.364,29.5859,0.777571,0.882618,False,2.24,2.3611,1.6636,2.0558,0.06091,0.016738
MCUCXR_0091_0,Montgomery,0,0,True,DWT,20,215552,2394,90.038429,0.088851,31.945,0.883708,32.0007,31.924,0.813166,0.907523,False,2.5109,2.621,1.6379,2.0765,0.069701,0.023835
MCUCXR_0091_0,Montgomery,0,0,True,DWT,30,215552,3691,58.39935,0.136988,34.6626,0.913829,33.6454,35.1207,0.852941,0.934668,False,2.731,2.8441,2.2386,2.5304,0.077317,0.031258
MCUCXR_0091_0,Montgomery,0,0,True,DWT,50,215552,8964,24.046408,0.33269,39.5531,0.960906,37.6774,40.5489,0.931099,0.971817,False,3.0062,3.0887,2.2602,2.5604,0.119324,0.069721
MCUCXR_0091_0,Montgomery,0,0,True,DWT,70,215552,19303,11.166762,0.716412,44.493,0.984335,42.0572,45.9518,0.971885,0.989378,False,3.2277,3.2984,3.1442,3.254,0.193332,0.12384
MCUCXR_0091_0,Montgomery,0,0,True,DWT,90,215552,42004,5.131702,1.558937,50.0464,0.994873,48.1903,51.0278,0.992607,0.995852,False,3.3473,3.4023,3.6189,3.6755,0.331479,0.25379
MCUCXR_0092_0,Montgomery,0,4,True,DWT,10,215552,1309,164.669213,0.048582,30.7667,0.888316,31.8701,30.4622,0.830467,0.90492,False,2.1538,2.2832,1.157,1.6918,0.066847,0.018423
MCUCXR_0092_0,Montgomery,0,4,True,DWT,20,215552,1926,111.916926,0.071482,33.3449,0.906712,33.3445,33.345,0.854426,0.921724,False,2.4282,2.5511,1.7946,2.1736,0.063634,0.020008
MCUCXR_0092_0,Montgomery,0,4,True,DWT,30,215552,2980,72.332886,0.1106,35.8604,0.92899,35.1903,36.1015,0.883356,0.94267,False,2.6321,2.7159,1.936,2.2886,0.074158,0.028046
MCUCXR_0092_0,Montgomery,0,4,True,DWT,50,215552,7100,30.359437,0.26351,40.5922,0.964706,38.7277,41.4202,0.938024,0.973027,False,2.9287,3.0305,2.0854,2.4305,0.107149,0.056551
MCUCXR_0092_0,Montgomery,0,4,True,DWT,70,215552,15432,13.967859,0.572743,45.1588,0.984554,42.5479,46.5069,0.972427,0.988745,False,3.1389,3.2124,2.9459,3.0968,0.160021,0.108423
MCUCXR_0092_0,Montgomery,0,4,True,DWT,90,215552,35373,6.093687,1.312834,50.2796,0.994474,48.3307,51.1593,0.992316,0.995305,False,3.2612,3.3091,3.5271,3.5948,0.284267,0.212856
MCUCXR_0094_0,Montgomery,0,1,True,DWT,10,215552,1522,141.624179,0.056488,29.9581,0.882672,31.2637,29.6354,0.81761,0.900514,False,2.0464,2.1102,1.0739,1.6554,0.061804,0.0172
MCUCXR_0094_0,Montgomery,0,1,True,DWT,20,215552,2787,77.341945,0.103437,32.2781,0.907607,33.0637,32.0697,0.846591,0.925166,False,2.3071,2.371,0.8347,1.522,0.081617,0.031634
MCUCXR_0094_0,Montgomery,0,1,True,DWT,30,215552,3930,54.847837,0.145858,35.6765,0.934231,34.7764,35.9843,0.876964,0.951154,False,2.532,2.6559,1.2839,1.849,0.082532,0.034511
MCUCXR_0094_0,Montgomery,0,1,True,DWT,50,215552,7640,28.213613,0.283551,40.7981,0.969432,38.32,41.9249,0.935508,0.979859,False,2.8894,2.9651,2.2783,2.5877,0.102901,0.057436
MCUCXR_0094_0,Montgomery,0,1,True,DWT,70,215552,15699,13.730301,0.582653,45.5844,0.987571,42.3502,47.314,0.972736,0.992219,False,3.1708,3.2151,2.9884,3.1497,0.15363,0.107132
MCUCXR_0094_0,Montgomery,0,1,True,DWT,90,215552,33465,6.441118,1.24202,51.0777,0.995934,48.186,52.5108,0.992428,0.997062,False,3.3148,3.3575,3.6763,3.7268,0.262596,0.205871
MCUCXR_0095_0,Montgomery,0,2,True,DWT,10,215552,1363,158.145268,0.050586,30.4776,0.865994,30.9895,30.2409,0.797859,0.898323,False,2.2404,2.3342,1.3638,1.8478,0.061586,0.018237
MCUCXR_0095_0,Montgomery,0,2,True,DWT,20,215552,2125,101.436235,0.078867,32.8296,0.889865,32.8302,32.8294,0.83142,0.916771,False,2.4903,2.5851,1.685,2.1065,0.066068,0.023118
MCUCXR_0095_0,Montgomery,0,2,True,DWT,30,215552,3279,65.737115,0.121697,34.9835,0.917211,34.4415,35.2845,0.86755,0.94064,False,2.6853,2.793,1.9899,2.351,0.073578,0.03083
MCUCXR_0095_0,Montgomery,0,2,True,DWT,50,215552,7806,27.613631,0.289712,39.6777,0.958536,38.2319,40.6415,0.933844,0.970351,False,2.9345,3.0188,2.4343,2.6801,0.107256,0.059491
MCUCXR_0095_0,Montgomery,0,2,True,DWT,70,215552,18163,11.867643,0.674102,44.294,0.982111,42.3601,45.7364,0.972132,0.987455,False,3.1028,3.1416,2.8914,3.0406,0.177986,0.129964
MCUCXR_0095_0,Montgomery,0,2,True,DWT,90,215552,41548,5.188023,1.542013,49.5048,0.993756,48.227,50.3263,0.992399,0.99457,False,3.1953,3.2168,3.5858,3.6323,0.328165,0.254556
MCUCXR_0096_0,Montgomery,0,4,True,DWT,10,215552,1328,162.313253,0.049287,30.1113,0.886297,30.9692,29.8301,0.807565,0.912663,False,2.1465,2.2697,1.6445,2.048,0.055917,0.015408
MCUCXR_0096_0,Montgomery,0,4,True,DWT,20,215552,1922,112.149844,0.071333,31.9042,0.899595,32.7908,31.6148,0.840495,0.919809,False,2.3782,2.4919,2.2052,2.4776,0.060811,0.018401
MCUCXR_0096_0,Montgomery,0,4,True,DWT,30,215552,3451,62.460736,0.12808,35.3079,0.924044,34.4539,35.6753,0.874536,0.941314,False,2.6102,2.7007,1.4739,1.9722,0.07516,0.031311
MCUCXR_0096_0,Montgomery,0,4,True,DWT,50,215552,7393,29.156229,0.274384,40.6449,0.965459,38.1794,42.1032,0.936444,0.97641,False,2.9431,3.0116,2.4785,2.7265,0.103575,0.054219
MCUCXR_0096_0,Montgomery,0,4,True,DWT,70,215552,16058,13.42334,0.595977,45.2674,0.986133,42.2472,47.3081,0.973,0.991359,False,3.1447,3.207,3.1563,3.2728,0.155497,0.102176
MCUCXR_0096_0,Montgomery,0,4,True,DWT,90,215552,35135,6.134965,1.304001,50.769,0.995452,48.3193,52.2127,0.992894,0.996506,False,3.306,3.3593,3.6289,3.6891,0.274919,0.20977
MCUCXR_0097_0,Montgomery,0,0,True,DWT,10,215552,1680,128.304762,0.062352,29.0619,0.845255,29.9204,28.8145,0.790656,0.861594,False,2.2149,2.3459,1.3949,1.8844,0.066074,0.019412
MCUCXR_0097_0,Montgomery,0,0,True,DWT,20,215552,2933,73.491988,0.108855,32.1235,0.882006,31.686,32.2765,0.827721,0.898657,False,2.4521,2.5842,1.1377,1.7274,0.07437,0.030445
MCUCXR_0097_0,Montgomery,0,0,True,DWT,30,215552,4136,52.116054,0.153504,34.9641,0.920257,33.519,35.5639,0.867539,0.937458,False,2.6783,2.7733,1.5992,2.0784,0.083064,0.036309
MCUCXR_0097_0,Montgomery,0,0,True,DWT,50,215552,8718,24.724937,0.32356,40.0722,0.968008,37.4112,41.4761,0.936536,0.978751,False,2.9827,3.026,2.2759,2.5818,0.114382,0.063891
MCUCXR_0097_0,Montgomery,0,0,True,DWT,70,215552,17817,12.098109,0.66126,44.9492,0.987556,41.7749,46.8327,0.974126,0.992208,False,3.2123,3.2867,3.1717,3.2862,0.168633,0.115846
MCUCXR_0097_0,Montgomery,0,0,True,DWT,90,215552,37935,5.682141,1.40792,50.6931,0.996128,48.1653,51.9892,0.993613,0.99703,False,3.392,3.4176,3.6114,3.6703,0.292392,0.223754
MCUCXR_0099_0,Montgomery,0,2,True,DWT,10,215552,1649,130.716798,0.061201,29.7921,0.857599,29.931,29.7239,0.777795,0.892551,False,2.2666,2.3862,1.327,1.8385,0.061961,0.017645
MCUCXR_0099_0,Montgomery,0,2,True,DWT,20,215552,2473,87.162151,0.091783,32.1581,0.887649,31.8089,32.345,0.819111,0.918049,False,2.5224,2.6478,1.7493,2.1556,0.06727,0.02324
MCUCXR_0099_0,Montgomery,0,2,True,DWT,30,215552,4105,52.509622,0.152353,34.6024,0.917116,33.56,35.2398,0.860487,0.942989,False,2.728,2.8011,1.5725,2.0508,0.082435,0.035222
MCUCXR_0099_0,Montgomery,0,2,True,DWT,50,215552,9058,23.796865,0.336179,39.4375,0.962181,37.6073,40.7673,0.934214,0.975841,False,3.005,3.0797,2.3079,2.5929,0.116026,0.082751
MCUCXR_0099_0,Montgomery,0,2,True,DWT,70,215552,19420,11.099485,0.720754,44.4303,0.984997,42.0894,46.3649,0.973513,0.991089,False,3.2225,3.293,3.1905,3.2972,0.180541,0.127263
MCUCXR_0099_0,Montgomery,0,2,True,DWT,90,215552,42240,5.10303,1.567696,50.1092,0.995213,48.2837,51.4341,0.993087,0.996384,False,3.3427,3.371,3.6166,3.6709,0.32629,0.255406
MCUCXR_0100_0,Montgomery,0,2,True,DWT,10,215552,1480,145.643243,0.054929,30.2021,0.875736,30.7643,30.0173,0.794373,0.904674,False,2.1884,2.3163,1.2008,1.7584,0.06089,0.017425
MCUCXR_0100_0,Montgomery,0,2,True,DWT,20,215552,2526,85.333333,0.09375,32.9398,0.902578,32.6419,33.0517,0.832149,0.92757,False,2.4016,2.5358,1.0691,1.6934,0.068529,0.025802
MCUCXR_0100_0,Montgomery,0,2,True,DWT,30,215552,3578,60.243712,0.132794,35.5591,0.931587,34.2311,36.1546,0.867243,0.954686,False,2.6194,2.69,1.5583,2.0603,0.075724,0.03172
MCUCXR_0100_0,Montgomery,0,2,True,DWT,50,215552,7651,28.173049,0.283959,40.6292,0.970191,38.2625,41.9341,0.938949,0.981546,False,2.9673,3.0296,2.267,2.5918,0.107116,0.058572
MCUCXR_0100_0,Montgomery,0,2,True,DWT,70,215552,15964,13.50238,0.592488,45.4815,0.987898,42.4591,47.4211,0.974996,0.992706,False,3.1534,3.2034,3.225,3.3399,0.157212,0.112088
MCUCXR_0100_0,Montgomery,0,2,True,DWT,90,215552,34347,6.275715,1.274755,50.968,0.995981,48.4167,52.4332,0.993236,0.997026,False,3.2579,3.3002,3.6685,3.7214,0.266007,0.205559
MCUCXR_0101_0,Montgomery,0,0,True,DWT,10,215552,1582,136.252845,0.058714,29.759,0.871427,29.8588,29.7293,0.773834,0.899687,False,2.1555,2.259,1.4267,1.9099,0.059445,0.018216
MCUCXR_0101_0,Montgomery,0,0,True,DWT,20,215552,2331,92.4719,0.086513,31.6539,0.888826,31.4881,31.7051,0.814185,0.910996,False,2.4123,2.552,1.8792,2.2643,0.081033,0.020633
MCUCXR_0101_0,Montgomery,0,0,True,DWT,30,215552,4014,53.70005,0.148976,34.9264,0.925301,33.251,35.5917,0.858343,0.945099,False,2.6325,2.7312,1.609,2.0694,0.08308,0.037552
MCUCXR_0101_0,Montgomery,0,0,True,DWT,50,215552,8446,25.521193,0.313465,40.1658,0.969775,37.3,41.6042,0.935614,0.980233,False,2.9369,2.9821,2.2967,2.5979,0.124903,0.059393
MCUCXR_0101_0,Montgomery,0,0,True,DWT,70,215552,17519,12.303899,0.6502,45.1403,0.988325,41.783,47.0237,0.975168,0.992517,False,3.2185,3.2832,3.1386,3.2606,0.168401,0.113661
MCUCXR_0101_0,Montgomery,0,0,True,DWT,90,215552,36740,5.866957,1.363569,50.8716,0.996301,48.2139,52.1478,0.994013,0.997065,False,3.4031,3.4507,3.5983,3.6612,0.289412,0.223455
MCUCXR_0102_0,Montgomery,0,1,True,DWT,10,215552,1418,152.011283,0.052628,30.4025,0.864263,30.8098,30.204,0.796871,0.895374,False,2.2313,2.3154,1.2996,1.801,0.062543,0.017783
MCUCXR_0102_0,Montgomery,0,1,True,DWT,20,215552,2184,98.695971,0.081057,32.9283,0.891371,32.5002,33.1701,0.833054,0.918205,False,2.4671,2.5493,1.6437,2.077,0.065483,0.025309
MCUCXR_0102_0,Montgomery,0,1,True,DWT,30,215552,3331,64.710898,0.123627,35.1423,0.916409,34.2096,35.7233,0.869703,0.93863,False,2.6758,2.7679,1.9721,2.3371,0.073936,0.029325
MCUCXR_0102_0,Montgomery,0,1,True,DWT,50,215552,7891,27.316183,0.292867,39.6626,0.959242,38.0452,40.8307,0.936451,0.970213,False,2.9358,3.0018,2.4645,2.7101,0.106165,0.056174
MCUCXR_0102_0,Montgomery,0,1,True,DWT,70,215552,18418,11.703334,0.683566,44.2961,0.982969,42.2234,45.9689,0.973628,0.988174,False,3.0906,3.1326,2.8823,3.0257,0.182135,0.125617
MCUCXR_0102_0,Montgomery,0,1,True,DWT,90,215552,41841,5.151693,1.552887,49.685,0.994229,48.3024,50.6319,0.993081,0.994953,False,3.1937,3.2312,3.5851,3.63,0.331026,0.258586
MCUCXR_0103_0,Montgomery,0,4,True,DWT,10,215552,1395,154.517563,0.051774,30.4325,0.870999,30.9942,30.2213,0.795896,0.899473,False,2.2072,2.3217,1.5154,1.9363,0.061256,0.01669
MCUCXR_0103_0,Montgomery,0,4,True,DWT,20,215552,2098,102.741659,0.077865,32.9497,0.893931,32.5119,33.1432,0.825323,0.91958,False,2.456,2.5618,1.9966,2.3313,0.064256,0.02177
MCUCXR_0103_0,Montgomery,0,4,True,DWT,30,215552,3257,66.181148,0.12088,35.3116,0.918375,34.0991,35.928,0.859629,0.9411,False,2.6524,2.7455,2.058,2.3817,0.075557,0.028109
MCUCXR_0103_0,Montgomery,0,4,True,DWT,50,215552,7924,27.202423,0.294091,39.9977,0.96212,38.064,41.1354,0.933719,0.973356,False,2.9511,3.0278,2.2158,2.5216,0.110857,0.062748
MCUCXR_0103_0,Montgomery,0,4,True,DWT,70,215552,17228,12.511725,0.6394,44.6699,0.98418,42.1802,46.3325,0.972544,0.989277,False,3.1455,3.1998,3.0201,3.1448,0.16792,0.113376
MCUCXR_0103_0,Montgomery,0,4,True,DWT,90,215552,38881,5.54389,1.44303,50.0681,0.994566,48.2887,51.0813,0.992738,0.995443,False,3.2517,3.3065,3.6013,3.6553,0.30336,0.23783
MCUCXR_0104_1,Montgomery,1,2,True,DWT,10,215552,1515,142.278548,0.056228,29.8432,0.858244,31.7121,29.112,0.82505,0.875013,False,2.1851,2.3342,1.2257,1.7512,0.065432,0.017733
MCUCXR_0104_1,Montgomery,1,2,True,DWT,20,215552,2562,84.13427,0.095086,32.9089,0.891665,33.2911,32.7213,0.850946,0.912675,False,2.4474,2.5188,1.0026,1.6268,0.07191,0.026487
MCUCXR_0104_1,Montgomery,1,2,True,DWT,30,215552,3509,61.428327,0.130233,35.5129,0.921966,34.9755,35.8237,0.87807,0.945114,False,2.6734,2.7375,1.4863,1.982,0.077179,0.030846
MCUCXR_0104_1,Montgomery,1,2,True,DWT,50,215552,7746,27.827524,0.287485,40.0137,0.961111,38.4186,41.1641,0.933044,0.976296,False,2.9522,3.0116,2.1684,2.4938,0.108729,0.059055
MCUCXR_0104_1,Montgomery,1,2,True,DWT,70,215552,17119,12.59139,0.635355,44.6459,0.983797,42.5211,46.3911,0.970713,0.991031,False,3.1465,3.1792,3.1155,3.2302,0.168828,0.110915
MCUCXR_0104_1,Montgomery,1,2,True,DWT,90,215552,38777,5.558759,1.43917,50.1886,0.994883,48.3097,51.6383,0.991627,0.996701,False,3.293,3.3145,3.6491,3.6929,0.301644,0.238392
MCUCXR_0108_1,Montgomery,1,2,True,DWT,10,215552,1281,168.26854,0.047543,30.5937,0.856975,30.0565,30.8225,0.752868,0.897528,False,2.0888,2.1703,1.5385,1.9763,0.057906,0.014921
MCUCXR_0108_1,Montgomery,1,2,True,DWT,20,215552,2358,91.413062,0.087515,32.6622,0.882391,31.5789,33.1705,0.791805,0.917931,False,2.3642,2.4758,1.0088,1.6479,0.070498,0.024162
MCUCXR_0108_1,Montgomery,1,2,True,DWT,30,215552,3404,63.323149,0.126336,35.0744,0.9147,33.4131,35.9451,0.841497,0.943326,False,2.5937,2.681,1.5331,2.031,0.075685,0.032237
MCUCXR_0108_1,Montgomery,1,2,True,DWT,50,215552,7870,27.389072,0.292087,39.7688,0.96171,37.3092,41.2991,0.92605,0.97628,False,2.8804,2.9516,2.2741,2.5669,0.110068,0.056956
MCUCXR_0108_1,Montgomery,1,2,True,DWT,70,215552,17221,12.516811,0.63914,44.5708,0.985018,41.73,46.5088,0.971277,0.990681,False,3.0713,3.1004,3.1894,3.2775,0.171347,0.114252
MCUCXR_0108_1,Montgomery,1,2,True,DWT,90,215552,38627,5.580345,1.433603,50.4749,0.995566,48.1852,51.8454,0.993036,0.996642,False,3.1981,3.2339,3.6312,3.6775,0.30384,0.235347
MCUCXR_0113_1,Montgomery,1,2,True,DWT,10,215552,1449,148.759144,0.053778,29.7827,0.86824,30.5681,29.6266,0.784261,0.886156,False,2.0992,2.1998,1.1138,1.6696,0.062035,0.018281
MCUCXR_0113_1,Montgomery,1,2,True,DWT,20,215552,2136,100.913858,0.079276,32.0114,0.892427,32.3245,31.945,0.816903,0.908847,False,2.3428,2.4409,1.5368,1.9847,0.06519,0.020659
MCUCXR_0113_1,Montgomery,1,2,True,DWT,30,215552,3537,60.942041,0.131272,35.1438,0.915365,33.6917,35.5432,0.847669,0.930186,False,2.5678,2.6586,1.4258,1.939,0.077051,0.033184
MCUCXR_0113_1,Montgomery,1,2,True,DWT,50,215552,7621,28.283952,0.282846,40.3469,0.96433,37.1003,41.5733,0.919424,0.974622,False,2.8806,2.9328,2.2017,2.5439,0.109076,0.05747
MCUCXR_0113_1,Montgomery,1,2,True,DWT,70,215552,16114,13.376691,0.598055,44.9387,0.985277,41.2234,46.4833,0.96732,0.989513,False,3.1685,3.2303,3.1601,3.271,0.158192,0.104521
MCUCXR_0113_1,Montgomery,1,2,True,DWT,90,215552,36057,5.97809,1.33822,50.6498,0.995407,47.9935,51.5469,0.992985,0.996032,False,3.3354,3.3862,3.5873,3.644,0.296507,0.217296
MCUCXR_0117_1,Montgomery,1,4,True,DWT,10,215552,1366,157.79795,0.050698,29.7257,0.873649,30.6898,29.5458,0.798407,0.887568,False,2.0121,2.1111,1.2201,1.7193,0.064047,0.01548
MCUCXR_0117_1,Montgomery,1,4,True,DWT,20,215552,2465,87.44503,0.091486,32.327,0.90239,32.4806,32.2951,0.832901,0.91575,False,2.2714,2.3566,1.131,1.7107,0.069879,0.025569
MCUCXR_0117_1,Montgomery,1,4,True,DWT,30,215552,3595,59.958832,0.133425,35.6365,0.927973,34.2267,36.0057,0.867229,0.940478,False,2.5003,2.6461,1.5552,2.0133,0.075722,0.03201
MCUCXR_0117_1,Montgomery,1,4,True,DWT,50,215552,7601,28.358374,0.282104,40.7222,0.968012,37.7843,41.7212,0.929017,0.976674,False,2.8212,2.9032,2.2888,2.5858,0.102794,0.055606
MCUCXR_0117_1,Montgomery,1,4,True,DWT,70,215552,15706,13.724182,0.582913,45.4559,0.986775,41.9225,46.8043,0.970177,0.990567,False,3.0231,3.0636,3.1908,3.2997,0.153354,0.103162
MCUCXR_0117_1,Montgomery,1,4,True,DWT,90,215552,33989,6.341816,1.261468,50.9337,0.995549,48.189,51.8343,0.992446,0.996309,False,3.1513,3.1774,3.6768,3.7264,0.262147,0.208124
MCUCXR_0126_1,Montgomery,1,4,True,DWT,10,215552,1491,144.568746,0.055337,29.7322,0.846885,30.5641,29.4855,0.792137,0.864973,False,2.143,2.233,1.2694,1.7575,0.060406,0.017658
MCUCXR_0126_1,Montgomery,1,4,True,DWT,20,215552,2690,80.130855,0.099837,31.9975,0.883809,32.4405,31.8586,0.83336,0.900885,False,2.3541,2.4543,1.0288,1.6376,0.074782,0.032354
MCUCXR_0126_1,Montgomery,1,4,True,DWT,30,215552,3969,54.308894,0.147306,35.1611,0.919137,34.1566,35.5576,0.873332,0.934865,False,2.5822,2.6595,1.5476,2.0132,0.080418,0.035514
MCUCXR_0126_1,Montgomery,1,4,True,DWT,50,215552,8353,25.805339,0.310013,40.1506,0.9651,38.1411,41.105,0.940717,0.973847,False,2.9339,3.0493,2.3245,2.6141,0.112446,0.064398
MCUCXR_0126_1,Montgomery,1,4,True,DWT,70,215552,17414,12.378087,0.646303,45.0169,0.986156,42.5404,46.3112,0.97631,0.989737,False,3.1441,3.1873,3.0981,3.2305,0.167784,0.115507
MCUCXR_0126_1,Montgomery,1,4,True,DWT,90,215552,37173,5.798617,1.379639,50.517,0.995261,48.6581,51.3742,0.993436,0.995989,False,3.3267,3.3656,3.6451,3.6957,0.288179,0.231867
MCUCXR_0140_1,Montgomery,1,0,True,DWT,10,215552,1456,148.043956,0.054038,30.0111,0.843767,29.9787,30.0226,0.747824,0.876544,False,2.1951,2.3056,1.3035,1.8095,0.061986,0.017619
MCUCXR_0140_1,Montgomery,1,0,True,DWT,20,215552,2210,97.534842,0.082022,31.9234,0.870931,31.424,32.1148,0.786368,0.899299,False,2.4369,2.5842,1.7328,2.1452,0.067079,0.022971
MCUCXR_0140_1,Montgomery,1,0,True,DWT,30,215552,3541,60.8732,0.131421,34.6395,0.903751,33.1554,35.3152,0.83537,0.927702,False,2.6444,2.7608,1.9763,2.3262,0.078282,0.031361
MCUCXR_0140_1,Montgomery,1,0,True,DWT,50,215552,8587,25.102131,0.318698,39.0373,0.954041,37.0511,40.0343,0.923013,0.96481,False,2.9432,3.0269,2.2793,2.5706,0.11434,0.066253
MCUCXR_0140_1,Montgomery,1,0,True,DWT,70,215552,19676,10.955072,0.730255,43.6197,0.980084,41.5014,44.7121,0.969712,0.984035,False,3.1102,3.1792,3.0497,3.1789,0.187271,0.134975
MCUCXR_0140_1,Montgomery,1,0,True,DWT,90,215552,46166,4.669064,1.713406,49.1086,0.993242,47.9828,49.5888,0.992874,0.993511,False,3.228,3.2769,3.6138,3.6548,0.363017,0.29095
MCUCXR_0141_1,Montgomery,1,1,True,DWT,10,215552,1555,138.61865,0.057712,29.8559,0.85284,30.1778,29.6866,0.776808,0.890259,False,2.2664,2.3781,1.3231,1.844,0.063259,0.017643
MCUCXR_0141_1,Montgomery,1,1,True,DWT,20,215552,2360,91.335593,0.087589,32.3498,0.880656,31.8607,32.6478,0.814018,0.913339,False,2.5136,2.6478,1.7017,2.1256,0.066447,0.022333
MCUCXR_0141_1,Montgomery,1,1,True,DWT,30,215552,3992,53.995992,0.148159,34.5467,0.910293,33.6521,35.1379,0.859332,0.934809,False,2.7151,2.836,1.5485,2.0447,0.083012,0.034464
MCUCXR_0141_1,Montgomery,1,1,True,DWT,50,215552,9097,23.694844,0.337626,39.1873,0.95823,37.6309,40.3782,0.93294,0.971265,False,2.9753,3.0618,2.2592,2.5625,0.119233,0.072246
MCUCXR_0141_1,Montgomery,1,1,True,DWT,70,215552,20124,10.711191,0.746882,43.9876,0.982934,41.944,45.7551,0.972566,0.989008,False,3.1442,3.2222,3.2244,3.307,0.212435,0.132019
MCUCXR_0141_1,Montgomery,1,1,True,DWT,90,215552,45216,4.767162,1.678147,49.6895,0.994672,48.1962,50.8151,0.992978,0.995722,False,3.2476,3.2966,3.6468,3.6986,0.361819,0.301049
MCUCXR_0142_1,Montgomery,1,2,True,DWT,10,215552,1549,139.155584,0.05749,29.4621,0.863356,29.2602,29.53,0.75477,0.899174,False,2.1187,2.198,1.4836,1.9622,0.070039,0.018061
MCUCXR_0142_1,Montgomery,1,2,True,DWT,20,215552,2644,81.524962,0.098129,31.9673,0.891442,31.1085,32.2885,0.80031,0.922006,False,2.4014,2.5188,1.2604,1.8238,0.092941,0.02473
MCUCXR_0142_1,Montgomery,1,2,True,DWT,30,215552,3870,55.698191,0.143631,34.7067,0.922383,32.9603,35.4711,0.8483,0.946706,False,2.6077,2.7133,1.7137,2.1465,0.078421,0.03479
MCUCXR_0142_1,Montgomery,1,2,True,DWT,50,215552,8513,25.320334,0.315952,39.834,0.966883,36.8805,41.4934,0.929528,0.979618,False,2.9149,2.9686,2.3811,2.652,0.112255,0.073151
MCUCXR_0142_1,Montgomery,1,2,True,DWT,70,215552,17831,12.08861,0.66178,44.7483,0.987085,41.3293,46.8976,0.972484,0.992115,False,3.1223,3.155,3.2403,3.3369,0.175868,0.118599
MCUCXR_0142_1,Montgomery,1,2,True,DWT,90,215552,38034,5.66735,1.411594,50.7774,0.996141,48.0257,52.2546,0.993679,0.997026,False,3.2476,3.2885,3.6701,3.7161,0.310017,0.239578
MCUCXR_0144_1,Montgomery,1,0,True,DWT,10,215552,1175,183.448511,0.043609,30.6625,0.86563,31.0911,30.5105,0.799812,0.888853,False,2.1634,2.2312,1.6347,2.006,0.056474,0.01348
MCUCXR_0144_1,Montgomery,1,0,True,DWT,20,215552,1851,116.451648,0.068698,32.3207,0.897598,32.6779,32.1927,0.830555,0.921271,False,2.4387,2.5224,1.9176,2.2625,0.066486,0.02017
MCUCXR_0144_1,Montgomery,1,0,True,DWT,30,215552,3371,63.943044,0.125111,35.2998,0.921031,34.3516,35.7211,0.866058,0.940519,False,2.6399,2.7348,1.3488,1.8949,0.078759,0.031702
MCUCXR_0144_1,Montgomery,1,0,True,DWT,50,215552,7408,29.097192,0.274941,40.2115,0.961116,38.0854,41.3993,0.933245,0.97178,False,2.9525,3.06,2.3527,2.6354,0.106296,0.058196
MCUCXR_0144_1,Montgomery,1,0,True,DWT,70,215552,16697,12.909624,0.619693,44.7228,0.983946,42.1956,46.2661,0.972506,0.988523,False,3.1679,3.2007,3.0506,3.1732,0.189085,0.119403
MCUCXR_0144_1,Montgomery,1,0,True,DWT,90,215552,38376,5.616844,1.424287,50.0293,0.994472,48.1592,51.0196,0.99259,0.995294,False,3.2685,3.3091,3.5728,3.6319,0.310911,0.242188
MCUCXR_0150_1,Montgomery,1,1,True,DWT,10,215552,1505,143.22392,0.055857,29.2228,0.849744,29.4769,29.1184,0.73631,0.898817,False,2.1781,2.3289,1.2924,1.784,0.062028,0.017797
MCUCXR_0150_1,Montgomery,1,1,True,DWT,20,215552,2321,92.870315,0.086142,31.2936,0.879565,31.0746,31.3909,0.787543,0.919661,False,2.4311,2.5018,1.7715,2.1497,0.067557,0.023632
MCUCXR_0150_1,Montgomery,1,1,True,DWT,30,215552,3946,54.625443,0.146452,34.2381,0.910605,32.8199,35.0229,0.842125,0.940561,False,2.6575,2.7348,1.5987,2.0619,0.083762,0.037777
MCUCXR_0150_1,Montgomery,1,1,True,DWT,50,215552,8983,23.995547,0.333395,39.3026,0.963437,36.7667,41.1036,0.929307,0.978312,False,2.9576,3.0475,2.3834,2.6572,0.124563,0.071542
MCUCXR_0150_1,Montgomery,1,1,True,DWT,70,215552,19456,11.078947,0.72209,44.1926,0.985864,41.3444,46.3872,0.973823,0.991275,False,3.1561,3.1998,3.1874,3.2858,0.190857,0.126885
MCUCXR_0150_1,Montgomery,1,1,True,DWT,90,215552,42228,5.10448,1.567251,50.1919,0.99571,48.1124,51.5167,0.994006,0.996512,False,3.2581,3.2948,3.6296,3.6795,0.324006,0.254203
MCUCXR_0162_1,Montgomery,1,1,True,DWT,10,215552,1698,126.944641,0.06302,29.5885,0.836073,29.6952,29.5263,0.765481,0.873702,False,2.2923,2.4023,1.3495,1.8561,0.066548,0.018909
MCUCXR_0162_1,Montgomery,1,1,True,DWT,20,215552,2557,84.298788,0.094901,31.6422,0.86923,31.4253,31.7764,0.809119,0.901512,False,2.5566,2.6774,1.7845,2.1995,0.072668,0.024723
MCUCXR_0162_1,Montgomery,1,1,True,DWT,30,215552,4311,50.000464,0.159999,34.159,0.904888,33.3043,34.7602,0.856539,0.930761,False,2.7588,2.8835,1.6247,2.0984,0.085679,0.037089
MCUCXR_0162_1,Montgomery,1,1,True,DWT,50,215552,9672,22.286187,0.358967,38.8497,0.956661,37.1368,40.3211,0.931022,0.97183,False,3.026,3.1013,2.3464,2.6215,0.123441,0.069364
MCUCXR_0162_1,Montgomery,1,1,True,DWT,70,215552,21542,10.006128,0.79951,43.6175,0.982507,41.6662,45.4035,0.972628,0.988795,False,3.1999,3.2688,3.1782,3.2732,0.196104,0.135545
MCUCXR_0162_1,Montgomery,1,1,True,DWT,90,215552,47952,4.495162,1.779691,49.5187,0.994703,48.1633,50.5851,0.993193,0.995741,False,3.3217,3.379,3.6752,3.7175,0.352653,0.276665
MCUCXR_0166_1,Montgomery,1,0,True,DWT,10,215552,1622,132.892725,0.060199,29.5168,0.848461,30.3477,29.131,0.780097,0.881901,False,2.2707,2.3889,1.4401,1.9018,0.064843,0.01831
MCUCXR_0166_1,Montgomery,1,0,True,DWT,20,215552,2860,75.367832,0.106146,31.9269,0.879931,32.0547,31.8602,0.821223,0.908677,False,2.5342,2.6487,1.1172,1.7254,0.072146,0.027779
MCUCXR_0166_1,Montgomery,1,0,True,DWT,30,215552,4027,53.526695,0.149458,34.5907,0.912043,33.8227,35.0636,0.861869,0.938319,False,2.7449,2.8683,1.6364,2.1115,0.079052,0.033294
MCUCXR_0166_1,Montgomery,1,0,True,DWT,50,215552,8985,23.990206,0.333469,39.364,0.959008,37.6198,40.693,0.932361,0.973511,False,3.0029,3.0968,2.3168,2.6187,0.1141,0.063482
MCUCXR_0166_1,Montgomery,1,0,True,DWT,70,215552,19434,11.091489,0.721274,44.0725,0.983358,41.9042,45.9126,0.972238,0.98972,False,3.2112,3.2814,3.1196,3.2399,0.180969,0.123831
MCUCXR_0166_1,Montgomery,1,0,True,DWT,90,215552,43584,4.945668,1.617577,49.8447,0.994916,48.2008,51.0677,0.99283,0.996156,False,3.3364,3.4032,3.6415,3.6912,0.326176,0.266693
MCUCXR_0170_1,Montgomery,1,0,True,DWT,10,215552,1543,139.696695,0.057267,29.7897,0.851383,30.3479,29.5033,0.784759,0.884201,False,2.2981,2.3916,1.4417,1.901,0.063784,0.016605
MCUCXR_0170_1,Montgomery,1,0,True,DWT,20,215552,2409,89.477792,0.089408,32.0836,0.88078,32.0824,32.0842,0.821918,0.909845,False,2.5491,2.6711,1.7691,2.1672,0.068985,0.021925
MCUCXR_0170_1,Montgomery,1,0,True,DWT,30,215552,4039,53.367665,0.149904,34.6061,0.912687,33.8227,35.1205,0.862095,0.938952,False,2.7648,2.8826,1.5391,2.0374,0.080493,0.033886
MCUCXR_0170_1,Montgomery,1,0,True,DWT,50,215552,9050,23.817901,0.335882,39.3382,0.958878,37.7257,40.6114,0.933427,0.972845,False,3.0189,3.078,2.2713,2.5697,0.115428,0.065423
MCUCXR_0170_1,Montgomery,1,0,True,DWT,70,215552,20008,10.773291,0.742577,44.0505,0.983018,41.9992,45.8627,0.97244,0.989369,False,3.218,3.2814,3.0371,3.1621,0.178854,0.130071
MCUCXR_0170_1,Montgomery,1,0,True,DWT,90,215552,44614,4.831488,1.655805,49.7712,0.994719,48.2474,50.9489,0.992884,0.995883,False,3.3309,3.397,3.6253,3.6728,0.336498,0.28956
MCUCXR_0173_1,Montgomery,1,0,True,DWT,10,215552,1444,149.274238,0.053593,29.6855,0.839742,30.0032,29.5354,0.759891,0.877312,False,2.2143,2.3208,1.5064,1.9455,0.060154,0.016502
MCUCXR_0173_1,Montgomery,1,0,True,DWT,20,215552,2309,93.352967,0.085696,32.1917,0.870896,31.8302,32.3838,0.805097,0.901162,False,2.4863,2.6165,1.8455,2.2086,0.06672,0.022779
MCUCXR_0173_1,Montgomery,1,0,True,DWT,30,215552,3583,60.159643,0.13298,34.5079,0.901989,33.6095,35.0364,0.850464,0.927085,False,2.6735,2.776,2.1101,2.4405,0.07424,0.029391
MCUCXR_0173_1,Montgomery,1,0,True,DWT,50,215552,8635,24.962594,0.32048,38.9673,0.952678,37.384,40.0426,0.928358,0.964215,False,2.926,3.0349,2.5113,2.7474,0.110701,0.061266
MCUCXR_0173_1,Montgomery,1,0,True,DWT,70,215552,20253,10.642966,0.75167,43.4833,0.979814,41.5885,44.8662,0.970575,0.984719,False,3.1424,3.2222,3.0409,3.157,0.211325,0.144772
MCUCXR_0173_1,Montgomery,1,0,True,DWT,90,215552,47312,4.555969,1.755938,49.196,0.993675,48.0622,49.8953,0.992963,0.994152,False,3.2283,3.2706,3.6044,3.6419,0.358468,0.304736
MCUCXR_0182_1,Montgomery,1,3,True,DWT,10,215552,1442,149.481276,0.053518,30.5575,0.861201,30.5828,30.5483,0.780353,0.889524,False,2.2195,2.3235,1.4451,1.912,0.061186,0.017053
MCUCXR_0182_1,Montgomery,1,3,True,DWT,20,215552,2190,98.425571,0.08128,32.7459,0.88722,32.2648,32.9371,0.817463,0.911398,False,2.4355,2.5305,1.7618,2.1617,0.064538,0.021576
MCUCXR_0182_1,Montgomery,1,3,True,DWT,30,215552,3389,63.603423,0.125779,35.1647,0.914474,34.0426,35.663,0.858722,0.934073,False,2.625,2.7043,1.936,2.3081,0.072769,0.029583
MCUCXR_0182_1,Montgomery,1,3,True,DWT,50,215552,7945,27.130522,0.294871,39.6674,0.960727,37.8627,40.5796,0.932885,0.97062,False,2.941,3.0278,2.4276,2.6817,0.100977,0.055667
MCUCXR_0182_1,Montgomery,1,3,True,DWT,70,215552,17962,12.000445,0.666642,44.4161,0.98389,42.0927,45.7245,0.973033,0.98817,False,3.1005,3.1308,3.1154,3.2182,0.166121,0.114662
MCUCXR_0182_1,Montgomery,1,3,True,DWT,90,215552,40691,5.297289,1.510206,49.8747,0.994544,48.2192,50.6871,0.993054,0.99522,False,3.242,3.2876,3.5917,3.6405,0.335038,0.241092
MCUCXR_0188_1,Montgomery,1,1,True,DWT,10,215552,1548,139.245478,0.057452,29.5884,0.839243,30.1826,29.3087,0.76007,0.880022,False,2.2224,2.3477,1.1752,1.7164,0.064033,0.01927
MCUCXR_0188_1,Montgomery,1,1,True,DWT,20,215552,2649,81.371083,0.098315,32.2597,0.869323,31.7727,32.5365,0.80256,0.902563,False,2.4775,2.5457,1.0482,1.666,0.071355,0.025528
MCUCXR_0188_1,Montgomery,1,1,True,DWT,30,215552,3858,55.871436,0.143186,34.693,0.905757,33.6638,35.3437,0.851973,0.933793,False,2.6807,2.7545,1.4856,1.9922,0.078359,0.034241
MCUCXR_0188_1,Montgomery,1,1,True,DWT,50,215552,8774,24.56713,0.325638,39.3786,0.95862,37.4682,40.8504,0.929082,0.974637,False,2.9453,3.0565,2.2138,2.5258,0.121094,0.064011
MCUCXR_0188_1,Montgomery,1,1,True,DWT,70,215552,19148,11.257155,0.710659,44.2035,0.983739,41.8875,46.1861,0.972287,0.990036,False,3.1953,3.2276,3.0928,3.2045,0.169305,0.120789
MCUCXR_0188_1,Montgomery,1,1,True,DWT,90,215552,42534,5.067758,1.578607,49.9661,0.995063,48.2032,51.2767,0.993146,0.996154,False,3.3119,3.3566,3.6049,3.6522,0.321471,0.252521
MCUCXR_0194_1,Montgomery,1,3,True,DWT,10,215552,1519,141.903884,0.056376,30.2872,0.875791,30.9187,30.1068,0.803634,0.897582,False,2.1489,2.2832,1.3233,1.8097,0.057042,0.016192
MCUCXR_0194_1,Montgomery,1,3,True,DWT,20,215552,2215,97.314673,0.082208,32.204,0.89362,32.5193,32.1097,0.833631,0.912042,False,2.4184,2.5556,1.7122,2.1221,0.063727,0.020426
MCUCXR_0194_1,Montgomery,1,3,True,DWT,30,215552,3721,57.928514,0.138101,35.1535,0.922958,34.0392,35.5711,0.863897,0.94126,False,2.6305,2.7177,1.5032,1.9964,0.076356,0.033188
MCUCXR_0194_1,Montgomery,1,3,True,DWT,50,215552,7952,27.10664,0.295131,39.944,0.963596,37.6979,40.9801,0.929041,0.974931,False,2.9226,3.0045,2.3136,2.6092,0.106036,0.055691
MCUCXR_0194_1,Montgomery,1,3,True,DWT,70,215552,17154,12.565699,0.636654,44.742,0.984929,41.8092,46.3052,0.969721,0.98996,False,3.213,3.293,3.0898,3.2137,0.16384,0.109744
MCUCXR_0194_1,Montgomery,1,3,True,DWT,90,215552,37927,5.683339,1.407623,50.3576,0.995186,48.1247,51.3849,0.992359,0.996165,False,3.3492,3.3817,3.6199,3.6744,0.287492,0.227402
MCUCXR_0195_1,Montgomery,1,4,True,DWT,10,215552,1495,144.18194,0.055485,29.375,0.860241,30.3187,29.1193,0.767425,0.889004,False,2.1223,2.2616,1.4485,1.9267,0.060106,0.01616
MCUCXR_0195_1,Montgomery,1,4,True,DWT,20,215552,2565,84.035867,0.095197,32.0895,0.888043,31.9595,32.1306,0.807887,0.912881,False,2.388,2.5215,1.32,1.8584,0.067218,0.024322
MCUCXR_0195_1,Montgomery,1,4,True,DWT,30,215552,3823,56.382945,0.141887,35.0838,0.920116,33.701,35.6214,0.852289,0.941266,False,2.5884,2.6756,1.6968,2.15,0.074826,0.033172
MCUCXR_0195_1,Montgomery,1,4,True,DWT,50,215552,8317,25.917037,0.308677,40.1031,0.96591,37.704,41.2326,0.933038,0.976336,False,2.883,2.9597,2.4796,2.7478,0.107467,0.059923
MCUCXR_0195_1,Montgomery,1,4,True,DWT,70,215552,17438,12.361051,0.647194,44.8416,0.986303,41.8867,46.4073,0.972519,0.99072,False,3.1067,3.1586,3.2749,3.3636,0.165116,0.110169
MCUCXR_0195_1,Montgomery,1,4,True,DWT,90,215552,38160,5.648637,1.416271,50.6111,0.995803,48.2262,51.7307,0.993257,0.996657,False,3.2179,3.2518,3.707,3.754,0.282156,0.233705
MCUCXR_0196_1,Montgomery,1,1,True,DWT,10,215552,1478,145.840325,0.054855,29.2017,0.865464,29.0309,29.2577,0.73464,0.907632,False,2.1291,2.1944,1.7398,2.1122,0.058091,0.017853
MCUCXR_0196_1,Montgomery,1,1,True,DWT,20,215552,2546,84.663001,0.094492,32.1918,0.893721,30.697,32.803,0.783222,0.928769,False,2.3191,2.3871,1.3029,1.8587,0.067455,0.023801
MCUCXR_0196_1,Montgomery,1,1,True,DWT,30,215552,3696,58.320346,0.137173,34.4738,0.921354,32.3965,35.4212,0.837537,0.947865,False,2.5354,2.6443,1.8234,2.237,0.076258,0.032015
MCUCXR_0196_1,Montgomery,1,1,True,DWT,50,215552,8276,26.045433,0.307156,39.5578,0.966212,36.3267,41.4479,0.926991,0.979117,False,2.8373,2.9095,2.4804,2.7206,0.107489,0.058333
MCUCXR_0196_1,Montgomery,1,1,True,DWT,70,215552,17866,12.064928,0.663079,44.5724,0.987337,40.9484,46.9124,0.972881,0.992223,False,3.0609,3.0986,3.2366,3.3308,0.165585,0.122853
MCUCXR_0196_1,Montgomery,1,1,True,DWT,90,215552,38288,5.629753,1.421021,50.7945,0.996485,47.899,52.3614,0.994394,0.997233,False,3.1804,3.2195,3.6721,3.7197,0.289404,0.226714
MCUCXR_0203_1,Montgomery,1,4,True,DWT,10,215552,1203,179.17872,0.044648,30.3163,0.859484,30.3593,30.3012,0.781979,0.883214,False,2.1459,2.2177,2.2557,2.4759,0.056716,0.012932
MCUCXR_0203_1,Montgomery,1,4,True,DWT,20,215552,1994,108.100301,0.074005,31.7239,0.877913,32.0848,31.6028,0.822078,0.89555,False,2.4204,2.5072,1.8757,2.2284,0.059804,0.01917
MCUCXR_0203_1,Montgomery,1,4,True,DWT,30,215552,3525,61.149504,0.130827,34.6455,0.908549,33.9978,34.9005,0.86362,0.923259,False,2.6356,2.7016,1.483,1.9676,0.075532,0.030842
MCUCXR_0203_1,Montgomery,1,4,True,DWT,50,215552,8214,26.242026,0.304855,39.7742,0.95929,37.7586,40.7947,0.930007,0.970263,False,2.8933,2.948,2.3013,2.5689,0.105185,0.069203
MCUCXR_0203_1,Montgomery,1,4,True,DWT,70,215552,18083,11.920146,0.671133,44.3501,0.983252,41.9111,45.6998,0.970042,0.988346,False,3.1025,3.1335,3.1001,3.2066,0.177108,0.110872
MCUCXR_0203_1,Montgomery,1,4,True,DWT,90,215552,41159,5.237056,1.527576,49.9007,0.994625,48.0465,50.8096,0.992204,0.995631,False,3.2184,3.2616,3.6734,3.7182,0.326376,0.247301
MCUCXR_0213_1,Montgomery,1,4,True,DWT,10,215552,1599,134.804253,0.059345,29.9913,0.86188,30.8693,29.7286,0.815716,0.874699,False,2.2222,2.3602,1.254,1.7858,0.060592,0.018825
MCUCXR_0213_1,Montgomery,1,4,True,DWT,20,215552,2743,78.582574,0.101804,32.3465,0.894423,32.6618,32.2441,0.849959,0.90741,False,2.4679,2.5869,1.0153,1.6464,0.069024,0.026269
MCUCXR_0213_1,Montgomery,1,4,True,DWT,30,215552,3893,55.369124,0.144485,35.2656,0.926539,34.427,35.5927,0.880871,0.941901,False,2.6946,2.7966,1.4727,1.9818,0.080263,0.035316
MCUCXR_0213_1,Montgomery,1,4,True,DWT,50,215552,8257,26.105365,0.30645,40.1634,0.965227,38.1991,41.1041,0.937949,0.974962,False,3.0128,3.0959,2.205,2.538,0.118035,0.058851
MCUCXR_0213_1,Montgomery,1,4,True,DWT,70,215552,17439,12.360342,0.647231,44.8366,0.985207,42.4125,46.1124,0.972784,0.989648,False,3.2485,3.3351,3.0335,3.1748,0.166291,0.111684
MCUCXR_0213_1,Montgomery,1,4,True,DWT,90,215552,38492,5.599917,1.428593,50.2482,0.995057,48.2571,51.2069,0.992222,0.996121,False,3.3958,3.422,3.6232,3.6777,0.304044,0.238441
MCUCXR_0218_1,Montgomery,1,0,True,DWT,10,215552,1555,138.61865,0.057712,30.1606,0.860018,29.6074,30.4257,0.758655,0.901585,False,2.2897,2.4005,1.1593,1.7228,0.061449,0.017894
MCUCXR_0218_1,Montgomery,1,0,True,DWT,20,215552,2377,90.682373,0.08822,32.5287,0.888828,31.4029,33.1283,0.803339,0.923364,False,2.538,2.664,1.6255,2.0629,0.067323,0.021972
MCUCXR_0218_1,Montgomery,1,0,True,DWT,30,215552,3898,55.298102,0.14467,34.6221,0.91676,33.1811,35.439,0.851272,0.942821,False,2.7384,2.8082,1.4865,1.988,0.079613,0.038891
MCUCXR_0218_1,Montgomery,1,0,True,DWT,50,215552,8846,24.367172,0.328311,39.4154,0.962365,37.1439,40.961,0.930861,0.975609,False,3.0179,3.0959,2.2535,2.5502,0.113653,0.062144
MCUCXR_0218_1,Montgomery,1,0,True,DWT,70,215552,19469,11.07155,0.722573,44.2667,0.98502,41.5619,46.3191,0.973291,0.990367,False,3.1906,3.267,3.0455,3.1628,0.177967,0.125338
MCUCXR_0218_1,Montgomery,1,0,True,DWT,90,215552,42859,5.029329,1.59067,50.038,0.995302,48.0222,51.3305,0.993462,0.996178,False,3.3131,3.3495,3.5781,3.6398,0.32125,0.253227
MCUCXR_0223_1,Montgomery,1,4,True,DWT,10,215552,1321,163.173354,0.049028,30.6277,0.875216,30.9276,30.5241,0.797928,0.901871,False,2.2137,2.3387,1.3081,1.7947,0.066817,0.016387
MCUCXR_0223_1,Montgomery,1,4,True,DWT,20,215552,1957,110.144098,0.072632,33.1377,0.897284,32.6319,33.3364,0.832902,0.918427,False,2.4569,2.5672,2.0137,2.3223,0.062577,0.019291
MCUCXR_0223_1,Montgomery,1,4,True,DWT,30,215552,3168,68.040404,0.117577,35.4279,0.921538,34.2879,35.9275,0.868768,0.939868,False,2.671,2.7473,1.9326,2.3019,0.071225,0.028866
MCUCXR_0223_1,Montgomery,1,4,True,DWT,50,215552,7678,28.073978,0.284961,40.1149,0.962092,38.0984,41.1605,0.934504,0.971889,False,2.9747,3.078,2.0772,2.4151,0.110358,0.05857
MCUCXR_0223_1,Montgomery,1,4,True,DWT,70,215552,16684,12.919684,0.61921,44.5869,0.983622,42.1069,46.0067,0.972249,0.987945,False,3.1926,3.2652,3.0107,3.138,0.163031,0.109063
MCUCXR_0223_1,Montgomery,1,4,True,DWT,90,215552,38731,5.565361,1.437463,49.9592,0.994475,48.1823,50.8373,0.992706,0.995211,False,3.319,3.3719,3.5367,3.5896,0.30392,0.231944
MCUCXR_0228_1,Montgomery,1,3,True,DWT,10,215552,1410,152.873759,0.052331,29.5488,0.862144,29.4642,29.581,0.748103,0.905179,False,2.1615,2.2957,1.7904,2.1855,0.055404,0.014523
MCUCXR_0228_1,Montgomery,1,3,True,DWT,20,215552,2142,100.631186,0.079498,31.5347,0.890655,31.3292,31.6145,0.802163,0.924465,False,2.3979,2.526,2.1336,2.4555,0.060706,0.019957
MCUCXR_0228_1,Montgomery,1,3,True,DWT,30,215552,3705,58.178677,0.137507,34.31,0.91753,33.1163,34.8601,0.852532,0.942793,False,2.621,2.7124,1.6054,2.0799,0.076489,0.03269
MCUCXR_0228_1,Montgomery,1,3,True,DWT,50,215552,8308,25.945113,0.308343,39.6829,0.964344,37.1113,41.2555,0.932859,0.976739,False,2.863,2.9229,2.3552,2.6365,0.106687,0.061119
MCUCXR_0228_1,Montgomery,1,3,True,DWT,70,215552,17956,12.004455,0.666419,44.4775,0.985948,41.4587,46.5364,0.973597,0.990823,False,3.1027,3.1685,3.1579,3.2619,0.168816,0.112738
MCUCXR_0228_1,Montgomery,1,3,True,DWT,90,215552,39263,5.489952,1.457208,50.3798,0.995833,48.0588,51.721,0.99383,0.996651,False,3.2153,3.2625,3.6547,3.7005,0.297069,0.238372
MCUCXR_0243_1,Montgomery,1,3,True,DWT,10,215552,1352,159.431953,0.050178,30.6515,0.859563,30.4742,30.7394,0.775689,0.897659,False,2.2213,2.3315,1.2676,1.7653,0.061162,0.016845
MCUCXR_0243_1,Montgomery,1,3,True,DWT,20,215552,2088,103.233716,0.077494,32.7555,0.884985,32.235,33.0297,0.816324,0.915147,False,2.4672,2.5941,1.5902,2.0324,0.061762,0.021088
MCUCXR_0243_1,Montgomery,1,3,True,DWT,30,215552,3247,66.384971,0.120509,34.9816,0.911284,33.8712,35.6366,0.854495,0.937488,False,2.653,2.7563,1.9851,2.3532,0.073029,0.03031
MCUCXR_0243_1,Montgomery,1,3,True,DWT,50,215552,7863,27.413455,0.291827,39.4847,0.95682,37.6826,40.7175,0.929579,0.969517,False,2.9264,3.0242,2.4487,2.7034,0.10616,0.057094
MCUCXR_0243_1,Montgomery,1,3,True,DWT,70,215552,18260,11.8046,0.677702,44.0864,0.9818,41.8782,45.7514,0.971031,0.987268,False,3.0794,3.1237,2.9983,3.1203,0.177036,0.120987
MCUCXR_0243_1,Montgomery,1,3,True,DWT,90,215552,42619,5.05765,1.581762,49.6461,0.994185,48.1823,50.5752,0.992903,0.994919,False,3.1844,3.233,3.5791,3.6244,0.319465,0.268425
MCUCXR_0251_1,Montgomery,1,1,True,DWT,10,215552,1554,138.707851,0.057675,29.4886,0.840418,29.6929,29.4302,0.790862,0.853689,False,2.2886,2.4176,1.9618,2.2773,0.060331,0.017749
MCUCXR_0251_1,Montgomery,1,1,True,DWT,20,215552,2578,83.612102,0.09568,32.0082,0.874874,31.6184,32.13,0.83007,0.886269,False,2.5009,2.595,1.7617,2.1509,0.067067,0.023298
MCUCXR_0251_1,Montgomery,1,1,True,DWT,30,215552,3951,54.556315,0.146637,34.6239,0.905202,33.3417,35.087,0.867771,0.915557,False,2.7185,2.7966,2.1784,2.4856,0.07746,0.033543
MCUCXR_0251_1,Montgomery,1,1,True,DWT,50,215552,9031,23.86801,0.335177,39.2827,0.96041,36.9236,40.3201,0.931042,0.969103,False,3.011,3.0744,2.5216,2.7622,0.111274,0.063734
MCUCXR_0251_1,Montgomery,1,1,True,DWT,70,215552,20090,10.729318,0.745621,44.0209,0.984255,41.1992,45.3845,0.971849,0.988086,False,3.234,3.2841,3.1239,3.2333,0.202998,0.161034
MCUCXR_0251_1,Montgomery,1,1,True,DWT,90,215552,44194,4.877404,1.640217,50.1549,0.995573,47.9473,51.0975,0.993678,0.996186,False,3.4033,3.4427,3.6472,3.6922,0.343843,0.283297
MCUCXR_0253_1,Montgomery,1,4,True,DWT,10,215552,1611,133.800124,0.059791,28.7235,0.831279,29.329,28.5251,0.724627,0.871152,False,2.1371,2.2778,1.4002,1.8742,0.061153,0.018315
MCUCXR_0253_1,Montgomery,1,4,True,DWT,20,215552,2847,75.711978,0.105664,31.3286,0.874673,31.0066,31.4503,0.775398,0.911371,False,2.3916,2.5233,1.2601,1.8168,0.071608,0.027074
MCUCXR_0253_1,Montgomery,1,4,True,DWT,30,215552,4102,52.548025,0.152242,34.2846,0.906496,32.5929,35.0991,0.824797,0.936936,False,2.5824,2.6676,1.7036,2.133,0.082509,0.036835
MCUCXR_0253_1,Montgomery,1,4,True,DWT,50,215552,9055,23.804749,0.336067,39.1968,0.959906,36.4193,40.8816,0.916765,0.976214,False,2.8701,2.922,2.5018,2.7504,0.134426,0.064863
MCUCXR_0253_1,Montgomery,1,4,True,DWT,70,215552,19567,11.016099,0.72621,44.0213,0.984137,40.7852,46.2207,0.967163,0.990631,False,3.1114,3.164,3.2702,3.3639,0.180426,0.123684
MCUCXR_0253_1,Montgomery,1,4,True,DWT,90,215552,42374,5.086893,1.572669,50.2755,0.995631,47.8477,51.6358,0.993355,0.996551,False,3.224,3.2518,3.6603,3.7065,0.332044,0.247139
MCUCXR_0254_1,Montgomery,1,2,True,DWT,10,215552,1504,143.319149,0.055819,30.7343,0.870226,30.2897,30.9683,0.779963,0.907795,False,2.1999,2.2993,1.2152,1.74,0.061285,0.016772
MCUCXR_0254_1,Montgomery,1,2,True,DWT,20,215552,2211,97.490728,0.082059,32.8215,0.896885,32.166,33.1803,0.821012,0.928808,False,2.4817,2.6075,1.7551,2.1669,0.064132,0.022116
MCUCXR_0254_1,Montgomery,1,2,True,DWT,30,215552,3408,63.248826,0.126485,35.2981,0.923514,34.1446,35.9938,0.869262,0.94604,False,2.6958,2.7796,2.1393,2.4676,0.07201,0.029452
MCUCXR_0254_1,Montgomery,1,2,True,DWT,50,215552,8316,25.920154,0.30864,40.1868,0.965851,38.448,41.3764,0.941838,0.976226,False,3.0067,3.0905,2.1733,2.5054,0.112023,0.065071
MCUCXR_0254_1,Montgomery,1,2,True,DWT,70,215552,17605,12.243794,0.653392,45.0136,0.986131,42.7989,46.7121,0.976899,0.990787,False,3.1958,3.2742,3.0095,3.1479,0.187993,0.11795
MCUCXR_0254_1,Montgomery,1,2,True,DWT,90,215552,38487,5.600644,1.428407,50.4457,0.99525,48.667,51.6737,0.993569,0.996163,False,3.293,3.3306,3.5303,3.6086,0.28617,0.226917
MCUCXR_0255_1,Montgomery,1,3,True,DWT,10,215552,1354,159.196455,0.050252,30.6819,0.861028,30.3703,30.8477,0.774434,0.901928,False,2.2329,2.336,1.7601,2.1103,0.059445,0.0161
MCUCXR_0255_1,Montgomery,1,3,True,DWT,20,215552,2167,99.470235,0.080426,32.8053,0.888412,32.1267,33.1918,0.815963,0.9221,False,2.5096,2.6335,1.8337,2.2136,0.063775,0.02288
MCUCXR_0255_1,Montgomery,1,3,True,DWT,30,215552,3311,65.101782,0.122885,35.2337,0.916562,34.0486,35.9806,0.863351,0.941629,False,2.7287,2.8405,2.301,2.5812,0.072186,0.029911
MCUCXR_0255_1,Montgomery,1,3,True,DWT,50,215552,7929,27.185269,0.294277,39.7451,0.961463,38.0388,40.9505,0.936307,0.973868,False,2.9769,3.0699,2.4808,2.7239,0.120922,0.060456
MCUCXR_0255_1,Montgomery,1,3,True,DWT,70,215552,17928,12.023204,0.66538,44.4459,0.984177,42.1638,46.3043,0.973361,0.98999,False,3.1841,3.2536,3.1102,3.2136,0.182673,0.115178
MCUCXR_0255_1,Montgomery,1,3,True,DWT,90,215552,40665,5.300676,1.509241,49.9546,0.994848,48.2913,51.1181,0.993143,0.995837,False,3.3039,3.3638,3.562,3.6153,0.306733,0.244499
MCUCXR_0258_1,Montgomery,1,3,True,DWT,10,215552,1302,165.554531,0.048322,30.246,0.888059,30.8405,30.1324,0.80553,0.903561,False,1.9035,1.9633,1.5516,1.9743,0.062654,0.022943
MCUCXR_0258_1,Montgomery,1,3,True,DWT,20,215552,2040,105.662745,0.075713,32.3246,0.911751,32.6128,32.2673,0.842498,0.925192,False,2.148,2.1909,1.6109,2.0391,0.061294,0.019427
MCUCXR_0258_1,Montgomery,1,3,True,DWT,30,215552,3195,67.465415,0.118579,35.7251,0.941289,34.2733,36.0975,0.878551,0.954338,False,2.262,2.3217,1.5604,2.0083,0.072293,0.029217
MCUCXR_0258_1,Montgomery,1,3,True,DWT,50,215552,6519,33.065194,0.241946,41.6589,0.97576,38.0464,43.017,0.939447,0.98353,False,2.5862,2.6219,2.3971,2.6625,0.094828,0.048532
MCUCXR_0258_1,Montgomery,1,3,True,DWT,70,215552,13119,16.430521,0.486899,46.5637,0.990705,42.242,48.4541,0.97591,0.993898,False,2.8787,2.9633,3.1096,3.2345,0.135355,0.083399
MCUCXR_0258_1,Montgomery,1,3,True,DWT,90,215552,27247,7.911036,1.011246,52.3755,0.997212,48.5179,53.9009,0.994057,0.997902,False,3.076,3.1452,3.5809,3.6457,0.214754,0.161427
MCUCXR_0264_1,Montgomery,1,0,True,DWT,10,215552,1449,148.759144,0.053778,29.7535,0.853215,30.0534,29.6532,0.775773,0.879262,False,2.1204,2.2339,1.5101,1.93,0.059168,0.015968
MCUCXR_0264_1,Montgomery,1,0,True,DWT,20,215552,2523,85.4348,0.093639,33.063,0.88674,31.7694,33.6256,0.817947,0.91013,False,2.3547,2.474,1.1098,1.6842,0.070345,0.024265
MCUCXR_0264_1,Montgomery,1,0,True,DWT,30,215552,3583,60.159643,0.13298,35.124,0.921304,33.6192,35.8044,0.861767,0.942526,False,2.5657,2.655,1.6053,2.0711,0.073296,0.030943
MCUCXR_0264_1,Montgomery,1,0,True,DWT,50,215552,7884,27.340436,0.292607,39.9752,0.96645,37.5176,41.3213,0.933326,0.978561,False,2.8679,2.9256,2.261,2.5683,0.12522,0.055413
MCUCXR_0264_1,Montgomery,1,0,True,DWT,70,215552,16672,12.928983,0.618765,45.0796,0.987155,41.8684,47.1794,0.972677,0.992519,False,3.1012,3.1514,3.2608,3.3499,0.155715,0.104771
MCUCXR_0264_1,Montgomery,1,0,True,DWT,90,215552,36369,5.926806,1.3498,50.8138,0.996059,48.1587,52.3333,0.993108,0.997169,False,3.294,3.3199,3.656,3.7055,0.267471,0.208984
MCUCXR_0266_1,Montgomery,1,0,True,DWT,10,215552,1268,169.993691,0.047061,31.2399,0.88813,31.2219,31.2464,0.807802,0.91138,False,2.1779,2.2733,1.6066,2.0035,0.05838,0.014218
MCUCXR_0266_1,Montgomery,1,0,True,DWT,20,215552,1975,109.140253,0.0733,33.6415,0.907567,32.8941,33.9454,0.838615,0.927776,False,2.4402,2.5547,1.7271,2.1275,0.061005,0.02049
MCUCXR_0266_1,Montgomery,1,0,True,DWT,30,215552,3360,64.152381,0.124703,35.7429,0.928082,34.6081,36.2366,0.872805,0.944086,False,2.6419,2.7572,1.2763,1.8449,0.087556,0.044999
MCUCXR_0266_1,Montgomery,1,0,True,DWT,50,215552,7507,28.713467,0.278615,40.3185,0.962997,38.2462,41.3977,0.93493,0.971928,False,2.9439,3.0484,2.0657,2.4195,0.105845,0.059023
MCUCXR_0266_1,Montgomery,1,0,True,DWT,70,215552,16664,12.93519,0.618468,44.8248,0.983558,42.3107,46.2642,0.972935,0.987602,False,3.114,3.1703,2.822,2.9914,0.1595,0.109698
MCUCXR_0266_1,Montgomery,1,0,True,DWT,90,215552,38321,5.624905,1.422246,49.9472,0.994051,48.2784,50.749,0.992889,0.994585,False,3.2231,3.2805,3.5388,3.6009,0.289448,0.235809
MCUCXR_0275_1,Montgomery,1,2,True,DWT,10,215552,1509,142.844268,0.056005,29.2376,0.845959,30.1744,28.928,0.775054,0.87264,False,2.1874,2.3073,1.3356,1.8369,0.05675,0.017981
MCUCXR_0275_1,Montgomery,1,2,True,DWT,20,215552,2677,80.519985,0.099354,32.1324,0.88004,31.75,32.2873,0.812094,0.905428,False,2.436,2.5618,1.0731,1.6875,0.068585,0.026253
MCUCXR_0275_1,Montgomery,1,2,True,DWT,30,215552,3770,57.175597,0.13992,34.7909,0.914123,33.47,35.4225,0.852134,0.936879,False,2.652,2.7482,1.5466,2.0277,0.083052,0.03293
MCUCXR_0275_1,Montgomery,1,2,True,DWT,50,215552,8444,25.527238,0.313391,39.6305,0.961189,37.2339,41.0595,0.927299,0.974374,False,2.9844,3.0815,2.3393,2.6295,0.106026,0.057394
MCUCXR_0275_1,Montgomery,1,2,True,DWT,70,215552,18375,11.730721,0.68197,44.5305,0.984798,41.6542,46.4522,0.971356,0.990252,False,3.2022,3.2724,3.1416,3.2535,0.169892,0.113277
MCUCXR_0275_1,Montgomery,1,2,True,DWT,90,215552,40192,5.363057,1.491686,50.4143,0.995444,48.1391,51.7346,0.99314,0.996431,False,3.3454,3.3808,3.6461,3.6956,0.295126,0.23902
MCUCXR_0282_1,Montgomery,1,0,True,DWT,10,215552,1595,135.14232,0.059197,29.4055,0.83778,28.9208,29.6326,0.724586,0.884203,False,2.2454,2.3629,1.4821,1.9464,0.057138,0.017352
MCUCXR_0282_1,Montgomery,1,0,True,DWT,20,215552,2579,83.579682,0.095717,31.6864,0.867546,30.5717,32.2727,0.773702,0.905503,False,2.497,2.6165,1.7337,2.145,0.063445,0.02223
MCUCXR_0282_1,Montgomery,1,0,True,DWT,30,215552,4325,49.838613,0.160518,34.0076,0.902775,32.341,34.9869,0.832458,0.931148,False,2.6935,2.7948,1.6633,2.1097,0.079843,0.035467
MCUCXR_0282_1,Montgomery,1,0,True,DWT,50,215552,9735,22.141962,0.361305,38.6026,0.955936,36.2513,40.2145,0.923468,0.96965,False,2.9871,3.069,2.3833,2.6545,0.133499,0.065458
MCUCXR_0282_1,Montgomery,1,0,True,DWT,70,215552,21970,9.811197,0.815395,43.6729,0.983397,41.0695,45.5732,0.972377,0.988463,False,3.1994,3.2769,3.1851,3.2878,0.213572,0.136555
MCUCXR_0282_1,Montgomery,1,0,True,DWT,90,215552,47645,4.524126,1.768297,49.8306,0.995235,47.9745,50.9664,0.994017,0.995869,False,3.3219,3.3746,3.6021,3.6545,0.340521,0.273717
MCUCXR_0289_1,Montgomery,1,1,True,DWT,10,215552,1402,153.746077,0.052034,30.312,0.873231,31.0503,30.1032,0.788764,0.899144,False,2.1504,2.2751,1.1516,1.6788,0.060489,0.023793
MCUCXR_0289_1,Montgomery,1,1,True,DWT,20,215552,2054,104.942551,0.076232,32.4012,0.900596,32.6669,32.3207,0.818648,0.925543,False,2.3965,2.5251,1.5696,2.0219,0.060773,0.01888
MCUCXR_0289_1,Montgomery,1,1,True,DWT,30,215552,3464,62.226328,0.128563,36.0832,0.92711,34.3974,36.786,0.859119,0.947576,False,2.5979,2.6935,1.3809,1.9197,0.074347,0.028593
MCUCXR_0289_1,Montgomery,1,1,True,DWT,50,215552,7168,30.071429,0.266033,40.5495,0.965189,38.1069,41.729,0.931089,0.975809,False,2.9527,3.0323,2.4064,2.6835,0.092844,0.049301
MCUCXR_0289_1,Montgomery,1,1,True,DWT,70,215552,15893,13.562701,0.589853,45.1593,0.985367,42.2522,46.7099,0.971794,0.989839,False,3.1526,3.2213,3.1112,3.2492,0.150431,0.099171
MCUCXR_0289_1,Montgomery,1,1,True,DWT,90,215552,35741,6.030945,1.326492,50.4516,0.995005,48.2591,51.4582,0.992577,0.995843,False,3.2451,3.2841,3.6011,3.664,0.270093,0.254512
MCUCXR_0294_1,Montgomery,1,3,True,DWT,10,215552,1438,149.897079,0.05337,30.7581,0.888994,31.1303,30.6574,0.799946,0.912923,False,2.0956,2.19,1.3417,1.8183,0.058163,0.015854
MCUCXR_0294_1,Montgomery,1,3,True,DWT,20,215552,2177,99.013321,0.080797,33.1003,0.906658,32.7672,33.2003,0.828332,0.928538,False,2.3436,2.4498,1.7246,2.1317,0.082152,0.021043
MCUCXR_0294_1,Montgomery,1,3,True,DWT,30,215552,3252,66.282903,0.120695,35.9629,0.933023,34.3935,36.5393,0.862233,0.95309,False,2.5352,2.638,2.0894,2.4144,0.068653,0.025322
MCUCXR_0294_1,Montgomery,1,3,True,DWT,50,215552,7237,29.784717,0.268594,40.8087,0.967551,37.8602,42.2201,0.92833,0.979111,False,2.887,2.9579,2.3248,2.6265,0.096982,0.049799
MCUCXR_0294_1,Montgomery,1,3,True,DWT,70,215552,15213,14.168934,0.564615,45.3402,0.98596,41.8874,47.1897,0.970645,0.990597,False,3.092,3.147,3.1899,3.3096,0.14317,0.09569
MCUCXR_0294_1,Montgomery,1,3,True,DWT,90,215552,33915,6.355654,1.258722,50.7764,0.995351,48.0896,51.9942,0.992672,0.996216,False,3.25,3.2912,3.6591,3.7113,0.310021,0.20028
MCUCXR_0301_1,Montgomery,1,3,True,DWT,10,215552,1285,167.744747,0.047692,30.8166,0.868474,30.8746,30.7919,0.80037,0.893326,False,2.1671,2.2778,1.3786,1.8517,0.055997,0.017309
MCUCXR_0301_1,Montgomery,1,3,True,DWT,20,215552,1915,112.559791,0.071073,33.4001,0.894071,32.7946,33.6882,0.839894,0.913138,False,2.4075,2.5341,1.9616,2.2894,0.058872,0.018708
MCUCXR_0301_1,Montgomery,1,3,True,DWT,30,215552,3029,71.16276,0.112418,35.6514,0.919386,34.6407,36.1692,0.876931,0.935287,False,2.6021,2.6944,2.0005,2.3541,0.067628,0.026288
MCUCXR_0301_1,Montgomery,1,3,True,DWT,50,215552,6974,30.907944,0.258833,40.2148,0.961782,38.6223,41.1299,0.941512,0.969237,False,2.8562,2.9346,2.9274,3.0508,0.095971,0.049399
MCUCXR_0301_1,Montgomery,1,3,True,DWT,70,215552,16570,13.00857,0.614979,44.7853,0.983469,42.6996,46.119,0.975242,0.987211,False,3.0161,3.0645,3.0091,3.1299,0.185603,0.106819
MCUCXR_0301_1,Montgomery,1,3,True,DWT,90,215552,38252,5.635052,1.419685,49.9688,0.99408,48.5573,50.7505,0.993054,0.994627,False,3.0907,3.1281,3.5358,3.5927,0.294308,0.224378
MCUCXR_0309_1,Montgomery,1,2,True,DWT,10,215552,1339,160.979836,0.049696,30.6892,0.87624,31.1062,30.6111,0.811291,0.887532,False,1.9448,2.0063,1.1861,1.7432,0.078379,0.024817
MCUCXR_0309_1,Montgomery,1,2,True,DWT,20,215552,2200,97.978182,0.081651,33.3969,0.905981,32.7991,33.5258,0.844762,0.916776,False,2.1294,2.1694,1.0849,1.6818,0.080548,0.021953
MCUCXR_0309_1,Montgomery,1,2,True,DWT,30,215552,3126,68.954575,0.116018,36.3281,0.940281,34.481,36.8104,0.877776,0.953228,False,2.3619,2.4427,1.4823,1.9812,0.070072,0.027703
MCUCXR_0309_1,Montgomery,1,2,True,DWT,50,215552,6305,34.18747,0.234004,41.3619,0.97358,38.0257,42.4925,0.936145,0.981416,False,2.7008,2.7733,2.2578,2.5658,0.089687,0.048466
MCUCXR_0309_1,Montgomery,1,2,True,DWT,70,215552,13135,16.410506,0.487493,46.1148,0.988892,42.0849,47.6839,0.973169,0.992188,False,3.0093,3.086,3.0658,3.2022,0.127664,0.083083
MCUCXR_0309_1,Montgomery,1,2,True,DWT,90,215552,28715,7.506599,1.065729,51.6346,0.996253,48.1604,52.8436,0.992968,0.996976,False,3.2279,3.2742,3.5427,3.6097,0.223773,0.166933
MCUCXR_0311_1,Montgomery,1,2,True,DWT,10,215552,1339,160.979836,0.049696,29.8358,0.883843,31.6045,29.5755,0.83299,0.888585,False,1.9228,2.0,1.1313,1.6832,0.06154,0.015488
MCUCXR_0311_1,Montgomery,1,2,True,DWT,20,215552,2062,104.535403,0.076529,32.2989,0.911031,33.2617,32.1423,0.856329,0.919645,False,2.1907,2.2375,1.4059,1.877,0.062941,0.021299
MCUCXR_0311_1,Montgomery,1,2,True,DWT,30,215552,3350,64.343881,0.124332,35.8007,0.937125,34.9932,35.9677,0.887202,0.945852,False,2.4057,2.4722,1.4391,1.9285,0.070582,0.028184
MCUCXR_0311_1,Montgomery,1,2,True,DWT,50,215552,6938,31.068319,0.257497,41.7716,0.975426,38.506,42.7791,0.939544,0.982322,False,2.7633,2.8763,2.0858,2.417,0.094318,0.051052
MCUCXR_0311_1,Montgomery,1,2,True,DWT,70,215552,13642,15.800616,0.506309,46.6768,0.990044,42.5531,48.1802,0.974186,0.993127,False,3.0177,3.0806,2.8227,3.02,0.139089,0.083078
MCUCXR_0311_1,Montgomery,1,2,True,DWT,90,215552,27838,7.743085,1.03318,52.1242,0.996584,48.4856,53.3284,0.992948,0.997313,False,3.218,3.2581,3.5982,3.6646,0.218599,0.159706
MCUCXR_0313_1,Montgomery,1,4,True,DWT,10,215552,1420,151.797183,0.052702,29.6504,0.853825,30.1944,29.4733,0.779277,0.877486,False,2.1239,2.2401,1.3789,1.8557,0.056991,0.014992
MCUCXR_0313_1,Montgomery,1,4,True,DWT,20,215552,2520,85.536508,0.093527,32.903,0.886182,32.0278,33.2602,0.821077,0.907263,False,2.3589,2.4247,1.1171,1.6923,0.066734,0.027304
MCUCXR_0313_1,Montgomery,1,4,True,DWT,30,215552,3584,60.142857,0.133017,35.047,0.917108,33.8018,35.5892,0.862306,0.936057,False,2.5806,2.6604,1.6009,2.0624,0.074429,0.030762
MCUCXR_0313_1,Montgomery,1,4,True,DWT,50,215552,7999,26.947368,0.296875,39.885,0.964934,37.6749,41.0458,0.93313,0.976659,False,2.8533,2.8978,2.2917,2.574,0.107123,0.057842
MCUCXR_0313_1,Montgomery,1,4,True,DWT,70,215552,17054,12.639381,0.632942,44.9079,0.986436,41.9914,46.7022,0.972603,0.991622,False,3.1083,3.1228,3.1291,3.2283,0.174986,0.109581
MCUCXR_0313_1,Montgomery,1,4,True,DWT,90,215552,37557,5.73933,1.393891,50.5299,0.995707,48.2009,51.7844,0.992895,0.996797,False,3.2834,3.3208,3.6415,3.691,0.277524,0.217183
MCUCXR_0316_1,Montgomery,1,3,True,DWT,10,215552,1459,147.739548,0.054149,29.4333,0.846811,29.7712,29.3165,0.768656,0.870469,False,2.1368,2.2634,1.494,1.9191,0.058463,0.014895
MCUCXR_0316_1,Montgomery,1,3,True,DWT,20,215552,2567,83.970393,0.095272,32.302,0.881005,31.3856,32.6904,0.810937,0.905171,False,2.3695,2.4364,1.1872,1.745,0.066927,0.024625
MCUCXR_0316_1,Montgomery,1,3,True,DWT,30,215552,3728,57.819742,0.138361,34.8526,0.916505,33.4034,35.529,0.859459,0.936759,False,2.5357,2.6057,1.6664,2.0949,0.079999,0.030541
MCUCXR_0316_1,Montgomery,1,3,True,DWT,50,215552,8273,26.054877,0.307044,39.6718,0.964825,37.3196,40.9895,0.933706,0.976792,False,2.8061,2.8566,2.3787,2.6257,0.104447,0.057242
MCUCXR_0316_1,Montgomery,1,3,True,DWT,70,215552,17837,12.084543,0.662003,44.972,0.987112,41.9819,46.9153,0.974434,0.992104,False,2.9736,2.9937,3.1636,3.2652,0.161103,0.1094
MCUCXR_0316_1,Montgomery,1,3,True,DWT,90,215552,37909,5.686038,1.406955,50.6438,0.995928,48.1847,52.0543,0.993394,0.996974,False,3.0962,3.1138,3.6627,3.7106,0.28544,0.232902
MCUCXR_0331_1,Montgomery,1,2,True,DWT,10,215552,1293,166.706883,0.047988,30.8388,0.865087,30.7597,30.8724,0.783447,0.897065,False,2.2266,2.3405,1.4359,1.8917,0.060716,0.015986
MCUCXR_0331_1,Montgomery,1,2,True,DWT,20,215552,1906,113.091291,0.070739,33.1442,0.891521,32.4759,33.4586,0.820442,0.918647,False,2.459,2.5708,2.0881,2.3856,0.058185,0.021149
MCUCXR_0331_1,Montgomery,1,2,True,DWT,30,215552,3068,70.258149,0.113866,35.2448,0.915533,34.0689,35.8523,0.858168,0.938148,False,2.6461,2.7213,2.023,2.3703,0.068693,0.02646
MCUCXR_0331_1,Montgomery,1,2,True,DWT,50,215552,7652,28.169367,0.283996,39.7629,0.959151,37.7983,40.9557,0.930137,0.970938,False,2.9288,2.9857,2.1471,2.4599,0.103937,0.058559
MCUCXR_0331_1,Montgomery,1,2,True,DWT,70,215552,17204,12.529179,0.63851,44.2567,0.982422,41.9626,45.7576,0.971397,0.987349,False,3.1012,3.1622,3.0478,3.1547,0.174888,0.111613
MCUCXR_0331_1,Montgomery,1,2,True,DWT,90,215552,40846,5.277187,1.515959,49.5064,0.99392,48.1225,50.2509,0.99278,0.994522,False,3.2104,3.2491,3.5702,3.6138,0.313009,0.246381
MCUCXR_0334_1,Montgomery,1,4,True,DWT,10,215552,1646,130.955043,0.06109,29.0389,0.851777,29.515,28.905,0.767943,0.877723,False,2.1625,2.2563,1.6162,2.0157,0.058809,0.017176
MCUCXR_0334_1,Montgomery,1,4,True,DWT,20,215552,2800,76.982857,0.103919,32.0497,0.886656,31.4021,32.2656,0.808888,0.910547,False,2.3999,2.5134,1.3745,1.8861,0.070265,0.025879
MCUCXR_0334_1,Montgomery,1,4,True,DWT,30,215552,3955,54.501138,0.146786,34.4314,0.918205,33.1451,34.9081,0.852186,0.938796,False,2.5963,2.707,1.852,2.2563,0.074299,0.033542
MCUCXR_0334_1,Montgomery,1,4,True,DWT,50,215552,8726,24.702269,0.323857,39.6334,0.966606,37.0478,40.8563,0.929995,0.978035,False,2.8906,2.9471,2.5274,2.767,0.107616,0.065795
MCUCXR_0334_1,Montgomery,1,4,True,DWT,70,215552,18474,11.667858,0.685644,44.6642,0.986758,41.492,46.3681,0.971385,0.991725,False,3.1176,3.1514,3.2264,3.3355,0.174672,0.122089
MCUCXR_0334_1,Montgomery,1,4,True,DWT,90,215552,39073,5.516648,1.450156,50.5283,0.99594,48.0441,51.679,0.993269,0.996853,False,3.2342,3.2643,3.7356,3.7759,0.300608,0.229356
MCUCXR_0338_1,Montgomery,1,2,True,DWT,10,215552,1355,159.078967,0.050289,31.1266,0.846356,30.1776,31.8448,0.776742,0.883758,False,2.2401,2.3548,1.3445,1.8499,0.056979,0.014288
MCUCXR_0338_1,Montgomery,1,2,True,DWT,20,215552,2182,98.786434,0.080983,32.9202,0.875319,31.9923,33.6191,0.819527,0.904618,False,2.4795,2.5887,1.421,1.9432,0.062339,0.023453
MCUCXR_0338_1,Montgomery,1,2,True,DWT,30,215552,3331,64.710898,0.123627,35.0268,0.908267,33.9488,35.8666,0.865849,0.930456,False,2.6601,2.7625,2.2051,2.4867,0.077818,0.028229
MCUCXR_0338_1,Montgomery,1,2,True,DWT,50,215552,8649,24.922188,0.320999,39.3324,0.957318,37.9314,40.5105,0.937442,0.968748,False,2.9386,3.0367,2.1605,2.4873,0.115482,0.07098
MCUCXR_0338_1,Montgomery,1,2,True,DWT,70,215552,19740,10.919554,0.732631,43.997,0.982262,42.1955,45.6772,0.974143,0.987586,False,3.0977,3.1281,3.0392,3.1603,0.186815,0.128444
MCUCXR_0338_1,Montgomery,1,2,True,DWT,90,215552,45080,4.781544,1.6731,49.5024,0.994115,48.2262,50.5436,0.992973,0.994969,False,3.1758,3.2142,3.6713,3.7179,0.331187,0.257493
MCUCXR_0348_1,Montgomery,1,1,True,DWT,10,215552,1430,150.735664,0.053073,30.7329,0.891402,31.2419,30.6379,0.817173,0.906787,False,2.0295,2.1254,1.0611,1.6205,0.063105,0.017797
MCUCXR_0348_1,Montgomery,1,1,True,DWT,20,215552,2092,103.036329,0.077643,33.2774,0.911627,33.1014,33.3135,0.84921,0.924849,False,2.2887,2.3889,1.5679,2.0199,0.063903,0.022366
MCUCXR_0348_1,Montgomery,1,1,True,DWT,30,215552,3122,69.042921,0.11587,35.8363,0.936041,34.6783,36.11,0.878646,0.947777,False,2.5143,2.5986,1.6917,2.1293,0.075476,0.028948
MCUCXR_0348_1,Montgomery,1,1,True,DWT,50,215552,7090,30.402257,0.263138,41.1843,0.969404,38.3166,42.0831,0.93707,0.976288,False,2.8571,2.9041,2.0389,2.4052,0.099351,0.053219
MCUCXR_0348_1,Montgomery,1,1,True,DWT,70,215552,14414,14.95435,0.534961,45.7084,0.986623,42.2657,46.9099,0.972987,0.989549,False,3.0967,3.1461,3.0425,3.186,0.140623,0.090755
MCUCXR_0348_1,Montgomery,1,1,True,DWT,90,215552,31846,6.768574,1.181933,50.844,0.995012,48.2704,51.6095,0.992878,0.995535,False,3.2735,3.319,3.5641,3.632,0.253338,0.195849
MCUCXR_0350_1,Montgomery,1,4,True,DWT,10,215552,1397,154.296349,0.051848,30.3434,0.866002,30.5421,30.2659,0.780816,0.899695,False,2.2395,2.379,1.5686,1.9725,0.056029,0.017984
MCUCXR_0350_1,Montgomery,1,4,True,DWT,20,215552,2102,102.546147,0.078014,32.4559,0.888486,32.1423,32.5887,0.81833,0.916178,False,2.475,2.5824,1.8424,2.205,0.062962,0.020295
MCUCXR_0350_1,Montgomery,1,4,True,DWT,30,215552,3272,65.877751,0.121437,34.9504,0.916175,33.8192,35.5039,0.856162,0.940218,False,2.654,2.7392,2.1478,2.4399,0.071945,0.030053
MCUCXR_0350_1,Montgomery,1,4,True,DWT,50,215552,8045,26.793288,0.298582,39.5089,0.959319,37.4641,40.7113,0.927818,0.972014,False,2.9679,3.0538,2.2267,2.5241,0.104932,0.059313
MCUCXR_0350_1,Montgomery,1,4,True,DWT,70,215552,18241,11.816896,0.676997,44.0352,0.982521,41.7351,45.467,0.970427,0.987714,False,3.1812,3.2518,2.9732,3.1032,0.171655,0.116824
MCUCXR_0350_1,Montgomery,1,4,True,DWT,90,215552,42168,5.111744,1.565024,49.573,0.994233,48.0971,50.3445,0.992707,0.994971,False,3.2861,3.336,3.5677,3.6146,0.308623,0.246766
MCUCXR_0352_1,Montgomery,1,4,True,DWT,10,215552,1379,156.31037,0.05118,30.0733,0.882688,30.5132,29.9391,0.792646,0.909985,False,2.0809,2.2079,1.2503,1.7667,0.060675,0.015364
MCUCXR_0352_1,Montgomery,1,4,True,DWT,20,215552,2368,91.027027,0.087886,32.963,0.90784,32.0097,33.3251,0.823235,0.934015,False,2.3489,2.4453,1.0595,1.6801,0.064497,0.023719
MCUCXR_0352_1,Montgomery,1,4,True,DWT,30,215552,3341,64.51721,0.123998,35.6744,0.934246,33.7844,36.5243,0.863179,0.956231,False,2.5688,2.6595,1.5348,2.0212,0.072022,0.029411
MCUCXR_0352_1,Montgomery,1,4,True,DWT,50,215552,7205,29.917002,0.267406,40.7736,0.970478,37.9476,42.3156,0.93779,0.980889,False,2.9022,2.9597,2.3008,2.5989,0.107577,0.053149
MCUCXR_0352_1,Montgomery,1,4,True,DWT,70,215552,15164,14.214719,0.562797,45.6263,0.988128,42.2856,47.6848,0.975439,0.992409,False,3.1283,3.1909,3.126,3.2437,0.143736,0.092144
MCUCXR_0352_1,Montgomery,1,4,True,DWT,90,215552,33053,6.521405,1.22673,51.0691,0.996016,48.3837,52.4895,0.993585,0.996858,False,3.2701,3.3136,3.6039,3.6642,0.249475,0.192054
MCUCXR_0354_1,Montgomery,1,2,True,DWT,10,215552,1186,181.747049,0.044017,31.8981,0.855906,30.7853,32.6677,0.794072,0.889542,False,2.2554,2.3826,1.9712,2.2574,0.056078,0.013815
MCUCXR_0354_1,Montgomery,1,2,True,DWT,20,215552,1842,117.02063,0.068364,33.55,0.880497,32.3536,34.3927,0.827217,0.909273,False,2.5057,2.5681,1.936,2.2785,0.058651,0.019322
MCUCXR_0354_1,Montgomery,1,2,True,DWT,30,215552,3011,71.588177,0.11175,35.5848,0.908138,34.0949,36.7062,0.865028,0.931196,False,2.7031,2.7652,1.9318,2.2947,0.067977,0.026325
MCUCXR_0354_1,Montgomery,1,2,True,DWT,50,215552,7470,28.855689,0.277242,39.7045,0.95823,37.8302,41.2542,0.932592,0.972198,False,2.9503,3.0305,2.3688,2.6296,0.098217,0.054932
MCUCXR_0354_1,Montgomery,1,2,True,DWT,70,215552,17859,12.069657,0.662819,44.2916,0.982889,42.2201,46.0956,0.972756,0.988804,False,3.1286,3.1649,2.8727,3.01,0.172692,0.122966
MCUCXR_0354_1,Montgomery,1,2,True,DWT,90,215552,41131,5.240621,1.526537,49.7628,0.994498,48.2565,50.9011,0.992665,0.995622,False,3.2385,3.2885,3.5845,3.6249,0.310022,0.246238
MCUCXR_0362_1,Montgomery,1,3,True,DWT,10,215552,1245,173.134137,0.046207,30.3255,0.884065,31.4882,30.024,0.810037,0.905393,False,2.1286,2.2625,1.6052,2.0064,0.054707,0.014097
MCUCXR_0362_1,Montgomery,1,3,True,DWT,20,215552,1875,114.961067,0.069589,32.113,0.89754,33.3022,31.8057,0.842108,0.913843,False,2.3682,2.5036,2.1663,2.4522,0.056716,0.016715
MCUCXR_0362_1,Montgomery,1,3,True,DWT,30,215552,3361,64.133294,0.12474,35.1741,0.921274,34.7737,35.3044,0.872072,0.935791,False,2.5973,2.7016,1.399,1.9268,0.070402,0.028934
MCUCXR_0362_1,Montgomery,1,3,True,DWT,50,215552,7391,29.164119,0.27431,40.4382,0.96309,38.3586,41.3427,0.933123,0.972532,False,2.9293,3.0018,2.2127,2.5275,0.100669,0.054655
MCUCXR_0362_1,Montgomery,1,3,True,DWT,70,215552,16136,13.358453,0.598872,45.0913,0.985098,42.4388,46.3854,0.972129,0.989309,False,3.1135,3.1783,3.0801,3.2067,0.147345,0.097467
MCUCXR_0362_1,Montgomery,1,3,True,DWT,90,215552,36019,5.984397,1.33681,50.4737,0.994883,48.3743,51.3902,0.992448,0.995721,False,3.2431,3.2948,3.6176,3.6774,0.272358,0.208748
MCUCXR_0367_1,Montgomery,1,3,True,DWT,10,215552,1435,150.210453,0.053259,29.5553,0.861147,29.7416,29.5104,0.750114,0.887335,False,2.1675,2.2724,1.449,1.9244,0.057594,0.016045
MCUCXR_0367_1,Montgomery,1,3,True,DWT,20,215552,2136,100.913858,0.079276,31.6815,0.888679,31.3209,31.7757,0.797253,0.910841,False,2.4095,2.5376,1.9421,2.3017,0.066542,0.019285
MCUCXR_0367_1,Montgomery,1,3,True,DWT,30,215552,3818,56.456784,0.141701,35.0591,0.923945,33.142,35.7015,0.847513,0.942502,False,2.6064,2.7016,1.4599,1.9803,0.078454,0.034888
MCUCXR_0367_1,Montgomery,1,3,True,DWT,50,215552,8153,26.438366,0.302591,40.2136,0.967464,37.1289,41.4997,0.932134,0.976468,False,2.9464,3.0188,2.2488,2.5636,0.104896,0.057698
MCUCXR_0367_1,Montgomery,1,3,True,DWT,70,215552,16991,12.686246,0.630604,45.2851,0.988324,41.7366,46.9164,0.97511,0.991711,False,3.21,3.2849,3.1464,3.2636,0.158343,0.106679
MCUCXR_0367_1,Montgomery,1,3,True,DWT,90,215552,35645,6.047188,1.322929,51.0276,0.99621,48.3345,52.0671,0.994137,0.996774,False,3.3345,3.3799,3.563,3.6343,0.26052,0.201736
MCUCXR_0369_1,Montgomery,1,4,True,DWT,10,215552,1419,151.904158,0.052665,29.5,0.863984,29.0757,29.6246,0.730573,0.899872,False,2.0893,2.1667,1.3912,1.8786,0.054219,0.015804
MCUCXR_0369_1,Montgomery,1,4,True,DWT,20,215552,2214,97.358627,0.08217,31.5855,0.895212,30.8307,31.8188,0.78422,0.925339,False,2.2951,2.3835,1.8447,2.2279,0.061997,0.020193
MCUCXR_0369_1,Montgomery,1,4,True,DWT,30,215552,3691,58.39935,0.136988,34.3326,0.920898,32.6586,34.9353,0.839607,0.943385,False,2.4892,2.6004,1.7863,2.2017,0.07397,0.030303
MCUCXR_0369_1,Montgomery,1,4,True,DWT,50,215552,8274,26.051728,0.307081,39.6291,0.96729,36.6796,40.9833,0.929921,0.977902,False,2.7924,2.8459,2.4968,2.744,0.101944,0.060879
MCUCXR_0369_1,Montgomery,1,4,True,DWT,70,215552,17680,12.191855,0.656176,44.8874,0.988161,41.3702,46.7169,0.974535,0.992166,False,2.9402,2.9937,3.3241,3.4134,0.161563,0.107754
MCUCXR_0369_1,Montgomery,1,4,True,DWT,90,215552,37180,5.797526,1.379899,50.887,0.996373,48.1386,52.0977,0.994199,0.997059,False,3.0882,3.1156,3.7387,3.782,0.275933,0.216385
MCUCXR_0372_1,Montgomery,1,0,True,DWT,10,215552,1449,148.759144,0.053778,29.4626,0.848928,30.2953,29.2556,0.780881,0.867075,False,2.1137,2.1837,1.4639,1.908,0.056768,0.016932
MCUCXR_0372_1,Montgomery,1,0,True,DWT,20,215552,2561,84.167122,0.095049,32.694,0.891959,31.9699,32.9204,0.819157,0.911369,False,2.3659,2.4516,1.1672,1.7428,0.0662,0.027232
MCUCXR_0372_1,Montgomery,1,0,True,DWT,30,215552,3689,58.431011,0.136914,35.0549,0.926304,33.6527,35.5448,0.857785,0.945428,False,2.5503,2.6747,1.5539,2.0404,0.073692,0.030883
MCUCXR_0372_1,Montgomery,1,0,True,DWT,50,215552,7867,27.399517,0.291976,40.2694,0.96766,37.4619,41.5442,0.931967,0.978136,False,2.8868,2.9543,2.3222,2.6288,0.100305,0.054823
MCUCXR_0372_1,Montgomery,1,0,True,DWT,70,215552,16660,12.938295,0.618319,45.0873,0.987593,41.7973,46.7441,0.972992,0.991912,False,3.1585,3.2106,3.0858,3.2248,0.155106,0.102121
MCUCXR_0372_1,Montgomery,1,0,True,DWT,90,215552,35370,6.094204,1.312723,51.0355,0.996291,48.2501,52.2945,0.993505,0.997142,False,3.3382,3.3925,3.6647,3.7144,0.273512,0.206681
MCUCXR_0375_1,Montgomery,1,0,True,DWT,10,215552,1484,145.250674,0.055077,29.2686,0.864459,30.6122,28.8765,0.792221,0.885106,False,2.1033,2.172,1.3836,1.8549,0.059382,0.017607
MCUCXR_0375_1,Montgomery,1,0,True,DWT,20,215552,2581,83.514917,0.095791,32.3144,0.88931,32.4396,32.2709,0.827606,0.909237,False,2.3242,2.4211,1.1845,1.7369,0.065705,0.025984
MCUCXR_0375_1,Montgomery,1,0,True,DWT,30,215552,3741,57.618818,0.138844,34.9778,0.920249,33.9339,35.4183,0.860342,0.941161,False,2.5198,2.6317,1.6701,2.0996,0.075813,0.031659
MCUCXR_0375_1,Montgomery,1,0,True,DWT,50,215552,8255,26.11169,0.306376,39.9228,0.964582,37.8005,41.0225,0.933371,0.976214,False,2.8279,2.8898,2.416,2.6687,0.105094,0.061642
MCUCXR_0375_1,Montgomery,1,0,True,DWT,70,215552,17425,12.370273,0.646712,44.8471,0.986506,42.0317,46.5467,0.972826,0.991705,False,3.0153,3.0672,3.3262,3.41,0.15598,0.104512
MCUCXR_0375_1,Montgomery,1,0,True,DWT,90,215552,37722,5.714225,1.400015,50.6247,0.995842,48.24,51.9309,0.992965,0.996978,False,3.1844,3.2043,3.7232,3.7656,0.272332,0.21205
MCUCXR_0383_1,Montgomery,1,1,True,DWT,10,215552,1390,155.073381,0.051588,30.5526,0.874855,30.5796,30.5446,0.789495,0.900689,False,2.0197,2.0815,1.3469,1.8196,0.057715,0.015838
MCUCXR_0383_1,Montgomery,1,1,True,DWT,20,215552,2027,106.340405,0.07523,32.3876,0.910807,32.1219,32.4705,0.824206,0.936762,False,2.2502,2.3244,1.8174,2.1878,0.061885,0.021219
MCUCXR_0383_1,Montgomery,1,1,True,DWT,30,215552,3534,60.993775,0.131161,35.6504,0.930387,34.0418,36.2768,0.866638,0.949816,False,2.4549,2.5475,1.5577,2.0365,0.073843,0.031112
MCUCXR_0383_1,Montgomery,1,1,True,DWT,50,215552,7294,29.551961,0.27071,40.8484,0.969924,37.8346,42.3982,0.933857,0.98122,False,2.7715,2.8423,2.4224,2.6827,0.09594,0.052212
MCUCXR_0383_1,Montgomery,1,1,True,DWT,70,215552,14970,14.398931,0.555597,45.6035,0.988168,42.1423,47.5771,0.973441,0.992757,False,2.9779,3.0457,3.2679,3.3713,0.144711,0.090381
MCUCXR_0383_1,Montgomery,1,1,True,DWT,90,215552,32100,6.715016,1.19136,51.2804,0.996255,48.3404,52.7679,0.993244,0.997221,False,3.138,3.1703,3.6836,3.7306,0.235401,0.178526
MCUCXR_0387_1,Montgomery,1,1,True,DWT,10,215552,1514,142.372523,0.056191,29.625,0.840193,30.105,29.4251,0.76213,0.873859,False,2.2229,2.3459,1.3242,1.8316,0.055887,0.015553
MCUCXR_0387_1,Montgomery,1,1,True,DWT,20,215552,2347,91.8415,0.087107,31.8991,0.868581,31.6994,31.9921,0.802045,0.896254,False,2.5009,2.621,1.8053,2.2122,0.061095,0.021574
MCUCXR_0387_1,Montgomery,1,1,True,DWT,30,215552,3924,54.931702,0.145635,34.5672,0.906115,33.4029,35.2143,0.845059,0.932436,False,2.69,2.7724,1.5749,2.0593,0.075215,0.031007
MCUCXR_0387_1,Montgomery,1,1,True,DWT,50,215552,8896,24.230216,0.330166,39.1609,0.956334,37.1932,40.4572,0.923586,0.971506,False,2.9834,3.0529,2.2862,2.5915,0.113446,0.062643
MCUCXR_0387_1,Montgomery,1,1,True,DWT,70,215552,19687,10.948951,0.730664,43.8585,0.982123,41.464,45.6054,0.969018,0.988437,False,3.1716,3.2276,3.2064,3.2976,0.173851,0.126087
MCUCXR_0387_1,Montgomery,1,1,True,DWT,90,215552,44729,4.819066,1.660073,49.6497,0.994536,47.9977,50.6645,0.99262,0.995524,False,3.2974,3.3244,3.643,3.6859,0.318544,0.261394
MCUCXR_0390_1,Montgomery,1,3,True,DWT,10,215552,1437,150.001392,0.053333,30.5037,0.883485,30.8428,30.3883,0.812414,0.907519,False,2.1709,2.2527,1.2692,1.755,0.058747,0.015686
MCUCXR_0390_1,Montgomery,1,3,True,DWT,20,215552,2171,99.286965,0.080575,32.606,0.897695,32.6851,32.578,0.845766,0.915835,False,2.4404,2.5099,1.6027,2.0479,0.060211,0.021153
MCUCXR_0390_1,Montgomery,1,3,True,DWT,30,215552,3564,60.480359,0.132274,35.7059,0.929186,34.4294,36.2736,0.877901,0.947239,False,2.6317,2.698,1.4016,1.9234,0.073253,0.030896
MCUCXR_0390_1,Montgomery,1,3,True,DWT,50,215552,7739,27.852694,0.287225,40.4326,0.966105,38.1493,41.6706,0.93736,0.976598,False,2.9595,3.0484,2.1627,2.4914,0.099685,0.053365
MCUCXR_0390_1,Montgomery,1,3,True,DWT,70,215552,16583,12.998372,0.615462,45.0076,0.985618,42.3513,46.5718,0.973749,0.990063,False,3.1871,3.2151,3.0529,3.1857,0.156585,0.104115
MCUCXR_0390_1,Montgomery,1,3,True,DWT,90,215552,36883,5.84421,1.368876,50.3562,0.995101,48.2986,51.4203,0.992735,0.996026,False,3.2983,3.3271,3.6234,3.6781,0.255186,0.188565
MCUCXR_0393_1,Montgomery,1,1,True,DWT,10,215552,1433,150.420098,0.053184,29.6895,0.860523,29.9661,29.5979,0.77363,0.891301,False,2.1466,2.2133,1.7704,2.1389,0.055844,0.014686
MCUCXR_0393_1,Montgomery,1,1,True,DWT,20,215552,2220,97.095495,0.082393,31.9842,0.896166,31.6604,32.102,0.813899,0.925659,False,2.3561,2.4427,1.953,2.3132,0.059713,0.02111
MCUCXR_0393_1,Montgomery,1,1,True,DWT,30,215552,3609,59.72624,0.133944,34.9615,0.924473,33.3479,35.6956,0.859695,0.947705,False,2.5502,2.6711,1.6575,2.1177,0.07072,0.029707
MCUCXR_0393_1,Montgomery,1,1,True,DWT,50,215552,7857,27.43439,0.291605,40.11,0.967997,37.47,41.5919,0.936796,0.979219,False,2.8949,2.9409,2.3916,2.6715,0.09778,0.058437
MCUCXR_0393_1,Montgomery,1,1,True,DWT,70,215552,16711,12.898809,0.620212,45.0452,0.987608,41.8097,47.1381,0.97447,0.992363,False,3.1182,3.1649,3.325,3.4108,0.148868,0.10102
MCUCXR_0393_1,Montgomery,1,1,True,DWT,90,215552,36055,5.978422,1.338146,50.8367,0.996129,48.2133,52.3038,0.993655,0.997023,False,3.299,3.3235,3.6851,3.7357,0.233752,0.177907
MCUCXR_0399_1,Montgomery,1,2,True,DWT,10,215552,1285,167.744747,0.047692,31.3728,0.882167,31.1298,31.4382,0.794956,0.902607,False,1.901,1.9803,1.1309,1.6769,0.057072,0.014545
MCUCXR_0399_1,Montgomery,1,2,True,DWT,20,215552,1858,116.012917,0.068958,33.6488,0.911054,32.6564,33.9484,0.823048,0.931918,False,2.1877,2.2661,1.75,2.137,0.058678,0.023936
MCUCXR_0399_1,Montgomery,1,2,True,DWT,30,215552,2911,74.047406,0.108039,36.2405,0.940772,34.3658,36.8963,0.862954,0.959901,False,2.4315,2.5296,1.8604,2.2366,0.065744,0.028111
MCUCXR_0399_1,Montgomery,1,2,True,DWT,50,215552,6223,34.637956,0.230961,41.0248,0.971,38.217,42.1937,0.934261,0.980444,False,2.7939,2.8414,2.8399,3.0019,0.077558,0.037377
MCUCXR_0399_1,Montgomery,1,2,True,DWT,70,215552,13900,15.507338,0.515885,45.9849,0.987779,42.4067,47.7382,0.973749,0.991455,False,3.0558,3.0914,2.9754,3.1332,0.122826,0.074047
MCUCXR_0399_1,Montgomery,1,2,True,DWT,90,215552,30075,7.167149,1.116204,51.4058,0.995824,48.4038,52.7054,0.993039,0.996598,False,3.2239,3.2616,3.5716,3.6404,0.232464,0.147398
