stem,source,label,fold,variant,quality,fraction_of_pixels_replaced,prob_orig,prob_dec,flip,abs_prob_diff
CHNCXR_0001_0,Shenzhen,0,3,lungs_lossy,10,0.2230366779618474,6.300210952758789e-05,0.0049629211425781,0,0.004899919033050512
CHNCXR_0001_0,Shenzhen,0,3,background_lossy,10,0.7769633220381527,6.300210952758789e-05,0.000192642211914,0,0.0001296401023864121
CHNCXR_0001_0,Shenzhen,0,3,all_lossy,10,1.0,6.300210952758789e-05,0.024139404296875,0,0.024076402187347412
CHNCXR_0001_0,Shenzhen,0,3,lungs_lossy,30,0.2230366779618474,6.300210952758789e-05,0.0050621032714843,0,0.0049991011619567125
CHNCXR_0001_0,Shenzhen,0,3,background_lossy,30,0.7769633220381527,6.300210952758789e-05,5.185604095458984e-05,0,1.1146068572998054e-05
CHNCXR_0001_0,Shenzhen,0,3,all_lossy,30,1.0,6.300210952758789e-05,0.0033893585205078,0,0.003326356410980212
CHNCXR_0001_0,Shenzhen,0,3,lungs_lossy,50,0.2230366779618474,6.300210952758789e-05,0.0001987218856811,0,0.0001357197761535121
CHNCXR_0001_0,Shenzhen,0,3,background_lossy,50,0.7769633220381527,6.300210952758789e-05,2.431869506835937e-05,0,3.8683414459228516e-05
CHNCXR_0001_0,Shenzhen,0,3,all_lossy,50,1.0,6.300210952758789e-05,6.401538848876953e-05,0,1.0132789611816406e-06
CHNCXR_0001_0,Shenzhen,0,3,lungs_lossy,70,0.2230366779618474,6.300210952758789e-05,5.269050598144531e-05,0,1.0311603546142578e-05
CHNCXR_0001_0,Shenzhen,0,3,background_lossy,70,0.7769633220381527,6.300210952758789e-05,2.9802322387695312e-05,0,3.319978713989258e-05
CHNCXR_0001_0,Shenzhen,0,3,all_lossy,70,1.0,6.300210952758789e-05,2.431869506835937e-05,0,3.8683414459228516e-05
CHNCXR_0002_0,Shenzhen,0,1,lungs_lossy,10,0.2077249193948412,1.7762184143066406e-05,0.0027675628662109,0,0.002749800682067834
CHNCXR_0002_0,Shenzhen,0,1,background_lossy,10,0.7922750806051587,1.7762184143066406e-05,0.0003814697265625,0,0.0003637075424194336
CHNCXR_0002_0,Shenzhen,0,1,all_lossy,10,1.0,1.7762184143066406e-05,0.0240020751953125,0,0.023984313011169434
CHNCXR_0002_0,Shenzhen,0,1,lungs_lossy,30,0.2077249193948412,1.7762184143066406e-05,0.001077651977539,0,0.0010598897933959336
CHNCXR_0002_0,Shenzhen,0,1,background_lossy,30,0.7922750806051587,1.7762184143066406e-05,0.0002305507659912,0,0.00021278858184813358
CHNCXR_0002_0,Shenzhen,0,1,all_lossy,30,1.0,1.7762184143066406e-05,0.0086441040039062,0,0.008626341819763133
CHNCXR_0002_0,Shenzhen,0,1,lungs_lossy,50,0.2077249193948412,1.7762184143066406e-05,0.0001442432403564,0,0.0001264810562133336
CHNCXR_0002_0,Shenzhen,0,1,background_lossy,50,0.7922750806051587,1.7762184143066406e-05,4.684925079345703e-05,0,2.9087066650390625e-05
CHNCXR_0002_0,Shenzhen,0,1,all_lossy,50,1.0,1.7762184143066406e-05,0.0002415180206298,0,0.0002237558364867336
CHNCXR_0002_0,Shenzhen,0,1,lungs_lossy,70,0.2077249193948412,1.7762184143066406e-05,2.2470951080322266e-05,0,4.708766937255859e-06
CHNCXR_0002_0,Shenzhen,0,1,background_lossy,70,0.7922750806051587,1.7762184143066406e-05,2.5272369384765625e-05,0,7.510185241699219e-06
CHNCXR_0002_0,Shenzhen,0,1,all_lossy,70,1.0,1.7762184143066406e-05,3.451108932495117e-05,0,1.6748905181884766e-05
CHNCXR_0003_0,Shenzhen,0,3,lungs_lossy,10,0.2395846225247525,0.0003800392150878,0.0009002685546875,0,0.0005202293395997
CHNCXR_0003_0,Shenzhen,0,3,background_lossy,10,0.7604153774752476,0.0003800392150878,0.0007495880126953,0,0.00036954879760750005
CHNCXR_0003_0,Shenzhen,0,3,all_lossy,10,1.0,0.0003800392150878,0.0062904357910156,0,0.0059103965759278
CHNCXR_0003_0,Shenzhen,0,3,lungs_lossy,30,0.2395846225247525,0.0003800392150878,0.0008559226989746,0,0.00047588348388680007
CHNCXR_0003_0,Shenzhen,0,3,background_lossy,30,0.7604153774752476,0.0003800392150878,0.0002937316894531,0,8.630752563469998e-05
CHNCXR_0003_0,Shenzhen,0,3,all_lossy,30,1.0,0.0003800392150878,0.0004076957702636,0,2.7656555175800007e-05
CHNCXR_0003_0,Shenzhen,0,3,lungs_lossy,50,0.2395846225247525,0.0003800392150878,0.0003612041473388,0,1.8835067748999965e-05
CHNCXR_0003_0,Shenzhen,0,3,background_lossy,50,0.7604153774752476,0.0003800392150878,6.920099258422852e-05,0,0.00031083822250357147
CHNCXR_0003_0,Shenzhen,0,3,all_lossy,50,1.0,0.0003800392150878,0.0001055598258972,0,0.0002744793891906
CHNCXR_0003_0,Shenzhen,0,3,lungs_lossy,70,0.2395846225247525,0.0003800392150878,0.000251293182373,0,0.0001287460327148
CHNCXR_0003_0,Shenzhen,0,3,background_lossy,70,0.7604153774752476,0.0003800392150878,0.000211477279663,0,0.0001685619354248
CHNCXR_0003_0,Shenzhen,0,3,all_lossy,70,1.0,0.0003800392150878,0.0001647472381591,0,0.0002152919769287
CHNCXR_0004_0,Shenzhen,0,0,lungs_lossy,10,0.2387724550898203,0.0136871337890625,0.919921875,1,0.9062347412109375
CHNCXR_0004_0,Shenzhen,0,0,background_lossy,10,0.7612275449101796,0.0136871337890625,0.0026931762695312,0,0.0109939575195313
CHNCXR_0004_0,Shenzhen,0,0,all_lossy,10,1.0,0.0136871337890625,0.61669921875,1,0.6030120849609375
CHNCXR_0004_0,Shenzhen,0,0,lungs_lossy,30,0.2387724550898203,0.0136871337890625,0.88232421875,1,0.8686370849609375
CHNCXR_0004_0,Shenzhen,0,0,background_lossy,30,0.7612275449101796,0.0136871337890625,0.0007915496826171,0,0.0128955841064454
CHNCXR_0004_0,Shenzhen,0,0,all_lossy,30,1.0,0.0136871337890625,0.294677734375,0,0.2809906005859375
CHNCXR_0004_0,Shenzhen,0,0,lungs_lossy,50,0.2387724550898203,0.0136871337890625,0.08465576171875,0,0.0709686279296875
CHNCXR_0004_0,Shenzhen,0,0,background_lossy,50,0.7612275449101796,0.0136871337890625,0.0057754516601562,0,0.0079116821289063
CHNCXR_0004_0,Shenzhen,0,0,all_lossy,50,1.0,0.0136871337890625,0.034088134765625,0,0.0204010009765625
CHNCXR_0004_0,Shenzhen,0,0,lungs_lossy,70,0.2387724550898203,0.0136871337890625,0.0203399658203125,0,0.00665283203125
CHNCXR_0004_0,Shenzhen,0,0,background_lossy,70,0.7612275449101796,0.0136871337890625,0.0091934204101562,0,0.0044937133789063
CHNCXR_0004_0,Shenzhen,0,0,all_lossy,70,1.0,0.0136871337890625,0.01214599609375,0,0.0015411376953125
CHNCXR_0005_0,Shenzhen,0,1,lungs_lossy,10,0.2493177707085828,0.0011205673217773,0.0999755859375,0,0.0988550186157227
CHNCXR_0005_0,Shenzhen,0,1,background_lossy,10,0.7506822292914171,0.0011205673217773,0.0002694129943847,0,0.0008511543273926
CHNCXR_0005_0,Shenzhen,0,1,all_lossy,10,1.0,0.0011205673217773,0.165283203125,0,0.1641626358032227
CHNCXR_0005_0,Shenzhen,0,1,lungs_lossy,30,0.2493177707085828,0.0011205673217773,0.556640625,1,0.5555200576782227
CHNCXR_0005_0,Shenzhen,0,1,background_lossy,30,0.7506822292914171,0.0011205673217773,0.0008492469787597,0,0.0002713203430175999
CHNCXR_0005_0,Shenzhen,0,1,all_lossy,30,1.0,0.0011205673217773,0.2218017578125,0,0.2206811904907227
CHNCXR_0005_0,Shenzhen,0,1,lungs_lossy,50,0.2493177707085828,0.0011205673217773,0.0094833374023437,0,0.0083627700805664
CHNCXR_0005_0,Shenzhen,0,1,background_lossy,50,0.7506822292914171,0.0011205673217773,0.0007319450378417,0,0.0003886222839356
CHNCXR_0005_0,Shenzhen,0,1,all_lossy,50,1.0,0.0011205673217773,0.0047378540039062,0,0.0036172866821288997
CHNCXR_0005_0,Shenzhen,0,1,lungs_lossy,70,0.2493177707085828,0.0011205673217773,0.0018243789672851,0,0.0007038116455078001
CHNCXR_0005_0,Shenzhen,0,1,background_lossy,70,0.7506822292914171,0.0011205673217773,0.0008559226989746,0,0.0002646446228026999
CHNCXR_0005_0,Shenzhen,0,1,all_lossy,70,1.0,0.0011205673217773,0.0014047622680664,0,0.0002841949462891
CHNCXR_0006_0,Shenzhen,0,3,lungs_lossy,10,0.2364213239107883,0.0082550048828125,0.044677734375,0,0.0364227294921875
CHNCXR_0006_0,Shenzhen,0,3,background_lossy,10,0.7635786760892116,0.0082550048828125,0.0084152221679687,0,0.0001602172851561997
CHNCXR_0006_0,Shenzhen,0,3,all_lossy,10,1.0,0.0082550048828125,0.04534912109375,0,0.0370941162109375
CHNCXR_0006_0,Shenzhen,0,3,lungs_lossy,30,0.2364213239107883,0.0082550048828125,0.018157958984375,0,0.0099029541015625
CHNCXR_0006_0,Shenzhen,0,3,background_lossy,30,0.7635786760892116,0.0082550048828125,0.0021495819091796,0,0.0061054229736329
CHNCXR_0006_0,Shenzhen,0,3,all_lossy,30,1.0,0.0082550048828125,0.0044326782226562,0,0.0038223266601563003
CHNCXR_0006_0,Shenzhen,0,3,lungs_lossy,50,0.2364213239107883,0.0082550048828125,0.01678466796875,0,0.0085296630859375
CHNCXR_0006_0,Shenzhen,0,3,background_lossy,50,0.7635786760892116,0.0082550048828125,0.0047187805175781,0,0.0035362243652344
CHNCXR_0006_0,Shenzhen,0,3,all_lossy,50,1.0,0.0082550048828125,0.0084457397460937,0,0.0001907348632811997
CHNCXR_0006_0,Shenzhen,0,3,lungs_lossy,70,0.2364213239107883,0.0082550048828125,0.0057296752929687,0,0.0025253295898438003
CHNCXR_0006_0,Shenzhen,0,3,background_lossy,70,0.7635786760892116,0.0082550048828125,0.0073738098144531,0,0.0008811950683594002
CHNCXR_0006_0,Shenzhen,0,3,all_lossy,70,1.0,0.0082550048828125,0.0049629211425781,0,0.0032920837402344
CHNCXR_0007_0,Shenzhen,0,4,lungs_lossy,10,0.2913648084479371,0.0113754272460937,0.2447509765625,0,0.2333755493164063
CHNCXR_0007_0,Shenzhen,0,4,background_lossy,10,0.7086351915520629,0.0113754272460937,0.012481689453125,0,0.0011062622070313003
CHNCXR_0007_0,Shenzhen,0,4,all_lossy,10,1.0,0.0113754272460937,0.1611328125,0,0.1497573852539063
CHNCXR_0007_0,Shenzhen,0,4,lungs_lossy,30,0.2913648084479371,0.0113754272460937,0.1446533203125,0,0.1332778930664063
CHNCXR_0007_0,Shenzhen,0,4,background_lossy,30,0.7086351915520629,0.0113754272460937,0.01312255859375,0,0.0017471313476563003
CHNCXR_0007_0,Shenzhen,0,4,all_lossy,30,1.0,0.0113754272460937,0.130126953125,0,0.1187515258789063
CHNCXR_0007_0,Shenzhen,0,4,lungs_lossy,50,0.2913648084479371,0.0113754272460937,0.0323486328125,0,0.0209732055664063
CHNCXR_0007_0,Shenzhen,0,4,background_lossy,50,0.7086351915520629,0.0113754272460937,0.012481689453125,0,0.0011062622070313003
CHNCXR_0007_0,Shenzhen,0,4,all_lossy,50,1.0,0.0113754272460937,0.03704833984375,0,0.0256729125976563
CHNCXR_0007_0,Shenzhen,0,4,lungs_lossy,70,0.2913648084479371,0.0113754272460937,0.0125732421875,0,0.0011978149414063003
CHNCXR_0007_0,Shenzhen,0,4,background_lossy,70,0.7086351915520629,0.0113754272460937,0.0139007568359375,0,0.0025253295898438003
CHNCXR_0007_0,Shenzhen,0,4,all_lossy,70,1.0,0.0113754272460937,0.0151290893554687,0,0.003753662109375
CHNCXR_0008_0,Shenzhen,0,3,lungs_lossy,10,0.1838198602794411,7.140636444091797e-05,0.0037078857421875,0,0.003636479377746582
CHNCXR_0008_0,Shenzhen,0,3,background_lossy,10,0.8161801397205589,7.140636444091797e-05,0.0006642341613769,0,0.000592827796935982
CHNCXR_0008_0,Shenzhen,0,3,all_lossy,10,1.0,7.140636444091797e-05,0.0287628173828125,0,0.028691411018371582
CHNCXR_0008_0,Shenzhen,0,3,lungs_lossy,30,0.1838198602794411,7.140636444091797e-05,0.0003418922424316,0,0.00027048587799068205
CHNCXR_0008_0,Shenzhen,0,3,background_lossy,30,0.8161801397205589,7.140636444091797e-05,0.0002846717834472,0,0.000213265419006282
CHNCXR_0008_0,Shenzhen,0,3,all_lossy,30,1.0,7.140636444091797e-05,0.001495361328125,0,0.001423954963684082
CHNCXR_0008_0,Shenzhen,0,3,lungs_lossy,50,0.1838198602794411,7.140636444091797e-05,0.0002065896987915,0,0.00013518333435058203
CHNCXR_0008_0,Shenzhen,0,3,background_lossy,50,0.8161801397205589,7.140636444091797e-05,8.416175842285156e-05,0,1.2755393981933594e-05
CHNCXR_0008_0,Shenzhen,0,3,all_lossy,50,1.0,7.140636444091797e-05,0.0002323389053344,0,0.00016093254089348202
CHNCXR_0008_0,Shenzhen,0,3,lungs_lossy,70,0.1838198602794411,7.140636444091797e-05,6.109476089477539e-05,0,1.0311603546142578e-05
CHNCXR_0008_0,Shenzhen,0,3,background_lossy,70,0.8161801397205589,7.140636444091797e-05,7.784366607666016e-05,0,6.4373016357421875e-06
CHNCXR_0008_0,Shenzhen,0,3,all_lossy,70,1.0,7.140636444091797e-05,6.711483001708984e-05,0,4.291534423828125e-06
CHNCXR_0009_0,Shenzhen,0,3,lungs_lossy,10,0.2142595961757991,0.272216796875,0.327880859375,0,0.0556640625
CHNCXR_0009_0,Shenzhen,0,3,background_lossy,10,0.7857404038242009,0.272216796875,0.07183837890625,0,0.20037841796875
CHNCXR_0009_0,Shenzhen,0,3,all_lossy,10,1.0,0.272216796875,0.1763916015625,0,0.0958251953125
CHNCXR_0009_0,Shenzhen,0,3,lungs_lossy,30,0.2142595961757991,0.272216796875,0.274658203125,0,0.00244140625
CHNCXR_0009_0,Shenzhen,0,3,background_lossy,30,0.7857404038242009,0.272216796875,0.06634521484375,0,0.20587158203125
CHNCXR_0009_0,Shenzhen,0,3,all_lossy,30,1.0,0.272216796875,0.1458740234375,0,0.1263427734375
CHNCXR_0009_0,Shenzhen,0,3,lungs_lossy,50,0.2142595961757991,0.272216796875,0.43701171875,0,0.164794921875
CHNCXR_0009_0,Shenzhen,0,3,background_lossy,50,0.7857404038242009,0.272216796875,0.07879638671875,0,0.19342041015625
CHNCXR_0009_0,Shenzhen,0,3,all_lossy,50,1.0,0.272216796875,0.168212890625,0,0.10400390625
CHNCXR_0009_0,Shenzhen,0,3,lungs_lossy,70,0.2142595961757991,0.272216796875,0.2117919921875,0,0.0604248046875
CHNCXR_0009_0,Shenzhen,0,3,background_lossy,70,0.7857404038242009,0.272216796875,0.1368408203125,0,0.1353759765625
CHNCXR_0009_0,Shenzhen,0,3,all_lossy,70,1.0,0.272216796875,0.09466552734375,0,0.17755126953125
CHNCXR_0010_0,Shenzhen,0,1,lungs_lossy,10,0.1755793364811133,0.0111160278320312,0.02886962890625,0,0.0177536010742188
CHNCXR_0010_0,Shenzhen,0,1,background_lossy,10,0.8244206635188867,0.0111160278320312,0.3974609375,0,0.3863449096679688
CHNCXR_0010_0,Shenzhen,0,1,all_lossy,10,1.0,0.0111160278320312,0.61474609375,1,0.6036300659179688
CHNCXR_0010_0,Shenzhen,0,1,lungs_lossy,30,0.1755793364811133,0.0111160278320312,0.66357421875,1,0.6524581909179688
CHNCXR_0010_0,Shenzhen,0,1,background_lossy,30,0.8244206635188867,0.0111160278320312,0.0374755859375,0,0.0263595581054688
CHNCXR_0010_0,Shenzhen,0,1,all_lossy,30,1.0,0.0111160278320312,0.7724609375,1,0.7613449096679688
CHNCXR_0010_0,Shenzhen,0,1,lungs_lossy,50,0.1755793364811133,0.0111160278320312,0.1104736328125,0,0.0993576049804688
CHNCXR_0010_0,Shenzhen,0,1,background_lossy,50,0.8244206635188867,0.0111160278320312,0.019378662109375,0,0.0082626342773438
CHNCXR_0010_0,Shenzhen,0,1,all_lossy,50,1.0,0.0111160278320312,0.11553955078125,0,0.1044235229492188
CHNCXR_0010_0,Shenzhen,0,1,lungs_lossy,70,0.1755793364811133,0.0111160278320312,0.020294189453125,0,0.0091781616210938
CHNCXR_0010_0,Shenzhen,0,1,background_lossy,70,0.8244206635188867,0.0111160278320312,0.0094146728515625,0,0.0017013549804686997
CHNCXR_0010_0,Shenzhen,0,1,all_lossy,70,1.0,0.0111160278320312,0.0174407958984375,0,0.0063247680664063
CHNCXR_0011_0,Shenzhen,0,2,lungs_lossy,10,0.219689378757515,0.0008168220520019,0.1845703125,0,0.1837534904479981
CHNCXR_0011_0,Shenzhen,0,2,background_lossy,10,0.780310621242485,0.0008168220520019,0.027069091796875,0,0.0262522697448731
CHNCXR_0011_0,Shenzhen,0,2,all_lossy,10,1.0,0.0008168220520019,0.9423828125,1,0.941565990447998
CHNCXR_0011_0,Shenzhen,0,2,lungs_lossy,30,0.219689378757515,0.0008168220520019,0.1669921875,0,0.1661753654479981
CHNCXR_0011_0,Shenzhen,0,2,background_lossy,30,0.780310621242485,0.0008168220520019,0.0037651062011718,0,0.0029482841491699
CHNCXR_0011_0,Shenzhen,0,2,all_lossy,30,1.0,0.0008168220520019,0.375732421875,0,0.3749155998229981
CHNCXR_0011_0,Shenzhen,0,2,lungs_lossy,50,0.219689378757515,0.0008168220520019,0.001077651977539,0,0.00026082992553710005
CHNCXR_0011_0,Shenzhen,0,2,background_lossy,50,0.780310621242485,0.0008168220520019,0.001077651977539,0,0.00026082992553710005
CHNCXR_0011_0,Shenzhen,0,2,all_lossy,50,1.0,0.0008168220520019,0.0017957687377929,0,0.000978946685791
CHNCXR_0011_0,Shenzhen,0,2,lungs_lossy,70,0.219689378757515,0.0008168220520019,0.0010604858398437,0,0.0002436637878417999
CHNCXR_0011_0,Shenzhen,0,2,background_lossy,70,0.780310621242485,0.0008168220520019,0.001072883605957,0,0.0002560615539551
CHNCXR_0011_0,Shenzhen,0,2,all_lossy,70,1.0,0.0008168220520019,0.0013561248779296,0,0.0005393028259276999
CHNCXR_0012_0,Shenzhen,0,3,lungs_lossy,10,0.2813853650990099,0.178466796875,0.2001953125,0,0.021728515625
CHNCXR_0012_0,Shenzhen,0,3,background_lossy,10,0.7186146349009901,0.178466796875,0.132568359375,0,0.0458984375
CHNCXR_0012_0,Shenzhen,0,3,all_lossy,10,1.0,0.178466796875,0.279052734375,0,0.1005859375
CHNCXR_0012_0,Shenzhen,0,3,lungs_lossy,30,0.2813853650990099,0.178466796875,0.55322265625,1,0.374755859375
CHNCXR_0012_0,Shenzhen,0,3,background_lossy,30,0.7186146349009901,0.178466796875,0.0816650390625,0,0.0968017578125
CHNCXR_0012_0,Shenzhen,0,3,all_lossy,30,1.0,0.178466796875,0.3876953125,0,0.209228515625
CHNCXR_0012_0,Shenzhen,0,3,lungs_lossy,50,0.2813853650990099,0.178466796875,0.45361328125,0,0.275146484375
CHNCXR_0012_0,Shenzhen,0,3,background_lossy,50,0.7186146349009901,0.178466796875,0.09844970703125,0,0.08001708984375
CHNCXR_0012_0,Shenzhen,0,3,all_lossy,50,1.0,0.178466796875,0.2900390625,0,0.111572265625
CHNCXR_0012_0,Shenzhen,0,3,lungs_lossy,70,0.2813853650990099,0.178466796875,0.20263671875,0,0.024169921875
CHNCXR_0012_0,Shenzhen,0,3,background_lossy,70,0.7186146349009901,0.178466796875,0.147216796875,0,0.03125
CHNCXR_0012_0,Shenzhen,0,3,all_lossy,70,1.0,0.178466796875,0.159423828125,0,0.01904296875
CHNCXR_0013_0,Shenzhen,0,4,lungs_lossy,10,0.2136430264471057,0.0116424560546875,0.37841796875,0,0.3667755126953125
CHNCXR_0013_0,Shenzhen,0,4,background_lossy,10,0.7863569735528942,0.0116424560546875,0.0155410766601562,0,0.0038986206054686997
CHNCXR_0013_0,Shenzhen,0,4,all_lossy,10,1.0,0.0116424560546875,0.2091064453125,0,0.1974639892578125
CHNCXR_0013_0,Shenzhen,0,4,lungs_lossy,30,0.2136430264471057,0.0116424560546875,0.135498046875,0,0.1238555908203125
CHNCXR_0013_0,Shenzhen,0,4,background_lossy,30,0.7863569735528942,0.0116424560546875,0.012054443359375,0,0.0004119873046875
CHNCXR_0013_0,Shenzhen,0,4,all_lossy,30,1.0,0.0116424560546875,0.093505859375,0,0.0818634033203125
CHNCXR_0013_0,Shenzhen,0,4,lungs_lossy,50,0.2136430264471057,0.0116424560546875,0.03277587890625,0,0.0211334228515625
CHNCXR_0013_0,Shenzhen,0,4,background_lossy,50,0.7863569735528942,0.0116424560546875,0.0134811401367187,0,0.0018386840820311997
CHNCXR_0013_0,Shenzhen,0,4,all_lossy,50,1.0,0.0116424560546875,0.03704833984375,0,0.0254058837890625
CHNCXR_0013_0,Shenzhen,0,4,lungs_lossy,70,0.2136430264471057,0.0116424560546875,0.01507568359375,0,0.0034332275390625
CHNCXR_0013_0,Shenzhen,0,4,background_lossy,70,0.7863569735528942,0.0116424560546875,0.0119171142578125,0,0.000274658203125
CHNCXR_0013_0,Shenzhen,0,4,all_lossy,70,1.0,0.0116424560546875,0.015838623046875,0,0.0041961669921875
CHNCXR_0014_0,Shenzhen,0,2,lungs_lossy,10,0.2001286395582329,2.5093555450439453e-05,0.02886962890625,0,0.02884453535079956
CHNCXR_0014_0,Shenzhen,0,2,background_lossy,10,0.7998713604417671,2.5093555450439453e-05,0.0016355514526367,0,0.0016104578971862606
CHNCXR_0014_0,Shenzhen,0,2,all_lossy,10,1.0,2.5093555450439453e-05,0.71630859375,1,0.7162835001945496
CHNCXR_0014_0,Shenzhen,0,2,lungs_lossy,30,0.2001286395582329,2.5093555450439453e-05,0.032958984375,0,0.03293389081954956
CHNCXR_0014_0,Shenzhen,0,2,background_lossy,30,0.7998713604417671,2.5093555450439453e-05,0.0003418922424316,0,0.00031679868698116057
CHNCXR_0014_0,Shenzhen,0,2,all_lossy,30,1.0,2.5093555450439453e-05,0.2705078125,0,0.27048271894454956
CHNCXR_0014_0,Shenzhen,0,2,lungs_lossy,50,0.2001286395582329,2.5093555450439453e-05,0.0001852512359619,0,0.00016015768051146054
CHNCXR_0014_0,Shenzhen,0,2,background_lossy,50,0.7998713604417671,2.5093555450439453e-05,6.604194641113281e-05,0,4.094839096069336e-05
CHNCXR_0014_0,Shenzhen,0,2,all_lossy,50,1.0,2.5093555450439453e-05,0.0006823539733886,0,0.0006572604179381605
CHNCXR_0014_0,Shenzhen,0,2,lungs_lossy,70,0.2001286395582329,2.5093555450439453e-05,3.647804260253906e-05,0,1.138448715209961e-05
CHNCXR_0014_0,Shenzhen,0,2,background_lossy,70,0.7998713604417671,2.5093555450439453e-05,3.1948089599609375e-05,0,6.854534149169922e-06
CHNCXR_0014_0,Shenzhen,0,2,all_lossy,70,1.0,2.5093555450439453e-05,4.83393669128418e-05,0,2.3245811462402344e-05
CHNCXR_0015_0,Shenzhen,0,4,lungs_lossy,10,0.2402966259960159,0.0095596313476562,0.061187744140625,0,0.0516281127929688
CHNCXR_0015_0,Shenzhen,0,4,background_lossy,10,0.759703374003984,0.0095596313476562,0.024932861328125,0,0.0153732299804688
CHNCXR_0015_0,Shenzhen,0,4,all_lossy,10,1.0,0.0095596313476562,0.1937255859375,0,0.1841659545898438
CHNCXR_0015_0,Shenzhen,0,4,lungs_lossy,30,0.2402966259960159,0.0095596313476562,0.059967041015625,0,0.0504074096679688
CHNCXR_0015_0,Shenzhen,0,4,background_lossy,30,0.759703374003984,0.0095596313476562,0.01971435546875,0,0.0101547241210938
CHNCXR_0015_0,Shenzhen,0,4,all_lossy,30,1.0,0.0095596313476562,0.091552734375,0,0.0819931030273438
CHNCXR_0015_0,Shenzhen,0,4,lungs_lossy,50,0.2402966259960159,0.0095596313476562,0.0230255126953125,0,0.0134658813476563
CHNCXR_0015_0,Shenzhen,0,4,background_lossy,50,0.759703374003984,0.0095596313476562,0.0127716064453125,0,0.0032119750976563003
CHNCXR_0015_0,Shenzhen,0,4,all_lossy,50,1.0,0.0095596313476562,0.0253753662109375,0,0.0158157348632813
CHNCXR_0015_0,Shenzhen,0,4,lungs_lossy,70,0.2402966259960159,0.0095596313476562,0.0125274658203125,0,0.0029678344726563003
CHNCXR_0015_0,Shenzhen,0,4,background_lossy,70,0.759703374003984,0.0095596313476562,0.0109024047851562,0,0.0013427734375
CHNCXR_0015_0,Shenzhen,0,4,all_lossy,70,1.0,0.0095596313476562,0.0134811401367187,0,0.0039215087890625
CHNCXR_0016_0,Shenzhen,0,2,lungs_lossy,10,0.1853367778884462,0.00579833984375,0.07781982421875,0,0.072021484375
CHNCXR_0016_0,Shenzhen,0,2,background_lossy,10,0.8146632221115537,0.00579833984375,0.1187744140625,0,0.11297607421875
CHNCXR_0016_0,Shenzhen,0,2,all_lossy,10,1.0,0.00579833984375,0.935546875,1,0.92974853515625
CHNCXR_0016_0,Shenzhen,0,2,lungs_lossy,30,0.1853367778884462,0.00579833984375,0.15234375,0,0.14654541015625
CHNCXR_0016_0,Shenzhen,0,2,background_lossy,30,0.8146632221115537,0.00579833984375,0.055206298828125,0,0.049407958984375
CHNCXR_0016_0,Shenzhen,0,2,all_lossy,30,1.0,0.00579833984375,0.374267578125,0,0.36846923828125
CHNCXR_0016_0,Shenzhen,0,2,lungs_lossy,50,0.1853367778884462,0.00579833984375,0.015899658203125,0,0.010101318359375
CHNCXR_0016_0,Shenzhen,0,2,background_lossy,50,0.8146632221115537,0.00579833984375,0.0088119506835937,0,0.0030136108398436997
CHNCXR_0016_0,Shenzhen,0,2,all_lossy,50,1.0,0.00579833984375,0.0232391357421875,0,0.0174407958984375
CHNCXR_0016_0,Shenzhen,0,2,lungs_lossy,70,0.1853367778884462,0.00579833984375,0.0049247741699218,0,0.0008735656738281996
CHNCXR_0016_0,Shenzhen,0,2,background_lossy,70,0.8146632221115537,0.00579833984375,0.0039901733398437,0,0.0018081665039063003
CHNCXR_0016_0,Shenzhen,0,2,all_lossy,70,1.0,0.00579833984375,0.0034294128417968,0,0.0023689270019532
CHNCXR_0017_0,Shenzhen,0,2,lungs_lossy,10,0.2419329175152749,0.137939453125,0.9794921875,1,0.841552734375
CHNCXR_0017_0,Shenzhen,0,2,background_lossy,10,0.7580670824847251,0.137939453125,0.21630859375,0,0.078369140625
CHNCXR_0017_0,Shenzhen,0,2,all_lossy,10,1.0,0.137939453125,0.99658203125,1,0.858642578125
CHNCXR_0017_0,Shenzhen,0,2,lungs_lossy,30,0.2419329175152749,0.137939453125,0.90869140625,1,0.770751953125
CHNCXR_0017_0,Shenzhen,0,2,background_lossy,30,0.7580670824847251,0.137939453125,0.1954345703125,0,0.0574951171875
CHNCXR_0017_0,Shenzhen,0,2,all_lossy,30,1.0,0.137939453125,0.87939453125,1,0.741455078125
CHNCXR_0017_0,Shenzhen,0,2,lungs_lossy,50,0.2419329175152749,0.137939453125,0.315185546875,0,0.17724609375
CHNCXR_0017_0,Shenzhen,0,2,background_lossy,50,0.7580670824847251,0.137939453125,0.2900390625,0,0.152099609375
CHNCXR_0017_0,Shenzhen,0,2,all_lossy,50,1.0,0.137939453125,0.5087890625,1,0.370849609375
CHNCXR_0017_0,Shenzhen,0,2,lungs_lossy,70,0.2419329175152749,0.137939453125,0.07342529296875,0,0.06451416015625
CHNCXR_0017_0,Shenzhen,0,2,background_lossy,70,0.7580670824847251,0.137939453125,0.268310546875,0,0.13037109375
CHNCXR_0017_0,Shenzhen,0,2,all_lossy,70,1.0,0.137939453125,0.1378173828125,0,0.0001220703125
CHNCXR_0018_0,Shenzhen,0,2,lungs_lossy,10,0.3032912901606425,0.011962890625,0.1849365234375,0,0.1729736328125
CHNCXR_0018_0,Shenzhen,0,2,background_lossy,10,0.6967087098393574,0.011962890625,0.1153564453125,0,0.1033935546875
CHNCXR_0018_0,Shenzhen,0,2,all_lossy,10,1.0,0.011962890625,0.92724609375,1,0.915283203125
CHNCXR_0018_0,Shenzhen,0,2,lungs_lossy,30,0.3032912901606425,0.011962890625,0.958984375,1,0.947021484375
CHNCXR_0018_0,Shenzhen,0,2,background_lossy,30,0.6967087098393574,0.011962890625,0.06292724609375,0,0.05096435546875
CHNCXR_0018_0,Shenzhen,0,2,all_lossy,30,1.0,0.011962890625,0.962890625,1,0.950927734375
CHNCXR_0018_0,Shenzhen,0,2,lungs_lossy,50,0.3032912901606425,0.011962890625,0.095703125,0,0.083740234375
CHNCXR_0018_0,Shenzhen,0,2,background_lossy,50,0.6967087098393574,0.011962890625,0.037109375,0,0.025146484375
CHNCXR_0018_0,Shenzhen,0,2,all_lossy,50,1.0,0.011962890625,0.2203369140625,0,0.2083740234375
CHNCXR_0018_0,Shenzhen,0,2,lungs_lossy,70,0.3032912901606425,0.011962890625,0.021087646484375,0,0.009124755859375
CHNCXR_0018_0,Shenzhen,0,2,background_lossy,70,0.6967087098393574,0.011962890625,0.0205230712890625,0,0.0085601806640625
CHNCXR_0018_0,Shenzhen,0,2,all_lossy,70,1.0,0.011962890625,0.037384033203125,0,0.025421142578125
CHNCXR_0019_0,Shenzhen,0,0,lungs_lossy,10,0.2690215699701195,0.0001333951950073,0.460693359375,0,0.4605599641799927
CHNCXR_0019_0,Shenzhen,0,0,background_lossy,10,0.7309784300298805,0.0001333951950073,0.0015544891357421,0,0.0014210939407348
CHNCXR_0019_0,Shenzhen,0,0,all_lossy,10,1.0,0.0001333951950073,0.80224609375,1,0.8021126985549927
CHNCXR_0019_0,Shenzhen,0,0,lungs_lossy,30,0.2690215699701195,0.0001333951950073,0.96826171875,1,0.9681283235549927
CHNCXR_0019_0,Shenzhen,0,0,background_lossy,30,0.7309784300298805,0.0001333951950073,0.0001047253608703,0,2.8669834136999984e-05
CHNCXR_0019_0,Shenzhen,0,0,all_lossy,30,1.0,0.0001333951950073,0.1727294921875,0,0.1725960969924927
CHNCXR_0019_0,Shenzhen,0,0,lungs_lossy,50,0.2690215699701195,0.0001333951950073,0.0037212371826171,0,0.0035878419876098
CHNCXR_0019_0,Shenzhen,0,0,background_lossy,50,0.7309784300298805,0.0001333951950073,2.956390380859375e-05,0,0.00010383129119870624
CHNCXR_0019_0,Shenzhen,0,0,all_lossy,50,1.0,0.0001333951950073,0.0004916191101074,0,0.0003582239151001
CHNCXR_0019_0,Shenzhen,0,0,lungs_lossy,70,0.2690215699701195,0.0001333951950073,0.000364065170288,0,0.00023066997528070003
CHNCXR_0019_0,Shenzhen,0,0,background_lossy,70,0.7309784300298805,0.0001333951950073,8.612871170043945e-05,0,4.7266483306860534e-05
CHNCXR_0019_0,Shenzhen,0,0,all_lossy,70,1.0,0.0001333951950073,0.0002287626266479,0,9.536743164060001e-05
CHNCXR_0020_0,Shenzhen,0,0,lungs_lossy,10,0.2907560324367088,0.998046875,1.0,0,0.001953125
CHNCXR_0020_0,Shenzhen,0,0,background_lossy,10,0.7092439675632911,0.998046875,0.97119140625,0,0.02685546875
CHNCXR_0020_0,Shenzhen,0,0,all_lossy,10,1.0,0.998046875,0.9990234375,0,0.0009765625
CHNCXR_0020_0,Shenzhen,0,0,lungs_lossy,30,0.2907560324367088,0.998046875,1.0,0,0.001953125
CHNCXR_0020_0,Shenzhen,0,0,background_lossy,30,0.7092439675632911,0.998046875,0.95751953125,0,0.04052734375
CHNCXR_0020_0,Shenzhen,0,0,all_lossy,30,1.0,0.998046875,0.998046875,0,0.0
CHNCXR_0020_0,Shenzhen,0,0,lungs_lossy,50,0.2907560324367088,0.998046875,0.9990234375,0,0.0009765625
CHNCXR_0020_0,Shenzhen,0,0,background_lossy,50,0.7092439675632911,0.998046875,0.9853515625,0,0.0126953125
CHNCXR_0020_0,Shenzhen,0,0,all_lossy,50,1.0,0.998046875,0.9931640625,0,0.0048828125
CHNCXR_0020_0,Shenzhen,0,0,lungs_lossy,70,0.2907560324367088,0.998046875,0.998046875,0,0.0
CHNCXR_0020_0,Shenzhen,0,0,background_lossy,70,0.7092439675632911,0.998046875,0.99658203125,0,0.00146484375
CHNCXR_0020_0,Shenzhen,0,0,all_lossy,70,1.0,0.998046875,0.99658203125,0,0.00146484375
CHNCXR_0021_0,Shenzhen,0,1,lungs_lossy,10,0.2727654992454728,0.0297088623046875,0.029541015625,0,0.0001678466796875
CHNCXR_0021_0,Shenzhen,0,1,background_lossy,10,0.7272345007545271,0.0297088623046875,0.193603515625,0,0.1638946533203125
CHNCXR_0021_0,Shenzhen,0,1,all_lossy,10,1.0,0.0297088623046875,0.396240234375,0,0.3665313720703125
CHNCXR_0021_0,Shenzhen,0,1,lungs_lossy,30,0.2727654992454728,0.0297088623046875,0.045684814453125,0,0.0159759521484375
CHNCXR_0021_0,Shenzhen,0,1,background_lossy,30,0.7272345007545271,0.0297088623046875,0.0282745361328125,0,0.001434326171875
CHNCXR_0021_0,Shenzhen,0,1,all_lossy,30,1.0,0.0297088623046875,0.07806396484375,0,0.0483551025390625
CHNCXR_0021_0,Shenzhen,0,1,lungs_lossy,50,0.2727654992454728,0.0297088623046875,0.08648681640625,0,0.0567779541015625
CHNCXR_0021_0,Shenzhen,0,1,background_lossy,50,0.7272345007545271,0.0297088623046875,0.0226287841796875,0,0.007080078125
CHNCXR_0021_0,Shenzhen,0,1,all_lossy,50,1.0,0.0297088623046875,0.061431884765625,0,0.0317230224609375
CHNCXR_0021_0,Shenzhen,0,1,lungs_lossy,70,0.2727654992454728,0.0297088623046875,0.053314208984375,0,0.0236053466796875
CHNCXR_0021_0,Shenzhen,0,1,background_lossy,70,0.7272345007545271,0.0297088623046875,0.029815673828125,0,0.0001068115234375
CHNCXR_0021_0,Shenzhen,0,1,all_lossy,70,1.0,0.0297088623046875,0.053009033203125,0,0.0233001708984375
CHNCXR_0022_0,Shenzhen,0,2,lungs_lossy,10,0.2623000372023809,0.012237548828125,0.23779296875,0,0.225555419921875
CHNCXR_0022_0,Shenzhen,0,2,background_lossy,10,0.7376999627976191,0.012237548828125,0.24365234375,0,0.231414794921875
CHNCXR_0022_0,Shenzhen,0,2,all_lossy,10,1.0,0.012237548828125,0.74951171875,1,0.737274169921875
CHNCXR_0022_0,Shenzhen,0,2,lungs_lossy,30,0.2623000372023809,0.012237548828125,0.947265625,1,0.935028076171875
CHNCXR_0022_0,Shenzhen,0,2,background_lossy,30,0.7376999627976191,0.012237548828125,0.234375,0,0.222137451171875
CHNCXR_0022_0,Shenzhen,0,2,all_lossy,30,1.0,0.012237548828125,0.97998046875,1,0.967742919921875
CHNCXR_0022_0,Shenzhen,0,2,lungs_lossy,50,0.2623000372023809,0.012237548828125,0.1319580078125,0,0.119720458984375
CHNCXR_0022_0,Shenzhen,0,2,background_lossy,50,0.7376999627976191,0.012237548828125,0.051666259765625,0,0.0394287109375
CHNCXR_0022_0,Shenzhen,0,2,all_lossy,50,1.0,0.012237548828125,0.401611328125,0,0.389373779296875
CHNCXR_0022_0,Shenzhen,0,2,lungs_lossy,70,0.2623000372023809,0.012237548828125,0.01751708984375,0,0.005279541015625
CHNCXR_0022_0,Shenzhen,0,2,background_lossy,70,0.7376999627976191,0.012237548828125,0.013275146484375,0,0.00103759765625
CHNCXR_0022_0,Shenzhen,0,2,all_lossy,70,1.0,0.012237548828125,0.019195556640625,0,0.0069580078125
CHNCXR_0023_0,Shenzhen,0,0,lungs_lossy,10,0.2534150449101796,0.03955078125,0.365234375,0,0.32568359375
CHNCXR_0023_0,Shenzhen,0,0,background_lossy,10,0.7465849550898204,0.03955078125,0.0030517578125,0,0.0364990234375
CHNCXR_0023_0,Shenzhen,0,0,all_lossy,10,1.0,0.03955078125,0.373291015625,0,0.333740234375
CHNCXR_0023_0,Shenzhen,0,0,lungs_lossy,30,0.2534150449101796,0.03955078125,0.99658203125,1,0.95703125
CHNCXR_0023_0,Shenzhen,0,0,background_lossy,30,0.7465849550898204,0.03955078125,0.0026721954345703,0,0.0368785858154297
CHNCXR_0023_0,Shenzhen,0,0,all_lossy,30,1.0,0.03955078125,0.8994140625,1,0.85986328125
CHNCXR_0023_0,Shenzhen,0,0,lungs_lossy,50,0.2534150449101796,0.03955078125,0.1279296875,0,0.08837890625
CHNCXR_0023_0,Shenzhen,0,0,background_lossy,50,0.7465849550898204,0.03955078125,0.0116424560546875,0,0.0279083251953125
CHNCXR_0023_0,Shenzhen,0,0,all_lossy,50,1.0,0.03955078125,0.051544189453125,0,0.011993408203125
CHNCXR_0023_0,Shenzhen,0,0,lungs_lossy,70,0.2534150449101796,0.03955078125,0.036895751953125,0,0.002655029296875
CHNCXR_0023_0,Shenzhen,0,0,background_lossy,70,0.7465849550898204,0.03955078125,0.026611328125,0,0.012939453125
CHNCXR_0023_0,Shenzhen,0,0,all_lossy,70,1.0,0.03955078125,0.0258026123046875,0,0.0137481689453125
CHNCXR_0024_0,Shenzhen,0,4,lungs_lossy,10,0.2399514818948412,0.0036220550537109,0.0546875,0,0.0510654449462891
CHNCXR_0024_0,Shenzhen,0,4,background_lossy,10,0.7600485181051587,0.0036220550537109,0.020172119140625,0,0.0165500640869141
CHNCXR_0024_0,Shenzhen,0,4,all_lossy,10,1.0,0.0036220550537109,0.24365234375,0,0.2400302886962891
CHNCXR_0024_0,Shenzhen,0,4,lungs_lossy,30,0.2399514818948412,0.0036220550537109,0.0889892578125,0,0.0853672027587891
CHNCXR_0024_0,Shenzhen,0,4,background_lossy,30,0.7600485181051587,0.0036220550537109,0.0093765258789062,0,0.0057544708251952995
CHNCXR_0024_0,Shenzhen,0,4,all_lossy,30,1.0,0.0036220550537109,0.1737060546875,0,0.1700839996337891
CHNCXR_0024_0,Shenzhen,0,4,lungs_lossy,50,0.2399514818948412,0.0036220550537109,0.0106964111328125,0,0.0070743560791016
CHNCXR_0024_0,Shenzhen,0,4,background_lossy,50,0.7600485181051587,0.0036220550537109,0.0069313049316406,0,0.0033092498779296996
CHNCXR_0024_0,Shenzhen,0,4,all_lossy,50,1.0,0.0036220550537109,0.018402099609375,0,0.0147800445556641
CHNCXR_0024_0,Shenzhen,0,4,lungs_lossy,70,0.2399514818948412,0.0036220550537109,0.0045928955078125,0,0.0009708404541015998
CHNCXR_0024_0,Shenzhen,0,4,background_lossy,70,0.7600485181051587,0.0036220550537109,0.0041007995605468,0,0.0004787445068359002
CHNCXR_0024_0,Shenzhen,0,4,all_lossy,70,1.0,0.0036220550537109,0.005279541015625,0,0.0016574859619140998
CHNCXR_0025_0,Shenzhen,0,1,lungs_lossy,10,0.3015258545409182,0.0033378601074218,0.2398681640625,0,0.2365303039550782
CHNCXR_0025_0,Shenzhen,0,1,background_lossy,10,0.6984741454590818,0.0033378601074218,0.0301055908203125,0,0.0267677307128907
CHNCXR_0025_0,Shenzhen,0,1,all_lossy,10,1.0,0.0033378601074218,0.65380859375,1,0.6504707336425782
CHNCXR_0025_0,Shenzhen,0,1,lungs_lossy,30,0.3015258545409182,0.0033378601074218,0.60498046875,1,0.6016426086425782
CHNCXR_0025_0,Shenzhen,0,1,background_lossy,30,0.6984741454590818,0.0033378601074218,0.005218505859375,0,0.0018806457519532
CHNCXR_0025_0,Shenzhen,0,1,all_lossy,30,1.0,0.0033378601074218,0.415771484375,0,0.4124336242675782
CHNCXR_0025_0,Shenzhen,0,1,lungs_lossy,50,0.3015258545409182,0.0033378601074218,0.0204925537109375,0,0.0171546936035157
CHNCXR_0025_0,Shenzhen,0,1,background_lossy,50,0.6984741454590818,0.0033378601074218,0.0027046203613281,0,0.0006332397460937001
CHNCXR_0025_0,Shenzhen,0,1,all_lossy,50,1.0,0.0033378601074218,0.0106964111328125,0,0.0073585510253907
CHNCXR_0025_0,Shenzhen,0,1,lungs_lossy,70,0.3015258545409182,0.0033378601074218,0.0033111572265625,0,2.6702880859299973e-05
CHNCXR_0025_0,Shenzhen,0,1,background_lossy,70,0.6984741454590818,0.0033378601074218,0.0043487548828125,0,0.0010108947753907
CHNCXR_0025_0,Shenzhen,0,1,all_lossy,70,1.0,0.0033378601074218,0.0036220550537109,0,0.00028419494628910023
CHNCXR_0026_0,Shenzhen,0,3,lungs_lossy,10,0.2243247879241517,6.866455078125e-05,0.0002050399780273,0,0.00013637542724605
CHNCXR_0026_0,Shenzhen,0,3,background_lossy,10,0.7756752120758483,6.866455078125e-05,0.0003528594970703,0,0.00028419494628905
CHNCXR_0026_0,Shenzhen,0,3,all_lossy,10,1.0,6.866455078125e-05,0.0067710876464843,0,0.00670242309570305
CHNCXR_0026_0,Shenzhen,0,3,lungs_lossy,30,0.2243247879241517,6.866455078125e-05,0.000192642211914,0,0.00012397766113275
CHNCXR_0026_0,Shenzhen,0,3,background_lossy,30,0.7756752120758483,6.866455078125e-05,8.153915405273438e-05,0,1.2874603271484375e-05
CHNCXR_0026_0,Shenzhen,0,3,all_lossy,30,1.0,6.866455078125e-05,0.0002217292785644,0,0.00015306472778315
CHNCXR_0026_0,Shenzhen,0,3,lungs_lossy,50,0.2243247879241517,6.866455078125e-05,9.316205978393556e-05,0,2.449750900268556e-05
CHNCXR_0026_0,Shenzhen,0,3,background_lossy,50,0.7756752120758483,6.866455078125e-05,4.07099723815918e-05,0,2.7954578399658203e-05
CHNCXR_0026_0,Shenzhen,0,3,all_lossy,50,1.0,6.866455078125e-05,4.756450653076172e-05,0,2.110004425048828e-05
CHNCXR_0026_0,Shenzhen,0,3,lungs_lossy,70,0.2243247879241517,6.866455078125e-05,5.185604095458984e-05,0,1.6808509826660163e-05
CHNCXR_0026_0,Shenzhen,0,3,background_lossy,70,0.7756752120758483,6.866455078125e-05,4.398822784423828e-05,0,2.467632293701172e-05
CHNCXR_0026_0,Shenzhen,0,3,all_lossy,70,1.0,6.866455078125e-05,3.11732292175293e-05,0,3.74913215637207e-05
CHNCXR_0027_0,Shenzhen,0,1,lungs_lossy,10,0.21045703125,0.0003473758697509,0.0109481811523437,0,0.0106008052825928
CHNCXR_0027_0,Shenzhen,0,1,background_lossy,10,0.78954296875,0.0003473758697509,0.0007410049438476,0,0.00039362907409669996
CHNCXR_0027_0,Shenzhen,0,1,all_lossy,10,1.0,0.0003473758697509,0.04052734375,0,0.0401799678802491
CHNCXR_0027_0,Shenzhen,0,1,lungs_lossy,30,0.21045703125,0.0003473758697509,0.0207672119140625,0,0.0204198360443116
CHNCXR_0027_0,Shenzhen,0,1,background_lossy,30,0.78954296875,0.0003473758697509,0.0008659362792968,0,0.0005185604095459
CHNCXR_0027_0,Shenzhen,0,1,all_lossy,30,1.0,0.0003473758697509,0.0255126953125,0,0.0251653194427491
CHNCXR_0027_0,Shenzhen,0,1,lungs_lossy,50,0.21045703125,0.0003473758697509,0.0010280609130859,0,0.000680685043335
CHNCXR_0027_0,Shenzhen,0,1,background_lossy,50,0.78954296875,0.0003473758697509,0.0001956224441528,0,0.00015175342559810002
CHNCXR_0027_0,Shenzhen,0,1,all_lossy,50,1.0,0.0003473758697509,0.000396728515625,0,4.935264587409998e-05
CHNCXR_0027_0,Shenzhen,0,1,lungs_lossy,70,0.21045703125,0.0003473758697509,0.0002305507659912,0,0.00011682510375970003
CHNCXR_0027_0,Shenzhen,0,1,background_lossy,70,0.78954296875,0.0003473758697509,0.0002359151840209,0,0.00011146068573000001
CHNCXR_0027_0,Shenzhen,0,1,all_lossy,70,1.0,0.0003473758697509,0.0001838207244873,0,0.00016355514526360002
CHNCXR_0028_0,Shenzhen,0,1,lungs_lossy,10,0.3219115724601594,0.0045547485351562,0.0016613006591796,0,0.0028934478759766
CHNCXR_0028_0,Shenzhen,0,1,background_lossy,10,0.6780884275398407,0.0045547485351562,0.0108184814453125,0,0.0062637329101563
CHNCXR_0028_0,Shenzhen,0,1,all_lossy,10,1.0,0.0045547485351562,0.033477783203125,0,0.0289230346679688
CHNCXR_0028_0,Shenzhen,0,1,lungs_lossy,30,0.3219115724601594,0.0045547485351562,0.168212890625,0,0.1636581420898438
CHNCXR_0028_0,Shenzhen,0,1,background_lossy,30,0.6780884275398407,0.0045547485351562,0.0094146728515625,0,0.0048599243164063
CHNCXR_0028_0,Shenzhen,0,1,all_lossy,30,1.0,0.0045547485351562,0.17431640625,0,0.1697616577148438
CHNCXR_0028_0,Shenzhen,0,1,lungs_lossy,50,0.3219115724601594,0.0045547485351562,0.0170440673828125,0,0.0124893188476563
CHNCXR_0028_0,Shenzhen,0,1,background_lossy,50,0.6780884275398407,0.0045547485351562,0.0109024047851562,0,0.00634765625
CHNCXR_0028_0,Shenzhen,0,1,all_lossy,50,1.0,0.0045547485351562,0.039642333984375,0,0.0350875854492188
CHNCXR_0028_0,Shenzhen,0,1,lungs_lossy,70,0.3219115724601594,0.0045547485351562,0.005889892578125,0,0.0013351440429688003
CHNCXR_0028_0,Shenzhen,0,1,background_lossy,70,0.6780884275398407,0.0045547485351562,0.0033111572265625,0,0.0012435913085936997
CHNCXR_0028_0,Shenzhen,0,1,all_lossy,70,1.0,0.0045547485351562,0.0046653747558593,0,0.00011062622070310071
CHNCXR_0029_0,Shenzhen,0,0,lungs_lossy,10,0.1534820983033932,0.017242431640625,0.6875,1,0.670257568359375
CHNCXR_0029_0,Shenzhen,0,0,background_lossy,10,0.8465179016966068,0.017242431640625,0.04803466796875,0,0.030792236328125
CHNCXR_0029_0,Shenzhen,0,0,all_lossy,10,1.0,0.017242431640625,0.97265625,1,0.955413818359375
CHNCXR_0029_0,Shenzhen,0,0,lungs_lossy,30,0.1534820983033932,0.017242431640625,0.98095703125,1,0.963714599609375
CHNCXR_0029_0,Shenzhen,0,0,background_lossy,30,0.8465179016966068,0.017242431640625,0.0089187622070312,0,0.0083236694335938
CHNCXR_0029_0,Shenzhen,0,0,all_lossy,30,1.0,0.017242431640625,0.71533203125,1,0.698089599609375
CHNCXR_0029_0,Shenzhen,0,0,lungs_lossy,50,0.1534820983033932,0.017242431640625,0.5478515625,1,0.530609130859375
CHNCXR_0029_0,Shenzhen,0,0,background_lossy,50,0.8465179016966068,0.017242431640625,0.0053215026855468,0,0.0119209289550782
CHNCXR_0029_0,Shenzhen,0,0,all_lossy,50,1.0,0.017242431640625,0.08538818359375,0,0.068145751953125
CHNCXR_0029_0,Shenzhen,0,0,lungs_lossy,70,0.1534820983033932,0.017242431640625,0.0170440673828125,0,0.0001983642578125
CHNCXR_0029_0,Shenzhen,0,0,background_lossy,70,0.8465179016966068,0.017242431640625,0.0190582275390625,0,0.0018157958984375
CHNCXR_0029_0,Shenzhen,0,0,all_lossy,70,1.0,0.017242431640625,0.016021728515625,0,0.001220703125
CHNCXR_0030_0,Shenzhen,0,4,lungs_lossy,10,0.3137914540816326,0.1256103515625,0.94873046875,1,0.8231201171875
CHNCXR_0030_0,Shenzhen,0,4,background_lossy,10,0.6862085459183673,0.1256103515625,0.11279296875,0,0.0128173828125
CHNCXR_0030_0,Shenzhen,0,4,all_lossy,10,1.0,0.1256103515625,0.89501953125,1,0.7694091796875
CHNCXR_0030_0,Shenzhen,0,4,lungs_lossy,30,0.3137914540816326,0.1256103515625,0.74853515625,1,0.6229248046875
CHNCXR_0030_0,Shenzhen,0,4,background_lossy,30,0.6862085459183673,0.1256103515625,0.091552734375,0,0.0340576171875
CHNCXR_0030_0,Shenzhen,0,4,all_lossy,30,1.0,0.1256103515625,0.6005859375,1,0.4749755859375
CHNCXR_0030_0,Shenzhen,0,4,lungs_lossy,50,0.3137914540816326,0.1256103515625,0.313720703125,0,0.1881103515625
CHNCXR_0030_0,Shenzhen,0,4,background_lossy,50,0.6862085459183673,0.1256103515625,0.11395263671875,0,0.01165771484375
CHNCXR_0030_0,Shenzhen,0,4,all_lossy,50,1.0,0.1256103515625,0.265869140625,0,0.1402587890625
CHNCXR_0030_0,Shenzhen,0,4,lungs_lossy,70,0.3137914540816326,0.1256103515625,0.1224365234375,0,0.003173828125
CHNCXR_0030_0,Shenzhen,0,4,background_lossy,70,0.6862085459183673,0.1256103515625,0.1270751953125,0,0.00146484375
CHNCXR_0030_0,Shenzhen,0,4,all_lossy,70,1.0,0.1256103515625,0.12420654296875,0,0.00140380859375
CHNCXR_0031_0,Shenzhen,0,4,lungs_lossy,10,0.2497980864811133,0.144775390625,0.9189453125,1,0.774169921875
CHNCXR_0031_0,Shenzhen,0,4,background_lossy,10,0.7502019135188867,0.144775390625,0.178955078125,0,0.0341796875
CHNCXR_0031_0,Shenzhen,0,4,all_lossy,10,1.0,0.144775390625,0.73974609375,1,0.594970703125
CHNCXR_0031_0,Shenzhen,0,4,lungs_lossy,30,0.2497980864811133,0.144775390625,0.6318359375,1,0.487060546875
CHNCXR_0031_0,Shenzhen,0,4,background_lossy,30,0.7502019135188867,0.144775390625,0.2186279296875,0,0.0738525390625
CHNCXR_0031_0,Shenzhen,0,4,all_lossy,30,1.0,0.144775390625,0.7138671875,1,0.569091796875
CHNCXR_0031_0,Shenzhen,0,4,lungs_lossy,50,0.2497980864811133,0.144775390625,0.26513671875,0,0.120361328125
CHNCXR_0031_0,Shenzhen,0,4,background_lossy,50,0.7502019135188867,0.144775390625,0.2138671875,0,0.069091796875
CHNCXR_0031_0,Shenzhen,0,4,all_lossy,50,1.0,0.144775390625,0.33642578125,0,0.191650390625
CHNCXR_0031_0,Shenzhen,0,4,lungs_lossy,70,0.2497980864811133,0.144775390625,0.1536865234375,0,0.0089111328125
CHNCXR_0031_0,Shenzhen,0,4,background_lossy,70,0.7502019135188867,0.144775390625,0.1580810546875,0,0.0133056640625
CHNCXR_0031_0,Shenzhen,0,4,all_lossy,70,1.0,0.144775390625,0.17333984375,0,0.028564453125
CHNCXR_0032_0,Shenzhen,0,3,lungs_lossy,10,0.2219453125,0.0003077983856201,0.0015249252319335,0,0.0012171268463134
CHNCXR_0032_0,Shenzhen,0,3,background_lossy,10,0.7780546875000001,0.0003077983856201,0.0010480880737304,0,0.0007402896881103
CHNCXR_0032_0,Shenzhen,0,3,all_lossy,10,1.0,0.0003077983856201,0.029541015625,0,0.0292332172393799
CHNCXR_0032_0,Shenzhen,0,3,lungs_lossy,30,0.2219453125,0.0003077983856201,0.0017547607421875,0,0.0014469623565674
CHNCXR_0032_0,Shenzhen,0,3,background_lossy,30,0.7780546875000001,0.0003077983856201,0.0001047253608703,0,0.00020307302474979999
CHNCXR_0032_0,Shenzhen,0,3,all_lossy,30,1.0,0.0003077983856201,0.0009040832519531,0,0.000596284866333
CHNCXR_0032_0,Shenzhen,0,3,lungs_lossy,50,0.2219453125,0.0003077983856201,0.0005316734313964,0,0.00022387504577630002
CHNCXR_0032_0,Shenzhen,0,3,background_lossy,50,0.7780546875000001,0.0003077983856201,7.903575897216797e-05,0,0.00022876262664793203
CHNCXR_0032_0,Shenzhen,0,3,all_lossy,50,1.0,0.0003077983856201,0.000139832496643,0,0.0001679658889771
CHNCXR_0032_0,Shenzhen,0,3,lungs_lossy,70,0.2219453125,0.0003077983856201,0.0003769397735595,0,6.91413879394e-05
CHNCXR_0032_0,Shenzhen,0,3,background_lossy,70,0.7780546875000001,0.0003077983856201,0.0001431703567504,0,0.0001646280288697
CHNCXR_0032_0,Shenzhen,0,3,all_lossy,70,1.0,0.0003077983856201,0.0001780986785888,0,0.0001296997070313
CHNCXR_0033_0,Shenzhen,0,3,lungs_lossy,10,0.249400525990099,1.3530254364013672e-05,0.0004711151123046,0,0.00045758485794058633
CHNCXR_0033_0,Shenzhen,0,3,background_lossy,10,0.750599474009901,1.3530254364013672e-05,8.028745651245117e-05,0,6.67572021484375e-05
CHNCXR_0033_0,Shenzhen,0,3,all_lossy,10,1.0,1.3530254364013672e-05,0.0130233764648437,0,0.013009846210479686
CHNCXR_0033_0,Shenzhen,0,3,lungs_lossy,30,0.249400525990099,1.3530254364013672e-05,0.0002287626266479,0,0.00021523237228388632
CHNCXR_0033_0,Shenzhen,0,3,background_lossy,30,0.750599474009901,1.3530254364013672e-05,8.225440979003906e-06,0,5.304813385009766e-06
CHNCXR_0033_0,Shenzhen,0,3,all_lossy,30,1.0,1.3530254364013672e-05,0.0002033710479736,0,0.00018984079360958632
CHNCXR_0033_0,Shenzhen,0,3,lungs_lossy,50,0.249400525990099,1.3530254364013672e-05,2.586841583251953e-05,0,1.233816146850586e-05
CHNCXR_0033_0,Shenzhen,0,3,background_lossy,50,0.750599474009901,1.3530254364013672e-05,1.2636184692382812e-05,0,8.940696716308594e-07
CHNCXR_0033_0,Shenzhen,0,3,all_lossy,50,1.0,1.3530254364013672e-05,2.485513687133789e-05,0,1.1324882507324219e-05
CHNCXR_0033_0,Shenzhen,0,3,lungs_lossy,70,0.249400525990099,1.3530254364013672e-05,1.7344951629638672e-05,0,3.814697265625e-06
CHNCXR_0033_0,Shenzhen,0,3,background_lossy,70,0.750599474009901,1.3530254364013672e-05,9.715557098388672e-06,0,3.814697265625e-06
CHNCXR_0033_0,Shenzhen,0,3,all_lossy,70,1.0,1.3530254364013672e-05,1.2516975402832031e-05,0,1.0132789611816406e-06
CHNCXR_0034_0,Shenzhen,0,2,lungs_lossy,10,0.1558486162605932,0.3681640625,0.2425537109375,0,0.1256103515625
CHNCXR_0034_0,Shenzhen,0,2,background_lossy,10,0.8441513837394068,0.3681640625,0.90380859375,1,0.53564453125
CHNCXR_0034_0,Shenzhen,0,2,all_lossy,10,1.0,0.3681640625,0.87158203125,1,0.50341796875
CHNCXR_0034_0,Shenzhen,0,2,lungs_lossy,30,0.1558486162605932,0.3681640625,0.99609375,1,0.6279296875
CHNCXR_0034_0,Shenzhen,0,2,background_lossy,30,0.8441513837394068,0.3681640625,0.9287109375,1,0.560546875
CHNCXR_0034_0,Shenzhen,0,2,all_lossy,30,1.0,0.3681640625,0.99951171875,1,0.63134765625
CHNCXR_0034_0,Shenzhen,0,2,lungs_lossy,50,0.1558486162605932,0.3681640625,0.70703125,1,0.3388671875
CHNCXR_0034_0,Shenzhen,0,2,background_lossy,50,0.8441513837394068,0.3681640625,0.66845703125,1,0.30029296875
CHNCXR_0034_0,Shenzhen,0,2,all_lossy,50,1.0,0.3681640625,0.8564453125,1,0.48828125
CHNCXR_0034_0,Shenzhen,0,2,lungs_lossy,70,0.1558486162605932,0.3681640625,0.52001953125,1,0.15185546875
CHNCXR_0034_0,Shenzhen,0,2,background_lossy,70,0.8441513837394068,0.3681640625,0.3740234375,0,0.005859375
CHNCXR_0034_0,Shenzhen,0,2,all_lossy,70,1.0,0.3681640625,0.53759765625,1,0.16943359375
CHNCXR_0035_0,Shenzhen,0,4,lungs_lossy,10,0.198033620259481,0.018829345703125,0.080810546875,0,0.061981201171875
CHNCXR_0035_0,Shenzhen,0,4,background_lossy,10,0.801966379740519,0.018829345703125,0.055816650390625,0,0.0369873046875
CHNCXR_0035_0,Shenzhen,0,4,all_lossy,10,1.0,0.018829345703125,0.193115234375,0,0.174285888671875
CHNCXR_0035_0,Shenzhen,0,4,lungs_lossy,30,0.198033620259481,0.018829345703125,0.0755615234375,0,0.056732177734375
CHNCXR_0035_0,Shenzhen,0,4,background_lossy,30,0.801966379740519,0.018829345703125,0.02276611328125,0,0.003936767578125
CHNCXR_0035_0,Shenzhen,0,4,all_lossy,30,1.0,0.018829345703125,0.06695556640625,0,0.048126220703125
CHNCXR_0035_0,Shenzhen,0,4,lungs_lossy,50,0.198033620259481,0.018829345703125,0.04351806640625,0,0.024688720703125
CHNCXR_0035_0,Shenzhen,0,4,background_lossy,50,0.801966379740519,0.018829345703125,0.0191192626953125,0,0.0002899169921875
CHNCXR_0035_0,Shenzhen,0,4,all_lossy,50,1.0,0.018829345703125,0.0416259765625,0,0.022796630859375
CHNCXR_0035_0,Shenzhen,0,4,lungs_lossy,70,0.198033620259481,0.018829345703125,0.0202484130859375,0,0.0014190673828125
CHNCXR_0035_0,Shenzhen,0,4,background_lossy,70,0.801966379740519,0.018829345703125,0.0165863037109375,0,0.0022430419921875
CHNCXR_0035_0,Shenzhen,0,4,all_lossy,70,1.0,0.018829345703125,0.0182647705078125,0,0.0005645751953125
CHNCXR_0036_0,Shenzhen,0,2,lungs_lossy,10,0.3071250310019841,0.043365478515625,0.429931640625,0,0.386566162109375
CHNCXR_0036_0,Shenzhen,0,2,background_lossy,10,0.6928749689980158,0.043365478515625,0.039642333984375,0,0.00372314453125
CHNCXR_0036_0,Shenzhen,0,2,all_lossy,10,1.0,0.043365478515625,0.81689453125,1,0.773529052734375
CHNCXR_0036_0,Shenzhen,0,2,lungs_lossy,30,0.3071250310019841,0.043365478515625,0.95556640625,1,0.912200927734375
CHNCXR_0036_0,Shenzhen,0,2,background_lossy,30,0.6928749689980158,0.043365478515625,0.0784912109375,0,0.035125732421875
CHNCXR_0036_0,Shenzhen,0,2,all_lossy,30,1.0,0.043365478515625,0.93408203125,1,0.890716552734375
CHNCXR_0036_0,Shenzhen,0,2,lungs_lossy,50,0.3071250310019841,0.043365478515625,0.281982421875,0,0.238616943359375
CHNCXR_0036_0,Shenzhen,0,2,background_lossy,50,0.6928749689980158,0.043365478515625,0.042327880859375,0,0.00103759765625
CHNCXR_0036_0,Shenzhen,0,2,all_lossy,50,1.0,0.043365478515625,0.35205078125,0,0.308685302734375
CHNCXR_0036_0,Shenzhen,0,2,lungs_lossy,70,0.3071250310019841,0.043365478515625,0.060211181640625,0,0.016845703125
CHNCXR_0036_0,Shenzhen,0,2,background_lossy,70,0.6928749689980158,0.043365478515625,0.0460205078125,0,0.002655029296875
CHNCXR_0036_0,Shenzhen,0,2,all_lossy,70,1.0,0.043365478515625,0.060638427734375,0,0.01727294921875
CHNCXR_0037_0,Shenzhen,0,0,lungs_lossy,10,0.2840986289525691,0.0023422241210937,0.908203125,1,0.9058609008789062
CHNCXR_0037_0,Shenzhen,0,0,background_lossy,10,0.7159013710474309,0.0023422241210937,0.0088119506835937,0,0.0064697265625
CHNCXR_0037_0,Shenzhen,0,0,all_lossy,10,1.0,0.0023422241210937,0.9140625,1,0.9117202758789062
CHNCXR_0037_0,Shenzhen,0,0,lungs_lossy,30,0.2840986289525691,0.0023422241210937,0.974609375,1,0.9722671508789062
CHNCXR_0037_0,Shenzhen,0,0,background_lossy,30,0.7159013710474309,0.0023422241210937,0.0012845993041992,0,0.0010576248168945
CHNCXR_0037_0,Shenzhen,0,0,all_lossy,30,1.0,0.0023422241210937,0.607421875,1,0.6050796508789062
CHNCXR_0037_0,Shenzhen,0,0,lungs_lossy,50,0.2840986289525691,0.0023422241210937,0.033660888671875,0,0.0313186645507813
CHNCXR_0037_0,Shenzhen,0,0,background_lossy,50,0.7159013710474309,0.0023422241210937,0.0019044876098632,0,0.0004377365112305002
CHNCXR_0037_0,Shenzhen,0,0,all_lossy,50,1.0,0.0023422241210937,0.022796630859375,0,0.0204544067382813
CHNCXR_0037_0,Shenzhen,0,0,lungs_lossy,70,0.2840986289525691,0.0023422241210937,0.0027141571044921,0,0.00037193298339839977
CHNCXR_0037_0,Shenzhen,0,0,background_lossy,70,0.7159013710474309,0.0023422241210937,0.0028457641601562,0,0.0005035400390625
CHNCXR_0037_0,Shenzhen,0,0,all_lossy,70,1.0,0.0023422241210937,0.0031242370605468,0,0.0007820129394530998
CHNCXR_0038_0,Shenzhen,0,0,lungs_lossy,10,0.2570195646367521,0.0017337799072265,0.58349609375,1,0.5817623138427735
CHNCXR_0038_0,Shenzhen,0,0,background_lossy,10,0.7429804353632479,0.0017337799072265,0.0141754150390625,0,0.012441635131836
CHNCXR_0038_0,Shenzhen,0,0,all_lossy,10,1.0,0.0017337799072265,0.99560546875,1,0.9938716888427735
CHNCXR_0038_0,Shenzhen,0,0,lungs_lossy,30,0.2570195646367521,0.0017337799072265,0.66650390625,1,0.6647701263427735
CHNCXR_0038_0,Shenzhen,0,0,background_lossy,30,0.7429804353632479,0.0017337799072265,0.0044670104980468,0,0.0027332305908203004
CHNCXR_0038_0,Shenzhen,0,0,all_lossy,30,1.0,0.0017337799072265,0.421630859375,0,0.4198970794677735
CHNCXR_0038_0,Shenzhen,0,0,lungs_lossy,50,0.2570195646367521,0.0017337799072265,0.0100936889648437,0,0.0083599090576172
CHNCXR_0038_0,Shenzhen,0,0,background_lossy,50,0.7429804353632479,0.0017337799072265,0.0021572113037109,0,0.00042343139648440015
CHNCXR_0038_0,Shenzhen,0,0,all_lossy,50,1.0,0.0017337799072265,0.0110321044921875,0,0.009298324584961
CHNCXR_0038_0,Shenzhen,0,0,lungs_lossy,70,0.2570195646367521,0.0017337799072265,0.0031356811523437,0,0.0014019012451172
CHNCXR_0038_0,Shenzhen,0,0,background_lossy,70,0.7429804353632479,0.0017337799072265,0.0020675659179687,0,0.0003337860107422001
CHNCXR_0038_0,Shenzhen,0,0,all_lossy,70,1.0,0.0017337799072265,0.0037956237792968,0,0.0020618438720703
CHNCXR_0039_0,Shenzhen,0,2,lungs_lossy,10,0.2101965206185567,0.0007915496826171,0.7724609375,1,0.7716693878173829
CHNCXR_0039_0,Shenzhen,0,2,background_lossy,10,0.7898034793814432,0.0007915496826171,0.025665283203125,0,0.0248737335205079
CHNCXR_0039_0,Shenzhen,0,2,all_lossy,10,1.0,0.0007915496826171,0.9775390625,1,0.9767475128173829
CHNCXR_0039_0,Shenzhen,0,2,lungs_lossy,30,0.2101965206185567,0.0007915496826171,0.7109375,1,0.7101459503173829
CHNCXR_0039_0,Shenzhen,0,2,background_lossy,30,0.7898034793814432,0.0007915496826171,0.0152511596679687,0,0.014459609985351599
CHNCXR_0039_0,Shenzhen,0,2,all_lossy,30,1.0,0.0007915496826171,0.94482421875,1,0.9440326690673829
CHNCXR_0039_0,Shenzhen,0,2,lungs_lossy,50,0.2101965206185567,0.0007915496826171,0.0054283142089843,0,0.0046367645263672005
CHNCXR_0039_0,Shenzhen,0,2,background_lossy,50,0.7898034793814432,0.0007915496826171,0.0037364959716796,0,0.0029449462890625
CHNCXR_0039_0,Shenzhen,0,2,all_lossy,50,1.0,0.0007915496826171,0.0247039794921875,0,0.0239124298095704
CHNCXR_0039_0,Shenzhen,0,2,lungs_lossy,70,0.2101965206185567,0.0007915496826171,0.0006313323974609,0,0.00016021728515620002
CHNCXR_0039_0,Shenzhen,0,2,background_lossy,70,0.7898034793814432,0.0007915496826171,0.0009775161743164,0,0.00018596649169929996
CHNCXR_0039_0,Shenzhen,0,2,all_lossy,70,1.0,0.0007915496826171,0.0007762908935546,0,1.52587890625e-05
CHNCXR_0040_0,Shenzhen,0,2,lungs_lossy,10,0.1791116782868526,0.0007524490356445,0.037750244140625,0,0.036997795104980497
CHNCXR_0040_0,Shenzhen,0,2,background_lossy,10,0.8208883217131474,0.0007524490356445,0.1177978515625,0,0.1170454025268555
CHNCXR_0040_0,Shenzhen,0,2,all_lossy,10,1.0,0.0007524490356445,0.90869140625,1,0.9079389572143555
CHNCXR_0040_0,Shenzhen,0,2,lungs_lossy,30,0.1791116782868526,0.0007524490356445,0.1591796875,0,0.1584272384643555
CHNCXR_0040_0,Shenzhen,0,2,background_lossy,30,0.8208883217131474,0.0007524490356445,0.0131683349609375,0,0.012415885925293
CHNCXR_0040_0,Shenzhen,0,2,all_lossy,30,1.0,0.0007524490356445,0.6083984375,1,0.6076459884643555
CHNCXR_0040_0,Shenzhen,0,2,lungs_lossy,50,0.1791116782868526,0.0007524490356445,0.020843505859375,0,0.0200910568237305
CHNCXR_0040_0,Shenzhen,0,2,background_lossy,50,0.8208883217131474,0.0007524490356445,0.00469970703125,0,0.0039472579956055
CHNCXR_0040_0,Shenzhen,0,2,all_lossy,50,1.0,0.0007524490356445,0.0775146484375,0,0.0767621994018555
CHNCXR_0040_0,Shenzhen,0,2,lungs_lossy,70,0.1791116782868526,0.0007524490356445,0.0004618167877197,0,0.0002906322479248
CHNCXR_0040_0,Shenzhen,0,2,background_lossy,70,0.8208883217131474,0.0007524490356445,0.001530647277832,0,0.0007781982421875
CHNCXR_0040_0,Shenzhen,0,2,all_lossy,70,1.0,0.0007524490356445,0.0008296966552734,0,7.724761962889996e-05
CHNCXR_0041_0,Shenzhen,0,3,lungs_lossy,10,0.3688144646365422,0.544921875,0.3740234375,1,0.1708984375
CHNCXR_0041_0,Shenzhen,0,3,background_lossy,10,0.6311855353634578,0.544921875,0.424072265625,1,0.120849609375
CHNCXR_0041_0,Shenzhen,0,3,all_lossy,10,1.0,0.544921875,0.375,1,0.169921875
CHNCXR_0041_0,Shenzhen,0,3,lungs_lossy,30,0.3688144646365422,0.544921875,0.62353515625,0,0.07861328125
CHNCXR_0041_0,Shenzhen,0,3,background_lossy,30,0.6311855353634578,0.544921875,0.1597900390625,1,0.3851318359375
CHNCXR_0041_0,Shenzhen,0,3,all_lossy,30,1.0,0.544921875,0.245849609375,1,0.299072265625
CHNCXR_0041_0,Shenzhen,0,3,lungs_lossy,50,0.3688144646365422,0.544921875,0.62744140625,0,0.08251953125
CHNCXR_0041_0,Shenzhen,0,3,background_lossy,50,0.6311855353634578,0.544921875,0.3525390625,1,0.1923828125
CHNCXR_0041_0,Shenzhen,0,3,all_lossy,50,1.0,0.544921875,0.431640625,1,0.11328125
CHNCXR_0041_0,Shenzhen,0,3,lungs_lossy,70,0.3688144646365422,0.544921875,0.51806640625,0,0.02685546875
CHNCXR_0041_0,Shenzhen,0,3,background_lossy,70,0.6311855353634578,0.544921875,0.480712890625,1,0.064208984375
CHNCXR_0041_0,Shenzhen,0,3,all_lossy,70,1.0,0.544921875,0.456298828125,1,0.088623046875
CHNCXR_0042_0,Shenzhen,0,0,lungs_lossy,10,0.241152577191235,0.09552001953125,0.95166015625,1,0.85614013671875
CHNCXR_0042_0,Shenzhen,0,0,background_lossy,10,0.7588474228087649,0.09552001953125,0.0200958251953125,0,0.0754241943359375
CHNCXR_0042_0,Shenzhen,0,0,all_lossy,10,1.0,0.09552001953125,0.90869140625,1,0.81317138671875
CHNCXR_0042_0,Shenzhen,0,0,lungs_lossy,30,0.241152577191235,0.09552001953125,0.99267578125,1,0.89715576171875
CHNCXR_0042_0,Shenzhen,0,0,background_lossy,30,0.7588474228087649,0.09552001953125,0.0084457397460937,0,0.0870742797851563
CHNCXR_0042_0,Shenzhen,0,0,all_lossy,30,1.0,0.09552001953125,0.861328125,1,0.76580810546875
CHNCXR_0042_0,Shenzhen,0,0,lungs_lossy,50,0.241152577191235,0.09552001953125,0.56494140625,1,0.46942138671875
CHNCXR_0042_0,Shenzhen,0,0,background_lossy,50,0.7588474228087649,0.09552001953125,0.018585205078125,0,0.076934814453125
CHNCXR_0042_0,Shenzhen,0,0,all_lossy,50,1.0,0.09552001953125,0.2274169921875,0,0.13189697265625
CHNCXR_0042_0,Shenzhen,0,0,lungs_lossy,70,0.241152577191235,0.09552001953125,0.07720947265625,0,0.018310546875
CHNCXR_0042_0,Shenzhen,0,0,background_lossy,70,0.7588474228087649,0.09552001953125,0.1143798828125,0,0.01885986328125
CHNCXR_0042_0,Shenzhen,0,0,all_lossy,70,1.0,0.09552001953125,0.0894775390625,0,0.00604248046875
CHNCXR_0043_0,Shenzhen,0,1,lungs_lossy,10,0.1576273032868526,0.0073738098144531,0.368408203125,0,0.3610343933105469
CHNCXR_0043_0,Shenzhen,0,1,background_lossy,10,0.8423726967131474,0.0073738098144531,0.0139541625976562,0,0.0065803527832031
CHNCXR_0043_0,Shenzhen,0,1,all_lossy,10,1.0,0.0073738098144531,0.6943359375,1,0.6869621276855469
CHNCXR_0043_0,Shenzhen,0,1,lungs_lossy,30,0.1576273032868526,0.0073738098144531,0.8330078125,1,0.8256340026855469
CHNCXR_0043_0,Shenzhen,0,1,background_lossy,30,0.8423726967131474,0.0073738098144531,0.0021324157714843,0,0.0052413940429688
CHNCXR_0043_0,Shenzhen,0,1,all_lossy,30,1.0,0.0073738098144531,0.462158203125,0,0.4547843933105469
CHNCXR_0043_0,Shenzhen,0,1,lungs_lossy,50,0.1576273032868526,0.0073738098144531,0.0537109375,0,0.0463371276855469
CHNCXR_0043_0,Shenzhen,0,1,background_lossy,50,0.8423726967131474,0.0073738098144531,0.0033626556396484,0,0.0040111541748047
CHNCXR_0043_0,Shenzhen,0,1,all_lossy,50,1.0,0.0073738098144531,0.015838623046875,0,0.0084648132324219
CHNCXR_0043_0,Shenzhen,0,1,lungs_lossy,70,0.1576273032868526,0.0073738098144531,0.010986328125,0,0.0036125183105469
CHNCXR_0043_0,Shenzhen,0,1,background_lossy,70,0.8423726967131474,0.0073738098144531,0.0057754516601562,0,0.0015983581542969002
CHNCXR_0043_0,Shenzhen,0,1,all_lossy,70,1.0,0.0073738098144531,0.0082855224609375,0,0.0009117126464844002
CHNCXR_0044_0,Shenzhen,0,2,lungs_lossy,10,0.3019065856933594,0.0182342529296875,0.99267578125,1,0.9744415283203125
CHNCXR_0044_0,Shenzhen,0,2,background_lossy,10,0.6980934143066406,0.0182342529296875,0.11376953125,0,0.0955352783203125
CHNCXR_0044_0,Shenzhen,0,2,all_lossy,10,1.0,0.0182342529296875,0.99462890625,1,0.9763946533203125
CHNCXR_0044_0,Shenzhen,0,2,lungs_lossy,30,0.3019065856933594,0.0182342529296875,0.9697265625,1,0.9514923095703125
CHNCXR_0044_0,Shenzhen,0,2,background_lossy,30,0.6980934143066406,0.0182342529296875,0.2130126953125,0,0.1947784423828125
CHNCXR_0044_0,Shenzhen,0,2,all_lossy,30,1.0,0.0182342529296875,0.994140625,1,0.9759063720703125
CHNCXR_0044_0,Shenzhen,0,2,lungs_lossy,50,0.3019065856933594,0.0182342529296875,0.166259765625,0,0.1480255126953125
CHNCXR_0044_0,Shenzhen,0,2,background_lossy,50,0.6980934143066406,0.0182342529296875,0.06512451171875,0,0.0468902587890625
CHNCXR_0044_0,Shenzhen,0,2,all_lossy,50,1.0,0.0182342529296875,0.269287109375,0,0.2510528564453125
CHNCXR_0044_0,Shenzhen,0,2,lungs_lossy,70,0.3019065856933594,0.0182342529296875,0.017852783203125,0,0.0003814697265625
CHNCXR_0044_0,Shenzhen,0,2,background_lossy,70,0.6980934143066406,0.0182342529296875,0.061309814453125,0,0.0430755615234375
CHNCXR_0044_0,Shenzhen,0,2,all_lossy,70,1.0,0.0182342529296875,0.057708740234375,0,0.0394744873046875
CHNCXR_0045_0,Shenzhen,0,0,lungs_lossy,10,0.182566608565737,0.021331787109375,0.0885009765625,0,0.067169189453125
CHNCXR_0045_0,Shenzhen,0,0,background_lossy,10,0.817433391434263,0.021331787109375,0.0106964111328125,0,0.0106353759765625
CHNCXR_0045_0,Shenzhen,0,0,all_lossy,10,1.0,0.021331787109375,0.59814453125,1,0.576812744140625
CHNCXR_0045_0,Shenzhen,0,0,lungs_lossy,30,0.182566608565737,0.021331787109375,0.62255859375,1,0.601226806640625
CHNCXR_0045_0,Shenzhen,0,0,background_lossy,30,0.817433391434263,0.021331787109375,0.0035934448242187,0,0.0177383422851563
CHNCXR_0045_0,Shenzhen,0,0,all_lossy,30,1.0,0.021331787109375,0.0125274658203125,0,0.0088043212890625
CHNCXR_0045_0,Shenzhen,0,0,lungs_lossy,50,0.182566608565737,0.021331787109375,0.0631103515625,0,0.041778564453125
CHNCXR_0045_0,Shenzhen,0,0,background_lossy,50,0.817433391434263,0.021331787109375,0.0030517578125,0,0.018280029296875
CHNCXR_0045_0,Shenzhen,0,0,all_lossy,50,1.0,0.021331787109375,0.0097427368164062,0,0.0115890502929688
CHNCXR_0045_0,Shenzhen,0,0,lungs_lossy,70,0.182566608565737,0.021331787109375,0.03131103515625,0,0.009979248046875
CHNCXR_0045_0,Shenzhen,0,0,background_lossy,70,0.817433391434263,0.021331787109375,0.008544921875,0,0.012786865234375
CHNCXR_0045_0,Shenzhen,0,0,all_lossy,70,1.0,0.021331787109375,0.0133743286132812,0,0.0079574584960938
CHNCXR_0046_0,Shenzhen,0,4,lungs_lossy,10,0.2878359375,0.0197906494140625,0.505859375,1,0.4860687255859375
CHNCXR_0046_0,Shenzhen,0,4,background_lossy,10,0.7121640625,0.0197906494140625,0.0259552001953125,0,0.00616455078125
CHNCXR_0046_0,Shenzhen,0,4,all_lossy,10,1.0,0.0197906494140625,0.363525390625,0,0.3437347412109375
CHNCXR_0046_0,Shenzhen,0,4,lungs_lossy,30,0.2878359375,0.0197906494140625,0.357177734375,0,0.3373870849609375
CHNCXR_0046_0,Shenzhen,0,4,background_lossy,30,0.7121640625,0.0197906494140625,0.01861572265625,0,0.0011749267578125
CHNCXR_0046_0,Shenzhen,0,4,all_lossy,30,1.0,0.0197906494140625,0.22119140625,0,0.2014007568359375
CHNCXR_0046_0,Shenzhen,0,4,lungs_lossy,50,0.2878359375,0.0197906494140625,0.06744384765625,0,0.0476531982421875
CHNCXR_0046_0,Shenzhen,0,4,background_lossy,50,0.7121640625,0.0197906494140625,0.021484375,0,0.0016937255859375
CHNCXR_0046_0,Shenzhen,0,4,all_lossy,50,1.0,0.0197906494140625,0.08587646484375,0,0.0660858154296875
CHNCXR_0046_0,Shenzhen,0,4,lungs_lossy,70,0.2878359375,0.0197906494140625,0.0261993408203125,0,0.00640869140625
CHNCXR_0046_0,Shenzhen,0,4,background_lossy,70,0.7121640625,0.0197906494140625,0.018798828125,0,0.0009918212890625
CHNCXR_0046_0,Shenzhen,0,4,all_lossy,70,1.0,0.0197906494140625,0.024383544921875,0,0.0045928955078125
CHNCXR_0047_0,Shenzhen,0,1,lungs_lossy,10,0.3389582229872881,0.12841796875,0.87255859375,1,0.744140625
CHNCXR_0047_0,Shenzhen,0,1,background_lossy,10,0.6610417770127119,0.12841796875,0.36572265625,0,0.2373046875
CHNCXR_0047_0,Shenzhen,0,1,all_lossy,10,1.0,0.12841796875,0.888671875,1,0.76025390625
CHNCXR_0047_0,Shenzhen,0,1,lungs_lossy,30,0.3389582229872881,0.12841796875,0.93212890625,1,0.8037109375
CHNCXR_0047_0,Shenzhen,0,1,background_lossy,30,0.6610417770127119,0.12841796875,0.160888671875,0,0.032470703125
CHNCXR_0047_0,Shenzhen,0,1,all_lossy,30,1.0,0.12841796875,0.86669921875,1,0.73828125
CHNCXR_0047_0,Shenzhen,0,1,lungs_lossy,50,0.3389582229872881,0.12841796875,0.27294921875,0,0.14453125
CHNCXR_0047_0,Shenzhen,0,1,background_lossy,50,0.6610417770127119,0.12841796875,0.1434326171875,0,0.0150146484375
CHNCXR_0047_0,Shenzhen,0,1,all_lossy,50,1.0,0.12841796875,0.2626953125,0,0.13427734375
CHNCXR_0047_0,Shenzhen,0,1,lungs_lossy,70,0.3389582229872881,0.12841796875,0.1368408203125,0,0.0084228515625
CHNCXR_0047_0,Shenzhen,0,1,background_lossy,70,0.6610417770127119,0.12841796875,0.1583251953125,0,0.0299072265625
CHNCXR_0047_0,Shenzhen,0,1,all_lossy,70,1.0,0.12841796875,0.1939697265625,0,0.0655517578125
CHNCXR_0048_0,Shenzhen,0,4,lungs_lossy,10,0.2513163208250497,0.0098953247070312,0.1705322265625,0,0.1606369018554688
CHNCXR_0048_0,Shenzhen,0,4,background_lossy,10,0.7486836791749503,0.0098953247070312,0.029205322265625,0,0.0193099975585938
CHNCXR_0048_0,Shenzhen,0,4,all_lossy,10,1.0,0.0098953247070312,0.476806640625,0,0.4669113159179688
CHNCXR_0048_0,Shenzhen,0,4,lungs_lossy,30,0.2513163208250497,0.0098953247070312,0.09173583984375,0,0.0818405151367188
CHNCXR_0048_0,Shenzhen,0,4,background_lossy,30,0.7486836791749503,0.0098953247070312,0.0137939453125,0,0.0038986206054688003
CHNCXR_0048_0,Shenzhen,0,4,all_lossy,30,1.0,0.0098953247070312,0.1165771484375,0,0.1066818237304688
CHNCXR_0048_0,Shenzhen,0,4,lungs_lossy,50,0.2513163208250497,0.0098953247070312,0.0165863037109375,0,0.0066909790039063
CHNCXR_0048_0,Shenzhen,0,4,background_lossy,50,0.7486836791749503,0.0098953247070312,0.0135879516601562,0,0.003692626953125
CHNCXR_0048_0,Shenzhen,0,4,all_lossy,50,1.0,0.0098953247070312,0.0216217041015625,0,0.0117263793945313
CHNCXR_0048_0,Shenzhen,0,4,lungs_lossy,70,0.2513163208250497,0.0098953247070312,0.0102462768554687,0,0.0003509521484375
CHNCXR_0048_0,Shenzhen,0,4,background_lossy,70,0.7486836791749503,0.0098953247070312,0.01214599609375,0,0.0022506713867188003
CHNCXR_0048_0,Shenzhen,0,4,all_lossy,70,1.0,0.0098953247070312,0.0126266479492187,0,0.0027313232421875
CHNCXR_0049_0,Shenzhen,0,0,lungs_lossy,10,0.1888176771457085,0.0040550231933593,0.86279296875,1,0.8587379455566407
CHNCXR_0049_0,Shenzhen,0,0,background_lossy,10,0.8111823228542914,0.0040550231933593,0.0838623046875,0,0.0798072814941407
CHNCXR_0049_0,Shenzhen,0,0,all_lossy,10,1.0,0.0040550231933593,0.74560546875,1,0.7415504455566407
CHNCXR_0049_0,Shenzhen,0,0,lungs_lossy,30,0.1888176771457085,0.0040550231933593,0.91845703125,1,0.9144020080566407
CHNCXR_0049_0,Shenzhen,0,0,background_lossy,30,0.8111823228542914,0.0040550231933593,0.0011882781982421,0,0.0028667449951172005
CHNCXR_0049_0,Shenzhen,0,0,all_lossy,30,1.0,0.0040550231933593,0.258056640625,0,0.2540016174316407
CHNCXR_0049_0,Shenzhen,0,0,lungs_lossy,50,0.1888176771457085,0.0040550231933593,0.09332275390625,0,0.0892677307128907
CHNCXR_0049_0,Shenzhen,0,0,background_lossy,50,0.8111823228542914,0.0040550231933593,0.0027580261230468,0,0.0012969970703125004
CHNCXR_0049_0,Shenzhen,0,0,all_lossy,50,1.0,0.0040550231933593,0.040924072265625,0,0.0368690490722657
CHNCXR_0049_0,Shenzhen,0,0,lungs_lossy,70,0.1888176771457085,0.0040550231933593,0.0070953369140625,0,0.0030403137207031996
CHNCXR_0049_0,Shenzhen,0,0,background_lossy,70,0.8111823228542914,0.0040550231933593,0.0040550231933593,0,0.0
CHNCXR_0049_0,Shenzhen,0,0,all_lossy,70,1.0,0.0040550231933593,0.0070114135742187,0,0.0029563903808593993
CHNCXR_0050_0,Shenzhen,0,0,lungs_lossy,10,0.2628525720675944,0.182373046875,0.556640625,1,0.374267578125
CHNCXR_0050_0,Shenzhen,0,0,background_lossy,10,0.7371474279324055,0.182373046875,0.0137939453125,0,0.1685791015625
CHNCXR_0050_0,Shenzhen,0,0,all_lossy,10,1.0,0.182373046875,0.958984375,1,0.776611328125
CHNCXR_0050_0,Shenzhen,0,0,lungs_lossy,30,0.2628525720675944,0.182373046875,0.90283203125,1,0.720458984375
CHNCXR_0050_0,Shenzhen,0,0,background_lossy,30,0.7371474279324055,0.182373046875,0.03326416015625,0,0.14910888671875
CHNCXR_0050_0,Shenzhen,0,0,all_lossy,30,1.0,0.182373046875,0.83837890625,1,0.656005859375
CHNCXR_0050_0,Shenzhen,0,0,lungs_lossy,50,0.2628525720675944,0.182373046875,0.45166015625,0,0.269287109375
CHNCXR_0050_0,Shenzhen,0,0,background_lossy,50,0.7371474279324055,0.182373046875,0.0638427734375,0,0.1185302734375
CHNCXR_0050_0,Shenzhen,0,0,all_lossy,50,1.0,0.182373046875,0.22900390625,0,0.046630859375
CHNCXR_0050_0,Shenzhen,0,0,lungs_lossy,70,0.2628525720675944,0.182373046875,0.27685546875,0,0.094482421875
CHNCXR_0050_0,Shenzhen,0,0,background_lossy,70,0.7371474279324055,0.182373046875,0.1387939453125,0,0.0435791015625
CHNCXR_0050_0,Shenzhen,0,0,all_lossy,70,1.0,0.182373046875,0.206787109375,0,0.0244140625
CHNCXR_0051_0,Shenzhen,0,1,lungs_lossy,10,0.2360330206262425,0.0003814697265625,0.49462890625,0,0.4942474365234375
CHNCXR_0051_0,Shenzhen,0,1,background_lossy,10,0.7639669793737575,0.0003814697265625,0.0011425018310546,0,0.0007610321044920999
CHNCXR_0051_0,Shenzhen,0,1,all_lossy,10,1.0,0.0003814697265625,0.6181640625,1,0.6177825927734375
CHNCXR_0051_0,Shenzhen,0,1,lungs_lossy,30,0.2360330206262425,0.0003814697265625,0.15625,0,0.1558685302734375
CHNCXR_0051_0,Shenzhen,0,1,background_lossy,30,0.7639669793737575,0.0003814697265625,0.0006237030029296,0,0.0002422332763671
CHNCXR_0051_0,Shenzhen,0,1,all_lossy,30,1.0,0.0003814697265625,0.12493896484375,0,0.1245574951171875
CHNCXR_0051_0,Shenzhen,0,1,lungs_lossy,50,0.2360330206262425,0.0003814697265625,0.0026531219482421,0,0.0022716522216796
CHNCXR_0051_0,Shenzhen,0,1,background_lossy,50,0.7639669793737575,0.0003814697265625,0.0002166032791137,0,0.0001648664474488
CHNCXR_0051_0,Shenzhen,0,1,all_lossy,50,1.0,0.0003814697265625,0.0011920928955078,0,0.0008106231689452999
CHNCXR_0051_0,Shenzhen,0,1,lungs_lossy,70,0.2360330206262425,0.0003814697265625,0.0004029273986816,0,2.145767211910002e-05
CHNCXR_0051_0,Shenzhen,0,1,background_lossy,70,0.7639669793737575,0.0003814697265625,0.00042724609375,0,4.57763671875e-05
CHNCXR_0051_0,Shenzhen,0,1,all_lossy,70,1.0,0.0003814697265625,0.0004045963287353,0,2.312660217280001e-05
CHNCXR_0052_0,Shenzhen,0,1,lungs_lossy,10,0.2876358346193415,0.0001660585403442,0.72021484375,1,0.7200487852096558
CHNCXR_0052_0,Shenzhen,0,1,background_lossy,10,0.7123641653806585,0.0001660585403442,0.0007319450378417,0,0.0005658864974974999
CHNCXR_0052_0,Shenzhen,0,1,all_lossy,10,1.0,0.0001660585403442,0.8193359375,1,0.8191698789596558
CHNCXR_0052_0,Shenzhen,0,1,lungs_lossy,30,0.2876358346193415,0.0001660585403442,0.193603515625,0,0.1934374570846558
CHNCXR_0052_0,Shenzhen,0,1,background_lossy,30,0.7123641653806585,0.0001660585403442,0.0013151168823242,0,0.00114905834198
CHNCXR_0052_0,Shenzhen,0,1,all_lossy,30,1.0,0.0001660585403442,0.377685546875,0,0.3775194883346558
CHNCXR_0052_0,Shenzhen,0,1,lungs_lossy,50,0.2876358346193415,0.0001660585403442,0.0006141662597656,0,0.00044810771942139995
CHNCXR_0052_0,Shenzhen,0,1,background_lossy,50,0.7123641653806585,0.0001660585403442,0.0002397298812866,0,7.36713409424e-05
CHNCXR_0052_0,Shenzhen,0,1,all_lossy,50,1.0,0.0001660585403442,0.0007762908935546,0,0.0006102323532104
CHNCXR_0052_0,Shenzhen,0,1,lungs_lossy,70,0.2876358346193415,0.0001660585403442,0.0001333951950073,0,3.266334533690002e-05
CHNCXR_0052_0,Shenzhen,0,1,background_lossy,70,0.7123641653806585,0.0001660585403442,0.0001713037490844,0,5.245208740199979e-06
CHNCXR_0052_0,Shenzhen,0,1,all_lossy,70,1.0,0.0001660585403442,0.000140905380249,0,2.5153160095200017e-05
CHNCXR_0053_0,Shenzhen,0,0,lungs_lossy,10,0.2371913364955357,0.0014724731445312,0.255126953125,0,0.2536544799804688
CHNCXR_0053_0,Shenzhen,0,0,background_lossy,10,0.7628086635044643,0.0014724731445312,0.0001795291900634,0,0.0012929439544678
CHNCXR_0053_0,Shenzhen,0,0,all_lossy,10,1.0,0.0014724731445312,0.290283203125,0,0.2888107299804688
CHNCXR_0053_0,Shenzhen,0,0,lungs_lossy,30,0.2371913364955357,0.0014724731445312,0.93115234375,1,0.9296798706054688
CHNCXR_0053_0,Shenzhen,0,0,background_lossy,30,0.7628086635044643,0.0014724731445312,9.03010368347168e-05,0,0.0013821721076964831
CHNCXR_0053_0,Shenzhen,0,0,all_lossy,30,1.0,0.0014724731445312,0.32373046875,0,0.3222579956054688
CHNCXR_0053_0,Shenzhen,0,0,lungs_lossy,50,0.2371913364955357,0.0014724731445312,0.0066413879394531,0,0.0051689147949219
CHNCXR_0053_0,Shenzhen,0,0,background_lossy,50,0.7628086635044643,0.0014724731445312,0.000396728515625,0,0.0010757446289062
CHNCXR_0053_0,Shenzhen,0,0,all_lossy,50,1.0,0.0014724731445312,0.0020828247070312,0,0.0006103515625000002
CHNCXR_0053_0,Shenzhen,0,0,lungs_lossy,70,0.2371913364955357,0.0014724731445312,0.0025405883789062,0,0.0010681152343750002
CHNCXR_0053_0,Shenzhen,0,0,background_lossy,70,0.7628086635044643,0.0014724731445312,0.0017004013061523,0,0.00022792816162110004
CHNCXR_0053_0,Shenzhen,0,0,all_lossy,70,1.0,0.0014724731445312,0.0031604766845703,0,0.0016880035400391
CHNCXR_0054_0,Shenzhen,0,1,lungs_lossy,10,0.2369947604790419,0.1654052734375,0.328369140625,0,0.1629638671875
CHNCXR_0054_0,Shenzhen,0,1,background_lossy,10,0.7630052395209581,0.1654052734375,0.7958984375,1,0.6304931640625
CHNCXR_0054_0,Shenzhen,0,1,all_lossy,10,1.0,0.1654052734375,0.93505859375,1,0.7696533203125
CHNCXR_0054_0,Shenzhen,0,1,lungs_lossy,30,0.2369947604790419,0.1654052734375,0.92236328125,1,0.7569580078125
CHNCXR_0054_0,Shenzhen,0,1,background_lossy,30,0.7630052395209581,0.1654052734375,0.49267578125,0,0.3272705078125
CHNCXR_0054_0,Shenzhen,0,1,all_lossy,30,1.0,0.1654052734375,0.95751953125,1,0.7921142578125
CHNCXR_0054_0,Shenzhen,0,1,lungs_lossy,50,0.2369947604790419,0.1654052734375,0.174560546875,0,0.0091552734375
CHNCXR_0054_0,Shenzhen,0,1,background_lossy,50,0.7630052395209581,0.1654052734375,0.2337646484375,0,0.068359375
CHNCXR_0054_0,Shenzhen,0,1,all_lossy,50,1.0,0.1654052734375,0.237060546875,0,0.0716552734375
CHNCXR_0054_0,Shenzhen,0,1,lungs_lossy,70,0.2369947604790419,0.1654052734375,0.1131591796875,0,0.05224609375
CHNCXR_0054_0,Shenzhen,0,1,background_lossy,70,0.7630052395209581,0.1654052734375,0.136474609375,0,0.0289306640625
CHNCXR_0054_0,Shenzhen,0,1,all_lossy,70,1.0,0.1654052734375,0.1014404296875,0,0.06396484375
CHNCXR_0055_0,Shenzhen,0,1,lungs_lossy,10,0.2332899305555555,7.086992263793945e-05,0.0843505859375,0,0.08427971601486206
CHNCXR_0055_0,Shenzhen,0,1,background_lossy,10,0.7667100694444444,7.086992263793945e-05,0.002481460571289,0,0.0024105906486510606
CHNCXR_0055_0,Shenzhen,0,1,all_lossy,10,1.0,7.086992263793945e-05,0.2454833984375,0,0.24541252851486206
CHNCXR_0055_0,Shenzhen,0,1,lungs_lossy,30,0.2332899305555555,7.086992263793945e-05,0.07598876953125,0,0.07591789960861206
CHNCXR_0055_0,Shenzhen,0,1,background_lossy,30,0.7667100694444444,7.086992263793945e-05,0.0005421638488769,0,0.00047129392623896055
CHNCXR_0055_0,Shenzhen,0,1,all_lossy,30,1.0,7.086992263793945e-05,0.2120361328125,0,0.21196526288986206
CHNCXR_0055_0,Shenzhen,0,1,lungs_lossy,50,0.2332899305555555,7.086992263793945e-05,0.0003554821014404,0,0.00028461217880246053
CHNCXR_0055_0,Shenzhen,0,1,background_lossy,50,0.7667100694444444,7.086992263793945e-05,0.0005569458007812,0,0.00048607587814326057
CHNCXR_0055_0,Shenzhen,0,1,all_lossy,50,1.0,7.086992263793945e-05,0.00250244140625,0,0.0024315714836120605
CHNCXR_0055_0,Shenzhen,0,1,lungs_lossy,70,0.2332899305555555,7.086992263793945e-05,0.0001055598258972,0,3.468990325926055e-05
CHNCXR_0055_0,Shenzhen,0,1,background_lossy,70,0.7667100694444444,7.086992263793945e-05,0.0001022815704345,0,3.141164779656055e-05
CHNCXR_0055_0,Shenzhen,0,1,all_lossy,70,1.0,7.086992263793945e-05,0.0001535415649414,0,8.267164230346054e-05
CHNCXR_0056_0,Shenzhen,0,4,lungs_lossy,10,0.1873097353379721,0.0173797607421875,0.2705078125,0,0.2531280517578125
CHNCXR_0056_0,Shenzhen,0,4,background_lossy,10,0.8126902646620279,0.0173797607421875,0.0390625,0,0.0216827392578125
CHNCXR_0056_0,Shenzhen,0,4,all_lossy,10,1.0,0.0173797607421875,0.2186279296875,0,0.2012481689453125
CHNCXR_0056_0,Shenzhen,0,4,lungs_lossy,30,0.1873097353379721,0.0173797607421875,0.30908203125,0,0.2917022705078125
CHNCXR_0056_0,Shenzhen,0,4,background_lossy,30,0.8126902646620279,0.0173797607421875,0.0209197998046875,0,0.0035400390625
CHNCXR_0056_0,Shenzhen,0,4,all_lossy,30,1.0,0.0173797607421875,0.25341796875,0,0.2360382080078125
CHNCXR_0056_0,Shenzhen,0,4,lungs_lossy,50,0.1873097353379721,0.0173797607421875,0.07135009765625,0,0.0539703369140625
CHNCXR_0056_0,Shenzhen,0,4,background_lossy,50,0.8126902646620279,0.0173797607421875,0.0201416015625,0,0.0027618408203125
CHNCXR_0056_0,Shenzhen,0,4,all_lossy,50,1.0,0.0173797607421875,0.0765380859375,0,0.0591583251953125
CHNCXR_0056_0,Shenzhen,0,4,lungs_lossy,70,0.1873097353379721,0.0173797607421875,0.0203399658203125,0,0.002960205078125
CHNCXR_0056_0,Shenzhen,0,4,background_lossy,70,0.8126902646620279,0.0173797607421875,0.017852783203125,0,0.0004730224609375
CHNCXR_0056_0,Shenzhen,0,4,all_lossy,70,1.0,0.0173797607421875,0.0213623046875,0,0.0039825439453125
CHNCXR_0057_0,Shenzhen,0,4,lungs_lossy,10,0.2159681586155378,0.0068511962890625,0.09967041015625,0,0.0928192138671875
CHNCXR_0057_0,Shenzhen,0,4,background_lossy,10,0.7840318413844621,0.0068511962890625,0.0240478515625,0,0.0171966552734375
CHNCXR_0057_0,Shenzhen,0,4,all_lossy,10,1.0,0.0068511962890625,0.23583984375,0,0.2289886474609375
CHNCXR_0057_0,Shenzhen,0,4,lungs_lossy,30,0.2159681586155378,0.0068511962890625,0.1407470703125,0,0.1338958740234375
CHNCXR_0057_0,Shenzhen,0,4,background_lossy,30,0.7840318413844621,0.0068511962890625,0.0167236328125,0,0.0098724365234375
CHNCXR_0057_0,Shenzhen,0,4,all_lossy,30,1.0,0.0068511962890625,0.181884765625,0,0.1750335693359375
CHNCXR_0057_0,Shenzhen,0,4,lungs_lossy,50,0.2159681586155378,0.0068511962890625,0.0108184814453125,0,0.00396728515625
CHNCXR_0057_0,Shenzhen,0,4,background_lossy,50,0.7840318413844621,0.0068511962890625,0.0106964111328125,0,0.00384521484375
CHNCXR_0057_0,Shenzhen,0,4,all_lossy,50,1.0,0.0068511962890625,0.0143890380859375,0,0.007537841796875
CHNCXR_0057_0,Shenzhen,0,4,lungs_lossy,70,0.2159681586155378,0.0068511962890625,0.0060043334960937,0,0.0008468627929688003
CHNCXR_0057_0,Shenzhen,0,4,background_lossy,70,0.7840318413844621,0.0068511962890625,0.0084762573242187,0,0.0016250610351561997
CHNCXR_0057_0,Shenzhen,0,4,all_lossy,70,1.0,0.0068511962890625,0.007232666015625,0,0.0003814697265625
CHNCXR_0058_0,Shenzhen,0,2,lungs_lossy,10,0.1651228792415169,0.08660888671875,0.039642333984375,0,0.046966552734375
CHNCXR_0058_0,Shenzhen,0,2,background_lossy,10,0.8348771207584831,0.08660888671875,0.84033203125,1,0.75372314453125
CHNCXR_0058_0,Shenzhen,0,2,all_lossy,10,1.0,0.08660888671875,0.57568359375,1,0.48907470703125
CHNCXR_0058_0,Shenzhen,0,2,lungs_lossy,30,0.1651228792415169,0.08660888671875,0.162353515625,0,0.07574462890625
CHNCXR_0058_0,Shenzhen,0,2,background_lossy,30,0.8348771207584831,0.08660888671875,0.93359375,1,0.84698486328125
CHNCXR_0058_0,Shenzhen,0,2,all_lossy,30,1.0,0.08660888671875,0.93896484375,1,0.85235595703125
CHNCXR_0058_0,Shenzhen,0,2,lungs_lossy,50,0.1651228792415169,0.08660888671875,0.11083984375,0,0.02423095703125
CHNCXR_0058_0,Shenzhen,0,2,background_lossy,50,0.8348771207584831,0.08660888671875,0.60302734375,1,0.51641845703125
CHNCXR_0058_0,Shenzhen,0,2,all_lossy,50,1.0,0.08660888671875,0.6435546875,1,0.55694580078125
CHNCXR_0058_0,Shenzhen,0,2,lungs_lossy,70,0.1651228792415169,0.08660888671875,0.08709716796875,0,0.00048828125
CHNCXR_0058_0,Shenzhen,0,2,background_lossy,70,0.8348771207584831,0.08660888671875,0.1461181640625,0,0.05950927734375
CHNCXR_0058_0,Shenzhen,0,2,all_lossy,70,1.0,0.08660888671875,0.12286376953125,0,0.0362548828125
CHNCXR_0059_0,Shenzhen,0,0,lungs_lossy,10,0.1933826727137177,0.1400146484375,0.93115234375,1,0.7911376953125
CHNCXR_0059_0,Shenzhen,0,0,background_lossy,10,0.8066173272862823,0.1400146484375,0.391845703125,0,0.2518310546875
CHNCXR_0059_0,Shenzhen,0,0,all_lossy,10,1.0,0.1400146484375,0.98291015625,1,0.8428955078125
CHNCXR_0059_0,Shenzhen,0,0,lungs_lossy,30,0.1933826727137177,0.1400146484375,0.998046875,1,0.8580322265625
CHNCXR_0059_0,Shenzhen,0,0,background_lossy,30,0.8066173272862823,0.1400146484375,0.053192138671875,0,0.086822509765625
CHNCXR_0059_0,Shenzhen,0,0,all_lossy,30,1.0,0.1400146484375,0.94384765625,1,0.8038330078125
CHNCXR_0059_0,Shenzhen,0,0,lungs_lossy,50,0.1933826727137177,0.1400146484375,0.51953125,1,0.3795166015625
CHNCXR_0059_0,Shenzhen,0,0,background_lossy,50,0.8066173272862823,0.1400146484375,0.0740966796875,0,0.06591796875
CHNCXR_0059_0,Shenzhen,0,0,all_lossy,50,1.0,0.1400146484375,0.2440185546875,0,0.10400390625
CHNCXR_0059_0,Shenzhen,0,0,lungs_lossy,70,0.1933826727137177,0.1400146484375,0.153076171875,0,0.0130615234375
CHNCXR_0059_0,Shenzhen,0,0,background_lossy,70,0.8066173272862823,0.1400146484375,0.1610107421875,0,0.02099609375
CHNCXR_0059_0,Shenzhen,0,0,all_lossy,70,1.0,0.1400146484375,0.1513671875,0,0.0113525390625
CHNCXR_0060_0,Shenzhen,0,1,lungs_lossy,10,0.2069375,0.0008459091186523,0.0141143798828125,0,0.0132684707641602
CHNCXR_0060_0,Shenzhen,0,1,background_lossy,10,0.7930625,0.0008459091186523,0.019683837890625,0,0.0188379287719727
CHNCXR_0060_0,Shenzhen,0,1,all_lossy,10,1.0,0.0008459091186523,0.3232421875,0,0.3223962783813477
CHNCXR_0060_0,Shenzhen,0,1,lungs_lossy,30,0.2069375,0.0008459091186523,0.341796875,0,0.3409509658813477
CHNCXR_0060_0,Shenzhen,0,1,background_lossy,30,0.7930625,0.0008459091186523,0.0031604766845703,0,0.002314567565918
CHNCXR_0060_0,Shenzhen,0,1,all_lossy,30,1.0,0.0008459091186523,0.474853515625,0,0.4740076065063477
CHNCXR_0060_0,Shenzhen,0,1,lungs_lossy,50,0.2069375,0.0008459091186523,0.0010690689086914,0,0.0002231597900391
CHNCXR_0060_0,Shenzhen,0,1,background_lossy,50,0.7930625,0.0008459091186523,0.0019645690917968,0,0.0011186599731445
CHNCXR_0060_0,Shenzhen,0,1,all_lossy,50,1.0,0.0008459091186523,0.0028114318847656,0,0.0019655227661133
CHNCXR_0060_0,Shenzhen,0,1,lungs_lossy,70,0.2069375,0.0008459091186523,0.0010318756103515,0,0.0001859664916992001
CHNCXR_0060_0,Shenzhen,0,1,background_lossy,70,0.7930625,0.0008459091186523,0.0014667510986328,0,0.0006208419799805
CHNCXR_0060_0,Shenzhen,0,1,all_lossy,70,1.0,0.0008459091186523,0.001774787902832,0,0.0009288787841797001
CHNCXR_0061_0,Shenzhen,0,4,lungs_lossy,10,0.3302176339285714,0.0699462890625,0.67041015625,1,0.6004638671875
CHNCXR_0061_0,Shenzhen,0,4,background_lossy,10,0.6697823660714286,0.0699462890625,0.1563720703125,0,0.08642578125
CHNCXR_0061_0,Shenzhen,0,4,all_lossy,10,1.0,0.0699462890625,0.6298828125,1,0.5599365234375
CHNCXR_0061_0,Shenzhen,0,4,lungs_lossy,30,0.3302176339285714,0.0699462890625,0.857421875,1,0.7874755859375
CHNCXR_0061_0,Shenzhen,0,4,background_lossy,30,0.6697823660714286,0.0699462890625,0.1693115234375,0,0.099365234375
CHNCXR_0061_0,Shenzhen,0,4,all_lossy,30,1.0,0.0699462890625,0.9013671875,1,0.8314208984375
CHNCXR_0061_0,Shenzhen,0,4,lungs_lossy,50,0.3302176339285714,0.0699462890625,0.269775390625,0,0.1998291015625
CHNCXR_0061_0,Shenzhen,0,4,background_lossy,50,0.6697823660714286,0.0699462890625,0.11456298828125,0,0.04461669921875
CHNCXR_0061_0,Shenzhen,0,4,all_lossy,50,1.0,0.0699462890625,0.365966796875,0,0.2960205078125
CHNCXR_0061_0,Shenzhen,0,4,lungs_lossy,70,0.3302176339285714,0.0699462890625,0.073974609375,0,0.0040283203125
CHNCXR_0061_0,Shenzhen,0,4,background_lossy,70,0.6697823660714286,0.0699462890625,0.0836181640625,0,0.013671875
CHNCXR_0061_0,Shenzhen,0,4,all_lossy,70,1.0,0.0699462890625,0.08270263671875,0,0.01275634765625
CHNCXR_0062_0,Shenzhen,0,3,lungs_lossy,10,0.2459692480079681,0.0003597736358642,0.007843017578125,0,0.0074832439422608
CHNCXR_0062_0,Shenzhen,0,3,background_lossy,10,0.7540307519920318,0.0003597736358642,0.0002341270446777,0,0.00012564659118650002
CHNCXR_0062_0,Shenzhen,0,3,all_lossy,10,1.0,0.0003597736358642,0.009857177734375,0,0.0094974040985108
CHNCXR_0062_0,Shenzhen,0,3,lungs_lossy,30,0.2459692480079681,0.0003597736358642,0.0070648193359375,0,0.0067050457000733
CHNCXR_0062_0,Shenzhen,0,3,background_lossy,30,0.7540307519920318,0.0003597736358642,0.0001132488250732,0,0.000246524810791
CHNCXR_0062_0,Shenzhen,0,3,all_lossy,30,1.0,0.0003597736358642,0.0018243789672851,0,0.0014646053314209002
CHNCXR_0062_0,Shenzhen,0,3,lungs_lossy,50,0.2459692480079681,0.0003597736358642,0.0003433227539062,0,1.6450881958000006e-05
CHNCXR_0062_0,Shenzhen,0,3,background_lossy,50,0.7540307519920318,0.0003597736358642,0.0003054141998291,0,5.4359436035100034e-05
CHNCXR_0062_0,Shenzhen,0,3,all_lossy,50,1.0,0.0003597736358642,0.0002825260162353,0,7.724761962890002e-05
CHNCXR_0062_0,Shenzhen,0,3,lungs_lossy,70,0.2459692480079681,0.0003597736358642,0.000295877456665,0,6.389617919920005e-05
CHNCXR_0062_0,Shenzhen,0,3,background_lossy,70,0.7540307519920318,0.0003597736358642,0.0003583431243896,0,1.4305114746000509e-06
CHNCXR_0062_0,Shenzhen,0,3,all_lossy,70,1.0,0.0003597736358642,0.0003149509429931,0,4.482269287110004e-05
CHNCXR_0063_0,Shenzhen,0,0,lungs_lossy,10,0.3004661043326693,0.095703125,0.99560546875,1,0.89990234375
CHNCXR_0063_0,Shenzhen,0,0,background_lossy,10,0.6995338956673307,0.095703125,0.022247314453125,0,0.073455810546875
CHNCXR_0063_0,Shenzhen,0,0,all_lossy,10,1.0,0.095703125,0.99560546875,1,0.89990234375
CHNCXR_0063_0,Shenzhen,0,0,lungs_lossy,30,0.3004661043326693,0.095703125,0.98388671875,1,0.88818359375
CHNCXR_0063_0,Shenzhen,0,0,background_lossy,30,0.6995338956673307,0.095703125,0.0078125,0,0.087890625
CHNCXR_0063_0,Shenzhen,0,0,all_lossy,30,1.0,0.095703125,0.76513671875,1,0.66943359375
CHNCXR_0063_0,Shenzhen,0,0,lungs_lossy,50,0.3004661043326693,0.095703125,0.23193359375,0,0.13623046875
CHNCXR_0063_0,Shenzhen,0,0,background_lossy,50,0.6995338956673307,0.095703125,0.029205322265625,0,0.066497802734375
CHNCXR_0063_0,Shenzhen,0,0,all_lossy,50,1.0,0.095703125,0.070556640625,0,0.025146484375
CHNCXR_0063_0,Shenzhen,0,0,lungs_lossy,70,0.3004661043326693,0.095703125,0.05865478515625,0,0.03704833984375
CHNCXR_0063_0,Shenzhen,0,0,background_lossy,70,0.6995338956673307,0.095703125,0.0706787109375,0,0.0250244140625
CHNCXR_0063_0,Shenzhen,0,0,all_lossy,70,1.0,0.095703125,0.04351806640625,0,0.05218505859375
CHNCXR_0064_0,Shenzhen,0,1,lungs_lossy,10,0.2269554594123506,0.000826358795166,0.44775390625,0,0.446927547454834
CHNCXR_0064_0,Shenzhen,0,1,background_lossy,10,0.7730445405876494,0.000826358795166,0.02886962890625,0,0.028043270111083998
CHNCXR_0064_0,Shenzhen,0,1,all_lossy,10,1.0,0.000826358795166,0.92431640625,1,0.923490047454834
CHNCXR_0064_0,Shenzhen,0,1,lungs_lossy,30,0.2269554594123506,0.000826358795166,0.200927734375,0,0.200101375579834
CHNCXR_0064_0,Shenzhen,0,1,background_lossy,30,0.7730445405876494,0.000826358795166,0.0056877136230468,0,0.0048613548278808
CHNCXR_0064_0,Shenzhen,0,1,all_lossy,30,1.0,0.000826358795166,0.257080078125,0,0.256253719329834
CHNCXR_0064_0,Shenzhen,0,1,lungs_lossy,50,0.2269554594123506,0.000826358795166,0.0165863037109375,0,0.015759944915771498
CHNCXR_0064_0,Shenzhen,0,1,background_lossy,50,0.7730445405876494,0.000826358795166,0.0005793571472167,0,0.00024700164794930007
CHNCXR_0064_0,Shenzhen,0,1,all_lossy,50,1.0,0.000826358795166,0.0070381164550781,0,0.0062117576599121
CHNCXR_0064_0,Shenzhen,0,1,lungs_lossy,70,0.2269554594123506,0.000826358795166,0.0015544891357421,0,0.0007281303405760999
CHNCXR_0064_0,Shenzhen,0,1,background_lossy,70,0.7730445405876494,0.000826358795166,0.0005154609680175,0,0.00031089782714850006
CHNCXR_0064_0,Shenzhen,0,1,all_lossy,70,1.0,0.000826358795166,0.0008864402770996,0,6.008148193360004e-05
CHNCXR_0065_0,Shenzhen,0,3,lungs_lossy,10,0.244924981361829,0.0005273818969726,0.0036640167236328,0,0.0031366348266602
CHNCXR_0065_0,Shenzhen,0,3,background_lossy,10,0.755075018638171,0.0005273818969726,0.0004107952117919,0,0.0001165866851807
CHNCXR_0065_0,Shenzhen,0,3,all_lossy,10,1.0,0.0005273818969726,0.0130691528320312,0,0.012541770935058599
CHNCXR_0065_0,Shenzhen,0,3,lungs_lossy,30,0.244924981361829,0.0005273818969726,0.0037364959716796,0,0.003209114074707
CHNCXR_0065_0,Shenzhen,0,3,background_lossy,30,0.755075018638171,0.0005273818969726,0.0001647472381591,0,0.0003626346588135
CHNCXR_0065_0,Shenzhen,0,3,all_lossy,30,1.0,0.0005273818969726,0.0009398460388183,0,0.0004124641418457
CHNCXR_0065_0,Shenzhen,0,3,lungs_lossy,50,0.244924981361829,0.0005273818969726,0.0003597736358642,0,0.00016760826110839996
CHNCXR_0065_0,Shenzhen,0,3,background_lossy,50,0.755075018638171,0.0005273818969726,0.0002715587615966,0,0.000255823135376
CHNCXR_0065_0,Shenzhen,0,3,all_lossy,50,1.0,0.0005273818969726,0.0002287626266479,0,0.0002986192703247
CHNCXR_0065_0,Shenzhen,0,3,lungs_lossy,70,0.244924981361829,0.0005273818969726,0.0004141330718994,0,0.00011324882507319996
CHNCXR_0065_0,Shenzhen,0,3,background_lossy,70,0.755075018638171,0.0005273818969726,0.0005702972412109,0,4.291534423830001e-05
CHNCXR_0065_0,Shenzhen,0,3,all_lossy,70,1.0,0.0005273818969726,0.0004222393035888,0,0.00010514259338379996
CHNCXR_0066_0,Shenzhen,0,2,lungs_lossy,10,0.1687040898904382,0.0002868175506591,0.08209228515625,0,0.0818054676055909
CHNCXR_0066_0,Shenzhen,0,2,background_lossy,10,0.8312959101095617,0.0002868175506591,0.034942626953125,0,0.0346558094024659
CHNCXR_0066_0,Shenzhen,0,2,all_lossy,10,1.0,0.0002868175506591,0.96240234375,1,0.9621155261993409
CHNCXR_0066_0,Shenzhen,0,2,lungs_lossy,30,0.1687040898904382,0.0002868175506591,0.277099609375,0,0.2768127918243409
CHNCXR_0066_0,Shenzhen,0,2,background_lossy,30,0.8312959101095617,0.0002868175506591,0.0058441162109375,0,0.0055572986602784
CHNCXR_0066_0,Shenzhen,0,2,all_lossy,30,1.0,0.0002868175506591,0.90087890625,1,0.9005920886993409
CHNCXR_0066_0,Shenzhen,0,2,lungs_lossy,50,0.1687040898904382,0.0002868175506591,0.0015010833740234,0,0.0012142658233642999
CHNCXR_0066_0,Shenzhen,0,2,background_lossy,50,0.8312959101095617,0.0002868175506591,0.0054054260253906,0,0.0051186084747315
CHNCXR_0066_0,Shenzhen,0,2,all_lossy,50,1.0,0.0002868175506591,0.042724609375,0,0.0424377918243409
CHNCXR_0066_0,Shenzhen,0,2,lungs_lossy,70,0.1687040898904382,0.0002868175506591,0.0004029273986816,0,0.00011610984802250002
CHNCXR_0066_0,Shenzhen,0,2,background_lossy,70,0.8312959101095617,0.0002868175506591,0.0007977485656738,0,0.0005109310150147
CHNCXR_0066_0,Shenzhen,0,2,all_lossy,70,1.0,0.0002868175506591,0.0009288787841796,0,0.0006420612335205
CHNCXR_0067_0,Shenzhen,0,2,lungs_lossy,10,0.2700282678926441,0.06744384765625,0.382080078125,0,0.31463623046875
CHNCXR_0067_0,Shenzhen,0,2,background_lossy,10,0.7299717321073559,0.06744384765625,0.68212890625,1,0.61468505859375
CHNCXR_0067_0,Shenzhen,0,2,all_lossy,10,1.0,0.06744384765625,0.98046875,1,0.91302490234375
CHNCXR_0067_0,Shenzhen,0,2,lungs_lossy,30,0.2700282678926441,0.06744384765625,0.96875,1,0.90130615234375
CHNCXR_0067_0,Shenzhen,0,2,background_lossy,30,0.7299717321073559,0.06744384765625,0.434326171875,0,0.36688232421875
CHNCXR_0067_0,Shenzhen,0,2,all_lossy,30,1.0,0.06744384765625,0.970703125,1,0.90325927734375
CHNCXR_0067_0,Shenzhen,0,2,lungs_lossy,50,0.2700282678926441,0.06744384765625,0.1630859375,0,0.09564208984375
CHNCXR_0067_0,Shenzhen,0,2,background_lossy,50,0.7299717321073559,0.06744384765625,0.286865234375,0,0.21942138671875
CHNCXR_0067_0,Shenzhen,0,2,all_lossy,50,1.0,0.06744384765625,0.57177734375,1,0.50433349609375
CHNCXR_0067_0,Shenzhen,0,2,lungs_lossy,70,0.2700282678926441,0.06744384765625,0.0704345703125,0,0.00299072265625
CHNCXR_0067_0,Shenzhen,0,2,background_lossy,70,0.7299717321073559,0.06744384765625,0.0755615234375,0,0.00811767578125
CHNCXR_0067_0,Shenzhen,0,2,all_lossy,70,1.0,0.06744384765625,0.07891845703125,0,0.011474609375
CHNCXR_0068_0,Shenzhen,0,0,lungs_lossy,10,0.2140305963645418,0.0026321411132812,0.91455078125,1,0.9119186401367188
CHNCXR_0068_0,Shenzhen,0,0,background_lossy,10,0.7859694036354582,0.0026321411132812,0.0061912536621093,0,0.0035591125488281003
CHNCXR_0068_0,Shenzhen,0,0,all_lossy,10,1.0,0.0026321411132812,0.98486328125,1,0.9822311401367188
CHNCXR_0068_0,Shenzhen,0,0,lungs_lossy,30,0.2140305963645418,0.0026321411132812,0.9853515625,1,0.9827194213867188
CHNCXR_0068_0,Shenzhen,0,0,background_lossy,30,0.7859694036354582,0.0026321411132812,0.0009660720825195,0,0.0016660690307617
CHNCXR_0068_0,Shenzhen,0,0,all_lossy,30,1.0,0.0026321411132812,0.461669921875,0,0.4590377807617188
CHNCXR_0068_0,Shenzhen,0,0,lungs_lossy,50,0.2140305963645418,0.0026321411132812,0.05059814453125,0,0.0479660034179688
CHNCXR_0068_0,Shenzhen,0,0,background_lossy,50,0.7859694036354582,0.0026321411132812,0.0021076202392578,0,0.0005245208740234002
CHNCXR_0068_0,Shenzhen,0,0,all_lossy,50,1.0,0.0026321411132812,0.0219879150390625,0,0.0193557739257813
CHNCXR_0068_0,Shenzhen,0,0,lungs_lossy,70,0.2140305963645418,0.0026321411132812,0.0026416778564453,0,9.536743164099797e-06
CHNCXR_0068_0,Shenzhen,0,0,background_lossy,70,0.7859694036354582,0.0026321411132812,0.0022697448730468,0,0.00036239624023440015
CHNCXR_0068_0,Shenzhen,0,0,all_lossy,70,1.0,0.0026321411132812,0.0022335052490234,0,0.0003986358642577999
CHNCXR_0069_0,Shenzhen,0,0,lungs_lossy,10,0.2598407451923077,0.0012550354003906,0.94287109375,1,0.9416160583496094
CHNCXR_0069_0,Shenzhen,0,0,background_lossy,10,0.7401592548076923,0.0012550354003906,0.000460147857666,0,0.0007948875427246
CHNCXR_0069_0,Shenzhen,0,0,all_lossy,10,1.0,0.0012550354003906,0.43798828125,0,0.4367332458496094
CHNCXR_0069_0,Shenzhen,0,0,lungs_lossy,30,0.2598407451923077,0.0012550354003906,0.64501953125,1,0.6437644958496094
CHNCXR_0069_0,Shenzhen,0,0,background_lossy,30,0.7401592548076923,0.0012550354003906,0.000130295753479,0,0.0011247396469116
CHNCXR_0069_0,Shenzhen,0,0,all_lossy,30,1.0,0.0012550354003906,0.034881591796875,0,0.0336265563964844
CHNCXR_0069_0,Shenzhen,0,0,lungs_lossy,50,0.2598407451923077,0.0012550354003906,0.0030517578125,0,0.0017967224121094
CHNCXR_0069_0,Shenzhen,0,0,background_lossy,50,0.7401592548076923,0.0012550354003906,0.000251293182373,0,0.0010037422180176
CHNCXR_0069_0,Shenzhen,0,0,all_lossy,50,1.0,0.0012550354003906,0.0005617141723632,0,0.0006933212280274
CHNCXR_0069_0,Shenzhen,0,0,lungs_lossy,70,0.2598407451923077,0.0012550354003906,0.0014610290527343,0,0.0002059936523436999
CHNCXR_0069_0,Shenzhen,0,0,background_lossy,70,0.7401592548076923,0.0012550354003906,0.0005974769592285,0,0.0006575584411621
CHNCXR_0069_0,Shenzhen,0,0,all_lossy,70,1.0,0.0012550354003906,0.000704288482666,0,0.0005507469177246
CHNCXR_0070_0,Shenzhen,0,2,lungs_lossy,10,0.3352020640432099,0.89794921875,0.94970703125,0,0.0517578125
CHNCXR_0070_0,Shenzhen,0,2,background_lossy,10,0.6647979359567902,0.89794921875,0.8037109375,0,0.09423828125
CHNCXR_0070_0,Shenzhen,0,2,all_lossy,10,1.0,0.89794921875,0.994140625,0,0.09619140625
CHNCXR_0070_0,Shenzhen,0,2,lungs_lossy,30,0.3352020640432099,0.89794921875,0.99951171875,0,0.1015625
CHNCXR_0070_0,Shenzhen,0,2,background_lossy,30,0.6647979359567902,0.89794921875,0.876953125,0,0.02099609375
CHNCXR_0070_0,Shenzhen,0,2,all_lossy,30,1.0,0.89794921875,0.99853515625,0,0.1005859375
CHNCXR_0070_0,Shenzhen,0,2,lungs_lossy,50,0.3352020640432099,0.89794921875,0.97705078125,0,0.0791015625
CHNCXR_0070_0,Shenzhen,0,2,background_lossy,50,0.6647979359567902,0.89794921875,0.90576171875,0,0.0078125
CHNCXR_0070_0,Shenzhen,0,2,all_lossy,50,1.0,0.89794921875,0.98095703125,0,0.0830078125
CHNCXR_0070_0,Shenzhen,0,2,lungs_lossy,70,0.3352020640432099,0.89794921875,0.7548828125,0,0.14306640625
CHNCXR_0070_0,Shenzhen,0,2,background_lossy,70,0.6647979359567902,0.89794921875,0.8974609375,0,0.00048828125
CHNCXR_0070_0,Shenzhen,0,2,all_lossy,70,1.0,0.89794921875,0.771484375,0,0.12646484375
CHNCXR_0071_0,Shenzhen,0,1,lungs_lossy,10,0.2755435805722891,0.1063232421875,0.13671875,0,0.0303955078125
CHNCXR_0071_0,Shenzhen,0,1,background_lossy,10,0.7244564194277108,0.1063232421875,0.251953125,0,0.1456298828125
CHNCXR_0071_0,Shenzhen,0,1,all_lossy,10,1.0,0.1063232421875,0.368896484375,0,0.2625732421875
CHNCXR_0071_0,Shenzhen,0,1,lungs_lossy,30,0.2755435805722891,0.1063232421875,0.541015625,1,0.4346923828125
CHNCXR_0071_0,Shenzhen,0,1,background_lossy,30,0.7244564194277108,0.1063232421875,0.06427001953125,0,0.04205322265625
CHNCXR_0071_0,Shenzhen,0,1,all_lossy,30,1.0,0.1063232421875,0.57275390625,1,0.4664306640625
CHNCXR_0071_0,Shenzhen,0,1,lungs_lossy,50,0.2755435805722891,0.1063232421875,0.25341796875,0,0.1470947265625
CHNCXR_0071_0,Shenzhen,0,1,background_lossy,50,0.7244564194277108,0.1063232421875,0.0635986328125,0,0.042724609375
CHNCXR_0071_0,Shenzhen,0,1,all_lossy,50,1.0,0.1063232421875,0.17626953125,0,0.0699462890625
CHNCXR_0071_0,Shenzhen,0,1,lungs_lossy,70,0.2755435805722891,0.1063232421875,0.321044921875,0,0.2147216796875
CHNCXR_0071_0,Shenzhen,0,1,background_lossy,70,0.7244564194277108,0.1063232421875,0.06817626953125,0,0.03814697265625
CHNCXR_0071_0,Shenzhen,0,1,all_lossy,70,1.0,0.1063232421875,0.2265625,0,0.1202392578125
CHNCXR_0072_0,Shenzhen,0,3,lungs_lossy,10,0.2953567504882812,0.0032596588134765,0.0177154541015625,0,0.014455795288086
CHNCXR_0072_0,Shenzhen,0,3,background_lossy,10,0.7046432495117188,0.0032596588134765,0.0032596588134765,0,0.0
CHNCXR_0072_0,Shenzhen,0,3,all_lossy,10,1.0,0.0032596588134765,0.18798828125,0,0.1847286224365235
CHNCXR_0072_0,Shenzhen,0,3,lungs_lossy,30,0.2953567504882812,0.0032596588134765,0.0030746459960937,0,0.00018501281738279992
CHNCXR_0072_0,Shenzhen,0,3,background_lossy,30,0.7046432495117188,0.0032596588134765,0.0025215148925781,0,0.0007381439208984002
CHNCXR_0072_0,Shenzhen,0,3,all_lossy,30,1.0,0.0032596588134765,0.0059814453125,0,0.0027217864990235
CHNCXR_0072_0,Shenzhen,0,3,lungs_lossy,50,0.2953567504882812,0.0032596588134765,0.0060958862304687,0,0.0028362274169921996
CHNCXR_0072_0,Shenzhen,0,3,background_lossy,50,0.7046432495117188,0.0032596588134765,0.0019044876098632,0,0.0013551712036133001
CHNCXR_0072_0,Shenzhen,0,3,all_lossy,50,1.0,0.0032596588134765,0.002878189086914,0,0.0003814697265625
CHNCXR_0072_0,Shenzhen,0,3,lungs_lossy,70,0.2953567504882812,0.0032596588134765,0.0034427642822265,0,0.00018310546875
CHNCXR_0072_0,Shenzhen,0,3,background_lossy,70,0.7046432495117188,0.0032596588134765,0.00274658203125,0,0.0005130767822265
CHNCXR_0072_0,Shenzhen,0,3,all_lossy,70,1.0,0.0032596588134765,0.0026836395263671,0,0.0005760192871094002
CHNCXR_0073_0,Shenzhen,0,1,lungs_lossy,10,0.1887891401590457,0.0035247802734375,0.1544189453125,0,0.1508941650390625
CHNCXR_0073_0,Shenzhen,0,1,background_lossy,10,0.8112108598409543,0.0035247802734375,0.034698486328125,0,0.0311737060546875
CHNCXR_0073_0,Shenzhen,0,1,all_lossy,10,1.0,0.0035247802734375,0.76416015625,1,0.7606353759765625
CHNCXR_0073_0,Shenzhen,0,1,lungs_lossy,30,0.1887891401590457,0.0035247802734375,0.1019287109375,0,0.0984039306640625
CHNCXR_0073_0,Shenzhen,0,1,background_lossy,30,0.8112108598409543,0.0035247802734375,0.0103302001953125,0,0.006805419921875
CHNCXR_0073_0,Shenzhen,0,1,all_lossy,30,1.0,0.0035247802734375,0.11260986328125,0,0.1090850830078125
CHNCXR_0073_0,Shenzhen,0,1,lungs_lossy,50,0.1887891401590457,0.0035247802734375,0.0582275390625,0,0.0547027587890625
CHNCXR_0073_0,Shenzhen,0,1,background_lossy,50,0.8112108598409543,0.0035247802734375,0.0074882507324218,0,0.0039634704589843
CHNCXR_0073_0,Shenzhen,0,1,all_lossy,50,1.0,0.0035247802734375,0.09234619140625,0,0.0888214111328125
CHNCXR_0073_0,Shenzhen,0,1,lungs_lossy,70,0.1887891401590457,0.0035247802734375,0.0019874572753906,0,0.0015373229980469002
CHNCXR_0073_0,Shenzhen,0,1,background_lossy,70,0.8112108598409543,0.0035247802734375,0.0045928955078125,0,0.001068115234375
CHNCXR_0073_0,Shenzhen,0,1,all_lossy,70,1.0,0.0035247802734375,0.0027999877929687,0,0.0007247924804687999
CHNCXR_0074_0,Shenzhen,0,4,lungs_lossy,10,0.1511999844913151,0.07476806640625,0.144775390625,0,0.07000732421875
CHNCXR_0074_0,Shenzhen,0,4,background_lossy,10,0.8488000155086849,0.07476806640625,0.296875,0,0.22210693359375
CHNCXR_0074_0,Shenzhen,0,4,all_lossy,10,1.0,0.07476806640625,0.340576171875,0,0.26580810546875
CHNCXR_0074_0,Shenzhen,0,4,lungs_lossy,30,0.1511999844913151,0.07476806640625,0.09503173828125,0,0.020263671875
CHNCXR_0074_0,Shenzhen,0,4,background_lossy,30,0.8488000155086849,0.07476806640625,0.1767578125,0,0.10198974609375
CHNCXR_0074_0,Shenzhen,0,4,all_lossy,30,1.0,0.07476806640625,0.1922607421875,0,0.11749267578125
CHNCXR_0074_0,Shenzhen,0,4,lungs_lossy,50,0.1511999844913151,0.07476806640625,0.06658935546875,0,0.0081787109375
CHNCXR_0074_0,Shenzhen,0,4,background_lossy,50,0.8488000155086849,0.07476806640625,0.12432861328125,0,0.049560546875
CHNCXR_0074_0,Shenzhen,0,4,all_lossy,50,1.0,0.07476806640625,0.11993408203125,0,0.045166015625
CHNCXR_0074_0,Shenzhen,0,4,lungs_lossy,70,0.1511999844913151,0.07476806640625,0.06646728515625,0,0.00830078125
CHNCXR_0074_0,Shenzhen,0,4,background_lossy,70,0.8488000155086849,0.07476806640625,0.09515380859375,0,0.0203857421875
CHNCXR_0074_0,Shenzhen,0,4,all_lossy,70,1.0,0.07476806640625,0.082275390625,0,0.00750732421875
CHNCXR_0075_0,Shenzhen,0,2,lungs_lossy,10,0.1961513693058568,0.0136337280273437,0.1451416015625,0,0.1315078735351563
CHNCXR_0075_0,Shenzhen,0,2,background_lossy,10,0.8038486306941431,0.0136337280273437,0.82373046875,1,0.8100967407226562
CHNCXR_0075_0,Shenzhen,0,2,all_lossy,10,1.0,0.0136337280273437,0.8212890625,1,0.8076553344726562
CHNCXR_0075_0,Shenzhen,0,2,lungs_lossy,30,0.1961513693058568,0.0136337280273437,0.06622314453125,0,0.0525894165039063
CHNCXR_0075_0,Shenzhen,0,2,background_lossy,30,0.8038486306941431,0.0136337280273437,0.281982421875,0,0.2683486938476563
CHNCXR_0075_0,Shenzhen,0,2,all_lossy,30,1.0,0.0136337280273437,0.38037109375,0,0.3667373657226563
CHNCXR_0075_0,Shenzhen,0,2,lungs_lossy,50,0.1961513693058568,0.0136337280273437,0.0142822265625,0,0.0006484985351563003
CHNCXR_0075_0,Shenzhen,0,2,background_lossy,50,0.8038486306941431,0.0136337280273437,0.02337646484375,0,0.0097427368164063
CHNCXR_0075_0,Shenzhen,0,2,all_lossy,50,1.0,0.0136337280273437,0.023651123046875,0,0.0100173950195313
CHNCXR_0075_0,Shenzhen,0,2,lungs_lossy,70,0.1961513693058568,0.0136337280273437,0.0102081298828125,0,0.0034255981445311997
CHNCXR_0075_0,Shenzhen,0,2,background_lossy,70,0.8038486306941431,0.0136337280273437,0.0364990234375,0,0.0228652954101563
CHNCXR_0075_0,Shenzhen,0,2,all_lossy,70,1.0,0.0136337280273437,0.0244293212890625,0,0.0107955932617188
CHNCXR_0076_0,Shenzhen,0,2,lungs_lossy,10,0.1774697580645161,0.040313720703125,0.314208984375,0,0.273895263671875
CHNCXR_0076_0,Shenzhen,0,2,background_lossy,10,0.8225302419354839,0.040313720703125,0.8837890625,1,0.843475341796875
CHNCXR_0076_0,Shenzhen,0,2,all_lossy,10,1.0,0.040313720703125,0.67578125,1,0.635467529296875
CHNCXR_0076_0,Shenzhen,0,2,lungs_lossy,30,0.1774697580645161,0.040313720703125,0.62353515625,1,0.583221435546875
CHNCXR_0076_0,Shenzhen,0,2,background_lossy,30,0.8225302419354839,0.040313720703125,0.333740234375,0,0.293426513671875
CHNCXR_0076_0,Shenzhen,0,2,all_lossy,30,1.0,0.040313720703125,0.8232421875,1,0.782928466796875
CHNCXR_0076_0,Shenzhen,0,2,lungs_lossy,50,0.1774697580645161,0.040313720703125,0.12744140625,0,0.087127685546875
CHNCXR_0076_0,Shenzhen,0,2,background_lossy,50,0.8225302419354839,0.040313720703125,0.081787109375,0,0.041473388671875
CHNCXR_0076_0,Shenzhen,0,2,all_lossy,50,1.0,0.040313720703125,0.1492919921875,0,0.108978271484375
CHNCXR_0076_0,Shenzhen,0,2,lungs_lossy,70,0.1774697580645161,0.040313720703125,0.0330810546875,0,0.007232666015625
CHNCXR_0076_0,Shenzhen,0,2,background_lossy,70,0.8225302419354839,0.040313720703125,0.134521484375,0,0.094207763671875
CHNCXR_0076_0,Shenzhen,0,2,all_lossy,70,1.0,0.040313720703125,0.09368896484375,0,0.053375244140625
CHNCXR_0077_0,Shenzhen,0,1,lungs_lossy,10,0.2068756225099601,0.000826358795166,0.2440185546875,0,0.243192195892334
CHNCXR_0077_0,Shenzhen,0,1,background_lossy,10,0.7931243774900398,0.000826358795166,0.006072998046875,0,0.005246639251709
CHNCXR_0077_0,Shenzhen,0,1,all_lossy,10,1.0,0.000826358795166,0.5234375,1,0.522611141204834
CHNCXR_0077_0,Shenzhen,0,1,lungs_lossy,30,0.2068756225099601,0.000826358795166,0.2080078125,0,0.207181453704834
CHNCXR_0077_0,Shenzhen,0,1,background_lossy,30,0.7931243774900398,0.000826358795166,0.001129150390625,0,0.000302791595459
CHNCXR_0077_0,Shenzhen,0,1,all_lossy,30,1.0,0.000826358795166,0.10107421875,0,0.100247859954834
CHNCXR_0077_0,Shenzhen,0,1,lungs_lossy,50,0.2068756225099601,0.000826358795166,0.0011920928955078,0,0.0003657341003417999
CHNCXR_0077_0,Shenzhen,0,1,background_lossy,50,0.7931243774900398,0.000826358795166,0.0007495880126953,0,7.677078247069998e-05
CHNCXR_0077_0,Shenzhen,0,1,all_lossy,50,1.0,0.000826358795166,0.0009002685546875,0,7.390975952149999e-05
CHNCXR_0077_0,Shenzhen,0,1,lungs_lossy,70,0.2068756225099601,0.000826358795166,0.0011243820190429,0,0.0002980232238769
CHNCXR_0077_0,Shenzhen,0,1,background_lossy,70,0.7931243774900398,0.000826358795166,0.0010318756103515,0,0.00020551681518550004
CHNCXR_0077_0,Shenzhen,0,1,all_lossy,70,1.0,0.000826358795166,0.0014047622680664,0,0.0005784034729004
CHNCXR_0078_0,Shenzhen,0,1,lungs_lossy,10,0.2848397356719367,0.0011787414550781,0.0103302001953125,0,0.0091514587402344
CHNCXR_0078_0,Shenzhen,0,1,background_lossy,10,0.7151602643280632,0.0011787414550781,0.0021820068359375,0,0.0010032653808594
CHNCXR_0078_0,Shenzhen,0,1,all_lossy,10,1.0,0.0011787414550781,0.022369384765625,0,0.0211906433105469
CHNCXR_0078_0,Shenzhen,0,1,lungs_lossy,30,0.2848397356719367,0.0011787414550781,0.10467529296875,0,0.1034965515136719
CHNCXR_0078_0,Shenzhen,0,1,background_lossy,30,0.7151602643280632,0.0011787414550781,0.0021247863769531,0,0.0009460449218749998
CHNCXR_0078_0,Shenzhen,0,1,all_lossy,30,1.0,0.0011787414550781,0.1318359375,0,0.1306571960449219
CHNCXR_0078_0,Shenzhen,0,1,lungs_lossy,50,0.2848397356719367,0.0011787414550781,0.04876708984375,0,0.0475883483886719
CHNCXR_0078_0,Shenzhen,0,1,background_lossy,50,0.7151602643280632,0.0011787414550781,0.0014209747314453,0,0.00024223327636719986
CHNCXR_0078_0,Shenzhen,0,1,all_lossy,50,1.0,0.0011787414550781,0.07696533203125,0,0.0757865905761719
CHNCXR_0078_0,Shenzhen,0,1,lungs_lossy,70,0.2848397356719367,0.0011787414550781,0.001077651977539,0,0.00010108947753910001
CHNCXR_0078_0,Shenzhen,0,1,background_lossy,70,0.7151602643280632,0.0011787414550781,0.0012845993041992,0,0.00010585784912110004
CHNCXR_0078_0,Shenzhen,0,1,all_lossy,70,1.0,0.0011787414550781,0.0012788772583007,0,0.00010013580322259987
CHNCXR_0079_0,Shenzhen,0,1,lungs_lossy,10,0.2655199514442231,4.649162292480469e-05,0.0306243896484375,0,0.030577898025512695
CHNCXR_0079_0,Shenzhen,0,1,background_lossy,10,0.7344800485557769,4.649162292480469e-05,0.0001940727233886,0,0.0001475811004637953
CHNCXR_0079_0,Shenzhen,0,1,all_lossy,10,1.0,4.649162292480469e-05,0.1971435546875,0,0.1970970630645752
CHNCXR_0079_0,Shenzhen,0,1,lungs_lossy,30,0.2655199514442231,4.649162292480469e-05,0.0170440673828125,0,0.016997575759887695
CHNCXR_0079_0,Shenzhen,0,1,background_lossy,30,0.7344800485557769,4.649162292480469e-05,0.0001252889633178,0,7.879734039299531e-05
CHNCXR_0079_0,Shenzhen,0,1,all_lossy,30,1.0,4.649162292480469e-05,0.018585205078125,0,0.018538713455200195
CHNCXR_0079_0,Shenzhen,0,1,lungs_lossy,50,0.2655199514442231,4.649162292480469e-05,0.0006589889526367,0,0.0006124973297118953
CHNCXR_0079_0,Shenzhen,0,1,background_lossy,50,0.7344800485557769,4.649162292480469e-05,0.000192642211914,0,0.0001461505889891953
CHNCXR_0079_0,Shenzhen,0,1,all_lossy,50,1.0,4.649162292480469e-05,0.0014104843139648,0,0.0013639926910399953
CHNCXR_0079_0,Shenzhen,0,1,lungs_lossy,70,0.2655199514442231,4.649162292480469e-05,5.9664249420166016e-05,0,1.3172626495361328e-05
CHNCXR_0079_0,Shenzhen,0,1,background_lossy,70,0.7344800485557769,4.649162292480469e-05,4.363059997558594e-05,0,2.86102294921875e-06
CHNCXR_0079_0,Shenzhen,0,1,all_lossy,70,1.0,4.649162292480469e-05,4.684925079345703e-05,0,3.5762786865234375e-07
CHNCXR_0080_0,Shenzhen,0,1,lungs_lossy,10,0.2049037388392857,6.812810897827148e-05,0.0028553009033203,0,0.0027871727943420284
CHNCXR_0080_0,Shenzhen,0,1,background_lossy,10,0.7950962611607143,6.812810897827148e-05,0.001103401184082,0,0.0010352730751037285
CHNCXR_0080_0,Shenzhen,0,1,all_lossy,10,1.0,6.812810897827148e-05,0.3037109375,0,0.30364280939102173
CHNCXR_0080_0,Shenzhen,0,1,lungs_lossy,30,0.2049037388392857,6.812810897827148e-05,0.0052604675292968,0,0.005192339420318529
CHNCXR_0080_0,Shenzhen,0,1,background_lossy,30,0.7950962611607143,6.812810897827148e-05,0.000298261642456,0,0.0002301335334777285
CHNCXR_0080_0,Shenzhen,0,1,all_lossy,30,1.0,6.812810897827148e-05,0.053497314453125,0,0.05342918634414673
CHNCXR_0080_0,Shenzhen,0,1,lungs_lossy,50,0.2049037388392857,6.812810897827148e-05,0.0004804134368896,0,0.0004122853279113285
CHNCXR_0080_0,Shenzhen,0,1,background_lossy,50,0.7950962611607143,6.812810897827148e-05,0.0001282691955566,0,6.014108657832851e-05
CHNCXR_0080_0,Shenzhen,0,1,all_lossy,50,1.0,6.812810897827148e-05,0.0003392696380615,0,0.00027114152908322853
CHNCXR_0080_0,Shenzhen,0,1,lungs_lossy,70,0.2049037388392857,6.812810897827148e-05,9.316205978393556e-05,0,2.5033950805664076e-05
CHNCXR_0080_0,Shenzhen,0,1,background_lossy,70,0.7950962611607143,6.812810897827148e-05,0.0001022815704345,0,3.415346145622852e-05
CHNCXR_0080_0,Shenzhen,0,1,all_lossy,70,1.0,6.812810897827148e-05,0.000123381614685,0,5.525350570672851e-05
CHNCXR_0081_0,Shenzhen,0,3,lungs_lossy,10,0.3383565792743538,0.003824234008789,0.00933837890625,0,0.005514144897461
CHNCXR_0081_0,Shenzhen,0,3,background_lossy,10,0.6616434207256461,0.003824234008789,0.0016040802001953,0,0.0022201538085937
CHNCXR_0081_0,Shenzhen,0,3,all_lossy,10,1.0,0.003824234008789,0.011962890625,0,0.008138656616211
CHNCXR_0081_0,Shenzhen,0,3,lungs_lossy,30,0.3383565792743538,0.003824234008789,0.0043830871582031,0,0.0005588531494140998
CHNCXR_0081_0,Shenzhen,0,3,background_lossy,30,0.6616434207256461,0.003824234008789,0.0017957687377929,0,0.0020284652709961
CHNCXR_0081_0,Shenzhen,0,3,all_lossy,30,1.0,0.003824234008789,0.0015974044799804,0,0.0022268295288086
CHNCXR_0081_0,Shenzhen,0,3,lungs_lossy,50,0.3383565792743538,0.003824234008789,0.0078125,0,0.003988265991211
CHNCXR_0081_0,Shenzhen,0,3,background_lossy,50,0.6616434207256461,0.003824234008789,0.0020198822021484,0,0.0018043518066405998
CHNCXR_0081_0,Shenzhen,0,3,all_lossy,50,1.0,0.003824234008789,0.0058670043945312,0,0.0020427703857421996
CHNCXR_0081_0,Shenzhen,0,3,lungs_lossy,70,0.3383565792743538,0.003824234008789,0.0040855407714843,0,0.00026130676269530036
CHNCXR_0081_0,Shenzhen,0,3,background_lossy,70,0.6616434207256461,0.003824234008789,0.0031604766845703,0,0.0006637573242187001
CHNCXR_0081_0,Shenzhen,0,3,all_lossy,70,1.0,0.003824234008789,0.0035648345947265,0,0.0002593994140625
CHNCXR_0082_0,Shenzhen,0,0,lungs_lossy,10,0.2564612326043737,0.9384765625,0.96630859375,0,0.02783203125
CHNCXR_0082_0,Shenzhen,0,0,background_lossy,10,0.7435387673956262,0.9384765625,0.95751953125,0,0.01904296875
CHNCXR_0082_0,Shenzhen,0,0,all_lossy,10,1.0,0.9384765625,0.9892578125,0,0.05078125
CHNCXR_0082_0,Shenzhen,0,0,lungs_lossy,30,0.2564612326043737,0.9384765625,0.998046875,0,0.0595703125
CHNCXR_0082_0,Shenzhen,0,0,background_lossy,30,0.7435387673956262,0.9384765625,0.85498046875,0,0.08349609375
CHNCXR_0082_0,Shenzhen,0,0,all_lossy,30,1.0,0.9384765625,0.98486328125,0,0.04638671875
CHNCXR_0082_0,Shenzhen,0,0,lungs_lossy,50,0.2564612326043737,0.9384765625,0.97900390625,0,0.04052734375
CHNCXR_0082_0,Shenzhen,0,0,background_lossy,50,0.7435387673956262,0.9384765625,0.7958984375,0,0.142578125
CHNCXR_0082_0,Shenzhen,0,0,all_lossy,50,1.0,0.9384765625,0.9296875,0,0.0087890625
CHNCXR_0082_0,Shenzhen,0,0,lungs_lossy,70,0.2564612326043737,0.9384765625,0.8955078125,0,0.04296875
CHNCXR_0082_0,Shenzhen,0,0,background_lossy,70,0.7435387673956262,0.9384765625,0.86669921875,0,0.07177734375
CHNCXR_0082_0,Shenzhen,0,0,all_lossy,70,1.0,0.9384765625,0.77490234375,0,0.16357421875
CHNCXR_0083_0,Shenzhen,0,3,lungs_lossy,10,0.2237667743538767,1.1146068572998049e-05,0.0003302097320556,0,0.00031906366348260194
CHNCXR_0083_0,Shenzhen,0,3,background_lossy,10,0.7762332256461233,1.1146068572998049e-05,5.1021575927734375e-05,0,3.987550735473633e-05
CHNCXR_0083_0,Shenzhen,0,3,all_lossy,10,1.0,1.1146068572998049e-05,0.0062637329101562,0,0.006252586841583202
CHNCXR_0083_0,Shenzhen,0,3,lungs_lossy,30,0.2237667743538767,1.1146068572998049e-05,5.7816505432128906e-05,0,4.667043685913086e-05
CHNCXR_0083_0,Shenzhen,0,3,background_lossy,30,0.7762332256461233,1.1146068572998049e-05,2.300739288330078e-05,0,1.1861324310302733e-05
CHNCXR_0083_0,Shenzhen,0,3,all_lossy,30,1.0,1.1146068572998049e-05,0.0002737045288085,0,0.000262558460235502
CHNCXR_0083_0,Shenzhen,0,3,lungs_lossy,50,0.2237667743538767,1.1146068572998049e-05,1.9371509552001957e-05,0,8.225440979003908e-06
CHNCXR_0083_0,Shenzhen,0,3,background_lossy,50,0.7762332256461233,1.1146068572998049e-05,7.987022399902344e-06,0,3.159046173095705e-06
CHNCXR_0083_0,Shenzhen,0,3,all_lossy,50,1.0,1.1146068572998049e-05,1.6033649444580078e-05,0,4.8875808715820296e-06
CHNCXR_0083_0,Shenzhen,0,3,lungs_lossy,70,0.2237667743538767,1.1146068572998049e-05,9.179115295410156e-06,0,1.9669532775878923e-06
CHNCXR_0083_0,Shenzhen,0,3,background_lossy,70,0.7762332256461233,1.1146068572998049e-05,8.940696716308594e-06,0,2.205371856689455e-06
CHNCXR_0083_0,Shenzhen,0,3,all_lossy,70,1.0,1.1146068572998049e-05,7.510185241699219e-06,0,3.63588333129883e-06
CHNCXR_0084_0,Shenzhen,0,2,lungs_lossy,10,0.282058331144958,0.356689453125,0.93701171875,1,0.580322265625
CHNCXR_0084_0,Shenzhen,0,2,background_lossy,10,0.717941668855042,0.356689453125,0.15234375,0,0.204345703125
CHNCXR_0084_0,Shenzhen,0,2,all_lossy,10,1.0,0.356689453125,0.97119140625,1,0.614501953125
CHNCXR_0084_0,Shenzhen,0,2,lungs_lossy,30,0.282058331144958,0.356689453125,0.97998046875,1,0.623291015625
CHNCXR_0084_0,Shenzhen,0,2,background_lossy,30,0.717941668855042,0.356689453125,0.5341796875,1,0.177490234375
CHNCXR_0084_0,Shenzhen,0,2,all_lossy,30,1.0,0.356689453125,0.96630859375,1,0.609619140625
CHNCXR_0084_0,Shenzhen,0,2,lungs_lossy,50,0.282058331144958,0.356689453125,0.62255859375,1,0.265869140625
CHNCXR_0084_0,Shenzhen,0,2,background_lossy,50,0.717941668855042,0.356689453125,0.270263671875,0,0.08642578125
CHNCXR_0084_0,Shenzhen,0,2,all_lossy,50,1.0,0.356689453125,0.53515625,1,0.178466796875
CHNCXR_0084_0,Shenzhen,0,2,lungs_lossy,70,0.282058331144958,0.356689453125,0.34326171875,0,0.013427734375
CHNCXR_0084_0,Shenzhen,0,2,background_lossy,70,0.717941668855042,0.356689453125,0.31201171875,0,0.044677734375
CHNCXR_0084_0,Shenzhen,0,2,all_lossy,70,1.0,0.356689453125,0.337890625,0,0.018798828125
CHNCXR_0085_0,Shenzhen,0,2,lungs_lossy,10,0.241267240308151,0.0015850067138671,0.0199432373046875,0,0.0183582305908204
CHNCXR_0085_0,Shenzhen,0,2,background_lossy,10,0.758732759691849,0.0015850067138671,0.350341796875,0,0.3487567901611329
CHNCXR_0085_0,Shenzhen,0,2,all_lossy,10,1.0,0.0015850067138671,0.84521484375,1,0.8436298370361329
CHNCXR_0085_0,Shenzhen,0,2,lungs_lossy,30,0.241267240308151,0.0015850067138671,0.2039794921875,0,0.2023944854736329
CHNCXR_0085_0,Shenzhen,0,2,background_lossy,30,0.758732759691849,0.0015850067138671,0.061767578125,0,0.0601825714111329
CHNCXR_0085_0,Shenzhen,0,2,all_lossy,30,1.0,0.0015850067138671,0.9169921875,1,0.9154071807861329
CHNCXR_0085_0,Shenzhen,0,2,lungs_lossy,50,0.241267240308151,0.0015850067138671,0.012725830078125,0,0.0111408233642579
CHNCXR_0085_0,Shenzhen,0,2,background_lossy,50,0.758732759691849,0.0015850067138671,0.0055999755859375,0,0.0040149688720704
CHNCXR_0085_0,Shenzhen,0,2,all_lossy,50,1.0,0.0015850067138671,0.040985107421875,0,0.0394001007080079
CHNCXR_0085_0,Shenzhen,0,2,lungs_lossy,70,0.241267240308151,0.0015850067138671,0.002349853515625,0,0.0007648468017579001
CHNCXR_0085_0,Shenzhen,0,2,background_lossy,70,0.758732759691849,0.0015850067138671,0.0030155181884765,0,0.0014305114746094002
CHNCXR_0085_0,Shenzhen,0,2,all_lossy,70,1.0,0.0015850067138671,0.0043296813964843,0,0.0027446746826172005
CHNCXR_0086_0,Shenzhen,0,3,lungs_lossy,10,0.1863102988591269,2.1278858184814453e-05,0.03753662109375,0,0.037515342235565186
CHNCXR_0086_0,Shenzhen,0,3,background_lossy,10,0.813689701140873,2.1278858184814453e-05,7.140636444091797e-05,0,5.0127506256103516e-05
CHNCXR_0086_0,Shenzhen,0,3,all_lossy,10,1.0,2.1278858184814453e-05,0.042327880859375,0,0.042306602001190186
CHNCXR_0086_0,Shenzhen,0,3,lungs_lossy,30,0.1863102988591269,2.1278858184814453e-05,0.00089693069458,0,0.0008756518363951855
CHNCXR_0086_0,Shenzhen,0,3,background_lossy,30,0.813689701140873,2.1278858184814453e-05,1.3828277587890623e-05,0,7.45058059692383e-06
CHNCXR_0086_0,Shenzhen,0,3,all_lossy,30,1.0,2.1278858184814453e-05,0.0002397298812866,0,0.00021845102310178555
CHNCXR_0086_0,Shenzhen,0,3,lungs_lossy,50,0.1863102988591269,2.1278858184814453e-05,0.0001186728477478,0,9.739398956298554e-05
CHNCXR_0086_0,Shenzhen,0,3,background_lossy,50,0.813689701140873,2.1278858184814453e-05,1.2218952178955078e-05,0,9.059906005859375e-06
CHNCXR_0086_0,Shenzhen,0,3,all_lossy,50,1.0,2.1278858184814453e-05,5.3882598876953125e-05,0,3.260374069213867e-05
CHNCXR_0086_0,Shenzhen,0,3,lungs_lossy,70,0.1863102988591269,2.1278858184814453e-05,3.820657730102539e-05,0,1.6927719116210938e-05
CHNCXR_0086_0,Shenzhen,0,3,background_lossy,70,0.813689701140873,2.1278858184814453e-05,1.4066696166992188e-05,0,7.212162017822266e-06
CHNCXR_0086_0,Shenzhen,0,3,all_lossy,70,1.0,2.1278858184814453e-05,2.431869506835937e-05,0,3.0398368835449185e-06
CHNCXR_0087_0,Shenzhen,0,4,lungs_lossy,10,0.3131197004923413,0.0299835205078125,0.420166015625,0,0.3901824951171875
CHNCXR_0087_0,Shenzhen,0,4,background_lossy,10,0.6868802995076586,0.0299835205078125,0.02752685546875,0,0.0024566650390625
CHNCXR_0087_0,Shenzhen,0,4,all_lossy,10,1.0,0.0299835205078125,0.2578125,0,0.2278289794921875
CHNCXR_0087_0,Shenzhen,0,4,lungs_lossy,30,0.3131197004923413,0.0299835205078125,0.2135009765625,0,0.1835174560546875
CHNCXR_0087_0,Shenzhen,0,4,background_lossy,30,0.6868802995076586,0.0299835205078125,0.0224609375,0,0.0075225830078125
CHNCXR_0087_0,Shenzhen,0,4,all_lossy,30,1.0,0.0299835205078125,0.12841796875,0,0.0984344482421875
CHNCXR_0087_0,Shenzhen,0,4,lungs_lossy,50,0.3131197004923413,0.0299835205078125,0.055816650390625,0,0.0258331298828125
CHNCXR_0087_0,Shenzhen,0,4,background_lossy,50,0.6868802995076586,0.0299835205078125,0.03326416015625,0,0.0032806396484375
CHNCXR_0087_0,Shenzhen,0,4,all_lossy,50,1.0,0.0299835205078125,0.058441162109375,0,0.0284576416015625
CHNCXR_0087_0,Shenzhen,0,4,lungs_lossy,70,0.3131197004923413,0.0299835205078125,0.03179931640625,0,0.0018157958984375
CHNCXR_0087_0,Shenzhen,0,4,background_lossy,70,0.6868802995076586,0.0299835205078125,0.029205322265625,0,0.0007781982421875
CHNCXR_0087_0,Shenzhen,0,4,all_lossy,70,1.0,0.0299835205078125,0.03216552734375,0,0.0021820068359375
CHNCXR_0088_0,Shenzhen,0,4,lungs_lossy,10,0.2796810300207039,0.10723876953125,0.92919921875,1,0.82196044921875
CHNCXR_0088_0,Shenzhen,0,4,background_lossy,10,0.720318969979296,0.10723876953125,0.1346435546875,0,0.02740478515625
CHNCXR_0088_0,Shenzhen,0,4,all_lossy,10,1.0,0.10723876953125,0.8837890625,1,0.77655029296875
CHNCXR_0088_0,Shenzhen,0,4,lungs_lossy,30,0.2796810300207039,0.10723876953125,0.5732421875,1,0.46600341796875
CHNCXR_0088_0,Shenzhen,0,4,background_lossy,30,0.720318969979296,0.10723876953125,0.142333984375,0,0.03509521484375
CHNCXR_0088_0,Shenzhen,0,4,all_lossy,30,1.0,0.10723876953125,0.62841796875,1,0.52117919921875
CHNCXR_0088_0,Shenzhen,0,4,lungs_lossy,50,0.2796810300207039,0.10723876953125,0.2203369140625,0,0.11309814453125
CHNCXR_0088_0,Shenzhen,0,4,background_lossy,50,0.720318969979296,0.10723876953125,0.1201171875,0,0.01287841796875
CHNCXR_0088_0,Shenzhen,0,4,all_lossy,50,1.0,0.10723876953125,0.255615234375,0,0.14837646484375
CHNCXR_0088_0,Shenzhen,0,4,lungs_lossy,70,0.2796810300207039,0.10723876953125,0.1114501953125,0,0.00421142578125
CHNCXR_0088_0,Shenzhen,0,4,background_lossy,70,0.720318969979296,0.10723876953125,0.11517333984375,0,0.0079345703125
CHNCXR_0088_0,Shenzhen,0,4,all_lossy,70,1.0,0.10723876953125,0.1175537109375,0,0.01031494140625
CHNCXR_0089_0,Shenzhen,0,0,lungs_lossy,10,0.2690219056372549,0.026611328125,0.99853515625,1,0.971923828125
CHNCXR_0089_0,Shenzhen,0,0,background_lossy,10,0.7309780943627451,0.026611328125,0.0082550048828125,0,0.0183563232421875
CHNCXR_0089_0,Shenzhen,0,0,all_lossy,10,1.0,0.026611328125,0.99658203125,1,0.969970703125
CHNCXR_0089_0,Shenzhen,0,0,lungs_lossy,30,0.2690219056372549,0.026611328125,1.0,1,0.973388671875
CHNCXR_0089_0,Shenzhen,0,0,background_lossy,30,0.7309780943627451,0.026611328125,0.0094528198242187,0,0.0171585083007813
CHNCXR_0089_0,Shenzhen,0,0,all_lossy,30,1.0,0.026611328125,0.99658203125,1,0.969970703125
CHNCXR_0089_0,Shenzhen,0,0,lungs_lossy,50,0.2690219056372549,0.026611328125,0.78466796875,1,0.758056640625
CHNCXR_0089_0,Shenzhen,0,0,background_lossy,50,0.7309780943627451,0.026611328125,0.0084457397460937,0,0.0181655883789063
CHNCXR_0089_0,Shenzhen,0,0,all_lossy,50,1.0,0.026611328125,0.39501953125,0,0.368408203125
CHNCXR_0089_0,Shenzhen,0,0,lungs_lossy,70,0.2690219056372549,0.026611328125,0.0504150390625,0,0.0238037109375
CHNCXR_0089_0,Shenzhen,0,0,background_lossy,70,0.7309780943627451,0.026611328125,0.0203399658203125,0,0.0062713623046875
CHNCXR_0089_0,Shenzhen,0,0,all_lossy,70,1.0,0.026611328125,0.033721923828125,0,0.007110595703125
CHNCXR_0090_0,Shenzhen,0,3,lungs_lossy,10,0.2442609407084189,0.0005464553833007,0.0025405883789062,0,0.0019941329956055
CHNCXR_0090_0,Shenzhen,0,3,background_lossy,10,0.7557390592915811,0.0005464553833007,0.0002251863479614,0,0.00032126903533930007
CHNCXR_0090_0,Shenzhen,0,3,all_lossy,10,1.0,0.0005464553833007,0.0139007568359375,0,0.0133543014526368
CHNCXR_0090_0,Shenzhen,0,3,lungs_lossy,30,0.2442609407084189,0.0005464553833007,0.0016613006591796,0,0.0011148452758788997
CHNCXR_0090_0,Shenzhen,0,3,background_lossy,30,0.7557390592915811,0.0005464553833007,0.0001910924911499,0,0.00035536289215080003
CHNCXR_0090_0,Shenzhen,0,3,all_lossy,30,1.0,0.0005464553833007,0.00083589553833,0,0.0002894401550292999
CHNCXR_0090_0,Shenzhen,0,3,lungs_lossy,50,0.2442609407084189,0.0005464553833007,0.0005908012390136,0,4.434585571289995e-05
CHNCXR_0090_0,Shenzhen,0,3,background_lossy,50,0.7557390592915811,0.0005464553833007,0.0001523494720458,0,0.00039410591125490005
CHNCXR_0090_0,Shenzhen,0,3,all_lossy,50,1.0,0.0005464553833007,0.0001753568649291,0,0.00037109851837160003
CHNCXR_0090_0,Shenzhen,0,3,lungs_lossy,70,0.2442609407084189,0.0005464553833007,0.0003919601440429,0,0.00015449523925780003
CHNCXR_0090_0,Shenzhen,0,3,background_lossy,70,0.7557390592915811,0.0005464553833007,0.0002148151397705,0,0.00033164024353020004
CHNCXR_0090_0,Shenzhen,0,3,all_lossy,70,1.0,0.0005464553833007,0.0001535415649414,0,0.0003929138183593001
CHNCXR_0091_0,Shenzhen,0,0,lungs_lossy,10,0.3549651415358744,0.98876953125,0.99951171875,0,0.0107421875
CHNCXR_0091_0,Shenzhen,0,0,background_lossy,10,0.6450348584641256,0.98876953125,0.96240234375,0,0.0263671875
CHNCXR_0091_0,Shenzhen,0,0,all_lossy,10,1.0,0.98876953125,0.9990234375,0,0.01025390625
CHNCXR_0091_0,Shenzhen,0,0,lungs_lossy,30,0.3549651415358744,0.98876953125,0.99853515625,0,0.009765625
CHNCXR_0091_0,Shenzhen,0,0,background_lossy,30,0.6450348584641256,0.98876953125,0.97802734375,0,0.0107421875
CHNCXR_0091_0,Shenzhen,0,0,all_lossy,30,1.0,0.98876953125,0.99609375,0,0.00732421875
CHNCXR_0091_0,Shenzhen,0,0,lungs_lossy,50,0.3549651415358744,0.98876953125,0.99609375,0,0.00732421875
CHNCXR_0091_0,Shenzhen,0,0,background_lossy,50,0.6450348584641256,0.98876953125,0.986328125,0,0.00244140625
CHNCXR_0091_0,Shenzhen,0,0,all_lossy,50,1.0,0.98876953125,0.99462890625,0,0.005859375
CHNCXR_0091_0,Shenzhen,0,0,lungs_lossy,70,0.3549651415358744,0.98876953125,0.99072265625,0,0.001953125
CHNCXR_0091_0,Shenzhen,0,0,background_lossy,70,0.6450348584641256,0.98876953125,0.990234375,0,0.00146484375
CHNCXR_0091_0,Shenzhen,0,0,all_lossy,70,1.0,0.98876953125,0.9921875,0,0.00341796875
CHNCXR_0092_0,Shenzhen,0,4,lungs_lossy,10,0.2667301633230453,0.06463623046875,0.393798828125,0,0.32916259765625
CHNCXR_0092_0,Shenzhen,0,4,background_lossy,10,0.7332698366769548,0.06463623046875,0.053497314453125,0,0.011138916015625
CHNCXR_0092_0,Shenzhen,0,4,all_lossy,10,1.0,0.06463623046875,0.282958984375,0,0.21832275390625
CHNCXR_0092_0,Shenzhen,0,4,lungs_lossy,30,0.2667301633230453,0.06463623046875,0.74560546875,1,0.68096923828125
CHNCXR_0092_0,Shenzhen,0,4,background_lossy,30,0.7332698366769548,0.06463623046875,0.07208251953125,0,0.0074462890625
CHNCXR_0092_0,Shenzhen,0,4,all_lossy,30,1.0,0.06463623046875,0.68701171875,1,0.62237548828125
CHNCXR_0092_0,Shenzhen,0,4,lungs_lossy,50,0.2667301633230453,0.06463623046875,0.177001953125,0,0.11236572265625
CHNCXR_0092_0,Shenzhen,0,4,background_lossy,50,0.7332698366769548,0.06463623046875,0.07208251953125,0,0.0074462890625
CHNCXR_0092_0,Shenzhen,0,4,all_lossy,50,1.0,0.06463623046875,0.2125244140625,0,0.14788818359375
CHNCXR_0092_0,Shenzhen,0,4,lungs_lossy,70,0.2667301633230453,0.06463623046875,0.089111328125,0,0.02447509765625
CHNCXR_0092_0,Shenzhen,0,4,background_lossy,70,0.7332698366769548,0.06463623046875,0.06231689453125,0,0.0023193359375
CHNCXR_0092_0,Shenzhen,0,4,all_lossy,70,1.0,0.06463623046875,0.08929443359375,0,0.024658203125
CHNCXR_0093_0,Shenzhen,0,0,lungs_lossy,10,0.3219645182291666,0.994140625,0.99560546875,0,0.00146484375
CHNCXR_0093_0,Shenzhen,0,0,background_lossy,10,0.6780354817708334,0.994140625,0.8994140625,0,0.0947265625
CHNCXR_0093_0,Shenzhen,0,0,all_lossy,10,1.0,0.994140625,0.87939453125,0,0.11474609375
CHNCXR_0093_0,Shenzhen,0,0,lungs_lossy,30,0.3219645182291666,0.994140625,0.99951171875,0,0.00537109375
CHNCXR_0093_0,Shenzhen,0,0,background_lossy,30,0.6780354817708334,0.994140625,0.9462890625,0,0.0478515625
CHNCXR_0093_0,Shenzhen,0,0,all_lossy,30,1.0,0.994140625,0.98828125,0,0.005859375
CHNCXR_0093_0,Shenzhen,0,0,lungs_lossy,50,0.3219645182291666,0.994140625,0.994140625,0,0.0
CHNCXR_0093_0,Shenzhen,0,0,background_lossy,50,0.6780354817708334,0.994140625,0.98876953125,0,0.00537109375
CHNCXR_0093_0,Shenzhen,0,0,all_lossy,50,1.0,0.994140625,0.986328125,0,0.0078125
CHNCXR_0093_0,Shenzhen,0,0,lungs_lossy,70,0.3219645182291666,0.994140625,0.99365234375,0,0.00048828125
CHNCXR_0093_0,Shenzhen,0,0,background_lossy,70,0.6780354817708334,0.994140625,0.99365234375,0,0.00048828125
CHNCXR_0093_0,Shenzhen,0,0,all_lossy,70,1.0,0.994140625,0.99365234375,0,0.00048828125
CHNCXR_0094_0,Shenzhen,0,0,lungs_lossy,10,0.2599986021371769,0.100341796875,0.9921875,1,0.891845703125
CHNCXR_0094_0,Shenzhen,0,0,background_lossy,10,0.740001397862823,0.100341796875,0.03521728515625,0,0.06512451171875
CHNCXR_0094_0,Shenzhen,0,0,all_lossy,10,1.0,0.100341796875,0.99365234375,1,0.893310546875
CHNCXR_0094_0,Shenzhen,0,0,lungs_lossy,30,0.2599986021371769,0.100341796875,0.96826171875,1,0.867919921875
CHNCXR_0094_0,Shenzhen,0,0,background_lossy,30,0.740001397862823,0.100341796875,0.033843994140625,0,0.066497802734375
CHNCXR_0094_0,Shenzhen,0,0,all_lossy,30,1.0,0.100341796875,0.72802734375,1,0.627685546875
CHNCXR_0094_0,Shenzhen,0,0,lungs_lossy,50,0.2599986021371769,0.100341796875,0.1514892578125,0,0.0511474609375
CHNCXR_0094_0,Shenzhen,0,0,background_lossy,50,0.740001397862823,0.100341796875,0.03021240234375,0,0.07012939453125
CHNCXR_0094_0,Shenzhen,0,0,all_lossy,50,1.0,0.100341796875,0.06634521484375,0,0.03399658203125
CHNCXR_0094_0,Shenzhen,0,0,lungs_lossy,70,0.2599986021371769,0.100341796875,0.07135009765625,0,0.02899169921875
CHNCXR_0094_0,Shenzhen,0,0,background_lossy,70,0.740001397862823,0.100341796875,0.073974609375,0,0.0263671875
CHNCXR_0094_0,Shenzhen,0,0,all_lossy,70,1.0,0.100341796875,0.058990478515625,0,0.041351318359375
CHNCXR_0095_0,Shenzhen,0,4,lungs_lossy,10,0.2896371769383697,0.0156707763671875,0.11102294921875,0,0.0953521728515625
CHNCXR_0095_0,Shenzhen,0,4,background_lossy,10,0.7103628230616302,0.0156707763671875,0.024993896484375,0,0.0093231201171875
CHNCXR_0095_0,Shenzhen,0,4,all_lossy,10,1.0,0.0156707763671875,0.2130126953125,0,0.1973419189453125
CHNCXR_0095_0,Shenzhen,0,4,lungs_lossy,30,0.2896371769383697,0.0156707763671875,0.10321044921875,0,0.0875396728515625
CHNCXR_0095_0,Shenzhen,0,4,background_lossy,30,0.7103628230616302,0.0156707763671875,0.0196075439453125,0,0.003936767578125
CHNCXR_0095_0,Shenzhen,0,4,all_lossy,30,1.0,0.0156707763671875,0.11517333984375,0,0.0995025634765625
CHNCXR_0095_0,Shenzhen,0,4,lungs_lossy,50,0.2896371769383697,0.0156707763671875,0.0238189697265625,0,0.008148193359375
CHNCXR_0095_0,Shenzhen,0,4,background_lossy,50,0.7103628230616302,0.0156707763671875,0.0208892822265625,0,0.005218505859375
CHNCXR_0095_0,Shenzhen,0,4,all_lossy,50,1.0,0.0156707763671875,0.0309600830078125,0,0.015289306640625
CHNCXR_0095_0,Shenzhen,0,4,lungs_lossy,70,0.2896371769383697,0.0156707763671875,0.0167236328125,0,0.0010528564453125
CHNCXR_0095_0,Shenzhen,0,4,background_lossy,70,0.7103628230616302,0.0156707763671875,0.0174407958984375,0,0.00177001953125
CHNCXR_0095_0,Shenzhen,0,4,all_lossy,70,1.0,0.0156707763671875,0.0182647705078125,0,0.002593994140625
CHNCXR_0096_0,Shenzhen,0,4,lungs_lossy,10,0.3265757020377733,0.021240234375,0.1685791015625,0,0.1473388671875
CHNCXR_0096_0,Shenzhen,0,4,background_lossy,10,0.6734242979622267,0.021240234375,0.05450439453125,0,0.03326416015625
CHNCXR_0096_0,Shenzhen,0,4,all_lossy,10,1.0,0.021240234375,0.1810302734375,0,0.1597900390625
CHNCXR_0096_0,Shenzhen,0,4,lungs_lossy,30,0.3265757020377733,0.021240234375,0.326416015625,0,0.30517578125
CHNCXR_0096_0,Shenzhen,0,4,background_lossy,30,0.6734242979622267,0.021240234375,0.025909423828125,0,0.004669189453125
CHNCXR_0096_0,Shenzhen,0,4,all_lossy,30,1.0,0.021240234375,0.29541015625,0,0.274169921875
CHNCXR_0096_0,Shenzhen,0,4,lungs_lossy,50,0.3265757020377733,0.021240234375,0.055511474609375,0,0.034271240234375
CHNCXR_0096_0,Shenzhen,0,4,background_lossy,50,0.6734242979622267,0.021240234375,0.017578125,0,0.003662109375
CHNCXR_0096_0,Shenzhen,0,4,all_lossy,50,1.0,0.021240234375,0.043365478515625,0,0.022125244140625
CHNCXR_0096_0,Shenzhen,0,4,lungs_lossy,70,0.3265757020377733,0.021240234375,0.020294189453125,0,0.000946044921875
CHNCXR_0096_0,Shenzhen,0,4,background_lossy,70,0.6734242979622267,0.021240234375,0.0199432373046875,0,0.0012969970703125
CHNCXR_0096_0,Shenzhen,0,4,all_lossy,70,1.0,0.021240234375,0.0197601318359375,0,0.0014801025390625
CHNCXR_0097_0,Shenzhen,0,0,lungs_lossy,10,0.4135419276052104,0.0164031982421875,0.75146484375,1,0.7350616455078125
CHNCXR_0097_0,Shenzhen,0,0,background_lossy,10,0.5864580723947896,0.0164031982421875,0.031982421875,0,0.0155792236328125
CHNCXR_0097_0,Shenzhen,0,0,all_lossy,10,1.0,0.0164031982421875,0.80810546875,1,0.7917022705078125
CHNCXR_0097_0,Shenzhen,0,0,lungs_lossy,30,0.4135419276052104,0.0164031982421875,0.9912109375,1,0.9748077392578125
CHNCXR_0097_0,Shenzhen,0,0,background_lossy,30,0.5864580723947896,0.0164031982421875,0.0128707885742187,0,0.0035324096679688003
CHNCXR_0097_0,Shenzhen,0,0,all_lossy,30,1.0,0.0164031982421875,0.87890625,1,0.8625030517578125
CHNCXR_0097_0,Shenzhen,0,0,lungs_lossy,50,0.4135419276052104,0.0164031982421875,0.1474609375,0,0.1310577392578125
CHNCXR_0097_0,Shenzhen,0,0,background_lossy,50,0.5864580723947896,0.0164031982421875,0.011505126953125,0,0.0048980712890625
CHNCXR_0097_0,Shenzhen,0,0,all_lossy,50,1.0,0.0164031982421875,0.08050537109375,0,0.0641021728515625
CHNCXR_0097_0,Shenzhen,0,0,lungs_lossy,70,0.4135419276052104,0.0164031982421875,0.014617919921875,0,0.0017852783203125
CHNCXR_0097_0,Shenzhen,0,0,background_lossy,70,0.5864580723947896,0.0164031982421875,0.0100936889648437,0,0.0063095092773438
CHNCXR_0097_0,Shenzhen,0,0,all_lossy,70,1.0,0.0164031982421875,0.009857177734375,0,0.0065460205078125
CHNCXR_0098_0,Shenzhen,0,4,lungs_lossy,10,0.2156149243551587,0.022796630859375,0.53076171875,1,0.507965087890625
CHNCXR_0098_0,Shenzhen,0,4,background_lossy,10,0.7843850756448413,0.022796630859375,0.022369384765625,0,0.00042724609375
CHNCXR_0098_0,Shenzhen,0,4,all_lossy,10,1.0,0.022796630859375,0.38525390625,0,0.362457275390625
CHNCXR_0098_0,Shenzhen,0,4,lungs_lossy,30,0.2156149243551587,0.022796630859375,0.67138671875,1,0.648590087890625
CHNCXR_0098_0,Shenzhen,0,4,background_lossy,30,0.7843850756448413,0.022796630859375,0.0169830322265625,0,0.0058135986328125
CHNCXR_0098_0,Shenzhen,0,4,all_lossy,30,1.0,0.022796630859375,0.58984375,1,0.567047119140625
CHNCXR_0098_0,Shenzhen,0,4,lungs_lossy,50,0.2156149243551587,0.022796630859375,0.181640625,0,0.158843994140625
CHNCXR_0098_0,Shenzhen,0,4,background_lossy,50,0.7843850756448413,0.022796630859375,0.02203369140625,0,0.000762939453125
CHNCXR_0098_0,Shenzhen,0,4,all_lossy,50,1.0,0.022796630859375,0.1590576171875,0,0.136260986328125
CHNCXR_0098_0,Shenzhen,0,4,lungs_lossy,70,0.2156149243551587,0.022796630859375,0.0260009765625,0,0.003204345703125
CHNCXR_0098_0,Shenzhen,0,4,background_lossy,70,0.7843850756448413,0.022796630859375,0.022796630859375,0,0.0
CHNCXR_0098_0,Shenzhen,0,4,all_lossy,70,1.0,0.022796630859375,0.02655029296875,0,0.003753662109375
CHNCXR_0099_0,Shenzhen,0,2,lungs_lossy,10,0.2876674107142857,0.9951171875,1.0,0,0.0048828125
CHNCXR_0099_0,Shenzhen,0,2,background_lossy,10,0.7123325892857143,0.9951171875,0.990234375,0,0.0048828125
CHNCXR_0099_0,Shenzhen,0,2,all_lossy,10,1.0,0.9951171875,1.0,0,0.0048828125
CHNCXR_0099_0,Shenzhen,0,2,lungs_lossy,30,0.2876674107142857,0.9951171875,1.0,0,0.0048828125
CHNCXR_0099_0,Shenzhen,0,2,background_lossy,30,0.7123325892857143,0.9951171875,0.99169921875,0,0.00341796875
CHNCXR_0099_0,Shenzhen,0,2,all_lossy,30,1.0,0.9951171875,0.99853515625,0,0.00341796875
CHNCXR_0099_0,Shenzhen,0,2,lungs_lossy,50,0.2876674107142857,0.9951171875,0.99755859375,0,0.00244140625
CHNCXR_0099_0,Shenzhen,0,2,background_lossy,50,0.7123325892857143,0.9951171875,0.9970703125,0,0.001953125
CHNCXR_0099_0,Shenzhen,0,2,all_lossy,50,1.0,0.9951171875,0.99853515625,0,0.00341796875
CHNCXR_0099_0,Shenzhen,0,2,lungs_lossy,70,0.2876674107142857,0.9951171875,0.99560546875,0,0.00048828125
CHNCXR_0099_0,Shenzhen,0,2,background_lossy,70,0.7123325892857143,0.9951171875,0.994140625,0,0.0009765625
CHNCXR_0099_0,Shenzhen,0,2,all_lossy,70,1.0,0.9951171875,0.99462890625,0,0.00048828125
CHNCXR_0100_0,Shenzhen,0,3,lungs_lossy,10,0.3227913108178054,0.0015487670898437,0.0007734298706054,0,0.0007753372192382999
CHNCXR_0100_0,Shenzhen,0,3,background_lossy,10,0.6772086891821947,0.0015487670898437,0.0017204284667968,0,0.00017166137695310006
CHNCXR_0100_0,Shenzhen,0,3,all_lossy,10,1.0,0.0015487670898437,0.019012451171875,0,0.0174636840820313
CHNCXR_0100_0,Shenzhen,0,3,lungs_lossy,30,0.3227913108178054,0.0015487670898437,0.0080337524414062,0,0.0064849853515625
CHNCXR_0100_0,Shenzhen,0,3,background_lossy,30,0.6772086891821947,0.0015487670898437,0.0009927749633789,0,0.0005559921264648
CHNCXR_0100_0,Shenzhen,0,3,all_lossy,30,1.0,0.0015487670898437,0.011962890625,0,0.0104141235351563
CHNCXR_0100_0,Shenzhen,0,3,lungs_lossy,50,0.3227913108178054,0.0015487670898437,0.0026206970214843,0,0.0010719299316406
CHNCXR_0100_0,Shenzhen,0,3,background_lossy,50,0.6772086891821947,0.0015487670898437,0.0009584426879882,0,0.0005903244018554999
CHNCXR_0100_0,Shenzhen,0,3,all_lossy,50,1.0,0.0015487670898437,0.0013093948364257,0,0.00023937225341799998
CHNCXR_0100_0,Shenzhen,0,3,lungs_lossy,70,0.3227913108178054,0.0015487670898437,0.0009965896606445,0,0.0005521774291991999
CHNCXR_0100_0,Shenzhen,0,3,background_lossy,70,0.6772086891821947,0.0015487670898437,0.0013351440429687,0,0.000213623046875
CHNCXR_0100_0,Shenzhen,0,3,all_lossy,70,1.0,0.0015487670898437,0.0008726119995117,0,0.0006761550903319999
CHNCXR_0101_0,Shenzhen,0,1,lungs_lossy,10,0.2700576782226562,0.0005035400390625,0.90234375,1,0.9018402099609375
CHNCXR_0101_0,Shenzhen,0,1,background_lossy,10,0.7299423217773438,0.0005035400390625,0.0016355514526367,0,0.0011320114135742
CHNCXR_0101_0,Shenzhen,0,1,all_lossy,10,1.0,0.0005035400390625,0.84619140625,1,0.8456878662109375
CHNCXR_0101_0,Shenzhen,0,1,lungs_lossy,30,0.2700576782226562,0.0005035400390625,0.3701171875,0,0.3696136474609375
CHNCXR_0101_0,Shenzhen,0,1,background_lossy,30,0.7299423217773438,0.0005035400390625,0.0004060268402099,0,9.75131988526e-05
CHNCXR_0101_0,Shenzhen,0,1,all_lossy,30,1.0,0.0005035400390625,0.2091064453125,0,0.2086029052734375
CHNCXR_0101_0,Shenzhen,0,1,lungs_lossy,50,0.2700576782226562,0.0005035400390625,0.0055351257324218,0,0.0050315856933593
CHNCXR_0101_0,Shenzhen,0,1,background_lossy,50,0.7299423217773438,0.0005035400390625,0.0008559226989746,0,0.00035238265991210005
CHNCXR_0101_0,Shenzhen,0,1,all_lossy,50,1.0,0.0005035400390625,0.0060043334960937,0,0.0055007934570312
CHNCXR_0101_0,Shenzhen,0,1,lungs_lossy,70,0.2700576782226562,0.0005035400390625,0.0003149509429931,0,0.00018858909606940001
CHNCXR_0101_0,Shenzhen,0,1,background_lossy,70,0.7299423217773438,0.0005035400390625,0.0004477500915527,0,5.5789947509799994e-05
CHNCXR_0101_0,Shenzhen,0,1,all_lossy,70,1.0,0.0005035400390625,0.0002846717834472,0,0.00021886825561530002
CHNCXR_0102_0,Shenzhen,0,2,lungs_lossy,10,0.2999060085540839,0.203857421875,0.97998046875,1,0.776123046875
CHNCXR_0102_0,Shenzhen,0,2,background_lossy,10,0.7000939914459161,0.203857421875,0.10650634765625,0,0.09735107421875
CHNCXR_0102_0,Shenzhen,0,2,all_lossy,10,1.0,0.203857421875,0.99169921875,1,0.787841796875
CHNCXR_0102_0,Shenzhen,0,2,lungs_lossy,30,0.2999060085540839,0.203857421875,0.98681640625,1,0.782958984375
CHNCXR_0102_0,Shenzhen,0,2,background_lossy,30,0.7000939914459161,0.203857421875,0.1363525390625,0,0.0675048828125
CHNCXR_0102_0,Shenzhen,0,2,all_lossy,30,1.0,0.203857421875,0.9716796875,1,0.767822265625
CHNCXR_0102_0,Shenzhen,0,2,lungs_lossy,50,0.2999060085540839,0.203857421875,0.90625,1,0.702392578125
CHNCXR_0102_0,Shenzhen,0,2,background_lossy,50,0.7000939914459161,0.203857421875,0.237060546875,0,0.033203125
CHNCXR_0102_0,Shenzhen,0,2,all_lossy,50,1.0,0.203857421875,0.94482421875,1,0.740966796875
CHNCXR_0102_0,Shenzhen,0,2,lungs_lossy,70,0.2999060085540839,0.203857421875,0.44970703125,0,0.245849609375
CHNCXR_0102_0,Shenzhen,0,2,background_lossy,70,0.7000939914459161,0.203857421875,0.302734375,0,0.098876953125
CHNCXR_0102_0,Shenzhen,0,2,all_lossy,70,1.0,0.203857421875,0.56640625,1,0.362548828125
CHNCXR_0103_0,Shenzhen,0,0,lungs_lossy,10,0.3325684848971722,0.06707763671875,0.99609375,1,0.92901611328125
CHNCXR_0103_0,Shenzhen,0,0,background_lossy,10,0.6674315151028278,0.06707763671875,0.0045547485351562,0,0.0625228881835938
CHNCXR_0103_0,Shenzhen,0,0,all_lossy,10,1.0,0.06707763671875,0.99951171875,1,0.93243408203125
CHNCXR_0103_0,Shenzhen,0,0,lungs_lossy,30,0.3325684848971722,0.06707763671875,0.88671875,1,0.81964111328125
CHNCXR_0103_0,Shenzhen,0,0,background_lossy,30,0.6674315151028278,0.06707763671875,0.0047721862792968,0,0.0623054504394532
CHNCXR_0103_0,Shenzhen,0,0,all_lossy,30,1.0,0.06707763671875,0.288818359375,0,0.22174072265625
CHNCXR_0103_0,Shenzhen,0,0,lungs_lossy,50,0.3325684848971722,0.06707763671875,0.35791015625,0,0.29083251953125
CHNCXR_0103_0,Shenzhen,0,0,background_lossy,50,0.6674315151028278,0.06707763671875,0.0328369140625,0,0.03424072265625
CHNCXR_0103_0,Shenzhen,0,0,all_lossy,50,1.0,0.06707763671875,0.147705078125,0,0.08062744140625
CHNCXR_0103_0,Shenzhen,0,0,lungs_lossy,70,0.3325684848971722,0.06707763671875,0.054595947265625,0,0.012481689453125
CHNCXR_0103_0,Shenzhen,0,0,background_lossy,70,0.6674315151028278,0.06707763671875,0.06695556640625,0,0.0001220703125
CHNCXR_0103_0,Shenzhen,0,0,all_lossy,70,1.0,0.06707763671875,0.05987548828125,0,0.0072021484375
CHNCXR_0104_0,Shenzhen,0,3,lungs_lossy,10,0.2870445251464844,0.1324462890625,0.0472412109375,0,0.085205078125
CHNCXR_0104_0,Shenzhen,0,3,background_lossy,10,0.7129554748535156,0.1324462890625,0.2259521484375,0,0.093505859375
CHNCXR_0104_0,Shenzhen,0,3,all_lossy,10,1.0,0.1324462890625,0.1427001953125,0,0.01025390625
CHNCXR_0104_0,Shenzhen,0,3,lungs_lossy,30,0.2870445251464844,0.1324462890625,0.198974609375,0,0.0665283203125
CHNCXR_0104_0,Shenzhen,0,3,background_lossy,30,0.7129554748535156,0.1324462890625,0.100341796875,0,0.0321044921875
CHNCXR_0104_0,Shenzhen,0,3,all_lossy,30,1.0,0.1324462890625,0.1114501953125,0,0.02099609375
CHNCXR_0104_0,Shenzhen,0,3,lungs_lossy,50,0.2870445251464844,0.1324462890625,0.2010498046875,0,0.068603515625
CHNCXR_0104_0,Shenzhen,0,3,background_lossy,50,0.7129554748535156,0.1324462890625,0.081787109375,0,0.0506591796875
CHNCXR_0104_0,Shenzhen,0,3,all_lossy,50,1.0,0.1324462890625,0.11395263671875,0,0.01849365234375
CHNCXR_0104_0,Shenzhen,0,3,lungs_lossy,70,0.2870445251464844,0.1324462890625,0.134033203125,0,0.0015869140625
CHNCXR_0104_0,Shenzhen,0,3,background_lossy,70,0.7129554748535156,0.1324462890625,0.1307373046875,0,0.001708984375
CHNCXR_0104_0,Shenzhen,0,3,all_lossy,70,1.0,0.1324462890625,0.1297607421875,0,0.002685546875
CHNCXR_0105_0,Shenzhen,0,1,lungs_lossy,10,0.272005500280269,0.0010242462158203,0.01666259765625,0,0.0156383514404297
CHNCXR_0105_0,Shenzhen,0,1,background_lossy,10,0.727994499719731,0.0010242462158203,0.0039138793945312,0,0.0028896331787108998
CHNCXR_0105_0,Shenzhen,0,1,all_lossy,10,1.0,0.0010242462158203,0.128662109375,0,0.1276378631591797
CHNCXR_0105_0,Shenzhen,0,1,lungs_lossy,30,0.272005500280269,0.0010242462158203,0.5400390625,1,0.5390148162841797
CHNCXR_0105_0,Shenzhen,0,1,background_lossy,30,0.727994499719731,0.0010242462158203,0.0011653900146484,0,0.00014114379882810006
CHNCXR_0105_0,Shenzhen,0,1,all_lossy,30,1.0,0.0010242462158203,0.498291015625,0,0.4972667694091797
CHNCXR_0105_0,Shenzhen,0,1,lungs_lossy,50,0.272005500280269,0.0010242462158203,0.0027370452880859,0,0.0017127990722656003
CHNCXR_0105_0,Shenzhen,0,1,background_lossy,50,0.727994499719731,0.0010242462158203,0.0003697872161865,0,0.0006544589996337999
CHNCXR_0105_0,Shenzhen,0,1,all_lossy,50,1.0,0.0010242462158203,0.0009660720825195,0,5.81741333007999e-05
CHNCXR_0105_0,Shenzhen,0,1,lungs_lossy,70,0.272005500280269,0.0010242462158203,0.0014495849609375,0,0.0004253387451172001
CHNCXR_0105_0,Shenzhen,0,1,background_lossy,70,0.727994499719731,0.0010242462158203,0.0007410049438476,0,0.00028324127197269994
CHNCXR_0105_0,Shenzhen,0,1,all_lossy,70,1.0,0.0010242462158203,0.001072883605957,0,4.86373901367001e-05
CHNCXR_0106_0,Shenzhen,0,2,lungs_lossy,10,0.2878680590139442,0.0107803344726562,0.314208984375,0,0.3034286499023438
CHNCXR_0106_0,Shenzhen,0,2,background_lossy,10,0.7121319409860558,0.0107803344726562,0.0103302001953125,0,0.0004501342773436997
CHNCXR_0106_0,Shenzhen,0,2,all_lossy,10,1.0,0.0107803344726562,0.94580078125,1,0.9350204467773438
CHNCXR_0106_0,Shenzhen,0,2,lungs_lossy,30,0.2878680590139442,0.0107803344726562,0.81982421875,1,0.8090438842773438
CHNCXR_0106_0,Shenzhen,0,2,background_lossy,30,0.7121319409860558,0.0107803344726562,0.06695556640625,0,0.0561752319335938
CHNCXR_0106_0,Shenzhen,0,2,all_lossy,30,1.0,0.0107803344726562,0.9814453125,1,0.9706649780273438
CHNCXR_0106_0,Shenzhen,0,2,lungs_lossy,50,0.2878680590139442,0.0107803344726562,0.07696533203125,0,0.0661849975585938
CHNCXR_0106_0,Shenzhen,0,2,background_lossy,50,0.7121319409860558,0.0107803344726562,0.0631103515625,0,0.0523300170898438
CHNCXR_0106_0,Shenzhen,0,2,all_lossy,50,1.0,0.0107803344726562,0.38916015625,0,0.3783798217773438
CHNCXR_0106_0,Shenzhen,0,2,lungs_lossy,70,0.2878680590139442,0.0107803344726562,0.018798828125,0,0.0080184936523438
CHNCXR_0106_0,Shenzhen,0,2,background_lossy,70,0.7121319409860558,0.0107803344726562,0.02288818359375,0,0.0121078491210938
CHNCXR_0106_0,Shenzhen,0,2,all_lossy,70,1.0,0.0107803344726562,0.04400634765625,0,0.0332260131835938
CHNCXR_0107_0,Shenzhen,0,2,lungs_lossy,10,0.3220585369022869,0.017303466796875,0.0283355712890625,0,0.0110321044921875
CHNCXR_0107_0,Shenzhen,0,2,background_lossy,10,0.6779414630977131,0.017303466796875,0.57373046875,1,0.556427001953125
CHNCXR_0107_0,Shenzhen,0,2,all_lossy,10,1.0,0.017303466796875,0.603515625,1,0.586212158203125
CHNCXR_0107_0,Shenzhen,0,2,lungs_lossy,30,0.3220585369022869,0.017303466796875,0.463623046875,0,0.446319580078125
CHNCXR_0107_0,Shenzhen,0,2,background_lossy,30,0.6779414630977131,0.017303466796875,0.4814453125,0,0.464141845703125
CHNCXR_0107_0,Shenzhen,0,2,all_lossy,30,1.0,0.017303466796875,0.88330078125,1,0.865997314453125
CHNCXR_0107_0,Shenzhen,0,2,lungs_lossy,50,0.3220585369022869,0.017303466796875,0.1998291015625,0,0.182525634765625
CHNCXR_0107_0,Shenzhen,0,2,background_lossy,50,0.6779414630977131,0.017303466796875,0.1688232421875,0,0.151519775390625
CHNCXR_0107_0,Shenzhen,0,2,all_lossy,50,1.0,0.017303466796875,0.689453125,1,0.672149658203125
CHNCXR_0107_0,Shenzhen,0,2,lungs_lossy,70,0.3220585369022869,0.017303466796875,0.0130691528320312,0,0.0042343139648438
CHNCXR_0107_0,Shenzhen,0,2,background_lossy,70,0.6779414630977131,0.017303466796875,0.046630859375,0,0.029327392578125
CHNCXR_0107_0,Shenzhen,0,2,all_lossy,70,1.0,0.017303466796875,0.0292510986328125,0,0.0119476318359375
CHNCXR_0108_0,Shenzhen,0,2,lungs_lossy,10,0.3351126743027888,0.92529296875,0.99365234375,0,0.068359375
CHNCXR_0108_0,Shenzhen,0,2,background_lossy,10,0.6648873256972112,0.92529296875,0.55712890625,0,0.3681640625
CHNCXR_0108_0,Shenzhen,0,2,all_lossy,10,1.0,0.92529296875,0.974609375,0,0.04931640625
CHNCXR_0108_0,Shenzhen,0,2,lungs_lossy,30,0.3351126743027888,0.92529296875,0.99951171875,0,0.07421875
CHNCXR_0108_0,Shenzhen,0,2,background_lossy,30,0.6648873256972112,0.92529296875,0.8994140625,0,0.02587890625
CHNCXR_0108_0,Shenzhen,0,2,all_lossy,30,1.0,0.92529296875,0.998046875,0,0.07275390625
CHNCXR_0108_0,Shenzhen,0,2,lungs_lossy,50,0.3351126743027888,0.92529296875,0.95361328125,0,0.0283203125
CHNCXR_0108_0,Shenzhen,0,2,background_lossy,50,0.6648873256972112,0.92529296875,0.828125,0,0.09716796875
CHNCXR_0108_0,Shenzhen,0,2,all_lossy,50,1.0,0.92529296875,0.89306640625,0,0.0322265625
CHNCXR_0108_0,Shenzhen,0,2,lungs_lossy,70,0.3351126743027888,0.92529296875,0.96044921875,0,0.03515625
CHNCXR_0108_0,Shenzhen,0,2,background_lossy,70,0.6648873256972112,0.92529296875,0.87255859375,0,0.052734375
CHNCXR_0108_0,Shenzhen,0,2,all_lossy,70,1.0,0.92529296875,0.91845703125,0,0.0068359375
CHNCXR_0109_0,Shenzhen,0,3,lungs_lossy,10,0.2173894493325242,0.002481460571289,0.3154296875,0,0.312948226928711
CHNCXR_0109_0,Shenzhen,0,3,background_lossy,10,0.7826105506674758,0.002481460571289,0.0003488063812255,0,0.0021326541900635
CHNCXR_0109_0,Shenzhen,0,3,all_lossy,10,1.0,0.002481460571289,0.31298828125,0,0.310506820678711
CHNCXR_0109_0,Shenzhen,0,3,lungs_lossy,30,0.2173894493325242,0.002481460571289,0.03326416015625,0,0.030782699584961
CHNCXR_0109_0,Shenzhen,0,3,background_lossy,30,0.7826105506674758,0.002481460571289,0.0007295608520507,0,0.0017518997192383
CHNCXR_0109_0,Shenzhen,0,3,all_lossy,30,1.0,0.002481460571289,0.0100936889648437,0,0.0076122283935547
CHNCXR_0109_0,Shenzhen,0,3,lungs_lossy,50,0.2173894493325242,0.002481460571289,0.0060272216796875,0,0.0035457611083985
CHNCXR_0109_0,Shenzhen,0,3,background_lossy,50,0.7826105506674758,0.002481460571289,0.0012998580932617,0,0.0011816024780273
CHNCXR_0109_0,Shenzhen,0,3,all_lossy,50,1.0,0.002481460571289,0.0036220550537109,0,0.0011405944824219002
CHNCXR_0109_0,Shenzhen,0,3,lungs_lossy,70,0.2173894493325242,0.002481460571289,0.0017614364624023,0,0.0007200241088867001
CHNCXR_0109_0,Shenzhen,0,3,background_lossy,70,0.7826105506674758,0.002481460571289,0.0018463134765625,0,0.0006351470947265
CHNCXR_0109_0,Shenzhen,0,3,all_lossy,70,1.0,0.002481460571289,0.0013561248779296,0,0.0011253356933594002
CHNCXR_0110_0,Shenzhen,0,2,lungs_lossy,10,0.233936374470339,0.5478515625,0.9638671875,0,0.416015625
CHNCXR_0110_0,Shenzhen,0,2,background_lossy,10,0.766063625529661,0.5478515625,0.697265625,0,0.1494140625
CHNCXR_0110_0,Shenzhen,0,2,all_lossy,10,1.0,0.5478515625,0.98046875,0,0.4326171875
CHNCXR_0110_0,Shenzhen,0,2,lungs_lossy,30,0.233936374470339,0.5478515625,0.9990234375,0,0.451171875
CHNCXR_0110_0,Shenzhen,0,2,background_lossy,30,0.766063625529661,0.5478515625,0.405029296875,1,0.142822265625
CHNCXR_0110_0,Shenzhen,0,2,all_lossy,30,1.0,0.5478515625,0.99658203125,0,0.44873046875
CHNCXR_0110_0,Shenzhen,0,2,lungs_lossy,50,0.233936374470339,0.5478515625,0.8876953125,0,0.33984375
CHNCXR_0110_0,Shenzhen,0,2,background_lossy,50,0.766063625529661,0.5478515625,0.294921875,1,0.2529296875
CHNCXR_0110_0,Shenzhen,0,2,all_lossy,50,1.0,0.5478515625,0.7138671875,0,0.166015625
CHNCXR_0110_0,Shenzhen,0,2,lungs_lossy,70,0.233936374470339,0.5478515625,0.63427734375,0,0.08642578125
CHNCXR_0110_0,Shenzhen,0,2,background_lossy,70,0.766063625529661,0.5478515625,0.4638671875,1,0.083984375
CHNCXR_0110_0,Shenzhen,0,2,all_lossy,70,1.0,0.5478515625,0.53076171875,0,0.01708984375
CHNCXR_0111_0,Shenzhen,0,1,lungs_lossy,10,0.3017938332479508,0.04534912109375,0.043853759765625,0,0.001495361328125
CHNCXR_0111_0,Shenzhen,0,1,background_lossy,10,0.6982061667520492,0.04534912109375,0.295166015625,0,0.24981689453125
CHNCXR_0111_0,Shenzhen,0,1,all_lossy,10,1.0,0.04534912109375,0.46923828125,0,0.42388916015625
CHNCXR_0111_0,Shenzhen,0,1,lungs_lossy,30,0.3017938332479508,0.04534912109375,0.685546875,1,0.64019775390625
CHNCXR_0111_0,Shenzhen,0,1,background_lossy,30,0.6982061667520492,0.04534912109375,0.1190185546875,0,0.07366943359375
CHNCXR_0111_0,Shenzhen,0,1,all_lossy,30,1.0,0.04534912109375,0.56103515625,1,0.51568603515625
CHNCXR_0111_0,Shenzhen,0,1,lungs_lossy,50,0.3017938332479508,0.04534912109375,0.50927734375,1,0.46392822265625
CHNCXR_0111_0,Shenzhen,0,1,background_lossy,50,0.6982061667520492,0.04534912109375,0.04620361328125,0,0.0008544921875
CHNCXR_0111_0,Shenzhen,0,1,all_lossy,50,1.0,0.04534912109375,0.363037109375,0,0.31768798828125
CHNCXR_0111_0,Shenzhen,0,1,lungs_lossy,70,0.3017938332479508,0.04534912109375,0.0352783203125,0,0.01007080078125
CHNCXR_0111_0,Shenzhen,0,1,background_lossy,70,0.6982061667520492,0.04534912109375,0.047607421875,0,0.00225830078125
CHNCXR_0111_0,Shenzhen,0,1,all_lossy,70,1.0,0.04534912109375,0.03594970703125,0,0.0093994140625
CHNCXR_0112_0,Shenzhen,0,3,lungs_lossy,10,0.316858180331992,0.0014781951904296,0.0138473510742187,0,0.0123691558837891
CHNCXR_0112_0,Shenzhen,0,3,background_lossy,10,0.683141819668008,0.0014781951904296,0.0015735626220703,0,9.536743164070003e-05
CHNCXR_0112_0,Shenzhen,0,3,all_lossy,10,1.0,0.0014781951904296,0.078369140625,0,0.0768909454345704
CHNCXR_0112_0,Shenzhen,0,3,lungs_lossy,30,0.316858180331992,0.0014781951904296,0.0345458984375,0,0.0330677032470704
CHNCXR_0112_0,Shenzhen,0,3,background_lossy,30,0.683141819668008,0.0014781951904296,0.0013046264648437,0,0.0001735687255859
CHNCXR_0112_0,Shenzhen,0,3,all_lossy,30,1.0,0.0014781951904296,0.0191192626953125,0,0.0176410675048829
CHNCXR_0112_0,Shenzhen,0,3,lungs_lossy,50,0.316858180331992,0.0014781951904296,0.0019645690917968,0,0.0004863739013672001
CHNCXR_0112_0,Shenzhen,0,3,background_lossy,50,0.683141819668008,0.0014781951904296,0.0012598037719726,0,0.0002183914184569998
CHNCXR_0112_0,Shenzhen,0,3,all_lossy,50,1.0,0.0014781951904296,0.0018606185913085,0,0.0003824234008789002
CHNCXR_0112_0,Shenzhen,0,3,lungs_lossy,70,0.316858180331992,0.0014781951904296,0.0016231536865234,0,0.0001449584960938001
CHNCXR_0112_0,Shenzhen,0,3,background_lossy,70,0.683141819668008,0.0014781951904296,0.0012397766113281,0,0.00023841857910149983
CHNCXR_0112_0,Shenzhen,0,3,all_lossy,70,1.0,0.0014781951904296,0.0012893676757812,0,0.0001888275146484
CHNCXR_0113_0,Shenzhen,0,0,lungs_lossy,10,0.3245127255154639,0.401611328125,0.99951171875,1,0.597900390625
CHNCXR_0113_0,Shenzhen,0,0,background_lossy,10,0.6754872744845362,0.401611328125,0.25390625,0,0.147705078125
CHNCXR_0113_0,Shenzhen,0,0,all_lossy,10,1.0,0.401611328125,0.9970703125,1,0.595458984375
CHNCXR_0113_0,Shenzhen,0,0,lungs_lossy,30,0.3245127255154639,0.401611328125,0.99169921875,1,0.590087890625
CHNCXR_0113_0,Shenzhen,0,0,background_lossy,30,0.6754872744845362,0.401611328125,0.1434326171875,0,0.2581787109375
CHNCXR_0113_0,Shenzhen,0,0,all_lossy,30,1.0,0.401611328125,0.9267578125,1,0.525146484375
CHNCXR_0113_0,Shenzhen,0,0,lungs_lossy,50,0.3245127255154639,0.401611328125,0.77880859375,1,0.377197265625
CHNCXR_0113_0,Shenzhen,0,0,background_lossy,50,0.6754872744845362,0.401611328125,0.2335205078125,0,0.1680908203125
CHNCXR_0113_0,Shenzhen,0,0,all_lossy,50,1.0,0.401611328125,0.5615234375,1,0.159912109375
CHNCXR_0113_0,Shenzhen,0,0,lungs_lossy,70,0.3245127255154639,0.401611328125,0.52197265625,1,0.120361328125
CHNCXR_0113_0,Shenzhen,0,0,background_lossy,70,0.6754872744845362,0.401611328125,0.363525390625,0,0.0380859375
CHNCXR_0113_0,Shenzhen,0,0,all_lossy,70,1.0,0.401611328125,0.4775390625,0,0.075927734375
CHNCXR_0114_0,Shenzhen,0,4,lungs_lossy,10,0.2314121756487026,0.0078125,0.283447265625,0,0.275634765625
CHNCXR_0114_0,Shenzhen,0,4,background_lossy,10,0.7685878243512974,0.0078125,0.0241851806640625,0,0.0163726806640625
CHNCXR_0114_0,Shenzhen,0,4,all_lossy,10,1.0,0.0078125,0.388427734375,0,0.380615234375
CHNCXR_0114_0,Shenzhen,0,4,lungs_lossy,30,0.2314121756487026,0.0078125,0.2406005859375,0,0.2327880859375
CHNCXR_0114_0,Shenzhen,0,4,background_lossy,30,0.7685878243512974,0.0078125,0.0151901245117187,0,0.0073776245117187
CHNCXR_0114_0,Shenzhen,0,4,all_lossy,30,1.0,0.0078125,0.224609375,0,0.216796875
CHNCXR_0114_0,Shenzhen,0,4,lungs_lossy,50,0.2314121756487026,0.0078125,0.0169219970703125,0,0.0091094970703125
CHNCXR_0114_0,Shenzhen,0,4,background_lossy,50,0.7685878243512974,0.0078125,0.0111618041992187,0,0.0033493041992186997
CHNCXR_0114_0,Shenzhen,0,4,all_lossy,50,1.0,0.0078125,0.0210418701171875,0,0.0132293701171875
CHNCXR_0114_0,Shenzhen,0,4,lungs_lossy,70,0.2314121756487026,0.0078125,0.0082550048828125,0,0.0004425048828125
CHNCXR_0114_0,Shenzhen,0,4,background_lossy,70,0.7685878243512974,0.0078125,0.0086441040039062,0,0.0008316040039061997
CHNCXR_0114_0,Shenzhen,0,4,all_lossy,70,1.0,0.0078125,0.0093002319335937,0,0.0014877319335936997
CHNCXR_0115_0,Shenzhen,0,4,lungs_lossy,10,0.2184122721354166,0.047943115234375,0.337646484375,0,0.289703369140625
CHNCXR_0115_0,Shenzhen,0,4,background_lossy,10,0.7815877278645833,0.047943115234375,0.0784912109375,0,0.030548095703125
CHNCXR_0115_0,Shenzhen,0,4,all_lossy,10,1.0,0.047943115234375,0.273193359375,0,0.225250244140625
CHNCXR_0115_0,Shenzhen,0,4,lungs_lossy,30,0.2184122721354166,0.047943115234375,0.289794921875,0,0.241851806640625
CHNCXR_0115_0,Shenzhen,0,4,background_lossy,30,0.7815877278645833,0.047943115234375,0.072265625,0,0.024322509765625
CHNCXR_0115_0,Shenzhen,0,4,all_lossy,30,1.0,0.047943115234375,0.331298828125,0,0.283355712890625
CHNCXR_0115_0,Shenzhen,0,4,lungs_lossy,50,0.2184122721354166,0.047943115234375,0.090576171875,0,0.042633056640625
CHNCXR_0115_0,Shenzhen,0,4,background_lossy,50,0.7815877278645833,0.047943115234375,0.044677734375,0,0.003265380859375
CHNCXR_0115_0,Shenzhen,0,4,all_lossy,50,1.0,0.047943115234375,0.08587646484375,0,0.037933349609375
CHNCXR_0115_0,Shenzhen,0,4,lungs_lossy,70,0.2184122721354166,0.047943115234375,0.044769287109375,0,0.003173828125
CHNCXR_0115_0,Shenzhen,0,4,background_lossy,70,0.7815877278645833,0.047943115234375,0.0460205078125,0,0.001922607421875
CHNCXR_0115_0,Shenzhen,0,4,all_lossy,70,1.0,0.047943115234375,0.042022705078125,0,0.00592041015625
CHNCXR_0116_0,Shenzhen,0,0,lungs_lossy,10,0.2893828125,0.09844970703125,0.998046875,1,0.89959716796875
CHNCXR_0116_0,Shenzhen,0,0,background_lossy,10,0.7106171875,0.09844970703125,0.0202484130859375,0,0.0782012939453125
CHNCXR_0116_0,Shenzhen,0,0,all_lossy,10,1.0,0.09844970703125,0.97802734375,1,0.87957763671875
CHNCXR_0116_0,Shenzhen,0,0,lungs_lossy,30,0.2893828125,0.09844970703125,0.9931640625,1,0.89471435546875
CHNCXR_0116_0,Shenzhen,0,0,background_lossy,30,0.7106171875,0.09844970703125,0.0056190490722656,0,0.0928306579589844
CHNCXR_0116_0,Shenzhen,0,0,all_lossy,30,1.0,0.09844970703125,0.51318359375,1,0.41473388671875
CHNCXR_0116_0,Shenzhen,0,0,lungs_lossy,50,0.2893828125,0.09844970703125,0.279052734375,0,0.18060302734375
CHNCXR_0116_0,Shenzhen,0,0,background_lossy,50,0.7106171875,0.09844970703125,0.0167236328125,0,0.08172607421875
CHNCXR_0116_0,Shenzhen,0,0,all_lossy,50,1.0,0.09844970703125,0.1026611328125,0,0.00421142578125
CHNCXR_0116_0,Shenzhen,0,0,lungs_lossy,70,0.2893828125,0.09844970703125,0.06878662109375,0,0.0296630859375
CHNCXR_0116_0,Shenzhen,0,0,background_lossy,70,0.7106171875,0.09844970703125,0.09552001953125,0,0.0029296875
CHNCXR_0116_0,Shenzhen,0,0,all_lossy,70,1.0,0.09844970703125,0.092041015625,0,0.00640869140625
CHNCXR_0117_0,Shenzhen,0,2,lungs_lossy,10,0.2521412700688073,0.619140625,0.990234375,0,0.37109375
CHNCXR_0117_0,Shenzhen,0,2,background_lossy,10,0.7478587299311927,0.619140625,0.8603515625,0,0.2412109375
CHNCXR_0117_0,Shenzhen,0,2,all_lossy,10,1.0,0.619140625,0.9921875,0,0.373046875
CHNCXR_0117_0,Shenzhen,0,2,lungs_lossy,30,0.2521412700688073,0.619140625,0.98876953125,0,0.36962890625
CHNCXR_0117_0,Shenzhen,0,2,background_lossy,30,0.7478587299311927,0.619140625,0.810546875,0,0.19140625
CHNCXR_0117_0,Shenzhen,0,2,all_lossy,30,1.0,0.619140625,0.97607421875,0,0.35693359375
CHNCXR_0117_0,Shenzhen,0,2,lungs_lossy,50,0.2521412700688073,0.619140625,0.984375,0,0.365234375
CHNCXR_0117_0,Shenzhen,0,2,background_lossy,50,0.7478587299311927,0.619140625,0.73291015625,0,0.11376953125
CHNCXR_0117_0,Shenzhen,0,2,all_lossy,50,1.0,0.619140625,0.9833984375,0,0.3642578125
CHNCXR_0117_0,Shenzhen,0,2,lungs_lossy,70,0.2521412700688073,0.619140625,0.60595703125,0,0.01318359375
CHNCXR_0117_0,Shenzhen,0,2,background_lossy,70,0.7478587299311927,0.619140625,0.76318359375,0,0.14404296875
CHNCXR_0117_0,Shenzhen,0,2,all_lossy,70,1.0,0.619140625,0.76171875,0,0.142578125
CHNCXR_0118_0,Shenzhen,0,1,lungs_lossy,10,0.1683968321917808,0.000476598739624,0.443603515625,0,0.443126916885376
CHNCXR_0118_0,Shenzhen,0,1,background_lossy,10,0.8316031678082192,0.000476598739624,0.021209716796875,0,0.020733118057251
CHNCXR_0118_0,Shenzhen,0,1,all_lossy,10,1.0,0.000476598739624,0.931640625,1,0.931164026260376
CHNCXR_0118_0,Shenzhen,0,1,lungs_lossy,30,0.1683968321917808,0.000476598739624,0.256103515625,0,0.255626916885376
CHNCXR_0118_0,Shenzhen,0,1,background_lossy,30,0.8316031678082192,0.000476598739624,0.0054283142089843,0,0.0049517154693603
CHNCXR_0118_0,Shenzhen,0,1,all_lossy,30,1.0,0.000476598739624,0.54833984375,1,0.547863245010376
CHNCXR_0118_0,Shenzhen,0,1,lungs_lossy,50,0.1683968321917808,0.000476598739624,0.001896858215332,0,0.001420259475708
CHNCXR_0118_0,Shenzhen,0,1,background_lossy,50,0.8316031678082192,0.000476598739624,0.0015668869018554,0,0.0010902881622314
CHNCXR_0118_0,Shenzhen,0,1,all_lossy,50,1.0,0.000476598739624,0.0033111572265625,0,0.0028345584869385
CHNCXR_0118_0,Shenzhen,0,1,lungs_lossy,70,0.1683968321917808,0.000476598739624,0.0004513263702392,0,2.5272369384799994e-05
CHNCXR_0118_0,Shenzhen,0,1,background_lossy,70,0.8316031678082192,0.000476598739624,0.0003366470336914,0,0.0001399517059326
CHNCXR_0118_0,Shenzhen,0,1,all_lossy,70,1.0,0.000476598739624,0.0003077983856201,0,0.00016880035400390002
CHNCXR_0119_0,Shenzhen,0,1,lungs_lossy,10,0.2395860516701461,0.09368896484375,0.869140625,1,0.77545166015625
CHNCXR_0119_0,Shenzhen,0,1,background_lossy,10,0.7604139483298539,0.09368896484375,0.14404296875,0,0.05035400390625
CHNCXR_0119_0,Shenzhen,0,1,all_lossy,10,1.0,0.09368896484375,0.93408203125,1,0.84039306640625
CHNCXR_0119_0,Shenzhen,0,1,lungs_lossy,30,0.2395860516701461,0.09368896484375,0.87255859375,1,0.77886962890625
CHNCXR_0119_0,Shenzhen,0,1,background_lossy,30,0.7604139483298539,0.09368896484375,0.149658203125,0,0.05596923828125
CHNCXR_0119_0,Shenzhen,0,1,all_lossy,30,1.0,0.09368896484375,0.82763671875,1,0.73394775390625
CHNCXR_0119_0,Shenzhen,0,1,lungs_lossy,50,0.2395860516701461,0.09368896484375,0.1270751953125,0,0.03338623046875
CHNCXR_0119_0,Shenzhen,0,1,background_lossy,50,0.7604139483298539,0.09368896484375,0.047088623046875,0,0.046600341796875
CHNCXR_0119_0,Shenzhen,0,1,all_lossy,50,1.0,0.09368896484375,0.06109619140625,0,0.0325927734375
CHNCXR_0119_0,Shenzhen,0,1,lungs_lossy,70,0.2395860516701461,0.09368896484375,0.08538818359375,0,0.00830078125
CHNCXR_0119_0,Shenzhen,0,1,background_lossy,70,0.7604139483298539,0.09368896484375,0.06561279296875,0,0.028076171875
CHNCXR_0119_0,Shenzhen,0,1,all_lossy,70,1.0,0.09368896484375,0.058349609375,0,0.03533935546875
CHNCXR_0120_0,Shenzhen,0,3,lungs_lossy,10,0.2696011431411531,0.001810073852539,0.0065879821777343,0,0.0047779083251953
CHNCXR_0120_0,Shenzhen,0,3,background_lossy,10,0.7303988568588469,0.001810073852539,0.0013456344604492,0,0.00046443939208979995
CHNCXR_0120_0,Shenzhen,0,3,all_lossy,10,1.0,0.001810073852539,0.04913330078125,0,0.047323226928711
CHNCXR_0120_0,Shenzhen,0,3,lungs_lossy,30,0.2696011431411531,0.001810073852539,0.0129241943359375,0,0.0111141204833985
CHNCXR_0120_0,Shenzhen,0,3,background_lossy,30,0.7303988568588469,0.001810073852539,0.0012445449829101,0,0.0005655288696289
CHNCXR_0120_0,Shenzhen,0,3,all_lossy,30,1.0,0.001810073852539,0.0098953247070312,0,0.0080852508544922
CHNCXR_0120_0,Shenzhen,0,3,lungs_lossy,50,0.2696011431411531,0.001810073852539,0.0010900497436523,0,0.0007200241088867001
CHNCXR_0120_0,Shenzhen,0,3,background_lossy,50,0.7303988568588469,0.001810073852539,0.0019044876098632,0,9.441375732419988e-05
CHNCXR_0120_0,Shenzhen,0,3,all_lossy,50,1.0,0.001810073852539,0.0010566711425781,0,0.0007534027099609
CHNCXR_0120_0,Shenzhen,0,3,lungs_lossy,70,0.2696011431411531,0.001810073852539,0.001230239868164,0,0.000579833984375
CHNCXR_0120_0,Shenzhen,0,3,background_lossy,70,0.7303988568588469,0.001810073852539,0.0018177032470703,0,7.629394531299873e-06
CHNCXR_0120_0,Shenzhen,0,3,all_lossy,70,1.0,0.001810073852539,0.0013093948364257,0,0.0005006790161133001
CHNCXR_0121_0,Shenzhen,0,2,lungs_lossy,10,0.2934870952760084,0.96044921875,0.9990234375,0,0.03857421875
CHNCXR_0121_0,Shenzhen,0,2,background_lossy,10,0.7065129047239915,0.96044921875,0.900390625,0,0.06005859375
CHNCXR_0121_0,Shenzhen,0,2,all_lossy,10,1.0,0.96044921875,0.9970703125,0,0.03662109375
CHNCXR_0121_0,Shenzhen,0,2,lungs_lossy,30,0.2934870952760084,0.96044921875,0.9990234375,0,0.03857421875
CHNCXR_0121_0,Shenzhen,0,2,background_lossy,30,0.7065129047239915,0.96044921875,0.86962890625,0,0.0908203125
CHNCXR_0121_0,Shenzhen,0,2,all_lossy,30,1.0,0.96044921875,0.994140625,0,0.03369140625
CHNCXR_0121_0,Shenzhen,0,2,lungs_lossy,50,0.2934870952760084,0.96044921875,0.98193359375,0,0.021484375
CHNCXR_0121_0,Shenzhen,0,2,background_lossy,50,0.7065129047239915,0.96044921875,0.9453125,0,0.01513671875
CHNCXR_0121_0,Shenzhen,0,2,all_lossy,50,1.0,0.96044921875,0.96240234375,0,0.001953125
CHNCXR_0121_0,Shenzhen,0,2,lungs_lossy,70,0.2934870952760084,0.96044921875,0.95556640625,0,0.0048828125
CHNCXR_0121_0,Shenzhen,0,2,background_lossy,70,0.7065129047239915,0.96044921875,0.9765625,0,0.01611328125
CHNCXR_0121_0,Shenzhen,0,2,all_lossy,70,1.0,0.96044921875,0.97216796875,0,0.01171875
CHNCXR_0122_0,Shenzhen,0,1,lungs_lossy,10,0.2669926148796498,0.08465576171875,0.8466796875,1,0.76202392578125
CHNCXR_0122_0,Shenzhen,0,1,background_lossy,10,0.7330073851203501,0.08465576171875,0.54931640625,1,0.46466064453125
CHNCXR_0122_0,Shenzhen,0,1,all_lossy,10,1.0,0.08465576171875,0.98583984375,1,0.90118408203125
CHNCXR_0122_0,Shenzhen,0,1,lungs_lossy,30,0.2669926148796498,0.08465576171875,0.595703125,1,0.51104736328125
CHNCXR_0122_0,Shenzhen,0,1,background_lossy,30,0.7330073851203501,0.08465576171875,0.5107421875,1,0.42608642578125
CHNCXR_0122_0,Shenzhen,0,1,all_lossy,30,1.0,0.08465576171875,0.89892578125,1,0.81427001953125
CHNCXR_0122_0,Shenzhen,0,1,lungs_lossy,50,0.2669926148796498,0.08465576171875,0.29052734375,0,0.20587158203125
CHNCXR_0122_0,Shenzhen,0,1,background_lossy,50,0.7330073851203501,0.08465576171875,0.3095703125,0,0.22491455078125
CHNCXR_0122_0,Shenzhen,0,1,all_lossy,50,1.0,0.08465576171875,0.650390625,1,0.56573486328125
CHNCXR_0122_0,Shenzhen,0,1,lungs_lossy,70,0.2669926148796498,0.08465576171875,0.09619140625,0,0.01153564453125
CHNCXR_0122_0,Shenzhen,0,1,background_lossy,70,0.7330073851203501,0.08465576171875,0.09466552734375,0,0.010009765625
CHNCXR_0122_0,Shenzhen,0,1,all_lossy,70,1.0,0.08465576171875,0.10321044921875,0,0.0185546875
CHNCXR_0123_0,Shenzhen,0,1,lungs_lossy,10,0.1659030193836978,0.0002779960632324,0.0135345458984375,0,0.0132565498352051
CHNCXR_0123_0,Shenzhen,0,1,background_lossy,10,0.8340969806163022,0.0002779960632324,0.0016422271728515,0,0.0013642311096191
CHNCXR_0123_0,Shenzhen,0,1,all_lossy,10,1.0,0.0002779960632324,0.23681640625,0,0.2365384101867676
CHNCXR_0123_0,Shenzhen,0,1,lungs_lossy,30,0.1659030193836978,0.0002779960632324,0.0041656494140625,0,0.0038876533508301
CHNCXR_0123_0,Shenzhen,0,1,background_lossy,30,0.8340969806163022,0.0002779960632324,0.0004897117614746,0,0.00021171569824220008
CHNCXR_0123_0,Shenzhen,0,1,all_lossy,30,1.0,0.0002779960632324,0.0125274658203125,0,0.0122494697570801
CHNCXR_0123_0,Shenzhen,0,1,lungs_lossy,50,0.1659030193836978,0.0002779960632324,0.0004494190216064,0,0.00017142295837400002
CHNCXR_0123_0,Shenzhen,0,1,background_lossy,50,0.8340969806163022,0.0002779960632324,0.0002715587615966,0,6.4373016357999755e-06
CHNCXR_0123_0,Shenzhen,0,1,all_lossy,50,1.0,0.0002779960632324,0.0004711151123046,0,0.00019311904907220003
CHNCXR_0123_0,Shenzhen,0,1,lungs_lossy,70,0.1659030193836978,0.0002779960632324,0.0002913475036621,0,1.3351440429700023e-05
CHNCXR_0123_0,Shenzhen,0,1,background_lossy,70,0.8340969806163022,0.0002779960632324,0.0002453327178955,0,3.266334533689997e-05
CHNCXR_0123_0,Shenzhen,0,1,all_lossy,70,1.0,0.0002779960632324,0.0002715587615966,0,6.4373016357999755e-06
CHNCXR_0124_0,Shenzhen,0,0,lungs_lossy,10,0.2894960098448687,0.0006852149963378,0.45166015625,0,0.4509749412536622
CHNCXR_0124_0,Shenzhen,0,0,background_lossy,10,0.7105039901551313,0.0006852149963378,0.0015668869018554,0,0.0008816719055176
CHNCXR_0124_0,Shenzhen,0,0,all_lossy,10,1.0,0.0006852149963378,0.61572265625,1,0.6150374412536622
CHNCXR_0124_0,Shenzhen,0,0,lungs_lossy,30,0.2894960098448687,0.0006852149963378,0.96337890625,1,0.9626936912536622
CHNCXR_0124_0,Shenzhen,0,0,background_lossy,30,0.7105039901551313,0.0006852149963378,0.00089693069458,0,0.00021171569824219997
CHNCXR_0124_0,Shenzhen,0,0,all_lossy,30,1.0,0.0006852149963378,0.67578125,1,0.6750960350036622
CHNCXR_0124_0,Shenzhen,0,0,lungs_lossy,50,0.2894960098448687,0.0006852149963378,0.06597900390625,0,0.0652937889099122
CHNCXR_0124_0,Shenzhen,0,0,background_lossy,50,0.7105039901551313,0.0006852149963378,0.0032482147216796,0,0.0025629997253418
CHNCXR_0124_0,Shenzhen,0,0,all_lossy,50,1.0,0.0006852149963378,0.07989501953125,0,0.0792098045349122
CHNCXR_0124_0,Shenzhen,0,0,lungs_lossy,70,0.2894960098448687,0.0006852149963378,0.0013408660888671,0,0.0006556510925292999
CHNCXR_0124_0,Shenzhen,0,0,background_lossy,70,0.7105039901551313,0.0006852149963378,0.0012998580932617,0,0.0006146430969239001
CHNCXR_0124_0,Shenzhen,0,0,all_lossy,70,1.0,0.0006852149963378,0.0022335052490234,0,0.0015482902526856002
CHNCXR_0125_0,Shenzhen,0,1,lungs_lossy,10,0.2636528015136719,0.0007915496826171,0.05224609375,0,0.0514545440673829
CHNCXR_0125_0,Shenzhen,0,1,background_lossy,10,0.7363471984863281,0.0007915496826171,0.02484130859375,0,0.0240497589111329
CHNCXR_0125_0,Shenzhen,0,1,all_lossy,10,1.0,0.0007915496826171,0.493408203125,0,0.4926166534423829
CHNCXR_0125_0,Shenzhen,0,1,lungs_lossy,30,0.2636528015136719,0.0007915496826171,0.015960693359375,0,0.0151691436767579
CHNCXR_0125_0,Shenzhen,0,1,background_lossy,30,0.7363471984863281,0.0007915496826171,0.0094146728515625,0,0.0086231231689454
CHNCXR_0125_0,Shenzhen,0,1,all_lossy,30,1.0,0.0007915496826171,0.1513671875,0,0.1505756378173829
CHNCXR_0125_0,Shenzhen,0,1,lungs_lossy,50,0.2636528015136719,0.0007915496826171,0.0024051666259765,0,0.0016136169433594002
CHNCXR_0125_0,Shenzhen,0,1,background_lossy,50,0.7363471984863281,0.0007915496826171,0.0012693405151367,0,0.0004777908325196001
CHNCXR_0125_0,Shenzhen,0,1,all_lossy,50,1.0,0.0007915496826171,0.0037212371826171,0,0.0029296875
CHNCXR_0125_0,Shenzhen,0,1,lungs_lossy,70,0.2636528015136719,0.0007915496826171,0.0007123947143554,0,7.91549682617e-05
CHNCXR_0125_0,Shenzhen,0,1,background_lossy,70,0.7363471984863281,0.0007915496826171,0.0011653900146484,0,0.0003738403320313
CHNCXR_0125_0,Shenzhen,0,1,all_lossy,70,1.0,0.0007915496826171,0.001133918762207,0,0.0003423690795899
CHNCXR_0126_0,Shenzhen,0,0,lungs_lossy,10,0.146129615768463,0.0081558227539062,0.0889892578125,0,0.0808334350585938
CHNCXR_0126_0,Shenzhen,0,0,background_lossy,10,0.8538703842315369,0.0081558227539062,0.0138473510742187,0,0.0056915283203125
CHNCXR_0126_0,Shenzhen,0,0,all_lossy,10,1.0,0.0081558227539062,0.2176513671875,0,0.2094955444335938
CHNCXR_0126_0,Shenzhen,0,0,lungs_lossy,30,0.146129615768463,0.0081558227539062,0.86083984375,1,0.8526840209960938
CHNCXR_0126_0,Shenzhen,0,0,background_lossy,30,0.8538703842315369,0.0081558227539062,0.0025501251220703,0,0.005605697631835899
CHNCXR_0126_0,Shenzhen,0,0,all_lossy,30,1.0,0.0081558227539062,0.312255859375,0,0.3041000366210938
CHNCXR_0126_0,Shenzhen,0,0,lungs_lossy,50,0.146129615768463,0.0081558227539062,0.054412841796875,0,0.0462570190429688
CHNCXR_0126_0,Shenzhen,0,0,background_lossy,50,0.8538703842315369,0.0081558227539062,0.0070953369140625,0,0.0010604858398436997
CHNCXR_0126_0,Shenzhen,0,0,all_lossy,50,1.0,0.0081558227539062,0.0305023193359375,0,0.0223464965820313
CHNCXR_0126_0,Shenzhen,0,0,lungs_lossy,70,0.146129615768463,0.0081558227539062,0.00885009765625,0,0.0006942749023438003
CHNCXR_0126_0,Shenzhen,0,0,background_lossy,70,0.8538703842315369,0.0081558227539062,0.0079345703125,0,0.0002212524414061997
CHNCXR_0126_0,Shenzhen,0,0,all_lossy,70,1.0,0.0081558227539062,0.0090866088867187,0,0.0009307861328125
CHNCXR_0127_0,Shenzhen,0,2,lungs_lossy,10,0.3158107850609756,0.0227203369140625,0.8779296875,1,0.8552093505859375
CHNCXR_0127_0,Shenzhen,0,2,background_lossy,10,0.6841892149390244,0.0227203369140625,0.0250396728515625,0,0.0023193359375
CHNCXR_0127_0,Shenzhen,0,2,all_lossy,10,1.0,0.0227203369140625,0.83251953125,1,0.8097991943359375
CHNCXR_0127_0,Shenzhen,0,2,lungs_lossy,30,0.3158107850609756,0.0227203369140625,0.97802734375,1,0.9553070068359375
CHNCXR_0127_0,Shenzhen,0,2,background_lossy,30,0.6841892149390244,0.0227203369140625,0.0831298828125,0,0.0604095458984375
CHNCXR_0127_0,Shenzhen,0,2,all_lossy,30,1.0,0.0227203369140625,0.9912109375,1,0.9684906005859375
CHNCXR_0127_0,Shenzhen,0,2,lungs_lossy,50,0.3158107850609756,0.0227203369140625,0.386474609375,0,0.3637542724609375
CHNCXR_0127_0,Shenzhen,0,2,background_lossy,50,0.6841892149390244,0.0227203369140625,0.04248046875,0,0.0197601318359375
CHNCXR_0127_0,Shenzhen,0,2,all_lossy,50,1.0,0.0227203369140625,0.51171875,1,0.4889984130859375
CHNCXR_0127_0,Shenzhen,0,2,lungs_lossy,70,0.3158107850609756,0.0227203369140625,0.044189453125,0,0.0214691162109375
CHNCXR_0127_0,Shenzhen,0,2,background_lossy,70,0.6841892149390244,0.0227203369140625,0.0261077880859375,0,0.003387451171875
CHNCXR_0127_0,Shenzhen,0,2,all_lossy,70,1.0,0.0227203369140625,0.050140380859375,0,0.0274200439453125
CHNCXR_0128_0,Shenzhen,0,1,lungs_lossy,10,0.2565116882324219,0.011199951171875,0.94140625,1,0.930206298828125
CHNCXR_0128_0,Shenzhen,0,1,background_lossy,10,0.7434883117675781,0.011199951171875,0.265625,0,0.254425048828125
CHNCXR_0128_0,Shenzhen,0,1,all_lossy,10,1.0,0.011199951171875,0.98291015625,1,0.971710205078125
CHNCXR_0128_0,Shenzhen,0,1,lungs_lossy,30,0.2565116882324219,0.011199951171875,0.73681640625,1,0.725616455078125
CHNCXR_0128_0,Shenzhen,0,1,background_lossy,30,0.7434883117675781,0.011199951171875,0.11181640625,0,0.100616455078125
CHNCXR_0128_0,Shenzhen,0,1,all_lossy,30,1.0,0.011199951171875,0.8935546875,1,0.882354736328125
CHNCXR_0128_0,Shenzhen,0,1,lungs_lossy,50,0.2565116882324219,0.011199951171875,0.1380615234375,0,0.126861572265625
CHNCXR_0128_0,Shenzhen,0,1,background_lossy,50,0.7434883117675781,0.011199951171875,0.0072593688964843,0,0.0039405822753907
CHNCXR_0128_0,Shenzhen,0,1,all_lossy,50,1.0,0.011199951171875,0.046722412109375,0,0.0355224609375
CHNCXR_0128_0,Shenzhen,0,1,lungs_lossy,70,0.2565116882324219,0.011199951171875,0.0238189697265625,0,0.0126190185546875
CHNCXR_0128_0,Shenzhen,0,1,background_lossy,70,0.7434883117675781,0.011199951171875,0.0213623046875,0,0.010162353515625
CHNCXR_0128_0,Shenzhen,0,1,all_lossy,70,1.0,0.011199951171875,0.040618896484375,0,0.0294189453125
CHNCXR_0129_0,Shenzhen,0,1,lungs_lossy,10,0.2085258949530516,0.0009074211120605,0.290283203125,0,0.2893757820129395
CHNCXR_0129_0,Shenzhen,0,1,background_lossy,10,0.7914741050469484,0.0009074211120605,0.0032978057861328,0,0.0023903846740723
CHNCXR_0129_0,Shenzhen,0,1,all_lossy,10,1.0,0.0009074211120605,0.470703125,0,0.4697957038879395
CHNCXR_0129_0,Shenzhen,0,1,lungs_lossy,30,0.2085258949530516,0.0009074211120605,0.1405029296875,0,0.1395955085754395
CHNCXR_0129_0,Shenzhen,0,1,background_lossy,30,0.7914741050469484,0.0009074211120605,0.0081253051757812,0,0.0072178840637207
CHNCXR_0129_0,Shenzhen,0,1,all_lossy,30,1.0,0.0009074211120605,0.461669921875,0,0.4607625007629395
CHNCXR_0129_0,Shenzhen,0,1,lungs_lossy,50,0.2085258949530516,0.0009074211120605,0.019683837890625,0,0.0187764167785645
CHNCXR_0129_0,Shenzhen,0,1,background_lossy,50,0.7914741050469484,0.0009074211120605,0.0009622573852539,0,5.4836273193399924e-05
CHNCXR_0129_0,Shenzhen,0,1,all_lossy,50,1.0,0.0009074211120605,0.010406494140625,0,0.0094990730285645
CHNCXR_0129_0,Shenzhen,0,1,lungs_lossy,70,0.2085258949530516,0.0009074211120605,0.001169204711914,0,0.0002617835998535
CHNCXR_0129_0,Shenzhen,0,1,background_lossy,70,0.7914741050469484,0.0009074211120605,0.0014047622680664,0,0.0004973411560058999
CHNCXR_0129_0,Shenzhen,0,1,all_lossy,70,1.0,0.0009074211120605,0.0016746520996093,0,0.0007672309875487999
CHNCXR_0130_0,Shenzhen,0,2,lungs_lossy,10,0.2456924229452055,0.05792236328125,0.990234375,1,0.93231201171875
CHNCXR_0130_0,Shenzhen,0,2,background_lossy,10,0.7543075770547945,0.05792236328125,0.434326171875,0,0.37640380859375
CHNCXR_0130_0,Shenzhen,0,2,all_lossy,10,1.0,0.05792236328125,0.98974609375,1,0.93182373046875
CHNCXR_0130_0,Shenzhen,0,2,lungs_lossy,30,0.2456924229452055,0.05792236328125,0.7509765625,1,0.69305419921875
CHNCXR_0130_0,Shenzhen,0,2,background_lossy,30,0.7543075770547945,0.05792236328125,0.09320068359375,0,0.0352783203125
CHNCXR_0130_0,Shenzhen,0,2,all_lossy,30,1.0,0.05792236328125,0.61376953125,1,0.55584716796875
CHNCXR_0130_0,Shenzhen,0,2,lungs_lossy,50,0.2456924229452055,0.05792236328125,0.09417724609375,0,0.0362548828125
CHNCXR_0130_0,Shenzhen,0,2,background_lossy,50,0.7543075770547945,0.05792236328125,0.1571044921875,0,0.09918212890625
CHNCXR_0130_0,Shenzhen,0,2,all_lossy,50,1.0,0.05792236328125,0.2359619140625,0,0.17803955078125
CHNCXR_0130_0,Shenzhen,0,2,lungs_lossy,70,0.2456924229452055,0.05792236328125,0.044921875,0,0.01300048828125
CHNCXR_0130_0,Shenzhen,0,2,background_lossy,70,0.7543075770547945,0.05792236328125,0.080078125,0,0.02215576171875
CHNCXR_0130_0,Shenzhen,0,2,all_lossy,70,1.0,0.05792236328125,0.0560302734375,0,0.00189208984375
CHNCXR_0131_0,Shenzhen,0,1,lungs_lossy,10,0.2875614466292134,0.0001088976860046,0.2110595703125,0,0.2109506726264954
CHNCXR_0131_0,Shenzhen,0,1,background_lossy,10,0.7124385533707865,0.0001088976860046,0.0034694671630859,0,0.0033605694770813
CHNCXR_0131_0,Shenzhen,0,1,all_lossy,10,1.0,0.0001088976860046,0.8203125,1,0.8202036023139954
CHNCXR_0131_0,Shenzhen,0,1,lungs_lossy,30,0.2875614466292134,0.0001088976860046,0.0119171142578125,0,0.0118082165718079
CHNCXR_0131_0,Shenzhen,0,1,background_lossy,30,0.7124385533707865,0.0001088976860046,0.0006165504455566,0,0.000507652759552
CHNCXR_0131_0,Shenzhen,0,1,all_lossy,30,1.0,0.0001088976860046,0.0256195068359375,0,0.0255106091499329
CHNCXR_0131_0,Shenzhen,0,1,lungs_lossy,50,0.2875614466292134,0.0001088976860046,0.0002251863479614,0,0.0001162886619568
CHNCXR_0131_0,Shenzhen,0,1,background_lossy,50,0.7124385533707865,0.0001088976860046,0.0002018213272094,0,9.292364120479998e-05
CHNCXR_0131_0,Shenzhen,0,1,all_lossy,50,1.0,0.0001088976860046,0.0004107952117919,0,0.00030189752578729996
CHNCXR_0131_0,Shenzhen,0,1,lungs_lossy,70,0.2875614466292134,0.0001088976860046,0.0001263618469238,0,1.7464160919199983e-05
CHNCXR_0131_0,Shenzhen,0,1,background_lossy,70,0.7124385533707865,0.0001088976860046,0.0001333951950073,0,2.449750900269998e-05
CHNCXR_0131_0,Shenzhen,0,1,all_lossy,70,1.0,0.0001088976860046,0.0001523494720458,0,4.3451786041199985e-05
CHNCXR_0132_0,Shenzhen,0,0,lungs_lossy,10,0.2104715457256461,6.711483001708984e-05,0.416748046875,0,0.4166809320449829
CHNCXR_0132_0,Shenzhen,0,0,background_lossy,10,0.7895284542743539,6.711483001708984e-05,0.0002305507659912,0,0.00016343593597411014
CHNCXR_0132_0,Shenzhen,0,0,all_lossy,10,1.0,6.711483001708984e-05,0.78759765625,1,0.7875305414199829
CHNCXR_0132_0,Shenzhen,0,0,lungs_lossy,30,0.2104715457256461,6.711483001708984e-05,0.50048828125,1,0.5004211664199829
CHNCXR_0132_0,Shenzhen,0,0,background_lossy,30,0.7895284542743539,6.711483001708984e-05,0.0001224279403686,0,5.531311035151016e-05
CHNCXR_0132_0,Shenzhen,0,0,all_lossy,30,1.0,6.711483001708984e-05,0.08135986328125,0,0.08129274845123291
CHNCXR_0132_0,Shenzhen,0,0,lungs_lossy,50,0.2104715457256461,6.711483001708984e-05,0.0008659362792968,0,0.0007988214492797101
CHNCXR_0132_0,Shenzhen,0,0,background_lossy,50,0.7895284542743539,6.711483001708984e-05,3.594160079956055e-05,0,3.11732292175293e-05
CHNCXR_0132_0,Shenzhen,0,0,all_lossy,50,1.0,6.711483001708984e-05,0.0002779960632324,0,0.00021088123321531013
CHNCXR_0132_0,Shenzhen,0,0,lungs_lossy,70,0.2104715457256461,6.711483001708984e-05,8.285045623779297e-05,0,1.5735626220703125e-05
CHNCXR_0132_0,Shenzhen,0,0,background_lossy,70,0.7895284542743539,6.711483001708984e-05,8.481740951538086e-05,0,1.7702579498291016e-05
CHNCXR_0132_0,Shenzhen,0,0,all_lossy,70,1.0,6.711483001708984e-05,8.821487426757812e-05,0,2.110004425048828e-05
CHNCXR_0133_0,Shenzhen,0,0,lungs_lossy,10,0.2344718812003968,0.0100555419921875,0.99755859375,1,0.9875030517578125
CHNCXR_0133_0,Shenzhen,0,0,background_lossy,10,0.7655281187996031,0.0100555419921875,0.0022258758544921,0,0.0078296661376954
CHNCXR_0133_0,Shenzhen,0,0,all_lossy,10,1.0,0.0100555419921875,0.99658203125,1,0.9865264892578125
CHNCXR_0133_0,Shenzhen,0,0,lungs_lossy,30,0.2344718812003968,0.0100555419921875,0.9951171875,1,0.9850616455078125
CHNCXR_0133_0,Shenzhen,0,0,background_lossy,30,0.7655281187996031,0.0100555419921875,0.000950813293457,0,0.0091047286987305
CHNCXR_0133_0,Shenzhen,0,0,all_lossy,30,1.0,0.0100555419921875,0.892578125,1,0.8825225830078125
CHNCXR_0133_0,Shenzhen,0,0,lungs_lossy,50,0.2344718812003968,0.0100555419921875,0.2384033203125,0,0.2283477783203125
CHNCXR_0133_0,Shenzhen,0,0,background_lossy,50,0.7655281187996031,0.0100555419921875,0.0028553009033203,0,0.0072002410888672
CHNCXR_0133_0,Shenzhen,0,0,all_lossy,50,1.0,0.0100555419921875,0.0460205078125,0,0.0359649658203125
CHNCXR_0133_0,Shenzhen,0,0,lungs_lossy,70,0.2344718812003968,0.0100555419921875,0.0169219970703125,0,0.006866455078125
CHNCXR_0133_0,Shenzhen,0,0,background_lossy,70,0.7655281187996031,0.0100555419921875,0.0063629150390625,0,0.003692626953125
CHNCXR_0133_0,Shenzhen,0,0,all_lossy,70,1.0,0.0100555419921875,0.0095977783203125,0,0.000457763671875
CHNCXR_0134_0,Shenzhen,0,4,lungs_lossy,10,0.3339662905092592,0.10302734375,0.448486328125,0,0.345458984375
CHNCXR_0134_0,Shenzhen,0,4,background_lossy,10,0.6660337094907407,0.10302734375,0.1402587890625,0,0.0372314453125
CHNCXR_0134_0,Shenzhen,0,4,all_lossy,10,1.0,0.10302734375,0.363037109375,0,0.260009765625
CHNCXR_0134_0,Shenzhen,0,4,lungs_lossy,30,0.3339662905092592,0.10302734375,0.48583984375,0,0.3828125
CHNCXR_0134_0,Shenzhen,0,4,background_lossy,30,0.6660337094907407,0.10302734375,0.10968017578125,0,0.00665283203125
CHNCXR_0134_0,Shenzhen,0,4,all_lossy,30,1.0,0.10302734375,0.40625,0,0.30322265625
CHNCXR_0134_0,Shenzhen,0,4,lungs_lossy,50,0.3339662905092592,0.10302734375,0.21728515625,0,0.1142578125
CHNCXR_0134_0,Shenzhen,0,4,background_lossy,50,0.6660337094907407,0.10302734375,0.11798095703125,0,0.01495361328125
CHNCXR_0134_0,Shenzhen,0,4,all_lossy,50,1.0,0.10302734375,0.239501953125,0,0.136474609375
CHNCXR_0134_0,Shenzhen,0,4,lungs_lossy,70,0.3339662905092592,0.10302734375,0.10723876953125,0,0.00421142578125
CHNCXR_0134_0,Shenzhen,0,4,background_lossy,70,0.6660337094907407,0.10302734375,0.1171875,0,0.01416015625
CHNCXR_0134_0,Shenzhen,0,4,all_lossy,70,1.0,0.10302734375,0.1300048828125,0,0.0269775390625
CHNCXR_0135_0,Shenzhen,0,1,lungs_lossy,10,0.2382191227634194,0.0006070137023925,0.269287109375,0,0.2686800956726075
CHNCXR_0135_0,Shenzhen,0,1,background_lossy,10,0.7617808772365805,0.0006070137023925,0.0029354095458984,0,0.0023283958435059
CHNCXR_0135_0,Shenzhen,0,1,all_lossy,10,1.0,0.0006070137023925,0.6962890625,1,0.6956820487976075
CHNCXR_0135_0,Shenzhen,0,1,lungs_lossy,30,0.2382191227634194,0.0006070137023925,0.1251220703125,0,0.1245150566101075
CHNCXR_0135_0,Shenzhen,0,1,background_lossy,30,0.7617808772365805,0.0006070137023925,0.0017824172973632,0,0.0011754035949707
CHNCXR_0135_0,Shenzhen,0,1,all_lossy,30,1.0,0.0006070137023925,0.0809326171875,0,0.0803256034851075
CHNCXR_0135_0,Shenzhen,0,1,lungs_lossy,50,0.2382191227634194,0.0006070137023925,0.010406494140625,0,0.0097994804382325
CHNCXR_0135_0,Shenzhen,0,1,background_lossy,50,0.7617808772365805,0.0006070137023925,0.0003225803375244,0,0.00028443336486809993
CHNCXR_0135_0,Shenzhen,0,1,all_lossy,50,1.0,0.0006070137023925,0.0031852722167968,0,0.0025782585144043
CHNCXR_0135_0,Shenzhen,0,1,lungs_lossy,70,0.2382191227634194,0.0006070137023925,0.0009927749633789,0,0.0003857612609864
CHNCXR_0135_0,Shenzhen,0,1,background_lossy,70,0.7617808772365805,0.0006070137023925,0.0005745887756347,0,3.242492675779992e-05
CHNCXR_0135_0,Shenzhen,0,1,all_lossy,70,1.0,0.0006070137023925,0.0008459091186523,0,0.0002388954162598
CHNCXR_0136_0,Shenzhen,0,4,lungs_lossy,10,0.1641558764940239,0.0019044876098632,0.028167724609375,0,0.0262632369995118
CHNCXR_0136_0,Shenzhen,0,4,background_lossy,10,0.8358441235059761,0.0019044876098632,0.0138473510742187,0,0.0119428634643555
CHNCXR_0136_0,Shenzhen,0,4,all_lossy,10,1.0,0.0019044876098632,0.293212890625,0,0.2913084030151368
CHNCXR_0136_0,Shenzhen,0,4,lungs_lossy,30,0.1641558764940239,0.0019044876098632,0.0095596313476562,0,0.007655143737793
CHNCXR_0136_0,Shenzhen,0,4,background_lossy,30,0.8358441235059761,0.0019044876098632,0.0054702758789062,0,0.003565788269043
CHNCXR_0136_0,Shenzhen,0,4,all_lossy,30,1.0,0.0019044876098632,0.0203704833984375,0,0.0184659957885743
CHNCXR_0136_0,Shenzhen,0,4,lungs_lossy,50,0.1641558764940239,0.0019044876098632,0.0031242370605468,0,0.0012197494506836
CHNCXR_0136_0,Shenzhen,0,4,background_lossy,50,0.8358441235059761,0.0019044876098632,0.0046653747558593,0,0.0027608871459961007
CHNCXR_0136_0,Shenzhen,0,4,all_lossy,50,1.0,0.0019044876098632,0.0072593688964843,0,0.005354881286621101
CHNCXR_0136_0,Shenzhen,0,4,lungs_lossy,70,0.1641558764940239,0.0019044876098632,0.0019493103027343,0,4.482269287110004e-05
CHNCXR_0136_0,Shenzhen,0,4,background_lossy,70,0.8358441235059761,0.0019044876098632,0.002349853515625,0,0.00044536590576180007
CHNCXR_0136_0,Shenzhen,0,4,all_lossy,70,1.0,0.0019044876098632,0.0024623870849609,0,0.0005578994750977003
CHNCXR_0137_0,Shenzhen,0,4,lungs_lossy,10,0.2321222920816733,0.0080642700195312,0.060638427734375,0,0.0525741577148438
CHNCXR_0137_0,Shenzhen,0,4,background_lossy,10,0.7678777079183267,0.0080642700195312,0.017303466796875,0,0.0092391967773438
CHNCXR_0137_0,Shenzhen,0,4,all_lossy,10,1.0,0.0080642700195312,0.1279296875,0,0.1198654174804688
CHNCXR_0137_0,Shenzhen,0,4,lungs_lossy,30,0.2321222920816733,0.0080642700195312,0.0343017578125,0,0.0262374877929688
CHNCXR_0137_0,Shenzhen,0,4,background_lossy,30,0.7678777079183267,0.0080642700195312,0.0113754272460937,0,0.0033111572265625
CHNCXR_0137_0,Shenzhen,0,4,all_lossy,30,1.0,0.0080642700195312,0.037689208984375,0,0.0296249389648438
CHNCXR_0137_0,Shenzhen,0,4,lungs_lossy,50,0.2321222920816733,0.0080642700195312,0.0128707885742187,0,0.0048065185546875
CHNCXR_0137_0,Shenzhen,0,4,background_lossy,50,0.7678777079183267,0.0080642700195312,0.0103683471679687,0,0.0023040771484375
CHNCXR_0137_0,Shenzhen,0,4,all_lossy,50,1.0,0.0080642700195312,0.017913818359375,0,0.0098495483398438
CHNCXR_0137_0,Shenzhen,0,4,lungs_lossy,70,0.2321222920816733,0.0080642700195312,0.0072059631347656,0,0.0008583068847655998
CHNCXR_0137_0,Shenzhen,0,4,background_lossy,70,0.7678777079183267,0.0080642700195312,0.0086441040039062,0,0.000579833984375
CHNCXR_0137_0,Shenzhen,0,4,all_lossy,70,1.0,0.0080642700195312,0.0076942443847656,0,0.00037002563476559985
CHNCXR_0138_0,Shenzhen,0,1,lungs_lossy,10,0.2152911790338645,0.0010604858398437,0.273193359375,0,0.2721328735351563
CHNCXR_0138_0,Shenzhen,0,1,background_lossy,10,0.7847088209661355,0.0010604858398437,0.0136871337890625,0,0.0126266479492188
CHNCXR_0138_0,Shenzhen,0,1,all_lossy,10,1.0,0.0010604858398437,0.80029296875,1,0.7992324829101562
CHNCXR_0138_0,Shenzhen,0,1,lungs_lossy,30,0.2152911790338645,0.0010604858398437,0.1551513671875,0,0.1540908813476563
CHNCXR_0138_0,Shenzhen,0,1,background_lossy,30,0.7847088209661355,0.0010604858398437,0.0018749237060546,0,0.0008144378662109
CHNCXR_0138_0,Shenzhen,0,1,all_lossy,30,1.0,0.0010604858398437,0.10052490234375,0,0.0994644165039063
CHNCXR_0138_0,Shenzhen,0,1,lungs_lossy,50,0.2152911790338645,0.0010604858398437,0.0061912536621093,0,0.005130767822265601
CHNCXR_0138_0,Shenzhen,0,1,background_lossy,50,0.7847088209661355,0.0010604858398437,0.0010442733764648,0,1.621246337889996e-05
CHNCXR_0138_0,Shenzhen,0,1,all_lossy,50,1.0,0.0010604858398437,0.0049629211425781,0,0.0039024353027344
CHNCXR_0138_0,Shenzhen,0,1,lungs_lossy,70,0.2152911790338645,0.0010604858398437,0.000859260559082,0,0.00020122528076169988
CHNCXR_0138_0,Shenzhen,0,1,background_lossy,70,0.7847088209661355,0.0010604858398437,0.0011653900146484,0,0.00010490417480470008
CHNCXR_0138_0,Shenzhen,0,1,all_lossy,70,1.0,0.0010604858398437,0.0010204315185546,0,4.0054321289100013e-05
CHNCXR_0139_0,Shenzhen,0,2,lungs_lossy,10,0.19002734375,0.0077247619628906,0.0180206298828125,0,0.0102958679199219
CHNCXR_0139_0,Shenzhen,0,2,background_lossy,10,0.80997265625,0.0077247619628906,0.2841796875,0,0.2764549255371094
CHNCXR_0139_0,Shenzhen,0,2,all_lossy,10,1.0,0.0077247619628906,0.54248046875,1,0.5347557067871094
CHNCXR_0139_0,Shenzhen,0,2,lungs_lossy,30,0.19002734375,0.0077247619628906,0.57421875,1,0.5664939880371094
CHNCXR_0139_0,Shenzhen,0,2,background_lossy,30,0.80997265625,0.0077247619628906,0.072509765625,0,0.0647850036621094
CHNCXR_0139_0,Shenzhen,0,2,all_lossy,30,1.0,0.0077247619628906,0.491455078125,0,0.4837303161621094
CHNCXR_0139_0,Shenzhen,0,2,lungs_lossy,50,0.19002734375,0.0077247619628906,0.030670166015625,0,0.0229454040527344
CHNCXR_0139_0,Shenzhen,0,2,background_lossy,50,0.80997265625,0.0077247619628906,0.0083770751953125,0,0.0006523132324219002
CHNCXR_0139_0,Shenzhen,0,2,all_lossy,50,1.0,0.0077247619628906,0.0182342529296875,0,0.0105094909667969
CHNCXR_0139_0,Shenzhen,0,2,lungs_lossy,70,0.19002734375,0.0077247619628906,0.0058670043945312,0,0.0018577575683594002
CHNCXR_0139_0,Shenzhen,0,2,background_lossy,70,0.80997265625,0.0077247619628906,0.0049629211425781,0,0.0027618408203125
CHNCXR_0139_0,Shenzhen,0,2,all_lossy,70,1.0,0.0077247619628906,0.0035247802734375,0,0.0041999816894531
CHNCXR_0140_0,Shenzhen,0,1,lungs_lossy,10,0.3526356907894737,0.02215576171875,0.8359375,1,0.81378173828125
CHNCXR_0140_0,Shenzhen,0,1,background_lossy,10,0.6473643092105263,0.02215576171875,0.048126220703125,0,0.025970458984375
CHNCXR_0140_0,Shenzhen,0,1,all_lossy,10,1.0,0.02215576171875,0.88818359375,1,0.86602783203125
CHNCXR_0140_0,Shenzhen,0,1,lungs_lossy,30,0.3526356907894737,0.02215576171875,0.93115234375,1,0.90899658203125
CHNCXR_0140_0,Shenzhen,0,1,background_lossy,30,0.6473643092105263,0.02215576171875,0.03314208984375,0,0.010986328125
CHNCXR_0140_0,Shenzhen,0,1,all_lossy,30,1.0,0.02215576171875,0.94580078125,1,0.92364501953125
CHNCXR_0140_0,Shenzhen,0,1,lungs_lossy,50,0.3526356907894737,0.02215576171875,0.053802490234375,0,0.031646728515625
CHNCXR_0140_0,Shenzhen,0,1,background_lossy,50,0.6473643092105263,0.02215576171875,0.0164642333984375,0,0.0056915283203125
CHNCXR_0140_0,Shenzhen,0,1,all_lossy,50,1.0,0.02215576171875,0.040374755859375,0,0.018218994140625
CHNCXR_0140_0,Shenzhen,0,1,lungs_lossy,70,0.3526356907894737,0.02215576171875,0.0136871337890625,0,0.0084686279296875
CHNCXR_0140_0,Shenzhen,0,1,background_lossy,70,0.6473643092105263,0.02215576171875,0.0136871337890625,0,0.0084686279296875
CHNCXR_0140_0,Shenzhen,0,1,all_lossy,70,1.0,0.02215576171875,0.00885009765625,0,0.0133056640625
CHNCXR_0141_0,Shenzhen,0,4,lungs_lossy,10,0.2458359375,0.033477783203125,0.56396484375,1,0.530487060546875
CHNCXR_0141_0,Shenzhen,0,4,background_lossy,10,0.7541640625,0.033477783203125,0.06268310546875,0,0.029205322265625
CHNCXR_0141_0,Shenzhen,0,4,all_lossy,10,1.0,0.033477783203125,0.45068359375,0,0.417205810546875
CHNCXR_0141_0,Shenzhen,0,4,lungs_lossy,30,0.2458359375,0.033477783203125,0.287109375,0,0.253631591796875
CHNCXR_0141_0,Shenzhen,0,4,background_lossy,30,0.7541640625,0.033477783203125,0.0384521484375,0,0.004974365234375
CHNCXR_0141_0,Shenzhen,0,4,all_lossy,30,1.0,0.033477783203125,0.276123046875,0,0.242645263671875
CHNCXR_0141_0,Shenzhen,0,4,lungs_lossy,50,0.2458359375,0.033477783203125,0.08880615234375,0,0.055328369140625
CHNCXR_0141_0,Shenzhen,0,4,background_lossy,50,0.7541640625,0.033477783203125,0.039703369140625,0,0.0062255859375
CHNCXR_0141_0,Shenzhen,0,4,all_lossy,50,1.0,0.033477783203125,0.109130859375,0,0.075653076171875
CHNCXR_0141_0,Shenzhen,0,4,lungs_lossy,70,0.2458359375,0.033477783203125,0.03436279296875,0,0.000885009765625
CHNCXR_0141_0,Shenzhen,0,4,background_lossy,70,0.7541640625,0.033477783203125,0.0345458984375,0,0.001068115234375
CHNCXR_0141_0,Shenzhen,0,4,all_lossy,70,1.0,0.033477783203125,0.036224365234375,0,0.00274658203125
CHNCXR_0142_0,Shenzhen,0,4,lungs_lossy,10,0.3081823634350393,0.04534912109375,0.62255859375,1,0.57720947265625
CHNCXR_0142_0,Shenzhen,0,4,background_lossy,10,0.6918176365649606,0.04534912109375,0.02337646484375,0,0.02197265625
CHNCXR_0142_0,Shenzhen,0,4,all_lossy,10,1.0,0.04534912109375,0.179443359375,0,0.13409423828125
CHNCXR_0142_0,Shenzhen,0,4,lungs_lossy,30,0.3081823634350393,0.04534912109375,0.7587890625,1,0.71343994140625
CHNCXR_0142_0,Shenzhen,0,4,background_lossy,30,0.6918176365649606,0.04534912109375,0.0256195068359375,0,0.0197296142578125
CHNCXR_0142_0,Shenzhen,0,4,all_lossy,30,1.0,0.04534912109375,0.53515625,1,0.48980712890625
CHNCXR_0142_0,Shenzhen,0,4,lungs_lossy,50,0.3081823634350393,0.04534912109375,0.1590576171875,0,0.11370849609375
CHNCXR_0142_0,Shenzhen,0,4,background_lossy,50,0.6918176365649606,0.04534912109375,0.047149658203125,0,0.001800537109375
CHNCXR_0142_0,Shenzhen,0,4,all_lossy,50,1.0,0.04534912109375,0.1517333984375,0,0.10638427734375
CHNCXR_0142_0,Shenzhen,0,4,lungs_lossy,70,0.3081823634350393,0.04534912109375,0.06475830078125,0,0.0194091796875
CHNCXR_0142_0,Shenzhen,0,4,background_lossy,70,0.6918176365649606,0.04534912109375,0.04779052734375,0,0.00244140625
CHNCXR_0142_0,Shenzhen,0,4,all_lossy,70,1.0,0.04534912109375,0.06927490234375,0,0.02392578125
CHNCXR_0143_0,Shenzhen,0,4,lungs_lossy,10,0.2054913610279441,0.2978515625,0.92138671875,1,0.62353515625
CHNCXR_0143_0,Shenzhen,0,4,background_lossy,10,0.7945086389720559,0.2978515625,0.344482421875,0,0.046630859375
CHNCXR_0143_0,Shenzhen,0,4,all_lossy,10,1.0,0.2978515625,0.8046875,1,0.5068359375
CHNCXR_0143_0,Shenzhen,0,4,lungs_lossy,30,0.2054913610279441,0.2978515625,0.8955078125,1,0.59765625
CHNCXR_0143_0,Shenzhen,0,4,background_lossy,30,0.7945086389720559,0.2978515625,0.255615234375,0,0.042236328125
CHNCXR_0143_0,Shenzhen,0,4,all_lossy,30,1.0,0.2978515625,0.75244140625,1,0.45458984375
CHNCXR_0143_0,Shenzhen,0,4,lungs_lossy,50,0.2054913610279441,0.2978515625,0.572265625,1,0.2744140625
CHNCXR_0143_0,Shenzhen,0,4,background_lossy,50,0.7945086389720559,0.2978515625,0.287109375,0,0.0107421875
CHNCXR_0143_0,Shenzhen,0,4,all_lossy,50,1.0,0.2978515625,0.5234375,1,0.2255859375
CHNCXR_0143_0,Shenzhen,0,4,lungs_lossy,70,0.2054913610279441,0.2978515625,0.280517578125,0,0.017333984375
CHNCXR_0143_0,Shenzhen,0,4,background_lossy,70,0.7945086389720559,0.2978515625,0.294677734375,0,0.003173828125
CHNCXR_0143_0,Shenzhen,0,4,all_lossy,70,1.0,0.2978515625,0.2763671875,0,0.021484375
CHNCXR_0144_0,Shenzhen,0,2,lungs_lossy,10,0.3205217633928571,0.044342041015625,0.95751953125,1,0.913177490234375
CHNCXR_0144_0,Shenzhen,0,2,background_lossy,10,0.6794782366071428,0.044342041015625,0.398193359375,0,0.353851318359375
CHNCXR_0144_0,Shenzhen,0,2,all_lossy,10,1.0,0.044342041015625,0.99365234375,1,0.949310302734375
CHNCXR_0144_0,Shenzhen,0,2,lungs_lossy,30,0.3205217633928571,0.044342041015625,0.8369140625,1,0.792572021484375
CHNCXR_0144_0,Shenzhen,0,2,background_lossy,30,0.6794782366071428,0.044342041015625,0.12939453125,0,0.085052490234375
CHNCXR_0144_0,Shenzhen,0,2,all_lossy,30,1.0,0.044342041015625,0.98486328125,1,0.940521240234375
CHNCXR_0144_0,Shenzhen,0,2,lungs_lossy,50,0.3205217633928571,0.044342041015625,0.054595947265625,0,0.01025390625
CHNCXR_0144_0,Shenzhen,0,2,background_lossy,50,0.6794782366071428,0.044342041015625,0.06854248046875,0,0.024200439453125
CHNCXR_0144_0,Shenzhen,0,2,all_lossy,50,1.0,0.044342041015625,0.09912109375,0,0.054779052734375
CHNCXR_0144_0,Shenzhen,0,2,lungs_lossy,70,0.3205217633928571,0.044342041015625,0.061767578125,0,0.017425537109375
CHNCXR_0144_0,Shenzhen,0,2,background_lossy,70,0.6794782366071428,0.044342041015625,0.0333251953125,0,0.011016845703125
CHNCXR_0144_0,Shenzhen,0,2,all_lossy,70,1.0,0.044342041015625,0.0469970703125,0,0.002655029296875
CHNCXR_0145_0,Shenzhen,0,4,lungs_lossy,10,0.2867813110351562,0.0236968994140625,0.8017578125,1,0.7780609130859375
CHNCXR_0145_0,Shenzhen,0,4,background_lossy,10,0.7132186889648438,0.0236968994140625,0.08251953125,0,0.0588226318359375
CHNCXR_0145_0,Shenzhen,0,4,all_lossy,10,1.0,0.0236968994140625,0.62841796875,1,0.6047210693359375
CHNCXR_0145_0,Shenzhen,0,4,lungs_lossy,30,0.2867813110351562,0.0236968994140625,0.2178955078125,0,0.1941986083984375
CHNCXR_0145_0,Shenzhen,0,4,background_lossy,30,0.7132186889648438,0.0236968994140625,0.05059814453125,0,0.0269012451171875
CHNCXR_0145_0,Shenzhen,0,4,all_lossy,30,1.0,0.0236968994140625,0.2410888671875,0,0.2173919677734375
CHNCXR_0145_0,Shenzhen,0,4,lungs_lossy,50,0.2867813110351562,0.0236968994140625,0.0391845703125,0,0.0154876708984375
CHNCXR_0145_0,Shenzhen,0,4,background_lossy,50,0.7132186889648438,0.0236968994140625,0.0379638671875,0,0.0142669677734375
CHNCXR_0145_0,Shenzhen,0,4,all_lossy,50,1.0,0.0236968994140625,0.057373046875,0,0.0336761474609375
CHNCXR_0145_0,Shenzhen,0,4,lungs_lossy,70,0.2867813110351562,0.0236968994140625,0.0216522216796875,0,0.002044677734375
CHNCXR_0145_0,Shenzhen,0,4,background_lossy,70,0.7132186889648438,0.0236968994140625,0.028594970703125,0,0.0048980712890625
CHNCXR_0145_0,Shenzhen,0,4,all_lossy,70,1.0,0.0236968994140625,0.026458740234375,0,0.0027618408203125
CHNCXR_0146_0,Shenzhen,0,2,lungs_lossy,10,0.1995136335784313,0.00026535987854,0.1556396484375,0,0.15537428855896
CHNCXR_0146_0,Shenzhen,0,2,background_lossy,10,0.8004863664215687,0.00026535987854,0.0049819946289062,0,0.0047166347503662
CHNCXR_0146_0,Shenzhen,0,2,all_lossy,10,1.0,0.00026535987854,0.7060546875,1,0.70578932762146
CHNCXR_0146_0,Shenzhen,0,2,lungs_lossy,30,0.1995136335784313,0.00026535987854,0.3173828125,0,0.31711745262146
CHNCXR_0146_0,Shenzhen,0,2,background_lossy,30,0.8004863664215687,0.00026535987854,0.0018825531005859,0,0.0016171932220459
CHNCXR_0146_0,Shenzhen,0,2,all_lossy,30,1.0,0.00026535987854,0.54638671875,1,0.54612135887146
CHNCXR_0146_0,Shenzhen,0,2,lungs_lossy,50,0.1995136335784313,0.00026535987854,0.0030403137207031,0,0.0027749538421631
CHNCXR_0146_0,Shenzhen,0,2,background_lossy,50,0.8004863664215687,0.00026535987854,0.0013151168823242,0,0.0010497570037842
CHNCXR_0146_0,Shenzhen,0,2,all_lossy,50,1.0,0.00026535987854,0.016021728515625,0,0.015756368637085
CHNCXR_0146_0,Shenzhen,0,2,lungs_lossy,70,0.1995136335784313,0.00026535987854,0.0002341270446777,0,3.123283386229997e-05
CHNCXR_0146_0,Shenzhen,0,2,background_lossy,70,0.8004863664215687,0.00026535987854,0.0006117820739746,0,0.0003464221954346001
CHNCXR_0146_0,Shenzhen,0,2,all_lossy,70,1.0,0.00026535987854,0.0005316734313964,0,0.00026631355285640005
CHNCXR_0147_0,Shenzhen,0,3,lungs_lossy,10,0.2905544704861111,0.286376953125,0.0261993408203125,0,0.2601776123046875
CHNCXR_0147_0,Shenzhen,0,3,background_lossy,10,0.7094455295138888,0.286376953125,0.1007080078125,0,0.1856689453125
CHNCXR_0147_0,Shenzhen,0,3,all_lossy,10,1.0,0.286376953125,0.05780029296875,0,0.22857666015625
CHNCXR_0147_0,Shenzhen,0,3,lungs_lossy,30,0.2905544704861111,0.286376953125,0.10577392578125,0,0.18060302734375
CHNCXR_0147_0,Shenzhen,0,3,background_lossy,30,0.7094455295138888,0.286376953125,0.2081298828125,0,0.0782470703125
CHNCXR_0147_0,Shenzhen,0,3,all_lossy,30,1.0,0.286376953125,0.08331298828125,0,0.20306396484375
CHNCXR_0147_0,Shenzhen,0,3,lungs_lossy,50,0.2905544704861111,0.286376953125,0.314208984375,0,0.02783203125
CHNCXR_0147_0,Shenzhen,0,3,background_lossy,50,0.7094455295138888,0.286376953125,0.2193603515625,0,0.0670166015625
CHNCXR_0147_0,Shenzhen,0,3,all_lossy,50,1.0,0.286376953125,0.267333984375,0,0.01904296875
CHNCXR_0147_0,Shenzhen,0,3,lungs_lossy,70,0.2905544704861111,0.286376953125,0.25634765625,0,0.030029296875
CHNCXR_0147_0,Shenzhen,0,3,background_lossy,70,0.7094455295138888,0.286376953125,0.235107421875,0,0.05126953125
CHNCXR_0147_0,Shenzhen,0,3,all_lossy,70,1.0,0.286376953125,0.215576171875,0,0.07080078125
CHNCXR_0148_0,Shenzhen,0,3,lungs_lossy,10,0.2592420212765957,0.0033111572265625,0.07354736328125,0,0.0702362060546875
CHNCXR_0148_0,Shenzhen,0,3,background_lossy,10,0.7407579787234042,0.0033111572265625,0.001173973083496,0,0.0021371841430665
CHNCXR_0148_0,Shenzhen,0,3,all_lossy,10,1.0,0.0033111572265625,0.1654052734375,0,0.1620941162109375
CHNCXR_0148_0,Shenzhen,0,3,lungs_lossy,30,0.2592420212765957,0.0033111572265625,0.0263519287109375,0,0.023040771484375
CHNCXR_0148_0,Shenzhen,0,3,background_lossy,30,0.7407579787234042,0.0033111572265625,0.0009398460388183,0,0.0023713111877442
CHNCXR_0148_0,Shenzhen,0,3,all_lossy,30,1.0,0.0033111572265625,0.0156021118164062,0,0.0122909545898437
CHNCXR_0148_0,Shenzhen,0,3,lungs_lossy,50,0.2592420212765957,0.0033111572265625,0.0074882507324218,0,0.0041770935058593
CHNCXR_0148_0,Shenzhen,0,3,background_lossy,50,0.7407579787234042,0.0033111572265625,0.0014209747314453,0,0.0018901824951172
CHNCXR_0148_0,Shenzhen,0,3,all_lossy,50,1.0,0.0033111572265625,0.0030994415283203,0,0.00021171569824220008
CHNCXR_0148_0,Shenzhen,0,3,lungs_lossy,70,0.2592420212765957,0.0033111572265625,0.0040702819824218,0,0.0007591247558593004
CHNCXR_0148_0,Shenzhen,0,3,background_lossy,70,0.7407579787234042,0.0033111572265625,0.0028667449951171,0,0.0004444122314454001
CHNCXR_0148_0,Shenzhen,0,3,all_lossy,70,1.0,0.0033111572265625,0.0033378601074218,0,2.6702880859299973e-05
CHNCXR_0149_0,Shenzhen,0,3,lungs_lossy,10,0.2273635864257812,0.0126266479492187,0.0098953247070312,0,0.0027313232421875
CHNCXR_0149_0,Shenzhen,0,3,background_lossy,10,0.7726364135742188,0.0126266479492187,0.043121337890625,0,0.0304946899414063
CHNCXR_0149_0,Shenzhen,0,3,all_lossy,10,1.0,0.0126266479492187,0.06707763671875,0,0.0544509887695313
CHNCXR_0149_0,Shenzhen,0,3,lungs_lossy,30,0.2273635864257812,0.0126266479492187,0.047088623046875,0,0.0344619750976563
CHNCXR_0149_0,Shenzhen,0,3,background_lossy,30,0.7726364135742188,0.0126266479492187,0.0219879150390625,0,0.0093612670898438
CHNCXR_0149_0,Shenzhen,0,3,all_lossy,30,1.0,0.0126266479492187,0.05499267578125,0,0.0423660278320313
CHNCXR_0149_0,Shenzhen,0,3,lungs_lossy,50,0.2273635864257812,0.0126266479492187,0.010986328125,0,0.0016403198242186997
CHNCXR_0149_0,Shenzhen,0,3,background_lossy,50,0.7726364135742188,0.0126266479492187,0.0082168579101562,0,0.0044097900390625
CHNCXR_0149_0,Shenzhen,0,3,all_lossy,50,1.0,0.0126266479492187,0.0071220397949218,0,0.005504608154296899
CHNCXR_0149_0,Shenzhen,0,3,lungs_lossy,70,0.2273635864257812,0.0126266479492187,0.0092315673828125,0,0.0033950805664061997
CHNCXR_0149_0,Shenzhen,0,3,background_lossy,70,0.7726364135742188,0.0126266479492187,0.01177978515625,0,0.0008468627929686997
CHNCXR_0149_0,Shenzhen,0,3,all_lossy,70,1.0,0.0126266479492187,0.008575439453125,0,0.0040512084960937
CHNCXR_0150_0,Shenzhen,0,1,lungs_lossy,10,0.2733881578947368,0.0019798278808593,0.01837158203125,0,0.0163917541503907
CHNCXR_0150_0,Shenzhen,0,1,background_lossy,10,0.7266118421052632,0.0019798278808593,0.0039901733398437,0,0.0020103454589843997
CHNCXR_0150_0,Shenzhen,0,1,all_lossy,10,1.0,0.0019798278808593,0.0276947021484375,0,0.0257148742675782
CHNCXR_0150_0,Shenzhen,0,1,lungs_lossy,30,0.2733881578947368,0.0019798278808593,0.297607421875,0,0.2956275939941407
CHNCXR_0150_0,Shenzhen,0,1,background_lossy,30,0.7266118421052632,0.0019798278808593,0.007904052734375,0,0.0059242248535157
CHNCXR_0150_0,Shenzhen,0,1,all_lossy,30,1.0,0.0019798278808593,0.3212890625,0,0.3193092346191407
CHNCXR_0150_0,Shenzhen,0,1,lungs_lossy,50,0.2733881578947368,0.0019798278808593,0.0146713256835937,0,0.0126914978027344
CHNCXR_0150_0,Shenzhen,0,1,background_lossy,50,0.7266118421052632,0.0019798278808593,0.0018606185913085,0,0.0001192092895507999
CHNCXR_0150_0,Shenzhen,0,1,all_lossy,50,1.0,0.0019798278808593,0.017181396484375,0,0.0152015686035157
CHNCXR_0150_0,Shenzhen,0,1,lungs_lossy,70,0.2733881578947368,0.0019798278808593,0.0021743774414062,0,0.00019454956054690015
CHNCXR_0150_0,Shenzhen,0,1,background_lossy,70,0.7266118421052632,0.0019798278808593,0.0019493103027343,0,3.0517578125e-05
CHNCXR_0150_0,Shenzhen,0,1,all_lossy,70,1.0,0.0019798278808593,0.0018529891967773,0,0.00012683868408200002
CHNCXR_0151_0,Shenzhen,0,0,lungs_lossy,10,0.1906607231610338,0.0054054260253906,0.10992431640625,0,0.1045188903808594
CHNCXR_0151_0,Shenzhen,0,0,background_lossy,10,0.8093392768389662,0.0054054260253906,0.001530647277832,0,0.0038747787475586
CHNCXR_0151_0,Shenzhen,0,0,all_lossy,10,1.0,0.0054054260253906,0.6416015625,1,0.6361961364746094
CHNCXR_0151_0,Shenzhen,0,0,lungs_lossy,30,0.1906607231610338,0.0054054260253906,0.3955078125,0,0.3901023864746094
CHNCXR_0151_0,Shenzhen,0,0,background_lossy,30,0.8093392768389662,0.0054054260253906,0.004486083984375,0,0.0009193420410155998
CHNCXR_0151_0,Shenzhen,0,0,all_lossy,30,1.0,0.0054054260253906,0.2841796875,0,0.2787742614746094
CHNCXR_0151_0,Shenzhen,0,0,lungs_lossy,50,0.1906607231610338,0.0054054260253906,0.01507568359375,0,0.0096702575683594
CHNCXR_0151_0,Shenzhen,0,0,background_lossy,50,0.8093392768389662,0.0054054260253906,0.0064620971679687,0,0.0010566711425780998
CHNCXR_0151_0,Shenzhen,0,0,all_lossy,50,1.0,0.0054054260253906,0.02386474609375,0,0.0184593200683594
CHNCXR_0151_0,Shenzhen,0,0,lungs_lossy,70,0.1906607231610338,0.0054054260253906,0.0090866088867187,0,0.0036811828613281
CHNCXR_0151_0,Shenzhen,0,0,background_lossy,70,0.8093392768389662,0.0054054260253906,0.0069046020507812,0,0.0014991760253905998
CHNCXR_0151_0,Shenzhen,0,0,all_lossy,70,1.0,0.0054054260253906,0.0121002197265625,0,0.0066947937011719
CHNCXR_0152_0,Shenzhen,0,3,lungs_lossy,10,0.3008212730532787,0.0040702819824218,0.0147857666015625,0,0.0107154846191407
CHNCXR_0152_0,Shenzhen,0,3,background_lossy,10,0.6991787269467213,0.0040702819824218,0.001810073852539,0,0.0022602081298828004
CHNCXR_0152_0,Shenzhen,0,3,all_lossy,10,1.0,0.0040702819824218,0.041839599609375,0,0.0377693176269532
CHNCXR_0152_0,Shenzhen,0,3,lungs_lossy,30,0.3008212730532787,0.0040702819824218,0.0137405395507812,0,0.0096702575683594
CHNCXR_0152_0,Shenzhen,0,3,background_lossy,30,0.6991787269467213,0.0040702819824218,0.0020675659179687,0,0.0020027160644531003
CHNCXR_0152_0,Shenzhen,0,3,all_lossy,30,1.0,0.0040702819824218,0.0121917724609375,0,0.0081214904785157
CHNCXR_0152_0,Shenzhen,0,3,lungs_lossy,50,0.3008212730532787,0.0040702819824218,0.0076675415039062,0,0.0035972595214843993
CHNCXR_0152_0,Shenzhen,0,3,background_lossy,50,0.6991787269467213,0.0040702819824218,0.0026321411132812,0,0.0014381408691406003
CHNCXR_0152_0,Shenzhen,0,3,all_lossy,50,1.0,0.0040702819824218,0.006072998046875,0,0.0020027160644531996
CHNCXR_0152_0,Shenzhen,0,3,lungs_lossy,70,0.3008212730532787,0.0040702819824218,0.0030632019042968,0,0.0010070800781250004
CHNCXR_0152_0,Shenzhen,0,3,background_lossy,70,0.6991787269467213,0.0040702819824218,0.0036354064941406,0,0.00043487548828120056
CHNCXR_0152_0,Shenzhen,0,3,all_lossy,70,1.0,0.0040702819824218,0.002878189086914,0,0.0011920928955078004
CHNCXR_0153_0,Shenzhen,0,3,lungs_lossy,10,0.2404794882968127,0.0039749145507812,0.0082550048828125,0,0.0042800903320313
CHNCXR_0153_0,Shenzhen,0,3,background_lossy,10,0.7595205117031872,0.0039749145507812,0.0049819946289062,0,0.001007080078125
CHNCXR_0153_0,Shenzhen,0,3,all_lossy,10,1.0,0.0039749145507812,0.0106124877929687,0,0.0066375732421875
CHNCXR_0153_0,Shenzhen,0,3,lungs_lossy,30,0.2404794882968127,0.0039749145507812,0.006439208984375,0,0.0024642944335938003
CHNCXR_0153_0,Shenzhen,0,3,background_lossy,30,0.7595205117031872,0.0039749145507812,0.0036220550537109,0,0.0003528594970702995
CHNCXR_0153_0,Shenzhen,0,3,all_lossy,30,1.0,0.0039749145507812,0.0031604766845703,0,0.0008144378662108998
CHNCXR_0153_0,Shenzhen,0,3,lungs_lossy,50,0.2404794882968127,0.0039749145507812,0.0039005279541015,0,7.438659667969964e-05
CHNCXR_0153_0,Shenzhen,0,3,background_lossy,50,0.7595205117031872,0.0039749145507812,0.0012493133544921,0,0.0027256011962891
CHNCXR_0153_0,Shenzhen,0,3,all_lossy,50,1.0,0.0039749145507812,0.0008831024169921,0,0.0030918121337891
CHNCXR_0153_0,Shenzhen,0,3,lungs_lossy,70,0.2404794882968127,0.0039749145507812,0.0037078857421875,0,0.0002670288085936997
CHNCXR_0153_0,Shenzhen,0,3,background_lossy,70,0.7595205117031872,0.0039749145507812,0.0030994415283203,0,0.0008754730224608998
CHNCXR_0153_0,Shenzhen,0,3,all_lossy,70,1.0,0.0039749145507812,0.0027370452880859,0,0.0012378692626952995
CHNCXR_0154_0,Shenzhen,0,4,lungs_lossy,10,0.2585750747011952,0.0077857971191406,0.25732421875,0,0.2495384216308594
CHNCXR_0154_0,Shenzhen,0,4,background_lossy,10,0.7414249252988048,0.0077857971191406,0.015716552734375,0,0.0079307556152344
CHNCXR_0154_0,Shenzhen,0,4,all_lossy,10,1.0,0.0077857971191406,0.252685546875,0,0.2448997497558594
CHNCXR_0154_0,Shenzhen,0,4,lungs_lossy,30,0.2585750747011952,0.0077857971191406,0.380126953125,0,0.3723411560058594
CHNCXR_0154_0,Shenzhen,0,4,background_lossy,30,0.7414249252988048,0.0077857971191406,0.0084152221679687,0,0.0006294250488280998
CHNCXR_0154_0,Shenzhen,0,4,all_lossy,30,1.0,0.0077857971191406,0.255859375,0,0.2480735778808594
CHNCXR_0154_0,Shenzhen,0,4,lungs_lossy,50,0.2585750747011952,0.0077857971191406,0.03302001953125,0,0.0252342224121094
CHNCXR_0154_0,Shenzhen,0,4,background_lossy,50,0.7414249252988048,0.0077857971191406,0.0077552795410156,0,3.0517578125e-05
CHNCXR_0154_0,Shenzhen,0,4,all_lossy,50,1.0,0.0077857971191406,0.033905029296875,0,0.0261192321777344
CHNCXR_0154_0,Shenzhen,0,4,lungs_lossy,70,0.2585750747011952,0.0077857971191406,0.0094528198242187,0,0.0016670227050780998
CHNCXR_0154_0,Shenzhen,0,4,background_lossy,70,0.7414249252988048,0.0077857971191406,0.0084762573242187,0,0.0006904602050780998
CHNCXR_0154_0,Shenzhen,0,4,all_lossy,70,1.0,0.0077857971191406,0.0104522705078125,0,0.0026664733886719
CHNCXR_0155_0,Shenzhen,0,1,lungs_lossy,10,0.1660354034810126,2.372264862060547e-05,0.0036640167236328,0,0.0036402940750121945
CHNCXR_0155_0,Shenzhen,0,1,background_lossy,10,0.8339645965189874,2.372264862060547e-05,0.0003936290740966,0,0.00036990642547599453
CHNCXR_0155_0,Shenzhen,0,1,all_lossy,10,1.0,2.372264862060547e-05,0.02203369140625,0,0.022009968757629395
CHNCXR_0155_0,Shenzhen,0,1,lungs_lossy,30,0.1660354034810126,2.372264862060547e-05,0.0007495880126953,0,0.0007258653640746946
CHNCXR_0155_0,Shenzhen,0,1,background_lossy,30,0.8339645965189874,2.372264862060547e-05,8.028745651245117e-05,0,5.65648078918457e-05
CHNCXR_0155_0,Shenzhen,0,1,all_lossy,30,1.0,2.372264862060547e-05,0.0009326934814453,0,0.0009089708328246946
CHNCXR_0155_0,Shenzhen,0,1,lungs_lossy,50,0.1660354034810126,2.372264862060547e-05,9.459257125854492e-05,0,7.086992263793945e-05
CHNCXR_0155_0,Shenzhen,0,1,background_lossy,50,0.8339645965189874,2.372264862060547e-05,4.363059997558594e-05,0,1.990795135498047e-05
CHNCXR_0155_0,Shenzhen,0,1,all_lossy,50,1.0,2.372264862060547e-05,0.0001159310340881,0,9.220838546749453e-05
CHNCXR_0155_0,Shenzhen,0,1,lungs_lossy,70,0.1660354034810126,2.372264862060547e-05,2.777576446533203e-05,0,4.0531158447265625e-06
CHNCXR_0155_0,Shenzhen,0,1,background_lossy,70,0.8339645965189874,2.372264862060547e-05,2.1278858184814453e-05,0,2.4437904357910156e-06
CHNCXR_0155_0,Shenzhen,0,1,all_lossy,70,1.0,2.372264862060547e-05,2.390146255493164e-05,0,1.7881393432617188e-07
CHNCXR_0156_0,Shenzhen,0,2,lungs_lossy,10,0.1816444925742574,0.0028228759765625,0.35205078125,0,0.3492279052734375
CHNCXR_0156_0,Shenzhen,0,2,background_lossy,10,0.8183555074257426,0.0028228759765625,0.2333984375,0,0.2305755615234375
CHNCXR_0156_0,Shenzhen,0,2,all_lossy,10,1.0,0.0028228759765625,0.97412109375,1,0.9712982177734375
CHNCXR_0156_0,Shenzhen,0,2,lungs_lossy,30,0.1816444925742574,0.0028228759765625,0.027069091796875,0,0.0242462158203125
CHNCXR_0156_0,Shenzhen,0,2,background_lossy,30,0.8183555074257426,0.0028228759765625,0.019500732421875,0,0.0166778564453125
CHNCXR_0156_0,Shenzhen,0,2,all_lossy,30,1.0,0.0028228759765625,0.11932373046875,0,0.1165008544921875
CHNCXR_0156_0,Shenzhen,0,2,lungs_lossy,50,0.1816444925742574,0.0028228759765625,0.009521484375,0,0.0066986083984375
CHNCXR_0156_0,Shenzhen,0,2,background_lossy,50,0.8183555074257426,0.0028228759765625,0.0118255615234375,0,0.009002685546875
CHNCXR_0156_0,Shenzhen,0,2,all_lossy,50,1.0,0.0028228759765625,0.03594970703125,0,0.0331268310546875
CHNCXR_0156_0,Shenzhen,0,2,lungs_lossy,70,0.1816444925742574,0.0028228759765625,0.0021247863769531,0,0.0006980895996094002
CHNCXR_0156_0,Shenzhen,0,2,background_lossy,70,0.8183555074257426,0.0028228759765625,0.0081558227539062,0,0.0053329467773437
CHNCXR_0156_0,Shenzhen,0,2,all_lossy,70,1.0,0.0028228759765625,0.0059585571289062,0,0.0031356811523436997
CHNCXR_0157_0,Shenzhen,0,1,lungs_lossy,10,0.2268321622287968,0.0007915496826171,0.2939453125,0,0.2931537628173829
CHNCXR_0157_0,Shenzhen,0,1,background_lossy,10,0.7731678377712031,0.0007915496826171,0.0015668869018554,0,0.0007753372192383
CHNCXR_0157_0,Shenzhen,0,1,all_lossy,10,1.0,0.0007915496826171,0.61669921875,1,0.6159076690673829
CHNCXR_0157_0,Shenzhen,0,1,lungs_lossy,30,0.2268321622287968,0.0007915496826171,0.7333984375,1,0.7326068878173829
CHNCXR_0157_0,Shenzhen,0,1,background_lossy,30,0.7731678377712031,0.0007915496826171,0.0011510848999023,0,0.00035953521728519994
CHNCXR_0157_0,Shenzhen,0,1,all_lossy,30,1.0,0.0007915496826171,0.30419921875,0,0.3034076690673829
CHNCXR_0157_0,Shenzhen,0,1,lungs_lossy,50,0.2268321622287968,0.0007915496826171,0.0102462768554687,0,0.009454727172851599
CHNCXR_0157_0,Shenzhen,0,1,background_lossy,50,0.7731678377712031,0.0007915496826171,0.0006213188171386,0,0.0001702308654785
CHNCXR_0157_0,Shenzhen,0,1,all_lossy,50,1.0,0.0007915496826171,0.0041160583496093,0,0.0033245086669922005
CHNCXR_0157_0,Shenzhen,0,1,lungs_lossy,70,0.2268321622287968,0.0007915496826171,0.0011472702026367,0,0.0003557205200196001
CHNCXR_0157_0,Shenzhen,0,1,background_lossy,70,0.7731678377712031,0.0007915496826171,0.0010242462158203,0,0.00023269653320319992
CHNCXR_0157_0,Shenzhen,0,1,all_lossy,70,1.0,0.0007915496826171,0.0012893676757812,0,0.0004978179931640999
CHNCXR_0158_0,Shenzhen,0,4,lungs_lossy,10,0.221504407051282,0.03143310546875,0.248291015625,0,0.21685791015625
CHNCXR_0158_0,Shenzhen,0,4,background_lossy,10,0.778495592948718,0.03143310546875,0.0401611328125,0,0.00872802734375
CHNCXR_0158_0,Shenzhen,0,4,all_lossy,10,1.0,0.03143310546875,0.31298828125,0,0.28155517578125
CHNCXR_0158_0,Shenzhen,0,4,lungs_lossy,30,0.221504407051282,0.03143310546875,0.11029052734375,0,0.078857421875
CHNCXR_0158_0,Shenzhen,0,4,background_lossy,30,0.778495592948718,0.03143310546875,0.034820556640625,0,0.003387451171875
CHNCXR_0158_0,Shenzhen,0,4,all_lossy,30,1.0,0.03143310546875,0.09320068359375,0,0.061767578125
CHNCXR_0158_0,Shenzhen,0,4,lungs_lossy,50,0.221504407051282,0.03143310546875,0.04248046875,0,0.01104736328125
CHNCXR_0158_0,Shenzhen,0,4,background_lossy,50,0.778495592948718,0.03143310546875,0.027587890625,0,0.00384521484375
CHNCXR_0158_0,Shenzhen,0,4,all_lossy,50,1.0,0.03143310546875,0.03662109375,0,0.00518798828125
CHNCXR_0158_0,Shenzhen,0,4,lungs_lossy,70,0.221504407051282,0.03143310546875,0.03240966796875,0,0.0009765625
CHNCXR_0158_0,Shenzhen,0,4,background_lossy,70,0.778495592948718,0.03143310546875,0.029205322265625,0,0.002227783203125
CHNCXR_0158_0,Shenzhen,0,4,all_lossy,70,1.0,0.03143310546875,0.0287628173828125,0,0.0026702880859375
CHNCXR_0159_0,Shenzhen,0,4,lungs_lossy,10,0.2098464965820312,0.016845703125,0.11456298828125,0,0.09771728515625
CHNCXR_0159_0,Shenzhen,0,4,background_lossy,10,0.7901535034179688,0.016845703125,0.0552978515625,0,0.0384521484375
CHNCXR_0159_0,Shenzhen,0,4,all_lossy,10,1.0,0.016845703125,0.428955078125,0,0.412109375
CHNCXR_0159_0,Shenzhen,0,4,lungs_lossy,30,0.2098464965820312,0.016845703125,0.1561279296875,0,0.1392822265625
CHNCXR_0159_0,Shenzhen,0,4,background_lossy,30,0.7901535034179688,0.016845703125,0.042572021484375,0,0.025726318359375
CHNCXR_0159_0,Shenzhen,0,4,all_lossy,30,1.0,0.016845703125,0.32861328125,0,0.311767578125
CHNCXR_0159_0,Shenzhen,0,4,lungs_lossy,50,0.2098464965820312,0.016845703125,0.038330078125,0,0.021484375
CHNCXR_0159_0,Shenzhen,0,4,background_lossy,50,0.7901535034179688,0.016845703125,0.02337646484375,0,0.00653076171875
CHNCXR_0159_0,Shenzhen,0,4,all_lossy,50,1.0,0.016845703125,0.05145263671875,0,0.03460693359375
CHNCXR_0159_0,Shenzhen,0,4,lungs_lossy,70,0.2098464965820312,0.016845703125,0.017181396484375,0,0.000335693359375
CHNCXR_0159_0,Shenzhen,0,4,background_lossy,70,0.7901535034179688,0.016845703125,0.019561767578125,0,0.002716064453125
CHNCXR_0159_0,Shenzhen,0,4,all_lossy,70,1.0,0.016845703125,0.0196380615234375,0,0.0027923583984375
CHNCXR_0160_0,Shenzhen,0,4,lungs_lossy,10,0.3168052755376344,0.334716796875,0.94775390625,1,0.613037109375
CHNCXR_0160_0,Shenzhen,0,4,background_lossy,10,0.6831947244623655,0.334716796875,0.5185546875,1,0.183837890625
CHNCXR_0160_0,Shenzhen,0,4,all_lossy,10,1.0,0.334716796875,0.9521484375,1,0.617431640625
CHNCXR_0160_0,Shenzhen,0,4,lungs_lossy,30,0.3168052755376344,0.334716796875,0.884765625,1,0.550048828125
CHNCXR_0160_0,Shenzhen,0,4,background_lossy,30,0.6831947244623655,0.334716796875,0.425537109375,0,0.0908203125
CHNCXR_0160_0,Shenzhen,0,4,all_lossy,30,1.0,0.334716796875,0.9150390625,1,0.580322265625
CHNCXR_0160_0,Shenzhen,0,4,lungs_lossy,50,0.3168052755376344,0.334716796875,0.494140625,0,0.159423828125
CHNCXR_0160_0,Shenzhen,0,4,background_lossy,50,0.6831947244623655,0.334716796875,0.431396484375,0,0.0966796875
CHNCXR_0160_0,Shenzhen,0,4,all_lossy,50,1.0,0.334716796875,0.5810546875,1,0.246337890625
CHNCXR_0160_0,Shenzhen,0,4,lungs_lossy,70,0.3168052755376344,0.334716796875,0.33154296875,0,0.003173828125
CHNCXR_0160_0,Shenzhen,0,4,background_lossy,70,0.6831947244623655,0.334716796875,0.371826171875,0,0.037109375
CHNCXR_0160_0,Shenzhen,0,4,all_lossy,70,1.0,0.334716796875,0.36279296875,0,0.028076171875
CHNCXR_0161_0,Shenzhen,0,2,lungs_lossy,10,0.220466629697286,0.97412109375,0.99853515625,0,0.0244140625
CHNCXR_0161_0,Shenzhen,0,2,background_lossy,10,0.779533370302714,0.97412109375,0.9765625,0,0.00244140625
CHNCXR_0161_0,Shenzhen,0,2,all_lossy,10,1.0,0.97412109375,0.98876953125,0,0.0146484375
CHNCXR_0161_0,Shenzhen,0,2,lungs_lossy,30,0.220466629697286,0.97412109375,0.9990234375,0,0.02490234375
CHNCXR_0161_0,Shenzhen,0,2,background_lossy,30,0.779533370302714,0.97412109375,0.978515625,0,0.00439453125
CHNCXR_0161_0,Shenzhen,0,2,all_lossy,30,1.0,0.97412109375,0.99755859375,0,0.0234375
CHNCXR_0161_0,Shenzhen,0,2,lungs_lossy,50,0.220466629697286,0.97412109375,0.95654296875,0,0.017578125
CHNCXR_0161_0,Shenzhen,0,2,background_lossy,50,0.779533370302714,0.97412109375,0.95703125,0,0.01708984375
CHNCXR_0161_0,Shenzhen,0,2,all_lossy,50,1.0,0.97412109375,0.91064453125,0,0.0634765625
CHNCXR_0161_0,Shenzhen,0,2,lungs_lossy,70,0.220466629697286,0.97412109375,0.9609375,0,0.01318359375
CHNCXR_0161_0,Shenzhen,0,2,background_lossy,70,0.779533370302714,0.97412109375,0.95361328125,0,0.0205078125
CHNCXR_0161_0,Shenzhen,0,2,all_lossy,70,1.0,0.97412109375,0.935546875,0,0.03857421875
CHNCXR_0162_0,Shenzhen,0,3,lungs_lossy,10,0.2693487512425447,0.0062904357910156,0.07861328125,0,0.0723228454589844
CHNCXR_0162_0,Shenzhen,0,3,background_lossy,10,0.7306512487574552,0.0062904357910156,0.0012493133544921,0,0.0050411224365235
CHNCXR_0162_0,Shenzhen,0,3,all_lossy,10,1.0,0.0062904357910156,0.073974609375,0,0.0676841735839844
CHNCXR_0162_0,Shenzhen,0,3,lungs_lossy,30,0.2693487512425447,0.0062904357910156,0.0489501953125,0,0.0426597595214844
CHNCXR_0162_0,Shenzhen,0,3,background_lossy,30,0.7306512487574552,0.0062904357910156,0.0010204315185546,0,0.005270004272461
CHNCXR_0162_0,Shenzhen,0,3,all_lossy,30,1.0,0.0062904357910156,0.0066413879394531,0,0.0003509521484375
CHNCXR_0162_0,Shenzhen,0,3,lungs_lossy,50,0.2693487512425447,0.0062904357910156,0.0108184814453125,0,0.0045280456542969
CHNCXR_0162_0,Shenzhen,0,3,background_lossy,50,0.7306512487574552,0.0062904357910156,0.0022792816162109,0,0.0040111541748047
CHNCXR_0162_0,Shenzhen,0,3,all_lossy,50,1.0,0.0062904357910156,0.0044174194335937,0,0.0018730163574219002
CHNCXR_0162_0,Shenzhen,0,3,lungs_lossy,70,0.2693487512425447,0.0062904357910156,0.0062408447265625,0,4.9591064453099847e-05
CHNCXR_0162_0,Shenzhen,0,3,background_lossy,70,0.7306512487574552,0.0062904357910156,0.0047378540039062,0,0.0015525817871094002
CHNCXR_0162_0,Shenzhen,0,3,all_lossy,70,1.0,0.0062904357910156,0.0047721862792968,0,0.0015182495117187994
CHNCXR_0163_0,Shenzhen,0,2,lungs_lossy,10,0.2178643254950495,0.0019121170043945,0.76318359375,1,0.7612714767456055
CHNCXR_0163_0,Shenzhen,0,2,background_lossy,10,0.7821356745049505,0.0019121170043945,0.0247039794921875,0,0.022791862487793
CHNCXR_0163_0,Shenzhen,0,2,all_lossy,10,1.0,0.0019121170043945,0.99267578125,1,0.9907636642456055
CHNCXR_0163_0,Shenzhen,0,2,lungs_lossy,30,0.2178643254950495,0.0019121170043945,0.75537109375,1,0.7534589767456055
CHNCXR_0163_0,Shenzhen,0,2,background_lossy,30,0.7821356745049505,0.0019121170043945,0.0095977783203125,0,0.007685661315918
CHNCXR_0163_0,Shenzhen,0,2,all_lossy,30,1.0,0.0019121170043945,0.9287109375,1,0.9267988204956055
CHNCXR_0163_0,Shenzhen,0,2,lungs_lossy,50,0.2178643254950495,0.0019121170043945,0.035491943359375,0,0.033579826354980497
CHNCXR_0163_0,Shenzhen,0,2,background_lossy,50,0.7821356745049505,0.0019121170043945,0.0051612854003906,0,0.0032491683959961
CHNCXR_0163_0,Shenzhen,0,2,all_lossy,50,1.0,0.0019121170043945,0.07366943359375,0,0.0717573165893555
CHNCXR_0163_0,Shenzhen,0,2,lungs_lossy,70,0.2178643254950495,0.0019121170043945,0.0022964477539062,0,0.0003843307495117001
CHNCXR_0163_0,Shenzhen,0,2,background_lossy,70,0.7821356745049505,0.0019121170043945,0.0023689270019531,0,0.0004568099975585998
CHNCXR_0163_0,Shenzhen,0,2,all_lossy,70,1.0,0.0019121170043945,0.002969741821289,0,0.0010576248168945
CHNCXR_0164_0,Shenzhen,0,3,lungs_lossy,10,0.1875233441235059,0.0001660585403442,0.02484130859375,0,0.0246752500534058
CHNCXR_0164_0,Shenzhen,0,3,background_lossy,10,0.812476655876494,0.0001660585403442,0.0010604858398437,0,0.0008944272994994999
CHNCXR_0164_0,Shenzhen,0,3,all_lossy,10,1.0,0.0001660585403442,0.140380859375,0,0.1402148008346558
CHNCXR_0164_0,Shenzhen,0,3,lungs_lossy,30,0.1875233441235059,0.0001660585403442,0.0069847106933593,0,0.0068186521530151
CHNCXR_0164_0,Shenzhen,0,3,background_lossy,30,0.812476655876494,0.0001660585403442,0.0001431703567504,0,2.288818359380001e-05
CHNCXR_0164_0,Shenzhen,0,3,all_lossy,30,1.0,0.0001660585403442,0.0020999908447265,0,0.0019339323043823
CHNCXR_0164_0,Shenzhen,0,3,lungs_lossy,50,0.1875233441235059,0.0001660585403442,0.0006093978881835,0,0.00044333934783929996
CHNCXR_0164_0,Shenzhen,0,3,background_lossy,50,0.812476655876494,0.0001660585403442,6.502866744995117e-05,0,0.00010102987289424884
CHNCXR_0164_0,Shenzhen,0,3,all_lossy,50,1.0,0.0001660585403442,0.0002269744873046,0,6.0915946960399996e-05
CHNCXR_0164_0,Shenzhen,0,3,lungs_lossy,70,0.1875233441235059,0.0001660585403442,0.0001282691955566,0,3.7789344787600014e-05
CHNCXR_0164_0,Shenzhen,0,3,background_lossy,70,0.812476655876494,0.0001660585403442,0.0001097321510314,0,5.6326389312800004e-05
CHNCXR_0164_0,Shenzhen,0,3,all_lossy,70,1.0,0.0001660585403442,8.547306060791016e-05,0,8.058547973628985e-05
CHNCXR_0165_0,Shenzhen,0,0,lungs_lossy,10,0.269039124015748,0.0066909790039062,0.055206298828125,0,0.0485153198242188
CHNCXR_0165_0,Shenzhen,0,0,background_lossy,10,0.730960875984252,0.0066909790039062,0.01129150390625,0,0.0046005249023438
CHNCXR_0165_0,Shenzhen,0,0,all_lossy,10,1.0,0.0066909790039062,0.148193359375,0,0.1415023803710938
CHNCXR_0165_0,Shenzhen,0,0,lungs_lossy,30,0.269039124015748,0.0066909790039062,0.93310546875,1,0.9264144897460938
CHNCXR_0165_0,Shenzhen,0,0,background_lossy,30,0.730960875984252,0.0066909790039062,0.0020828247070312,0,0.004608154296875
CHNCXR_0165_0,Shenzhen,0,0,all_lossy,30,1.0,0.0066909790039062,0.36669921875,0,0.3600082397460938
CHNCXR_0165_0,Shenzhen,0,0,lungs_lossy,50,0.269039124015748,0.0066909790039062,0.07904052734375,0,0.0723495483398438
CHNCXR_0165_0,Shenzhen,0,0,background_lossy,50,0.730960875984252,0.0066909790039062,0.0013151168823242,0,0.005375862121582
CHNCXR_0165_0,Shenzhen,0,0,all_lossy,50,1.0,0.0066909790039062,0.0063400268554687,0,0.0003509521484375
CHNCXR_0165_0,Shenzhen,0,0,lungs_lossy,70,0.269039124015748,0.0066909790039062,0.013275146484375,0,0.0065841674804688
CHNCXR_0165_0,Shenzhen,0,0,background_lossy,70,0.730960875984252,0.0066909790039062,0.0045928955078125,0,0.0020980834960936997
CHNCXR_0165_0,Shenzhen,0,0,all_lossy,70,1.0,0.0066909790039062,0.0072593688964843,0,0.0005683898925781007
CHNCXR_0166_0,Shenzhen,0,1,lungs_lossy,10,0.3320785984848485,0.046112060546875,0.435302734375,0,0.389190673828125
CHNCXR_0166_0,Shenzhen,0,1,background_lossy,10,0.6679214015151516,0.046112060546875,0.1337890625,0,0.087677001953125
CHNCXR_0166_0,Shenzhen,0,1,all_lossy,10,1.0,0.046112060546875,0.88623046875,1,0.840118408203125
CHNCXR_0166_0,Shenzhen,0,1,lungs_lossy,30,0.3320785984848485,0.046112060546875,0.8818359375,1,0.835723876953125
CHNCXR_0166_0,Shenzhen,0,1,background_lossy,30,0.6679214015151516,0.046112060546875,0.09857177734375,0,0.052459716796875
CHNCXR_0166_0,Shenzhen,0,1,all_lossy,30,1.0,0.046112060546875,0.92431640625,1,0.878204345703125
CHNCXR_0166_0,Shenzhen,0,1,lungs_lossy,50,0.3320785984848485,0.046112060546875,0.2607421875,0,0.214630126953125
CHNCXR_0166_0,Shenzhen,0,1,background_lossy,50,0.6679214015151516,0.046112060546875,0.058135986328125,0,0.01202392578125
CHNCXR_0166_0,Shenzhen,0,1,all_lossy,50,1.0,0.046112060546875,0.1815185546875,0,0.135406494140625
CHNCXR_0166_0,Shenzhen,0,1,lungs_lossy,70,0.3320785984848485,0.046112060546875,0.0297088623046875,0,0.0164031982421875
CHNCXR_0166_0,Shenzhen,0,1,background_lossy,70,0.6679214015151516,0.046112060546875,0.056243896484375,0,0.0101318359375
CHNCXR_0166_0,Shenzhen,0,1,all_lossy,70,1.0,0.046112060546875,0.041778564453125,0,0.00433349609375
CHNCXR_0167_0,Shenzhen,0,2,lungs_lossy,10,0.283669909591195,0.96044921875,0.99169921875,0,0.03125
CHNCXR_0167_0,Shenzhen,0,2,background_lossy,10,0.716330090408805,0.96044921875,0.98828125,0,0.02783203125
CHNCXR_0167_0,Shenzhen,0,2,all_lossy,10,1.0,0.96044921875,0.99462890625,0,0.0341796875
CHNCXR_0167_0,Shenzhen,0,2,lungs_lossy,30,0.283669909591195,0.96044921875,0.998046875,0,0.03759765625
CHNCXR_0167_0,Shenzhen,0,2,background_lossy,30,0.716330090408805,0.96044921875,0.98779296875,0,0.02734375
CHNCXR_0167_0,Shenzhen,0,2,all_lossy,30,1.0,0.96044921875,0.9990234375,0,0.03857421875
CHNCXR_0167_0,Shenzhen,0,2,lungs_lossy,50,0.283669909591195,0.96044921875,0.99267578125,0,0.0322265625
CHNCXR_0167_0,Shenzhen,0,2,background_lossy,50,0.716330090408805,0.96044921875,0.955078125,0,0.00537109375
CHNCXR_0167_0,Shenzhen,0,2,all_lossy,50,1.0,0.96044921875,0.99267578125,0,0.0322265625
CHNCXR_0167_0,Shenzhen,0,2,lungs_lossy,70,0.283669909591195,0.96044921875,0.94921875,0,0.01123046875
CHNCXR_0167_0,Shenzhen,0,2,background_lossy,70,0.716330090408805,0.96044921875,0.9599609375,0,0.00048828125
CHNCXR_0167_0,Shenzhen,0,2,all_lossy,70,1.0,0.96044921875,0.95068359375,0,0.009765625
CHNCXR_0168_0,Shenzhen,0,3,lungs_lossy,10,0.39490234375,0.10211181640625,0.0083465576171875,0,0.0937652587890625
CHNCXR_0168_0,Shenzhen,0,3,background_lossy,10,0.60509765625,0.10211181640625,0.04986572265625,0,0.05224609375
CHNCXR_0168_0,Shenzhen,0,3,all_lossy,10,1.0,0.10211181640625,0.054107666015625,0,0.048004150390625
CHNCXR_0168_0,Shenzhen,0,3,lungs_lossy,30,0.39490234375,0.10211181640625,0.054412841796875,0,0.047698974609375
CHNCXR_0168_0,Shenzhen,0,3,background_lossy,30,0.60509765625,0.10211181640625,0.05059814453125,0,0.051513671875
CHNCXR_0168_0,Shenzhen,0,3,all_lossy,30,1.0,0.10211181640625,0.040313720703125,0,0.061798095703125
CHNCXR_0168_0,Shenzhen,0,3,lungs_lossy,50,0.39490234375,0.10211181640625,0.1134033203125,0,0.01129150390625
CHNCXR_0168_0,Shenzhen,0,3,background_lossy,50,0.60509765625,0.10211181640625,0.06671142578125,0,0.035400390625
CHNCXR_0168_0,Shenzhen,0,3,all_lossy,50,1.0,0.10211181640625,0.079345703125,0,0.02276611328125
CHNCXR_0168_0,Shenzhen,0,3,lungs_lossy,70,0.39490234375,0.10211181640625,0.1270751953125,0,0.02496337890625
CHNCXR_0168_0,Shenzhen,0,3,background_lossy,70,0.60509765625,0.10211181640625,0.0703125,0,0.03179931640625
CHNCXR_0168_0,Shenzhen,0,3,all_lossy,70,1.0,0.10211181640625,0.0849609375,0,0.01715087890625
CHNCXR_0169_0,Shenzhen,0,1,lungs_lossy,10,0.2409497170781893,0.0018672943115234,0.1094970703125,0,0.1076297760009766
CHNCXR_0169_0,Shenzhen,0,1,background_lossy,10,0.7590502829218106,0.0018672943115234,0.06695556640625,0,0.0650882720947266
CHNCXR_0169_0,Shenzhen,0,1,all_lossy,10,1.0,0.0018672943115234,0.84423828125,1,0.8423709869384766
CHNCXR_0169_0,Shenzhen,0,1,lungs_lossy,30,0.2409497170781893,0.0018672943115234,0.017303466796875,0,0.0154361724853516
CHNCXR_0169_0,Shenzhen,0,1,background_lossy,30,0.7590502829218106,0.0018672943115234,0.0119171142578125,0,0.0100498199462891
CHNCXR_0169_0,Shenzhen,0,1,all_lossy,30,1.0,0.0018672943115234,0.134033203125,0,0.1321659088134766
CHNCXR_0169_0,Shenzhen,0,1,lungs_lossy,50,0.2409497170781893,0.0018672943115234,0.0020675659179687,0,0.00020027160644530014
CHNCXR_0169_0,Shenzhen,0,1,background_lossy,50,0.7590502829218106,0.0018672943115234,0.0036792755126953,0,0.0018119812011719
CHNCXR_0169_0,Shenzhen,0,1,all_lossy,50,1.0,0.0018672943115234,0.006072998046875,0,0.0042057037353516
CHNCXR_0169_0,Shenzhen,0,1,lungs_lossy,70,0.2409497170781893,0.0018672943115234,0.0012493133544921,0,0.0006179809570313001
CHNCXR_0169_0,Shenzhen,0,1,background_lossy,70,0.7590502829218106,0.0018672943115234,0.0036354064941406,0,0.0017681121826171999
CHNCXR_0169_0,Shenzhen,0,1,all_lossy,70,1.0,0.0018672943115234,0.0021324157714843,0,0.0002651214599609
CHNCXR_0170_0,Shenzhen,0,3,lungs_lossy,10,0.1772964719742063,5.918741226196289e-05,0.0007352828979492,0,0.0006760954856872371
CHNCXR_0170_0,Shenzhen,0,3,background_lossy,10,0.8227035280257937,5.918741226196289e-05,0.0012893676757812,0,0.001230180263519237
CHNCXR_0170_0,Shenzhen,0,3,all_lossy,10,1.0,5.918741226196289e-05,0.11932373046875,0,0.11926454305648804
CHNCXR_0170_0,Shenzhen,0,3,lungs_lossy,30,0.1772964719742063,5.918741226196289e-05,0.0014381408691406,0,0.0013789534568786372
CHNCXR_0170_0,Shenzhen,0,3,background_lossy,30,0.8227035280257937,5.918741226196289e-05,4.166364669799805e-05,0,1.7523765563964844e-05
CHNCXR_0170_0,Shenzhen,0,3,all_lossy,30,1.0,5.918741226196289e-05,0.0013990402221679,0,0.0013398528099059371
CHNCXR_0170_0,Shenzhen,0,3,lungs_lossy,50,0.1772964719742063,5.918741226196289e-05,6.920099258422852e-05,0,1.0013580322265625e-05
CHNCXR_0170_0,Shenzhen,0,3,background_lossy,50,0.8227035280257937,5.918741226196289e-05,3.11732292175293e-05,0,2.8014183044433594e-05
CHNCXR_0170_0,Shenzhen,0,3,all_lossy,50,1.0,5.918741226196289e-05,3.170967102050781e-05,0,2.7477741241455078e-05
CHNCXR_0170_0,Shenzhen,0,3,lungs_lossy,70,0.1772964719742063,5.918741226196289e-05,3.534555435180664e-05,0,2.384185791015625e-05
CHNCXR_0170_0,Shenzhen,0,3,background_lossy,70,0.8227035280257937,5.918741226196289e-05,4.83393669128418e-05,0,1.0848045349121094e-05
CHNCXR_0170_0,Shenzhen,0,3,all_lossy,70,1.0,5.918741226196289e-05,2.777576446533203e-05,0,3.141164779663086e-05
CHNCXR_0171_0,Shenzhen,0,4,lungs_lossy,10,0.265869140625,0.125244140625,0.84521484375,1,0.719970703125
CHNCXR_0171_0,Shenzhen,0,4,background_lossy,10,0.734130859375,0.125244140625,0.1368408203125,0,0.0115966796875
CHNCXR_0171_0,Shenzhen,0,4,all_lossy,10,1.0,0.125244140625,0.7568359375,1,0.631591796875
CHNCXR_0171_0,Shenzhen,0,4,lungs_lossy,30,0.265869140625,0.125244140625,0.63330078125,1,0.508056640625
CHNCXR_0171_0,Shenzhen,0,4,background_lossy,30,0.734130859375,0.125244140625,0.140869140625,0,0.015625
CHNCXR_0171_0,Shenzhen,0,4,all_lossy,30,1.0,0.125244140625,0.5166015625,1,0.391357421875
CHNCXR_0171_0,Shenzhen,0,4,lungs_lossy,50,0.265869140625,0.125244140625,0.2362060546875,0,0.1109619140625
CHNCXR_0171_0,Shenzhen,0,4,background_lossy,50,0.734130859375,0.125244140625,0.147705078125,0,0.0224609375
CHNCXR_0171_0,Shenzhen,0,4,all_lossy,50,1.0,0.125244140625,0.257568359375,0,0.13232421875
CHNCXR_0171_0,Shenzhen,0,4,lungs_lossy,70,0.265869140625,0.125244140625,0.11859130859375,0,0.00665283203125
CHNCXR_0171_0,Shenzhen,0,4,background_lossy,70,0.734130859375,0.125244140625,0.120361328125,0,0.0048828125
CHNCXR_0171_0,Shenzhen,0,4,all_lossy,70,1.0,0.125244140625,0.1131591796875,0,0.0120849609375
CHNCXR_0172_0,Shenzhen,0,1,lungs_lossy,10,0.3594830622438524,0.0096359252929687,0.62060546875,1,0.6109695434570312
CHNCXR_0172_0,Shenzhen,0,1,background_lossy,10,0.6405169377561475,0.0096359252929687,0.0099716186523437,0,0.000335693359375
CHNCXR_0172_0,Shenzhen,0,1,all_lossy,10,1.0,0.0096359252929687,0.416259765625,0,0.4066238403320313
CHNCXR_0172_0,Shenzhen,0,1,lungs_lossy,30,0.3594830622438524,0.0096359252929687,0.92822265625,1,0.9185867309570312
CHNCXR_0172_0,Shenzhen,0,1,background_lossy,30,0.6405169377561475,0.0096359252929687,0.0031242370605468,0,0.006511688232421899
CHNCXR_0172_0,Shenzhen,0,1,all_lossy,30,1.0,0.0096359252929687,0.68701171875,1,0.6773757934570312
CHNCXR_0172_0,Shenzhen,0,1,lungs_lossy,50,0.3594830622438524,0.0096359252929687,0.404541015625,0,0.3949050903320313
CHNCXR_0172_0,Shenzhen,0,1,background_lossy,50,0.6405169377561475,0.0096359252929687,0.0039138793945312,0,0.0057220458984375
CHNCXR_0172_0,Shenzhen,0,1,all_lossy,50,1.0,0.0096359252929687,0.10968017578125,0,0.1000442504882813
CHNCXR_0172_0,Shenzhen,0,1,lungs_lossy,70,0.3594830622438524,0.0096359252929687,0.028106689453125,0,0.0184707641601563
CHNCXR_0172_0,Shenzhen,0,1,background_lossy,70,0.6405169377561475,0.0096359252929687,0.006072998046875,0,0.0035629272460936997
CHNCXR_0172_0,Shenzhen,0,1,all_lossy,70,1.0,0.0096359252929687,0.0161590576171875,0,0.0065231323242188
CHNCXR_0173_0,Shenzhen,0,1,lungs_lossy,10,0.294369998620309,0.1365966796875,0.9345703125,1,0.7979736328125
CHNCXR_0173_0,Shenzhen,0,1,background_lossy,10,0.705630001379691,0.1365966796875,0.0047378540039062,0,0.1318588256835938
CHNCXR_0173_0,Shenzhen,0,1,all_lossy,10,1.0,0.1365966796875,0.1700439453125,0,0.033447265625
CHNCXR_0173_0,Shenzhen,0,1,lungs_lossy,30,0.294369998620309,0.1365966796875,0.98681640625,1,0.8502197265625
CHNCXR_0173_0,Shenzhen,0,1,background_lossy,30,0.705630001379691,0.1365966796875,0.0065383911132812,0,0.1300582885742188
CHNCXR_0173_0,Shenzhen,0,1,all_lossy,30,1.0,0.1365966796875,0.77587890625,1,0.6392822265625
CHNCXR_0173_0,Shenzhen,0,1,lungs_lossy,50,0.294369998620309,0.1365966796875,0.5478515625,1,0.4112548828125
CHNCXR_0173_0,Shenzhen,0,1,background_lossy,50,0.705630001379691,0.1365966796875,0.0191192626953125,0,0.1174774169921875
CHNCXR_0173_0,Shenzhen,0,1,all_lossy,50,1.0,0.1365966796875,0.1256103515625,0,0.010986328125
CHNCXR_0173_0,Shenzhen,0,1,lungs_lossy,70,0.294369998620309,0.1365966796875,0.173095703125,0,0.0364990234375
CHNCXR_0173_0,Shenzhen,0,1,background_lossy,70,0.705630001379691,0.1365966796875,0.070556640625,0,0.0660400390625
CHNCXR_0173_0,Shenzhen,0,1,all_lossy,70,1.0,0.1365966796875,0.08831787109375,0,0.04827880859375
CHNCXR_0174_0,Shenzhen,0,0,lungs_lossy,10,0.2745936098654709,0.0293731689453125,0.78857421875,1,0.7592010498046875
CHNCXR_0174_0,Shenzhen,0,0,background_lossy,10,0.7254063901345291,0.0293731689453125,0.006072998046875,0,0.0233001708984375
CHNCXR_0174_0,Shenzhen,0,0,all_lossy,10,1.0,0.0293731689453125,0.57470703125,1,0.5453338623046875
CHNCXR_0174_0,Shenzhen,0,0,lungs_lossy,30,0.2745936098654709,0.0293731689453125,0.74267578125,1,0.7133026123046875
CHNCXR_0174_0,Shenzhen,0,0,background_lossy,30,0.7254063901345291,0.0293731689453125,0.0167236328125,0,0.0126495361328125
CHNCXR_0174_0,Shenzhen,0,0,all_lossy,30,1.0,0.0293731689453125,0.165771484375,0,0.1363983154296875
CHNCXR_0174_0,Shenzhen,0,0,lungs_lossy,50,0.2745936098654709,0.0293731689453125,0.98974609375,1,0.9603729248046875
CHNCXR_0174_0,Shenzhen,0,0,background_lossy,50,0.7254063901345291,0.0293731689453125,0.0071487426757812,0,0.0222244262695313
CHNCXR_0174_0,Shenzhen,0,0,all_lossy,50,1.0,0.0293731689453125,0.91357421875,1,0.8842010498046875
CHNCXR_0174_0,Shenzhen,0,0,lungs_lossy,70,0.2745936098654709,0.0293731689453125,0.0223236083984375,0,0.007049560546875
CHNCXR_0174_0,Shenzhen,0,0,background_lossy,70,0.7254063901345291,0.0293731689453125,0.017181396484375,0,0.0121917724609375
CHNCXR_0174_0,Shenzhen,0,0,all_lossy,70,1.0,0.0293731689453125,0.0123825073242187,0,0.0169906616210938
CHNCXR_0175_0,Shenzhen,0,1,lungs_lossy,10,0.256010260193133,0.0073738098144531,0.408447265625,0,0.4010734558105469
CHNCXR_0175_0,Shenzhen,0,1,background_lossy,10,0.7439897398068669,0.0073738098144531,0.0072593688964843,0,0.00011444091796879944
CHNCXR_0175_0,Shenzhen,0,1,all_lossy,10,1.0,0.0073738098144531,0.40478515625,0,0.3974113464355469
CHNCXR_0175_0,Shenzhen,0,1,lungs_lossy,30,0.256010260193133,0.0073738098144531,0.57080078125,1,0.5634269714355469
CHNCXR_0175_0,Shenzhen,0,1,background_lossy,30,0.7439897398068669,0.0073738098144531,0.0028228759765625,0,0.0045509338378906
CHNCXR_0175_0,Shenzhen,0,1,all_lossy,30,1.0,0.0073738098144531,0.1995849609375,0,0.1922111511230469
CHNCXR_0175_0,Shenzhen,0,1,lungs_lossy,50,0.256010260193133,0.0073738098144531,0.021820068359375,0,0.0144462585449219
CHNCXR_0175_0,Shenzhen,0,1,background_lossy,50,0.7439897398068669,0.0073738098144531,0.0042648315429687,0,0.0031089782714844
CHNCXR_0175_0,Shenzhen,0,1,all_lossy,50,1.0,0.0073738098144531,0.0114669799804687,0,0.0040931701660156
CHNCXR_0175_0,Shenzhen,0,1,lungs_lossy,70,0.256010260193133,0.0073738098144531,0.0045051574707031,0,0.00286865234375
CHNCXR_0175_0,Shenzhen,0,1,background_lossy,70,0.7439897398068669,0.0073738098144531,0.0070381164550781,0,0.000335693359375
CHNCXR_0175_0,Shenzhen,0,1,all_lossy,70,1.0,0.0073738098144531,0.0043830871582031,0,0.00299072265625
CHNCXR_0176_0,Shenzhen,0,4,lungs_lossy,10,0.1863405751992032,0.0087127685546875,0.061767578125,0,0.0530548095703125
CHNCXR_0176_0,Shenzhen,0,4,background_lossy,10,0.8136594248007968,0.0087127685546875,0.028106689453125,0,0.0193939208984375
CHNCXR_0176_0,Shenzhen,0,4,all_lossy,10,1.0,0.0087127685546875,0.1544189453125,0,0.1457061767578125
CHNCXR_0176_0,Shenzhen,0,4,lungs_lossy,30,0.1863405751992032,0.0087127685546875,0.023773193359375,0,0.0150604248046875
CHNCXR_0176_0,Shenzhen,0,4,background_lossy,30,0.8136594248007968,0.0087127685546875,0.0179901123046875,0,0.00927734375
CHNCXR_0176_0,Shenzhen,0,4,all_lossy,30,1.0,0.0087127685546875,0.04327392578125,0,0.0345611572265625
CHNCXR_0176_0,Shenzhen,0,4,lungs_lossy,50,0.1863405751992032,0.0087127685546875,0.014007568359375,0,0.0052947998046875
CHNCXR_0176_0,Shenzhen,0,4,background_lossy,50,0.8136594248007968,0.0087127685546875,0.0124282836914062,0,0.0037155151367186997
CHNCXR_0176_0,Shenzhen,0,4,all_lossy,50,1.0,0.0087127685546875,0.019683837890625,0,0.0109710693359375
CHNCXR_0176_0,Shenzhen,0,4,lungs_lossy,70,0.1863405751992032,0.0087127685546875,0.0086441040039062,0,6.866455078130031e-05
CHNCXR_0176_0,Shenzhen,0,4,background_lossy,70,0.8136594248007968,0.0087127685546875,0.0089492797851562,0,0.0002365112304686997
CHNCXR_0176_0,Shenzhen,0,4,all_lossy,70,1.0,0.0087127685546875,0.0089874267578125,0,0.000274658203125
CHNCXR_0177_0,Shenzhen,0,1,lungs_lossy,10,0.3673107741617357,0.056121826171875,0.87451171875,1,0.818389892578125
CHNCXR_0177_0,Shenzhen,0,1,background_lossy,10,0.6326892258382644,0.056121826171875,0.0067977905273437,0,0.0493240356445313
CHNCXR_0177_0,Shenzhen,0,1,all_lossy,10,1.0,0.056121826171875,0.7255859375,1,0.669464111328125
CHNCXR_0177_0,Shenzhen,0,1,lungs_lossy,30,0.3673107741617357,0.056121826171875,0.98779296875,1,0.931671142578125
CHNCXR_0177_0,Shenzhen,0,1,background_lossy,30,0.6326892258382644,0.056121826171875,0.0200653076171875,0,0.0360565185546875
CHNCXR_0177_0,Shenzhen,0,1,all_lossy,30,1.0,0.056121826171875,0.89013671875,1,0.834014892578125
CHNCXR_0177_0,Shenzhen,0,1,lungs_lossy,50,0.3673107741617357,0.056121826171875,0.132080078125,0,0.075958251953125
CHNCXR_0177_0,Shenzhen,0,1,background_lossy,50,0.6326892258382644,0.056121826171875,0.022674560546875,0,0.033447265625
CHNCXR_0177_0,Shenzhen,0,1,all_lossy,50,1.0,0.056121826171875,0.051177978515625,0,0.00494384765625
CHNCXR_0177_0,Shenzhen,0,1,lungs_lossy,70,0.3673107741617357,0.056121826171875,0.048309326171875,0,0.0078125
CHNCXR_0177_0,Shenzhen,0,1,background_lossy,70,0.6326892258382644,0.056121826171875,0.047882080078125,0,0.00823974609375
CHNCXR_0177_0,Shenzhen,0,1,all_lossy,70,1.0,0.056121826171875,0.038909912109375,0,0.0172119140625
CHNCXR_0178_0,Shenzhen,0,3,lungs_lossy,10,0.1770674542682926,0.000295877456665,0.0010366439819335,0,0.0007407665252685
CHNCXR_0178_0,Shenzhen,0,3,background_lossy,10,0.8229325457317074,0.000295877456665,0.0011835098266601,0,0.0008876323699951001
CHNCXR_0178_0,Shenzhen,0,3,all_lossy,10,1.0,0.000295877456665,0.05645751953125,0,0.056161642074585
CHNCXR_0178_0,Shenzhen,0,3,lungs_lossy,30,0.1770674542682926,0.000295877456665,0.0004141330718994,0,0.00011825561523440005
CHNCXR_0178_0,Shenzhen,0,3,background_lossy,30,0.8229325457317074,0.000295877456665,0.0012941360473632,0,0.0009982585906982
CHNCXR_0178_0,Shenzhen,0,3,all_lossy,30,1.0,0.000295877456665,0.0086441040039062,0,0.0083482265472412
CHNCXR_0178_0,Shenzhen,0,3,lungs_lossy,50,0.1770674542682926,0.000295877456665,0.0005378723144531,0,0.00024199485778809998
CHNCXR_0178_0,Shenzhen,0,3,background_lossy,50,0.8229325457317074,0.000295877456665,0.0003101825714111,0,1.4305114746100038e-05
CHNCXR_0178_0,Shenzhen,0,3,all_lossy,50,1.0,0.000295877456665,0.0008625984191894,0,0.0005667209625244
CHNCXR_0178_0,Shenzhen,0,3,lungs_lossy,70,0.1770674542682926,0.000295877456665,0.0001686811447143,0,0.00012719631195069997
CHNCXR_0178_0,Shenzhen,0,3,background_lossy,70,0.8229325457317074,0.000295877456665,0.0003354549407958,0,3.9577484130800015e-05
CHNCXR_0178_0,Shenzhen,0,3,all_lossy,70,1.0,0.000295877456665,0.0001838207244873,0,0.00011205673217769998
CHNCXR_0179_0,Shenzhen,0,2,lungs_lossy,10,0.1922777639442231,0.0062408447265625,0.0239105224609375,0,0.017669677734375
CHNCXR_0179_0,Shenzhen,0,2,background_lossy,10,0.8077222360557769,0.0062408447265625,0.291748046875,0,0.2855072021484375
CHNCXR_0179_0,Shenzhen,0,2,all_lossy,10,1.0,0.0062408447265625,0.81689453125,1,0.8106536865234375
CHNCXR_0179_0,Shenzhen,0,2,lungs_lossy,30,0.1922777639442231,0.0062408447265625,0.455322265625,0,0.4490814208984375
CHNCXR_0179_0,Shenzhen,0,2,background_lossy,30,0.8077222360557769,0.0062408447265625,0.05340576171875,0,0.0471649169921875
CHNCXR_0179_0,Shenzhen,0,2,all_lossy,30,1.0,0.0062408447265625,0.94873046875,1,0.9424896240234375
CHNCXR_0179_0,Shenzhen,0,2,lungs_lossy,50,0.1922777639442231,0.0062408447265625,0.2152099609375,0,0.2089691162109375
CHNCXR_0179_0,Shenzhen,0,2,background_lossy,50,0.8077222360557769,0.0062408447265625,0.042236328125,0,0.0359954833984375
CHNCXR_0179_0,Shenzhen,0,2,all_lossy,50,1.0,0.0062408447265625,0.576171875,1,0.5699310302734375
CHNCXR_0179_0,Shenzhen,0,2,lungs_lossy,70,0.1922777639442231,0.0062408447265625,0.0071487426757812,0,0.0009078979492186997
CHNCXR_0179_0,Shenzhen,0,2,background_lossy,70,0.8077222360557769,0.0062408447265625,0.0138473510742187,0,0.0076065063476562
CHNCXR_0179_0,Shenzhen,0,2,all_lossy,70,1.0,0.0062408447265625,0.0156021118164062,0,0.0093612670898437
CHNCXR_0180_0,Shenzhen,0,2,lungs_lossy,10,0.2067196800595238,0.0262603759765625,0.32763671875,0,0.3013763427734375
CHNCXR_0180_0,Shenzhen,0,2,background_lossy,10,0.7932803199404762,0.0262603759765625,0.395263671875,0,0.3690032958984375
CHNCXR_0180_0,Shenzhen,0,2,all_lossy,10,1.0,0.0262603759765625,0.98388671875,1,0.9576263427734375
CHNCXR_0180_0,Shenzhen,0,2,lungs_lossy,30,0.2067196800595238,0.0262603759765625,0.49365234375,0,0.4673919677734375
CHNCXR_0180_0,Shenzhen,0,2,background_lossy,30,0.7932803199404762,0.0262603759765625,0.368408203125,0,0.3421478271484375
CHNCXR_0180_0,Shenzhen,0,2,all_lossy,30,1.0,0.0262603759765625,0.84619140625,1,0.8199310302734375
CHNCXR_0180_0,Shenzhen,0,2,lungs_lossy,50,0.2067196800595238,0.0262603759765625,0.07275390625,0,0.0464935302734375
CHNCXR_0180_0,Shenzhen,0,2,background_lossy,50,0.7932803199404762,0.0262603759765625,0.08062744140625,0,0.0543670654296875
CHNCXR_0180_0,Shenzhen,0,2,all_lossy,50,1.0,0.0262603759765625,0.1363525390625,0,0.1100921630859375
CHNCXR_0180_0,Shenzhen,0,2,lungs_lossy,70,0.2067196800595238,0.0262603759765625,0.04681396484375,0,0.0205535888671875
CHNCXR_0180_0,Shenzhen,0,2,background_lossy,70,0.7932803199404762,0.0262603759765625,0.0221099853515625,0,0.004150390625
CHNCXR_0180_0,Shenzhen,0,2,all_lossy,70,1.0,0.0262603759765625,0.0374755859375,0,0.0112152099609375
CHNCXR_0181_0,Shenzhen,0,3,lungs_lossy,10,0.1806894024451097,0.0001660585403442,0.189697265625,0,0.1895312070846558
CHNCXR_0181_0,Shenzhen,0,3,background_lossy,10,0.8193105975548902,0.0001660585403442,0.0027904510498046,0,0.0026243925094603998
CHNCXR_0181_0,Shenzhen,0,3,all_lossy,10,1.0,0.0001660585403442,0.74267578125,1,0.7425097227096558
CHNCXR_0181_0,Shenzhen,0,3,lungs_lossy,30,0.1806894024451097,0.0001660585403442,0.0134811401367187,0,0.0133150815963745
CHNCXR_0181_0,Shenzhen,0,3,background_lossy,30,0.8193105975548902,0.0001660585403442,0.0007295608520507,0,0.0005635023117065
CHNCXR_0181_0,Shenzhen,0,3,all_lossy,30,1.0,0.0001660585403442,0.0246124267578125,0,0.0244463682174683
CHNCXR_0181_0,Shenzhen,0,3,lungs_lossy,50,0.1806894024451097,0.0001660585403442,0.0001559257507324,0,1.0132789611800008e-05
CHNCXR_0181_0,Shenzhen,0,3,background_lossy,50,0.8193105975548902,0.0001660585403442,0.0001355409622192,0,3.0517578125e-05
CHNCXR_0181_0,Shenzhen,0,3,all_lossy,50,1.0,0.0001660585403442,0.0001186728477478,0,4.738569259640001e-05
CHNCXR_0181_0,Shenzhen,0,3,lungs_lossy,70,0.1806894024451097,0.0001660585403442,0.0001114606857299,0,5.4597854614300015e-05
CHNCXR_0181_0,Shenzhen,0,3,background_lossy,70,0.8193105975548902,0.0001660585403442,0.0001243352890014,0,4.17232513428e-05
CHNCXR_0181_0,Shenzhen,0,3,all_lossy,70,1.0,0.0001660585403442,8.749961853027344e-05,0,7.855892181392657e-05
CHNCXR_0182_0,Shenzhen,0,3,lungs_lossy,10,0.284068136272545,0.0010862350463867,0.0034294128417968,0,0.0023431777954101
CHNCXR_0182_0,Shenzhen,0,3,background_lossy,10,0.715931863727455,0.0010862350463867,0.0014104843139648,0,0.00032424926757809985
CHNCXR_0182_0,Shenzhen,0,3,all_lossy,10,1.0,0.0010862350463867,0.01495361328125,0,0.0138673782348633
CHNCXR_0182_0,Shenzhen,0,3,lungs_lossy,30,0.284068136272545,0.0010862350463867,0.0026931762695312,0,0.0016069412231445
CHNCXR_0182_0,Shenzhen,0,3,background_lossy,30,0.715931863727455,0.0010862350463867,0.0005860328674316,0,0.0005002021789551001
CHNCXR_0182_0,Shenzhen,0,3,all_lossy,30,1.0,0.0010862350463867,0.0011425018310546,0,5.6266784667899795e-05
CHNCXR_0182_0,Shenzhen,0,3,lungs_lossy,50,0.284068136272545,0.0010862350463867,0.0013408660888671,0,0.0002546310424803998
CHNCXR_0182_0,Shenzhen,0,3,background_lossy,50,0.715931863727455,0.0010862350463867,0.0004124641418457,0,0.0006737709045410001
CHNCXR_0182_0,Shenzhen,0,3,all_lossy,50,1.0,0.0010862350463867,0.0004858970642089,0,0.0006003379821778001
CHNCXR_0182_0,Shenzhen,0,3,lungs_lossy,70,0.284068136272545,0.0010862350463867,0.0008392333984375,0,0.0002470016479492001
CHNCXR_0182_0,Shenzhen,0,3,background_lossy,70,0.715931863727455,0.0010862350463867,0.0005817413330078,0,0.0005044937133789001
CHNCXR_0182_0,Shenzhen,0,3,all_lossy,70,1.0,0.0010862350463867,0.0004425048828125,0,0.0006437301635742001
CHNCXR_0183_0,Shenzhen,0,4,lungs_lossy,10,0.3013093315109344,0.1951904296875,0.8125,1,0.6173095703125
CHNCXR_0183_0,Shenzhen,0,4,background_lossy,10,0.6986906684890656,0.1951904296875,0.194580078125,0,0.0006103515625
CHNCXR_0183_0,Shenzhen,0,4,all_lossy,10,1.0,0.1951904296875,0.58642578125,1,0.3912353515625
CHNCXR_0183_0,Shenzhen,0,4,lungs_lossy,30,0.3013093315109344,0.1951904296875,0.78662109375,1,0.5914306640625
CHNCXR_0183_0,Shenzhen,0,4,background_lossy,30,0.6986906684890656,0.1951904296875,0.236328125,0,0.0411376953125
CHNCXR_0183_0,Shenzhen,0,4,all_lossy,30,1.0,0.1951904296875,0.79931640625,1,0.6041259765625
CHNCXR_0183_0,Shenzhen,0,4,lungs_lossy,50,0.3013093315109344,0.1951904296875,0.281494140625,0,0.0863037109375
CHNCXR_0183_0,Shenzhen,0,4,background_lossy,50,0.6986906684890656,0.1951904296875,0.2384033203125,0,0.043212890625
CHNCXR_0183_0,Shenzhen,0,4,all_lossy,50,1.0,0.1951904296875,0.341796875,0,0.1466064453125
CHNCXR_0183_0,Shenzhen,0,4,lungs_lossy,70,0.3013093315109344,0.1951904296875,0.2012939453125,0,0.006103515625
CHNCXR_0183_0,Shenzhen,0,4,background_lossy,70,0.6986906684890656,0.1951904296875,0.2122802734375,0,0.01708984375
CHNCXR_0183_0,Shenzhen,0,4,all_lossy,70,1.0,0.1951904296875,0.2216796875,0,0.0264892578125
CHNCXR_0184_0,Shenzhen,0,0,lungs_lossy,10,0.2439387114811133,0.0147323608398437,0.9208984375,1,0.9061660766601562
CHNCXR_0184_0,Shenzhen,0,0,background_lossy,10,0.7560612885188867,0.0147323608398437,0.0222015380859375,0,0.0074691772460938
CHNCXR_0184_0,Shenzhen,0,0,all_lossy,10,1.0,0.0147323608398437,0.9150390625,1,0.9003067016601562
CHNCXR_0184_0,Shenzhen,0,0,lungs_lossy,30,0.2439387114811133,0.0147323608398437,0.80078125,1,0.7860488891601562
CHNCXR_0184_0,Shenzhen,0,0,background_lossy,30,0.7560612885188867,0.0147323608398437,0.0033245086669921,0,0.0114078521728516
CHNCXR_0184_0,Shenzhen,0,0,all_lossy,30,1.0,0.0147323608398437,0.2032470703125,0,0.1885147094726563
CHNCXR_0184_0,Shenzhen,0,0,lungs_lossy,50,0.2439387114811133,0.0147323608398437,0.0059585571289062,0,0.0087738037109375
CHNCXR_0184_0,Shenzhen,0,0,background_lossy,50,0.7560612885188867,0.0147323608398437,0.0022258758544921,0,0.0125064849853516
CHNCXR_0184_0,Shenzhen,0,0,all_lossy,50,1.0,0.0147323608398437,0.0009145736694335,0,0.0138177871704102
CHNCXR_0184_0,Shenzhen,0,0,lungs_lossy,70,0.2439387114811133,0.0147323608398437,0.0113296508789062,0,0.0034027099609375
CHNCXR_0184_0,Shenzhen,0,0,background_lossy,70,0.7560612885188867,0.0147323608398437,0.0074615478515625,0,0.0072708129882812
CHNCXR_0184_0,Shenzhen,0,0,all_lossy,70,1.0,0.0147323608398437,0.0066909790039062,0,0.0080413818359375
CHNCXR_0185_0,Shenzhen,0,3,lungs_lossy,10,0.2283675397028688,1.0371208190917969e-05,0.0015192031860351,0,0.0015088319778441821
CHNCXR_0185_0,Shenzhen,0,3,background_lossy,10,0.7716324602971312,1.0371208190917969e-05,9.918212890625e-05,0,8.881092071533203e-05
CHNCXR_0185_0,Shenzhen,0,3,all_lossy,10,1.0,1.0371208190917969e-05,0.1688232421875,0,0.16881287097930908
CHNCXR_0185_0,Shenzhen,0,3,lungs_lossy,30,0.2283675397028688,1.0371208190917969e-05,8.219480514526367e-05,0,7.18235969543457e-05
CHNCXR_0185_0,Shenzhen,0,3,background_lossy,30,0.7716324602971312,1.0371208190917969e-05,2.300739288330078e-05,0,1.2636184692382812e-05
CHNCXR_0185_0,Shenzhen,0,3,all_lossy,30,1.0,1.0371208190917969e-05,0.0001795291900634,0,0.00016915798187248202
CHNCXR_0185_0,Shenzhen,0,3,lungs_lossy,50,0.2283675397028688,1.0371208190917969e-05,1.8656253814697266e-05,0,8.285045623779297e-06
CHNCXR_0185_0,Shenzhen,0,3,background_lossy,50,0.7716324602971312,1.0371208190917969e-05,1.1861324310302734e-05,0,1.4901161193847656e-06
CHNCXR_0185_0,Shenzhen,0,3,all_lossy,50,1.0,1.0371208190917969e-05,1.9371509552001957e-05,0,9.000301361083988e-06
CHNCXR_0185_0,Shenzhen,0,3,lungs_lossy,70,0.2283675397028688,1.0371208190917969e-05,7.212162017822266e-06,0,3.159046173095703e-06
CHNCXR_0185_0,Shenzhen,0,3,background_lossy,70,0.7716324602971312,1.0371208190917969e-05,9.715557098388672e-06,0,6.556510925292969e-07
CHNCXR_0185_0,Shenzhen,0,3,all_lossy,70,1.0,1.0371208190917969e-05,7.152557373046875e-06,0,3.2186508178710938e-06
CHNCXR_0186_0,Shenzhen,0,1,lungs_lossy,10,0.2577593537414966,0.0001523494720458,0.0163421630859375,0,0.0161898136138917
CHNCXR_0186_0,Shenzhen,0,1,background_lossy,10,0.7422406462585034,0.0001523494720458,0.0061683654785156,0,0.006016016006469799
CHNCXR_0186_0,Shenzhen,0,1,all_lossy,10,1.0,0.0001523494720458,0.50390625,1,0.5037539005279542
CHNCXR_0186_0,Shenzhen,0,1,lungs_lossy,30,0.2577593537414966,0.0001523494720458,0.045013427734375,0,0.0448610782623292
CHNCXR_0186_0,Shenzhen,0,1,background_lossy,30,0.7422406462585034,0.0001523494720458,0.0013046264648437,0,0.0011522769927979
CHNCXR_0186_0,Shenzhen,0,1,all_lossy,30,1.0,0.0001523494720458,0.2230224609375,0,0.2228701114654542
CHNCXR_0186_0,Shenzhen,0,1,lungs_lossy,50,0.2577593537414966,0.0001523494720458,0.0019416809082031,0,0.0017893314361573
CHNCXR_0186_0,Shenzhen,0,1,background_lossy,50,0.7422406462585034,0.0001523494720458,0.0005526542663574,0,0.0004003047943116
CHNCXR_0186_0,Shenzhen,0,1,all_lossy,50,1.0,0.0001523494720458,0.0054473876953125,0,0.0052950382232667004
CHNCXR_0186_0,Shenzhen,0,1,lungs_lossy,70,0.2577593537414966,0.0001523494720458,0.0001488924026489,0,3.4570693968999876e-06
CHNCXR_0186_0,Shenzhen,0,1,background_lossy,70,0.7422406462585034,0.0001523494720458,0.0001622438430786,0,9.894371032800008e-06
CHNCXR_0186_0,Shenzhen,0,1,all_lossy,70,1.0,0.0001523494720458,0.0001740455627441,0,2.1696090698300003e-05
CHNCXR_0187_0,Shenzhen,0,4,lungs_lossy,10,0.345904675982801,0.0987548828125,0.71533203125,1,0.6165771484375
CHNCXR_0187_0,Shenzhen,0,4,background_lossy,10,0.6540953240171989,0.0987548828125,0.1788330078125,0,0.080078125
CHNCXR_0187_0,Shenzhen,0,4,all_lossy,10,1.0,0.0987548828125,0.433349609375,0,0.3345947265625
CHNCXR_0187_0,Shenzhen,0,4,lungs_lossy,30,0.345904675982801,0.0987548828125,0.77099609375,1,0.6722412109375
CHNCXR_0187_0,Shenzhen,0,4,background_lossy,30,0.6540953240171989,0.0987548828125,0.09637451171875,0,0.00238037109375
CHNCXR_0187_0,Shenzhen,0,4,all_lossy,30,1.0,0.0987548828125,0.488525390625,0,0.3897705078125
CHNCXR_0187_0,Shenzhen,0,4,lungs_lossy,50,0.345904675982801,0.0987548828125,0.367431640625,0,0.2686767578125
CHNCXR_0187_0,Shenzhen,0,4,background_lossy,50,0.6540953240171989,0.0987548828125,0.09552001953125,0,0.00323486328125
CHNCXR_0187_0,Shenzhen,0,4,all_lossy,50,1.0,0.0987548828125,0.303466796875,0,0.2047119140625
CHNCXR_0187_0,Shenzhen,0,4,lungs_lossy,70,0.345904675982801,0.0987548828125,0.119384765625,0,0.0206298828125
CHNCXR_0187_0,Shenzhen,0,4,background_lossy,70,0.6540953240171989,0.0987548828125,0.09417724609375,0,0.00457763671875
CHNCXR_0187_0,Shenzhen,0,4,all_lossy,70,1.0,0.0987548828125,0.11163330078125,0,0.01287841796875
CHNCXR_0188_0,Shenzhen,0,2,lungs_lossy,10,0.23510885518591,0.0237274169921875,0.98486328125,1,0.9611358642578125
CHNCXR_0188_0,Shenzhen,0,2,background_lossy,10,0.76489114481409,0.0237274169921875,0.52001953125,1,0.4962921142578125
CHNCXR_0188_0,Shenzhen,0,2,all_lossy,10,1.0,0.0237274169921875,0.99951171875,1,0.9757843017578125
CHNCXR_0188_0,Shenzhen,0,2,lungs_lossy,30,0.23510885518591,0.0237274169921875,0.93115234375,1,0.9074249267578125
CHNCXR_0188_0,Shenzhen,0,2,background_lossy,30,0.76489114481409,0.0237274169921875,0.2314453125,0,0.2077178955078125
CHNCXR_0188_0,Shenzhen,0,2,all_lossy,30,1.0,0.0237274169921875,0.9921875,1,0.9684600830078125
CHNCXR_0188_0,Shenzhen,0,2,lungs_lossy,50,0.23510885518591,0.0237274169921875,0.150390625,0,0.1266632080078125
CHNCXR_0188_0,Shenzhen,0,2,background_lossy,50,0.76489114481409,0.0237274169921875,0.2314453125,0,0.2077178955078125
CHNCXR_0188_0,Shenzhen,0,2,all_lossy,50,1.0,0.0237274169921875,0.6376953125,1,0.6139678955078125
CHNCXR_0188_0,Shenzhen,0,2,lungs_lossy,70,0.23510885518591,0.0237274169921875,0.037689208984375,0,0.0139617919921875
CHNCXR_0188_0,Shenzhen,0,2,background_lossy,70,0.76489114481409,0.0237274169921875,0.04595947265625,0,0.0222320556640625
CHNCXR_0188_0,Shenzhen,0,2,all_lossy,70,1.0,0.0237274169921875,0.07421875,0,0.0504913330078125
CHNCXR_0189_0,Shenzhen,0,0,lungs_lossy,10,0.3259935461956522,0.80615234375,1.0,0,0.19384765625
CHNCXR_0189_0,Shenzhen,0,0,background_lossy,10,0.6740064538043478,0.80615234375,0.7060546875,0,0.10009765625
CHNCXR_0189_0,Shenzhen,0,0,all_lossy,10,1.0,0.80615234375,0.9990234375,0,0.19287109375
CHNCXR_0189_0,Shenzhen,0,0,lungs_lossy,30,0.3259935461956522,0.80615234375,0.998046875,0,0.19189453125
CHNCXR_0189_0,Shenzhen,0,0,background_lossy,30,0.6740064538043478,0.80615234375,0.62255859375,0,0.18359375
CHNCXR_0189_0,Shenzhen,0,0,all_lossy,30,1.0,0.80615234375,0.9921875,0,0.18603515625
CHNCXR_0189_0,Shenzhen,0,0,lungs_lossy,50,0.3259935461956522,0.80615234375,0.89697265625,0,0.0908203125
CHNCXR_0189_0,Shenzhen,0,0,background_lossy,50,0.6740064538043478,0.80615234375,0.70654296875,0,0.099609375
CHNCXR_0189_0,Shenzhen,0,0,all_lossy,50,1.0,0.80615234375,0.8623046875,0,0.05615234375
CHNCXR_0189_0,Shenzhen,0,0,lungs_lossy,70,0.3259935461956522,0.80615234375,0.7353515625,0,0.07080078125
CHNCXR_0189_0,Shenzhen,0,0,background_lossy,70,0.6740064538043478,0.80615234375,0.86572265625,0,0.0595703125
CHNCXR_0189_0,Shenzhen,0,0,all_lossy,70,1.0,0.80615234375,0.81787109375,0,0.01171875
CHNCXR_0190_0,Shenzhen,0,0,lungs_lossy,10,0.2873627744510978,0.1820068359375,0.8427734375,1,0.6607666015625
CHNCXR_0190_0,Shenzhen,0,0,background_lossy,10,0.7126372255489022,0.1820068359375,0.1087646484375,0,0.0732421875
CHNCXR_0190_0,Shenzhen,0,0,all_lossy,10,1.0,0.1820068359375,0.865234375,1,0.6832275390625
CHNCXR_0190_0,Shenzhen,0,0,lungs_lossy,30,0.2873627744510978,0.1820068359375,0.9990234375,1,0.8170166015625
CHNCXR_0190_0,Shenzhen,0,0,background_lossy,30,0.7126372255489022,0.1820068359375,0.03271484375,0,0.1492919921875
CHNCXR_0190_0,Shenzhen,0,0,all_lossy,30,1.0,0.1820068359375,0.921875,1,0.7398681640625
CHNCXR_0190_0,Shenzhen,0,0,lungs_lossy,50,0.2873627744510978,0.1820068359375,0.8857421875,1,0.7037353515625
CHNCXR_0190_0,Shenzhen,0,0,background_lossy,50,0.7126372255489022,0.1820068359375,0.1083984375,0,0.0736083984375
CHNCXR_0190_0,Shenzhen,0,0,all_lossy,50,1.0,0.1820068359375,0.7392578125,1,0.5572509765625
CHNCXR_0190_0,Shenzhen,0,0,lungs_lossy,70,0.2873627744510978,0.1820068359375,0.259033203125,0,0.0770263671875
CHNCXR_0190_0,Shenzhen,0,0,background_lossy,70,0.7126372255489022,0.1820068359375,0.1923828125,0,0.0103759765625
CHNCXR_0190_0,Shenzhen,0,0,all_lossy,70,1.0,0.1820068359375,0.251953125,0,0.0699462890625
CHNCXR_0191_0,Shenzhen,0,0,lungs_lossy,10,0.2645067097415507,0.6640625,0.9794921875,0,0.3154296875
CHNCXR_0191_0,Shenzhen,0,0,background_lossy,10,0.7354932902584492,0.6640625,0.137451171875,1,0.526611328125
CHNCXR_0191_0,Shenzhen,0,0,all_lossy,10,1.0,0.6640625,0.58642578125,0,0.07763671875
CHNCXR_0191_0,Shenzhen,0,0,lungs_lossy,30,0.2645067097415507,0.6640625,0.99853515625,0,0.33447265625
CHNCXR_0191_0,Shenzhen,0,0,background_lossy,30,0.7354932902584492,0.6640625,0.0164031982421875,1,0.6476593017578125
CHNCXR_0191_0,Shenzhen,0,0,all_lossy,30,1.0,0.6640625,0.77099609375,0,0.10693359375
CHNCXR_0191_0,Shenzhen,0,0,lungs_lossy,50,0.2645067097415507,0.6640625,0.92529296875,0,0.26123046875
CHNCXR_0191_0,Shenzhen,0,0,background_lossy,50,0.7354932902584492,0.6640625,0.1505126953125,1,0.5135498046875
CHNCXR_0191_0,Shenzhen,0,0,all_lossy,50,1.0,0.6640625,0.47412109375,1,0.18994140625
CHNCXR_0191_0,Shenzhen,0,0,lungs_lossy,70,0.2645067097415507,0.6640625,0.71826171875,0,0.05419921875
CHNCXR_0191_0,Shenzhen,0,0,background_lossy,70,0.7354932902584492,0.6640625,0.55615234375,0,0.10791015625
CHNCXR_0191_0,Shenzhen,0,0,all_lossy,70,1.0,0.6640625,0.6552734375,0,0.0087890625
CHNCXR_0192_0,Shenzhen,0,2,lungs_lossy,10,0.1928242722602739,0.0004656314849853,0.53662109375,1,0.5361554622650146
CHNCXR_0192_0,Shenzhen,0,2,background_lossy,10,0.807175727739726,0.0004656314849853,0.0130233764648437,0,0.0125577449798584
CHNCXR_0192_0,Shenzhen,0,2,all_lossy,10,1.0,0.0004656314849853,0.96142578125,1,0.9609601497650146
CHNCXR_0192_0,Shenzhen,0,2,lungs_lossy,30,0.1928242722602739,0.0004656314849853,0.0560302734375,0,0.0555646419525147
CHNCXR_0192_0,Shenzhen,0,2,background_lossy,30,0.807175727739726,0.0004656314849853,0.0027904510498046,0,0.0023248195648193
CHNCXR_0192_0,Shenzhen,0,2,all_lossy,30,1.0,0.0004656314849853,0.140869140625,0,0.1404035091400147
CHNCXR_0192_0,Shenzhen,0,2,lungs_lossy,50,0.1928242722602739,0.0004656314849853,0.0023880004882812,0,0.0019223690032959002
CHNCXR_0192_0,Shenzhen,0,2,background_lossy,50,0.807175727739726,0.0004656314849853,0.0034160614013671,0,0.0029504299163818
CHNCXR_0192_0,Shenzhen,0,2,all_lossy,50,1.0,0.0004656314849853,0.0147857666015625,0,0.0143201351165772
CHNCXR_0192_0,Shenzhen,0,2,lungs_lossy,70,0.1928242722602739,0.0004656314849853,0.0009474754333496,0,0.00048184394836430004
CHNCXR_0192_0,Shenzhen,0,2,background_lossy,70,0.807175727739726,0.0004656314849853,0.0006613731384277,0,0.0001957416534424
CHNCXR_0192_0,Shenzhen,0,2,all_lossy,70,1.0,0.0004656314849853,0.0012845993041992,0,0.0008189678192139001
CHNCXR_0193_0,Shenzhen,0,2,lungs_lossy,10,0.3438251201923077,0.994140625,0.99951171875,0,0.00537109375
CHNCXR_0193_0,Shenzhen,0,2,background_lossy,10,0.6561748798076923,0.994140625,0.92333984375,0,0.07080078125
CHNCXR_0193_0,Shenzhen,0,2,all_lossy,10,1.0,0.994140625,0.97998046875,0,0.01416015625
CHNCXR_0193_0,Shenzhen,0,2,lungs_lossy,30,0.3438251201923077,0.994140625,1.0,0,0.005859375
CHNCXR_0193_0,Shenzhen,0,2,background_lossy,30,0.6561748798076923,0.994140625,0.9833984375,0,0.0107421875
CHNCXR_0193_0,Shenzhen,0,2,all_lossy,30,1.0,0.994140625,0.99951171875,0,0.00537109375
CHNCXR_0193_0,Shenzhen,0,2,lungs_lossy,50,0.3438251201923077,0.994140625,0.9990234375,0,0.0048828125
CHNCXR_0193_0,Shenzhen,0,2,background_lossy,50,0.6561748798076923,0.994140625,0.99365234375,0,0.00048828125
CHNCXR_0193_0,Shenzhen,0,2,all_lossy,50,1.0,0.994140625,0.99853515625,0,0.00439453125
CHNCXR_0193_0,Shenzhen,0,2,lungs_lossy,70,0.3438251201923077,0.994140625,0.99462890625,0,0.00048828125
CHNCXR_0193_0,Shenzhen,0,2,background_lossy,70,0.6561748798076923,0.994140625,0.9951171875,0,0.0009765625
CHNCXR_0193_0,Shenzhen,0,2,all_lossy,70,1.0,0.994140625,0.99560546875,0,0.00146484375
CHNCXR_0194_0,Shenzhen,0,3,lungs_lossy,10,0.2290763854980468,0.0036354064941406,0.0014896392822265,0,0.0021457672119141
CHNCXR_0194_0,Shenzhen,0,3,background_lossy,10,0.7709236145019531,0.0036354064941406,0.004486083984375,0,0.0008506774902344002
CHNCXR_0194_0,Shenzhen,0,3,all_lossy,10,1.0,0.0036354064941406,0.0083160400390625,0,0.0046806335449219
CHNCXR_0194_0,Shenzhen,0,3,lungs_lossy,30,0.2290763854980468,0.0036354064941406,0.0030269622802734,0,0.0006084442138671996
CHNCXR_0194_0,Shenzhen,0,3,background_lossy,30,0.7709236145019531,0.0036354064941406,0.0008392333984375,0,0.0027961730957031
CHNCXR_0194_0,Shenzhen,0,3,all_lossy,30,1.0,0.0036354064941406,0.0015363693237304,0,0.0020990371704101996
CHNCXR_0194_0,Shenzhen,0,3,lungs_lossy,50,0.2290763854980468,0.0036354064941406,0.0041999816894531,0,0.0005645751953125
CHNCXR_0194_0,Shenzhen,0,3,background_lossy,50,0.7709236145019531,0.0036354064941406,0.0011606216430664,0,0.0024747848510741997
CHNCXR_0194_0,Shenzhen,0,3,all_lossy,50,1.0,0.0036354064941406,0.0013303756713867,0,0.0023050308227538997
CHNCXR_0194_0,Shenzhen,0,3,lungs_lossy,70,0.2290763854980468,0.0036354064941406,0.0022430419921875,0,0.0013923645019530998
CHNCXR_0194_0,Shenzhen,0,3,background_lossy,70,0.7709236145019531,0.0036354064941406,0.0037498474121093,0,0.00011444091796870013
CHNCXR_0194_0,Shenzhen,0,3,all_lossy,70,1.0,0.0036354064941406,0.002511978149414,0,0.0011234283447265998
CHNCXR_0195_0,Shenzhen,0,2,lungs_lossy,10,0.2463269019080234,0.0006189346313476,0.52392578125,1,0.5233068466186525
CHNCXR_0195_0,Shenzhen,0,2,background_lossy,10,0.7536730980919766,0.0006189346313476,0.1607666015625,0,0.1601476669311524
CHNCXR_0195_0,Shenzhen,0,2,all_lossy,10,1.0,0.0006189346313476,0.98193359375,1,0.9813146591186525
CHNCXR_0195_0,Shenzhen,0,2,lungs_lossy,30,0.2463269019080234,0.0006189346313476,0.1300048828125,0,0.1293859481811524
CHNCXR_0195_0,Shenzhen,0,2,background_lossy,30,0.7536730980919766,0.0006189346313476,0.0323486328125,0,0.0317296981811524
CHNCXR_0195_0,Shenzhen,0,2,all_lossy,30,1.0,0.0006189346313476,0.83642578125,1,0.8358068466186525
CHNCXR_0195_0,Shenzhen,0,2,lungs_lossy,50,0.2463269019080234,0.0006189346313476,0.0022087097167968,0,0.0015897750854492
CHNCXR_0195_0,Shenzhen,0,2,background_lossy,50,0.7536730980919766,0.0006189346313476,0.0031604766845703,0,0.0025415420532227
CHNCXR_0195_0,Shenzhen,0,2,all_lossy,50,1.0,0.0006189346313476,0.0082168579101562,0,0.0075979232788086
CHNCXR_0195_0,Shenzhen,0,2,lungs_lossy,70,0.2463269019080234,0.0006189346313476,0.000523567199707,0,9.536743164059995e-05
CHNCXR_0195_0,Shenzhen,0,2,background_lossy,70,0.7536730980919766,0.0006189346313476,0.0009112358093261,0,0.0002923011779785
CHNCXR_0195_0,Shenzhen,0,2,all_lossy,70,1.0,0.0006189346313476,0.0008134841918945,0,0.00019454956054690005
CHNCXR_0196_0,Shenzhen,0,3,lungs_lossy,10,0.2056655883789062,2.80141830444336e-06,3.6776065826416016e-05,0,3.3974647521972656e-05
CHNCXR_0196_0,Shenzhen,0,3,background_lossy,10,0.7943344116210938,2.80141830444336e-06,3.510713577270508e-05,0,3.230571746826172e-05
CHNCXR_0196_0,Shenzhen,0,3,all_lossy,10,1.0,2.80141830444336e-06,0.0010862350463867,0,0.0010834336280822567
CHNCXR_0196_0,Shenzhen,0,3,lungs_lossy,30,0.2056655883789062,2.80141830444336e-06,2.7954578399658203e-05,0,2.5153160095214844e-05
CHNCXR_0196_0,Shenzhen,0,3,background_lossy,30,0.7943344116210938,2.80141830444336e-06,6.020069122314453e-06,0,3.2186508178710933e-06
CHNCXR_0196_0,Shenzhen,0,3,all_lossy,30,1.0,2.80141830444336e-06,7.724761962890625e-05,0,7.444620132446289e-05
CHNCXR_0196_0,Shenzhen,0,3,lungs_lossy,50,0.2056655883789062,2.80141830444336e-06,2.6226043701171875e-06,0,1.788139343261723e-07
CHNCXR_0196_0,Shenzhen,0,3,background_lossy,50,0.7943344116210938,2.80141830444336e-06,1.430511474609375e-06,0,1.3709068298339848e-06
CHNCXR_0196_0,Shenzhen,0,3,all_lossy,50,1.0,2.80141830444336e-06,1.7881393432617188e-06,0,1.013278961181641e-06
CHNCXR_0196_0,Shenzhen,0,3,lungs_lossy,70,0.2056655883789062,2.80141830444336e-06,3.0994415283203125e-06,0,2.980232238769527e-07
CHNCXR_0196_0,Shenzhen,0,3,background_lossy,70,0.7943344116210938,2.80141830444336e-06,3.0994415283203125e-06,0,2.980232238769527e-07
CHNCXR_0196_0,Shenzhen,0,3,all_lossy,70,1.0,2.80141830444336e-06,3.3974647521972656e-06,0,5.960464477539058e-07
CHNCXR_0197_0,Shenzhen,0,0,lungs_lossy,10,0.1497642243525896,0.0016870498657226,0.049407958984375,0,0.0477209091186524
CHNCXR_0197_0,Shenzhen,0,0,background_lossy,10,0.8502357756474104,0.0016870498657226,0.0077552795410156,0,0.006068229675293
CHNCXR_0197_0,Shenzhen,0,0,all_lossy,10,1.0,0.0016870498657226,0.416748046875,0,0.4150609970092774
CHNCXR_0197_0,Shenzhen,0,0,lungs_lossy,30,0.1497642243525896,0.0016870498657226,0.450927734375,0,0.4492406845092774
CHNCXR_0197_0,Shenzhen,0,0,background_lossy,30,0.8502357756474104,0.0016870498657226,0.0019874572753906,0,0.00030040740966799976
CHNCXR_0197_0,Shenzhen,0,0,all_lossy,30,1.0,0.0016870498657226,0.051666259765625,0,0.0499792098999024
CHNCXR_0197_0,Shenzhen,0,0,lungs_lossy,50,0.1497642243525896,0.0016870498657226,0.0084457397460937,0,0.0067586898803711
CHNCXR_0197_0,Shenzhen,0,0,background_lossy,50,0.8502357756474104,0.0016870498657226,0.0010948181152343,0,0.0005922317504883001
CHNCXR_0197_0,Shenzhen,0,0,all_lossy,50,1.0,0.0016870498657226,0.0052413940429687,0,0.0035543441772461
CHNCXR_0197_0,Shenzhen,0,0,lungs_lossy,70,0.1497642243525896,0.0016870498657226,0.002511978149414,0,0.0008249282836914
CHNCXR_0197_0,Shenzhen,0,0,background_lossy,70,0.8502357756474104,0.0016870498657226,0.001896858215332,0,0.00020980834960939994
CHNCXR_0197_0,Shenzhen,0,0,all_lossy,70,1.0,0.0016870498657226,0.002511978149414,0,0.0008249282836914
CHNCXR_0198_0,Shenzhen,0,1,lungs_lossy,10,0.2643267463235294,0.0010480880737304,0.55419921875,1,0.5531511306762696
CHNCXR_0198_0,Shenzhen,0,1,background_lossy,10,0.7356732536764705,0.0010480880737304,0.0075759887695312,0,0.0065279006958007995
CHNCXR_0198_0,Shenzhen,0,1,all_lossy,10,1.0,0.0010480880737304,0.662109375,1,0.6610612869262696
CHNCXR_0198_0,Shenzhen,0,1,lungs_lossy,30,0.2643267463235294,0.0010480880737304,0.6162109375,1,0.6151628494262696
CHNCXR_0198_0,Shenzhen,0,1,background_lossy,30,0.7356732536764705,0.0010480880737304,0.0041160583496093,0,0.0030679702758789
CHNCXR_0198_0,Shenzhen,0,1,all_lossy,30,1.0,0.0010480880737304,0.44921875,0,0.4481706619262696
CHNCXR_0198_0,Shenzhen,0,1,lungs_lossy,50,0.2643267463235294,0.0010480880737304,0.00323486328125,0,0.0021867752075195998
CHNCXR_0198_0,Shenzhen,0,1,background_lossy,50,0.7356732536764705,0.0010480880737304,0.0007643699645996,0,0.00028371810913079996
CHNCXR_0198_0,Shenzhen,0,1,all_lossy,50,1.0,0.0010480880737304,0.0015544891357421,0,0.0005064010620116999
CHNCXR_0198_0,Shenzhen,0,1,lungs_lossy,70,0.2643267463235294,0.0010480880737304,0.0028896331787109,0,0.0018415451049805002
CHNCXR_0198_0,Shenzhen,0,1,background_lossy,70,0.7356732536764705,0.0010480880737304,0.00083589553833,0,0.00021219253540040006
CHNCXR_0198_0,Shenzhen,0,1,all_lossy,70,1.0,0.0010480880737304,0.0020198822021484,0,0.0009717941284180002
CHNCXR_0199_0,Shenzhen,0,3,lungs_lossy,10,0.3231198745029821,0.0013723373413085,0.0069847106933593,0,0.0056123733520508
CHNCXR_0199_0,Shenzhen,0,3,background_lossy,10,0.6768801254970178,0.0013723373413085,0.0004916191101074,0,0.0008807182312011001
CHNCXR_0199_0,Shenzhen,0,3,all_lossy,10,1.0,0.0013723373413085,0.09185791015625,0,0.0904855728149415
CHNCXR_0199_0,Shenzhen,0,3,lungs_lossy,30,0.3231198745029821,0.0013723373413085,0.0041351318359375,0,0.002762794494629
CHNCXR_0199_0,Shenzhen,0,3,background_lossy,30,0.6768801254970178,0.0013723373413085,0.0002572536468505,0,0.001115083694458
CHNCXR_0199_0,Shenzhen,0,3,all_lossy,30,1.0,0.0013723373413085,0.001530647277832,0,0.00015830993652349995
CHNCXR_0199_0,Shenzhen,0,3,lungs_lossy,50,0.3231198745029821,0.0013723373413085,0.0019798278808593,0,0.0006074905395507999
CHNCXR_0199_0,Shenzhen,0,3,background_lossy,50,0.6768801254970178,0.0013723373413085,0.0006384849548339,0,0.0007338523864746
CHNCXR_0199_0,Shenzhen,0,3,all_lossy,50,1.0,0.0013723373413085,0.0010814666748046,0,0.0002908706665039002
CHNCXR_0199_0,Shenzhen,0,3,lungs_lossy,70,0.3231198745029821,0.0013723373413085,0.0015792846679687,0,0.00020694732666019983
CHNCXR_0199_0,Shenzhen,0,3,background_lossy,70,0.6768801254970178,0.0013723373413085,0.0012063980102539,0,0.0001659393310546001
CHNCXR_0199_0,Shenzhen,0,3,all_lossy,70,1.0,0.0013723373413085,0.0013990402221679,0,2.6702880859399937e-05
CHNCXR_0200_0,Shenzhen,0,2,lungs_lossy,10,0.2580036081213307,0.0073165893554687,0.9462890625,1,0.9389724731445312
CHNCXR_0200_0,Shenzhen,0,2,background_lossy,10,0.7419963918786693,0.0073165893554687,0.4150390625,0,0.4077224731445313
CHNCXR_0200_0,Shenzhen,0,2,all_lossy,10,1.0,0.0073165893554687,0.98681640625,1,0.9794998168945312
CHNCXR_0200_0,Shenzhen,0,2,lungs_lossy,30,0.2580036081213307,0.0073165893554687,0.85205078125,1,0.8447341918945312
CHNCXR_0200_0,Shenzhen,0,2,background_lossy,30,0.7419963918786693,0.0073165893554687,0.042022705078125,0,0.0347061157226563
CHNCXR_0200_0,Shenzhen,0,2,all_lossy,30,1.0,0.0073165893554687,0.87158203125,1,0.8642654418945312
CHNCXR_0200_0,Shenzhen,0,2,lungs_lossy,50,0.2580036081213307,0.0073165893554687,0.0054283142089843,0,0.0018882751464843993
CHNCXR_0200_0,Shenzhen,0,2,background_lossy,50,0.7419963918786693,0.0073165893554687,0.0211639404296875,0,0.0138473510742188
CHNCXR_0200_0,Shenzhen,0,2,all_lossy,50,1.0,0.0073165893554687,0.0109024047851562,0,0.0035858154296875
CHNCXR_0200_0,Shenzhen,0,2,lungs_lossy,70,0.2580036081213307,0.0073165893554687,0.0055999755859375,0,0.0017166137695311997
CHNCXR_0200_0,Shenzhen,0,2,background_lossy,70,0.7419963918786693,0.0073165893554687,0.0134811401367187,0,0.00616455078125
CHNCXR_0200_0,Shenzhen,0,2,all_lossy,70,1.0,0.0073165893554687,0.01129150390625,0,0.0039749145507813
CHNCXR_0201_0,Shenzhen,0,1,lungs_lossy,10,0.1918253260334645,0.0013942718505859,0.023193359375,0,0.0217990875244141
CHNCXR_0201_0,Shenzhen,0,1,background_lossy,10,0.8081746739665354,0.0013942718505859,0.0567626953125,0,0.0553684234619141
CHNCXR_0201_0,Shenzhen,0,1,all_lossy,10,1.0,0.0013942718505859,0.8115234375,1,0.8101291656494141
CHNCXR_0201_0,Shenzhen,0,1,lungs_lossy,30,0.1918253260334645,0.0013942718505859,0.036773681640625,0,0.0353794097900391
CHNCXR_0201_0,Shenzhen,0,1,background_lossy,30,0.8081746739665354,0.0013942718505859,0.03240966796875,0,0.0310153961181641
CHNCXR_0201_0,Shenzhen,0,1,all_lossy,30,1.0,0.0013942718505859,0.343994140625,0,0.3425998687744141
CHNCXR_0201_0,Shenzhen,0,1,lungs_lossy,50,0.1918253260334645,0.0013942718505859,0.0099716186523437,0,0.0085773468017578
CHNCXR_0201_0,Shenzhen,0,1,background_lossy,50,0.8081746739665354,0.0013942718505859,0.0082550048828125,0,0.0068607330322266
CHNCXR_0201_0,Shenzhen,0,1,all_lossy,50,1.0,0.0013942718505859,0.06939697265625,0,0.0680027008056641
CHNCXR_0201_0,Shenzhen,0,1,lungs_lossy,70,0.1918253260334645,0.0013942718505859,0.0010366439819335,0,0.0003576278686523999
CHNCXR_0201_0,Shenzhen,0,1,background_lossy,70,0.8081746739665354,0.0013942718505859,0.0020103454589843,0,0.0006160736083984
CHNCXR_0201_0,Shenzhen,0,1,all_lossy,70,1.0,0.0013942718505859,0.0014839172363281,0,8.964538574220008e-05
CHNCXR_0202_0,Shenzhen,0,0,lungs_lossy,10,0.1708212209302325,0.0019721984863281,0.0027141571044921,0,0.000741958618164
CHNCXR_0202_0,Shenzhen,0,0,background_lossy,10,0.8291787790697674,0.0019721984863281,0.001382827758789,0,0.0005893707275390998
CHNCXR_0202_0,Shenzhen,0,0,all_lossy,10,1.0,0.0019721984863281,0.0235595703125,0,0.0215873718261719
CHNCXR_0202_0,Shenzhen,0,0,lungs_lossy,30,0.1708212209302325,0.0019721984863281,0.0060958862304687,0,0.0041236877441406
CHNCXR_0202_0,Shenzhen,0,0,background_lossy,30,0.8291787790697674,0.0019721984863281,0.0048484802246093,0,0.0028762817382812006
CHNCXR_0202_0,Shenzhen,0,0,all_lossy,30,1.0,0.0019721984863281,0.0242767333984375,0,0.0223045349121094
CHNCXR_0202_0,Shenzhen,0,0,lungs_lossy,50,0.1708212209302325,0.0019721984863281,0.0037364959716796,0,0.0017642974853515
CHNCXR_0202_0,Shenzhen,0,0,background_lossy,50,0.8291787790697674,0.0019721984863281,0.0019798278808593,0,7.629394531200127e-06
CHNCXR_0202_0,Shenzhen,0,0,all_lossy,50,1.0,0.0019721984863281,0.005279541015625,0,0.0033073425292969
CHNCXR_0202_0,Shenzhen,0,0,lungs_lossy,70,0.1708212209302325,0.0019721984863281,0.001810073852539,0,0.0001621246337890998
CHNCXR_0202_0,Shenzhen,0,0,background_lossy,70,0.8291787790697674,0.0019721984863281,0.0040855407714843,0,0.0021133422851562006
CHNCXR_0202_0,Shenzhen,0,0,all_lossy,70,1.0,0.0019721984863281,0.0035934448242187,0,0.0016212463378906003
CHNCXR_0203_0,Shenzhen,0,1,lungs_lossy,10,0.2232639738258317,2.6702880859375e-05,0.08038330078125,0,0.08035659790039062
CHNCXR_0203_0,Shenzhen,0,1,background_lossy,10,0.7767360261741683,2.6702880859375e-05,0.0010690689086914,0,0.001042366027832025
CHNCXR_0203_0,Shenzhen,0,1,all_lossy,10,1.0,2.6702880859375e-05,0.58056640625,1,0.5805397033691406
CHNCXR_0203_0,Shenzhen,0,1,lungs_lossy,30,0.2232639738258317,2.6702880859375e-05,0.02947998046875,0,0.029453277587890625
CHNCXR_0203_0,Shenzhen,0,1,background_lossy,30,0.7767360261741683,2.6702880859375e-05,0.0001956224441528,0,0.000168919563293425
CHNCXR_0203_0,Shenzhen,0,1,all_lossy,30,1.0,2.6702880859375e-05,0.08990478515625,0,0.08987808227539062
CHNCXR_0203_0,Shenzhen,0,1,lungs_lossy,50,0.2232639738258317,2.6702880859375e-05,7.784366607666016e-05,0,5.1140785217285156e-05
CHNCXR_0203_0,Shenzhen,0,1,background_lossy,50,0.7767360261741683,2.6702880859375e-05,2.4139881134033203e-05,0,2.562999725341797e-06
CHNCXR_0203_0,Shenzhen,0,1,all_lossy,50,1.0,2.6702880859375e-05,7.086992263793945e-05,0,4.416704177856445e-05
CHNCXR_0203_0,Shenzhen,0,1,lungs_lossy,70,0.2232639738258317,2.6702880859375e-05,2.568960189819336e-05,0,1.0132789611816406e-06
CHNCXR_0203_0,Shenzhen,0,1,background_lossy,70,0.7767360261741683,2.6702880859375e-05,1.4841556549072266e-05,0,1.1861324310302734e-05
CHNCXR_0203_0,Shenzhen,0,1,all_lossy,70,1.0,2.6702880859375e-05,1.519918441772461e-05,0,1.150369644165039e-05
CHNCXR_0204_0,Shenzhen,0,3,lungs_lossy,10,0.2816398605675146,0.02337646484375,0.0081253051757812,0,0.0152511596679688
CHNCXR_0204_0,Shenzhen,0,3,background_lossy,10,0.7183601394324853,0.02337646484375,0.007232666015625,0,0.016143798828125
CHNCXR_0204_0,Shenzhen,0,3,all_lossy,10,1.0,0.02337646484375,0.0061225891113281,0,0.0172538757324219
CHNCXR_0204_0,Shenzhen,0,3,lungs_lossy,30,0.2816398605675146,0.02337646484375,0.0867919921875,0,0.06341552734375
CHNCXR_0204_0,Shenzhen,0,3,background_lossy,30,0.7183601394324853,0.02337646484375,0.0109481811523437,0,0.0124282836914063
CHNCXR_0204_0,Shenzhen,0,3,all_lossy,30,1.0,0.02337646484375,0.0289306640625,0,0.00555419921875
CHNCXR_0204_0,Shenzhen,0,3,lungs_lossy,50,0.2816398605675146,0.02337646484375,0.0160980224609375,0,0.0072784423828125
CHNCXR_0204_0,Shenzhen,0,3,background_lossy,50,0.7183601394324853,0.02337646484375,0.016845703125,0,0.00653076171875
CHNCXR_0204_0,Shenzhen,0,3,all_lossy,50,1.0,0.02337646484375,0.011688232421875,0,0.011688232421875
CHNCXR_0204_0,Shenzhen,0,3,lungs_lossy,70,0.2816398605675146,0.02337646484375,0.0209197998046875,0,0.0024566650390625
CHNCXR_0204_0,Shenzhen,0,3,background_lossy,70,0.7183601394324853,0.02337646484375,0.0173797607421875,0,0.0059967041015625
CHNCXR_0204_0,Shenzhen,0,3,all_lossy,70,1.0,0.02337646484375,0.015960693359375,0,0.007415771484375
CHNCXR_0205_0,Shenzhen,0,2,lungs_lossy,10,0.1264619430693069,0.5791015625,0.48876953125,1,0.09033203125
CHNCXR_0205_0,Shenzhen,0,2,background_lossy,10,0.8735380569306931,0.5791015625,0.52001953125,0,0.05908203125
CHNCXR_0205_0,Shenzhen,0,2,all_lossy,10,1.0,0.5791015625,0.8486328125,0,0.26953125
CHNCXR_0205_0,Shenzhen,0,2,lungs_lossy,30,0.1264619430693069,0.5791015625,0.59228515625,0,0.01318359375
CHNCXR_0205_0,Shenzhen,0,2,background_lossy,30,0.8735380569306931,0.5791015625,0.6982421875,0,0.119140625
CHNCXR_0205_0,Shenzhen,0,2,all_lossy,30,1.0,0.5791015625,0.63330078125,0,0.05419921875
CHNCXR_0205_0,Shenzhen,0,2,lungs_lossy,50,0.1264619430693069,0.5791015625,0.58154296875,0,0.00244140625
CHNCXR_0205_0,Shenzhen,0,2,background_lossy,50,0.8735380569306931,0.5791015625,0.6064453125,0,0.02734375
CHNCXR_0205_0,Shenzhen,0,2,all_lossy,50,1.0,0.5791015625,0.493896484375,1,0.085205078125
CHNCXR_0205_0,Shenzhen,0,2,lungs_lossy,70,0.1264619430693069,0.5791015625,0.4482421875,1,0.130859375
CHNCXR_0205_0,Shenzhen,0,2,background_lossy,70,0.8735380569306931,0.5791015625,0.45361328125,1,0.12548828125
CHNCXR_0205_0,Shenzhen,0,2,all_lossy,70,1.0,0.5791015625,0.33349609375,1,0.24560546875
CHNCXR_0206_0,Shenzhen,0,0,lungs_lossy,10,0.1756995112885462,0.02655029296875,0.128662109375,0,0.10211181640625
CHNCXR_0206_0,Shenzhen,0,0,background_lossy,10,0.8243004887114538,0.02655029296875,0.0053024291992187,0,0.0212478637695313
CHNCXR_0206_0,Shenzhen,0,0,all_lossy,10,1.0,0.02655029296875,0.88427734375,1,0.85772705078125
CHNCXR_0206_0,Shenzhen,0,0,lungs_lossy,30,0.1756995112885462,0.02655029296875,0.91943359375,1,0.89288330078125
CHNCXR_0206_0,Shenzhen,0,0,background_lossy,30,0.8243004887114538,0.02655029296875,0.0100936889648437,0,0.0164566040039063
CHNCXR_0206_0,Shenzhen,0,0,all_lossy,30,1.0,0.02655029296875,0.66162109375,1,0.63507080078125
CHNCXR_0206_0,Shenzhen,0,0,lungs_lossy,50,0.1756995112885462,0.02655029296875,0.255859375,0,0.22930908203125
CHNCXR_0206_0,Shenzhen,0,0,background_lossy,50,0.8243004887114538,0.02655029296875,0.0123825073242187,0,0.0141677856445313
CHNCXR_0206_0,Shenzhen,0,0,all_lossy,50,1.0,0.02655029296875,0.1790771484375,0,0.15252685546875
CHNCXR_0206_0,Shenzhen,0,0,lungs_lossy,70,0.1756995112885462,0.02655029296875,0.052032470703125,0,0.025482177734375
CHNCXR_0206_0,Shenzhen,0,0,background_lossy,70,0.8243004887114538,0.02655029296875,0.040313720703125,0,0.013763427734375
CHNCXR_0206_0,Shenzhen,0,0,all_lossy,70,1.0,0.02655029296875,0.077392578125,0,0.05084228515625
CHNCXR_0207_0,Shenzhen,0,4,lungs_lossy,10,0.2030448913574218,0.00579833984375,0.07684326171875,0,0.071044921875
CHNCXR_0207_0,Shenzhen,0,4,background_lossy,10,0.7969551086425781,0.00579833984375,0.04046630859375,0,0.03466796875
CHNCXR_0207_0,Shenzhen,0,4,all_lossy,10,1.0,0.00579833984375,0.2073974609375,0,0.20159912109375
CHNCXR_0207_0,Shenzhen,0,4,lungs_lossy,30,0.2030448913574218,0.00579833984375,0.0970458984375,0,0.09124755859375
CHNCXR_0207_0,Shenzhen,0,4,background_lossy,30,0.7969551086425781,0.00579833984375,0.0141754150390625,0,0.0083770751953125
CHNCXR_0207_0,Shenzhen,0,4,all_lossy,30,1.0,0.00579833984375,0.132568359375,0,0.12677001953125
CHNCXR_0207_0,Shenzhen,0,4,lungs_lossy,50,0.2030448913574218,0.00579833984375,0.0101699829101562,0,0.0043716430664062
CHNCXR_0207_0,Shenzhen,0,4,background_lossy,50,0.7969551086425781,0.00579833984375,0.0090560913085937,0,0.0032577514648436997
CHNCXR_0207_0,Shenzhen,0,4,all_lossy,50,1.0,0.00579833984375,0.0139007568359375,0,0.0081024169921875
CHNCXR_0207_0,Shenzhen,0,4,lungs_lossy,70,0.2030448913574218,0.00579833984375,0.0058212280273437,0,2.2888183593699693e-05
CHNCXR_0207_0,Shenzhen,0,4,background_lossy,70,0.7969551086425781,0.00579833984375,0.0072593688964843,0,0.0014610290527343004
CHNCXR_0207_0,Shenzhen,0,4,all_lossy,70,1.0,0.00579833984375,0.0074882507324218,0,0.0016899108886718004
CHNCXR_0208_0,Shenzhen,0,2,lungs_lossy,10,0.3622881355932203,0.998046875,0.99951171875,0,0.00146484375
CHNCXR_0208_0,Shenzhen,0,2,background_lossy,10,0.6377118644067796,0.998046875,0.99462890625,0,0.00341796875
CHNCXR_0208_0,Shenzhen,0,2,all_lossy,10,1.0,0.998046875,1.0,0,0.001953125
CHNCXR_0208_0,Shenzhen,0,2,lungs_lossy,30,0.3622881355932203,0.998046875,1.0,0,0.001953125
CHNCXR_0208_0,Shenzhen,0,2,background_lossy,30,0.6377118644067796,0.998046875,0.99853515625,0,0.00048828125
CHNCXR_0208_0,Shenzhen,0,2,all_lossy,30,1.0,0.998046875,1.0,0,0.001953125
CHNCXR_0208_0,Shenzhen,0,2,lungs_lossy,50,0.3622881355932203,0.998046875,0.9990234375,0,0.0009765625
CHNCXR_0208_0,Shenzhen,0,2,background_lossy,50,0.6377118644067796,0.998046875,0.99951171875,0,0.00146484375
CHNCXR_0208_0,Shenzhen,0,2,all_lossy,50,1.0,0.998046875,0.99951171875,0,0.00146484375
CHNCXR_0208_0,Shenzhen,0,2,lungs_lossy,70,0.3622881355932203,0.998046875,0.998046875,0,0.0
CHNCXR_0208_0,Shenzhen,0,2,background_lossy,70,0.6377118644067796,0.998046875,0.9990234375,0,0.0009765625
CHNCXR_0208_0,Shenzhen,0,2,all_lossy,70,1.0,0.998046875,0.9990234375,0,0.0009765625
CHNCXR_0209_0,Shenzhen,0,3,lungs_lossy,10,0.2107766544117647,3.147125244140625e-05,0.017242431640625,0,0.017210960388183594
CHNCXR_0209_0,Shenzhen,0,3,background_lossy,10,0.7892233455882353,3.147125244140625e-05,0.0007238388061523,0,0.0006923675537108937
CHNCXR_0209_0,Shenzhen,0,3,all_lossy,10,1.0,3.147125244140625e-05,0.09320068359375,0,0.0931692123413086
CHNCXR_0209_0,Shenzhen,0,3,lungs_lossy,30,0.2107766544117647,3.147125244140625e-05,0.0128707885742187,0,0.012839317321777293
CHNCXR_0209_0,Shenzhen,0,3,background_lossy,30,0.7892233455882353,3.147125244140625e-05,3.790855407714844e-05,0,6.4373016357421875e-06
CHNCXR_0209_0,Shenzhen,0,3,all_lossy,30,1.0,3.147125244140625e-05,0.0027790069580078,0,0.0027475357055663937
CHNCXR_0209_0,Shenzhen,0,3,lungs_lossy,50,0.2107766544117647,3.147125244140625e-05,5.3048133850097656e-05,0,2.1576881408691406e-05
CHNCXR_0209_0,Shenzhen,0,3,background_lossy,50,0.7892233455882353,3.147125244140625e-05,2.646446228027344e-05,0,5.006790161132809e-06
CHNCXR_0209_0,Shenzhen,0,3,all_lossy,50,1.0,3.147125244140625e-05,3.850460052490234e-05,0,7.033348083496087e-06
CHNCXR_0209_0,Shenzhen,0,3,lungs_lossy,70,0.2107766544117647,3.147125244140625e-05,3.534555435180664e-05,0,3.874301910400391e-06
CHNCXR_0209_0,Shenzhen,0,3,background_lossy,70,0.7892233455882353,3.147125244140625e-05,3.069639205932617e-05,0,7.748603820800781e-07
CHNCXR_0209_0,Shenzhen,0,3,all_lossy,70,1.0,3.147125244140625e-05,3.510713577270508e-05,0,3.635883331298828e-06
CHNCXR_0210_0,Shenzhen,0,0,lungs_lossy,10,0.2450485229492187,0.0021991729736328,0.89306640625,1,0.8908672332763672
CHNCXR_0210_0,Shenzhen,0,0,background_lossy,10,0.7549514770507812,0.0021991729736328,0.0042648315429687,0,0.0020656585693358998
CHNCXR_0210_0,Shenzhen,0,0,all_lossy,10,1.0,0.0021991729736328,0.93017578125,1,0.9279766082763672
CHNCXR_0210_0,Shenzhen,0,0,lungs_lossy,30,0.2450485229492187,0.0021991729736328,0.013427734375,0,0.0112285614013672
CHNCXR_0210_0,Shenzhen,0,0,background_lossy,30,0.7549514770507812,0.0021991729736328,0.0002801418304443,0,0.0019190311431885
CHNCXR_0210_0,Shenzhen,0,0,all_lossy,30,1.0,0.0021991729736328,0.0016937255859375,0,0.0005054473876952999
CHNCXR_0210_0,Shenzhen,0,0,lungs_lossy,50,0.2450485229492187,0.0021991729736328,0.0050010681152343,0,0.0028018951416015005
CHNCXR_0210_0,Shenzhen,0,0,background_lossy,50,0.7549514770507812,0.0021991729736328,0.0006437301635742,0,0.0015554428100585998
CHNCXR_0210_0,Shenzhen,0,0,all_lossy,50,1.0,0.0021991729736328,0.001591682434082,0,0.0006074905395507999
CHNCXR_0210_0,Shenzhen,0,0,lungs_lossy,70,0.2450485229492187,0.0021991729736328,0.0022258758544921,0,2.6702880859299973e-05
CHNCXR_0210_0,Shenzhen,0,0,background_lossy,70,0.7549514770507812,0.0021991729736328,0.0012845993041992,0,0.0009145736694335998
CHNCXR_0210_0,Shenzhen,0,0,all_lossy,70,1.0,0.0021991729736328,0.0013198852539062,0,0.0008792877197266
CHNCXR_0211_0,Shenzhen,0,4,lungs_lossy,10,0.2265433891878669,0.0071220397949218,0.203125,0,0.1960029602050782
CHNCXR_0211_0,Shenzhen,0,4,background_lossy,10,0.773456610812133,0.0071220397949218,0.037109375,0,0.0299873352050782
CHNCXR_0211_0,Shenzhen,0,4,all_lossy,10,1.0,0.0071220397949218,0.322265625,0,0.3151435852050782
CHNCXR_0211_0,Shenzhen,0,4,lungs_lossy,30,0.2265433891878669,0.0071220397949218,0.119384765625,0,0.1122627258300782
CHNCXR_0211_0,Shenzhen,0,4,background_lossy,30,0.773456610812133,0.0071220397949218,0.0165252685546875,0,0.0094032287597657
CHNCXR_0211_0,Shenzhen,0,4,all_lossy,30,1.0,0.0071220397949218,0.1900634765625,0,0.1829414367675782
CHNCXR_0211_0,Shenzhen,0,4,lungs_lossy,50,0.2265433891878669,0.0071220397949218,0.0134811401367187,0,0.006359100341796899
CHNCXR_0211_0,Shenzhen,0,4,background_lossy,50,0.773456610812133,0.0071220397949218,0.0109024047851562,0,0.0037803649902343993
CHNCXR_0211_0,Shenzhen,0,4,all_lossy,50,1.0,0.0071220397949218,0.022796630859375,0,0.0156745910644532
CHNCXR_0211_0,Shenzhen,0,4,lungs_lossy,70,0.2265433891878669,0.0071220397949218,0.0073738098144531,0,0.00025177001953129944
CHNCXR_0211_0,Shenzhen,0,4,background_lossy,70,0.773456610812133,0.0071220397949218,0.00885009765625,0,0.0017280578613281996
CHNCXR_0211_0,Shenzhen,0,4,all_lossy,70,1.0,0.0071220397949218,0.0091934204101562,0,0.0020713806152343993
CHNCXR_0212_0,Shenzhen,0,4,lungs_lossy,10,0.2633339926160337,0.017181396484375,0.196533203125,0,0.179351806640625
CHNCXR_0212_0,Shenzhen,0,4,background_lossy,10,0.7366660073839663,0.017181396484375,0.02056884765625,0,0.003387451171875
CHNCXR_0212_0,Shenzhen,0,4,all_lossy,10,1.0,0.017181396484375,0.187744140625,0,0.170562744140625
CHNCXR_0212_0,Shenzhen,0,4,lungs_lossy,30,0.2633339926160337,0.017181396484375,0.2188720703125,0,0.201690673828125
CHNCXR_0212_0,Shenzhen,0,4,background_lossy,30,0.7366660073839663,0.017181396484375,0.0169830322265625,0,0.0001983642578125
CHNCXR_0212_0,Shenzhen,0,4,all_lossy,30,1.0,0.017181396484375,0.2076416015625,0,0.190460205078125
CHNCXR_0212_0,Shenzhen,0,4,lungs_lossy,50,0.2633339926160337,0.017181396484375,0.040985107421875,0,0.0238037109375
CHNCXR_0212_0,Shenzhen,0,4,background_lossy,50,0.7366660073839663,0.017181396484375,0.02001953125,0,0.002838134765625
CHNCXR_0212_0,Shenzhen,0,4,all_lossy,50,1.0,0.017181396484375,0.051177978515625,0,0.03399658203125
CHNCXR_0212_0,Shenzhen,0,4,lungs_lossy,70,0.2633339926160337,0.017181396484375,0.021087646484375,0,0.00390625
CHNCXR_0212_0,Shenzhen,0,4,background_lossy,70,0.7366660073839663,0.017181396484375,0.0205230712890625,0,0.0033416748046875
CHNCXR_0212_0,Shenzhen,0,4,all_lossy,70,1.0,0.017181396484375,0.02606201171875,0,0.008880615234375
CHNCXR_0213_0,Shenzhen,0,4,lungs_lossy,10,0.214785389691235,0.06512451171875,0.35400390625,0,0.28887939453125
CHNCXR_0213_0,Shenzhen,0,4,background_lossy,10,0.7852146103087649,0.06512451171875,0.08270263671875,0,0.017578125
CHNCXR_0213_0,Shenzhen,0,4,all_lossy,10,1.0,0.06512451171875,0.2362060546875,0,0.17108154296875
CHNCXR_0213_0,Shenzhen,0,4,lungs_lossy,30,0.214785389691235,0.06512451171875,0.59130859375,1,0.52618408203125
CHNCXR_0213_0,Shenzhen,0,4,background_lossy,30,0.7852146103087649,0.06512451171875,0.07708740234375,0,0.011962890625
CHNCXR_0213_0,Shenzhen,0,4,all_lossy,30,1.0,0.06512451171875,0.52880859375,1,0.46368408203125
CHNCXR_0213_0,Shenzhen,0,4,lungs_lossy,50,0.214785389691235,0.06512451171875,0.2156982421875,0,0.15057373046875
CHNCXR_0213_0,Shenzhen,0,4,background_lossy,50,0.7852146103087649,0.06512451171875,0.07275390625,0,0.00762939453125
CHNCXR_0213_0,Shenzhen,0,4,all_lossy,50,1.0,0.06512451171875,0.2218017578125,0,0.15667724609375
CHNCXR_0213_0,Shenzhen,0,4,lungs_lossy,70,0.214785389691235,0.06512451171875,0.06866455078125,0,0.0035400390625
CHNCXR_0213_0,Shenzhen,0,4,background_lossy,70,0.7852146103087649,0.06512451171875,0.058013916015625,0,0.007110595703125
CHNCXR_0213_0,Shenzhen,0,4,all_lossy,70,1.0,0.06512451171875,0.063232421875,0,0.00189208984375
CHNCXR_0214_0,Shenzhen,0,1,lungs_lossy,10,0.3315639378834356,0.0060272216796875,0.4443359375,0,0.4383087158203125
CHNCXR_0214_0,Shenzhen,0,1,background_lossy,10,0.6684360621165644,0.0060272216796875,0.0011920928955078,0,0.0048351287841797
CHNCXR_0214_0,Shenzhen,0,1,all_lossy,10,1.0,0.0060272216796875,0.18603515625,0,0.1800079345703125
CHNCXR_0214_0,Shenzhen,0,1,lungs_lossy,30,0.3315639378834356,0.0060272216796875,0.491455078125,0,0.4854278564453125
CHNCXR_0214_0,Shenzhen,0,1,background_lossy,30,0.6684360621165644,0.0060272216796875,0.0012998580932617,0,0.0047273635864258
CHNCXR_0214_0,Shenzhen,0,1,all_lossy,30,1.0,0.0060272216796875,0.06719970703125,0,0.0611724853515625
CHNCXR_0214_0,Shenzhen,0,1,lungs_lossy,50,0.3315639378834356,0.0060272216796875,0.0269622802734375,0,0.02093505859375
CHNCXR_0214_0,Shenzhen,0,1,background_lossy,50,0.6684360621165644,0.0060272216796875,0.0023975372314453,0,0.0036296844482422
CHNCXR_0214_0,Shenzhen,0,1,all_lossy,50,1.0,0.0060272216796875,0.0113754272460937,0,0.0053482055664062
CHNCXR_0214_0,Shenzhen,0,1,lungs_lossy,70,0.3315639378834356,0.0060272216796875,0.0054893493652343,0,0.0005378723144531996
CHNCXR_0214_0,Shenzhen,0,1,background_lossy,70,0.6684360621165644,0.0060272216796875,0.0057296752929687,0,0.0002975463867188003
CHNCXR_0214_0,Shenzhen,0,1,all_lossy,70,1.0,0.0060272216796875,0.0058670043945312,0,0.0001602172851563003
CHNCXR_0215_0,Shenzhen,0,2,lungs_lossy,10,0.1482740911354581,9.995698928833008e-05,0.0341796875,0,0.03407973051071167
CHNCXR_0215_0,Shenzhen,0,2,background_lossy,10,0.8517259088645418,9.995698928833008e-05,0.0008296966552734,0,0.0007297396659850699
CHNCXR_0215_0,Shenzhen,0,2,all_lossy,10,1.0,9.995698928833008e-05,0.450439453125,0,0.45033949613571167
CHNCXR_0215_0,Shenzhen,0,2,lungs_lossy,30,0.1482740911354581,9.995698928833008e-05,0.040252685546875,0,0.04015272855758667
CHNCXR_0215_0,Shenzhen,0,2,background_lossy,30,0.8517259088645418,9.995698928833008e-05,0.0019950866699218,0,0.00189512968063347
CHNCXR_0215_0,Shenzhen,0,2,all_lossy,30,1.0,9.995698928833008e-05,0.1826171875,0,0.18251723051071167
CHNCXR_0215_0,Shenzhen,0,2,lungs_lossy,50,0.1482740911354581,9.995698928833008e-05,0.0012741088867187,0,0.0011741518974303698
CHNCXR_0215_0,Shenzhen,0,2,background_lossy,50,0.8517259088645418,9.995698928833008e-05,0.0002737045288085,0,0.00017374753952016994
CHNCXR_0215_0,Shenzhen,0,2,all_lossy,50,1.0,9.995698928833008e-05,0.0031108856201171,0,0.00301092863082877
CHNCXR_0215_0,Shenzhen,0,2,lungs_lossy,70,0.1482740911354581,9.995698928833008e-05,0.0001132488250732,0,1.329183578486992e-05
CHNCXR_0215_0,Shenzhen,0,2,background_lossy,70,0.8517259088645418,9.995698928833008e-05,0.0001971721649169,0,9.721517562856993e-05
CHNCXR_0215_0,Shenzhen,0,2,all_lossy,70,1.0,9.995698928833008e-05,0.0002491474151611,0,0.00014919042587276994
CHNCXR_0216_0,Shenzhen,0,4,lungs_lossy,10,0.2038345336914062,0.0028896331787109,0.140625,0,0.1377353668212891
CHNCXR_0216_0,Shenzhen,0,4,background_lossy,10,0.7961654663085938,0.0028896331787109,0.007965087890625,0,0.0050754547119141
CHNCXR_0216_0,Shenzhen,0,4,all_lossy,10,1.0,0.0028896331787109,0.2340087890625,0,0.2311191558837891
CHNCXR_0216_0,Shenzhen,0,4,lungs_lossy,30,0.2038345336914062,0.0028896331787109,0.0289306640625,0,0.0260410308837891
CHNCXR_0216_0,Shenzhen,0,4,background_lossy,30,0.7961654663085938,0.0028896331787109,0.0046272277832031,0,0.0017375946044921996
CHNCXR_0216_0,Shenzhen,0,4,all_lossy,30,1.0,0.0028896331787109,0.029083251953125,0,0.0261936187744141
CHNCXR_0216_0,Shenzhen,0,4,lungs_lossy,50,0.2038345336914062,0.0028896331787109,0.0066413879394531,0,0.0037517547607421996
CHNCXR_0216_0,Shenzhen,0,4,background_lossy,50,0.7961654663085938,0.0028896331787109,0.00323486328125,0,0.0003452301025390998
CHNCXR_0216_0,Shenzhen,0,4,all_lossy,50,1.0,0.0028896331787109,0.0063629150390625,0,0.0034732818603516
CHNCXR_0216_0,Shenzhen,0,4,lungs_lossy,70,0.2038345336914062,0.0028896331787109,0.0028553009033203,0,3.433227539060028e-05
CHNCXR_0216_0,Shenzhen,0,4,background_lossy,70,0.7961654663085938,0.0028896331787109,0.0031471252441406,0,0.00025749206542969964
CHNCXR_0216_0,Shenzhen,0,4,all_lossy,70,1.0,0.0028896331787109,0.0031356811523437,0,0.0002460479736327999
CHNCXR_0217_0,Shenzhen,0,3,lungs_lossy,10,0.2078699676938369,0.01177978515625,0.1026611328125,0,0.09088134765625
CHNCXR_0217_0,Shenzhen,0,3,background_lossy,10,0.7921300323061631,0.01177978515625,0.0182952880859375,0,0.0065155029296875
CHNCXR_0217_0,Shenzhen,0,3,all_lossy,10,1.0,0.01177978515625,0.281494140625,0,0.26971435546875
CHNCXR_0217_0,Shenzhen,0,3,lungs_lossy,30,0.2078699676938369,0.01177978515625,0.06658935546875,0,0.0548095703125
CHNCXR_0217_0,Shenzhen,0,3,background_lossy,30,0.7921300323061631,0.01177978515625,0.0063629150390625,0,0.0054168701171875
CHNCXR_0217_0,Shenzhen,0,3,all_lossy,30,1.0,0.01177978515625,0.0216217041015625,0,0.0098419189453125
CHNCXR_0217_0,Shenzhen,0,3,lungs_lossy,50,0.2078699676938369,0.01177978515625,0.026458740234375,0,0.014678955078125
CHNCXR_0217_0,Shenzhen,0,3,background_lossy,50,0.7921300323061631,0.01177978515625,0.0045394897460937,0,0.0072402954101563
CHNCXR_0217_0,Shenzhen,0,3,all_lossy,50,1.0,0.01177978515625,0.0092697143554687,0,0.0025100708007813003
CHNCXR_0217_0,Shenzhen,0,3,lungs_lossy,70,0.2078699676938369,0.01177978515625,0.0084762573242187,0,0.0033035278320313003
CHNCXR_0217_0,Shenzhen,0,3,background_lossy,70,0.7921300323061631,0.01177978515625,0.009124755859375,0,0.002655029296875
CHNCXR_0217_0,Shenzhen,0,3,all_lossy,70,1.0,0.01177978515625,0.006439208984375,0,0.005340576171875
CHNCXR_0218_0,Shenzhen,0,1,lungs_lossy,10,0.1540096507352941,1.4483928680419922e-05,0.0061454772949218,0,0.0061309933662413805
CHNCXR_0218_0,Shenzhen,0,1,background_lossy,10,0.8459903492647058,1.4483928680419922e-05,0.0322265625,0,0.03221207857131958
CHNCXR_0218_0,Shenzhen,0,1,all_lossy,10,1.0,1.4483928680419922e-05,0.8447265625,1,0.8447120785713196
CHNCXR_0218_0,Shenzhen,0,1,lungs_lossy,30,0.1540096507352941,1.4483928680419922e-05,0.0017824172973632,0,0.00176793336868278
CHNCXR_0218_0,Shenzhen,0,1,background_lossy,30,0.8459903492647058,1.4483928680419922e-05,0.000338077545166,0,0.0003235936164855801
CHNCXR_0218_0,Shenzhen,0,1,all_lossy,30,1.0,1.4483928680419922e-05,0.0117340087890625,0,0.01171952486038208
CHNCXR_0218_0,Shenzhen,0,1,lungs_lossy,50,0.1540096507352941,1.4483928680419922e-05,2.712011337280273e-05,0,1.2636184692382809e-05
CHNCXR_0218_0,Shenzhen,0,1,background_lossy,50,0.8459903492647058,1.4483928680419922e-05,1.9371509552001957e-05,0,4.887580871582035e-06
CHNCXR_0218_0,Shenzhen,0,1,all_lossy,50,1.0,1.4483928680419922e-05,2.819299697875977e-05,0,1.3709068298339847e-05
CHNCXR_0218_0,Shenzhen,0,1,lungs_lossy,70,0.1540096507352941,1.4483928680419922e-05,1.233816146850586e-05,0,2.1457672119140625e-06
CHNCXR_0218_0,Shenzhen,0,1,background_lossy,70,0.8459903492647058,1.4483928680419922e-05,2.062320709228516e-05,0,6.139278411865238e-06
CHNCXR_0218_0,Shenzhen,0,1,all_lossy,70,1.0,1.4483928680419922e-05,1.7344951629638672e-05,0,2.86102294921875e-06
CHNCXR_0219_0,Shenzhen,0,2,lungs_lossy,10,0.1916279354207436,0.0001488924026489,0.04876708984375,0,0.0486181974411011
CHNCXR_0219_0,Shenzhen,0,2,background_lossy,10,0.8083720645792564,0.0001488924026489,0.075439453125,0,0.0752905607223511
CHNCXR_0219_0,Shenzhen,0,2,all_lossy,10,1.0,0.0001488924026489,0.9541015625,1,0.9539526700973511
CHNCXR_0219_0,Shenzhen,0,2,lungs_lossy,30,0.1916279354207436,0.0001488924026489,0.0867919921875,0,0.0866430997848511
CHNCXR_0219_0,Shenzhen,0,2,background_lossy,30,0.8083720645792564,0.0001488924026489,0.03204345703125,0,0.0318945646286011
CHNCXR_0219_0,Shenzhen,0,2,all_lossy,30,1.0,0.0001488924026489,0.70556640625,1,0.7054175138473511
CHNCXR_0219_0,Shenzhen,0,2,lungs_lossy,50,0.1916279354207436,0.0001488924026489,0.0002913475036621,0,0.0001424551010132
CHNCXR_0219_0,Shenzhen,0,2,background_lossy,50,0.8083720645792564,0.0001488924026489,0.0005617141723632,0,0.00041282176971430007
CHNCXR_0219_0,Shenzhen,0,2,all_lossy,50,1.0,0.0001488924026489,0.0009183883666992,0,0.0007694959640503
CHNCXR_0219_0,Shenzhen,0,2,lungs_lossy,70,0.1916279354207436,0.0001488924026489,0.0001205205917358,0,2.8371810913100005e-05
CHNCXR_0219_0,Shenzhen,0,2,background_lossy,70,0.8083720645792564,0.0001488924026489,9.685754776000977e-05,0,5.203485488889024e-05
CHNCXR_0219_0,Shenzhen,0,2,all_lossy,70,1.0,0.0001488924026489,7.486343383789062e-05,0,7.402896881100938e-05
CHNCXR_0220_0,Shenzhen,0,1,lungs_lossy,10,0.399041123277559,0.92578125,0.97802734375,0,0.05224609375
CHNCXR_0220_0,Shenzhen,0,1,background_lossy,10,0.600958876722441,0.92578125,0.900390625,0,0.025390625
CHNCXR_0220_0,Shenzhen,0,1,all_lossy,10,1.0,0.92578125,0.6796875,0,0.24609375
CHNCXR_0220_0,Shenzhen,0,1,lungs_lossy,30,0.399041123277559,0.92578125,0.99560546875,0,0.06982421875
CHNCXR_0220_0,Shenzhen,0,1,background_lossy,30,0.600958876722441,0.92578125,0.951171875,0,0.025390625
CHNCXR_0220_0,Shenzhen,0,1,all_lossy,30,1.0,0.92578125,0.99267578125,0,0.06689453125
CHNCXR_0220_0,Shenzhen,0,1,lungs_lossy,50,0.399041123277559,0.92578125,0.962890625,0,0.037109375
CHNCXR_0220_0,Shenzhen,0,1,background_lossy,50,0.600958876722441,0.92578125,0.97509765625,0,0.04931640625
CHNCXR_0220_0,Shenzhen,0,1,all_lossy,50,1.0,0.92578125,0.98193359375,0,0.05615234375
CHNCXR_0220_0,Shenzhen,0,1,lungs_lossy,70,0.399041123277559,0.92578125,0.8984375,0,0.02734375
CHNCXR_0220_0,Shenzhen,0,1,background_lossy,70,0.600958876722441,0.92578125,0.9599609375,0,0.0341796875
CHNCXR_0220_0,Shenzhen,0,1,all_lossy,70,1.0,0.92578125,0.94482421875,0,0.01904296875
CHNCXR_0221_0,Shenzhen,0,0,lungs_lossy,10,0.287286107888631,0.0111618041992187,0.9990234375,1,0.9878616333007812
CHNCXR_0221_0,Shenzhen,0,0,background_lossy,10,0.7127138921113689,0.0111618041992187,0.0138473510742187,0,0.002685546875
CHNCXR_0221_0,Shenzhen,0,0,all_lossy,10,1.0,0.0111618041992187,0.998046875,1,0.9868850708007812
CHNCXR_0221_0,Shenzhen,0,0,lungs_lossy,30,0.287286107888631,0.0111618041992187,0.998046875,1,0.9868850708007812
CHNCXR_0221_0,Shenzhen,0,0,background_lossy,30,0.7127138921113689,0.0111618041992187,0.0019187927246093,0,0.0092430114746094
CHNCXR_0221_0,Shenzhen,0,0,all_lossy,30,1.0,0.0111618041992187,0.95751953125,1,0.9463577270507812
CHNCXR_0221_0,Shenzhen,0,0,lungs_lossy,50,0.287286107888631,0.0111618041992187,0.4638671875,0,0.4527053833007813
CHNCXR_0221_0,Shenzhen,0,0,background_lossy,50,0.7127138921113689,0.0111618041992187,0.0043983459472656,0,0.0067634582519531
CHNCXR_0221_0,Shenzhen,0,0,all_lossy,50,1.0,0.0111618041992187,0.166015625,0,0.1548538208007813
CHNCXR_0221_0,Shenzhen,0,0,lungs_lossy,70,0.287286107888631,0.0111618041992187,0.014007568359375,0,0.0028457641601563003
CHNCXR_0221_0,Shenzhen,0,0,background_lossy,70,0.7127138921113689,0.0111618041992187,0.0069847106933593,0,0.004177093505859399
CHNCXR_0221_0,Shenzhen,0,0,all_lossy,70,1.0,0.0111618041992187,0.0082855224609375,0,0.0028762817382811997
CHNCXR_0222_0,Shenzhen,0,3,lungs_lossy,10,0.2373008578431372,0.0001376867294311,0.0162811279296875,0,0.0161434412002564
CHNCXR_0222_0,Shenzhen,0,3,background_lossy,10,0.7626991421568627,0.0001376867294311,0.0007495880126953,0,0.0006119012832642001
CHNCXR_0222_0,Shenzhen,0,3,all_lossy,10,1.0,0.0001376867294311,0.204345703125,0,0.2042080163955689
CHNCXR_0222_0,Shenzhen,0,3,lungs_lossy,30,0.2373008578431372,0.0001376867294311,0.0020751953125,0,0.0019375085830689
CHNCXR_0222_0,Shenzhen,0,3,background_lossy,30,0.7626991421568627,0.0001376867294311,0.0002572536468505,0,0.00011956691741940001
CHNCXR_0222_0,Shenzhen,0,3,all_lossy,30,1.0,0.0001376867294311,0.0042152404785156,0,0.0040775537490844995
CHNCXR_0222_0,Shenzhen,0,3,lungs_lossy,50,0.2373008578431372,0.0001376867294311,0.0002217292785644,0,8.40425491333e-05
CHNCXR_0222_0,Shenzhen,0,3,background_lossy,50,0.7626991421568627,0.0001376867294311,7.086992263793945e-05,0,6.681680679316055e-05
CHNCXR_0222_0,Shenzhen,0,3,all_lossy,50,1.0,0.0001376867294311,0.0001465082168579,0,8.821487426799988e-06
CHNCXR_0222_0,Shenzhen,0,3,lungs_lossy,70,0.2373008578431372,0.0001376867294311,0.0001177191734313,0,1.99675559998e-05
CHNCXR_0222_0,Shenzhen,0,3,background_lossy,70,0.7626991421568627,0.0001376867294311,0.0001097321510314,0,2.79545783997e-05
CHNCXR_0222_0,Shenzhen,0,3,all_lossy,70,1.0,0.0001376867294311,9.244680404663086e-05,0,4.5239925384469145e-05
CHNCXR_0223_0,Shenzhen,0,0,lungs_lossy,10,0.1613234561752988,0.0006361007690429,0.73193359375,1,0.7312974929809571
CHNCXR_0223_0,Shenzhen,0,0,background_lossy,10,0.8386765438247012,0.0006361007690429,0.0038700103759765,0,0.0032339096069336
CHNCXR_0223_0,Shenzhen,0,0,all_lossy,10,1.0,0.0006361007690429,0.8359375,1,0.8353013992309571
CHNCXR_0223_0,Shenzhen,0,0,lungs_lossy,30,0.1613234561752988,0.0006361007690429,0.43115234375,0,0.4305162429809571
CHNCXR_0223_0,Shenzhen,0,0,background_lossy,30,0.8386765438247012,0.0006361007690429,0.0003101825714111,0,0.0003259181976318
CHNCXR_0223_0,Shenzhen,0,0,all_lossy,30,1.0,0.0006361007690429,0.053985595703125,0,0.0533494949340821
CHNCXR_0223_0,Shenzhen,0,0,lungs_lossy,50,0.1613234561752988,0.0006361007690429,0.0076675415039062,0,0.0070314407348632995
CHNCXR_0223_0,Shenzhen,0,0,background_lossy,50,0.8386765438247012,0.0006361007690429,0.0006566047668457,0,2.050399780279997e-05
CHNCXR_0223_0,Shenzhen,0,0,all_lossy,50,1.0,0.0006361007690429,0.0048103332519531,0,0.0041742324829102
CHNCXR_0223_0,Shenzhen,0,0,lungs_lossy,70,0.1613234561752988,0.0006361007690429,0.0008659362792968,0,0.00022983551025389996
CHNCXR_0223_0,Shenzhen,0,0,background_lossy,70,0.8386765438247012,0.0006361007690429,0.0012998580932617,0,0.0006637573242188001
CHNCXR_0223_0,Shenzhen,0,0,all_lossy,70,1.0,0.0006361007690429,0.0017004013061523,0,0.0010643005371094
CHNCXR_0224_0,Shenzhen,0,2,lungs_lossy,10,0.2291130514705882,0.0009326934814453,0.050323486328125,0,0.0493907928466797
CHNCXR_0224_0,Shenzhen,0,2,background_lossy,10,0.7708869485294118,0.0009326934814453,0.11029052734375,0,0.1093578338623047
CHNCXR_0224_0,Shenzhen,0,2,all_lossy,10,1.0,0.0009326934814453,0.986328125,1,0.9853954315185547
CHNCXR_0224_0,Shenzhen,0,2,lungs_lossy,30,0.2291130514705882,0.0009326934814453,0.08123779296875,0,0.0803050994873047
CHNCXR_0224_0,Shenzhen,0,2,background_lossy,30,0.7708869485294118,0.0009326934814453,0.052032470703125,0,0.0510997772216797
CHNCXR_0224_0,Shenzhen,0,2,all_lossy,30,1.0,0.0009326934814453,0.8681640625,1,0.8672313690185547
CHNCXR_0224_0,Shenzhen,0,2,lungs_lossy,50,0.2291130514705882,0.0009326934814453,0.0030269622802734,0,0.0020942687988281003
CHNCXR_0224_0,Shenzhen,0,2,background_lossy,50,0.7708869485294118,0.0009326934814453,0.0257568359375,0,0.0248241424560547
CHNCXR_0224_0,Shenzhen,0,2,all_lossy,50,1.0,0.0009326934814453,0.10504150390625,0,0.1041088104248047
CHNCXR_0224_0,Shenzhen,0,2,lungs_lossy,70,0.2291130514705882,0.0009326934814453,0.001713752746582,0,0.0007810592651367
CHNCXR_0224_0,Shenzhen,0,2,background_lossy,70,0.7708869485294118,0.0009326934814453,0.0023136138916015,0,0.0013809204101562001
CHNCXR_0224_0,Shenzhen,0,2,all_lossy,70,1.0,0.0009326934814453,0.0046272277832031,0,0.0036945343017578
CHNCXR_0225_0,Shenzhen,0,0,lungs_lossy,10,0.2749481201171875,3.850460052490234e-05,0.000889778137207,0,0.0008512735366820977
CHNCXR_0225_0,Shenzhen,0,0,background_lossy,10,0.7250518798828125,3.850460052490234e-05,8.887052536010742e-05,0,5.0365924835205085e-05
CHNCXR_0225_0,Shenzhen,0,0,all_lossy,10,1.0,3.850460052490234e-05,0.027374267578125,0,0.027335762977600098
CHNCXR_0225_0,Shenzhen,0,0,lungs_lossy,30,0.2749481201171875,3.850460052490234e-05,0.0192413330078125,0,0.019202828407287598
CHNCXR_0225_0,Shenzhen,0,0,background_lossy,30,0.7250518798828125,3.850460052490234e-05,2.1278858184814453e-05,0,1.7225742340087884e-05
CHNCXR_0225_0,Shenzhen,0,0,all_lossy,30,1.0,3.850460052490234e-05,0.0029354095458984,0,0.002896904945373498
CHNCXR_0225_0,Shenzhen,0,0,lungs_lossy,50,0.2749481201171875,3.850460052490234e-05,0.0001055598258972,0,6.705522537229768e-05
CHNCXR_0225_0,Shenzhen,0,0,background_lossy,50,0.7250518798828125,3.850460052490234e-05,1.6808509826660156e-05,0,2.169609069824218e-05
CHNCXR_0225_0,Shenzhen,0,0,all_lossy,50,1.0,3.850460052490234e-05,5.185604095458984e-05,0,1.33514404296875e-05
CHNCXR_0225_0,Shenzhen,0,0,lungs_lossy,70,0.2749481201171875,3.850460052490234e-05,2.688169479370117e-05,0,1.1622905731201168e-05
CHNCXR_0225_0,Shenzhen,0,0,background_lossy,70,0.7250518798828125,3.850460052490234e-05,2.86102294921875e-05,0,9.894371032714837e-06
CHNCXR_0225_0,Shenzhen,0,0,all_lossy,70,1.0,3.850460052490234e-05,2.0325183868408203e-05,0,1.8179416656494134e-05
CHNCXR_0226_0,Shenzhen,0,3,lungs_lossy,10,0.2042160034179687,8.547306060791016e-05,0.0005955696105957,0,0.0005100965499877898
CHNCXR_0226_0,Shenzhen,0,3,background_lossy,10,0.7957839965820312,8.547306060791016e-05,0.0014610290527343,0,0.0013755559921263898
CHNCXR_0226_0,Shenzhen,0,3,all_lossy,10,1.0,8.547306060791016e-05,0.0064125061035156,0,0.00632703304290769
CHNCXR_0226_0,Shenzhen,0,3,lungs_lossy,30,0.2042160034179687,8.547306060791016e-05,0.0032978057861328,0,0.0032123327255248898
CHNCXR_0226_0,Shenzhen,0,3,background_lossy,30,0.7957839965820312,8.547306060791016e-05,5.185604095458984e-05,0,3.361701965332032e-05
CHNCXR_0226_0,Shenzhen,0,3,all_lossy,30,1.0,8.547306060791016e-05,0.0006933212280273,0,0.0006078481674193898
CHNCXR_0226_0,Shenzhen,0,3,lungs_lossy,50,0.2042160034179687,8.547306060791016e-05,0.0001282691955566,0,4.279613494868984e-05
CHNCXR_0226_0,Shenzhen,0,3,background_lossy,50,0.7957839965820312,8.547306060791016e-05,6.157159805297852e-05,0,2.390146255493164e-05
CHNCXR_0226_0,Shenzhen,0,3,all_lossy,50,1.0,8.547306060791016e-05,0.0001088976860046,0,2.342462539668985e-05
CHNCXR_0226_0,Shenzhen,0,3,lungs_lossy,70,0.2042160034179687,8.547306060791016e-05,6.556510925292969e-05,0,1.990795135498047e-05
CHNCXR_0226_0,Shenzhen,0,3,background_lossy,70,0.7957839965820312,8.547306060791016e-05,6.711483001708984e-05,0,1.8358230590820312e-05
CHNCXR_0226_0,Shenzhen,0,3,all_lossy,70,1.0,8.547306060791016e-05,5.3882598876953125e-05,0,3.159046173095703e-05
CHNCXR_0227_0,Shenzhen,0,4,lungs_lossy,10,0.2634391784667969,0.061187744140625,0.72021484375,1,0.659027099609375
CHNCXR_0227_0,Shenzhen,0,4,background_lossy,10,0.7365608215332031,0.061187744140625,0.135498046875,0,0.074310302734375
CHNCXR_0227_0,Shenzhen,0,4,all_lossy,10,1.0,0.061187744140625,0.6455078125,1,0.584320068359375
CHNCXR_0227_0,Shenzhen,0,4,lungs_lossy,30,0.2634391784667969,0.061187744140625,0.54296875,1,0.481781005859375
CHNCXR_0227_0,Shenzhen,0,4,background_lossy,30,0.7365608215332031,0.061187744140625,0.048309326171875,0,0.01287841796875
CHNCXR_0227_0,Shenzhen,0,4,all_lossy,30,1.0,0.061187744140625,0.278076171875,0,0.216888427734375
CHNCXR_0227_0,Shenzhen,0,4,lungs_lossy,50,0.2634391784667969,0.061187744140625,0.1033935546875,0,0.042205810546875
CHNCXR_0227_0,Shenzhen,0,4,background_lossy,50,0.7365608215332031,0.061187744140625,0.043365478515625,0,0.017822265625
CHNCXR_0227_0,Shenzhen,0,4,all_lossy,50,1.0,0.061187744140625,0.07122802734375,0,0.010040283203125
CHNCXR_0227_0,Shenzhen,0,4,lungs_lossy,70,0.2634391784667969,0.061187744140625,0.049957275390625,0,0.01123046875
CHNCXR_0227_0,Shenzhen,0,4,background_lossy,70,0.7365608215332031,0.061187744140625,0.05059814453125,0,0.010589599609375
CHNCXR_0227_0,Shenzhen,0,4,all_lossy,70,1.0,0.061187744140625,0.0411376953125,0,0.020050048828125
CHNCXR_0228_0,Shenzhen,0,0,lungs_lossy,10,0.2520629392570281,0.429931640625,0.87353515625,1,0.443603515625
CHNCXR_0228_0,Shenzhen,0,0,background_lossy,10,0.7479370607429718,0.429931640625,0.3212890625,0,0.108642578125
CHNCXR_0228_0,Shenzhen,0,0,all_lossy,10,1.0,0.429931640625,0.99560546875,1,0.565673828125
CHNCXR_0228_0,Shenzhen,0,0,lungs_lossy,30,0.2520629392570281,0.429931640625,0.9990234375,1,0.569091796875
CHNCXR_0228_0,Shenzhen,0,0,background_lossy,30,0.7479370607429718,0.429931640625,0.25732421875,0,0.172607421875
CHNCXR_0228_0,Shenzhen,0,0,all_lossy,30,1.0,0.429931640625,0.99560546875,1,0.565673828125
CHNCXR_0228_0,Shenzhen,0,0,lungs_lossy,50,0.2520629392570281,0.429931640625,0.958984375,1,0.529052734375
CHNCXR_0228_0,Shenzhen,0,0,background_lossy,50,0.7479370607429718,0.429931640625,0.185302734375,0,0.24462890625
CHNCXR_0228_0,Shenzhen,0,0,all_lossy,50,1.0,0.429931640625,0.89599609375,1,0.466064453125
CHNCXR_0228_0,Shenzhen,0,0,lungs_lossy,70,0.2520629392570281,0.429931640625,0.6240234375,1,0.194091796875
CHNCXR_0228_0,Shenzhen,0,0,background_lossy,70,0.7479370607429718,0.429931640625,0.301025390625,0,0.12890625
CHNCXR_0228_0,Shenzhen,0,0,all_lossy,70,1.0,0.429931640625,0.513671875,1,0.083740234375
CHNCXR_0229_0,Shenzhen,0,4,lungs_lossy,10,0.1668964460784313,0.0019721984863281,0.05572509765625,0,0.0537528991699219
CHNCXR_0229_0,Shenzhen,0,4,background_lossy,10,0.8331035539215687,0.0019721984863281,0.0060272216796875,0,0.0040550231933594
CHNCXR_0229_0,Shenzhen,0,4,all_lossy,10,1.0,0.0019721984863281,0.1607666015625,0,0.1587944030761719
CHNCXR_0229_0,Shenzhen,0,4,lungs_lossy,30,0.1668964460784313,0.0019721984863281,0.017181396484375,0,0.0152091979980469
CHNCXR_0229_0,Shenzhen,0,4,background_lossy,30,0.8331035539215687,0.0019721984863281,0.0025310516357421,0,0.000558853149414
CHNCXR_0229_0,Shenzhen,0,4,all_lossy,30,1.0,0.0019721984863281,0.0136871337890625,0,0.0117149353027344
CHNCXR_0229_0,Shenzhen,0,4,lungs_lossy,50,0.1668964460784313,0.0019721984863281,0.0024623870849609,0,0.0004901885986328004
CHNCXR_0229_0,Shenzhen,0,4,background_lossy,50,0.8331035539215687,0.0019721984863281,0.0022602081298828,0,0.0002880096435547001
CHNCXR_0229_0,Shenzhen,0,4,all_lossy,50,1.0,0.0019721984863281,0.0028343200683593,0,0.0008621215820312001
CHNCXR_0229_0,Shenzhen,0,4,lungs_lossy,70,0.1668964460784313,0.0019721984863281,0.001774787902832,0,0.00019741058349609982
CHNCXR_0229_0,Shenzhen,0,4,background_lossy,70,0.8331035539215687,0.0019721984863281,0.0019645690917968,0,7.629394531299873e-06
CHNCXR_0229_0,Shenzhen,0,4,all_lossy,70,1.0,0.0019721984863281,0.0017414093017578,0,0.00023078918457029992
CHNCXR_0230_0,Shenzhen,0,3,lungs_lossy,10,0.1964438600782778,1.3828277587890623e-05,0.0008625984191894,0,0.0008487701416015094
CHNCXR_0230_0,Shenzhen,0,3,background_lossy,10,0.8035561399217221,1.3828277587890623e-05,0.000859260559082,0,0.0008454322814941094
CHNCXR_0230_0,Shenzhen,0,3,all_lossy,10,1.0,1.3828277587890623e-05,0.0143356323242187,0,0.014321804046630809
CHNCXR_0230_0,Shenzhen,0,3,lungs_lossy,30,0.1964438600782778,1.3828277587890623e-05,0.0002131462097167,0,0.00019931793212880938
CHNCXR_0230_0,Shenzhen,0,3,background_lossy,30,0.8035561399217221,1.3828277587890623e-05,7.31348991394043e-05,0,5.930662155151367e-05
CHNCXR_0230_0,Shenzhen,0,3,all_lossy,30,1.0,1.3828277587890623e-05,0.0005335807800292,0,0.0005197525024413093
CHNCXR_0230_0,Shenzhen,0,3,lungs_lossy,50,0.1964438600782778,1.3828277587890623e-05,1.1742115020751951e-05,0,2.086162567138672e-06
CHNCXR_0230_0,Shenzhen,0,3,background_lossy,50,0.8035561399217221,1.3828277587890623e-05,1.323223114013672e-05,0,5.960464477539029e-07
CHNCXR_0230_0,Shenzhen,0,3,all_lossy,50,1.0,1.3828277587890623e-05,1.1742115020751951e-05,0,2.086162567138672e-06
CHNCXR_0230_0,Shenzhen,0,3,lungs_lossy,70,0.1964438600782778,1.3828277587890623e-05,1.4066696166992188e-05,0,2.384185791015642e-07
CHNCXR_0230_0,Shenzhen,0,3,background_lossy,70,0.8035561399217221,1.3828277587890623e-05,9.059906005859377e-06,0,4.768371582031247e-06
CHNCXR_0230_0,Shenzhen,0,3,all_lossy,70,1.0,1.3828277587890623e-05,8.881092071533203e-06,0,4.94718551635742e-06
CHNCXR_0231_0,Shenzhen,0,4,lungs_lossy,10,0.2404445939334638,0.0011157989501953,0.0257568359375,0,0.0246410369873047
CHNCXR_0231_0,Shenzhen,0,4,background_lossy,10,0.7595554060665362,0.0011157989501953,0.0060501098632812,0,0.004934310913085899
CHNCXR_0231_0,Shenzhen,0,4,all_lossy,10,1.0,0.0011157989501953,0.1358642578125,0,0.1347484588623047
CHNCXR_0231_0,Shenzhen,0,4,lungs_lossy,30,0.2404445939334638,0.0011157989501953,0.01678466796875,0,0.0156688690185547
CHNCXR_0231_0,Shenzhen,0,4,background_lossy,30,0.7595554060665362,0.0011157989501953,0.0017547607421875,0,0.0006389617919922001
CHNCXR_0231_0,Shenzhen,0,4,all_lossy,30,1.0,0.0011157989501953,0.0248870849609375,0,0.0237712860107422
CHNCXR_0231_0,Shenzhen,0,4,lungs_lossy,50,0.2404445939334638,0.0011157989501953,0.0031242370605468,0,0.0020084381103515
CHNCXR_0231_0,Shenzhen,0,4,background_lossy,50,0.7595554060665362,0.0011157989501953,0.0014896392822265,0,0.0003738403320312001
CHNCXR_0231_0,Shenzhen,0,4,all_lossy,50,1.0,0.0011157989501953,0.0040550231933593,0,0.0029392242431640005
CHNCXR_0231_0,Shenzhen,0,4,lungs_lossy,70,0.2404445939334638,0.0011157989501953,0.0011558532714843,0,4.005432128900005e-05
CHNCXR_0231_0,Shenzhen,0,4,background_lossy,70,0.7595554060665362,0.0011157989501953,0.0013723373413085,0,0.00025653839111320015
CHNCXR_0231_0,Shenzhen,0,4,all_lossy,70,1.0,0.0011157989501953,0.0013942718505859,0,0.00027847290039060006
CHNCXR_0232_0,Shenzhen,0,0,lungs_lossy,10,0.1815947590508806,0.0056648254394531,0.65576171875,1,0.6500968933105469
CHNCXR_0232_0,Shenzhen,0,0,background_lossy,10,0.8184052409491194,0.0056648254394531,0.07763671875,0,0.0719718933105469
CHNCXR_0232_0,Shenzhen,0,0,all_lossy,10,1.0,0.0056648254394531,0.97412109375,1,0.9684562683105469
CHNCXR_0232_0,Shenzhen,0,0,lungs_lossy,30,0.1815947590508806,0.0056648254394531,0.8388671875,1,0.8332023620605469
CHNCXR_0232_0,Shenzhen,0,0,background_lossy,30,0.8184052409491194,0.0056648254394531,0.0034828186035156,0,0.0021820068359375
CHNCXR_0232_0,Shenzhen,0,0,all_lossy,30,1.0,0.0056648254394531,0.407470703125,0,0.4018058776855469
CHNCXR_0232_0,Shenzhen,0,0,lungs_lossy,50,0.1815947590508806,0.0056648254394531,0.0289764404296875,0,0.0233116149902344
CHNCXR_0232_0,Shenzhen,0,0,background_lossy,50,0.8184052409491194,0.0056648254394531,0.003854751586914,0,0.0018100738525390998
CHNCXR_0232_0,Shenzhen,0,0,all_lossy,50,1.0,0.0056648254394531,0.0182952880859375,0,0.0126304626464844
CHNCXR_0232_0,Shenzhen,0,0,lungs_lossy,70,0.1815947590508806,0.0056648254394531,0.0072593688964843,0,0.0015945434570312006
CHNCXR_0232_0,Shenzhen,0,0,background_lossy,70,0.8184052409491194,0.0056648254394531,0.0056877136230468,0,2.288818359370056e-05
CHNCXR_0232_0,Shenzhen,0,0,all_lossy,70,1.0,0.0056648254394531,0.0070114135742187,0,0.0013465881347655998
CHNCXR_0233_0,Shenzhen,0,4,lungs_lossy,10,0.2121786292330677,0.0138473510742187,0.277587890625,0,0.2637405395507813
CHNCXR_0233_0,Shenzhen,0,4,background_lossy,10,0.7878213707669323,0.0138473510742187,0.02838134765625,0,0.0145339965820313
CHNCXR_0233_0,Shenzhen,0,4,all_lossy,10,1.0,0.0138473510742187,0.3076171875,0,0.2937698364257813
CHNCXR_0233_0,Shenzhen,0,4,lungs_lossy,30,0.2121786292330677,0.0138473510742187,0.25732421875,0,0.2434768676757813
CHNCXR_0233_0,Shenzhen,0,4,background_lossy,30,0.7878213707669323,0.0138473510742187,0.02069091796875,0,0.0068435668945313
CHNCXR_0233_0,Shenzhen,0,4,all_lossy,30,1.0,0.0138473510742187,0.289794921875,0,0.2759475708007813
CHNCXR_0233_0,Shenzhen,0,4,lungs_lossy,50,0.2121786292330677,0.0138473510742187,0.04876708984375,0,0.0349197387695313
CHNCXR_0233_0,Shenzhen,0,4,background_lossy,50,0.7878213707669323,0.0138473510742187,0.0191192626953125,0,0.0052719116210938
CHNCXR_0233_0,Shenzhen,0,4,all_lossy,50,1.0,0.0138473510742187,0.06805419921875,0,0.0542068481445313
CHNCXR_0233_0,Shenzhen,0,4,lungs_lossy,70,0.2121786292330677,0.0138473510742187,0.0156707763671875,0,0.0018234252929688003
CHNCXR_0233_0,Shenzhen,0,4,background_lossy,70,0.7878213707669323,0.0138473510742187,0.0155410766601562,0,0.0016937255859375
CHNCXR_0233_0,Shenzhen,0,4,all_lossy,70,1.0,0.0138473510742187,0.0182952880859375,0,0.0044479370117188
CHNCXR_0234_0,Shenzhen,0,3,lungs_lossy,10,0.1768455505371093,0.0008168220520019,0.0206451416015625,0,0.0198283195495606
CHNCXR_0234_0,Shenzhen,0,3,background_lossy,10,0.8231544494628906,0.0008168220520019,0.0086441040039062,0,0.0078272819519043
CHNCXR_0234_0,Shenzhen,0,3,all_lossy,10,1.0,0.0008168220520019,0.1778564453125,0,0.1770396232604981
CHNCXR_0234_0,Shenzhen,0,3,lungs_lossy,30,0.1768455505371093,0.0008168220520019,0.0050621032714843,0,0.0042452812194824
CHNCXR_0234_0,Shenzhen,0,3,background_lossy,30,0.8231544494628906,0.0008168220520019,0.0019721984863281,0,0.0011553764343261998
CHNCXR_0234_0,Shenzhen,0,3,all_lossy,30,1.0,0.0008168220520019,0.0068244934082031,0,0.0060076713562012
CHNCXR_0234_0,Shenzhen,0,3,lungs_lossy,50,0.1768455505371093,0.0008168220520019,0.0012941360473632,0,0.00047731399536129994
CHNCXR_0234_0,Shenzhen,0,3,background_lossy,50,0.8231544494628906,0.0008168220520019,0.0005111694335937,0,0.0003056526184082
CHNCXR_0234_0,Shenzhen,0,3,all_lossy,50,1.0,0.0008168220520019,0.0007266998291015,0,9.012222290039995e-05
CHNCXR_0234_0,Shenzhen,0,3,lungs_lossy,70,0.1768455505371093,0.0008168220520019,0.0006513595581054,0,0.0001654624938965
CHNCXR_0234_0,Shenzhen,0,3,background_lossy,70,0.8231544494628906,0.0008168220520019,0.0006461143493652,0,0.0001707077026367
CHNCXR_0234_0,Shenzhen,0,3,all_lossy,70,1.0,0.0008168220520019,0.0005335807800292,0,0.00028324127197270005
CHNCXR_0235_0,Shenzhen,0,3,lungs_lossy,10,0.3664182079081632,0.5927734375,0.03253173828125,1,0.56024169921875
CHNCXR_0235_0,Shenzhen,0,3,background_lossy,10,0.6335817920918367,0.5927734375,0.103759765625,1,0.489013671875
CHNCXR_0235_0,Shenzhen,0,3,all_lossy,10,1.0,0.5927734375,0.041473388671875,1,0.551300048828125
CHNCXR_0235_0,Shenzhen,0,3,lungs_lossy,30,0.3664182079081632,0.5927734375,0.1453857421875,1,0.4473876953125
CHNCXR_0235_0,Shenzhen,0,3,background_lossy,30,0.6335817920918367,0.5927734375,0.06890869140625,1,0.52386474609375
CHNCXR_0235_0,Shenzhen,0,3,all_lossy,30,1.0,0.5927734375,0.0294189453125,1,0.5633544921875
CHNCXR_0235_0,Shenzhen,0,3,lungs_lossy,50,0.3664182079081632,0.5927734375,0.49072265625,1,0.10205078125
CHNCXR_0235_0,Shenzhen,0,3,background_lossy,50,0.6335817920918367,0.5927734375,0.305419921875,1,0.287353515625
CHNCXR_0235_0,Shenzhen,0,3,all_lossy,50,1.0,0.5927734375,0.25830078125,1,0.33447265625
CHNCXR_0235_0,Shenzhen,0,3,lungs_lossy,70,0.3664182079081632,0.5927734375,0.52978515625,0,0.06298828125
CHNCXR_0235_0,Shenzhen,0,3,background_lossy,70,0.6335817920918367,0.5927734375,0.457763671875,1,0.135009765625
CHNCXR_0235_0,Shenzhen,0,3,all_lossy,70,1.0,0.5927734375,0.398193359375,1,0.194580078125
CHNCXR_0236_0,Shenzhen,0,0,lungs_lossy,10,0.235155424154334,0.0013666152954101,0.018096923828125,0,0.0167303085327149
CHNCXR_0236_0,Shenzhen,0,0,background_lossy,10,0.7648445758456659,0.0013666152954101,0.0029468536376953,0,0.0015802383422851998
CHNCXR_0236_0,Shenzhen,0,0,all_lossy,10,1.0,0.0013666152954101,0.2034912109375,0,0.2021245956420899
CHNCXR_0236_0,Shenzhen,0,0,lungs_lossy,30,0.235155424154334,0.0013666152954101,0.2098388671875,0,0.2084722518920899
CHNCXR_0236_0,Shenzhen,0,0,background_lossy,30,0.7648445758456659,0.0013666152954101,0.0016355514526367,0,0.0002689361572266
CHNCXR_0236_0,Shenzhen,0,0,all_lossy,30,1.0,0.0013666152954101,0.1436767578125,0,0.1423101425170899
CHNCXR_0236_0,Shenzhen,0,0,lungs_lossy,50,0.235155424154334,0.0013666152954101,0.002359390258789,0,0.0009927749633789
CHNCXR_0236_0,Shenzhen,0,0,background_lossy,50,0.7648445758456659,0.0013666152954101,0.0005073547363281,0,0.0008592605590820001
CHNCXR_0236_0,Shenzhen,0,0,all_lossy,50,1.0,0.0013666152954101,0.0006880760192871,0,0.000678539276123
CHNCXR_0236_0,Shenzhen,0,0,lungs_lossy,70,0.235155424154334,0.0013666152954101,0.0010242462158203,0,0.00034236907958980017
CHNCXR_0236_0,Shenzhen,0,0,background_lossy,70,0.7648445758456659,0.0013666152954101,0.0012550354003906,0,0.00011157989501950002
CHNCXR_0236_0,Shenzhen,0,0,all_lossy,70,1.0,0.0013666152954101,0.0009255409240722,0,0.00044107437133790006
CHNCXR_0237_0,Shenzhen,0,1,lungs_lossy,10,0.2000335266966068,0.21435546875,0.60986328125,1,0.3955078125
CHNCXR_0237_0,Shenzhen,0,1,background_lossy,10,0.7999664733033932,0.21435546875,0.358154296875,0,0.143798828125
CHNCXR_0237_0,Shenzhen,0,1,all_lossy,10,1.0,0.21435546875,0.68798828125,1,0.4736328125
CHNCXR_0237_0,Shenzhen,0,1,lungs_lossy,30,0.2000335266966068,0.21435546875,0.97900390625,1,0.7646484375
CHNCXR_0237_0,Shenzhen,0,1,background_lossy,30,0.7999664733033932,0.21435546875,0.09967041015625,0,0.11468505859375
CHNCXR_0237_0,Shenzhen,0,1,all_lossy,30,1.0,0.21435546875,0.88720703125,1,0.6728515625
CHNCXR_0237_0,Shenzhen,0,1,lungs_lossy,50,0.2000335266966068,0.21435546875,0.5419921875,1,0.32763671875
CHNCXR_0237_0,Shenzhen,0,1,background_lossy,50,0.7999664733033932,0.21435546875,0.030731201171875,0,0.183624267578125
CHNCXR_0237_0,Shenzhen,0,1,all_lossy,50,1.0,0.21435546875,0.14111328125,0,0.0732421875
CHNCXR_0237_0,Shenzhen,0,1,lungs_lossy,70,0.2000335266966068,0.21435546875,0.224853515625,0,0.010498046875
CHNCXR_0237_0,Shenzhen,0,1,background_lossy,70,0.7999664733033932,0.21435546875,0.10540771484375,0,0.10894775390625
CHNCXR_0237_0,Shenzhen,0,1,all_lossy,70,1.0,0.21435546875,0.1055908203125,0,0.1087646484375
CHNCXR_0238_0,Shenzhen,0,0,lungs_lossy,10,0.2332007998511904,0.0003433227539062,0.80810546875,1,0.8077621459960938
CHNCXR_0238_0,Shenzhen,0,0,background_lossy,10,0.7667992001488095,0.0003433227539062,0.0008134841918945,0,0.0004701614379883
CHNCXR_0238_0,Shenzhen,0,0,all_lossy,10,1.0,0.0003433227539062,0.51904296875,1,0.5186996459960938
CHNCXR_0238_0,Shenzhen,0,0,lungs_lossy,30,0.2332007998511904,0.0003433227539062,0.84423828125,1,0.8438949584960938
CHNCXR_0238_0,Shenzhen,0,0,background_lossy,30,0.7667992001488095,0.0003433227539062,8.481740951538086e-05,0,0.00025850534439081916
CHNCXR_0238_0,Shenzhen,0,0,all_lossy,30,1.0,0.0003433227539062,0.058441162109375,0,0.0580978393554688
CHNCXR_0238_0,Shenzhen,0,0,lungs_lossy,50,0.2332007998511904,0.0003433227539062,0.0048484802246093,0,0.004505157470703101
CHNCXR_0238_0,Shenzhen,0,0,background_lossy,50,0.7667992001488095,0.0003433227539062,8.612871170043945e-05,0,0.00025719404220576057
CHNCXR_0238_0,Shenzhen,0,0,all_lossy,50,1.0,0.0003433227539062,0.0006313323974609,0,0.00028800964355469997
CHNCXR_0238_0,Shenzhen,0,0,lungs_lossy,70,0.2332007998511904,0.0003433227539062,0.0003354549407958,0,7.867813110400026e-06
CHNCXR_0238_0,Shenzhen,0,0,background_lossy,70,0.7667992001488095,0.0003433227539062,0.0002378225326538,0,0.00010550022125240002
CHNCXR_0238_0,Shenzhen,0,0,all_lossy,70,1.0,0.0003433227539062,0.0002397298812866,0,0.00010359287261960001
CHNCXR_0239_0,Shenzhen,0,3,lungs_lossy,10,0.2727953767123288,0.04083251953125,0.478271484375,0,0.43743896484375
CHNCXR_0239_0,Shenzhen,0,3,background_lossy,10,0.7272046232876712,0.04083251953125,0.171142578125,0,0.13031005859375
CHNCXR_0239_0,Shenzhen,0,3,all_lossy,10,1.0,0.04083251953125,0.8154296875,1,0.77459716796875
CHNCXR_0239_0,Shenzhen,0,3,lungs_lossy,30,0.2727953767123288,0.04083251953125,0.48291015625,0,0.44207763671875
CHNCXR_0239_0,Shenzhen,0,3,background_lossy,30,0.7272046232876712,0.04083251953125,0.0271148681640625,0,0.0137176513671875
CHNCXR_0239_0,Shenzhen,0,3,all_lossy,30,1.0,0.04083251953125,0.247802734375,0,0.20697021484375
CHNCXR_0239_0,Shenzhen,0,3,lungs_lossy,50,0.2727953767123288,0.04083251953125,0.1041259765625,0,0.06329345703125
CHNCXR_0239_0,Shenzhen,0,3,background_lossy,50,0.7272046232876712,0.04083251953125,0.033782958984375,0,0.007049560546875
CHNCXR_0239_0,Shenzhen,0,3,all_lossy,50,1.0,0.04083251953125,0.07171630859375,0,0.0308837890625
CHNCXR_0239_0,Shenzhen,0,3,lungs_lossy,70,0.2727953767123288,0.04083251953125,0.044769287109375,0,0.003936767578125
CHNCXR_0239_0,Shenzhen,0,3,background_lossy,70,0.7272046232876712,0.04083251953125,0.0496826171875,0,0.00885009765625
CHNCXR_0239_0,Shenzhen,0,3,all_lossy,70,1.0,0.04083251953125,0.053314208984375,0,0.012481689453125
CHNCXR_0240_0,Shenzhen,0,2,lungs_lossy,10,0.2354681384540117,1.150369644165039e-05,0.027374267578125,0,0.02736276388168335
CHNCXR_0240_0,Shenzhen,0,2,background_lossy,10,0.7645318615459883,1.150369644165039e-05,0.0012998580932617,0,0.0012883543968200497
CHNCXR_0240_0,Shenzhen,0,2,all_lossy,10,1.0,1.150369644165039e-05,0.6181640625,1,0.6181525588035583
CHNCXR_0240_0,Shenzhen,0,2,lungs_lossy,30,0.2354681384540117,1.150369644165039e-05,0.0026016235351562,0,0.0025901198387145497
CHNCXR_0240_0,Shenzhen,0,2,background_lossy,30,0.7645318615459883,1.150369644165039e-05,0.0008559226989746,0,0.0008444190025329497
CHNCXR_0240_0,Shenzhen,0,2,all_lossy,30,1.0,1.150369644165039e-05,0.19580078125,0,0.19578927755355835
CHNCXR_0240_0,Shenzhen,0,2,lungs_lossy,50,0.2354681384540117,1.150369644165039e-05,2.485513687133789e-05,0,1.33514404296875e-05
CHNCXR_0240_0,Shenzhen,0,2,background_lossy,50,0.7645318615459883,1.150369644165039e-05,4.947185516357422e-05,0,3.796815872192383e-05
CHNCXR_0240_0,Shenzhen,0,2,all_lossy,50,1.0,1.150369644165039e-05,9.608268737792967e-05,0,8.457899093627928e-05
CHNCXR_0240_0,Shenzhen,0,2,lungs_lossy,70,0.2354681384540117,1.150369644165039e-05,1.1146068572998049e-05,0,3.5762786865234206e-07
CHNCXR_0240_0,Shenzhen,0,2,background_lossy,70,0.7645318615459883,1.150369644165039e-05,1.5676021575927734e-05,0,4.172325134277344e-06
CHNCXR_0240_0,Shenzhen,0,2,all_lossy,70,1.0,1.150369644165039e-05,1.4841556549072266e-05,0,3.337860107421875e-06
CHNCXR_0241_0,Shenzhen,0,3,lungs_lossy,10,0.3769377460629921,0.002481460571289,0.017181396484375,0,0.014699935913086
CHNCXR_0241_0,Shenzhen,0,3,background_lossy,10,0.6230622539370079,0.002481460571289,0.0007824897766113,0,0.0016989707946777001
CHNCXR_0241_0,Shenzhen,0,3,all_lossy,10,1.0,0.002481460571289,0.0154876708984375,0,0.0130062103271485
CHNCXR_0241_0,Shenzhen,0,3,lungs_lossy,30,0.3769377460629921,0.002481460571289,0.034027099609375,0,0.031545639038086
CHNCXR_0241_0,Shenzhen,0,3,background_lossy,30,0.6230622539370079,0.002481460571289,0.0010690689086914,0,0.0014123916625976
CHNCXR_0241_0,Shenzhen,0,3,all_lossy,30,1.0,0.002481460571289,0.012969970703125,0,0.010488510131836
CHNCXR_0241_0,Shenzhen,0,3,lungs_lossy,50,0.3769377460629921,0.002481460571289,0.0057525634765625,0,0.0032711029052735
CHNCXR_0241_0,Shenzhen,0,3,background_lossy,50,0.6230622539370079,0.002481460571289,0.0011882781982421,0,0.0012931823730469002
CHNCXR_0241_0,Shenzhen,0,3,all_lossy,50,1.0,0.002481460571289,0.0022258758544921,0,0.00025558471679690015
CHNCXR_0241_0,Shenzhen,0,3,lungs_lossy,70,0.3769377460629921,0.002481460571289,0.0019340515136718,0,0.0005474090576172001
CHNCXR_0241_0,Shenzhen,0,3,background_lossy,70,0.6230622539370079,0.002481460571289,0.001530647277832,0,0.000950813293457
CHNCXR_0241_0,Shenzhen,0,3,all_lossy,70,1.0,0.002481460571289,0.0011510848999023,0,0.0013303756713867
CHNCXR_0242_0,Shenzhen,0,4,lungs_lossy,10,0.3749245744410569,0.06951904296875,0.417236328125,0,0.34771728515625
CHNCXR_0242_0,Shenzhen,0,4,background_lossy,10,0.625075425558943,0.06951904296875,0.10760498046875,0,0.0380859375
CHNCXR_0242_0,Shenzhen,0,4,all_lossy,10,1.0,0.06951904296875,0.258544921875,0,0.18902587890625
CHNCXR_0242_0,Shenzhen,0,4,lungs_lossy,30,0.3749245744410569,0.06951904296875,0.65576171875,1,0.58624267578125
CHNCXR_0242_0,Shenzhen,0,4,background_lossy,30,0.625075425558943,0.06951904296875,0.135498046875,0,0.06597900390625
CHNCXR_0242_0,Shenzhen,0,4,all_lossy,30,1.0,0.06951904296875,0.6845703125,1,0.61505126953125
CHNCXR_0242_0,Shenzhen,0,4,lungs_lossy,50,0.3749245744410569,0.06951904296875,0.1448974609375,0,0.07537841796875
CHNCXR_0242_0,Shenzhen,0,4,background_lossy,50,0.625075425558943,0.06951904296875,0.07781982421875,0,0.00830078125
CHNCXR_0242_0,Shenzhen,0,4,all_lossy,50,1.0,0.06951904296875,0.1490478515625,0,0.07952880859375
CHNCXR_0242_0,Shenzhen,0,4,lungs_lossy,70,0.3749245744410569,0.06951904296875,0.09222412109375,0,0.022705078125
CHNCXR_0242_0,Shenzhen,0,4,background_lossy,70,0.625075425558943,0.06951904296875,0.07183837890625,0,0.0023193359375
CHNCXR_0242_0,Shenzhen,0,4,all_lossy,70,1.0,0.06951904296875,0.09185791015625,0,0.0223388671875
CHNCXR_0243_0,Shenzhen,0,3,lungs_lossy,10,0.2753984063745019,0.0003225803375244,0.0008459091186523,0,0.0005233287811279
CHNCXR_0243_0,Shenzhen,0,3,background_lossy,10,0.724601593625498,0.0003225803375244,0.0006213188171386,0,0.00029873847961419997
CHNCXR_0243_0,Shenzhen,0,3,all_lossy,10,1.0,0.0003225803375244,0.009124755859375,0,0.0088021755218506
CHNCXR_0243_0,Shenzhen,0,3,lungs_lossy,30,0.2753984063745019,0.0003225803375244,0.0011653900146484,0,0.000842809677124
CHNCXR_0243_0,Shenzhen,0,3,background_lossy,30,0.724601593625498,0.0003225803375244,0.0002892017364501,0,3.337860107430001e-05
CHNCXR_0243_0,Shenzhen,0,3,all_lossy,30,1.0,0.0003225803375244,0.0007791519165039,0,0.00045657157897949994
CHNCXR_0243_0,Shenzhen,0,3,lungs_lossy,50,0.2753984063745019,0.0003225803375244,0.0006213188171386,0,0.00029873847961419997
CHNCXR_0243_0,Shenzhen,0,3,background_lossy,50,0.724601593625498,0.0003225803375244,0.0002846717834472,0,3.7908554077200046e-05
CHNCXR_0243_0,Shenzhen,0,3,all_lossy,50,1.0,0.0003225803375244,0.0004172325134277,0,9.465217590329998e-05
CHNCXR_0243_0,Shenzhen,0,3,lungs_lossy,70,0.2753984063745019,0.0003225803375244,0.0003786087036132,0,5.602836608879997e-05
CHNCXR_0243_0,Shenzhen,0,3,background_lossy,70,0.724601593625498,0.0003225803375244,0.0003275871276855,0,5.006790161099961e-06
CHNCXR_0243_0,Shenzhen,0,3,all_lossy,70,1.0,0.0003225803375244,0.0003612041473388,0,3.86238098144e-05
CHNCXR_0244_0,Shenzhen,0,2,lungs_lossy,10,0.3574657206632653,0.12890625,0.998046875,1,0.869140625
CHNCXR_0244_0,Shenzhen,0,2,background_lossy,10,0.6425342793367347,0.12890625,0.1961669921875,0,0.0672607421875
CHNCXR_0244_0,Shenzhen,0,2,all_lossy,10,1.0,0.12890625,0.99951171875,1,0.87060546875
CHNCXR_0244_0,Shenzhen,0,2,lungs_lossy,30,0.3574657206632653,0.12890625,0.9951171875,1,0.8662109375
CHNCXR_0244_0,Shenzhen,0,2,background_lossy,30,0.6425342793367347,0.12890625,0.360595703125,0,0.231689453125
CHNCXR_0244_0,Shenzhen,0,2,all_lossy,30,1.0,0.12890625,0.99658203125,1,0.86767578125
CHNCXR_0244_0,Shenzhen,0,2,lungs_lossy,50,0.3574657206632653,0.12890625,0.6455078125,1,0.5166015625
CHNCXR_0244_0,Shenzhen,0,2,background_lossy,50,0.6425342793367347,0.12890625,0.2138671875,0,0.0849609375
CHNCXR_0244_0,Shenzhen,0,2,all_lossy,50,1.0,0.12890625,0.74462890625,1,0.61572265625
CHNCXR_0244_0,Shenzhen,0,2,lungs_lossy,70,0.3574657206632653,0.12890625,0.07354736328125,0,0.05535888671875
CHNCXR_0244_0,Shenzhen,0,2,background_lossy,70,0.6425342793367347,0.12890625,0.1317138671875,0,0.0028076171875
CHNCXR_0244_0,Shenzhen,0,2,all_lossy,70,1.0,0.12890625,0.0704345703125,0,0.0584716796875
CHNCXR_0245_0,Shenzhen,0,0,lungs_lossy,10,0.2528457641601562,0.0090866088867187,0.93310546875,1,0.9240188598632812
CHNCXR_0245_0,Shenzhen,0,0,background_lossy,10,0.7471542358398438,0.0090866088867187,0.365234375,0,0.3561477661132813
CHNCXR_0245_0,Shenzhen,0,0,all_lossy,10,1.0,0.0090866088867187,0.9951171875,1,0.9860305786132812
CHNCXR_0245_0,Shenzhen,0,0,lungs_lossy,30,0.2528457641601562,0.0090866088867187,0.79736328125,1,0.7882766723632812
CHNCXR_0245_0,Shenzhen,0,0,background_lossy,30,0.7471542358398438,0.0090866088867187,0.007843017578125,0,0.0012435913085936997
CHNCXR_0245_0,Shenzhen,0,0,all_lossy,30,1.0,0.0090866088867187,0.564453125,1,0.5553665161132812
CHNCXR_0245_0,Shenzhen,0,0,lungs_lossy,50,0.2528457641601562,0.0090866088867187,0.0258026123046875,0,0.0167160034179688
CHNCXR_0245_0,Shenzhen,0,0,background_lossy,50,0.7471542358398438,0.0090866088867187,0.0103302001953125,0,0.0012435913085938003
CHNCXR_0245_0,Shenzhen,0,0,all_lossy,50,1.0,0.0090866088867187,0.03533935546875,0,0.0262527465820313
CHNCXR_0245_0,Shenzhen,0,0,lungs_lossy,70,0.2528457641601562,0.0090866088867187,0.0066413879394531,0,0.0024452209472656
CHNCXR_0245_0,Shenzhen,0,0,background_lossy,70,0.7471542358398438,0.0090866088867187,0.0121002197265625,0,0.0030136108398438003
CHNCXR_0245_0,Shenzhen,0,0,all_lossy,70,1.0,0.0090866088867187,0.0080947875976562,0,0.0009918212890625
CHNCXR_0246_0,Shenzhen,0,3,lungs_lossy,10,0.2532577969681908,0.0001123547554016,0.001713752746582,0,0.0016013979911804
CHNCXR_0246_0,Shenzhen,0,3,background_lossy,10,0.7467422030318092,0.0001123547554016,0.0003354549407958,0,0.0002231001853942
CHNCXR_0246_0,Shenzhen,0,3,all_lossy,10,1.0,0.0001123547554016,0.020599365234375,0,0.0204870104789734
CHNCXR_0246_0,Shenzhen,0,3,lungs_lossy,30,0.2532577969681908,0.0001123547554016,0.0022430419921875,0,0.0021306872367859
CHNCXR_0246_0,Shenzhen,0,3,background_lossy,30,0.7467422030318092,0.0001123547554016,5.346536636352539e-05,0,5.888938903807461e-05
CHNCXR_0246_0,Shenzhen,0,3,all_lossy,30,1.0,0.0001123547554016,0.000746726989746,0,0.0006343722343444
CHNCXR_0246_0,Shenzhen,0,3,lungs_lossy,50,0.2532577969681908,0.0001123547554016,0.0002801418304443,0,0.0001677870750427
CHNCXR_0246_0,Shenzhen,0,3,background_lossy,50,0.7467422030318092,0.0001123547554016,4.947185516357422e-05,0,6.288290023802578e-05
CHNCXR_0246_0,Shenzhen,0,3,all_lossy,50,1.0,0.0001123547554016,0.0001333951950073,0,2.104043960569999e-05
CHNCXR_0246_0,Shenzhen,0,3,lungs_lossy,70,0.2532577969681908,0.0001123547554016,0.0001114606857299,0,8.940696717000044e-07
CHNCXR_0246_0,Shenzhen,0,3,background_lossy,70,0.7467422030318092,0.0001123547554016,6.759166717529297e-05,0,4.476308822630703e-05
CHNCXR_0246_0,Shenzhen,0,3,all_lossy,70,1.0,0.0001123547554016,6.759166717529297e-05,0,4.476308822630703e-05
CHNCXR_0247_0,Shenzhen,0,2,lungs_lossy,10,0.2053738172310757,0.041778564453125,0.0109481811523437,0,0.0308303833007813
CHNCXR_0247_0,Shenzhen,0,2,background_lossy,10,0.7946261827689243,0.041778564453125,0.1646728515625,0,0.122894287109375
CHNCXR_0247_0,Shenzhen,0,2,all_lossy,10,1.0,0.041778564453125,0.58642578125,1,0.544647216796875
CHNCXR_0247_0,Shenzhen,0,2,lungs_lossy,30,0.2053738172310757,0.041778564453125,0.755859375,1,0.714080810546875
CHNCXR_0247_0,Shenzhen,0,2,background_lossy,30,0.7946261827689243,0.041778564453125,0.058990478515625,0,0.0172119140625
CHNCXR_0247_0,Shenzhen,0,2,all_lossy,30,1.0,0.041778564453125,0.86572265625,1,0.823944091796875
CHNCXR_0247_0,Shenzhen,0,2,lungs_lossy,50,0.2053738172310757,0.041778564453125,0.18408203125,0,0.142303466796875
CHNCXR_0247_0,Shenzhen,0,2,background_lossy,50,0.7946261827689243,0.041778564453125,0.04779052734375,0,0.006011962890625
CHNCXR_0247_0,Shenzhen,0,2,all_lossy,50,1.0,0.041778564453125,0.1922607421875,0,0.150482177734375
CHNCXR_0247_0,Shenzhen,0,2,lungs_lossy,70,0.2053738172310757,0.041778564453125,0.024932861328125,0,0.016845703125
CHNCXR_0247_0,Shenzhen,0,2,background_lossy,70,0.7946261827689243,0.041778564453125,0.08038330078125,0,0.038604736328125
CHNCXR_0247_0,Shenzhen,0,2,all_lossy,70,1.0,0.041778564453125,0.044342041015625,0,0.0025634765625
CHNCXR_0248_0,Shenzhen,0,4,lungs_lossy,10,0.3045087541852678,0.0364990234375,0.401611328125,0,0.3651123046875
CHNCXR_0248_0,Shenzhen,0,4,background_lossy,10,0.6954912458147322,0.0364990234375,0.182861328125,0,0.1463623046875
CHNCXR_0248_0,Shenzhen,0,4,all_lossy,10,1.0,0.0364990234375,0.63818359375,1,0.6016845703125
CHNCXR_0248_0,Shenzhen,0,4,lungs_lossy,30,0.3045087541852678,0.0364990234375,0.3798828125,0,0.3433837890625
CHNCXR_0248_0,Shenzhen,0,4,background_lossy,30,0.6954912458147322,0.0364990234375,0.09124755859375,0,0.05474853515625
CHNCXR_0248_0,Shenzhen,0,4,all_lossy,30,1.0,0.0364990234375,0.54638671875,1,0.5098876953125
CHNCXR_0248_0,Shenzhen,0,4,lungs_lossy,50,0.3045087541852678,0.0364990234375,0.0966796875,0,0.0601806640625
CHNCXR_0248_0,Shenzhen,0,4,background_lossy,50,0.6954912458147322,0.0364990234375,0.10052490234375,0,0.06402587890625
CHNCXR_0248_0,Shenzhen,0,4,all_lossy,50,1.0,0.0364990234375,0.230712890625,0,0.1942138671875
CHNCXR_0248_0,Shenzhen,0,4,lungs_lossy,70,0.3045087541852678,0.0364990234375,0.044281005859375,0,0.007781982421875
CHNCXR_0248_0,Shenzhen,0,4,background_lossy,70,0.6954912458147322,0.0364990234375,0.06854248046875,0,0.03204345703125
CHNCXR_0248_0,Shenzhen,0,4,all_lossy,70,1.0,0.0364990234375,0.086181640625,0,0.0496826171875
CHNCXR_0249_0,Shenzhen,0,1,lungs_lossy,10,0.1957940924657534,0.024749755859375,0.6298828125,1,0.605133056640625
CHNCXR_0249_0,Shenzhen,0,1,background_lossy,10,0.8042059075342466,0.024749755859375,0.0100936889648437,0,0.0146560668945313
CHNCXR_0249_0,Shenzhen,0,1,all_lossy,10,1.0,0.024749755859375,0.1424560546875,0,0.117706298828125
CHNCXR_0249_0,Shenzhen,0,1,lungs_lossy,30,0.1957940924657534,0.024749755859375,0.61474609375,1,0.589996337890625
CHNCXR_0249_0,Shenzhen,0,1,background_lossy,30,0.8042059075342466,0.024749755859375,0.0143890380859375,0,0.0103607177734375
CHNCXR_0249_0,Shenzhen,0,1,all_lossy,30,1.0,0.024749755859375,0.399169921875,0,0.374420166015625
CHNCXR_0249_0,Shenzhen,0,1,lungs_lossy,50,0.1957940924657534,0.024749755859375,0.041229248046875,0,0.0164794921875
CHNCXR_0249_0,Shenzhen,0,1,background_lossy,50,0.8042059075342466,0.024749755859375,0.0147857666015625,0,0.0099639892578125
CHNCXR_0249_0,Shenzhen,0,1,all_lossy,50,1.0,0.024749755859375,0.0231475830078125,0,0.0016021728515625
CHNCXR_0249_0,Shenzhen,0,1,lungs_lossy,70,0.1957940924657534,0.024749755859375,0.033203125,0,0.008453369140625
CHNCXR_0249_0,Shenzhen,0,1,background_lossy,70,0.8042059075342466,0.024749755859375,0.018096923828125,0,0.00665283203125
CHNCXR_0249_0,Shenzhen,0,1,all_lossy,70,1.0,0.024749755859375,0.0234222412109375,0,0.0013275146484375
CHNCXR_0250_0,Shenzhen,0,4,lungs_lossy,10,0.2928098648313492,0.11578369140625,0.489990234375,0,0.37420654296875
CHNCXR_0250_0,Shenzhen,0,4,background_lossy,10,0.7071901351686508,0.11578369140625,0.1849365234375,0,0.06915283203125
CHNCXR_0250_0,Shenzhen,0,4,all_lossy,10,1.0,0.11578369140625,0.368408203125,0,0.25262451171875
CHNCXR_0250_0,Shenzhen,0,4,lungs_lossy,30,0.2928098648313492,0.11578369140625,0.437744140625,0,0.32196044921875
CHNCXR_0250_0,Shenzhen,0,4,background_lossy,30,0.7071901351686508,0.11578369140625,0.1617431640625,0,0.04595947265625
CHNCXR_0250_0,Shenzhen,0,4,all_lossy,30,1.0,0.11578369140625,0.45458984375,0,0.33880615234375
CHNCXR_0250_0,Shenzhen,0,4,lungs_lossy,50,0.2928098648313492,0.11578369140625,0.298095703125,0,0.18231201171875
CHNCXR_0250_0,Shenzhen,0,4,background_lossy,50,0.7071901351686508,0.11578369140625,0.1500244140625,0,0.03424072265625
CHNCXR_0250_0,Shenzhen,0,4,all_lossy,50,1.0,0.11578369140625,0.348388671875,0,0.23260498046875
CHNCXR_0250_0,Shenzhen,0,4,lungs_lossy,70,0.2928098648313492,0.11578369140625,0.1258544921875,0,0.01007080078125
CHNCXR_0250_0,Shenzhen,0,4,background_lossy,70,0.7071901351686508,0.11578369140625,0.1424560546875,0,0.02667236328125
CHNCXR_0250_0,Shenzhen,0,4,all_lossy,70,1.0,0.11578369140625,0.1533203125,0,0.03753662109375
CHNCXR_0251_0,Shenzhen,0,0,lungs_lossy,10,0.2652653155940594,0.49755859375,0.70654296875,1,0.208984375
CHNCXR_0251_0,Shenzhen,0,0,background_lossy,10,0.7347346844059406,0.49755859375,0.313232421875,0,0.184326171875
CHNCXR_0251_0,Shenzhen,0,0,all_lossy,10,1.0,0.49755859375,0.66015625,1,0.16259765625
CHNCXR_0251_0,Shenzhen,0,0,lungs_lossy,30,0.2652653155940594,0.49755859375,0.98828125,1,0.49072265625
CHNCXR_0251_0,Shenzhen,0,0,background_lossy,30,0.7347346844059406,0.49755859375,0.2626953125,0,0.23486328125
CHNCXR_0251_0,Shenzhen,0,0,all_lossy,30,1.0,0.49755859375,0.875,1,0.37744140625
CHNCXR_0251_0,Shenzhen,0,0,lungs_lossy,50,0.2652653155940594,0.49755859375,0.82666015625,1,0.3291015625
CHNCXR_0251_0,Shenzhen,0,0,background_lossy,50,0.7347346844059406,0.49755859375,0.218994140625,0,0.278564453125
CHNCXR_0251_0,Shenzhen,0,0,all_lossy,50,1.0,0.49755859375,0.6171875,1,0.11962890625
CHNCXR_0251_0,Shenzhen,0,0,lungs_lossy,70,0.2652653155940594,0.49755859375,0.4267578125,0,0.07080078125
CHNCXR_0251_0,Shenzhen,0,0,background_lossy,70,0.7347346844059406,0.49755859375,0.374755859375,0,0.122802734375
CHNCXR_0251_0,Shenzhen,0,0,all_lossy,70,1.0,0.49755859375,0.328857421875,0,0.168701171875
CHNCXR_0252_0,Shenzhen,0,1,lungs_lossy,10,0.2740272671568627,4.333257675170898e-05,0.197021484375,0,0.1969781517982483
CHNCXR_0252_0,Shenzhen,0,1,background_lossy,10,0.7259727328431372,4.333257675170898e-05,0.0005092620849609,0,0.000465929508209191
CHNCXR_0252_0,Shenzhen,0,1,all_lossy,10,1.0,4.333257675170898e-05,0.55908203125,1,0.5590386986732483
CHNCXR_0252_0,Shenzhen,0,1,lungs_lossy,30,0.2740272671568627,4.333257675170898e-05,0.0023231506347656,0,0.002279818058013891
CHNCXR_0252_0,Shenzhen,0,1,background_lossy,30,0.7259727328431372,4.333257675170898e-05,0.0001896619796752,0,0.00014632940292349101
CHNCXR_0252_0,Shenzhen,0,1,all_lossy,30,1.0,4.333257675170898e-05,0.0019121170043945,0,0.001868784427642791
CHNCXR_0252_0,Shenzhen,0,1,lungs_lossy,50,0.2740272671568627,4.333257675170898e-05,7.784366607666016e-05,0,3.451108932495118e-05
CHNCXR_0252_0,Shenzhen,0,1,background_lossy,50,0.7259727328431372,4.333257675170898e-05,6.759166717529297e-05,0,2.425909042358399e-05
CHNCXR_0252_0,Shenzhen,0,1,all_lossy,50,1.0,4.333257675170898e-05,8.153915405273438e-05,0,3.82065773010254e-05
CHNCXR_0252_0,Shenzhen,0,1,lungs_lossy,70,0.2740272671568627,4.333257675170898e-05,5.877017974853516e-05,0,1.5437602996826185e-05
CHNCXR_0252_0,Shenzhen,0,1,background_lossy,70,0.7259727328431372,4.333257675170898e-05,6.401538848876953e-05,0,2.0682811737060554e-05
CHNCXR_0252_0,Shenzhen,0,1,all_lossy,70,1.0,4.333257675170898e-05,8.821487426757812e-05,0,4.488229751586915e-05
CHNCXR_0253_0,Shenzhen,0,4,lungs_lossy,10,0.2364331735557769,0.070068359375,0.3330078125,0,0.262939453125
CHNCXR_0253_0,Shenzhen,0,4,background_lossy,10,0.7635668264442231,0.070068359375,0.11065673828125,0,0.04058837890625
CHNCXR_0253_0,Shenzhen,0,4,all_lossy,10,1.0,0.070068359375,0.272216796875,0,0.2021484375
CHNCXR_0253_0,Shenzhen,0,4,lungs_lossy,30,0.2364331735557769,0.070068359375,0.59033203125,1,0.520263671875
CHNCXR_0253_0,Shenzhen,0,4,background_lossy,30,0.7635668264442231,0.070068359375,0.10760498046875,0,0.03753662109375
CHNCXR_0253_0,Shenzhen,0,4,all_lossy,30,1.0,0.070068359375,0.501953125,1,0.431884765625
CHNCXR_0253_0,Shenzhen,0,4,lungs_lossy,50,0.2364331735557769,0.070068359375,0.263671875,0,0.193603515625
CHNCXR_0253_0,Shenzhen,0,4,background_lossy,50,0.7635668264442231,0.070068359375,0.0703125,0,0.000244140625
CHNCXR_0253_0,Shenzhen,0,4,all_lossy,50,1.0,0.070068359375,0.22607421875,0,0.156005859375
CHNCXR_0253_0,Shenzhen,0,4,lungs_lossy,70,0.2364331735557769,0.070068359375,0.09979248046875,0,0.02972412109375
CHNCXR_0253_0,Shenzhen,0,4,background_lossy,70,0.7635668264442231,0.070068359375,0.0574951171875,0,0.0125732421875
CHNCXR_0253_0,Shenzhen,0,4,all_lossy,70,1.0,0.070068359375,0.08343505859375,0,0.01336669921875
CHNCXR_0254_0,Shenzhen,0,0,lungs_lossy,10,0.2821416440217391,0.0193023681640625,0.90869140625,1,0.8893890380859375
CHNCXR_0254_0,Shenzhen,0,0,background_lossy,10,0.7178583559782609,0.0193023681640625,0.0051994323730468,0,0.0141029357910157
CHNCXR_0254_0,Shenzhen,0,0,all_lossy,10,1.0,0.0193023681640625,0.9384765625,1,0.9191741943359375
CHNCXR_0254_0,Shenzhen,0,0,lungs_lossy,30,0.2821416440217391,0.0193023681640625,0.7578125,1,0.7385101318359375
CHNCXR_0254_0,Shenzhen,0,0,background_lossy,30,0.7178583559782609,0.0193023681640625,0.000950813293457,0,0.0183515548706055
CHNCXR_0254_0,Shenzhen,0,0,all_lossy,30,1.0,0.0193023681640625,0.0292510986328125,0,0.00994873046875
CHNCXR_0254_0,Shenzhen,0,0,lungs_lossy,50,0.2821416440217391,0.0193023681640625,0.332275390625,0,0.3129730224609375
CHNCXR_0254_0,Shenzhen,0,0,background_lossy,50,0.7178583559782609,0.0193023681640625,0.0022087097167968,0,0.0170936584472657
CHNCXR_0254_0,Shenzhen,0,0,all_lossy,50,1.0,0.0193023681640625,0.054595947265625,0,0.0352935791015625
CHNCXR_0254_0,Shenzhen,0,0,lungs_lossy,70,0.2821416440217391,0.0193023681640625,0.0149002075195312,0,0.0044021606445313
CHNCXR_0254_0,Shenzhen,0,0,background_lossy,70,0.7178583559782609,0.0193023681640625,0.0123825073242187,0,0.0069198608398438
CHNCXR_0254_0,Shenzhen,0,0,all_lossy,70,1.0,0.0193023681640625,0.0096359252929687,0,0.0096664428710938
CHNCXR_0255_0,Shenzhen,0,0,lungs_lossy,10,0.3024160242290749,0.0033760070800781,0.91845703125,1,0.9150810241699219
CHNCXR_0255_0,Shenzhen,0,0,background_lossy,10,0.6975839757709251,0.0033760070800781,0.0056648254394531,0,0.002288818359375
CHNCXR_0255_0,Shenzhen,0,0,all_lossy,10,1.0,0.0033760070800781,0.9716796875,1,0.9683036804199219
CHNCXR_0255_0,Shenzhen,0,0,lungs_lossy,30,0.3024160242290749,0.0033760070800781,0.84912109375,1,0.8457450866699219
CHNCXR_0255_0,Shenzhen,0,0,background_lossy,30,0.6975839757709251,0.0033760070800781,0.0011472702026367,0,0.0022287368774413997
CHNCXR_0255_0,Shenzhen,0,0,all_lossy,30,1.0,0.0033760070800781,0.60693359375,1,0.6035575866699219
CHNCXR_0255_0,Shenzhen,0,0,lungs_lossy,50,0.3024160242290749,0.0033760070800781,0.042724609375,0,0.0393486022949219
CHNCXR_0255_0,Shenzhen,0,0,background_lossy,50,0.6975839757709251,0.0033760070800781,0.0025501251220703,0,0.0008258819580077999
CHNCXR_0255_0,Shenzhen,0,0,all_lossy,50,1.0,0.0033760070800781,0.03143310546875,0,0.0280570983886719
CHNCXR_0255_0,Shenzhen,0,0,lungs_lossy,70,0.3024160242290749,0.0033760070800781,0.0035648345947265,0,0.0001888275146484002
CHNCXR_0255_0,Shenzhen,0,0,background_lossy,70,0.6975839757709251,0.0033760070800781,0.00494384765625,0,0.0015678405761719002
CHNCXR_0255_0,Shenzhen,0,0,all_lossy,70,1.0,0.0033760070800781,0.0050811767578125,0,0.0017051696777344002
CHNCXR_0256_0,Shenzhen,0,0,lungs_lossy,10,0.2430365029443255,0.009124755859375,0.0209197998046875,0,0.0117950439453125
CHNCXR_0256_0,Shenzhen,0,0,background_lossy,10,0.7569634970556745,0.009124755859375,0.1019287109375,0,0.092803955078125
CHNCXR_0256_0,Shenzhen,0,0,all_lossy,10,1.0,0.009124755859375,0.142822265625,0,0.133697509765625
CHNCXR_0256_0,Shenzhen,0,0,lungs_lossy,30,0.2430365029443255,0.009124755859375,0.0224609375,0,0.013336181640625
CHNCXR_0256_0,Shenzhen,0,0,background_lossy,30,0.7569634970556745,0.009124755859375,0.0210418701171875,0,0.0119171142578125
CHNCXR_0256_0,Shenzhen,0,0,all_lossy,30,1.0,0.009124755859375,0.06951904296875,0,0.060394287109375
CHNCXR_0256_0,Shenzhen,0,0,lungs_lossy,50,0.2430365029443255,0.009124755859375,0.0116424560546875,0,0.0025177001953125
CHNCXR_0256_0,Shenzhen,0,0,background_lossy,50,0.7569634970556745,0.009124755859375,0.0056877136230468,0,0.0034370422363281996
CHNCXR_0256_0,Shenzhen,0,0,all_lossy,50,1.0,0.009124755859375,0.0083465576171875,0,0.0007781982421875
CHNCXR_0256_0,Shenzhen,0,0,lungs_lossy,70,0.2430365029443255,0.009124755859375,0.0051612854003906,0,0.0039634704589844
CHNCXR_0256_0,Shenzhen,0,0,background_lossy,70,0.7569634970556745,0.009124755859375,0.0049629211425781,0,0.0041618347167969
CHNCXR_0256_0,Shenzhen,0,0,all_lossy,70,1.0,0.009124755859375,0.0028553009033203,0,0.0062694549560547
CHNCXR_0257_0,Shenzhen,0,2,lungs_lossy,10,0.2742669092465753,0.038116455078125,0.9365234375,1,0.898406982421875
CHNCXR_0257_0,Shenzhen,0,2,background_lossy,10,0.7257330907534247,0.038116455078125,0.52392578125,1,0.485809326171875
CHNCXR_0257_0,Shenzhen,0,2,all_lossy,10,1.0,0.038116455078125,0.984375,1,0.946258544921875
CHNCXR_0257_0,Shenzhen,0,2,lungs_lossy,30,0.2742669092465753,0.038116455078125,0.9619140625,1,0.923797607421875
CHNCXR_0257_0,Shenzhen,0,2,background_lossy,30,0.7257330907534247,0.038116455078125,0.47900390625,0,0.440887451171875
CHNCXR_0257_0,Shenzhen,0,2,all_lossy,30,1.0,0.038116455078125,0.97998046875,1,0.941864013671875
CHNCXR_0257_0,Shenzhen,0,2,lungs_lossy,50,0.2742669092465753,0.038116455078125,0.1883544921875,0,0.150238037109375
CHNCXR_0257_0,Shenzhen,0,2,background_lossy,50,0.7257330907534247,0.038116455078125,0.0831298828125,0,0.045013427734375
CHNCXR_0257_0,Shenzhen,0,2,all_lossy,50,1.0,0.038116455078125,0.229248046875,0,0.191131591796875
CHNCXR_0257_0,Shenzhen,0,2,lungs_lossy,70,0.2742669092465753,0.038116455078125,0.04913330078125,0,0.011016845703125
CHNCXR_0257_0,Shenzhen,0,2,background_lossy,70,0.7257330907534247,0.038116455078125,0.0723876953125,0,0.034271240234375
CHNCXR_0257_0,Shenzhen,0,2,all_lossy,70,1.0,0.038116455078125,0.09088134765625,0,0.052764892578125
CHNCXR_0258_0,Shenzhen,0,0,lungs_lossy,10,0.247868259194831,0.0005998611450195,0.466552734375,0,0.4659528732299805
CHNCXR_0258_0,Shenzhen,0,0,background_lossy,10,0.752131740805169,0.0005998611450195,0.001169204711914,0,0.0005693435668945
CHNCXR_0258_0,Shenzhen,0,0,all_lossy,10,1.0,0.0005998611450195,0.417724609375,0,0.4171247482299805
CHNCXR_0258_0,Shenzhen,0,0,lungs_lossy,30,0.247868259194831,0.0005998611450195,0.9345703125,1,0.9339704513549805
CHNCXR_0258_0,Shenzhen,0,0,background_lossy,30,0.752131740805169,0.0005998611450195,3.3974647521972656e-05,0,0.0005658864974975274
CHNCXR_0258_0,Shenzhen,0,0,all_lossy,30,1.0,0.0005998611450195,0.06744384765625,0,0.0668439865112305
CHNCXR_0258_0,Shenzhen,0,0,lungs_lossy,50,0.247868259194831,0.0005998611450195,0.0123825073242187,0,0.0117826461791992
CHNCXR_0258_0,Shenzhen,0,0,background_lossy,50,0.752131740805169,0.0005998611450195,0.0001387596130371,0,0.00046110153198240003
CHNCXR_0258_0,Shenzhen,0,0,all_lossy,50,1.0,0.0005998611450195,0.001774787902832,0,0.0011749267578125
CHNCXR_0258_0,Shenzhen,0,0,lungs_lossy,70,0.247868259194831,0.0005998611450195,0.0012788772583007,0,0.0006790161132811999
CHNCXR_0258_0,Shenzhen,0,0,background_lossy,70,0.752131740805169,0.0005998611450195,0.0002672672271728,0,0.0003325939178467
CHNCXR_0258_0,Shenzhen,0,0,all_lossy,70,1.0,0.0005998611450195,0.0005769729614257,0,2.2888183593799982e-05
CHNCXR_0259_0,Shenzhen,0,4,lungs_lossy,10,0.1888975314551422,0.00933837890625,0.0517578125,0,0.04241943359375
CHNCXR_0259_0,Shenzhen,0,4,background_lossy,10,0.8111024685448578,0.00933837890625,0.0216522216796875,0,0.0123138427734375
CHNCXR_0259_0,Shenzhen,0,4,all_lossy,10,1.0,0.00933837890625,0.16455078125,0,0.15521240234375
CHNCXR_0259_0,Shenzhen,0,4,lungs_lossy,30,0.1888975314551422,0.00933837890625,0.0966796875,0,0.08734130859375
CHNCXR_0259_0,Shenzhen,0,4,background_lossy,30,0.8111024685448578,0.00933837890625,0.01861572265625,0,0.00927734375
CHNCXR_0259_0,Shenzhen,0,4,all_lossy,30,1.0,0.00933837890625,0.1358642578125,0,0.12652587890625
CHNCXR_0259_0,Shenzhen,0,4,lungs_lossy,50,0.1888975314551422,0.00933837890625,0.0212860107421875,0,0.0119476318359375
CHNCXR_0259_0,Shenzhen,0,4,background_lossy,50,0.8111024685448578,0.00933837890625,0.0153656005859375,0,0.0060272216796875
CHNCXR_0259_0,Shenzhen,0,4,all_lossy,50,1.0,0.00933837890625,0.03277587890625,0,0.0234375
CHNCXR_0259_0,Shenzhen,0,4,lungs_lossy,70,0.1888975314551422,0.00933837890625,0.0109481811523437,0,0.0016098022460936997
CHNCXR_0259_0,Shenzhen,0,4,background_lossy,70,0.8111024685448578,0.00933837890625,0.0111160278320312,0,0.0017776489257811997
CHNCXR_0259_0,Shenzhen,0,4,all_lossy,70,1.0,0.00933837890625,0.0136871337890625,0,0.0043487548828125
CHNCXR_0260_0,Shenzhen,0,4,lungs_lossy,10,0.2303985778443113,0.0050811767578125,0.2724609375,0,0.2673797607421875
CHNCXR_0260_0,Shenzhen,0,4,background_lossy,10,0.7696014221556886,0.0050811767578125,0.0171051025390625,0,0.01202392578125
CHNCXR_0260_0,Shenzhen,0,4,all_lossy,10,1.0,0.0050811767578125,0.36669921875,0,0.3616180419921875
CHNCXR_0260_0,Shenzhen,0,4,lungs_lossy,30,0.2303985778443113,0.0050811767578125,0.127197265625,0,0.1221160888671875
CHNCXR_0260_0,Shenzhen,0,4,background_lossy,30,0.7696014221556886,0.0050811767578125,0.0083465576171875,0,0.003265380859375
CHNCXR_0260_0,Shenzhen,0,4,all_lossy,30,1.0,0.0050811767578125,0.1473388671875,0,0.1422576904296875
CHNCXR_0260_0,Shenzhen,0,4,lungs_lossy,50,0.2303985778443113,0.0050811767578125,0.0094146728515625,0,0.00433349609375
CHNCXR_0260_0,Shenzhen,0,4,background_lossy,50,0.7696014221556886,0.0050811767578125,0.0071754455566406,0,0.0020942687988281
CHNCXR_0260_0,Shenzhen,0,4,all_lossy,50,1.0,0.0050811767578125,0.0148391723632812,0,0.0097579956054687
CHNCXR_0260_0,Shenzhen,0,4,lungs_lossy,70,0.2303985778443113,0.0050811767578125,0.0047187805175781,0,0.00036239624023440015
CHNCXR_0260_0,Shenzhen,0,4,background_lossy,70,0.7696014221556886,0.0050811767578125,0.0055999755859375,0,0.000518798828125
CHNCXR_0260_0,Shenzhen,0,4,all_lossy,70,1.0,0.0050811767578125,0.0053863525390625,0,0.00030517578125
CHNCXR_0261_0,Shenzhen,0,3,lungs_lossy,10,0.2403893849206349,0.5478515625,0.939453125,0,0.3916015625
CHNCXR_0261_0,Shenzhen,0,3,background_lossy,10,0.7596106150793651,0.5478515625,0.7900390625,0,0.2421875
CHNCXR_0261_0,Shenzhen,0,3,all_lossy,10,1.0,0.5478515625,0.9658203125,0,0.41796875
CHNCXR_0261_0,Shenzhen,0,3,lungs_lossy,30,0.2403893849206349,0.5478515625,0.84326171875,0,0.29541015625
CHNCXR_0261_0,Shenzhen,0,3,background_lossy,30,0.7596106150793651,0.5478515625,0.50244140625,0,0.04541015625
CHNCXR_0261_0,Shenzhen,0,3,all_lossy,30,1.0,0.5478515625,0.60205078125,0,0.05419921875
CHNCXR_0261_0,Shenzhen,0,3,lungs_lossy,50,0.2403893849206349,0.5478515625,0.75634765625,0,0.20849609375
CHNCXR_0261_0,Shenzhen,0,3,background_lossy,50,0.7596106150793651,0.5478515625,0.47509765625,1,0.07275390625
CHNCXR_0261_0,Shenzhen,0,3,all_lossy,50,1.0,0.5478515625,0.6787109375,0,0.130859375
CHNCXR_0261_0,Shenzhen,0,3,lungs_lossy,70,0.2403893849206349,0.5478515625,0.56201171875,0,0.01416015625
CHNCXR_0261_0,Shenzhen,0,3,background_lossy,70,0.7596106150793651,0.5478515625,0.5556640625,0,0.0078125
CHNCXR_0261_0,Shenzhen,0,3,all_lossy,70,1.0,0.5478515625,0.57421875,0,0.0263671875
CHNCXR_0262_0,Shenzhen,0,4,lungs_lossy,10,0.2769733969560878,0.07354736328125,0.205322265625,0,0.13177490234375
CHNCXR_0262_0,Shenzhen,0,4,background_lossy,10,0.7230266030439122,0.07354736328125,0.0836181640625,0,0.01007080078125
CHNCXR_0262_0,Shenzhen,0,4,all_lossy,10,1.0,0.07354736328125,0.28369140625,0,0.21014404296875
CHNCXR_0262_0,Shenzhen,0,4,lungs_lossy,30,0.2769733969560878,0.07354736328125,0.25048828125,0,0.17694091796875
CHNCXR_0262_0,Shenzhen,0,4,background_lossy,30,0.7230266030439122,0.07354736328125,0.06744384765625,0,0.006103515625
CHNCXR_0262_0,Shenzhen,0,4,all_lossy,30,1.0,0.07354736328125,0.2186279296875,0,0.14508056640625
CHNCXR_0262_0,Shenzhen,0,4,lungs_lossy,50,0.2769733969560878,0.07354736328125,0.1351318359375,0,0.06158447265625
CHNCXR_0262_0,Shenzhen,0,4,background_lossy,50,0.7230266030439122,0.07354736328125,0.076416015625,0,0.00286865234375
CHNCXR_0262_0,Shenzhen,0,4,all_lossy,50,1.0,0.07354736328125,0.1383056640625,0,0.06475830078125
CHNCXR_0262_0,Shenzhen,0,4,lungs_lossy,70,0.2769733969560878,0.07354736328125,0.08416748046875,0,0.0106201171875
CHNCXR_0262_0,Shenzhen,0,4,background_lossy,70,0.7230266030439122,0.07354736328125,0.07476806640625,0,0.001220703125
CHNCXR_0262_0,Shenzhen,0,4,all_lossy,70,1.0,0.07354736328125,0.08599853515625,0,0.012451171875
CHNCXR_0263_0,Shenzhen,0,3,lungs_lossy,10,0.2510621576195219,0.0020427703857421,0.1309814453125,0,0.1289386749267579
CHNCXR_0263_0,Shenzhen,0,3,background_lossy,10,0.7489378423804781,0.0020427703857421,0.000495433807373,0,0.0015473365783690999
CHNCXR_0263_0,Shenzhen,0,3,all_lossy,10,1.0,0.0020427703857421,0.18359375,0,0.1815509796142579
CHNCXR_0263_0,Shenzhen,0,3,lungs_lossy,30,0.2510621576195219,0.0020427703857421,0.017242431640625,0,0.0151996612548829
CHNCXR_0263_0,Shenzhen,0,3,background_lossy,30,0.7489378423804781,0.0020427703857421,0.0005378723144531,0,0.001504898071289
CHNCXR_0263_0,Shenzhen,0,3,all_lossy,30,1.0,0.0020427703857421,0.0030155181884765,0,0.0009727478027344002
CHNCXR_0263_0,Shenzhen,0,3,lungs_lossy,50,0.2510621576195219,0.0020427703857421,0.010986328125,0,0.0089435577392579
CHNCXR_0263_0,Shenzhen,0,3,background_lossy,50,0.7489378423804781,0.0020427703857421,0.000349998474121,0,0.0016927719116210998
CHNCXR_0263_0,Shenzhen,0,3,all_lossy,50,1.0,0.0020427703857421,0.001810073852539,0,0.00023269653320309985
CHNCXR_0263_0,Shenzhen,0,3,lungs_lossy,70,0.2510621576195219,0.0020427703857421,0.0024242401123046,0,0.0003814697265625
CHNCXR_0263_0,Shenzhen,0,3,background_lossy,70,0.7489378423804781,0.0020427703857421,0.001133918762207,0,0.0009088516235350999
CHNCXR_0263_0,Shenzhen,0,3,all_lossy,70,1.0,0.0020427703857421,0.0014104843139648,0,0.0006322860717773
CHNCXR_0264_0,Shenzhen,0,3,lungs_lossy,10,0.2191505432128906,0.09808349609375,0.1446533203125,0,0.04656982421875
CHNCXR_0264_0,Shenzhen,0,3,background_lossy,10,0.7808494567871094,0.09808349609375,0.035675048828125,0,0.062408447265625
CHNCXR_0264_0,Shenzhen,0,3,all_lossy,10,1.0,0.09808349609375,0.06732177734375,0,0.03076171875
CHNCXR_0264_0,Shenzhen,0,3,lungs_lossy,30,0.2191505432128906,0.09808349609375,0.1640625,0,0.06597900390625
CHNCXR_0264_0,Shenzhen,0,3,background_lossy,30,0.7808494567871094,0.09808349609375,0.0816650390625,0,0.01641845703125
CHNCXR_0264_0,Shenzhen,0,3,all_lossy,30,1.0,0.09808349609375,0.0751953125,0,0.02288818359375
CHNCXR_0264_0,Shenzhen,0,3,lungs_lossy,50,0.2191505432128906,0.09808349609375,0.08990478515625,0,0.0081787109375
CHNCXR_0264_0,Shenzhen,0,3,background_lossy,50,0.7808494567871094,0.09808349609375,0.0634765625,0,0.03460693359375
CHNCXR_0264_0,Shenzhen,0,3,all_lossy,50,1.0,0.09808349609375,0.06243896484375,0,0.03564453125
CHNCXR_0264_0,Shenzhen,0,3,lungs_lossy,70,0.2191505432128906,0.09808349609375,0.10357666015625,0,0.0054931640625
CHNCXR_0264_0,Shenzhen,0,3,background_lossy,70,0.7808494567871094,0.09808349609375,0.08538818359375,0,0.0126953125
CHNCXR_0264_0,Shenzhen,0,3,all_lossy,70,1.0,0.09808349609375,0.08990478515625,0,0.0081787109375
CHNCXR_0265_0,Shenzhen,0,3,lungs_lossy,10,0.1995138888888888,6.866455078125e-05,0.0011510848999023,0,0.00108242034912105
CHNCXR_0265_0,Shenzhen,0,3,background_lossy,10,0.8004861111111111,6.866455078125e-05,9.459257125854492e-05,0,2.5928020477294922e-05
CHNCXR_0265_0,Shenzhen,0,3,all_lossy,10,1.0,6.866455078125e-05,0.0053024291992187,0,0.00523376464843745
CHNCXR_0265_0,Shenzhen,0,3,lungs_lossy,30,0.1995138888888888,6.866455078125e-05,0.0002846717834472,0,0.00021600723266594998
CHNCXR_0265_0,Shenzhen,0,3,background_lossy,30,0.8004861111111111,6.866455078125e-05,4.297494888305664e-05,0,2.568960189819336e-05
CHNCXR_0265_0,Shenzhen,0,3,all_lossy,30,1.0,6.866455078125e-05,0.0001987218856811,0,0.00013005733489985
CHNCXR_0265_0,Shenzhen,0,3,lungs_lossy,50,0.1995138888888888,6.866455078125e-05,8.416175842285156e-05,0,1.5497207641601562e-05
CHNCXR_0265_0,Shenzhen,0,3,background_lossy,50,0.8004861111111111,6.866455078125e-05,6.0617923736572266e-05,0,8.046627044677734e-06
CHNCXR_0265_0,Shenzhen,0,3,all_lossy,50,1.0,6.866455078125e-05,7.086992263793945e-05,0,2.205371856689453e-06
CHNCXR_0265_0,Shenzhen,0,3,lungs_lossy,70,0.1995138888888888,6.866455078125e-05,7.724761962890625e-05,0,8.58306884765625e-06
CHNCXR_0265_0,Shenzhen,0,3,background_lossy,70,0.8004861111111111,6.866455078125e-05,7.140636444091797e-05,0,2.7418136596679688e-06
CHNCXR_0265_0,Shenzhen,0,3,all_lossy,70,1.0,6.866455078125e-05,7.659196853637695e-05,0,7.927417755126953e-06
CHNCXR_0266_0,Shenzhen,0,4,lungs_lossy,10,0.1948882399706458,0.0029582977294921,0.024658203125,0,0.0216999053955079
CHNCXR_0266_0,Shenzhen,0,4,background_lossy,10,0.8051117600293543,0.0029582977294921,0.01129150390625,0,0.0083332061767579
CHNCXR_0266_0,Shenzhen,0,4,all_lossy,10,1.0,0.0029582977294921,0.10089111328125,0,0.0979328155517579
CHNCXR_0266_0,Shenzhen,0,4,lungs_lossy,30,0.1948882399706458,0.0029582977294921,0.0184783935546875,0,0.0155200958251954
CHNCXR_0266_0,Shenzhen,0,4,background_lossy,30,0.8051117600293543,0.0029582977294921,0.0067176818847656,0,0.0037593841552735
CHNCXR_0266_0,Shenzhen,0,4,all_lossy,30,1.0,0.0029582977294921,0.0272216796875,0,0.0242633819580079
CHNCXR_0266_0,Shenzhen,0,4,lungs_lossy,50,0.1948882399706458,0.0029582977294921,0.0059814453125,0,0.0030231475830079
CHNCXR_0266_0,Shenzhen,0,4,background_lossy,50,0.8051117600293543,0.0029582977294921,0.0052413940429687,0,0.0022830963134766
CHNCXR_0266_0,Shenzhen,0,4,all_lossy,50,1.0,0.0029582977294921,0.0097122192382812,0,0.0067539215087891
CHNCXR_0266_0,Shenzhen,0,4,lungs_lossy,70,0.1948882399706458,0.0029582977294921,0.0027370452880859,0,0.0002212524414061997
CHNCXR_0266_0,Shenzhen,0,4,background_lossy,70,0.8051117600293543,0.0029582977294921,0.0032978057861328,0,0.0003395080566407
CHNCXR_0266_0,Shenzhen,0,4,all_lossy,70,1.0,0.0029582977294921,0.0030746459960937,0,0.00011634826660160023
CHNCXR_0267_0,Shenzhen,0,3,lungs_lossy,10,0.1644539078156312,0.0005440711975097,0.0033760070800781,0,0.0028319358825683997
CHNCXR_0267_0,Shenzhen,0,3,background_lossy,10,0.8355460921843687,0.0005440711975097,0.0008039474487304,0,0.0002598762512207
CHNCXR_0267_0,Shenzhen,0,3,all_lossy,10,1.0,0.0005440711975097,0.0272674560546875,0,0.0267233848571778
CHNCXR_0267_0,Shenzhen,0,3,lungs_lossy,30,0.1644539078156312,0.0005440711975097,0.0034427642822265,0,0.0028986930847168
CHNCXR_0267_0,Shenzhen,0,3,background_lossy,30,0.8355460921843687,0.0005440711975097,0.0003125667572021,0,0.00023150444030760006
CHNCXR_0267_0,Shenzhen,0,3,all_lossy,30,1.0,0.0005440711975097,0.0014381408691406,0,0.0008940696716309
CHNCXR_0267_0,Shenzhen,0,3,lungs_lossy,50,0.1644539078156312,0.0005440711975097,0.0019874572753906,0,0.0014433860778808997
CHNCXR_0267_0,Shenzhen,0,3,background_lossy,50,0.8355460921843687,0.0005440711975097,0.0003583431243896,0,0.00018572807312010006
CHNCXR_0267_0,Shenzhen,0,3,all_lossy,50,1.0,0.0005440711975097,0.001235008239746,0,0.0006909370422363
CHNCXR_0267_0,Shenzhen,0,3,lungs_lossy,70,0.1644539078156312,0.0005440711975097,0.0004322528839111,0,0.00011181831359860002
CHNCXR_0267_0,Shenzhen,0,3,background_lossy,70,0.8355460921843687,0.0005440711975097,0.0004205703735351,0,0.00012350082397460005
CHNCXR_0267_0,Shenzhen,0,3,all_lossy,70,1.0,0.0005440711975097,0.000303030014038,0,0.00024104118347170002
CHNCXR_0268_0,Shenzhen,0,4,lungs_lossy,10,0.2326511357223476,0.0574951171875,0.85546875,1,0.7979736328125
CHNCXR_0268_0,Shenzhen,0,4,background_lossy,10,0.7673488642776524,0.0574951171875,0.055419921875,0,0.0020751953125
CHNCXR_0268_0,Shenzhen,0,4,all_lossy,10,1.0,0.0574951171875,0.82763671875,1,0.7701416015625
CHNCXR_0268_0,Shenzhen,0,4,lungs_lossy,30,0.2326511357223476,0.0574951171875,0.61474609375,1,0.5572509765625
CHNCXR_0268_0,Shenzhen,0,4,background_lossy,30,0.7673488642776524,0.0574951171875,0.060516357421875,0,0.003021240234375
CHNCXR_0268_0,Shenzhen,0,4,all_lossy,30,1.0,0.0574951171875,0.51611328125,1,0.4586181640625
CHNCXR_0268_0,Shenzhen,0,4,lungs_lossy,50,0.2326511357223476,0.0574951171875,0.1436767578125,0,0.086181640625
CHNCXR_0268_0,Shenzhen,0,4,background_lossy,50,0.7673488642776524,0.0574951171875,0.08123779296875,0,0.02374267578125
CHNCXR_0268_0,Shenzhen,0,4,all_lossy,50,1.0,0.0574951171875,0.191650390625,0,0.1341552734375
CHNCXR_0268_0,Shenzhen,0,4,lungs_lossy,70,0.2326511357223476,0.0574951171875,0.05877685546875,0,0.00128173828125
CHNCXR_0268_0,Shenzhen,0,4,background_lossy,70,0.7673488642776524,0.0574951171875,0.0703125,0,0.0128173828125
CHNCXR_0268_0,Shenzhen,0,4,all_lossy,70,1.0,0.0574951171875,0.0703125,0,0.0128173828125
CHNCXR_0269_0,Shenzhen,0,3,lungs_lossy,10,0.2102967514822134,0.0005702972412109,0.1798095703125,0,0.1792392730712891
CHNCXR_0269_0,Shenzhen,0,3,background_lossy,10,0.7897032485177866,0.0005702972412109,0.000396728515625,0,0.0001735687255859
CHNCXR_0269_0,Shenzhen,0,3,all_lossy,10,1.0,0.0005702972412109,0.284423828125,0,0.2838535308837891
CHNCXR_0269_0,Shenzhen,0,3,lungs_lossy,30,0.2102967514822134,0.0005702972412109,0.01678466796875,0,0.0162143707275391
CHNCXR_0269_0,Shenzhen,0,3,background_lossy,30,0.7897032485177866,0.0005702972412109,0.0003249645233154,0,0.0002453327178955
CHNCXR_0269_0,Shenzhen,0,3,all_lossy,30,1.0,0.0005702972412109,0.0119171142578125,0,0.0113468170166016
CHNCXR_0269_0,Shenzhen,0,3,lungs_lossy,50,0.2102967514822134,0.0005702972412109,0.0011157989501953,0,0.0005455017089843999
CHNCXR_0269_0,Shenzhen,0,3,background_lossy,50,0.7897032485177866,0.0005702972412109,0.0004141330718994,0,0.00015616416931149996
CHNCXR_0269_0,Shenzhen,0,3,all_lossy,50,1.0,0.0005702972412109,0.0007977485656738,0,0.00022745132446290006
CHNCXR_0269_0,Shenzhen,0,3,lungs_lossy,70,0.2102967514822134,0.0005702972412109,0.0004372596740722,0,0.0001330375671387
CHNCXR_0269_0,Shenzhen,0,3,background_lossy,70,0.7897032485177866,0.0005702972412109,0.0004355907440185,0,0.0001347064971924
CHNCXR_0269_0,Shenzhen,0,3,all_lossy,70,1.0,0.0005702972412109,0.0003302097320556,0,0.0002400875091553
CHNCXR_0270_0,Shenzhen,0,2,lungs_lossy,10,0.2023963928222656,2.0444393157958984e-05,0.5888671875,1,0.588846743106842
CHNCXR_0270_0,Shenzhen,0,2,background_lossy,10,0.7976036071777344,2.0444393157958984e-05,0.09722900390625,0,0.09720855951309204
CHNCXR_0270_0,Shenzhen,0,2,all_lossy,10,1.0,2.0444393157958984e-05,0.99853515625,1,0.998514711856842
CHNCXR_0270_0,Shenzhen,0,2,lungs_lossy,30,0.2023963928222656,2.0444393157958984e-05,0.033599853515625,0,0.03357940912246704
CHNCXR_0270_0,Shenzhen,0,2,background_lossy,30,0.7976036071777344,2.0444393157958984e-05,0.0126266479492187,0,0.01260620355606074
CHNCXR_0270_0,Shenzhen,0,2,all_lossy,30,1.0,2.0444393157958984e-05,0.94091796875,1,0.940897524356842
CHNCXR_0270_0,Shenzhen,0,2,lungs_lossy,50,0.2023963928222656,2.0444393157958984e-05,3.850460052490234e-05,0,1.8060207366943353e-05
CHNCXR_0270_0,Shenzhen,0,2,background_lossy,50,0.7976036071777344,2.0444393157958984e-05,0.0006747245788574,0,0.000654280185699441
CHNCXR_0270_0,Shenzhen,0,2,all_lossy,50,1.0,2.0444393157958984e-05,0.0013618469238281,0,0.001341402530670141
CHNCXR_0270_0,Shenzhen,0,2,lungs_lossy,70,0.2023963928222656,2.0444393157958984e-05,2.3543834686279297e-05,0,3.0994415283203125e-06
CHNCXR_0270_0,Shenzhen,0,2,background_lossy,70,0.7976036071777344,2.0444393157958984e-05,0.0001252889633178,0,0.00010484457015984101
CHNCXR_0270_0,Shenzhen,0,2,all_lossy,70,1.0,2.0444393157958984e-05,0.0001622438430786,0,0.00014179944992064102
CHNCXR_0271_0,Shenzhen,0,0,lungs_lossy,10,0.2783910225048924,0.0004477500915527,0.2247314453125,0,0.2242836952209473
CHNCXR_0271_0,Shenzhen,0,0,background_lossy,10,0.7216089774951076,0.0004477500915527,0.0020103454589843,0,0.0015625953674315999
CHNCXR_0271_0,Shenzhen,0,0,all_lossy,10,1.0,0.0004477500915527,0.8671875,1,0.8667397499084473
CHNCXR_0271_0,Shenzhen,0,0,lungs_lossy,30,0.2783910225048924,0.0004477500915527,0.042083740234375,0,0.0416359901428223
CHNCXR_0271_0,Shenzhen,0,0,background_lossy,30,0.7216089774951076,0.0004477500915527,0.0003418922424316,0,0.00010585784912109998
CHNCXR_0271_0,Shenzhen,0,0,all_lossy,30,1.0,0.0004477500915527,0.0207977294921875,0,0.0203499794006348
CHNCXR_0271_0,Shenzhen,0,0,lungs_lossy,50,0.2783910225048924,0.0004477500915527,0.0029125213623046,0,0.0024647712707518998
CHNCXR_0271_0,Shenzhen,0,0,background_lossy,50,0.7216089774951076,0.0004477500915527,0.0004746913909912,0,2.694129943849998e-05
CHNCXR_0271_0,Shenzhen,0,0,all_lossy,50,1.0,0.0004477500915527,0.0015363693237304,0,0.0010886192321777001
CHNCXR_0271_0,Shenzhen,0,0,lungs_lossy,70,0.2783910225048924,0.0004477500915527,0.0003407001495361,0,0.00010704994201659999
CHNCXR_0271_0,Shenzhen,0,0,background_lossy,70,0.7216089774951076,0.0004477500915527,0.0003149509429931,0,0.00013279914855960002
CHNCXR_0271_0,Shenzhen,0,0,all_lossy,70,1.0,0.0004477500915527,0.0002453327178955,0,0.0002024173736572
CHNCXR_0272_0,Shenzhen,0,3,lungs_lossy,10,0.3772977941176471,0.07879638671875,0.15185546875,0,0.07305908203125
CHNCXR_0272_0,Shenzhen,0,3,background_lossy,10,0.6227022058823529,0.07879638671875,0.02691650390625,0,0.0518798828125
CHNCXR_0272_0,Shenzhen,0,3,all_lossy,10,1.0,0.07879638671875,0.1939697265625,0,0.11517333984375
CHNCXR_0272_0,Shenzhen,0,3,lungs_lossy,30,0.3772977941176471,0.07879638671875,0.6552734375,1,0.57647705078125
CHNCXR_0272_0,Shenzhen,0,3,background_lossy,30,0.6227022058823529,0.07879638671875,0.0192413330078125,0,0.0595550537109375
CHNCXR_0272_0,Shenzhen,0,3,all_lossy,30,1.0,0.07879638671875,0.322998046875,0,0.24420166015625
CHNCXR_0272_0,Shenzhen,0,3,lungs_lossy,50,0.3772977941176471,0.07879638671875,0.0843505859375,0,0.00555419921875
CHNCXR_0272_0,Shenzhen,0,3,background_lossy,50,0.6227022058823529,0.07879638671875,0.0323486328125,0,0.04644775390625
CHNCXR_0272_0,Shenzhen,0,3,all_lossy,50,1.0,0.07879638671875,0.038238525390625,0,0.040557861328125
CHNCXR_0272_0,Shenzhen,0,3,lungs_lossy,70,0.3772977941176471,0.07879638671875,0.0743408203125,0,0.00445556640625
CHNCXR_0272_0,Shenzhen,0,3,background_lossy,70,0.6227022058823529,0.07879638671875,0.049407958984375,0,0.029388427734375
CHNCXR_0272_0,Shenzhen,0,3,all_lossy,70,1.0,0.07879638671875,0.043121337890625,0,0.035675048828125
CHNCXR_0273_0,Shenzhen,0,2,lungs_lossy,10,0.3137461114253393,0.78173828125,0.99462890625,0,0.212890625
CHNCXR_0273_0,Shenzhen,0,2,background_lossy,10,0.6862538885746606,0.78173828125,0.59912109375,0,0.1826171875
CHNCXR_0273_0,Shenzhen,0,2,all_lossy,10,1.0,0.78173828125,0.99853515625,0,0.216796875
CHNCXR_0273_0,Shenzhen,0,2,lungs_lossy,30,0.3137461114253393,0.78173828125,0.9990234375,0,0.21728515625
CHNCXR_0273_0,Shenzhen,0,2,background_lossy,30,0.6862538885746606,0.78173828125,0.8115234375,0,0.02978515625
CHNCXR_0273_0,Shenzhen,0,2,all_lossy,30,1.0,0.78173828125,0.9990234375,0,0.21728515625
CHNCXR_0273_0,Shenzhen,0,2,lungs_lossy,50,0.3137461114253393,0.78173828125,0.98046875,0,0.19873046875
CHNCXR_0273_0,Shenzhen,0,2,background_lossy,50,0.6862538885746606,0.78173828125,0.869140625,0,0.08740234375
CHNCXR_0273_0,Shenzhen,0,2,all_lossy,50,1.0,0.78173828125,0.9892578125,0,0.20751953125
CHNCXR_0273_0,Shenzhen,0,2,lungs_lossy,70,0.3137461114253393,0.78173828125,0.85693359375,0,0.0751953125
CHNCXR_0273_0,Shenzhen,0,2,background_lossy,70,0.6862538885746606,0.78173828125,0.80517578125,0,0.0234375
CHNCXR_0273_0,Shenzhen,0,2,all_lossy,70,1.0,0.78173828125,0.8662109375,0,0.08447265625
CHNCXR_0274_0,Shenzhen,0,3,lungs_lossy,10,0.3529219438325991,0.2293701171875,0.056854248046875,0,0.172515869140625
CHNCXR_0274_0,Shenzhen,0,3,background_lossy,10,0.6470780561674009,0.2293701171875,0.09173583984375,0,0.13763427734375
CHNCXR_0274_0,Shenzhen,0,3,all_lossy,10,1.0,0.2293701171875,0.037689208984375,0,0.191680908203125
CHNCXR_0274_0,Shenzhen,0,3,lungs_lossy,30,0.3529219438325991,0.2293701171875,0.071044921875,0,0.1583251953125
CHNCXR_0274_0,Shenzhen,0,3,background_lossy,30,0.6470780561674009,0.2293701171875,0.09075927734375,0,0.13861083984375
CHNCXR_0274_0,Shenzhen,0,3,all_lossy,30,1.0,0.2293701171875,0.081787109375,0,0.1475830078125
CHNCXR_0274_0,Shenzhen,0,3,lungs_lossy,50,0.3529219438325991,0.2293701171875,0.1319580078125,0,0.097412109375
CHNCXR_0274_0,Shenzhen,0,3,background_lossy,50,0.6470780561674009,0.2293701171875,0.1510009765625,0,0.078369140625
CHNCXR_0274_0,Shenzhen,0,3,all_lossy,50,1.0,0.2293701171875,0.1187744140625,0,0.110595703125
CHNCXR_0274_0,Shenzhen,0,3,lungs_lossy,70,0.3529219438325991,0.2293701171875,0.260498046875,0,0.0311279296875
CHNCXR_0274_0,Shenzhen,0,3,background_lossy,70,0.6470780561674009,0.2293701171875,0.167724609375,0,0.0616455078125
CHNCXR_0274_0,Shenzhen,0,3,all_lossy,70,1.0,0.2293701171875,0.1873779296875,0,0.0419921875
CHNCXR_0275_0,Shenzhen,0,1,lungs_lossy,10,0.1826248168945312,0.001103401184082,0.0869140625,0,0.085810661315918
CHNCXR_0275_0,Shenzhen,0,1,background_lossy,10,0.8173751831054688,0.001103401184082,0.033905029296875,0,0.032801628112792997
CHNCXR_0275_0,Shenzhen,0,1,all_lossy,10,1.0,0.001103401184082,0.92138671875,1,0.920283317565918
CHNCXR_0275_0,Shenzhen,0,1,lungs_lossy,30,0.1826248168945312,0.001103401184082,0.0259552001953125,0,0.0248517990112305
CHNCXR_0275_0,Shenzhen,0,1,background_lossy,30,0.8173751831054688,0.001103401184082,0.0060958862304687,0,0.0049924850463867
CHNCXR_0275_0,Shenzhen,0,1,all_lossy,30,1.0,0.001103401184082,0.1953125,0,0.194209098815918
CHNCXR_0275_0,Shenzhen,0,1,lungs_lossy,50,0.1826248168945312,0.001103401184082,0.0056648254394531,0,0.0045614242553711
CHNCXR_0275_0,Shenzhen,0,1,background_lossy,50,0.8173751831054688,0.001103401184082,0.0018529891967773,0,0.0007495880126952999
CHNCXR_0275_0,Shenzhen,0,1,all_lossy,50,1.0,0.001103401184082,0.0096359252929687,0,0.0085325241088867
CHNCXR_0275_0,Shenzhen,0,1,lungs_lossy,70,0.1826248168945312,0.001103401184082,0.0011558532714843,0,5.245208740229995e-05
CHNCXR_0275_0,Shenzhen,0,1,background_lossy,70,0.8173751831054688,0.001103401184082,0.0009927749633789,0,0.00011062622070310006
CHNCXR_0275_0,Shenzhen,0,1,all_lossy,70,1.0,0.001103401184082,0.0009889602661132,0,0.00011444091796880009
CHNCXR_0276_0,Shenzhen,0,0,lungs_lossy,10,0.2221064530019685,0.8671875,0.9970703125,0,0.1298828125
CHNCXR_0276_0,Shenzhen,0,0,background_lossy,10,0.7778935469980315,0.8671875,0.7001953125,0,0.1669921875
CHNCXR_0276_0,Shenzhen,0,0,all_lossy,10,1.0,0.8671875,0.9921875,0,0.125
CHNCXR_0276_0,Shenzhen,0,0,lungs_lossy,30,0.2221064530019685,0.8671875,0.98974609375,0,0.12255859375
CHNCXR_0276_0,Shenzhen,0,0,background_lossy,30,0.7778935469980315,0.8671875,0.72802734375,0,0.13916015625
CHNCXR_0276_0,Shenzhen,0,0,all_lossy,30,1.0,0.8671875,0.97900390625,0,0.11181640625
CHNCXR_0276_0,Shenzhen,0,0,lungs_lossy,50,0.2221064530019685,0.8671875,0.9345703125,0,0.0673828125
CHNCXR_0276_0,Shenzhen,0,0,background_lossy,50,0.7778935469980315,0.8671875,0.642578125,0,0.224609375
CHNCXR_0276_0,Shenzhen,0,0,all_lossy,50,1.0,0.8671875,0.7802734375,0,0.0869140625
CHNCXR_0276_0,Shenzhen,0,0,lungs_lossy,70,0.2221064530019685,0.8671875,0.9033203125,0,0.0361328125
CHNCXR_0276_0,Shenzhen,0,0,background_lossy,70,0.7778935469980315,0.8671875,0.78515625,0,0.08203125
CHNCXR_0276_0,Shenzhen,0,0,all_lossy,70,1.0,0.8671875,0.83984375,0,0.02734375
CHNCXR_0277_0,Shenzhen,0,0,lungs_lossy,10,0.24871826171875,0.0008296966552734,0.916015625,1,0.9151859283447266
CHNCXR_0277_0,Shenzhen,0,0,background_lossy,10,0.75128173828125,0.0008296966552734,0.0005316734313964,0,0.00029802322387699996
CHNCXR_0277_0,Shenzhen,0,0,all_lossy,10,1.0,0.0008296966552734,0.9365234375,1,0.9356937408447266
CHNCXR_0277_0,Shenzhen,0,0,lungs_lossy,30,0.24871826171875,0.0008296966552734,0.332275390625,0,0.3314456939697266
CHNCXR_0277_0,Shenzhen,0,0,background_lossy,30,0.75128173828125,0.0008296966552734,9.244680404663086e-05,0,0.0007372498512267691
CHNCXR_0277_0,Shenzhen,0,0,all_lossy,30,1.0,0.0008296966552734,0.03167724609375,0,0.0308475494384766
CHNCXR_0277_0,Shenzhen,0,0,lungs_lossy,50,0.24871826171875,0.0008296966552734,0.0033893585205078,0,0.0025596618652344
CHNCXR_0277_0,Shenzhen,0,0,background_lossy,50,0.75128173828125,0.0008296966552734,0.0004124641418457,0,0.0004172325134277
CHNCXR_0277_0,Shenzhen,0,0,all_lossy,50,1.0,0.0008296966552734,0.0016546249389648,0,0.0008249282836914
CHNCXR_0277_0,Shenzhen,0,0,lungs_lossy,70,0.24871826171875,0.0008296966552734,0.0013990402221679,0,0.0005693435668945
CHNCXR_0277_0,Shenzhen,0,0,background_lossy,70,0.75128173828125,0.0008296966552734,0.000950813293457,0,0.00012111663818360004
CHNCXR_0277_0,Shenzhen,0,0,all_lossy,70,1.0,0.0008296966552734,0.0014724731445312,0,0.0006427764892577999
CHNCXR_0278_0,Shenzhen,0,0,lungs_lossy,10,0.3881697644335512,0.98193359375,1.0,0,0.01806640625
CHNCXR_0278_0,Shenzhen,0,0,background_lossy,10,0.6118302355664488,0.98193359375,0.83984375,0,0.14208984375
CHNCXR_0278_0,Shenzhen,0,0,all_lossy,10,1.0,0.98193359375,1.0,0,0.01806640625
CHNCXR_0278_0,Shenzhen,0,0,lungs_lossy,30,0.3881697644335512,0.98193359375,0.998046875,0,0.01611328125
CHNCXR_0278_0,Shenzhen,0,0,background_lossy,30,0.6118302355664488,0.98193359375,0.9267578125,0,0.05517578125
CHNCXR_0278_0,Shenzhen,0,0,all_lossy,30,1.0,0.98193359375,0.98828125,0,0.00634765625
CHNCXR_0278_0,Shenzhen,0,0,lungs_lossy,50,0.3881697644335512,0.98193359375,0.99267578125,0,0.0107421875
CHNCXR_0278_0,Shenzhen,0,0,background_lossy,50,0.6118302355664488,0.98193359375,0.96044921875,0,0.021484375
CHNCXR_0278_0,Shenzhen,0,0,all_lossy,50,1.0,0.98193359375,0.986328125,0,0.00439453125
CHNCXR_0278_0,Shenzhen,0,0,lungs_lossy,70,0.3881697644335512,0.98193359375,0.97705078125,0,0.0048828125
CHNCXR_0278_0,Shenzhen,0,0,background_lossy,70,0.6118302355664488,0.98193359375,0.98193359375,0,0.0
CHNCXR_0278_0,Shenzhen,0,0,all_lossy,70,1.0,0.98193359375,0.97802734375,0,0.00390625
CHNCXR_0279_0,Shenzhen,0,1,lungs_lossy,10,0.3558699105290456,0.72216796875,0.9443359375,0,0.22216796875
CHNCXR_0279_0,Shenzhen,0,1,background_lossy,10,0.6441300894709543,0.72216796875,0.8134765625,0,0.09130859375
CHNCXR_0279_0,Shenzhen,0,1,all_lossy,10,1.0,0.72216796875,0.98193359375,0,0.259765625
CHNCXR_0279_0,Shenzhen,0,1,lungs_lossy,30,0.3558699105290456,0.72216796875,0.98876953125,0,0.2666015625
CHNCXR_0279_0,Shenzhen,0,1,background_lossy,30,0.6441300894709543,0.72216796875,0.86083984375,0,0.138671875
CHNCXR_0279_0,Shenzhen,0,1,all_lossy,30,1.0,0.72216796875,0.9921875,0,0.27001953125
CHNCXR_0279_0,Shenzhen,0,1,lungs_lossy,50,0.3558699105290456,0.72216796875,0.95654296875,0,0.234375
CHNCXR_0279_0,Shenzhen,0,1,background_lossy,50,0.6441300894709543,0.72216796875,0.7333984375,0,0.01123046875
CHNCXR_0279_0,Shenzhen,0,1,all_lossy,50,1.0,0.72216796875,0.955078125,0,0.23291015625
CHNCXR_0279_0,Shenzhen,0,1,lungs_lossy,70,0.3558699105290456,0.72216796875,0.7421875,0,0.02001953125
CHNCXR_0279_0,Shenzhen,0,1,background_lossy,70,0.6441300894709543,0.72216796875,0.76123046875,0,0.0390625
CHNCXR_0279_0,Shenzhen,0,1,all_lossy,70,1.0,0.72216796875,0.75439453125,0,0.0322265625
CHNCXR_0280_0,Shenzhen,0,3,lungs_lossy,10,0.1870458783436214,0.0003366470336914,0.093017578125,0,0.0926809310913086
CHNCXR_0280_0,Shenzhen,0,3,background_lossy,10,0.8129541216563786,0.0003366470336914,0.0010318756103515,0,0.0006952285766601001
CHNCXR_0280_0,Shenzhen,0,3,all_lossy,10,1.0,0.0003366470336914,0.1644287109375,0,0.1640920639038086
CHNCXR_0280_0,Shenzhen,0,3,lungs_lossy,30,0.1870458783436214,0.0003366470336914,0.0080032348632812,0,0.0076665878295897995
CHNCXR_0280_0,Shenzhen,0,3,background_lossy,30,0.8129541216563786,0.0003366470336914,0.0003697872161865,0,3.31401824951e-05
CHNCXR_0280_0,Shenzhen,0,3,all_lossy,30,1.0,0.0003366470336914,0.0050201416015625,0,0.0046834945678711
CHNCXR_0280_0,Shenzhen,0,3,lungs_lossy,50,0.1870458783436214,0.0003366470336914,0.0004916191101074,0,0.00015497207641599996
CHNCXR_0280_0,Shenzhen,0,3,background_lossy,50,0.8129541216563786,0.0003366470336914,0.0002613067626953,0,7.534027099610004e-05
CHNCXR_0280_0,Shenzhen,0,3,all_lossy,50,1.0,0.0003366470336914,0.0004458427429199,0,0.00010919570922849996
CHNCXR_0280_0,Shenzhen,0,3,lungs_lossy,70,0.1870458783436214,0.0003366470336914,0.0004205703735351,0,8.392333984369996e-05
CHNCXR_0280_0,Shenzhen,0,3,background_lossy,70,0.8129541216563786,0.0003366470336914,0.0003669261932373,0,3.027915954590001e-05
CHNCXR_0280_0,Shenzhen,0,3,all_lossy,70,1.0,0.0003366470336914,0.0004289150238037,0,9.226799011229997e-05
CHNCXR_0281_0,Shenzhen,0,0,lungs_lossy,10,0.2596918489065606,0.0001097321510314,0.93896484375,1,0.9388551115989686
CHNCXR_0281_0,Shenzhen,0,0,background_lossy,10,0.7403081510934393,0.0001097321510314,8.958578109741211e-05,0,2.0146369933987895e-05
CHNCXR_0281_0,Shenzhen,0,0,all_lossy,10,1.0,0.0001097321510314,0.50146484375,1,0.5013551115989686
CHNCXR_0281_0,Shenzhen,0,0,lungs_lossy,30,0.2596918489065606,0.0001097321510314,0.8994140625,1,0.8993043303489686
CHNCXR_0281_0,Shenzhen,0,0,background_lossy,30,0.7403081510934393,0.0001097321510314,1.925230026245117e-05,0,9.047985076894883e-05
CHNCXR_0281_0,Shenzhen,0,0,all_lossy,30,1.0,0.0001097321510314,0.125244140625,0,0.1251344084739686
CHNCXR_0281_0,Shenzhen,0,0,lungs_lossy,50,0.2596918489065606,0.0001097321510314,0.0004355907440185,0,0.0003258585929871
CHNCXR_0281_0,Shenzhen,0,0,background_lossy,50,0.7403081510934393,0.0001097321510314,3.272294998168945e-05,0,7.700920104971055e-05
CHNCXR_0281_0,Shenzhen,0,0,all_lossy,50,1.0,0.0001097321510314,0.0001022815704345,0,7.450580596900003e-06
CHNCXR_0281_0,Shenzhen,0,0,lungs_lossy,70,0.2596918489065606,0.0001097321510314,0.0001647472381591,0,5.5015087127699994e-05
CHNCXR_0281_0,Shenzhen,0,0,background_lossy,70,0.7403081510934393,0.0001097321510314,9.459257125854492e-05,0,1.5139579772855083e-05
CHNCXR_0281_0,Shenzhen,0,0,all_lossy,70,1.0,0.0001097321510314,0.0001323223114013,0,2.259016036989999e-05
CHNCXR_0282_0,Shenzhen,0,4,lungs_lossy,10,0.2816938920454545,0.06658935546875,0.446533203125,0,0.37994384765625
CHNCXR_0282_0,Shenzhen,0,4,background_lossy,10,0.7183061079545454,0.06658935546875,0.1556396484375,0,0.08905029296875
CHNCXR_0282_0,Shenzhen,0,4,all_lossy,10,1.0,0.06658935546875,0.41357421875,0,0.34698486328125
CHNCXR_0282_0,Shenzhen,0,4,lungs_lossy,30,0.2816938920454545,0.06658935546875,0.425537109375,0,0.35894775390625
CHNCXR_0282_0,Shenzhen,0,4,background_lossy,30,0.7183061079545454,0.06658935546875,0.10467529296875,0,0.0380859375
CHNCXR_0282_0,Shenzhen,0,4,all_lossy,30,1.0,0.06658935546875,0.451171875,0,0.38458251953125
CHNCXR_0282_0,Shenzhen,0,4,lungs_lossy,50,0.2816938920454545,0.06658935546875,0.1580810546875,0,0.09149169921875
CHNCXR_0282_0,Shenzhen,0,4,background_lossy,50,0.7183061079545454,0.06658935546875,0.0738525390625,0,0.00726318359375
CHNCXR_0282_0,Shenzhen,0,4,all_lossy,50,1.0,0.06658935546875,0.1629638671875,0,0.09637451171875
CHNCXR_0282_0,Shenzhen,0,4,lungs_lossy,70,0.2816938920454545,0.06658935546875,0.091552734375,0,0.02496337890625
CHNCXR_0282_0,Shenzhen,0,4,background_lossy,70,0.7183061079545454,0.06658935546875,0.06500244140625,0,0.0015869140625
CHNCXR_0282_0,Shenzhen,0,4,all_lossy,70,1.0,0.06658935546875,0.0938720703125,0,0.02728271484375
CHNCXR_0283_0,Shenzhen,0,1,lungs_lossy,10,0.2548350354696673,4.297494888305664e-05,0.0002199411392211,0,0.00017696619033804337
CHNCXR_0283_0,Shenzhen,0,1,background_lossy,10,0.7451649645303327,4.297494888305664e-05,0.0057525634765625,0,0.005709588527679443
CHNCXR_0283_0,Shenzhen,0,1,all_lossy,10,1.0,4.297494888305664e-05,0.2181396484375,0,0.21809667348861694
CHNCXR_0283_0,Shenzhen,0,1,lungs_lossy,30,0.2548350354696673,4.297494888305664e-05,0.0019187927246093,0,0.0018758177757262433
CHNCXR_0283_0,Shenzhen,0,1,background_lossy,30,0.7451649645303327,4.297494888305664e-05,0.0006117820739746,0,0.0005688071250915434
CHNCXR_0283_0,Shenzhen,0,1,all_lossy,30,1.0,4.297494888305664e-05,0.0143890380859375,0,0.014346063137054443
CHNCXR_0283_0,Shenzhen,0,1,lungs_lossy,50,0.2548350354696673,4.297494888305664e-05,0.0002018213272094,0,0.00015884637832634335
CHNCXR_0283_0,Shenzhen,0,1,background_lossy,50,0.7451649645303327,4.297494888305664e-05,7.969141006469727e-05,0,3.6716461181640625e-05
CHNCXR_0283_0,Shenzhen,0,1,all_lossy,50,1.0,4.297494888305664e-05,0.0002166032791137,0,0.00017362833023064337
CHNCXR_0283_0,Shenzhen,0,1,lungs_lossy,70,0.2548350354696673,4.297494888305664e-05,3.4809112548828125e-05,0,8.165836334228516e-06
CHNCXR_0283_0,Shenzhen,0,1,background_lossy,70,0.7451649645303327,4.297494888305664e-05,5.7816505432128906e-05,0,1.4841556549072266e-05
CHNCXR_0283_0,Shenzhen,0,1,all_lossy,70,1.0,4.297494888305664e-05,4.613399505615234e-05,0,3.1590461730956963e-06
CHNCXR_0284_0,Shenzhen,0,0,lungs_lossy,10,0.1905205754950495,9.101629257202148e-05,0.1600341796875,0,0.15994316339492798
CHNCXR_0284_0,Shenzhen,0,0,background_lossy,10,0.8094794245049505,9.101629257202148e-05,0.0010042190551757,0,0.0009132027626036785
CHNCXR_0284_0,Shenzhen,0,0,all_lossy,10,1.0,9.101629257202148e-05,0.83203125,1,0.831940233707428
CHNCXR_0284_0,Shenzhen,0,0,lungs_lossy,30,0.1905205754950495,9.101629257202148e-05,0.998046875,1,0.997955858707428
CHNCXR_0284_0,Shenzhen,0,0,background_lossy,30,0.8094794245049505,9.101629257202148e-05,0.0001634359359741,0,7.241964340207852e-05
CHNCXR_0284_0,Shenzhen,0,0,all_lossy,30,1.0,9.101629257202148e-05,0.9013671875,1,0.901276171207428
CHNCXR_0284_0,Shenzhen,0,0,lungs_lossy,50,0.1905205754950495,9.101629257202148e-05,0.002359390258789,0,0.0022683739662169786
CHNCXR_0284_0,Shenzhen,0,0,background_lossy,50,0.8094794245049505,9.101629257202148e-05,5.143880844116211e-05,0,3.9577484130859375e-05
CHNCXR_0284_0,Shenzhen,0,0,all_lossy,50,1.0,9.101629257202148e-05,0.0005836486816406,0,0.0004926323890685785
CHNCXR_0284_0,Shenzhen,0,0,lungs_lossy,70,0.1905205754950495,9.101629257202148e-05,8.416175842285156e-05,0,6.854534149169922e-06
CHNCXR_0284_0,Shenzhen,0,0,background_lossy,70,0.8094794245049505,9.101629257202148e-05,8.028745651245117e-05,0,1.0728836059570312e-05
CHNCXR_0284_0,Shenzhen,0,0,all_lossy,70,1.0,9.101629257202148e-05,7.426738739013672e-05,0,1.6748905181884766e-05
CHNCXR_0285_0,Shenzhen,0,4,lungs_lossy,10,0.2638740539550781,0.061767578125,0.116943359375,0,0.05517578125
CHNCXR_0285_0,Shenzhen,0,4,background_lossy,10,0.7361259460449219,0.061767578125,0.1966552734375,0,0.1348876953125
CHNCXR_0285_0,Shenzhen,0,4,all_lossy,10,1.0,0.061767578125,0.26904296875,0,0.207275390625
CHNCXR_0285_0,Shenzhen,0,4,lungs_lossy,30,0.2638740539550781,0.061767578125,0.224365234375,0,0.16259765625
CHNCXR_0285_0,Shenzhen,0,4,background_lossy,30,0.7361259460449219,0.061767578125,0.1221923828125,0,0.0604248046875
CHNCXR_0285_0,Shenzhen,0,4,all_lossy,30,1.0,0.061767578125,0.39453125,0,0.332763671875
CHNCXR_0285_0,Shenzhen,0,4,lungs_lossy,50,0.2638740539550781,0.061767578125,0.1484375,0,0.086669921875
CHNCXR_0285_0,Shenzhen,0,4,background_lossy,50,0.7361259460449219,0.061767578125,0.07574462890625,0,0.01397705078125
CHNCXR_0285_0,Shenzhen,0,4,all_lossy,50,1.0,0.061767578125,0.1905517578125,0,0.1287841796875
CHNCXR_0285_0,Shenzhen,0,4,lungs_lossy,70,0.2638740539550781,0.061767578125,0.06396484375,0,0.002197265625
CHNCXR_0285_0,Shenzhen,0,4,background_lossy,70,0.7361259460449219,0.061767578125,0.07171630859375,0,0.00994873046875
CHNCXR_0285_0,Shenzhen,0,4,all_lossy,70,1.0,0.061767578125,0.07501220703125,0,0.01324462890625
CHNCXR_0286_0,Shenzhen,0,3,lungs_lossy,10,0.2999596974206349,0.039276123046875,0.030792236328125,0,0.00848388671875
CHNCXR_0286_0,Shenzhen,0,3,background_lossy,10,0.7000403025793651,0.039276123046875,0.0101318359375,0,0.029144287109375
CHNCXR_0286_0,Shenzhen,0,3,all_lossy,10,1.0,0.039276123046875,0.04345703125,0,0.004180908203125
CHNCXR_0286_0,Shenzhen,0,3,lungs_lossy,30,0.2999596974206349,0.039276123046875,0.03289794921875,0,0.006378173828125
CHNCXR_0286_0,Shenzhen,0,3,background_lossy,30,0.7000403025793651,0.039276123046875,0.0123825073242187,0,0.0268936157226563
CHNCXR_0286_0,Shenzhen,0,3,all_lossy,30,1.0,0.039276123046875,0.0287628173828125,0,0.0105133056640625
CHNCXR_0286_0,Shenzhen,0,3,lungs_lossy,50,0.2999596974206349,0.039276123046875,0.1617431640625,0,0.122467041015625
CHNCXR_0286_0,Shenzhen,0,3,background_lossy,50,0.7000403025793651,0.039276123046875,0.0165252685546875,0,0.0227508544921875
CHNCXR_0286_0,Shenzhen,0,3,all_lossy,50,1.0,0.039276123046875,0.054901123046875,0,0.015625
CHNCXR_0286_0,Shenzhen,0,3,lungs_lossy,70,0.2999596974206349,0.039276123046875,0.052032470703125,0,0.01275634765625
CHNCXR_0286_0,Shenzhen,0,3,background_lossy,70,0.7000403025793651,0.039276123046875,0.0280609130859375,0,0.0112152099609375
CHNCXR_0286_0,Shenzhen,0,3,all_lossy,70,1.0,0.039276123046875,0.033477783203125,0,0.00579833984375
CHNCXR_0287_0,Shenzhen,0,0,lungs_lossy,10,0.2888928429555085,0.28955078125,0.97021484375,1,0.6806640625
CHNCXR_0287_0,Shenzhen,0,0,background_lossy,10,0.7111071570444916,0.28955078125,0.08587646484375,0,0.20367431640625
CHNCXR_0287_0,Shenzhen,0,0,all_lossy,10,1.0,0.28955078125,0.9814453125,1,0.69189453125
CHNCXR_0287_0,Shenzhen,0,0,lungs_lossy,30,0.2888928429555085,0.28955078125,0.99560546875,1,0.7060546875
CHNCXR_0287_0,Shenzhen,0,0,background_lossy,30,0.7111071570444916,0.28955078125,0.057586669921875,0,0.231964111328125
CHNCXR_0287_0,Shenzhen,0,0,all_lossy,30,1.0,0.28955078125,0.95458984375,1,0.6650390625
CHNCXR_0287_0,Shenzhen,0,0,lungs_lossy,50,0.2888928429555085,0.28955078125,0.36474609375,0,0.0751953125
CHNCXR_0287_0,Shenzhen,0,0,background_lossy,50,0.7111071570444916,0.28955078125,0.10504150390625,0,0.18450927734375
CHNCXR_0287_0,Shenzhen,0,0,all_lossy,50,1.0,0.28955078125,0.1348876953125,0,0.1546630859375
CHNCXR_0287_0,Shenzhen,0,0,lungs_lossy,70,0.2888928429555085,0.28955078125,0.282958984375,0,0.006591796875
CHNCXR_0287_0,Shenzhen,0,0,background_lossy,70,0.7111071570444916,0.28955078125,0.296630859375,0,0.007080078125
CHNCXR_0287_0,Shenzhen,0,0,all_lossy,70,1.0,0.28955078125,0.288818359375,0,0.000732421875
CHNCXR_0288_0,Shenzhen,0,1,lungs_lossy,10,0.306153549382716,0.035003662109375,0.27685546875,0,0.241851806640625
CHNCXR_0288_0,Shenzhen,0,1,background_lossy,10,0.6938464506172839,0.035003662109375,0.09234619140625,0,0.057342529296875
CHNCXR_0288_0,Shenzhen,0,1,all_lossy,10,1.0,0.035003662109375,0.54541015625,1,0.510406494140625
CHNCXR_0288_0,Shenzhen,0,1,lungs_lossy,30,0.306153549382716,0.035003662109375,0.955078125,1,0.920074462890625
CHNCXR_0288_0,Shenzhen,0,1,background_lossy,30,0.6938464506172839,0.035003662109375,0.042633056640625,0,0.00762939453125
CHNCXR_0288_0,Shenzhen,0,1,all_lossy,30,1.0,0.035003662109375,0.83740234375,1,0.802398681640625
CHNCXR_0288_0,Shenzhen,0,1,lungs_lossy,50,0.306153549382716,0.035003662109375,0.083740234375,0,0.048736572265625
CHNCXR_0288_0,Shenzhen,0,1,background_lossy,50,0.6938464506172839,0.035003662109375,0.0305633544921875,0,0.0044403076171875
CHNCXR_0288_0,Shenzhen,0,1,all_lossy,50,1.0,0.035003662109375,0.042388916015625,0,0.00738525390625
CHNCXR_0288_0,Shenzhen,0,1,lungs_lossy,70,0.306153549382716,0.035003662109375,0.0309600830078125,0,0.0040435791015625
CHNCXR_0288_0,Shenzhen,0,1,background_lossy,70,0.6938464506172839,0.035003662109375,0.0164642333984375,0,0.0185394287109375
CHNCXR_0288_0,Shenzhen,0,1,all_lossy,70,1.0,0.035003662109375,0.0139541625976562,0,0.0210494995117188
CHNCXR_0289_0,Shenzhen,0,4,lungs_lossy,10,0.2110423397117296,0.0035934448242187,0.317626953125,0,0.3140335083007813
CHNCXR_0289_0,Shenzhen,0,4,background_lossy,10,0.7889576602882704,0.0035934448242187,0.0049247741699218,0,0.0013313293457031003
CHNCXR_0289_0,Shenzhen,0,4,all_lossy,10,1.0,0.0035934448242187,0.267578125,0,0.2639846801757813
CHNCXR_0289_0,Shenzhen,0,4,lungs_lossy,30,0.2110423397117296,0.0035934448242187,0.042816162109375,0,0.0392227172851563
CHNCXR_0289_0,Shenzhen,0,4,background_lossy,30,0.7889576602882704,0.0035934448242187,0.0039596557617187,0,0.00036621093749999957
CHNCXR_0289_0,Shenzhen,0,4,all_lossy,30,1.0,0.0035934448242187,0.039642333984375,0,0.0360488891601563
CHNCXR_0289_0,Shenzhen,0,4,lungs_lossy,50,0.2110423397117296,0.0035934448242187,0.0071487426757812,0,0.0035552978515624996
CHNCXR_0289_0,Shenzhen,0,4,background_lossy,50,0.7889576602882704,0.0035934448242187,0.003692626953125,0,9.918212890629987e-05
CHNCXR_0289_0,Shenzhen,0,4,all_lossy,50,1.0,0.0035934448242187,0.0067176818847656,0,0.0031242370605468997
CHNCXR_0289_0,Shenzhen,0,4,lungs_lossy,70,0.2110423397117296,0.0035934448242187,0.0042152404785156,0,0.0006217956542968997
CHNCXR_0289_0,Shenzhen,0,4,background_lossy,70,0.7889576602882704,0.0035934448242187,0.003692626953125,0,9.918212890629987e-05
CHNCXR_0289_0,Shenzhen,0,4,all_lossy,70,1.0,0.0035934448242187,0.0045738220214843,0,0.0009803771972656003
CHNCXR_0290_0,Shenzhen,0,2,lungs_lossy,10,0.2376988071570576,0.0048675537109375,0.0113754272460937,0,0.0065078735351562
CHNCXR_0290_0,Shenzhen,0,2,background_lossy,10,0.7623011928429424,0.0048675537109375,0.5087890625,1,0.5039215087890625
CHNCXR_0290_0,Shenzhen,0,2,all_lossy,10,1.0,0.0048675537109375,0.88134765625,1,0.8764801025390625
CHNCXR_0290_0,Shenzhen,0,2,lungs_lossy,30,0.2376988071570576,0.0048675537109375,0.325927734375,0,0.3210601806640625
CHNCXR_0290_0,Shenzhen,0,2,background_lossy,30,0.7623011928429424,0.0048675537109375,0.426025390625,0,0.4211578369140625
CHNCXR_0290_0,Shenzhen,0,2,all_lossy,30,1.0,0.0048675537109375,0.9794921875,1,0.9746246337890625
CHNCXR_0290_0,Shenzhen,0,2,lungs_lossy,50,0.2376988071570576,0.0048675537109375,0.0213623046875,0,0.0164947509765625
CHNCXR_0290_0,Shenzhen,0,2,background_lossy,50,0.7623011928429424,0.0048675537109375,0.1441650390625,0,0.1392974853515625
CHNCXR_0290_0,Shenzhen,0,2,all_lossy,50,1.0,0.0048675537109375,0.40576171875,0,0.4008941650390625
CHNCXR_0290_0,Shenzhen,0,2,lungs_lossy,70,0.2376988071570576,0.0048675537109375,0.0040245056152343,0,0.0008430480957031996
CHNCXR_0290_0,Shenzhen,0,2,background_lossy,70,0.7623011928429424,0.0048675537109375,0.0110702514648437,0,0.0062026977539062
CHNCXR_0290_0,Shenzhen,0,2,all_lossy,70,1.0,0.0048675537109375,0.008514404296875,0,0.0036468505859375
CHNCXR_0291_0,Shenzhen,0,4,lungs_lossy,10,0.3893449638944223,0.32958984375,0.99560546875,1,0.666015625
CHNCXR_0291_0,Shenzhen,0,4,background_lossy,10,0.6106550361055777,0.32958984375,0.2685546875,0,0.06103515625
CHNCXR_0291_0,Shenzhen,0,4,all_lossy,10,1.0,0.32958984375,0.96826171875,1,0.638671875
CHNCXR_0291_0,Shenzhen,0,4,lungs_lossy,30,0.3893449638944223,0.32958984375,0.91943359375,1,0.58984375
CHNCXR_0291_0,Shenzhen,0,4,background_lossy,30,0.6106550361055777,0.32958984375,0.26318359375,0,0.06640625
CHNCXR_0291_0,Shenzhen,0,4,all_lossy,30,1.0,0.32958984375,0.82568359375,1,0.49609375
CHNCXR_0291_0,Shenzhen,0,4,lungs_lossy,50,0.3893449638944223,0.32958984375,0.5185546875,1,0.18896484375
CHNCXR_0291_0,Shenzhen,0,4,background_lossy,50,0.6106550361055777,0.32958984375,0.33349609375,0,0.00390625
CHNCXR_0291_0,Shenzhen,0,4,all_lossy,50,1.0,0.32958984375,0.50341796875,1,0.173828125
CHNCXR_0291_0,Shenzhen,0,4,lungs_lossy,70,0.3893449638944223,0.32958984375,0.322998046875,0,0.006591796875
CHNCXR_0291_0,Shenzhen,0,4,background_lossy,70,0.6106550361055777,0.32958984375,0.30908203125,0,0.0205078125
CHNCXR_0291_0,Shenzhen,0,4,all_lossy,70,1.0,0.32958984375,0.305908203125,0,0.023681640625
CHNCXR_0292_0,Shenzhen,0,2,lungs_lossy,10,0.2214020564115308,0.0738525390625,0.9794921875,1,0.9056396484375
CHNCXR_0292_0,Shenzhen,0,2,background_lossy,10,0.7785979435884691,0.0738525390625,0.47705078125,0,0.4031982421875
CHNCXR_0292_0,Shenzhen,0,2,all_lossy,10,1.0,0.0738525390625,0.9990234375,1,0.9251708984375
CHNCXR_0292_0,Shenzhen,0,2,lungs_lossy,30,0.2214020564115308,0.0738525390625,0.99755859375,1,0.9237060546875
CHNCXR_0292_0,Shenzhen,0,2,background_lossy,30,0.7785979435884691,0.0738525390625,0.1650390625,0,0.0911865234375
CHNCXR_0292_0,Shenzhen,0,2,all_lossy,30,1.0,0.0738525390625,0.99560546875,1,0.9217529296875
CHNCXR_0292_0,Shenzhen,0,2,lungs_lossy,50,0.2214020564115308,0.0738525390625,0.1553955078125,0,0.08154296875
CHNCXR_0292_0,Shenzhen,0,2,background_lossy,50,0.7785979435884691,0.0738525390625,0.027008056640625,0,0.046844482421875
CHNCXR_0292_0,Shenzhen,0,2,all_lossy,50,1.0,0.0738525390625,0.042633056640625,0,0.031219482421875
CHNCXR_0292_0,Shenzhen,0,2,lungs_lossy,70,0.2214020564115308,0.0738525390625,0.132080078125,0,0.0582275390625
CHNCXR_0292_0,Shenzhen,0,2,background_lossy,70,0.7785979435884691,0.0738525390625,0.04345703125,0,0.0303955078125
CHNCXR_0292_0,Shenzhen,0,2,all_lossy,70,1.0,0.0738525390625,0.07489013671875,0,0.00103759765625
CHNCXR_0293_0,Shenzhen,0,4,lungs_lossy,10,0.2660909542743538,0.12139892578125,0.33154296875,0,0.21014404296875
CHNCXR_0293_0,Shenzhen,0,4,background_lossy,10,0.7339090457256461,0.12139892578125,0.165771484375,0,0.04437255859375
CHNCXR_0293_0,Shenzhen,0,4,all_lossy,10,1.0,0.12139892578125,0.33984375,0,0.21844482421875
CHNCXR_0293_0,Shenzhen,0,4,lungs_lossy,30,0.2660909542743538,0.12139892578125,0.379150390625,0,0.25775146484375
CHNCXR_0293_0,Shenzhen,0,4,background_lossy,30,0.7339090457256461,0.12139892578125,0.133056640625,0,0.01165771484375
CHNCXR_0293_0,Shenzhen,0,4,all_lossy,30,1.0,0.12139892578125,0.329833984375,0,0.20843505859375
CHNCXR_0293_0,Shenzhen,0,4,lungs_lossy,50,0.2660909542743538,0.12139892578125,0.254150390625,0,0.13275146484375
CHNCXR_0293_0,Shenzhen,0,4,background_lossy,50,0.7339090457256461,0.12139892578125,0.13427734375,0,0.01287841796875
CHNCXR_0293_0,Shenzhen,0,4,all_lossy,50,1.0,0.12139892578125,0.276611328125,0,0.15521240234375
CHNCXR_0293_0,Shenzhen,0,4,lungs_lossy,70,0.2660909542743538,0.12139892578125,0.130859375,0,0.00946044921875
CHNCXR_0293_0,Shenzhen,0,4,background_lossy,70,0.7339090457256461,0.12139892578125,0.115966796875,0,0.00543212890625
CHNCXR_0293_0,Shenzhen,0,4,all_lossy,70,1.0,0.12139892578125,0.12420654296875,0,0.0028076171875
CHNCXR_0294_0,Shenzhen,0,3,lungs_lossy,10,0.2544576292246521,0.048583984375,0.07196044921875,0,0.02337646484375
CHNCXR_0294_0,Shenzhen,0,3,background_lossy,10,0.7455423707753479,0.048583984375,0.0017070770263671,0,0.0468769073486329
CHNCXR_0294_0,Shenzhen,0,3,all_lossy,10,1.0,0.048583984375,0.0323486328125,0,0.0162353515625
CHNCXR_0294_0,Shenzhen,0,3,lungs_lossy,30,0.2544576292246521,0.048583984375,0.0439453125,0,0.004638671875
CHNCXR_0294_0,Shenzhen,0,3,background_lossy,30,0.7455423707753479,0.048583984375,0.0039443969726562,0,0.0446395874023438
CHNCXR_0294_0,Shenzhen,0,3,all_lossy,30,1.0,0.048583984375,0.0055770874023437,0,0.0430068969726563
CHNCXR_0294_0,Shenzhen,0,3,lungs_lossy,50,0.2544576292246521,0.048583984375,0.10650634765625,0,0.05792236328125
CHNCXR_0294_0,Shenzhen,0,3,background_lossy,50,0.7455423707753479,0.048583984375,0.0134811401367187,0,0.0351028442382813
CHNCXR_0294_0,Shenzhen,0,3,all_lossy,50,1.0,0.048583984375,0.0287628173828125,0,0.0198211669921875
CHNCXR_0294_0,Shenzhen,0,3,lungs_lossy,70,0.2544576292246521,0.048583984375,0.07135009765625,0,0.02276611328125
CHNCXR_0294_0,Shenzhen,0,3,background_lossy,70,0.7455423707753479,0.048583984375,0.018798828125,0,0.02978515625
CHNCXR_0294_0,Shenzhen,0,3,all_lossy,70,1.0,0.048583984375,0.0289306640625,0,0.0196533203125
CHNCXR_0295_0,Shenzhen,0,0,lungs_lossy,10,0.3059626807851239,0.0123367309570312,0.064208984375,0,0.0518722534179688
CHNCXR_0295_0,Shenzhen,0,0,background_lossy,10,0.6940373192148761,0.0123367309570312,0.0252227783203125,0,0.0128860473632813
CHNCXR_0295_0,Shenzhen,0,0,all_lossy,10,1.0,0.0123367309570312,0.6435546875,1,0.6312179565429688
CHNCXR_0295_0,Shenzhen,0,0,lungs_lossy,30,0.3059626807851239,0.0123367309570312,0.99072265625,1,0.9783859252929688
CHNCXR_0295_0,Shenzhen,0,0,background_lossy,30,0.6940373192148761,0.0123367309570312,0.01177978515625,0,0.0005569458007811997
CHNCXR_0295_0,Shenzhen,0,0,all_lossy,30,1.0,0.0123367309570312,0.85498046875,1,0.8426437377929688
CHNCXR_0295_0,Shenzhen,0,0,lungs_lossy,50,0.3059626807851239,0.0123367309570312,0.10797119140625,0,0.0956344604492188
CHNCXR_0295_0,Shenzhen,0,0,background_lossy,50,0.6940373192148761,0.0123367309570312,0.0047569274902343,0,0.007579803466796899
CHNCXR_0295_0,Shenzhen,0,0,all_lossy,50,1.0,0.0123367309570312,0.038970947265625,0,0.0266342163085938
CHNCXR_0295_0,Shenzhen,0,0,lungs_lossy,70,0.3059626807851239,0.0123367309570312,0.0096359252929687,0,0.0027008056640625
CHNCXR_0295_0,Shenzhen,0,0,background_lossy,70,0.6940373192148761,0.0123367309570312,0.0107803344726562,0,0.001556396484375
CHNCXR_0295_0,Shenzhen,0,0,all_lossy,70,1.0,0.0123367309570312,0.0083770751953125,0,0.0039596557617187
CHNCXR_0296_0,Shenzhen,0,0,lungs_lossy,10,0.3575308303202479,0.998046875,1.0,0,0.001953125
CHNCXR_0296_0,Shenzhen,0,0,background_lossy,10,0.642469169679752,0.998046875,0.98486328125,0,0.01318359375
CHNCXR_0296_0,Shenzhen,0,0,all_lossy,10,1.0,0.998046875,1.0,0,0.001953125
CHNCXR_0296_0,Shenzhen,0,0,lungs_lossy,30,0.3575308303202479,0.998046875,1.0,0,0.001953125
CHNCXR_0296_0,Shenzhen,0,0,background_lossy,30,0.642469169679752,0.998046875,0.98486328125,0,0.01318359375
CHNCXR_0296_0,Shenzhen,0,0,all_lossy,30,1.0,0.998046875,0.99853515625,0,0.00048828125
CHNCXR_0296_0,Shenzhen,0,0,lungs_lossy,50,0.3575308303202479,0.998046875,0.99951171875,0,0.00146484375
CHNCXR_0296_0,Shenzhen,0,0,background_lossy,50,0.642469169679752,0.998046875,0.99365234375,0,0.00439453125
CHNCXR_0296_0,Shenzhen,0,0,all_lossy,50,1.0,0.998046875,0.998046875,0,0.0
CHNCXR_0296_0,Shenzhen,0,0,lungs_lossy,70,0.3575308303202479,0.998046875,0.99853515625,0,0.00048828125
CHNCXR_0296_0,Shenzhen,0,0,background_lossy,70,0.642469169679752,0.998046875,0.9970703125,0,0.0009765625
CHNCXR_0296_0,Shenzhen,0,0,all_lossy,70,1.0,0.998046875,0.998046875,0,0.0
CHNCXR_0297_0,Shenzhen,0,2,lungs_lossy,10,0.2090386284722222,0.0015192031860351,0.10894775390625,0,0.1074285507202149
CHNCXR_0297_0,Shenzhen,0,2,background_lossy,10,0.7909613715277778,0.0015192031860351,0.00933837890625,0,0.0078191757202149
CHNCXR_0297_0,Shenzhen,0,2,all_lossy,10,1.0,0.0015192031860351,0.46044921875,0,0.4589300155639649
CHNCXR_0297_0,Shenzhen,0,2,lungs_lossy,30,0.2090386284722222,0.0015192031860351,0.5791015625,1,0.577582359313965
CHNCXR_0297_0,Shenzhen,0,2,background_lossy,30,0.7909613715277778,0.0015192031860351,0.017852783203125,0,0.0163335800170899
CHNCXR_0297_0,Shenzhen,0,2,all_lossy,30,1.0,0.0015192031860351,0.6142578125,1,0.612738609313965
CHNCXR_0297_0,Shenzhen,0,2,lungs_lossy,50,0.2090386284722222,0.0015192031860351,0.004486083984375,0,0.0029668807983399
CHNCXR_0297_0,Shenzhen,0,2,background_lossy,50,0.7909613715277778,0.0015192031860351,0.0014724731445312,0,4.673004150390018e-05
CHNCXR_0297_0,Shenzhen,0,2,all_lossy,50,1.0,0.0015192031860351,0.0042991638183593,0,0.0027799606323242005
CHNCXR_0297_0,Shenzhen,0,2,lungs_lossy,70,0.2090386284722222,0.0015192031860351,0.0013513565063476,0,0.0001678466796875
CHNCXR_0297_0,Shenzhen,0,2,background_lossy,70,0.7909613715277778,0.0015192031860351,0.0023059844970703,0,0.0007867813110351998
CHNCXR_0297_0,Shenzhen,0,2,all_lossy,70,1.0,0.0015192031860351,0.0021324157714843,0,0.0006132125854491999
CHNCXR_0298_0,Shenzhen,0,2,lungs_lossy,10,0.2781319893141153,0.0084152221679687,0.295166015625,0,0.2867507934570313
CHNCXR_0298_0,Shenzhen,0,2,background_lossy,10,0.7218680106858847,0.0084152221679687,0.035736083984375,0,0.0273208618164063
CHNCXR_0298_0,Shenzhen,0,2,all_lossy,10,1.0,0.0084152221679687,0.5693359375,1,0.5609207153320312
CHNCXR_0298_0,Shenzhen,0,2,lungs_lossy,30,0.2781319893141153,0.0084152221679687,0.461669921875,0,0.4532546997070313
CHNCXR_0298_0,Shenzhen,0,2,background_lossy,30,0.7218680106858847,0.0084152221679687,0.03460693359375,0,0.0261917114257813
CHNCXR_0298_0,Shenzhen,0,2,all_lossy,30,1.0,0.0084152221679687,0.73291015625,1,0.7244949340820312
CHNCXR_0298_0,Shenzhen,0,2,lungs_lossy,50,0.2781319893141153,0.0084152221679687,0.0186920166015625,0,0.0102767944335938
CHNCXR_0298_0,Shenzhen,0,2,background_lossy,50,0.7218680106858847,0.0084152221679687,0.016021728515625,0,0.0076065063476563
CHNCXR_0298_0,Shenzhen,0,2,all_lossy,50,1.0,0.0084152221679687,0.0384521484375,0,0.0300369262695313
CHNCXR_0298_0,Shenzhen,0,2,lungs_lossy,70,0.2781319893141153,0.0084152221679687,0.0081863403320312,0,0.0002288818359375
CHNCXR_0298_0,Shenzhen,0,2,background_lossy,70,0.7218680106858847,0.0084152221679687,0.010528564453125,0,0.0021133422851563003
CHNCXR_0298_0,Shenzhen,0,2,all_lossy,70,1.0,0.0084152221679687,0.0101699829101562,0,0.0017547607421875
CHNCXR_0299_0,Shenzhen,0,4,lungs_lossy,10,0.1708891809834123,0.0174407958984375,0.0850830078125,0,0.0676422119140625
CHNCXR_0299_0,Shenzhen,0,4,background_lossy,10,0.8291108190165877,0.0174407958984375,0.060211181640625,0,0.0427703857421875
CHNCXR_0299_0,Shenzhen,0,4,all_lossy,10,1.0,0.0174407958984375,0.3046875,0,0.2872467041015625
CHNCXR_0299_0,Shenzhen,0,4,lungs_lossy,30,0.1708891809834123,0.0174407958984375,0.04193115234375,0,0.0244903564453125
CHNCXR_0299_0,Shenzhen,0,4,background_lossy,30,0.8291108190165877,0.0174407958984375,0.04803466796875,0,0.0305938720703125
CHNCXR_0299_0,Shenzhen,0,4,all_lossy,30,1.0,0.0174407958984375,0.1405029296875,0,0.1230621337890625
CHNCXR_0299_0,Shenzhen,0,4,lungs_lossy,50,0.1708891809834123,0.0174407958984375,0.03021240234375,0,0.0127716064453125
CHNCXR_0299_0,Shenzhen,0,4,background_lossy,50,0.8291108190165877,0.0174407958984375,0.032958984375,0,0.0155181884765625
CHNCXR_0299_0,Shenzhen,0,4,all_lossy,50,1.0,0.0174407958984375,0.06524658203125,0,0.0478057861328125
CHNCXR_0299_0,Shenzhen,0,4,lungs_lossy,70,0.1708891809834123,0.0174407958984375,0.0218658447265625,0,0.004425048828125
CHNCXR_0299_0,Shenzhen,0,4,background_lossy,70,0.8291108190165877,0.0174407958984375,0.0167236328125,0,0.0007171630859375
CHNCXR_0299_0,Shenzhen,0,4,all_lossy,70,1.0,0.0174407958984375,0.0208892822265625,0,0.003448486328125
CHNCXR_0300_0,Shenzhen,0,2,lungs_lossy,10,0.2663496713789682,0.82177734375,0.75439453125,0,0.0673828125
CHNCXR_0300_0,Shenzhen,0,2,background_lossy,10,0.7336503286210317,0.82177734375,0.740234375,0,0.08154296875
CHNCXR_0300_0,Shenzhen,0,2,all_lossy,10,1.0,0.82177734375,0.62060546875,0,0.201171875
CHNCXR_0300_0,Shenzhen,0,2,lungs_lossy,30,0.2663496713789682,0.82177734375,0.99365234375,0,0.171875
CHNCXR_0300_0,Shenzhen,0,2,background_lossy,30,0.7336503286210317,0.82177734375,0.87548828125,0,0.0537109375
CHNCXR_0300_0,Shenzhen,0,2,all_lossy,30,1.0,0.82177734375,0.9912109375,0,0.16943359375
CHNCXR_0300_0,Shenzhen,0,2,lungs_lossy,50,0.2663496713789682,0.82177734375,0.94921875,0,0.12744140625
CHNCXR_0300_0,Shenzhen,0,2,background_lossy,50,0.7336503286210317,0.82177734375,0.89599609375,0,0.07421875
CHNCXR_0300_0,Shenzhen,0,2,all_lossy,50,1.0,0.82177734375,0.9638671875,0,0.14208984375
CHNCXR_0300_0,Shenzhen,0,2,lungs_lossy,70,0.2663496713789682,0.82177734375,0.853515625,0,0.03173828125
CHNCXR_0300_0,Shenzhen,0,2,background_lossy,70,0.7336503286210317,0.82177734375,0.88916015625,0,0.0673828125
CHNCXR_0300_0,Shenzhen,0,2,all_lossy,70,1.0,0.82177734375,0.90283203125,0,0.0810546875
CHNCXR_0301_0,Shenzhen,0,2,lungs_lossy,10,0.2268498384691848,0.0002305507659912,0.0867919921875,0,0.0865614414215088
CHNCXR_0301_0,Shenzhen,0,2,background_lossy,10,0.7731501615308152,0.0002305507659912,0.03448486328125,0,0.0342543125152588
CHNCXR_0301_0,Shenzhen,0,2,all_lossy,10,1.0,0.0002305507659912,0.91162109375,1,0.9113905429840088
CHNCXR_0301_0,Shenzhen,0,2,lungs_lossy,30,0.2268498384691848,0.0002305507659912,0.012237548828125,0,0.0120069980621338
CHNCXR_0301_0,Shenzhen,0,2,background_lossy,30,0.7731501615308152,0.0002305507659912,0.0016613006591796,0,0.0014307498931883998
CHNCXR_0301_0,Shenzhen,0,2,all_lossy,30,1.0,0.0002305507659912,0.0970458984375,0,0.0968153476715088
CHNCXR_0301_0,Shenzhen,0,2,lungs_lossy,50,0.2268498384691848,0.0002305507659912,0.0030746459960937,0,0.0028440952301025
CHNCXR_0301_0,Shenzhen,0,2,background_lossy,50,0.7731501615308152,0.0002305507659912,0.0010986328125,0,0.0008680820465088
CHNCXR_0301_0,Shenzhen,0,2,all_lossy,50,1.0,0.0002305507659912,0.018768310546875,0,0.0185377597808838
CHNCXR_0301_0,Shenzhen,0,2,lungs_lossy,70,0.2268498384691848,0.0002305507659912,0.0003755092620849,0,0.00014495849609370002
CHNCXR_0301_0,Shenzhen,0,2,background_lossy,70,0.7731501615308152,0.0002305507659912,0.0003936290740966,0,0.0001630783081054
CHNCXR_0301_0,Shenzhen,0,2,all_lossy,70,1.0,0.0002305507659912,0.0006117820739746,0,0.00038123130798340006
CHNCXR_0302_0,Shenzhen,0,0,lungs_lossy,10,0.2658120476057906,0.194580078125,0.2047119140625,0,0.0101318359375
CHNCXR_0302_0,Shenzhen,0,0,background_lossy,10,0.7341879523942094,0.194580078125,0.07122802734375,0,0.12335205078125
CHNCXR_0302_0,Shenzhen,0,0,all_lossy,10,1.0,0.194580078125,0.91455078125,1,0.719970703125
CHNCXR_0302_0,Shenzhen,0,0,lungs_lossy,30,0.2658120476057906,0.194580078125,0.82861328125,1,0.634033203125
CHNCXR_0302_0,Shenzhen,0,0,background_lossy,30,0.7341879523942094,0.194580078125,0.022979736328125,0,0.171600341796875
CHNCXR_0302_0,Shenzhen,0,0,all_lossy,30,1.0,0.194580078125,0.2171630859375,0,0.0225830078125
CHNCXR_0302_0,Shenzhen,0,0,lungs_lossy,50,0.2658120476057906,0.194580078125,0.380126953125,0,0.185546875
CHNCXR_0302_0,Shenzhen,0,0,background_lossy,50,0.7341879523942094,0.194580078125,0.04351806640625,0,0.15106201171875
CHNCXR_0302_0,Shenzhen,0,0,all_lossy,50,1.0,0.194580078125,0.097412109375,0,0.09716796875
CHNCXR_0302_0,Shenzhen,0,0,lungs_lossy,70,0.2658120476057906,0.194580078125,0.1871337890625,0,0.0074462890625
CHNCXR_0302_0,Shenzhen,0,0,background_lossy,70,0.7341879523942094,0.194580078125,0.1632080078125,0,0.0313720703125
CHNCXR_0302_0,Shenzhen,0,0,all_lossy,70,1.0,0.194580078125,0.1607666015625,0,0.0338134765625
CHNCXR_0303_0,Shenzhen,0,0,lungs_lossy,10,0.1229853592519685,0.0005908012390136,0.04949951171875,0,0.0489087104797364
CHNCXR_0303_0,Shenzhen,0,0,background_lossy,10,0.8770146407480315,0.0005908012390136,0.0049247741699218,0,0.0043339729309082005
CHNCXR_0303_0,Shenzhen,0,0,all_lossy,10,1.0,0.0005908012390136,0.75341796875,1,0.7528271675109864
CHNCXR_0303_0,Shenzhen,0,0,lungs_lossy,30,0.1229853592519685,0.0005908012390136,0.022674560546875,0,0.0220837593078614
CHNCXR_0303_0,Shenzhen,0,0,background_lossy,30,0.8770146407480315,0.0005908012390136,0.0021991729736328,0,0.0016083717346192
CHNCXR_0303_0,Shenzhen,0,0,all_lossy,30,1.0,0.0005908012390136,0.11993408203125,0,0.1193432807922364
CHNCXR_0303_0,Shenzhen,0,0,lungs_lossy,50,0.1229853592519685,0.0005908012390136,0.0053024291992187,0,0.0047116279602051
CHNCXR_0303_0,Shenzhen,0,0,background_lossy,50,0.8770146407480315,0.0005908012390136,0.0005464553833007,0,4.434585571289995e-05
CHNCXR_0303_0,Shenzhen,0,0,all_lossy,50,1.0,0.0005908012390136,0.0034160614013671,0,0.0028252601623535
CHNCXR_0303_0,Shenzhen,0,0,lungs_lossy,70,0.1229853592519685,0.0005908012390136,0.0013093948364257,0,0.0007185935974120999
CHNCXR_0303_0,Shenzhen,0,0,background_lossy,70,0.8770146407480315,0.0005908012390136,0.0005860328674316,0,4.768371582000025e-06
CHNCXR_0303_0,Shenzhen,0,0,all_lossy,70,1.0,0.0005908012390136,0.0011920928955078,0,0.0006012916564941999
CHNCXR_0304_0,Shenzhen,0,3,lungs_lossy,10,0.2323325670974155,0.0154876708984375,0.0299224853515625,0,0.014434814453125
CHNCXR_0304_0,Shenzhen,0,3,background_lossy,10,0.7676674329025845,0.0154876708984375,0.0017957687377929,0,0.0136919021606446
CHNCXR_0304_0,Shenzhen,0,3,all_lossy,10,1.0,0.0154876708984375,0.049041748046875,0,0.0335540771484375
CHNCXR_0304_0,Shenzhen,0,3,lungs_lossy,30,0.2323325670974155,0.0154876708984375,0.097900390625,0,0.0824127197265625
CHNCXR_0304_0,Shenzhen,0,3,background_lossy,30,0.7676674329025845,0.0154876708984375,0.0065879821777343,0,0.0088996887207032
CHNCXR_0304_0,Shenzhen,0,3,all_lossy,30,1.0,0.0154876708984375,0.046112060546875,0,0.0306243896484375
CHNCXR_0304_0,Shenzhen,0,3,lungs_lossy,50,0.2323325670974155,0.0154876708984375,0.0066909790039062,0,0.0087966918945313
CHNCXR_0304_0,Shenzhen,0,3,background_lossy,50,0.7676674329025845,0.0154876708984375,0.0128250122070312,0,0.0026626586914063003
CHNCXR_0304_0,Shenzhen,0,3,all_lossy,50,1.0,0.0154876708984375,0.0048866271972656,0,0.0106010437011719
CHNCXR_0304_0,Shenzhen,0,3,lungs_lossy,70,0.2323325670974155,0.0154876708984375,0.010650634765625,0,0.0048370361328125
CHNCXR_0304_0,Shenzhen,0,3,background_lossy,70,0.7676674329025845,0.0154876708984375,0.0103302001953125,0,0.005157470703125
CHNCXR_0304_0,Shenzhen,0,3,all_lossy,70,1.0,0.0154876708984375,0.0073738098144531,0,0.0081138610839844
CHNCXR_0305_0,Shenzhen,0,3,lungs_lossy,10,0.2541870915032679,0.0072593688964843,0.0271759033203125,0,0.0199165344238282
CHNCXR_0305_0,Shenzhen,0,3,background_lossy,10,0.745812908496732,0.0072593688964843,0.0073471069335937,0,8.773803710939929e-05
CHNCXR_0305_0,Shenzhen,0,3,all_lossy,10,1.0,0.0072593688964843,0.10577392578125,0,0.0985145568847657
CHNCXR_0305_0,Shenzhen,0,3,lungs_lossy,30,0.2541870915032679,0.0072593688964843,0.03253173828125,0,0.0252723693847657
CHNCXR_0305_0,Shenzhen,0,3,background_lossy,30,0.745812908496732,0.0072593688964843,0.0018177032470703,0,0.005441665649414
CHNCXR_0305_0,Shenzhen,0,3,all_lossy,30,1.0,0.0072593688964843,0.011871337890625,0,0.0046119689941407
CHNCXR_0305_0,Shenzhen,0,3,lungs_lossy,50,0.2541870915032679,0.0072593688964843,0.0053024291992187,0,0.0019569396972656007
CHNCXR_0305_0,Shenzhen,0,3,background_lossy,50,0.745812908496732,0.0072593688964843,0.00555419921875,0,0.0017051696777343004
CHNCXR_0305_0,Shenzhen,0,3,all_lossy,50,1.0,0.0072593688964843,0.0043487548828125,0,0.0029106140136718004
CHNCXR_0305_0,Shenzhen,0,3,lungs_lossy,70,0.2541870915032679,0.0072593688964843,0.0047187805175781,0,0.0025405883789062006
CHNCXR_0305_0,Shenzhen,0,3,background_lossy,70,0.745812908496732,0.0072593688964843,0.0077247619628906,0,0.00046539306640629944
CHNCXR_0305_0,Shenzhen,0,3,all_lossy,70,1.0,0.0072593688964843,0.0054283142089843,0,0.0018310546875
CHNCXR_0306_0,Shenzhen,0,0,lungs_lossy,10,0.17651171875,0.0001282691955566,0.0180511474609375,0,0.0179228782653809
CHNCXR_0306_0,Shenzhen,0,0,background_lossy,10,0.82348828125,0.0001282691955566,0.0016679763793945,0,0.0015397071838379
CHNCXR_0306_0,Shenzhen,0,0,all_lossy,10,1.0,0.0001282691955566,0.88525390625,1,0.8851256370544434
CHNCXR_0306_0,Shenzhen,0,0,lungs_lossy,30,0.17651171875,0.0001282691955566,0.8076171875,1,0.8074889183044434
CHNCXR_0306_0,Shenzhen,0,0,background_lossy,30,0.82348828125,0.0001282691955566,6.0617923736572266e-05,0,6.765127182002773e-05
CHNCXR_0306_0,Shenzhen,0,0,all_lossy,30,1.0,0.0001282691955566,0.191162109375,0,0.1910338401794434
CHNCXR_0306_0,Shenzhen,0,0,lungs_lossy,50,0.17651171875,0.0001282691955566,0.0005035400390625,0,0.00037527084350590003
CHNCXR_0306_0,Shenzhen,0,0,background_lossy,50,0.82348828125,0.0001282691955566,5.4776668548583984e-05,0,7.349252700801601e-05
CHNCXR_0306_0,Shenzhen,0,0,all_lossy,50,1.0,0.0001282691955566,0.000139832496643,0,1.1563301086400004e-05
CHNCXR_0306_0,Shenzhen,0,0,lungs_lossy,70,0.17651171875,0.0001282691955566,0.0001609325408935,0,3.2663345336899995e-05
CHNCXR_0306_0,Shenzhen,0,0,background_lossy,70,0.82348828125,0.0001282691955566,0.0001465082168579,0,1.8239021301299997e-05
CHNCXR_0306_0,Shenzhen,0,0,all_lossy,70,1.0,0.0001282691955566,0.0001535415649414,0,2.5272369384799994e-05
CHNCXR_0307_0,Shenzhen,0,2,lungs_lossy,10,0.2038938245526839,0.5341796875,0.95263671875,0,0.41845703125
CHNCXR_0307_0,Shenzhen,0,2,background_lossy,10,0.7961061754473161,0.5341796875,0.71875,0,0.1845703125
CHNCXR_0307_0,Shenzhen,0,2,all_lossy,10,1.0,0.5341796875,0.99853515625,0,0.46435546875
CHNCXR_0307_0,Shenzhen,0,2,lungs_lossy,30,0.2038938245526839,0.5341796875,0.99462890625,0,0.46044921875
CHNCXR_0307_0,Shenzhen,0,2,background_lossy,30,0.7961061754473161,0.5341796875,0.421630859375,1,0.112548828125
CHNCXR_0307_0,Shenzhen,0,2,all_lossy,30,1.0,0.5341796875,0.9912109375,0,0.45703125
CHNCXR_0307_0,Shenzhen,0,2,lungs_lossy,50,0.2038938245526839,0.5341796875,0.68359375,0,0.1494140625
CHNCXR_0307_0,Shenzhen,0,2,background_lossy,50,0.7961061754473161,0.5341796875,0.53369140625,0,0.00048828125
CHNCXR_0307_0,Shenzhen,0,2,all_lossy,50,1.0,0.5341796875,0.68115234375,0,0.14697265625
CHNCXR_0307_0,Shenzhen,0,2,lungs_lossy,70,0.2038938245526839,0.5341796875,0.40283203125,1,0.13134765625
CHNCXR_0307_0,Shenzhen,0,2,background_lossy,70,0.7961061754473161,0.5341796875,0.6171875,0,0.0830078125
CHNCXR_0307_0,Shenzhen,0,2,all_lossy,70,1.0,0.5341796875,0.4912109375,1,0.04296875
CHNCXR_0308_0,Shenzhen,0,4,lungs_lossy,10,0.2426107417992047,0.00787353515625,0.2352294921875,0,0.22735595703125
CHNCXR_0308_0,Shenzhen,0,4,background_lossy,10,0.7573892582007953,0.00787353515625,0.0110702514648437,0,0.0031967163085936997
CHNCXR_0308_0,Shenzhen,0,4,all_lossy,10,1.0,0.00787353515625,0.28173828125,0,0.27386474609375
CHNCXR_0308_0,Shenzhen,0,4,lungs_lossy,30,0.2426107417992047,0.00787353515625,0.1435546875,0,0.13568115234375
CHNCXR_0308_0,Shenzhen,0,4,background_lossy,30,0.7573892582007953,0.00787353515625,0.0061454772949218,0,0.0017280578613281996
CHNCXR_0308_0,Shenzhen,0,4,all_lossy,30,1.0,0.00787353515625,0.105224609375,0,0.09735107421875
CHNCXR_0308_0,Shenzhen,0,4,lungs_lossy,50,0.2426107417992047,0.00787353515625,0.0177764892578125,0,0.0099029541015625
CHNCXR_0308_0,Shenzhen,0,4,background_lossy,50,0.7573892582007953,0.00787353515625,0.0065116882324218,0,0.0013618469238281996
CHNCXR_0308_0,Shenzhen,0,4,all_lossy,50,1.0,0.00787353515625,0.014556884765625,0,0.006683349609375
CHNCXR_0308_0,Shenzhen,0,4,lungs_lossy,70,0.2426107417992047,0.00787353515625,0.0086441040039062,0,0.0007705688476561997
CHNCXR_0308_0,Shenzhen,0,4,background_lossy,70,0.7573892582007953,0.00787353515625,0.0070953369140625,0,0.0007781982421875
CHNCXR_0308_0,Shenzhen,0,4,all_lossy,70,1.0,0.00787353515625,0.0081558227539062,0,0.0002822875976561997
CHNCXR_0309_0,Shenzhen,0,2,lungs_lossy,10,0.3022117077464789,0.0187225341796875,0.86083984375,1,0.8421173095703125
CHNCXR_0309_0,Shenzhen,0,2,background_lossy,10,0.6977882922535211,0.0187225341796875,0.0071487426757812,0,0.0115737915039063
CHNCXR_0309_0,Shenzhen,0,2,all_lossy,10,1.0,0.0187225341796875,0.96435546875,1,0.9456329345703125
CHNCXR_0309_0,Shenzhen,0,2,lungs_lossy,30,0.3022117077464789,0.0187225341796875,0.97705078125,1,0.9583282470703125
CHNCXR_0309_0,Shenzhen,0,2,background_lossy,30,0.6977882922535211,0.0187225341796875,0.0051002502441406,0,0.0136222839355469
CHNCXR_0309_0,Shenzhen,0,2,all_lossy,30,1.0,0.0187225341796875,0.7607421875,1,0.7420196533203125
CHNCXR_0309_0,Shenzhen,0,2,lungs_lossy,50,0.3022117077464789,0.0187225341796875,0.2459716796875,0,0.2272491455078125
CHNCXR_0309_0,Shenzhen,0,2,background_lossy,50,0.6977882922535211,0.0187225341796875,0.0097427368164062,0,0.0089797973632813
CHNCXR_0309_0,Shenzhen,0,2,all_lossy,50,1.0,0.0187225341796875,0.08758544921875,0,0.0688629150390625
CHNCXR_0309_0,Shenzhen,0,2,lungs_lossy,70,0.3022117077464789,0.0187225341796875,0.021453857421875,0,0.0027313232421875
CHNCXR_0309_0,Shenzhen,0,2,background_lossy,70,0.6977882922535211,0.0187225341796875,0.009124755859375,0,0.0095977783203125
CHNCXR_0309_0,Shenzhen,0,2,all_lossy,70,1.0,0.0187225341796875,0.0109024047851562,0,0.0078201293945313
CHNCXR_0310_0,Shenzhen,0,4,lungs_lossy,10,0.2811421351084812,0.0975341796875,0.89501953125,1,0.7974853515625
CHNCXR_0310_0,Shenzhen,0,4,background_lossy,10,0.7188578648915187,0.0975341796875,0.1221923828125,0,0.024658203125
CHNCXR_0310_0,Shenzhen,0,4,all_lossy,10,1.0,0.0975341796875,0.744140625,1,0.6466064453125
CHNCXR_0310_0,Shenzhen,0,4,lungs_lossy,30,0.2811421351084812,0.0975341796875,0.6083984375,1,0.5108642578125
CHNCXR_0310_0,Shenzhen,0,4,background_lossy,30,0.7188578648915187,0.0975341796875,0.14306640625,0,0.0455322265625
CHNCXR_0310_0,Shenzhen,0,4,all_lossy,30,1.0,0.0975341796875,0.61865234375,1,0.5211181640625
CHNCXR_0310_0,Shenzhen,0,4,lungs_lossy,50,0.2811421351084812,0.0975341796875,0.2032470703125,0,0.105712890625
CHNCXR_0310_0,Shenzhen,0,4,background_lossy,50,0.7188578648915187,0.0975341796875,0.1070556640625,0,0.009521484375
CHNCXR_0310_0,Shenzhen,0,4,all_lossy,50,1.0,0.0975341796875,0.2313232421875,0,0.1337890625
CHNCXR_0310_0,Shenzhen,0,4,lungs_lossy,70,0.2811421351084812,0.0975341796875,0.1224365234375,0,0.02490234375
CHNCXR_0310_0,Shenzhen,0,4,background_lossy,70,0.7188578648915187,0.0975341796875,0.1044921875,0,0.0069580078125
CHNCXR_0310_0,Shenzhen,0,4,all_lossy,70,1.0,0.0975341796875,0.1314697265625,0,0.033935546875
CHNCXR_0311_0,Shenzhen,0,3,lungs_lossy,10,0.3187779017857143,0.17822265625,0.11932373046875,0,0.05889892578125
CHNCXR_0311_0,Shenzhen,0,3,background_lossy,10,0.6812220982142857,0.17822265625,0.052337646484375,0,0.125885009765625
CHNCXR_0311_0,Shenzhen,0,3,all_lossy,10,1.0,0.17822265625,0.1578369140625,0,0.0203857421875
CHNCXR_0311_0,Shenzhen,0,3,lungs_lossy,30,0.3187779017857143,0.17822265625,0.1844482421875,0,0.0062255859375
CHNCXR_0311_0,Shenzhen,0,3,background_lossy,30,0.6812220982142857,0.17822265625,0.11083984375,0,0.0673828125
CHNCXR_0311_0,Shenzhen,0,3,all_lossy,30,1.0,0.17822265625,0.0948486328125,0,0.0833740234375
CHNCXR_0311_0,Shenzhen,0,3,lungs_lossy,50,0.3187779017857143,0.17822265625,0.09844970703125,0,0.07977294921875
CHNCXR_0311_0,Shenzhen,0,3,background_lossy,50,0.6812220982142857,0.17822265625,0.17431640625,0,0.00390625
CHNCXR_0311_0,Shenzhen,0,3,all_lossy,50,1.0,0.17822265625,0.0849609375,0,0.09326171875
CHNCXR_0311_0,Shenzhen,0,3,lungs_lossy,70,0.3187779017857143,0.17822265625,0.1484375,0,0.02978515625
CHNCXR_0311_0,Shenzhen,0,3,background_lossy,70,0.6812220982142857,0.17822265625,0.17138671875,0,0.0068359375
CHNCXR_0311_0,Shenzhen,0,3,all_lossy,70,1.0,0.17822265625,0.142822265625,0,0.035400390625
CHNCXR_0312_0,Shenzhen,0,4,lungs_lossy,10,0.2095769398702595,0.0016164779663085,0.0469970703125,0,0.0453805923461915
CHNCXR_0312_0,Shenzhen,0,4,background_lossy,10,0.7904230601297405,0.0016164779663085,0.0069580078125,0,0.0053415298461915
CHNCXR_0312_0,Shenzhen,0,4,all_lossy,10,1.0,0.0016164779663085,0.173828125,0,0.1722116470336915
CHNCXR_0312_0,Shenzhen,0,4,lungs_lossy,30,0.2095769398702595,0.0016164779663085,0.040008544921875,0,0.0383920669555665
CHNCXR_0312_0,Shenzhen,0,4,background_lossy,30,0.7904230601297405,0.0016164779663085,0.0037651062011718,0,0.0021486282348633
CHNCXR_0312_0,Shenzhen,0,4,all_lossy,30,1.0,0.0016164779663085,0.0751953125,0,0.0735788345336915
CHNCXR_0312_0,Shenzhen,0,4,lungs_lossy,50,0.2095769398702595,0.0016164779663085,0.0044670104980468,0,0.0028505325317383003
CHNCXR_0312_0,Shenzhen,0,4,background_lossy,50,0.7904230601297405,0.0016164779663085,0.0021572113037109,0,0.0005407333374024001
CHNCXR_0312_0,Shenzhen,0,4,all_lossy,50,1.0,0.0016164779663085,0.0051803588867187,0,0.0035638809204101996
CHNCXR_0312_0,Shenzhen,0,4,lungs_lossy,70,0.2095769398702595,0.0016164779663085,0.0016164779663085,0,0.0
CHNCXR_0312_0,Shenzhen,0,4,background_lossy,70,0.7904230601297405,0.0016164779663085,0.0018033981323242,0,0.00018692016601570003
CHNCXR_0312_0,Shenzhen,0,4,all_lossy,70,1.0,0.0016164779663085,0.0017614364624023,0,0.00014495849609379987
CHNCXR_0313_0,Shenzhen,0,2,lungs_lossy,10,0.2150659874179431,0.17578125,0.9658203125,1,0.7900390625
CHNCXR_0313_0,Shenzhen,0,2,background_lossy,10,0.7849340125820569,0.17578125,0.491455078125,0,0.315673828125
CHNCXR_0313_0,Shenzhen,0,2,all_lossy,10,1.0,0.17578125,0.96533203125,1,0.78955078125
CHNCXR_0313_0,Shenzhen,0,2,lungs_lossy,30,0.2150659874179431,0.17578125,0.89599609375,1,0.72021484375
CHNCXR_0313_0,Shenzhen,0,2,background_lossy,30,0.7849340125820569,0.17578125,0.328125,0,0.15234375
CHNCXR_0313_0,Shenzhen,0,2,all_lossy,30,1.0,0.17578125,0.95068359375,1,0.77490234375
CHNCXR_0313_0,Shenzhen,0,2,lungs_lossy,50,0.2150659874179431,0.17578125,0.84521484375,1,0.66943359375
CHNCXR_0313_0,Shenzhen,0,2,background_lossy,50,0.7849340125820569,0.17578125,0.4033203125,0,0.2275390625
CHNCXR_0313_0,Shenzhen,0,2,all_lossy,50,1.0,0.17578125,0.953125,1,0.77734375
CHNCXR_0313_0,Shenzhen,0,2,lungs_lossy,70,0.2150659874179431,0.17578125,0.222412109375,0,0.046630859375
CHNCXR_0313_0,Shenzhen,0,2,background_lossy,70,0.7849340125820569,0.17578125,0.2724609375,0,0.0966796875
CHNCXR_0313_0,Shenzhen,0,2,all_lossy,70,1.0,0.17578125,0.35302734375,0,0.17724609375
CHNCXR_0314_0,Shenzhen,0,1,lungs_lossy,10,0.2661740544527897,0.005279541015625,0.380126953125,0,0.374847412109375
CHNCXR_0314_0,Shenzhen,0,1,background_lossy,10,0.7338259455472103,0.005279541015625,0.00579833984375,0,0.000518798828125
CHNCXR_0314_0,Shenzhen,0,1,all_lossy,10,1.0,0.005279541015625,0.360595703125,0,0.355316162109375
CHNCXR_0314_0,Shenzhen,0,1,lungs_lossy,30,0.2661740544527897,0.005279541015625,0.798828125,1,0.793548583984375
CHNCXR_0314_0,Shenzhen,0,1,background_lossy,30,0.7338259455472103,0.005279541015625,0.0045051574707031,0,0.0007743835449219002
CHNCXR_0314_0,Shenzhen,0,1,all_lossy,30,1.0,0.005279541015625,0.615234375,1,0.609954833984375
CHNCXR_0314_0,Shenzhen,0,1,lungs_lossy,50,0.2661740544527897,0.005279541015625,0.039947509765625,0,0.03466796875
CHNCXR_0314_0,Shenzhen,0,1,background_lossy,50,0.7338259455472103,0.005279541015625,0.0031719207763671,0,0.0021076202392579
CHNCXR_0314_0,Shenzhen,0,1,all_lossy,50,1.0,0.005279541015625,0.01953125,0,0.014251708984375
CHNCXR_0314_0,Shenzhen,0,1,lungs_lossy,70,0.2661740544527897,0.005279541015625,0.0036640167236328,0,0.0016155242919922
CHNCXR_0314_0,Shenzhen,0,1,background_lossy,70,0.7338259455472103,0.005279541015625,0.0030517578125,0,0.002227783203125
CHNCXR_0314_0,Shenzhen,0,1,all_lossy,70,1.0,0.005279541015625,0.0022792816162109,0,0.0030002593994141
CHNCXR_0315_0,Shenzhen,0,2,lungs_lossy,10,0.2901062131630648,0.576171875,0.98583984375,0,0.40966796875
CHNCXR_0315_0,Shenzhen,0,2,background_lossy,10,0.7098937868369352,0.576171875,0.46337890625,1,0.11279296875
CHNCXR_0315_0,Shenzhen,0,2,all_lossy,10,1.0,0.576171875,0.96923828125,0,0.39306640625
CHNCXR_0315_0,Shenzhen,0,2,lungs_lossy,30,0.2901062131630648,0.576171875,0.9990234375,0,0.4228515625
CHNCXR_0315_0,Shenzhen,0,2,background_lossy,30,0.7098937868369352,0.576171875,0.6337890625,0,0.0576171875
CHNCXR_0315_0,Shenzhen,0,2,all_lossy,30,1.0,0.576171875,0.998046875,0,0.421875
CHNCXR_0315_0,Shenzhen,0,2,lungs_lossy,50,0.2901062131630648,0.576171875,0.9736328125,0,0.3974609375
CHNCXR_0315_0,Shenzhen,0,2,background_lossy,50,0.7098937868369352,0.576171875,0.5576171875,0,0.0185546875
CHNCXR_0315_0,Shenzhen,0,2,all_lossy,50,1.0,0.576171875,0.96435546875,0,0.38818359375
CHNCXR_0315_0,Shenzhen,0,2,lungs_lossy,70,0.2901062131630648,0.576171875,0.6552734375,0,0.0791015625
CHNCXR_0315_0,Shenzhen,0,2,background_lossy,70,0.7098937868369352,0.576171875,0.5302734375,0,0.0458984375
CHNCXR_0315_0,Shenzhen,0,2,all_lossy,70,1.0,0.576171875,0.60302734375,0,0.02685546875
CHNCXR_0316_0,Shenzhen,0,1,lungs_lossy,10,0.300943299672489,0.0022430419921875,0.8466796875,1,0.8444366455078125
CHNCXR_0316_0,Shenzhen,0,1,background_lossy,10,0.699056700327511,0.0022430419921875,0.0035114288330078,0,0.0012683868408203
CHNCXR_0316_0,Shenzhen,0,1,all_lossy,10,1.0,0.0022430419921875,0.465576171875,0,0.4633331298828125
CHNCXR_0316_0,Shenzhen,0,1,lungs_lossy,30,0.300943299672489,0.0022430419921875,0.7841796875,1,0.7819366455078125
CHNCXR_0316_0,Shenzhen,0,1,background_lossy,30,0.699056700327511,0.0022430419921875,0.0019044876098632,0,0.00033855438232430007
CHNCXR_0316_0,Shenzhen,0,1,all_lossy,30,1.0,0.0022430419921875,0.6650390625,1,0.6627960205078125
CHNCXR_0316_0,Shenzhen,0,1,lungs_lossy,50,0.300943299672489,0.0022430419921875,0.0782470703125,0,0.0760040283203125
CHNCXR_0316_0,Shenzhen,0,1,background_lossy,50,0.699056700327511,0.0022430419921875,0.0034694671630859,0,0.0012264251708984002
CHNCXR_0316_0,Shenzhen,0,1,all_lossy,50,1.0,0.0022430419921875,0.12408447265625,0,0.1218414306640625
CHNCXR_0316_0,Shenzhen,0,1,lungs_lossy,70,0.300943299672489,0.0022430419921875,0.0034561157226562,0,0.0012130737304687001
CHNCXR_0316_0,Shenzhen,0,1,background_lossy,70,0.699056700327511,0.0022430419921875,0.0022335052490234,0,9.536743164099797e-06
CHNCXR_0316_0,Shenzhen,0,1,all_lossy,70,1.0,0.0022430419921875,0.0031471252441406,0,0.0009040832519530998
CHNCXR_0317_0,Shenzhen,0,1,lungs_lossy,10,0.2709502869261477,8.887052536010742e-05,0.0416259765625,0,0.04153710603713989
CHNCXR_0317_0,Shenzhen,0,1,background_lossy,10,0.7290497130738522,8.887052536010742e-05,0.0217742919921875,0,0.021685421466827393
CHNCXR_0317_0,Shenzhen,0,1,all_lossy,10,1.0,8.887052536010742e-05,0.736328125,1,0.7362392544746399
CHNCXR_0317_0,Shenzhen,0,1,lungs_lossy,30,0.2709502869261477,8.887052536010742e-05,0.352783203125,0,0.3526943325996399
CHNCXR_0317_0,Shenzhen,0,1,background_lossy,30,0.7290497130738522,8.887052536010742e-05,0.0036506652832031,0,0.0035617947578429924
CHNCXR_0317_0,Shenzhen,0,1,all_lossy,30,1.0,8.887052536010742e-05,0.80908203125,1,0.8089931607246399
CHNCXR_0317_0,Shenzhen,0,1,lungs_lossy,50,0.2709502869261477,8.887052536010742e-05,0.0018177032470703,0,0.0017288327217101925
CHNCXR_0317_0,Shenzhen,0,1,background_lossy,50,0.7290497130738522,8.887052536010742e-05,0.000180959701538,0,9.208917617789257e-05
CHNCXR_0317_0,Shenzhen,0,1,all_lossy,50,1.0,8.887052536010742e-05,0.002511978149414,0,0.0024231076240538926
CHNCXR_0317_0,Shenzhen,0,1,lungs_lossy,70,0.2709502869261477,8.887052536010742e-05,0.0001740455627441,0,8.517503738399257e-05
CHNCXR_0317_0,Shenzhen,0,1,background_lossy,70,0.7290497130738522,8.887052536010742e-05,9.5367431640625e-05,0,6.496906280517578e-06
CHNCXR_0317_0,Shenzhen,0,1,all_lossy,70,1.0,8.887052536010742e-05,0.0001713037490844,0,8.243322372429257e-05
CHNCXR_0318_0,Shenzhen,0,3,lungs_lossy,10,0.2976858782435129,0.0023326873779296,0.0032234191894531,0,0.0008907318115235
CHNCXR_0318_0,Shenzhen,0,3,background_lossy,10,0.702314121756487,0.0023326873779296,0.0014266967773437,0,0.0009059906005859
CHNCXR_0318_0,Shenzhen,0,3,all_lossy,10,1.0,0.0023326873779296,0.0193023681640625,0,0.0169696807861329
CHNCXR_0318_0,Shenzhen,0,3,lungs_lossy,30,0.2976858782435129,0.0023326873779296,0.0031719207763671,0,0.0008392333984375
CHNCXR_0318_0,Shenzhen,0,3,background_lossy,30,0.702314121756487,0.0023326873779296,0.0005035400390625,0,0.0018291473388671
CHNCXR_0318_0,Shenzhen,0,3,all_lossy,30,1.0,0.0023326873779296,0.0018825531005859,0,0.0004501342773436999
CHNCXR_0318_0,Shenzhen,0,3,lungs_lossy,50,0.2976858782435129,0.0023326873779296,0.0039443969726562,0,0.0016117095947265998
CHNCXR_0318_0,Shenzhen,0,3,background_lossy,50,0.702314121756487,0.0023326873779296,0.0006985664367675,0,0.0016341209411620998
CHNCXR_0318_0,Shenzhen,0,3,all_lossy,50,1.0,0.0023326873779296,0.0013198852539062,0,0.0010128021240234
CHNCXR_0318_0,Shenzhen,0,3,lungs_lossy,70,0.2976858782435129,0.0023326873779296,0.0018892288208007,0,0.00044345855712889996
CHNCXR_0318_0,Shenzhen,0,3,background_lossy,70,0.702314121756487,0.0023326873779296,0.0015125274658203,0,0.0008201599121093
CHNCXR_0318_0,Shenzhen,0,3,all_lossy,70,1.0,0.0023326873779296,0.0012159347534179,0,0.0011167526245116999
CHNCXR_0319_0,Shenzhen,0,1,lungs_lossy,10,0.2247996396620278,0.0043144226074218,0.0115509033203125,0,0.0072364807128907
CHNCXR_0319_0,Shenzhen,0,1,background_lossy,10,0.7752003603379721,0.0043144226074218,0.0077857971191406,0,0.0034713745117187994
CHNCXR_0319_0,Shenzhen,0,1,all_lossy,10,1.0,0.0043144226074218,0.07366943359375,0,0.0693550109863282
CHNCXR_0319_0,Shenzhen,0,1,lungs_lossy,30,0.2247996396620278,0.0043144226074218,0.00555419921875,0,0.0012397766113281996
CHNCXR_0319_0,Shenzhen,0,1,background_lossy,30,0.7752003603379721,0.0043144226074218,0.0060501098632812,0,0.0017356872558593993
CHNCXR_0319_0,Shenzhen,0,1,all_lossy,30,1.0,0.0043144226074218,0.0107803344726562,0,0.006465911865234399
CHNCXR_0319_0,Shenzhen,0,1,lungs_lossy,50,0.2247996396620278,0.0043144226074218,0.004364013671875,0,4.959106445319959e-05
CHNCXR_0319_0,Shenzhen,0,1,background_lossy,50,0.7752003603379721,0.0043144226074218,0.0029239654541015,0,0.0013904571533203004
CHNCXR_0319_0,Shenzhen,0,1,all_lossy,50,1.0,0.0043144226074218,0.0039596557617187,0,0.0003547668457031007
CHNCXR_0319_0,Shenzhen,0,1,lungs_lossy,70,0.2247996396620278,0.0043144226074218,0.0030879974365234,0,0.0012264251708984002
CHNCXR_0319_0,Shenzhen,0,1,background_lossy,70,0.7752003603379721,0.0043144226074218,0.0042800903320312,0,3.4332275390600714e-05
CHNCXR_0319_0,Shenzhen,0,1,all_lossy,70,1.0,0.0043144226074218,0.0030403137207031,0,0.0012741088867187006
CHNCXR_0320_0,Shenzhen,0,4,lungs_lossy,10,0.2611339820359281,0.0197906494140625,0.1859130859375,0,0.1661224365234375
CHNCXR_0320_0,Shenzhen,0,4,background_lossy,10,0.7388660179640718,0.0197906494140625,0.058349609375,0,0.0385589599609375
CHNCXR_0320_0,Shenzhen,0,4,all_lossy,10,1.0,0.0197906494140625,0.2073974609375,0,0.1876068115234375
CHNCXR_0320_0,Shenzhen,0,4,lungs_lossy,30,0.2611339820359281,0.0197906494140625,0.407958984375,0,0.3881683349609375
CHNCXR_0320_0,Shenzhen,0,4,background_lossy,30,0.7388660179640718,0.0197906494140625,0.029876708984375,0,0.0100860595703125
CHNCXR_0320_0,Shenzhen,0,4,all_lossy,30,1.0,0.0197906494140625,0.390625,0,0.3708343505859375
CHNCXR_0320_0,Shenzhen,0,4,lungs_lossy,50,0.2611339820359281,0.0197906494140625,0.12408447265625,0,0.1042938232421875
CHNCXR_0320_0,Shenzhen,0,4,background_lossy,50,0.7388660179640718,0.0197906494140625,0.0224151611328125,0,0.00262451171875
CHNCXR_0320_0,Shenzhen,0,4,all_lossy,50,1.0,0.0197906494140625,0.11279296875,0,0.0930023193359375
CHNCXR_0320_0,Shenzhen,0,4,lungs_lossy,70,0.2611339820359281,0.0197906494140625,0.0293121337890625,0,0.009521484375
CHNCXR_0320_0,Shenzhen,0,4,background_lossy,70,0.7388660179640718,0.0197906494140625,0.017242431640625,0,0.0025482177734375
CHNCXR_0320_0,Shenzhen,0,4,all_lossy,70,1.0,0.0197906494140625,0.02532958984375,0,0.0055389404296875
CHNCXR_0321_0,Shenzhen,0,0,lungs_lossy,10,0.2578628782242063,0.1358642578125,0.99853515625,1,0.8626708984375
CHNCXR_0321_0,Shenzhen,0,0,background_lossy,10,0.7421371217757937,0.1358642578125,0.0055122375488281,0,0.1303520202636719
CHNCXR_0321_0,Shenzhen,0,0,all_lossy,10,1.0,0.1358642578125,0.97998046875,1,0.8441162109375
CHNCXR_0321_0,Shenzhen,0,0,lungs_lossy,30,0.2578628782242063,0.1358642578125,0.9970703125,1,0.8612060546875
CHNCXR_0321_0,Shenzhen,0,0,background_lossy,30,0.7421371217757937,0.1358642578125,0.0062637329101562,0,0.1296005249023438
CHNCXR_0321_0,Shenzhen,0,0,all_lossy,30,1.0,0.1358642578125,0.845703125,1,0.7098388671875
CHNCXR_0321_0,Shenzhen,0,0,lungs_lossy,50,0.2578628782242063,0.1358642578125,0.69140625,1,0.5555419921875
CHNCXR_0321_0,Shenzhen,0,0,background_lossy,50,0.7421371217757937,0.1358642578125,0.0202484130859375,0,0.1156158447265625
CHNCXR_0321_0,Shenzhen,0,0,all_lossy,50,1.0,0.1358642578125,0.1259765625,0,0.0098876953125
CHNCXR_0321_0,Shenzhen,0,0,lungs_lossy,70,0.2578628782242063,0.1358642578125,0.106689453125,0,0.0291748046875
CHNCXR_0321_0,Shenzhen,0,0,background_lossy,70,0.7421371217757937,0.1358642578125,0.08154296875,0,0.0543212890625
CHNCXR_0321_0,Shenzhen,0,0,all_lossy,70,1.0,0.1358642578125,0.06793212890625,0,0.06793212890625
CHNCXR_0322_0,Shenzhen,0,2,lungs_lossy,10,0.325360337972167,0.0014896392822265,0.0751953125,0,0.07370567321777349
CHNCXR_0322_0,Shenzhen,0,2,background_lossy,10,0.674639662027833,0.0014896392822265,0.0302734375,0,0.0287837982177735
CHNCXR_0322_0,Shenzhen,0,2,all_lossy,10,1.0,0.0014896392822265,0.70263671875,1,0.7011470794677735
CHNCXR_0322_0,Shenzhen,0,2,lungs_lossy,30,0.325360337972167,0.0014896392822265,0.188232421875,0,0.1867427825927735
CHNCXR_0322_0,Shenzhen,0,2,background_lossy,30,0.674639662027833,0.0014896392822265,0.024932861328125,0,0.0234432220458985
CHNCXR_0322_0,Shenzhen,0,2,all_lossy,30,1.0,0.0014896392822265,0.845703125,1,0.8442134857177735
CHNCXR_0322_0,Shenzhen,0,2,lungs_lossy,50,0.325360337972167,0.0014896392822265,0.0296478271484375,0,0.028158187866211
CHNCXR_0322_0,Shenzhen,0,2,background_lossy,50,0.674639662027833,0.0014896392822265,0.0071487426757812,0,0.0056591033935547
CHNCXR_0322_0,Shenzhen,0,2,all_lossy,50,1.0,0.0014896392822265,0.1947021484375,0,0.1932125091552735
CHNCXR_0322_0,Shenzhen,0,2,lungs_lossy,70,0.325360337972167,0.0014896392822265,0.0030403137207031,0,0.0015506744384765998
CHNCXR_0322_0,Shenzhen,0,2,background_lossy,70,0.674639662027833,0.0014896392822265,0.001810073852539,0,0.0003204345703125
CHNCXR_0322_0,Shenzhen,0,2,all_lossy,70,1.0,0.0014896392822265,0.0032863616943359,0,0.0017967224121094002
CHNCXR_0323_0,Shenzhen,0,1,lungs_lossy,10,0.2243807353670635,8.350610733032227e-05,0.2301025390625,0,0.23001903295516968
CHNCXR_0323_0,Shenzhen,0,1,background_lossy,10,0.7756192646329365,8.350610733032227e-05,0.0010404586791992,0,0.0009569525718688778
CHNCXR_0323_0,Shenzhen,0,1,all_lossy,10,1.0,8.350610733032227e-05,0.84423828125,1,0.8441547751426697
CHNCXR_0323_0,Shenzhen,0,1,lungs_lossy,30,0.2243807353670635,8.350610733032227e-05,0.258056640625,0,0.2579731345176697
CHNCXR_0323_0,Shenzhen,0,1,background_lossy,30,0.7756192646329365,8.350610733032227e-05,0.0004477500915527,0,0.00036424398422237774
CHNCXR_0323_0,Shenzhen,0,1,all_lossy,30,1.0,8.350610733032227e-05,0.0703125,0,0.07022899389266968
CHNCXR_0323_0,Shenzhen,0,1,lungs_lossy,50,0.2243807353670635,8.350610733032227e-05,0.0007553100585937,0,0.0006718039512633778
CHNCXR_0323_0,Shenzhen,0,1,background_lossy,50,0.7756192646329365,8.350610733032227e-05,8.547306060791016e-05,0,1.9669532775878906e-06
CHNCXR_0323_0,Shenzhen,0,1,all_lossy,50,1.0,8.350610733032227e-05,0.0005173683166503,0,0.0004338622093199777
CHNCXR_0323_0,Shenzhen,0,1,lungs_lossy,70,0.2243807353670635,8.350610733032227e-05,7.784366607666016e-05,0,5.662441253662109e-06
CHNCXR_0323_0,Shenzhen,0,1,background_lossy,70,0.7756192646329365,8.350610733032227e-05,0.0001015067100524,0,1.8000602722077736e-05
CHNCXR_0323_0,Shenzhen,0,1,all_lossy,70,1.0,8.350610733032227e-05,0.0001177191734313,0,3.421306610097774e-05
CHNCXR_0324_0,Shenzhen,0,1,lungs_lossy,10,0.2575251615308151,0.053192138671875,0.0615234375,0,0.008331298828125
CHNCXR_0324_0,Shenzhen,0,1,background_lossy,10,0.7424748384691848,0.053192138671875,0.0237274169921875,0,0.0294647216796875
CHNCXR_0324_0,Shenzhen,0,1,all_lossy,10,1.0,0.053192138671875,0.10357666015625,0,0.050384521484375
CHNCXR_0324_0,Shenzhen,0,1,lungs_lossy,30,0.2575251615308151,0.053192138671875,0.456787109375,0,0.403594970703125
CHNCXR_0324_0,Shenzhen,0,1,background_lossy,30,0.7424748384691848,0.053192138671875,0.0210113525390625,0,0.0321807861328125
CHNCXR_0324_0,Shenzhen,0,1,all_lossy,30,1.0,0.053192138671875,0.1177978515625,0,0.064605712890625
CHNCXR_0324_0,Shenzhen,0,1,lungs_lossy,50,0.2575251615308151,0.053192138671875,0.1851806640625,0,0.131988525390625
CHNCXR_0324_0,Shenzhen,0,1,background_lossy,50,0.7424748384691848,0.053192138671875,0.120361328125,0,0.067169189453125
CHNCXR_0324_0,Shenzhen,0,1,all_lossy,50,1.0,0.053192138671875,0.2012939453125,0,0.148101806640625
CHNCXR_0324_0,Shenzhen,0,1,lungs_lossy,70,0.2575251615308151,0.053192138671875,0.053802490234375,0,0.0006103515625
CHNCXR_0324_0,Shenzhen,0,1,background_lossy,70,0.7424748384691848,0.053192138671875,0.056854248046875,0,0.003662109375
CHNCXR_0324_0,Shenzhen,0,1,all_lossy,70,1.0,0.053192138671875,0.050506591796875,0,0.002685546875
CHNCXR_0325_0,Shenzhen,0,4,lungs_lossy,10,0.2370479021414342,0.0173797607421875,0.5673828125,1,0.5500030517578125
CHNCXR_0325_0,Shenzhen,0,4,background_lossy,10,0.7629520978585658,0.0173797607421875,0.04949951171875,0,0.0321197509765625
CHNCXR_0325_0,Shenzhen,0,4,all_lossy,10,1.0,0.0173797607421875,0.43408203125,0,0.4167022705078125
CHNCXR_0325_0,Shenzhen,0,4,lungs_lossy,30,0.2370479021414342,0.0173797607421875,0.372314453125,0,0.3549346923828125
CHNCXR_0325_0,Shenzhen,0,4,background_lossy,30,0.7629520978585658,0.0173797607421875,0.0234222412109375,0,0.00604248046875
CHNCXR_0325_0,Shenzhen,0,4,all_lossy,30,1.0,0.0173797607421875,0.369140625,0,0.3517608642578125
CHNCXR_0325_0,Shenzhen,0,4,lungs_lossy,50,0.2370479021414342,0.0173797607421875,0.035064697265625,0,0.0176849365234375
CHNCXR_0325_0,Shenzhen,0,4,background_lossy,50,0.7629520978585658,0.0173797607421875,0.02532958984375,0,0.0079498291015625
CHNCXR_0325_0,Shenzhen,0,4,all_lossy,50,1.0,0.0173797607421875,0.046478271484375,0,0.0290985107421875
CHNCXR_0325_0,Shenzhen,0,4,lungs_lossy,70,0.2370479021414342,0.0173797607421875,0.0179901123046875,0,0.0006103515625
CHNCXR_0325_0,Shenzhen,0,4,background_lossy,70,0.7629520978585658,0.0173797607421875,0.0211639404296875,0,0.0037841796875
CHNCXR_0325_0,Shenzhen,0,4,all_lossy,70,1.0,0.0173797607421875,0.0211181640625,0,0.0037384033203125
CHNCXR_0326_0,Shenzhen,0,1,lungs_lossy,10,0.2357445219123506,0.0007438659667968,0.326171875,0,0.3254280090332032
CHNCXR_0326_0,Shenzhen,0,1,background_lossy,10,0.7642554780876494,0.0007438659667968,0.082275390625,0,0.0815315246582032
CHNCXR_0326_0,Shenzhen,0,1,all_lossy,10,1.0,0.0007438659667968,0.84423828125,1,0.8434944152832032
CHNCXR_0326_0,Shenzhen,0,1,lungs_lossy,30,0.2357445219123506,0.0007438659667968,0.96533203125,1,0.9645881652832032
CHNCXR_0326_0,Shenzhen,0,1,background_lossy,30,0.7642554780876494,0.0007438659667968,0.0102462768554687,0,0.0095024108886719
CHNCXR_0326_0,Shenzhen,0,1,all_lossy,30,1.0,0.0007438659667968,0.955078125,1,0.9543342590332032
CHNCXR_0326_0,Shenzhen,0,1,lungs_lossy,50,0.2357445219123506,0.0007438659667968,0.0032596588134765,0,0.0025157928466797
CHNCXR_0326_0,Shenzhen,0,1,background_lossy,50,0.7642554780876494,0.0007438659667968,0.0010862350463867,0,0.00034236907958990013
CHNCXR_0326_0,Shenzhen,0,1,all_lossy,50,1.0,0.0007438659667968,0.0040054321289062,0,0.0032615661621093997
CHNCXR_0326_0,Shenzhen,0,1,lungs_lossy,70,0.2357445219123506,0.0007438659667968,0.000706672668457,0,3.719329833979995e-05
CHNCXR_0326_0,Shenzhen,0,1,background_lossy,70,0.7642554780876494,0.0007438659667968,0.0010204315185546,0,0.0002765655517577999
CHNCXR_0326_0,Shenzhen,0,1,all_lossy,70,1.0,0.0007438659667968,0.0009660720825195,0,0.00022220611572270005
CHNCXR_0327_1,Shenzhen,1,0,lungs_lossy,10,0.3830146789550781,0.99755859375,1.0,0,0.00244140625
CHNCXR_0327_1,Shenzhen,1,0,background_lossy,10,0.6169853210449219,0.99755859375,0.97021484375,0,0.02734375
CHNCXR_0327_1,Shenzhen,1,0,all_lossy,10,1.0,0.99755859375,0.99951171875,0,0.001953125
CHNCXR_0327_1,Shenzhen,1,0,lungs_lossy,30,0.3830146789550781,0.99755859375,1.0,0,0.00244140625
CHNCXR_0327_1,Shenzhen,1,0,background_lossy,30,0.6169853210449219,0.99755859375,0.953125,0,0.04443359375
CHNCXR_0327_1,Shenzhen,1,0,all_lossy,30,1.0,0.99755859375,0.99951171875,0,0.001953125
CHNCXR_0327_1,Shenzhen,1,0,lungs_lossy,50,0.3830146789550781,0.99755859375,0.99951171875,0,0.001953125
CHNCXR_0327_1,Shenzhen,1,0,background_lossy,50,0.6169853210449219,0.99755859375,0.990234375,0,0.00732421875
CHNCXR_0327_1,Shenzhen,1,0,all_lossy,50,1.0,0.99755859375,0.998046875,0,0.00048828125
CHNCXR_0327_1,Shenzhen,1,0,lungs_lossy,70,0.3830146789550781,0.99755859375,0.99755859375,0,0.0
CHNCXR_0327_1,Shenzhen,1,0,background_lossy,70,0.6169853210449219,0.99755859375,0.9970703125,0,0.00048828125
CHNCXR_0327_1,Shenzhen,1,0,all_lossy,70,1.0,0.99755859375,0.9970703125,0,0.00048828125
CHNCXR_0328_1,Shenzhen,1,4,lungs_lossy,10,0.2609592013888889,0.059326171875,0.423095703125,0,0.36376953125
CHNCXR_0328_1,Shenzhen,1,4,background_lossy,10,0.7390407986111112,0.059326171875,0.09075927734375,0,0.03143310546875
CHNCXR_0328_1,Shenzhen,1,4,all_lossy,10,1.0,0.059326171875,0.486328125,0,0.427001953125
CHNCXR_0328_1,Shenzhen,1,4,lungs_lossy,30,0.2609592013888889,0.059326171875,0.6435546875,1,0.584228515625
CHNCXR_0328_1,Shenzhen,1,4,background_lossy,30,0.7390407986111112,0.059326171875,0.052825927734375,0,0.006500244140625
CHNCXR_0328_1,Shenzhen,1,4,all_lossy,30,1.0,0.059326171875,0.50390625,1,0.444580078125
CHNCXR_0328_1,Shenzhen,1,4,lungs_lossy,50,0.2609592013888889,0.059326171875,0.2158203125,0,0.156494140625
CHNCXR_0328_1,Shenzhen,1,4,background_lossy,50,0.7390407986111112,0.059326171875,0.0455322265625,0,0.0137939453125
CHNCXR_0328_1,Shenzhen,1,4,all_lossy,50,1.0,0.059326171875,0.1517333984375,0,0.0924072265625
CHNCXR_0328_1,Shenzhen,1,4,lungs_lossy,70,0.2609592013888889,0.059326171875,0.06512451171875,0,0.00579833984375
CHNCXR_0328_1,Shenzhen,1,4,background_lossy,70,0.7390407986111112,0.059326171875,0.052703857421875,0,0.006622314453125
CHNCXR_0328_1,Shenzhen,1,4,all_lossy,70,1.0,0.059326171875,0.0560302734375,0,0.0032958984375
CHNCXR_0329_1,Shenzhen,1,0,lungs_lossy,10,0.3494870580808081,0.642578125,1.0,0,0.357421875
CHNCXR_0329_1,Shenzhen,1,0,background_lossy,10,0.650512941919192,0.642578125,0.46484375,1,0.177734375
CHNCXR_0329_1,Shenzhen,1,0,all_lossy,10,1.0,0.642578125,0.99951171875,0,0.35693359375
CHNCXR_0329_1,Shenzhen,1,0,lungs_lossy,30,0.3494870580808081,0.642578125,0.9970703125,0,0.3544921875
CHNCXR_0329_1,Shenzhen,1,0,background_lossy,30,0.650512941919192,0.642578125,0.430419921875,1,0.212158203125
CHNCXR_0329_1,Shenzhen,1,0,all_lossy,30,1.0,0.642578125,0.98876953125,0,0.34619140625
CHNCXR_0329_1,Shenzhen,1,0,lungs_lossy,50,0.3494870580808081,0.642578125,0.91064453125,0,0.26806640625
CHNCXR_0329_1,Shenzhen,1,0,background_lossy,50,0.650512941919192,0.642578125,0.50341796875,0,0.13916015625
CHNCXR_0329_1,Shenzhen,1,0,all_lossy,50,1.0,0.642578125,0.8251953125,0,0.1826171875
CHNCXR_0329_1,Shenzhen,1,0,lungs_lossy,70,0.3494870580808081,0.642578125,0.62841796875,0,0.01416015625
CHNCXR_0329_1,Shenzhen,1,0,background_lossy,70,0.650512941919192,0.642578125,0.58447265625,0,0.05810546875
CHNCXR_0329_1,Shenzhen,1,0,all_lossy,70,1.0,0.642578125,0.5654296875,0,0.0771484375
CHNCXR_0330_1,Shenzhen,1,4,lungs_lossy,10,0.4114395015495867,0.99755859375,0.99951171875,0,0.001953125
CHNCXR_0330_1,Shenzhen,1,4,background_lossy,10,0.5885604984504132,0.99755859375,0.9921875,0,0.00537109375
CHNCXR_0330_1,Shenzhen,1,4,all_lossy,10,1.0,0.99755859375,0.99365234375,0,0.00390625
CHNCXR_0330_1,Shenzhen,1,4,lungs_lossy,30,0.4114395015495867,0.99755859375,0.99951171875,0,0.001953125
CHNCXR_0330_1,Shenzhen,1,4,background_lossy,30,0.5885604984504132,0.99755859375,0.99560546875,0,0.001953125
CHNCXR_0330_1,Shenzhen,1,4,all_lossy,30,1.0,0.99755859375,0.99853515625,0,0.0009765625
CHNCXR_0330_1,Shenzhen,1,4,lungs_lossy,50,0.4114395015495867,0.99755859375,0.99853515625,0,0.0009765625
CHNCXR_0330_1,Shenzhen,1,4,background_lossy,50,0.5885604984504132,0.99755859375,0.99658203125,0,0.0009765625
CHNCXR_0330_1,Shenzhen,1,4,all_lossy,50,1.0,0.99755859375,0.998046875,0,0.00048828125
CHNCXR_0330_1,Shenzhen,1,4,lungs_lossy,70,0.4114395015495867,0.99755859375,0.99755859375,0,0.0
CHNCXR_0330_1,Shenzhen,1,4,background_lossy,70,0.5885604984504132,0.99755859375,0.99755859375,0,0.0
CHNCXR_0330_1,Shenzhen,1,4,all_lossy,70,1.0,0.99755859375,0.99755859375,0,0.0
CHNCXR_0331_1,Shenzhen,1,1,lungs_lossy,10,0.4243867110453649,0.99755859375,1.0,0,0.00244140625
CHNCXR_0331_1,Shenzhen,1,1,background_lossy,10,0.575613288954635,0.99755859375,0.99169921875,0,0.005859375
CHNCXR_0331_1,Shenzhen,1,1,all_lossy,10,1.0,0.99755859375,0.99853515625,0,0.0009765625
CHNCXR_0331_1,Shenzhen,1,1,lungs_lossy,30,0.4243867110453649,0.99755859375,1.0,0,0.00244140625
CHNCXR_0331_1,Shenzhen,1,1,background_lossy,30,0.575613288954635,0.99755859375,0.99365234375,0,0.00390625
CHNCXR_0331_1,Shenzhen,1,1,all_lossy,30,1.0,0.99755859375,0.99951171875,0,0.001953125
CHNCXR_0331_1,Shenzhen,1,1,lungs_lossy,50,0.4243867110453649,0.99755859375,0.99853515625,0,0.0009765625
CHNCXR_0331_1,Shenzhen,1,1,background_lossy,50,0.575613288954635,0.99755859375,0.9951171875,0,0.00244140625
CHNCXR_0331_1,Shenzhen,1,1,all_lossy,50,1.0,0.99755859375,0.99658203125,0,0.0009765625
CHNCXR_0331_1,Shenzhen,1,1,lungs_lossy,70,0.4243867110453649,0.99755859375,0.9970703125,0,0.00048828125
CHNCXR_0331_1,Shenzhen,1,1,background_lossy,70,0.575613288954635,0.99755859375,0.99658203125,0,0.0009765625
CHNCXR_0331_1,Shenzhen,1,1,all_lossy,70,1.0,0.99755859375,0.99560546875,0,0.001953125
CHNCXR_0332_1,Shenzhen,1,1,lungs_lossy,10,0.3653455284552845,0.998046875,1.0,0,0.001953125
CHNCXR_0332_1,Shenzhen,1,1,background_lossy,10,0.6346544715447154,0.998046875,0.99072265625,0,0.00732421875
CHNCXR_0332_1,Shenzhen,1,1,all_lossy,10,1.0,0.998046875,0.99951171875,0,0.00146484375
CHNCXR_0332_1,Shenzhen,1,1,lungs_lossy,30,0.3653455284552845,0.998046875,1.0,0,0.001953125
CHNCXR_0332_1,Shenzhen,1,1,background_lossy,30,0.6346544715447154,0.998046875,0.9921875,0,0.005859375
CHNCXR_0332_1,Shenzhen,1,1,all_lossy,30,1.0,0.998046875,0.9990234375,0,0.0009765625
CHNCXR_0332_1,Shenzhen,1,1,lungs_lossy,50,0.3653455284552845,0.998046875,0.9990234375,0,0.0009765625
CHNCXR_0332_1,Shenzhen,1,1,background_lossy,50,0.6346544715447154,0.998046875,0.9951171875,0,0.0029296875
CHNCXR_0332_1,Shenzhen,1,1,all_lossy,50,1.0,0.998046875,0.998046875,0,0.0
CHNCXR_0332_1,Shenzhen,1,1,lungs_lossy,70,0.3653455284552845,0.998046875,0.9970703125,0,0.0009765625
CHNCXR_0332_1,Shenzhen,1,1,background_lossy,70,0.6346544715447154,0.998046875,0.99658203125,0,0.00146484375
CHNCXR_0332_1,Shenzhen,1,1,all_lossy,70,1.0,0.998046875,0.9951171875,0,0.0029296875
CHNCXR_0333_1,Shenzhen,1,3,lungs_lossy,10,0.4115249753937008,0.99072265625,0.994140625,0,0.00341796875
CHNCXR_0333_1,Shenzhen,1,3,background_lossy,10,0.5884750246062992,0.99072265625,0.93994140625,0,0.05078125
CHNCXR_0333_1,Shenzhen,1,3,all_lossy,10,1.0,0.99072265625,0.9716796875,0,0.01904296875
CHNCXR_0333_1,Shenzhen,1,3,lungs_lossy,30,0.4115249753937008,0.99072265625,0.99560546875,0,0.0048828125
CHNCXR_0333_1,Shenzhen,1,3,background_lossy,30,0.5884750246062992,0.99072265625,0.94384765625,0,0.046875
CHNCXR_0333_1,Shenzhen,1,3,all_lossy,30,1.0,0.99072265625,0.97265625,0,0.01806640625
CHNCXR_0333_1,Shenzhen,1,3,lungs_lossy,50,0.4115249753937008,0.99072265625,0.99560546875,0,0.0048828125
CHNCXR_0333_1,Shenzhen,1,3,background_lossy,50,0.5884750246062992,0.99072265625,0.97265625,0,0.01806640625
CHNCXR_0333_1,Shenzhen,1,3,all_lossy,50,1.0,0.99072265625,0.9873046875,0,0.00341796875
CHNCXR_0333_1,Shenzhen,1,3,lungs_lossy,70,0.4115249753937008,0.99072265625,0.98828125,0,0.00244140625
CHNCXR_0333_1,Shenzhen,1,3,background_lossy,70,0.5884750246062992,0.99072265625,0.98681640625,0,0.00390625
CHNCXR_0333_1,Shenzhen,1,3,all_lossy,70,1.0,0.99072265625,0.98291015625,0,0.0078125
CHNCXR_0334_1,Shenzhen,1,2,lungs_lossy,10,0.3290408942885771,0.08135986328125,0.93603515625,1,0.85467529296875
CHNCXR_0334_1,Shenzhen,1,2,background_lossy,10,0.6709591057114228,0.08135986328125,0.073974609375,0,0.00738525390625
CHNCXR_0334_1,Shenzhen,1,2,all_lossy,10,1.0,0.08135986328125,0.93994140625,1,0.85858154296875
CHNCXR_0334_1,Shenzhen,1,2,lungs_lossy,30,0.3290408942885771,0.08135986328125,1.0,1,0.91864013671875
CHNCXR_0334_1,Shenzhen,1,2,background_lossy,30,0.6709591057114228,0.08135986328125,0.255126953125,0,0.17376708984375
CHNCXR_0334_1,Shenzhen,1,2,all_lossy,30,1.0,0.08135986328125,0.9990234375,1,0.91766357421875
CHNCXR_0334_1,Shenzhen,1,2,lungs_lossy,50,0.3290408942885771,0.08135986328125,0.89013671875,1,0.80877685546875
CHNCXR_0334_1,Shenzhen,1,2,background_lossy,50,0.6709591057114228,0.08135986328125,0.203857421875,0,0.12249755859375
CHNCXR_0334_1,Shenzhen,1,2,all_lossy,50,1.0,0.08135986328125,0.9267578125,1,0.84539794921875
CHNCXR_0334_1,Shenzhen,1,2,lungs_lossy,70,0.3290408942885771,0.08135986328125,0.156005859375,0,0.07464599609375
CHNCXR_0334_1,Shenzhen,1,2,background_lossy,70,0.6709591057114228,0.08135986328125,0.1278076171875,0,0.04644775390625
CHNCXR_0334_1,Shenzhen,1,2,all_lossy,70,1.0,0.08135986328125,0.261474609375,0,0.18011474609375
CHNCXR_0335_1,Shenzhen,1,2,lungs_lossy,10,0.299030311853002,0.982421875,0.9970703125,0,0.0146484375
CHNCXR_0335_1,Shenzhen,1,2,background_lossy,10,0.700969688146998,0.982421875,0.93896484375,0,0.04345703125
CHNCXR_0335_1,Shenzhen,1,2,all_lossy,10,1.0,0.982421875,0.98876953125,0,0.00634765625
CHNCXR_0335_1,Shenzhen,1,2,lungs_lossy,30,0.299030311853002,0.982421875,0.9990234375,0,0.0166015625
CHNCXR_0335_1,Shenzhen,1,2,background_lossy,30,0.700969688146998,0.982421875,0.94384765625,0,0.03857421875
CHNCXR_0335_1,Shenzhen,1,2,all_lossy,30,1.0,0.982421875,0.99365234375,0,0.01123046875
CHNCXR_0335_1,Shenzhen,1,2,lungs_lossy,50,0.299030311853002,0.982421875,0.9970703125,0,0.0146484375
CHNCXR_0335_1,Shenzhen,1,2,background_lossy,50,0.700969688146998,0.982421875,0.9716796875,0,0.0107421875
CHNCXR_0335_1,Shenzhen,1,2,all_lossy,50,1.0,0.982421875,0.994140625,0,0.01171875
CHNCXR_0335_1,Shenzhen,1,2,lungs_lossy,70,0.299030311853002,0.982421875,0.978515625,0,0.00390625
CHNCXR_0335_1,Shenzhen,1,2,background_lossy,70,0.700969688146998,0.982421875,0.97021484375,0,0.01220703125
CHNCXR_0335_1,Shenzhen,1,2,all_lossy,70,1.0,0.982421875,0.96044921875,0,0.02197265625
CHNCXR_0336_1,Shenzhen,1,3,lungs_lossy,10,0.3656402191558441,0.76318359375,0.2410888671875,1,0.5220947265625
CHNCXR_0336_1,Shenzhen,1,3,background_lossy,10,0.6343597808441559,0.76318359375,0.61474609375,0,0.1484375
CHNCXR_0336_1,Shenzhen,1,3,all_lossy,10,1.0,0.76318359375,0.33056640625,1,0.4326171875
CHNCXR_0336_1,Shenzhen,1,3,lungs_lossy,30,0.3656402191558441,0.76318359375,0.483642578125,1,0.279541015625
CHNCXR_0336_1,Shenzhen,1,3,background_lossy,30,0.6343597808441559,0.76318359375,0.5107421875,0,0.25244140625
CHNCXR_0336_1,Shenzhen,1,3,all_lossy,30,1.0,0.76318359375,0.28515625,1,0.47802734375
CHNCXR_0336_1,Shenzhen,1,3,lungs_lossy,50,0.3656402191558441,0.76318359375,0.759765625,0,0.00341796875
CHNCXR_0336_1,Shenzhen,1,3,background_lossy,50,0.6343597808441559,0.76318359375,0.67578125,0,0.08740234375
CHNCXR_0336_1,Shenzhen,1,3,all_lossy,50,1.0,0.76318359375,0.6865234375,0,0.07666015625
CHNCXR_0336_1,Shenzhen,1,3,lungs_lossy,70,0.3656402191558441,0.76318359375,0.7509765625,0,0.01220703125
CHNCXR_0336_1,Shenzhen,1,3,background_lossy,70,0.6343597808441559,0.76318359375,0.78173828125,0,0.0185546875
CHNCXR_0336_1,Shenzhen,1,3,all_lossy,70,1.0,0.76318359375,0.77734375,0,0.01416015625
CHNCXR_0337_1,Shenzhen,1,4,lungs_lossy,10,0.3738844956808943,0.53076171875,0.97998046875,0,0.44921875
CHNCXR_0337_1,Shenzhen,1,4,background_lossy,10,0.6261155043191057,0.53076171875,0.332763671875,1,0.197998046875
CHNCXR_0337_1,Shenzhen,1,4,all_lossy,10,1.0,0.53076171875,0.86181640625,0,0.3310546875
CHNCXR_0337_1,Shenzhen,1,4,lungs_lossy,30,0.3738844956808943,0.53076171875,0.9599609375,0,0.42919921875
CHNCXR_0337_1,Shenzhen,1,4,background_lossy,30,0.6261155043191057,0.53076171875,0.450439453125,1,0.080322265625
CHNCXR_0337_1,Shenzhen,1,4,all_lossy,30,1.0,0.53076171875,0.9140625,0,0.38330078125
CHNCXR_0337_1,Shenzhen,1,4,lungs_lossy,50,0.3738844956808943,0.53076171875,0.72509765625,0,0.1943359375
CHNCXR_0337_1,Shenzhen,1,4,background_lossy,50,0.6261155043191057,0.53076171875,0.51025390625,0,0.0205078125
CHNCXR_0337_1,Shenzhen,1,4,all_lossy,50,1.0,0.53076171875,0.6904296875,0,0.15966796875
CHNCXR_0337_1,Shenzhen,1,4,lungs_lossy,70,0.3738844956808943,0.53076171875,0.54345703125,0,0.0126953125
CHNCXR_0337_1,Shenzhen,1,4,background_lossy,70,0.6261155043191057,0.53076171875,0.55908203125,0,0.0283203125
CHNCXR_0337_1,Shenzhen,1,4,all_lossy,70,1.0,0.53076171875,0.57177734375,0,0.041015625
CHNCXR_0338_1,Shenzhen,1,3,lungs_lossy,10,0.2914992559523809,0.99951171875,0.9970703125,0,0.00244140625
CHNCXR_0338_1,Shenzhen,1,3,background_lossy,10,0.708500744047619,0.99951171875,0.9951171875,0,0.00439453125
CHNCXR_0338_1,Shenzhen,1,3,all_lossy,10,1.0,0.99951171875,0.96875,0,0.03076171875
CHNCXR_0338_1,Shenzhen,1,3,lungs_lossy,30,0.2914992559523809,0.99951171875,0.99951171875,0,0.0
CHNCXR_0338_1,Shenzhen,1,3,background_lossy,30,0.708500744047619,0.99951171875,0.99609375,0,0.00341796875
CHNCXR_0338_1,Shenzhen,1,3,all_lossy,30,1.0,0.99951171875,0.99658203125,0,0.0029296875
CHNCXR_0338_1,Shenzhen,1,3,lungs_lossy,50,0.2914992559523809,0.99951171875,0.99951171875,0,0.0
CHNCXR_0338_1,Shenzhen,1,3,background_lossy,50,0.708500744047619,0.99951171875,0.99853515625,0,0.0009765625
CHNCXR_0338_1,Shenzhen,1,3,all_lossy,50,1.0,0.99951171875,0.99853515625,0,0.0009765625
CHNCXR_0338_1,Shenzhen,1,3,lungs_lossy,70,0.2914992559523809,0.99951171875,0.9990234375,0,0.00048828125
CHNCXR_0338_1,Shenzhen,1,3,background_lossy,70,0.708500744047619,0.99951171875,0.9990234375,0,0.00048828125
CHNCXR_0338_1,Shenzhen,1,3,all_lossy,70,1.0,0.99951171875,0.9990234375,0,0.00048828125
CHNCXR_0339_1,Shenzhen,1,3,lungs_lossy,10,0.3398516255040322,0.986328125,0.9765625,0,0.009765625
CHNCXR_0339_1,Shenzhen,1,3,background_lossy,10,0.6601483744959677,0.986328125,0.91845703125,0,0.06787109375
CHNCXR_0339_1,Shenzhen,1,3,all_lossy,10,1.0,0.986328125,0.84130859375,0,0.14501953125
CHNCXR_0339_1,Shenzhen,1,3,lungs_lossy,30,0.3398516255040322,0.986328125,0.98388671875,0,0.00244140625
CHNCXR_0339_1,Shenzhen,1,3,background_lossy,30,0.6601483744959677,0.986328125,0.8994140625,0,0.0869140625
CHNCXR_0339_1,Shenzhen,1,3,all_lossy,30,1.0,0.986328125,0.8818359375,0,0.1044921875
CHNCXR_0339_1,Shenzhen,1,3,lungs_lossy,50,0.3398516255040322,0.986328125,0.99072265625,0,0.00439453125
CHNCXR_0339_1,Shenzhen,1,3,background_lossy,50,0.6601483744959677,0.986328125,0.97607421875,0,0.01025390625
CHNCXR_0339_1,Shenzhen,1,3,all_lossy,50,1.0,0.986328125,0.982421875,0,0.00390625
CHNCXR_0339_1,Shenzhen,1,3,lungs_lossy,70,0.3398516255040322,0.986328125,0.9853515625,0,0.0009765625
CHNCXR_0339_1,Shenzhen,1,3,background_lossy,70,0.6601483744959677,0.986328125,0.9814453125,0,0.0048828125
CHNCXR_0339_1,Shenzhen,1,3,all_lossy,70,1.0,0.986328125,0.9794921875,0,0.0068359375
CHNCXR_0340_1,Shenzhen,1,3,lungs_lossy,10,0.2861900329589844,0.55322265625,0.76806640625,0,0.21484375
CHNCXR_0340_1,Shenzhen,1,3,background_lossy,10,0.7138099670410156,0.55322265625,0.57373046875,0,0.0205078125
CHNCXR_0340_1,Shenzhen,1,3,all_lossy,10,1.0,0.55322265625,0.74853515625,0,0.1953125
CHNCXR_0340_1,Shenzhen,1,3,lungs_lossy,30,0.2861900329589844,0.55322265625,0.8515625,0,0.29833984375
CHNCXR_0340_1,Shenzhen,1,3,background_lossy,30,0.7138099670410156,0.55322265625,0.37353515625,1,0.1796875
CHNCXR_0340_1,Shenzhen,1,3,all_lossy,30,1.0,0.55322265625,0.6962890625,0,0.14306640625
CHNCXR_0340_1,Shenzhen,1,3,lungs_lossy,50,0.2861900329589844,0.55322265625,0.6474609375,0,0.09423828125
CHNCXR_0340_1,Shenzhen,1,3,background_lossy,50,0.7138099670410156,0.55322265625,0.3251953125,1,0.22802734375
CHNCXR_0340_1,Shenzhen,1,3,all_lossy,50,1.0,0.55322265625,0.41455078125,1,0.138671875
CHNCXR_0340_1,Shenzhen,1,3,lungs_lossy,70,0.2861900329589844,0.55322265625,0.495849609375,1,0.057373046875
CHNCXR_0340_1,Shenzhen,1,3,background_lossy,70,0.7138099670410156,0.55322265625,0.513671875,0,0.03955078125
CHNCXR_0340_1,Shenzhen,1,3,all_lossy,70,1.0,0.55322265625,0.456787109375,1,0.096435546875
CHNCXR_0341_1,Shenzhen,1,1,lungs_lossy,10,0.2209982293737574,0.0046653747558593,0.08819580078125,0,0.0835304260253907
CHNCXR_0341_1,Shenzhen,1,1,background_lossy,10,0.7790017706262425,0.0046653747558593,0.0012788772583007,0,0.0033864974975586007
CHNCXR_0341_1,Shenzhen,1,1,all_lossy,10,1.0,0.0046653747558593,0.0965576171875,0,0.0918922424316407
CHNCXR_0341_1,Shenzhen,1,1,lungs_lossy,30,0.2209982293737574,0.0046653747558593,0.02630615234375,0,0.0216407775878907
CHNCXR_0341_1,Shenzhen,1,1,background_lossy,30,0.7790017706262425,0.0046653747558593,0.0022869110107421,0,0.0023784637451172005
CHNCXR_0341_1,Shenzhen,1,1,all_lossy,30,1.0,0.0046653747558593,0.026763916015625,0,0.0220985412597657
CHNCXR_0341_1,Shenzhen,1,1,lungs_lossy,50,0.2209982293737574,0.0046653747558593,0.0311431884765625,0,0.0264778137207032
CHNCXR_0341_1,Shenzhen,1,1,background_lossy,50,0.7790017706262425,0.0046653747558593,0.0024623870849609,0,0.0022029876708984
CHNCXR_0341_1,Shenzhen,1,1,all_lossy,50,1.0,0.0046653747558593,0.0104904174804687,0,0.005825042724609399
CHNCXR_0341_1,Shenzhen,1,1,lungs_lossy,70,0.2209982293737574,0.0046653747558593,0.0068511962890625,0,0.0021858215332031996
CHNCXR_0341_1,Shenzhen,1,1,background_lossy,70,0.7790017706262425,0.0046653747558593,0.0036792755126953,0,0.0009860992431640005
CHNCXR_0341_1,Shenzhen,1,1,all_lossy,70,1.0,0.0046653747558593,0.0055351257324218,0,0.0008697509765625
CHNCXR_0342_1,Shenzhen,1,4,lungs_lossy,10,0.3694810036307054,0.94091796875,0.99560546875,0,0.0546875
CHNCXR_0342_1,Shenzhen,1,4,background_lossy,10,0.6305189963692945,0.94091796875,0.873046875,0,0.06787109375
CHNCXR_0342_1,Shenzhen,1,4,all_lossy,10,1.0,0.94091796875,0.9765625,0,0.03564453125
CHNCXR_0342_1,Shenzhen,1,4,lungs_lossy,30,0.3694810036307054,0.94091796875,0.99072265625,0,0.0498046875
CHNCXR_0342_1,Shenzhen,1,4,background_lossy,30,0.6305189963692945,0.94091796875,0.927734375,0,0.01318359375
CHNCXR_0342_1,Shenzhen,1,4,all_lossy,30,1.0,0.94091796875,0.984375,0,0.04345703125
CHNCXR_0342_1,Shenzhen,1,4,lungs_lossy,50,0.3694810036307054,0.94091796875,0.974609375,0,0.03369140625
CHNCXR_0342_1,Shenzhen,1,4,background_lossy,50,0.6305189963692945,0.94091796875,0.92822265625,0,0.0126953125
CHNCXR_0342_1,Shenzhen,1,4,all_lossy,50,1.0,0.94091796875,0.96728515625,0,0.0263671875
CHNCXR_0342_1,Shenzhen,1,4,lungs_lossy,70,0.3694810036307054,0.94091796875,0.9482421875,0,0.00732421875
CHNCXR_0342_1,Shenzhen,1,4,background_lossy,70,0.6305189963692945,0.94091796875,0.93798828125,0,0.0029296875
CHNCXR_0342_1,Shenzhen,1,4,all_lossy,70,1.0,0.94091796875,0.94677734375,0,0.005859375
CHNCXR_0343_1,Shenzhen,1,3,lungs_lossy,10,0.3124436211340206,0.767578125,0.919921875,0,0.15234375
CHNCXR_0343_1,Shenzhen,1,3,background_lossy,10,0.6875563788659793,0.767578125,0.240234375,1,0.52734375
CHNCXR_0343_1,Shenzhen,1,3,all_lossy,10,1.0,0.767578125,0.6357421875,0,0.1318359375
CHNCXR_0343_1,Shenzhen,1,3,lungs_lossy,30,0.3124436211340206,0.767578125,0.90869140625,0,0.14111328125
CHNCXR_0343_1,Shenzhen,1,3,background_lossy,30,0.6875563788659793,0.767578125,0.3203125,1,0.447265625
CHNCXR_0343_1,Shenzhen,1,3,all_lossy,30,1.0,0.767578125,0.473388671875,1,0.294189453125
CHNCXR_0343_1,Shenzhen,1,3,lungs_lossy,50,0.3124436211340206,0.767578125,0.765625,0,0.001953125
CHNCXR_0343_1,Shenzhen,1,3,background_lossy,50,0.6875563788659793,0.767578125,0.517578125,0,0.25
CHNCXR_0343_1,Shenzhen,1,3,all_lossy,50,1.0,0.767578125,0.49365234375,1,0.27392578125
CHNCXR_0343_1,Shenzhen,1,3,lungs_lossy,70,0.3124436211340206,0.767578125,0.73828125,0,0.029296875
CHNCXR_0343_1,Shenzhen,1,3,background_lossy,70,0.6875563788659793,0.767578125,0.7080078125,0,0.0595703125
CHNCXR_0343_1,Shenzhen,1,3,all_lossy,70,1.0,0.767578125,0.6767578125,0,0.0908203125
CHNCXR_0344_1,Shenzhen,1,0,lungs_lossy,10,0.3501005341355599,0.9990234375,1.0,0,0.0009765625
CHNCXR_0344_1,Shenzhen,1,0,background_lossy,10,0.6498994658644401,0.9990234375,0.794921875,0,0.2041015625
CHNCXR_0344_1,Shenzhen,1,0,all_lossy,10,1.0,0.9990234375,0.9990234375,0,0.0
CHNCXR_0344_1,Shenzhen,1,0,lungs_lossy,30,0.3501005341355599,0.9990234375,1.0,0,0.0009765625
CHNCXR_0344_1,Shenzhen,1,0,background_lossy,30,0.6498994658644401,0.9990234375,0.9189453125,0,0.080078125
CHNCXR_0344_1,Shenzhen,1,0,all_lossy,30,1.0,0.9990234375,0.99951171875,0,0.00048828125
CHNCXR_0344_1,Shenzhen,1,0,lungs_lossy,50,0.3501005341355599,0.9990234375,1.0,0,0.0009765625
CHNCXR_0344_1,Shenzhen,1,0,background_lossy,50,0.6498994658644401,0.9990234375,0.98876953125,0,0.01025390625
CHNCXR_0344_1,Shenzhen,1,0,all_lossy,50,1.0,0.9990234375,0.9990234375,0,0.0
CHNCXR_0344_1,Shenzhen,1,0,lungs_lossy,70,0.3501005341355599,0.9990234375,0.9990234375,0,0.0
CHNCXR_0344_1,Shenzhen,1,0,background_lossy,70,0.6498994658644401,0.9990234375,0.998046875,0,0.0009765625
CHNCXR_0344_1,Shenzhen,1,0,all_lossy,70,1.0,0.9990234375,0.99853515625,0,0.00048828125
CHNCXR_0345_1,Shenzhen,1,3,lungs_lossy,10,0.3720985601756198,0.51708984375,0.71875,0,0.20166015625
CHNCXR_0345_1,Shenzhen,1,3,background_lossy,10,0.6279014398243802,0.51708984375,0.351318359375,1,0.165771484375
CHNCXR_0345_1,Shenzhen,1,3,all_lossy,10,1.0,0.51708984375,0.5537109375,0,0.03662109375
CHNCXR_0345_1,Shenzhen,1,3,lungs_lossy,30,0.3720985601756198,0.51708984375,0.86279296875,0,0.345703125
CHNCXR_0345_1,Shenzhen,1,3,background_lossy,30,0.6279014398243802,0.51708984375,0.276123046875,1,0.240966796875
CHNCXR_0345_1,Shenzhen,1,3,all_lossy,30,1.0,0.51708984375,0.403564453125,1,0.113525390625
CHNCXR_0345_1,Shenzhen,1,3,lungs_lossy,50,0.3720985601756198,0.51708984375,0.62060546875,0,0.103515625
CHNCXR_0345_1,Shenzhen,1,3,background_lossy,50,0.6279014398243802,0.51708984375,0.32568359375,1,0.19140625
CHNCXR_0345_1,Shenzhen,1,3,all_lossy,50,1.0,0.51708984375,0.35595703125,1,0.1611328125
CHNCXR_0345_1,Shenzhen,1,3,lungs_lossy,70,0.3720985601756198,0.51708984375,0.488525390625,1,0.028564453125
CHNCXR_0345_1,Shenzhen,1,3,background_lossy,70,0.6279014398243802,0.51708984375,0.470458984375,1,0.046630859375
CHNCXR_0345_1,Shenzhen,1,3,all_lossy,70,1.0,0.51708984375,0.433837890625,1,0.083251953125
CHNCXR_0346_1,Shenzhen,1,3,lungs_lossy,10,0.3814574411134903,0.787109375,0.89013671875,0,0.10302734375
CHNCXR_0346_1,Shenzhen,1,3,background_lossy,10,0.6185425588865097,0.787109375,0.70751953125,0,0.07958984375
CHNCXR_0346_1,Shenzhen,1,3,all_lossy,10,1.0,0.787109375,0.91015625,0,0.123046875
CHNCXR_0346_1,Shenzhen,1,3,lungs_lossy,30,0.3814574411134903,0.787109375,0.94921875,0,0.162109375
CHNCXR_0346_1,Shenzhen,1,3,background_lossy,30,0.6185425588865097,0.787109375,0.72216796875,0,0.06494140625
CHNCXR_0346_1,Shenzhen,1,3,all_lossy,30,1.0,0.787109375,0.90625,0,0.119140625
CHNCXR_0346_1,Shenzhen,1,3,lungs_lossy,50,0.3814574411134903,0.787109375,0.75634765625,0,0.03076171875
CHNCXR_0346_1,Shenzhen,1,3,background_lossy,50,0.6185425588865097,0.787109375,0.76123046875,0,0.02587890625
CHNCXR_0346_1,Shenzhen,1,3,all_lossy,50,1.0,0.787109375,0.72802734375,0,0.05908203125
CHNCXR_0346_1,Shenzhen,1,3,lungs_lossy,70,0.3814574411134903,0.787109375,0.6845703125,0,0.1025390625
CHNCXR_0346_1,Shenzhen,1,3,background_lossy,70,0.6185425588865097,0.787109375,0.7626953125,0,0.0244140625
CHNCXR_0346_1,Shenzhen,1,3,all_lossy,70,1.0,0.787109375,0.65771484375,0,0.12939453125
CHNCXR_0347_1,Shenzhen,1,2,lungs_lossy,10,0.3791098736702127,0.68115234375,0.9755859375,0,0.29443359375
CHNCXR_0347_1,Shenzhen,1,2,background_lossy,10,0.6208901263297872,0.68115234375,0.81298828125,0,0.1318359375
CHNCXR_0347_1,Shenzhen,1,2,all_lossy,10,1.0,0.68115234375,0.9921875,0,0.31103515625
CHNCXR_0347_1,Shenzhen,1,2,lungs_lossy,30,0.3791098736702127,0.68115234375,1.0,0,0.31884765625
CHNCXR_0347_1,Shenzhen,1,2,background_lossy,30,0.6208901263297872,0.68115234375,0.8818359375,0,0.20068359375
CHNCXR_0347_1,Shenzhen,1,2,all_lossy,30,1.0,0.68115234375,0.99951171875,0,0.318359375
CHNCXR_0347_1,Shenzhen,1,2,lungs_lossy,50,0.3791098736702127,0.68115234375,0.98583984375,0,0.3046875
CHNCXR_0347_1,Shenzhen,1,2,background_lossy,50,0.6208901263297872,0.68115234375,0.87109375,0,0.18994140625
CHNCXR_0347_1,Shenzhen,1,2,all_lossy,50,1.0,0.68115234375,0.9921875,0,0.31103515625
CHNCXR_0347_1,Shenzhen,1,2,lungs_lossy,70,0.3791098736702127,0.68115234375,0.85595703125,0,0.1748046875
CHNCXR_0347_1,Shenzhen,1,2,background_lossy,70,0.6208901263297872,0.68115234375,0.71435546875,0,0.033203125
CHNCXR_0347_1,Shenzhen,1,2,all_lossy,70,1.0,0.68115234375,0.86669921875,0,0.185546875
CHNCXR_0348_1,Shenzhen,1,1,lungs_lossy,10,0.1968211501641137,0.314697265625,0.5625,1,0.247802734375
CHNCXR_0348_1,Shenzhen,1,1,background_lossy,10,0.8031788498358863,0.314697265625,0.99462890625,1,0.679931640625
CHNCXR_0348_1,Shenzhen,1,1,all_lossy,10,1.0,0.314697265625,0.9873046875,1,0.672607421875
CHNCXR_0348_1,Shenzhen,1,1,lungs_lossy,30,0.1968211501641137,0.314697265625,0.9228515625,1,0.608154296875
CHNCXR_0348_1,Shenzhen,1,1,background_lossy,30,0.8031788498358863,0.314697265625,0.90966796875,1,0.594970703125
CHNCXR_0348_1,Shenzhen,1,1,all_lossy,30,1.0,0.314697265625,0.98291015625,1,0.668212890625
CHNCXR_0348_1,Shenzhen,1,1,lungs_lossy,50,0.1968211501641137,0.314697265625,0.6748046875,1,0.360107421875
CHNCXR_0348_1,Shenzhen,1,1,background_lossy,50,0.8031788498358863,0.314697265625,0.34912109375,0,0.034423828125
CHNCXR_0348_1,Shenzhen,1,1,all_lossy,50,1.0,0.314697265625,0.64306640625,1,0.328369140625
CHNCXR_0348_1,Shenzhen,1,1,lungs_lossy,70,0.1968211501641137,0.314697265625,0.31689453125,0,0.002197265625
CHNCXR_0348_1,Shenzhen,1,1,background_lossy,70,0.8031788498358863,0.314697265625,0.259521484375,0,0.05517578125
CHNCXR_0348_1,Shenzhen,1,1,all_lossy,70,1.0,0.314697265625,0.2958984375,0,0.018798828125
CHNCXR_0349_1,Shenzhen,1,4,lungs_lossy,10,0.2082504970178926,0.97412109375,0.75146484375,0,0.22265625
CHNCXR_0349_1,Shenzhen,1,4,background_lossy,10,0.7917495029821073,0.97412109375,0.9755859375,0,0.00146484375
CHNCXR_0349_1,Shenzhen,1,4,all_lossy,10,1.0,0.97412109375,0.381103515625,1,0.593017578125
CHNCXR_0349_1,Shenzhen,1,4,lungs_lossy,30,0.2082504970178926,0.97412109375,0.97216796875,0,0.001953125
CHNCXR_0349_1,Shenzhen,1,4,background_lossy,30,0.7917495029821073,0.97412109375,0.966796875,0,0.00732421875
CHNCXR_0349_1,Shenzhen,1,4,all_lossy,30,1.0,0.97412109375,0.91552734375,0,0.05859375
CHNCXR_0349_1,Shenzhen,1,4,lungs_lossy,50,0.2082504970178926,0.97412109375,0.9814453125,0,0.00732421875
CHNCXR_0349_1,Shenzhen,1,4,background_lossy,50,0.7917495029821073,0.97412109375,0.97607421875,0,0.001953125
CHNCXR_0349_1,Shenzhen,1,4,all_lossy,50,1.0,0.97412109375,0.982421875,0,0.00830078125
CHNCXR_0349_1,Shenzhen,1,4,lungs_lossy,70,0.2082504970178926,0.97412109375,0.97607421875,0,0.001953125
CHNCXR_0349_1,Shenzhen,1,4,background_lossy,70,0.7917495029821073,0.97412109375,0.96923828125,0,0.0048828125
CHNCXR_0349_1,Shenzhen,1,4,all_lossy,70,1.0,0.97412109375,0.97021484375,0,0.00390625
CHNCXR_0350_1,Shenzhen,1,2,lungs_lossy,10,0.3548296176321138,1.0,1.0,0,0.0
CHNCXR_0350_1,Shenzhen,1,2,background_lossy,10,0.6451703823678862,1.0,0.99853515625,0,0.00146484375
CHNCXR_0350_1,Shenzhen,1,2,all_lossy,10,1.0,1.0,1.0,0,0.0
CHNCXR_0350_1,Shenzhen,1,2,lungs_lossy,30,0.3548296176321138,1.0,1.0,0,0.0
CHNCXR_0350_1,Shenzhen,1,2,background_lossy,30,0.6451703823678862,1.0,1.0,0,0.0
CHNCXR_0350_1,Shenzhen,1,2,all_lossy,30,1.0,1.0,1.0,0,0.0
CHNCXR_0350_1,Shenzhen,1,2,lungs_lossy,50,0.3548296176321138,1.0,1.0,0,0.0
CHNCXR_0350_1,Shenzhen,1,2,background_lossy,50,0.6451703823678862,1.0,1.0,0,0.0
CHNCXR_0350_1,Shenzhen,1,2,all_lossy,50,1.0,1.0,1.0,0,0.0
CHNCXR_0350_1,Shenzhen,1,2,lungs_lossy,70,0.3548296176321138,1.0,1.0,0,0.0
CHNCXR_0350_1,Shenzhen,1,2,background_lossy,70,0.6451703823678862,1.0,1.0,0,0.0
CHNCXR_0350_1,Shenzhen,1,2,all_lossy,70,1.0,1.0,1.0,0,0.0
CHNCXR_0351_1,Shenzhen,1,2,lungs_lossy,10,0.3170030381944444,0.416259765625,0.20166015625,0,0.214599609375
CHNCXR_0351_1,Shenzhen,1,2,background_lossy,10,0.6829969618055556,0.416259765625,0.8427734375,1,0.426513671875
CHNCXR_0351_1,Shenzhen,1,2,all_lossy,10,1.0,0.416259765625,0.89501953125,1,0.478759765625
CHNCXR_0351_1,Shenzhen,1,2,lungs_lossy,30,0.3170030381944444,0.416259765625,0.912109375,1,0.495849609375
CHNCXR_0351_1,Shenzhen,1,2,background_lossy,30,0.6829969618055556,0.416259765625,0.88427734375,1,0.468017578125
CHNCXR_0351_1,Shenzhen,1,2,all_lossy,30,1.0,0.416259765625,0.9912109375,1,0.574951171875
CHNCXR_0351_1,Shenzhen,1,2,lungs_lossy,50,0.3170030381944444,0.416259765625,0.64794921875,1,0.231689453125
CHNCXR_0351_1,Shenzhen,1,2,background_lossy,50,0.6829969618055556,0.416259765625,0.413818359375,0,0.00244140625
CHNCXR_0351_1,Shenzhen,1,2,all_lossy,50,1.0,0.416259765625,0.68017578125,1,0.263916015625
CHNCXR_0351_1,Shenzhen,1,2,lungs_lossy,70,0.3170030381944444,0.416259765625,0.377197265625,0,0.0390625
CHNCXR_0351_1,Shenzhen,1,2,background_lossy,70,0.6829969618055556,0.416259765625,0.390380859375,0,0.02587890625
CHNCXR_0351_1,Shenzhen,1,2,all_lossy,70,1.0,0.416259765625,0.33935546875,0,0.076904296875
CHNCXR_0352_1,Shenzhen,1,0,lungs_lossy,10,0.3136822685698447,0.99365234375,0.99951171875,0,0.005859375
CHNCXR_0352_1,Shenzhen,1,0,background_lossy,10,0.6863177314301552,0.99365234375,0.9892578125,0,0.00439453125
CHNCXR_0352_1,Shenzhen,1,0,all_lossy,10,1.0,0.99365234375,0.99951171875,0,0.005859375
CHNCXR_0352_1,Shenzhen,1,0,lungs_lossy,30,0.3136822685698447,0.99365234375,0.9990234375,0,0.00537109375
CHNCXR_0352_1,Shenzhen,1,0,background_lossy,30,0.6863177314301552,0.99365234375,0.9892578125,0,0.00439453125
CHNCXR_0352_1,Shenzhen,1,0,all_lossy,30,1.0,0.99365234375,0.99755859375,0,0.00390625
CHNCXR_0352_1,Shenzhen,1,0,lungs_lossy,50,0.3136822685698447,0.99365234375,0.99853515625,0,0.0048828125
CHNCXR_0352_1,Shenzhen,1,0,background_lossy,50,0.6863177314301552,0.99365234375,0.9921875,0,0.00146484375
CHNCXR_0352_1,Shenzhen,1,0,all_lossy,50,1.0,0.99365234375,0.9970703125,0,0.00341796875
CHNCXR_0352_1,Shenzhen,1,0,lungs_lossy,70,0.3136822685698447,0.99365234375,0.99365234375,0,0.0
CHNCXR_0352_1,Shenzhen,1,0,background_lossy,70,0.6863177314301552,0.99365234375,0.9951171875,0,0.00146484375
CHNCXR_0352_1,Shenzhen,1,0,all_lossy,70,1.0,0.99365234375,0.9951171875,0,0.00146484375
CHNCXR_0353_1,Shenzhen,1,1,lungs_lossy,10,0.2809083085853132,0.8916015625,0.99755859375,0,0.10595703125
CHNCXR_0353_1,Shenzhen,1,1,background_lossy,10,0.7190916914146868,0.8916015625,0.7177734375,0,0.173828125
CHNCXR_0353_1,Shenzhen,1,1,all_lossy,10,1.0,0.8916015625,0.98974609375,0,0.09814453125
CHNCXR_0353_1,Shenzhen,1,1,lungs_lossy,30,0.2809083085853132,0.8916015625,0.99951171875,0,0.10791015625
CHNCXR_0353_1,Shenzhen,1,1,background_lossy,30,0.7190916914146868,0.8916015625,0.822265625,0,0.0693359375
CHNCXR_0353_1,Shenzhen,1,1,all_lossy,30,1.0,0.8916015625,0.99853515625,0,0.10693359375
CHNCXR_0353_1,Shenzhen,1,1,lungs_lossy,50,0.2809083085853132,0.8916015625,0.9873046875,0,0.095703125
CHNCXR_0353_1,Shenzhen,1,1,background_lossy,50,0.7190916914146868,0.8916015625,0.80126953125,0,0.09033203125
CHNCXR_0353_1,Shenzhen,1,1,all_lossy,50,1.0,0.8916015625,0.95751953125,0,0.06591796875
CHNCXR_0353_1,Shenzhen,1,1,lungs_lossy,70,0.2809083085853132,0.8916015625,0.90234375,0,0.0107421875
CHNCXR_0353_1,Shenzhen,1,1,background_lossy,70,0.7190916914146868,0.8916015625,0.87158203125,0,0.02001953125
CHNCXR_0353_1,Shenzhen,1,1,all_lossy,70,1.0,0.8916015625,0.8740234375,0,0.017578125
CHNCXR_0354_1,Shenzhen,1,3,lungs_lossy,10,0.338843681619256,0.95263671875,0.73583984375,0,0.216796875
CHNCXR_0354_1,Shenzhen,1,3,background_lossy,10,0.661156318380744,0.95263671875,0.73828125,0,0.21435546875
CHNCXR_0354_1,Shenzhen,1,3,all_lossy,10,1.0,0.95263671875,0.345458984375,1,0.607177734375
CHNCXR_0354_1,Shenzhen,1,3,lungs_lossy,30,0.338843681619256,0.95263671875,0.93359375,0,0.01904296875
CHNCXR_0354_1,Shenzhen,1,3,background_lossy,30,0.661156318380744,0.95263671875,0.7001953125,0,0.25244140625
CHNCXR_0354_1,Shenzhen,1,3,all_lossy,30,1.0,0.95263671875,0.654296875,0,0.29833984375
CHNCXR_0354_1,Shenzhen,1,3,lungs_lossy,50,0.338843681619256,0.95263671875,0.939453125,0,0.01318359375
CHNCXR_0354_1,Shenzhen,1,3,background_lossy,50,0.661156318380744,0.95263671875,0.86865234375,0,0.083984375
CHNCXR_0354_1,Shenzhen,1,3,all_lossy,50,1.0,0.95263671875,0.822265625,0,0.13037109375
CHNCXR_0354_1,Shenzhen,1,3,lungs_lossy,70,0.338843681619256,0.95263671875,0.95263671875,0,0.0
CHNCXR_0354_1,Shenzhen,1,3,background_lossy,70,0.661156318380744,0.95263671875,0.9423828125,0,0.01025390625
CHNCXR_0354_1,Shenzhen,1,3,all_lossy,70,1.0,0.95263671875,0.94091796875,0,0.01171875
CHNCXR_0355_1,Shenzhen,1,4,lungs_lossy,10,0.2380264945652173,0.99609375,0.99365234375,0,0.00244140625
CHNCXR_0355_1,Shenzhen,1,4,background_lossy,10,0.7619735054347826,0.99609375,0.986328125,0,0.009765625
CHNCXR_0355_1,Shenzhen,1,4,all_lossy,10,1.0,0.99609375,0.95068359375,0,0.04541015625
CHNCXR_0355_1,Shenzhen,1,4,lungs_lossy,30,0.2380264945652173,0.99609375,0.998046875,0,0.001953125
CHNCXR_0355_1,Shenzhen,1,4,background_lossy,30,0.7619735054347826,0.99609375,0.994140625,0,0.001953125
CHNCXR_0355_1,Shenzhen,1,4,all_lossy,30,1.0,0.99609375,0.9951171875,0,0.0009765625
CHNCXR_0355_1,Shenzhen,1,4,lungs_lossy,50,0.2380264945652173,0.99609375,0.99755859375,0,0.00146484375
CHNCXR_0355_1,Shenzhen,1,4,background_lossy,50,0.7619735054347826,0.99609375,0.9951171875,0,0.0009765625
CHNCXR_0355_1,Shenzhen,1,4,all_lossy,50,1.0,0.99609375,0.9970703125,0,0.0009765625
CHNCXR_0355_1,Shenzhen,1,4,lungs_lossy,70,0.2380264945652173,0.99609375,0.99609375,0,0.0
CHNCXR_0355_1,Shenzhen,1,4,background_lossy,70,0.7619735054347826,0.99609375,0.99560546875,0,0.00048828125
CHNCXR_0355_1,Shenzhen,1,4,all_lossy,70,1.0,0.99609375,0.99609375,0,0.0
CHNCXR_0356_1,Shenzhen,1,3,lungs_lossy,10,0.3211440706877729,0.91650390625,0.91064453125,0,0.005859375
CHNCXR_0356_1,Shenzhen,1,3,background_lossy,10,0.678855929312227,0.91650390625,0.74853515625,0,0.16796875
CHNCXR_0356_1,Shenzhen,1,3,all_lossy,10,1.0,0.91650390625,0.72119140625,0,0.1953125
CHNCXR_0356_1,Shenzhen,1,3,lungs_lossy,30,0.3211440706877729,0.91650390625,0.9931640625,0,0.07666015625
CHNCXR_0356_1,Shenzhen,1,3,background_lossy,30,0.678855929312227,0.91650390625,0.572265625,0,0.34423828125
CHNCXR_0356_1,Shenzhen,1,3,all_lossy,30,1.0,0.91650390625,0.94677734375,0,0.0302734375
CHNCXR_0356_1,Shenzhen,1,3,lungs_lossy,50,0.3211440706877729,0.91650390625,0.95556640625,0,0.0390625
CHNCXR_0356_1,Shenzhen,1,3,background_lossy,50,0.678855929312227,0.91650390625,0.7958984375,0,0.12060546875
CHNCXR_0356_1,Shenzhen,1,3,all_lossy,50,1.0,0.91650390625,0.8740234375,0,0.04248046875
CHNCXR_0356_1,Shenzhen,1,3,lungs_lossy,70,0.3211440706877729,0.91650390625,0.90185546875,0,0.0146484375
CHNCXR_0356_1,Shenzhen,1,3,background_lossy,70,0.678855929312227,0.91650390625,0.904296875,0,0.01220703125
CHNCXR_0356_1,Shenzhen,1,3,all_lossy,70,1.0,0.91650390625,0.88916015625,0,0.02734375
CHNCXR_0357_1,Shenzhen,1,3,lungs_lossy,10,0.3754031500501002,0.469970703125,0.845703125,1,0.375732421875
CHNCXR_0357_1,Shenzhen,1,3,background_lossy,10,0.6245968499498997,0.469970703125,0.2076416015625,0,0.2623291015625
CHNCXR_0357_1,Shenzhen,1,3,all_lossy,10,1.0,0.469970703125,0.501953125,1,0.031982421875
CHNCXR_0357_1,Shenzhen,1,3,lungs_lossy,30,0.3754031500501002,0.469970703125,0.83935546875,1,0.369384765625
CHNCXR_0357_1,Shenzhen,1,3,background_lossy,30,0.6245968499498997,0.469970703125,0.19677734375,0,0.273193359375
CHNCXR_0357_1,Shenzhen,1,3,all_lossy,30,1.0,0.469970703125,0.458740234375,0,0.01123046875
CHNCXR_0357_1,Shenzhen,1,3,lungs_lossy,50,0.3754031500501002,0.469970703125,0.53466796875,1,0.064697265625
CHNCXR_0357_1,Shenzhen,1,3,background_lossy,50,0.6245968499498997,0.469970703125,0.42529296875,0,0.044677734375
CHNCXR_0357_1,Shenzhen,1,3,all_lossy,50,1.0,0.469970703125,0.458740234375,0,0.01123046875
CHNCXR_0357_1,Shenzhen,1,3,lungs_lossy,70,0.3754031500501002,0.469970703125,0.41064453125,0,0.059326171875
CHNCXR_0357_1,Shenzhen,1,3,background_lossy,70,0.6245968499498997,0.469970703125,0.46142578125,0,0.008544921875
CHNCXR_0357_1,Shenzhen,1,3,all_lossy,70,1.0,0.469970703125,0.402587890625,0,0.0673828125
CHNCXR_0358_1,Shenzhen,1,4,lungs_lossy,10,0.2907907731376975,0.705078125,0.8583984375,0,0.1533203125
CHNCXR_0358_1,Shenzhen,1,4,background_lossy,10,0.7092092268623025,0.705078125,0.62646484375,0,0.07861328125
CHNCXR_0358_1,Shenzhen,1,4,all_lossy,10,1.0,0.705078125,0.71923828125,0,0.01416015625
CHNCXR_0358_1,Shenzhen,1,4,lungs_lossy,30,0.2907907731376975,0.705078125,0.9267578125,0,0.2216796875
CHNCXR_0358_1,Shenzhen,1,4,background_lossy,30,0.7092092268623025,0.705078125,0.634765625,0,0.0703125
CHNCXR_0358_1,Shenzhen,1,4,all_lossy,30,1.0,0.705078125,0.88037109375,0,0.17529296875
CHNCXR_0358_1,Shenzhen,1,4,lungs_lossy,50,0.2907907731376975,0.705078125,0.71044921875,0,0.00537109375
CHNCXR_0358_1,Shenzhen,1,4,background_lossy,50,0.7092092268623025,0.705078125,0.6806640625,0,0.0244140625
CHNCXR_0358_1,Shenzhen,1,4,all_lossy,50,1.0,0.705078125,0.6767578125,0,0.0283203125
CHNCXR_0358_1,Shenzhen,1,4,lungs_lossy,70,0.2907907731376975,0.705078125,0.689453125,0,0.015625
CHNCXR_0358_1,Shenzhen,1,4,background_lossy,70,0.7092092268623025,0.705078125,0.697265625,0,0.0078125
CHNCXR_0358_1,Shenzhen,1,4,all_lossy,70,1.0,0.705078125,0.68212890625,0,0.02294921875
CHNCXR_0359_1,Shenzhen,1,4,lungs_lossy,10,0.2979855157632743,0.99755859375,0.99853515625,0,0.0009765625
CHNCXR_0359_1,Shenzhen,1,4,background_lossy,10,0.7020144842367257,0.99755859375,0.9873046875,0,0.01025390625
CHNCXR_0359_1,Shenzhen,1,4,all_lossy,10,1.0,0.99755859375,0.97265625,0,0.02490234375
CHNCXR_0359_1,Shenzhen,1,4,lungs_lossy,30,0.2979855157632743,0.99755859375,0.99951171875,0,0.001953125
CHNCXR_0359_1,Shenzhen,1,4,background_lossy,30,0.7020144842367257,0.99755859375,0.99462890625,0,0.0029296875
CHNCXR_0359_1,Shenzhen,1,4,all_lossy,30,1.0,0.99755859375,0.998046875,0,0.00048828125
CHNCXR_0359_1,Shenzhen,1,4,lungs_lossy,50,0.2979855157632743,0.99755859375,0.99853515625,0,0.0009765625
CHNCXR_0359_1,Shenzhen,1,4,background_lossy,50,0.7020144842367257,0.99755859375,0.9970703125,0,0.00048828125
CHNCXR_0359_1,Shenzhen,1,4,all_lossy,50,1.0,0.99755859375,0.99853515625,0,0.0009765625
CHNCXR_0359_1,Shenzhen,1,4,lungs_lossy,70,0.2979855157632743,0.99755859375,0.99755859375,0,0.0
CHNCXR_0359_1,Shenzhen,1,4,background_lossy,70,0.7020144842367257,0.99755859375,0.99755859375,0,0.0
CHNCXR_0359_1,Shenzhen,1,4,all_lossy,70,1.0,0.99755859375,0.998046875,0,0.00048828125
CHNCXR_0360_1,Shenzhen,1,1,lungs_lossy,10,0.2868522757430998,1.0,1.0,0,0.0
CHNCXR_0360_1,Shenzhen,1,1,background_lossy,10,0.7131477242569002,1.0,0.9990234375,0,0.0009765625
CHNCXR_0360_1,Shenzhen,1,1,all_lossy,10,1.0,1.0,0.9990234375,0,0.0009765625
CHNCXR_0360_1,Shenzhen,1,1,lungs_lossy,30,0.2868522757430998,1.0,1.0,0,0.0
CHNCXR_0360_1,Shenzhen,1,1,background_lossy,30,0.7131477242569002,1.0,0.99951171875,0,0.00048828125
CHNCXR_0360_1,Shenzhen,1,1,all_lossy,30,1.0,1.0,0.99951171875,0,0.00048828125
CHNCXR_0360_1,Shenzhen,1,1,lungs_lossy,50,0.2868522757430998,1.0,1.0,0,0.0
CHNCXR_0360_1,Shenzhen,1,1,background_lossy,50,0.7131477242569002,1.0,0.99951171875,0,0.00048828125
CHNCXR_0360_1,Shenzhen,1,1,all_lossy,50,1.0,1.0,0.99951171875,0,0.00048828125
CHNCXR_0360_1,Shenzhen,1,1,lungs_lossy,70,0.2868522757430998,1.0,1.0,0,0.0
CHNCXR_0360_1,Shenzhen,1,1,background_lossy,70,0.7131477242569002,1.0,1.0,0,0.0
CHNCXR_0360_1,Shenzhen,1,1,all_lossy,70,1.0,1.0,1.0,0,0.0
CHNCXR_0361_1,Shenzhen,1,0,lungs_lossy,10,0.2073877728174603,1.0,1.0,0,0.0
CHNCXR_0361_1,Shenzhen,1,0,background_lossy,10,0.7926122271825397,1.0,0.99951171875,0,0.00048828125
CHNCXR_0361_1,Shenzhen,1,0,all_lossy,10,1.0,1.0,1.0,0,0.0
CHNCXR_0361_1,Shenzhen,1,0,lungs_lossy,30,0.2073877728174603,1.0,1.0,0,0.0
CHNCXR_0361_1,Shenzhen,1,0,background_lossy,30,0.7926122271825397,1.0,0.99951171875,0,0.00048828125
CHNCXR_0361_1,Shenzhen,1,0,all_lossy,30,1.0,1.0,0.9990234375,0,0.0009765625
CHNCXR_0361_1,Shenzhen,1,0,lungs_lossy,50,0.2073877728174603,1.0,1.0,0,0.0
CHNCXR_0361_1,Shenzhen,1,0,background_lossy,50,0.7926122271825397,1.0,1.0,0,0.0
CHNCXR_0361_1,Shenzhen,1,0,all_lossy,50,1.0,1.0,1.0,0,0.0
CHNCXR_0361_1,Shenzhen,1,0,lungs_lossy,70,0.2073877728174603,1.0,1.0,0,0.0
CHNCXR_0361_1,Shenzhen,1,0,background_lossy,70,0.7926122271825397,1.0,1.0,0,0.0
CHNCXR_0361_1,Shenzhen,1,0,all_lossy,70,1.0,1.0,1.0,0,0.0
CHNCXR_0362_1,Shenzhen,1,4,lungs_lossy,10,0.3297616106719367,0.146728515625,0.92578125,1,0.779052734375
CHNCXR_0362_1,Shenzhen,1,4,background_lossy,10,0.6702383893280632,0.146728515625,0.2310791015625,0,0.0843505859375
CHNCXR_0362_1,Shenzhen,1,4,all_lossy,10,1.0,0.146728515625,0.90576171875,1,0.759033203125
CHNCXR_0362_1,Shenzhen,1,4,lungs_lossy,30,0.3297616106719367,0.146728515625,0.74462890625,1,0.597900390625
CHNCXR_0362_1,Shenzhen,1,4,background_lossy,30,0.6702383893280632,0.146728515625,0.1541748046875,0,0.0074462890625
CHNCXR_0362_1,Shenzhen,1,4,all_lossy,30,1.0,0.146728515625,0.7568359375,1,0.610107421875
CHNCXR_0362_1,Shenzhen,1,4,lungs_lossy,50,0.3297616106719367,0.146728515625,0.307373046875,0,0.16064453125
CHNCXR_0362_1,Shenzhen,1,4,background_lossy,50,0.6702383893280632,0.146728515625,0.161376953125,0,0.0146484375
CHNCXR_0362_1,Shenzhen,1,4,all_lossy,50,1.0,0.146728515625,0.356689453125,0,0.2099609375
CHNCXR_0362_1,Shenzhen,1,4,lungs_lossy,70,0.3297616106719367,0.146728515625,0.1614990234375,0,0.0147705078125
CHNCXR_0362_1,Shenzhen,1,4,background_lossy,70,0.6702383893280632,0.146728515625,0.14794921875,0,0.001220703125
CHNCXR_0362_1,Shenzhen,1,4,all_lossy,70,1.0,0.146728515625,0.1617431640625,0,0.0150146484375
CHNCXR_0363_1,Shenzhen,1,2,lungs_lossy,10,0.3051066440818584,1.0,1.0,0,0.0
CHNCXR_0363_1,Shenzhen,1,2,background_lossy,10,0.6948933559181416,1.0,0.99462890625,0,0.00537109375
CHNCXR_0363_1,Shenzhen,1,2,all_lossy,10,1.0,1.0,1.0,0,0.0
CHNCXR_0363_1,Shenzhen,1,2,lungs_lossy,30,0.3051066440818584,1.0,1.0,0,0.0
CHNCXR_0363_1,Shenzhen,1,2,background_lossy,30,0.6948933559181416,1.0,0.99951171875,0,0.00048828125
CHNCXR_0363_1,Shenzhen,1,2,all_lossy,30,1.0,1.0,1.0,0,0.0
CHNCXR_0363_1,Shenzhen,1,2,lungs_lossy,50,0.3051066440818584,1.0,1.0,0,0.0
CHNCXR_0363_1,Shenzhen,1,2,background_lossy,50,0.6948933559181416,1.0,1.0,0,0.0
CHNCXR_0363_1,Shenzhen,1,2,all_lossy,50,1.0,1.0,1.0,0,0.0
CHNCXR_0363_1,Shenzhen,1,2,lungs_lossy,70,0.3051066440818584,1.0,1.0,0,0.0
CHNCXR_0363_1,Shenzhen,1,2,background_lossy,70,0.6948933559181416,1.0,1.0,0,0.0
CHNCXR_0363_1,Shenzhen,1,2,all_lossy,70,1.0,1.0,1.0,0,0.0
CHNCXR_0364_1,Shenzhen,1,1,lungs_lossy,10,0.2321406558185404,0.1497802734375,0.422119140625,0,0.2723388671875
CHNCXR_0364_1,Shenzhen,1,1,background_lossy,10,0.7678593441814596,0.1497802734375,0.302490234375,0,0.1527099609375
CHNCXR_0364_1,Shenzhen,1,1,all_lossy,10,1.0,0.1497802734375,0.2098388671875,0,0.06005859375
CHNCXR_0364_1,Shenzhen,1,1,lungs_lossy,30,0.2321406558185404,0.1497802734375,0.85107421875,1,0.7012939453125
CHNCXR_0364_1,Shenzhen,1,1,background_lossy,30,0.7678593441814596,0.1497802734375,0.1917724609375,0,0.0419921875
CHNCXR_0364_1,Shenzhen,1,1,all_lossy,30,1.0,0.1497802734375,0.859375,1,0.7095947265625
CHNCXR_0364_1,Shenzhen,1,1,lungs_lossy,50,0.2321406558185404,0.1497802734375,0.40234375,0,0.2525634765625
CHNCXR_0364_1,Shenzhen,1,1,background_lossy,50,0.7678593441814596,0.1497802734375,0.1063232421875,0,0.04345703125
CHNCXR_0364_1,Shenzhen,1,1,all_lossy,50,1.0,0.1497802734375,0.293701171875,0,0.1439208984375
CHNCXR_0364_1,Shenzhen,1,1,lungs_lossy,70,0.2321406558185404,0.1497802734375,0.2178955078125,0,0.068115234375
CHNCXR_0364_1,Shenzhen,1,1,background_lossy,70,0.7678593441814596,0.1497802734375,0.2059326171875,0,0.05615234375
CHNCXR_0364_1,Shenzhen,1,1,all_lossy,70,1.0,0.1497802734375,0.2490234375,0,0.0992431640625
CHNCXR_0365_1,Shenzhen,1,1,lungs_lossy,10,0.3164149693080357,0.92919921875,0.94921875,0,0.02001953125
CHNCXR_0365_1,Shenzhen,1,1,background_lossy,10,0.6835850306919643,0.92919921875,0.91259765625,0,0.0166015625
CHNCXR_0365_1,Shenzhen,1,1,all_lossy,10,1.0,0.92919921875,0.94482421875,0,0.015625
CHNCXR_0365_1,Shenzhen,1,1,lungs_lossy,30,0.3164149693080357,0.92919921875,0.98388671875,0,0.0546875
CHNCXR_0365_1,Shenzhen,1,1,background_lossy,30,0.6835850306919643,0.92919921875,0.822265625,0,0.10693359375
CHNCXR_0365_1,Shenzhen,1,1,all_lossy,30,1.0,0.92919921875,0.92919921875,0,0.0
CHNCXR_0365_1,Shenzhen,1,1,lungs_lossy,50,0.3164149693080357,0.92919921875,0.9296875,0,0.00048828125
CHNCXR_0365_1,Shenzhen,1,1,background_lossy,50,0.6835850306919643,0.92919921875,0.8076171875,0,0.12158203125
CHNCXR_0365_1,Shenzhen,1,1,all_lossy,50,1.0,0.92919921875,0.8583984375,0,0.07080078125
CHNCXR_0365_1,Shenzhen,1,1,lungs_lossy,70,0.3164149693080357,0.92919921875,0.9072265625,0,0.02197265625
CHNCXR_0365_1,Shenzhen,1,1,background_lossy,70,0.6835850306919643,0.92919921875,0.91650390625,0,0.0126953125
CHNCXR_0365_1,Shenzhen,1,1,all_lossy,70,1.0,0.92919921875,0.896484375,0,0.03271484375
CHNCXR_0366_1,Shenzhen,1,1,lungs_lossy,10,0.2160317332474226,0.99169921875,1.0,0,0.00830078125
CHNCXR_0366_1,Shenzhen,1,1,background_lossy,10,0.7839682667525774,0.99169921875,0.9921875,0,0.00048828125
CHNCXR_0366_1,Shenzhen,1,1,all_lossy,10,1.0,0.99169921875,0.9990234375,0,0.00732421875
CHNCXR_0366_1,Shenzhen,1,1,lungs_lossy,30,0.2160317332474226,0.99169921875,0.99951171875,0,0.0078125
CHNCXR_0366_1,Shenzhen,1,1,background_lossy,30,0.7839682667525774,0.99169921875,0.98583984375,0,0.005859375
CHNCXR_0366_1,Shenzhen,1,1,all_lossy,30,1.0,0.99169921875,0.99951171875,0,0.0078125
CHNCXR_0366_1,Shenzhen,1,1,lungs_lossy,50,0.2160317332474226,0.99169921875,0.99462890625,0,0.0029296875
CHNCXR_0366_1,Shenzhen,1,1,background_lossy,50,0.7839682667525774,0.99169921875,0.98193359375,0,0.009765625
CHNCXR_0366_1,Shenzhen,1,1,all_lossy,50,1.0,0.99169921875,0.98681640625,0,0.0048828125
CHNCXR_0366_1,Shenzhen,1,1,lungs_lossy,70,0.2160317332474226,0.99169921875,0.9931640625,0,0.00146484375
CHNCXR_0366_1,Shenzhen,1,1,background_lossy,70,0.7839682667525774,0.99169921875,0.9921875,0,0.00048828125
CHNCXR_0366_1,Shenzhen,1,1,all_lossy,70,1.0,0.99169921875,0.99365234375,0,0.001953125
CHNCXR_0367_1,Shenzhen,1,1,lungs_lossy,10,0.4057888454861111,0.90185546875,0.99853515625,0,0.0966796875
CHNCXR_0367_1,Shenzhen,1,1,background_lossy,10,0.5942111545138888,0.90185546875,0.95556640625,0,0.0537109375
CHNCXR_0367_1,Shenzhen,1,1,all_lossy,10,1.0,0.90185546875,0.998046875,0,0.09619140625
CHNCXR_0367_1,Shenzhen,1,1,lungs_lossy,30,0.4057888454861111,0.90185546875,0.99755859375,0,0.095703125
CHNCXR_0367_1,Shenzhen,1,1,background_lossy,30,0.5942111545138888,0.90185546875,0.9541015625,0,0.05224609375
CHNCXR_0367_1,Shenzhen,1,1,all_lossy,30,1.0,0.90185546875,0.99853515625,0,0.0966796875
CHNCXR_0367_1,Shenzhen,1,1,lungs_lossy,50,0.4057888454861111,0.90185546875,0.970703125,0,0.06884765625
CHNCXR_0367_1,Shenzhen,1,1,background_lossy,50,0.5942111545138888,0.90185546875,0.93798828125,0,0.0361328125
CHNCXR_0367_1,Shenzhen,1,1,all_lossy,50,1.0,0.90185546875,0.97900390625,0,0.0771484375
CHNCXR_0367_1,Shenzhen,1,1,lungs_lossy,70,0.4057888454861111,0.90185546875,0.9208984375,0,0.01904296875
CHNCXR_0367_1,Shenzhen,1,1,background_lossy,70,0.5942111545138888,0.90185546875,0.91650390625,0,0.0146484375
CHNCXR_0367_1,Shenzhen,1,1,all_lossy,70,1.0,0.90185546875,0.9267578125,0,0.02490234375
CHNCXR_0368_1,Shenzhen,1,1,lungs_lossy,10,0.2730558548850574,0.31494140625,0.943359375,1,0.62841796875
CHNCXR_0368_1,Shenzhen,1,1,background_lossy,10,0.7269441451149425,0.31494140625,0.8056640625,1,0.49072265625
CHNCXR_0368_1,Shenzhen,1,1,all_lossy,10,1.0,0.31494140625,0.96142578125,1,0.646484375
CHNCXR_0368_1,Shenzhen,1,1,lungs_lossy,30,0.2730558548850574,0.31494140625,0.94970703125,1,0.634765625
CHNCXR_0368_1,Shenzhen,1,1,background_lossy,30,0.7269441451149425,0.31494140625,0.62255859375,1,0.3076171875
CHNCXR_0368_1,Shenzhen,1,1,all_lossy,30,1.0,0.31494140625,0.97265625,1,0.65771484375
CHNCXR_0368_1,Shenzhen,1,1,lungs_lossy,50,0.2730558548850574,0.31494140625,0.794921875,1,0.47998046875
CHNCXR_0368_1,Shenzhen,1,1,background_lossy,50,0.7269441451149425,0.31494140625,0.5517578125,1,0.23681640625
CHNCXR_0368_1,Shenzhen,1,1,all_lossy,50,1.0,0.31494140625,0.89404296875,1,0.5791015625
CHNCXR_0368_1,Shenzhen,1,1,lungs_lossy,70,0.2730558548850574,0.31494140625,0.277099609375,0,0.037841796875
CHNCXR_0368_1,Shenzhen,1,1,background_lossy,70,0.7269441451149425,0.31494140625,0.414794921875,0,0.099853515625
CHNCXR_0368_1,Shenzhen,1,1,all_lossy,70,1.0,0.31494140625,0.380126953125,0,0.065185546875
CHNCXR_0369_1,Shenzhen,1,0,lungs_lossy,10,0.2563466577198364,0.9990234375,1.0,0,0.0009765625
CHNCXR_0369_1,Shenzhen,1,0,background_lossy,10,0.7436533422801637,0.9990234375,0.97802734375,0,0.02099609375
CHNCXR_0369_1,Shenzhen,1,0,all_lossy,10,1.0,0.9990234375,0.99951171875,0,0.00048828125
CHNCXR_0369_1,Shenzhen,1,0,lungs_lossy,30,0.2563466577198364,0.9990234375,1.0,0,0.0009765625
CHNCXR_0369_1,Shenzhen,1,0,background_lossy,30,0.7436533422801637,0.9990234375,0.99609375,0,0.0029296875
CHNCXR_0369_1,Shenzhen,1,0,all_lossy,30,1.0,0.9990234375,0.99853515625,0,0.00048828125
CHNCXR_0369_1,Shenzhen,1,0,lungs_lossy,50,0.2563466577198364,0.9990234375,0.9990234375,0,0.0
CHNCXR_0369_1,Shenzhen,1,0,background_lossy,50,0.7436533422801637,0.9990234375,0.9970703125,0,0.001953125
CHNCXR_0369_1,Shenzhen,1,0,all_lossy,50,1.0,0.9990234375,0.998046875,0,0.0009765625
CHNCXR_0369_1,Shenzhen,1,0,lungs_lossy,70,0.2563466577198364,0.9990234375,0.9990234375,0,0.0
CHNCXR_0369_1,Shenzhen,1,0,background_lossy,70,0.7436533422801637,0.9990234375,0.9990234375,0,0.0
CHNCXR_0369_1,Shenzhen,1,0,all_lossy,70,1.0,0.9990234375,0.99853515625,0,0.00048828125
CHNCXR_0370_1,Shenzhen,1,1,lungs_lossy,10,0.1741115805168986,0.98388671875,0.9091796875,0,0.07470703125
CHNCXR_0370_1,Shenzhen,1,1,background_lossy,10,0.8258884194831014,0.98388671875,0.99365234375,0,0.009765625
CHNCXR_0370_1,Shenzhen,1,1,all_lossy,10,1.0,0.98388671875,0.89111328125,0,0.0927734375
CHNCXR_0370_1,Shenzhen,1,1,lungs_lossy,30,0.1741115805168986,0.98388671875,0.99365234375,0,0.009765625
CHNCXR_0370_1,Shenzhen,1,1,background_lossy,30,0.8258884194831014,0.98388671875,0.97265625,0,0.01123046875
CHNCXR_0370_1,Shenzhen,1,1,all_lossy,30,1.0,0.98388671875,0.94482421875,0,0.0390625
CHNCXR_0370_1,Shenzhen,1,1,lungs_lossy,50,0.1741115805168986,0.98388671875,0.9931640625,0,0.00927734375
CHNCXR_0370_1,Shenzhen,1,1,background_lossy,50,0.8258884194831014,0.98388671875,0.95458984375,0,0.029296875
CHNCXR_0370_1,Shenzhen,1,1,all_lossy,50,1.0,0.98388671875,0.970703125,0,0.01318359375
CHNCXR_0370_1,Shenzhen,1,1,lungs_lossy,70,0.1741115805168986,0.98388671875,0.98779296875,0,0.00390625
CHNCXR_0370_1,Shenzhen,1,1,background_lossy,70,0.8258884194831014,0.98388671875,0.97607421875,0,0.0078125
CHNCXR_0370_1,Shenzhen,1,1,all_lossy,70,1.0,0.98388671875,0.984375,0,0.00048828125
CHNCXR_0371_1,Shenzhen,1,2,lungs_lossy,10,0.2577154261928429,0.0022258758544921,0.0032730102539062,0,0.0010471343994141002
CHNCXR_0371_1,Shenzhen,1,2,background_lossy,10,0.7422845738071571,0.0022258758544921,0.7001953125,1,0.6979694366455079
CHNCXR_0371_1,Shenzhen,1,2,all_lossy,10,1.0,0.0022258758544921,0.88330078125,1,0.8810749053955079
CHNCXR_0371_1,Shenzhen,1,2,lungs_lossy,30,0.2577154261928429,0.0022258758544921,0.0050621032714843,0,0.0028362274169922005
CHNCXR_0371_1,Shenzhen,1,2,background_lossy,30,0.7422845738071571,0.0022258758544921,0.07861328125,0,0.0763874053955079
CHNCXR_0371_1,Shenzhen,1,2,all_lossy,30,1.0,0.0022258758544921,0.135986328125,0,0.1337604522705079
CHNCXR_0371_1,Shenzhen,1,2,lungs_lossy,50,0.2577154261928429,0.0022258758544921,0.0026531219482421,0,0.00042724609375
CHNCXR_0371_1,Shenzhen,1,2,background_lossy,50,0.7422845738071571,0.0022258758544921,0.0227203369140625,0,0.0204944610595704
CHNCXR_0371_1,Shenzhen,1,2,all_lossy,50,1.0,0.0022258758544921,0.0272216796875,0,0.0249958038330079
CHNCXR_0371_1,Shenzhen,1,2,lungs_lossy,70,0.2577154261928429,0.0022258758544921,0.0022430419921875,0,1.7166137695400104e-05
CHNCXR_0371_1,Shenzhen,1,2,background_lossy,70,0.7422845738071571,0.0022258758544921,0.0042495727539062,0,0.0020236968994141
CHNCXR_0371_1,Shenzhen,1,2,all_lossy,70,1.0,0.0022258758544921,0.0043144226074218,0,0.0020885467529297005
CHNCXR_0372_1,Shenzhen,1,2,lungs_lossy,10,0.276683648111332,0.022979736328125,0.0255584716796875,0,0.0025787353515625
CHNCXR_0372_1,Shenzhen,1,2,background_lossy,10,0.723316351888668,0.022979736328125,0.266357421875,0,0.243377685546875
CHNCXR_0372_1,Shenzhen,1,2,all_lossy,10,1.0,0.022979736328125,0.7158203125,1,0.692840576171875
CHNCXR_0372_1,Shenzhen,1,2,lungs_lossy,30,0.276683648111332,0.022979736328125,0.70068359375,1,0.677703857421875
CHNCXR_0372_1,Shenzhen,1,2,background_lossy,30,0.723316351888668,0.022979736328125,0.310546875,0,0.287567138671875
CHNCXR_0372_1,Shenzhen,1,2,all_lossy,30,1.0,0.022979736328125,0.9765625,1,0.953582763671875
CHNCXR_0372_1,Shenzhen,1,2,lungs_lossy,50,0.276683648111332,0.022979736328125,0.141357421875,0,0.118377685546875
CHNCXR_0372_1,Shenzhen,1,2,background_lossy,50,0.723316351888668,0.022979736328125,0.4296875,0,0.406707763671875
CHNCXR_0372_1,Shenzhen,1,2,all_lossy,50,1.0,0.022979736328125,0.875,1,0.852020263671875
CHNCXR_0372_1,Shenzhen,1,2,lungs_lossy,70,0.276683648111332,0.022979736328125,0.023651123046875,0,0.00067138671875
CHNCXR_0372_1,Shenzhen,1,2,background_lossy,70,0.723316351888668,0.022979736328125,0.1529541015625,0,0.129974365234375
CHNCXR_0372_1,Shenzhen,1,2,all_lossy,70,1.0,0.022979736328125,0.165771484375,0,0.142791748046875
CHNCXR_0373_1,Shenzhen,1,3,lungs_lossy,10,0.3101742662473795,0.010650634765625,0.0065879821777343,0,0.0040626525878907
CHNCXR_0373_1,Shenzhen,1,3,background_lossy,10,0.6898257337526206,0.010650634765625,0.0063400268554687,0,0.0043106079101563
CHNCXR_0373_1,Shenzhen,1,3,all_lossy,10,1.0,0.010650634765625,0.016021728515625,0,0.00537109375
CHNCXR_0373_1,Shenzhen,1,3,lungs_lossy,30,0.3101742662473795,0.010650634765625,0.0226287841796875,0,0.0119781494140625
CHNCXR_0373_1,Shenzhen,1,3,background_lossy,30,0.6898257337526206,0.010650634765625,0.0087127685546875,0,0.0019378662109375
CHNCXR_0373_1,Shenzhen,1,3,all_lossy,30,1.0,0.010650634765625,0.02044677734375,0,0.009796142578125
CHNCXR_0373_1,Shenzhen,1,3,lungs_lossy,50,0.3101742662473795,0.010650634765625,0.0217437744140625,0,0.0110931396484375
CHNCXR_0373_1,Shenzhen,1,3,background_lossy,50,0.6898257337526206,0.010650634765625,0.0084762573242187,0,0.0021743774414063003
CHNCXR_0373_1,Shenzhen,1,3,all_lossy,50,1.0,0.010650634765625,0.0201416015625,0,0.009490966796875
CHNCXR_0373_1,Shenzhen,1,3,lungs_lossy,70,0.3101742662473795,0.010650634765625,0.0074615478515625,0,0.0031890869140625
CHNCXR_0373_1,Shenzhen,1,3,background_lossy,70,0.6898257337526206,0.010650634765625,0.0083160400390625,0,0.0023345947265625
CHNCXR_0373_1,Shenzhen,1,3,all_lossy,70,1.0,0.010650634765625,0.0060501098632812,0,0.0046005249023438
CHNCXR_0374_1,Shenzhen,1,1,lungs_lossy,10,0.25368359375,0.87451171875,0.6376953125,0,0.23681640625
CHNCXR_0374_1,Shenzhen,1,1,background_lossy,10,0.7463164062500001,0.87451171875,0.62255859375,0,0.251953125
CHNCXR_0374_1,Shenzhen,1,1,all_lossy,10,1.0,0.87451171875,0.19580078125,1,0.6787109375
CHNCXR_0374_1,Shenzhen,1,1,lungs_lossy,30,0.25368359375,0.87451171875,0.93896484375,0,0.064453125
CHNCXR_0374_1,Shenzhen,1,1,background_lossy,30,0.7463164062500001,0.87451171875,0.57177734375,0,0.302734375
CHNCXR_0374_1,Shenzhen,1,1,all_lossy,30,1.0,0.87451171875,0.72021484375,0,0.154296875
CHNCXR_0374_1,Shenzhen,1,1,lungs_lossy,50,0.25368359375,0.87451171875,0.9580078125,0,0.08349609375
CHNCXR_0374_1,Shenzhen,1,1,background_lossy,50,0.7463164062500001,0.87451171875,0.8056640625,0,0.06884765625
CHNCXR_0374_1,Shenzhen,1,1,all_lossy,50,1.0,0.87451171875,0.89697265625,0,0.0224609375
CHNCXR_0374_1,Shenzhen,1,1,lungs_lossy,70,0.25368359375,0.87451171875,0.86669921875,0,0.0078125
CHNCXR_0374_1,Shenzhen,1,1,background_lossy,70,0.7463164062500001,0.87451171875,0.83154296875,0,0.04296875
CHNCXR_0374_1,Shenzhen,1,1,all_lossy,70,1.0,0.87451171875,0.818359375,0,0.05615234375
CHNCXR_0375_1,Shenzhen,1,0,lungs_lossy,10,0.3129013270547945,0.96630859375,0.99072265625,0,0.0244140625
CHNCXR_0375_1,Shenzhen,1,0,background_lossy,10,0.6870986729452055,0.96630859375,0.9638671875,0,0.00244140625
CHNCXR_0375_1,Shenzhen,1,0,all_lossy,10,1.0,0.96630859375,0.98779296875,0,0.021484375
CHNCXR_0375_1,Shenzhen,1,0,lungs_lossy,30,0.3129013270547945,0.96630859375,0.99169921875,0,0.025390625
CHNCXR_0375_1,Shenzhen,1,0,background_lossy,30,0.6870986729452055,0.96630859375,0.89599609375,0,0.0703125
CHNCXR_0375_1,Shenzhen,1,0,all_lossy,30,1.0,0.96630859375,0.98486328125,0,0.0185546875
CHNCXR_0375_1,Shenzhen,1,0,lungs_lossy,50,0.3129013270547945,0.96630859375,0.9892578125,0,0.02294921875
CHNCXR_0375_1,Shenzhen,1,0,background_lossy,50,0.6870986729452055,0.96630859375,0.93017578125,0,0.0361328125
CHNCXR_0375_1,Shenzhen,1,0,all_lossy,50,1.0,0.96630859375,0.974609375,0,0.00830078125
CHNCXR_0375_1,Shenzhen,1,0,lungs_lossy,70,0.3129013270547945,0.96630859375,0.9521484375,0,0.01416015625
CHNCXR_0375_1,Shenzhen,1,0,background_lossy,70,0.6870986729452055,0.96630859375,0.94287109375,0,0.0234375
CHNCXR_0375_1,Shenzhen,1,0,all_lossy,70,1.0,0.96630859375,0.91455078125,0,0.0517578125
CHNCXR_0376_1,Shenzhen,1,3,lungs_lossy,10,0.2454607213438735,0.97265625,0.9130859375,0,0.0595703125
CHNCXR_0376_1,Shenzhen,1,3,background_lossy,10,0.7545392786561265,0.97265625,0.609375,0,0.36328125
CHNCXR_0376_1,Shenzhen,1,3,all_lossy,10,1.0,0.97265625,0.5771484375,0,0.3955078125
CHNCXR_0376_1,Shenzhen,1,3,lungs_lossy,30,0.2454607213438735,0.97265625,0.97412109375,0,0.00146484375
CHNCXR_0376_1,Shenzhen,1,3,background_lossy,30,0.7545392786561265,0.97265625,0.79296875,0,0.1796875
CHNCXR_0376_1,Shenzhen,1,3,all_lossy,30,1.0,0.97265625,0.83203125,0,0.140625
CHNCXR_0376_1,Shenzhen,1,3,lungs_lossy,50,0.2454607213438735,0.97265625,0.9853515625,0,0.0126953125
CHNCXR_0376_1,Shenzhen,1,3,background_lossy,50,0.7545392786561265,0.97265625,0.91357421875,0,0.05908203125
CHNCXR_0376_1,Shenzhen,1,3,all_lossy,50,1.0,0.97265625,0.9501953125,0,0.0224609375
CHNCXR_0376_1,Shenzhen,1,3,lungs_lossy,70,0.2454607213438735,0.97265625,0.97607421875,0,0.00341796875
CHNCXR_0376_1,Shenzhen,1,3,background_lossy,70,0.7545392786561265,0.97265625,0.96337890625,0,0.00927734375
CHNCXR_0376_1,Shenzhen,1,3,all_lossy,70,1.0,0.97265625,0.96728515625,0,0.00537109375
CHNCXR_0377_1,Shenzhen,1,3,lungs_lossy,10,0.2578879616477272,0.9970703125,0.9794921875,0,0.017578125
CHNCXR_0377_1,Shenzhen,1,3,background_lossy,10,0.7421120383522728,0.9970703125,0.99169921875,0,0.00537109375
CHNCXR_0377_1,Shenzhen,1,3,all_lossy,10,1.0,0.9970703125,0.94287109375,0,0.05419921875
CHNCXR_0377_1,Shenzhen,1,3,lungs_lossy,30,0.2578879616477272,0.9970703125,0.99609375,0,0.0009765625
CHNCXR_0377_1,Shenzhen,1,3,background_lossy,30,0.7421120383522728,0.9970703125,0.99560546875,0,0.00146484375
CHNCXR_0377_1,Shenzhen,1,3,all_lossy,30,1.0,0.9970703125,0.99609375,0,0.0009765625
CHNCXR_0377_1,Shenzhen,1,3,lungs_lossy,50,0.2578879616477272,0.9970703125,0.9970703125,0,0.0
CHNCXR_0377_1,Shenzhen,1,3,background_lossy,50,0.7421120383522728,0.9970703125,0.99609375,0,0.0009765625
CHNCXR_0377_1,Shenzhen,1,3,all_lossy,50,1.0,0.9970703125,0.99609375,0,0.0009765625
CHNCXR_0377_1,Shenzhen,1,3,lungs_lossy,70,0.2578879616477272,0.9970703125,0.9970703125,0,0.0
CHNCXR_0377_1,Shenzhen,1,3,background_lossy,70,0.7421120383522728,0.9970703125,0.9970703125,0,0.0
CHNCXR_0377_1,Shenzhen,1,3,all_lossy,70,1.0,0.9970703125,0.9970703125,0,0.0
CHNCXR_0378_1,Shenzhen,1,0,lungs_lossy,10,0.220818467027559,1.0,1.0,0,0.0
CHNCXR_0378_1,Shenzhen,1,0,background_lossy,10,0.779181532972441,1.0,0.9921875,0,0.0078125
CHNCXR_0378_1,Shenzhen,1,0,all_lossy,10,1.0,1.0,0.99951171875,0,0.00048828125
CHNCXR_0378_1,Shenzhen,1,0,lungs_lossy,30,0.220818467027559,1.0,1.0,0,0.0
CHNCXR_0378_1,Shenzhen,1,0,background_lossy,30,0.779181532972441,1.0,0.99658203125,0,0.00341796875
CHNCXR_0378_1,Shenzhen,1,0,all_lossy,30,1.0,1.0,1.0,0,0.0
CHNCXR_0378_1,Shenzhen,1,0,lungs_lossy,50,0.220818467027559,1.0,1.0,0,0.0
CHNCXR_0378_1,Shenzhen,1,0,background_lossy,50,0.779181532972441,1.0,0.9990234375,0,0.0009765625
CHNCXR_0378_1,Shenzhen,1,0,all_lossy,50,1.0,1.0,0.99951171875,0,0.00048828125
CHNCXR_0378_1,Shenzhen,1,0,lungs_lossy,70,0.220818467027559,1.0,1.0,0,0.0
CHNCXR_0378_1,Shenzhen,1,0,background_lossy,70,0.779181532972441,1.0,0.99951171875,0,0.00048828125
CHNCXR_0378_1,Shenzhen,1,0,all_lossy,70,1.0,1.0,0.99951171875,0,0.00048828125
CHNCXR_0379_1,Shenzhen,1,4,lungs_lossy,10,0.316171226659751,0.98095703125,0.9970703125,0,0.01611328125
CHNCXR_0379_1,Shenzhen,1,4,background_lossy,10,0.6838287733402489,0.98095703125,0.93896484375,0,0.0419921875
CHNCXR_0379_1,Shenzhen,1,4,all_lossy,10,1.0,0.98095703125,0.9814453125,0,0.00048828125
CHNCXR_0379_1,Shenzhen,1,4,lungs_lossy,30,0.316171226659751,0.98095703125,0.99853515625,0,0.017578125
CHNCXR_0379_1,Shenzhen,1,4,background_lossy,30,0.6838287733402489,0.98095703125,0.9775390625,0,0.00341796875
CHNCXR_0379_1,Shenzhen,1,4,all_lossy,30,1.0,0.98095703125,0.9970703125,0,0.01611328125
CHNCXR_0379_1,Shenzhen,1,4,lungs_lossy,50,0.316171226659751,0.98095703125,0.99169921875,0,0.0107421875
CHNCXR_0379_1,Shenzhen,1,4,background_lossy,50,0.6838287733402489,0.98095703125,0.97802734375,0,0.0029296875
CHNCXR_0379_1,Shenzhen,1,4,all_lossy,50,1.0,0.98095703125,0.9892578125,0,0.00830078125
CHNCXR_0379_1,Shenzhen,1,4,lungs_lossy,70,0.316171226659751,0.98095703125,0.98486328125,0,0.00390625
CHNCXR_0379_1,Shenzhen,1,4,background_lossy,70,0.6838287733402489,0.98095703125,0.98193359375,0,0.0009765625
CHNCXR_0379_1,Shenzhen,1,4,all_lossy,70,1.0,0.98095703125,0.98583984375,0,0.0048828125
CHNCXR_0380_1,Shenzhen,1,2,lungs_lossy,10,0.163330078125,0.998046875,1.0,0,0.001953125
CHNCXR_0380_1,Shenzhen,1,2,background_lossy,10,0.836669921875,0.998046875,0.9609375,0,0.037109375
CHNCXR_0380_1,Shenzhen,1,2,all_lossy,10,1.0,0.998046875,0.99951171875,0,0.00146484375
CHNCXR_0380_1,Shenzhen,1,2,lungs_lossy,30,0.163330078125,0.998046875,1.0,0,0.001953125
CHNCXR_0380_1,Shenzhen,1,2,background_lossy,30,0.836669921875,0.998046875,0.96826171875,0,0.02978515625
CHNCXR_0380_1,Shenzhen,1,2,all_lossy,30,1.0,0.998046875,0.99658203125,0,0.00146484375
CHNCXR_0380_1,Shenzhen,1,2,lungs_lossy,50,0.163330078125,0.998046875,0.99853515625,0,0.00048828125
CHNCXR_0380_1,Shenzhen,1,2,background_lossy,50,0.836669921875,0.998046875,0.986328125,0,0.01171875
CHNCXR_0380_1,Shenzhen,1,2,all_lossy,50,1.0,0.998046875,0.98681640625,0,0.01123046875
CHNCXR_0380_1,Shenzhen,1,2,lungs_lossy,70,0.163330078125,0.998046875,0.998046875,0,0.0
CHNCXR_0380_1,Shenzhen,1,2,background_lossy,70,0.836669921875,0.998046875,0.99755859375,0,0.00048828125
CHNCXR_0380_1,Shenzhen,1,2,all_lossy,70,1.0,0.998046875,0.99755859375,0,0.00048828125
CHNCXR_0381_1,Shenzhen,1,4,lungs_lossy,10,0.2301825495049504,0.418701171875,0.9404296875,1,0.521728515625
CHNCXR_0381_1,Shenzhen,1,4,background_lossy,10,0.7698174504950495,0.418701171875,0.2156982421875,0,0.2030029296875
CHNCXR_0381_1,Shenzhen,1,4,all_lossy,10,1.0,0.418701171875,0.72802734375,1,0.309326171875
CHNCXR_0381_1,Shenzhen,1,4,lungs_lossy,30,0.2301825495049504,0.418701171875,0.92724609375,1,0.508544921875
CHNCXR_0381_1,Shenzhen,1,4,background_lossy,30,0.7698174504950495,0.418701171875,0.229248046875,0,0.189453125
CHNCXR_0381_1,Shenzhen,1,4,all_lossy,30,1.0,0.418701171875,0.8203125,1,0.401611328125
CHNCXR_0381_1,Shenzhen,1,4,lungs_lossy,50,0.2301825495049504,0.418701171875,0.72412109375,1,0.305419921875
CHNCXR_0381_1,Shenzhen,1,4,background_lossy,50,0.7698174504950495,0.418701171875,0.32177734375,0,0.096923828125
CHNCXR_0381_1,Shenzhen,1,4,all_lossy,50,1.0,0.418701171875,0.62255859375,1,0.203857421875
CHNCXR_0381_1,Shenzhen,1,4,lungs_lossy,70,0.2301825495049504,0.418701171875,0.462158203125,0,0.04345703125
CHNCXR_0381_1,Shenzhen,1,4,background_lossy,70,0.7698174504950495,0.418701171875,0.378173828125,0,0.04052734375
CHNCXR_0381_1,Shenzhen,1,4,all_lossy,70,1.0,0.418701171875,0.415283203125,0,0.00341796875
CHNCXR_0382_1,Shenzhen,1,0,lungs_lossy,10,0.2947981476244344,1.0,1.0,0,0.0
CHNCXR_0382_1,Shenzhen,1,0,background_lossy,10,0.7052018523755657,1.0,0.99853515625,0,0.00146484375
CHNCXR_0382_1,Shenzhen,1,0,all_lossy,10,1.0,1.0,0.99755859375,0,0.00244140625
CHNCXR_0382_1,Shenzhen,1,0,lungs_lossy,30,0.2947981476244344,1.0,1.0,0,0.0
CHNCXR_0382_1,Shenzhen,1,0,background_lossy,30,0.7052018523755657,1.0,0.99951171875,0,0.00048828125
CHNCXR_0382_1,Shenzhen,1,0,all_lossy,30,1.0,1.0,0.99951171875,0,0.00048828125
CHNCXR_0382_1,Shenzhen,1,0,lungs_lossy,50,0.2947981476244344,1.0,1.0,0,0.0
CHNCXR_0382_1,Shenzhen,1,0,background_lossy,50,0.7052018523755657,1.0,1.0,0,0.0
CHNCXR_0382_1,Shenzhen,1,0,all_lossy,50,1.0,1.0,1.0,0,0.0
CHNCXR_0382_1,Shenzhen,1,0,lungs_lossy,70,0.2947981476244344,1.0,1.0,0,0.0
CHNCXR_0382_1,Shenzhen,1,0,background_lossy,70,0.7052018523755657,1.0,1.0,0,0.0
CHNCXR_0382_1,Shenzhen,1,0,all_lossy,70,1.0,1.0,1.0,0,0.0
CHNCXR_0383_1,Shenzhen,1,1,lungs_lossy,10,0.2339092246993988,0.9990234375,0.994140625,0,0.0048828125
CHNCXR_0383_1,Shenzhen,1,1,background_lossy,10,0.7660907753006012,0.9990234375,0.99658203125,0,0.00244140625
CHNCXR_0383_1,Shenzhen,1,1,all_lossy,10,1.0,0.9990234375,0.9521484375,0,0.046875
CHNCXR_0383_1,Shenzhen,1,1,lungs_lossy,30,0.2339092246993988,0.9990234375,1.0,0,0.0009765625
CHNCXR_0383_1,Shenzhen,1,1,background_lossy,30,0.7660907753006012,0.9990234375,0.9970703125,0,0.001953125
CHNCXR_0383_1,Shenzhen,1,1,all_lossy,30,1.0,0.9990234375,0.9990234375,0,0.0
CHNCXR_0383_1,Shenzhen,1,1,lungs_lossy,50,0.2339092246993988,0.9990234375,0.998046875,0,0.0009765625
CHNCXR_0383_1,Shenzhen,1,1,background_lossy,50,0.7660907753006012,0.9990234375,0.998046875,0,0.0009765625
CHNCXR_0383_1,Shenzhen,1,1,all_lossy,50,1.0,0.9990234375,0.99560546875,0,0.00341796875
CHNCXR_0383_1,Shenzhen,1,1,lungs_lossy,70,0.2339092246993988,0.9990234375,0.9990234375,0,0.0
CHNCXR_0383_1,Shenzhen,1,1,background_lossy,70,0.7660907753006012,0.9990234375,0.9990234375,0,0.0
CHNCXR_0383_1,Shenzhen,1,1,all_lossy,70,1.0,0.9990234375,0.9990234375,0,0.0
CHNCXR_0384_1,Shenzhen,1,2,lungs_lossy,10,0.2789350410856573,1.0,0.994140625,0,0.005859375
CHNCXR_0384_1,Shenzhen,1,2,background_lossy,10,0.7210649589143426,1.0,1.0,0,0.0
CHNCXR_0384_1,Shenzhen,1,2,all_lossy,10,1.0,1.0,0.9990234375,0,0.0009765625
CHNCXR_0384_1,Shenzhen,1,2,lungs_lossy,30,0.2789350410856573,1.0,0.99951171875,0,0.00048828125
CHNCXR_0384_1,Shenzhen,1,2,background_lossy,30,0.7210649589143426,1.0,0.99951171875,0,0.00048828125
CHNCXR_0384_1,Shenzhen,1,2,all_lossy,30,1.0,1.0,0.9990234375,0,0.0009765625
CHNCXR_0384_1,Shenzhen,1,2,lungs_lossy,50,0.2789350410856573,1.0,1.0,0,0.0
CHNCXR_0384_1,Shenzhen,1,2,background_lossy,50,0.7210649589143426,1.0,0.99951171875,0,0.00048828125
CHNCXR_0384_1,Shenzhen,1,2,all_lossy,50,1.0,1.0,0.99951171875,0,0.00048828125
CHNCXR_0384_1,Shenzhen,1,2,lungs_lossy,70,0.2789350410856573,1.0,0.9990234375,0,0.0009765625
CHNCXR_0384_1,Shenzhen,1,2,background_lossy,70,0.7210649589143426,1.0,1.0,0,0.0
CHNCXR_0384_1,Shenzhen,1,2,all_lossy,70,1.0,1.0,0.99853515625,0,0.00146484375
CHNCXR_0385_1,Shenzhen,1,1,lungs_lossy,10,0.2998628400924024,0.8779296875,0.123779296875,1,0.754150390625
CHNCXR_0385_1,Shenzhen,1,1,background_lossy,10,0.7001371599075976,0.8779296875,0.69970703125,0,0.17822265625
CHNCXR_0385_1,Shenzhen,1,1,all_lossy,10,1.0,0.8779296875,0.064208984375,1,0.813720703125
CHNCXR_0385_1,Shenzhen,1,1,lungs_lossy,30,0.2998628400924024,0.8779296875,0.93115234375,0,0.05322265625
CHNCXR_0385_1,Shenzhen,1,1,background_lossy,30,0.7001371599075976,0.8779296875,0.88427734375,0,0.00634765625
CHNCXR_0385_1,Shenzhen,1,1,all_lossy,30,1.0,0.8779296875,0.8466796875,0,0.03125
CHNCXR_0385_1,Shenzhen,1,1,lungs_lossy,50,0.2998628400924024,0.8779296875,0.95556640625,0,0.07763671875
CHNCXR_0385_1,Shenzhen,1,1,background_lossy,50,0.7001371599075976,0.8779296875,0.86181640625,0,0.01611328125
CHNCXR_0385_1,Shenzhen,1,1,all_lossy,50,1.0,0.8779296875,0.93701171875,0,0.05908203125
CHNCXR_0385_1,Shenzhen,1,1,lungs_lossy,70,0.2998628400924024,0.8779296875,0.8837890625,0,0.005859375
CHNCXR_0385_1,Shenzhen,1,1,background_lossy,70,0.7001371599075976,0.8779296875,0.87646484375,0,0.00146484375
CHNCXR_0385_1,Shenzhen,1,1,all_lossy,70,1.0,0.8779296875,0.87060546875,0,0.00732421875
CHNCXR_0386_1,Shenzhen,1,0,lungs_lossy,10,0.2406964463220676,0.4775390625,0.84033203125,1,0.36279296875
CHNCXR_0386_1,Shenzhen,1,0,background_lossy,10,0.7593035536779325,0.4775390625,0.23583984375,0,0.24169921875
CHNCXR_0386_1,Shenzhen,1,0,all_lossy,10,1.0,0.4775390625,0.705078125,1,0.2275390625
CHNCXR_0386_1,Shenzhen,1,0,lungs_lossy,30,0.2406964463220676,0.4775390625,0.6650390625,1,0.1875
CHNCXR_0386_1,Shenzhen,1,0,background_lossy,30,0.7593035536779325,0.4775390625,0.1280517578125,0,0.3494873046875
CHNCXR_0386_1,Shenzhen,1,0,all_lossy,30,1.0,0.4775390625,0.50244140625,1,0.02490234375
CHNCXR_0386_1,Shenzhen,1,0,lungs_lossy,50,0.2406964463220676,0.4775390625,0.66357421875,1,0.18603515625
CHNCXR_0386_1,Shenzhen,1,0,background_lossy,50,0.7593035536779325,0.4775390625,0.2176513671875,0,0.2598876953125
CHNCXR_0386_1,Shenzhen,1,0,all_lossy,50,1.0,0.4775390625,0.333740234375,0,0.143798828125
CHNCXR_0386_1,Shenzhen,1,0,lungs_lossy,70,0.2406964463220676,0.4775390625,0.70068359375,1,0.22314453125
CHNCXR_0386_1,Shenzhen,1,0,background_lossy,70,0.7593035536779325,0.4775390625,0.38720703125,0,0.09033203125
CHNCXR_0386_1,Shenzhen,1,0,all_lossy,70,1.0,0.4775390625,0.615234375,1,0.1376953125
CHNCXR_0387_1,Shenzhen,1,3,lungs_lossy,10,0.333270202020202,0.83837890625,0.7998046875,0,0.03857421875
CHNCXR_0387_1,Shenzhen,1,3,background_lossy,10,0.6667297979797979,0.83837890625,0.55126953125,0,0.287109375
CHNCXR_0387_1,Shenzhen,1,3,all_lossy,10,1.0,0.83837890625,0.5537109375,0,0.28466796875
CHNCXR_0387_1,Shenzhen,1,3,lungs_lossy,30,0.333270202020202,0.83837890625,0.89794921875,0,0.0595703125
CHNCXR_0387_1,Shenzhen,1,3,background_lossy,30,0.6667297979797979,0.83837890625,0.68359375,0,0.15478515625
CHNCXR_0387_1,Shenzhen,1,3,all_lossy,30,1.0,0.83837890625,0.7021484375,0,0.13623046875
CHNCXR_0387_1,Shenzhen,1,3,lungs_lossy,50,0.333270202020202,0.83837890625,0.85595703125,0,0.017578125
CHNCXR_0387_1,Shenzhen,1,3,background_lossy,50,0.6667297979797979,0.83837890625,0.73974609375,0,0.0986328125
CHNCXR_0387_1,Shenzhen,1,3,all_lossy,50,1.0,0.83837890625,0.77685546875,0,0.0615234375
CHNCXR_0387_1,Shenzhen,1,3,lungs_lossy,70,0.333270202020202,0.83837890625,0.8115234375,0,0.02685546875
CHNCXR_0387_1,Shenzhen,1,3,background_lossy,70,0.6667297979797979,0.83837890625,0.83349609375,0,0.0048828125
CHNCXR_0387_1,Shenzhen,1,3,all_lossy,70,1.0,0.83837890625,0.80419921875,0,0.0341796875
CHNCXR_0388_1,Shenzhen,1,1,lungs_lossy,10,0.3087789948453608,1.0,0.99951171875,0,0.00048828125
CHNCXR_0388_1,Shenzhen,1,1,background_lossy,10,0.6912210051546392,1.0,1.0,0,0.0
CHNCXR_0388_1,Shenzhen,1,1,all_lossy,10,1.0,1.0,0.99658203125,0,0.00341796875
CHNCXR_0388_1,Shenzhen,1,1,lungs_lossy,30,0.3087789948453608,1.0,1.0,0,0.0
CHNCXR_0388_1,Shenzhen,1,1,background_lossy,30,0.6912210051546392,1.0,1.0,0,0.0
CHNCXR_0388_1,Shenzhen,1,1,all_lossy,30,1.0,1.0,1.0,0,0.0
CHNCXR_0388_1,Shenzhen,1,1,lungs_lossy,50,0.3087789948453608,1.0,1.0,0,0.0
CHNCXR_0388_1,Shenzhen,1,1,background_lossy,50,0.6912210051546392,1.0,1.0,0,0.0
CHNCXR_0388_1,Shenzhen,1,1,all_lossy,50,1.0,1.0,1.0,0,0.0
CHNCXR_0388_1,Shenzhen,1,1,lungs_lossy,70,0.3087789948453608,1.0,1.0,0,0.0
CHNCXR_0388_1,Shenzhen,1,1,background_lossy,70,0.6912210051546392,1.0,1.0,0,0.0
CHNCXR_0388_1,Shenzhen,1,1,all_lossy,70,1.0,1.0,1.0,0,0.0
CHNCXR_0389_1,Shenzhen,1,0,lungs_lossy,10,0.2413208266985138,1.0,0.99755859375,0,0.00244140625
CHNCXR_0389_1,Shenzhen,1,0,background_lossy,10,0.7586791733014862,1.0,1.0,0,0.0
CHNCXR_0389_1,Shenzhen,1,0,all_lossy,10,1.0,1.0,0.86572265625,0,0.13427734375
CHNCXR_0389_1,Shenzhen,1,0,lungs_lossy,30,0.2413208266985138,1.0,1.0,0,0.0
CHNCXR_0389_1,Shenzhen,1,0,background_lossy,30,0.7586791733014862,1.0,0.99951171875,0,0.00048828125
CHNCXR_0389_1,Shenzhen,1,0,all_lossy,30,1.0,1.0,0.994140625,0,0.005859375
CHNCXR_0389_1,Shenzhen,1,0,lungs_lossy,50,0.2413208266985138,1.0,1.0,0,0.0
CHNCXR_0389_1,Shenzhen,1,0,background_lossy,50,0.7586791733014862,1.0,1.0,0,0.0
CHNCXR_0389_1,Shenzhen,1,0,all_lossy,50,1.0,1.0,1.0,0,0.0
CHNCXR_0389_1,Shenzhen,1,0,lungs_lossy,70,0.2413208266985138,1.0,0.99951171875,0,0.00048828125
CHNCXR_0389_1,Shenzhen,1,0,background_lossy,70,0.7586791733014862,1.0,1.0,0,0.0
CHNCXR_0389_1,Shenzhen,1,0,all_lossy,70,1.0,1.0,1.0,0,0.0
CHNCXR_0390_1,Shenzhen,1,4,lungs_lossy,10,0.3576450892857143,0.87890625,0.99560546875,0,0.11669921875
CHNCXR_0390_1,Shenzhen,1,4,background_lossy,10,0.6423549107142856,0.87890625,0.70361328125,0,0.17529296875
CHNCXR_0390_1,Shenzhen,1,4,all_lossy,10,1.0,0.87890625,0.97119140625,0,0.09228515625
CHNCXR_0390_1,Shenzhen,1,4,lungs_lossy,30,0.3576450892857143,0.87890625,0.9951171875,0,0.1162109375
CHNCXR_0390_1,Shenzhen,1,4,background_lossy,30,0.6423549107142856,0.87890625,0.8154296875,0,0.0634765625
CHNCXR_0390_1,Shenzhen,1,4,all_lossy,30,1.0,0.87890625,0.98876953125,0,0.10986328125
CHNCXR_0390_1,Shenzhen,1,4,lungs_lossy,50,0.3576450892857143,0.87890625,0.9521484375,0,0.0732421875
CHNCXR_0390_1,Shenzhen,1,4,background_lossy,50,0.6423549107142856,0.87890625,0.88623046875,0,0.00732421875
CHNCXR_0390_1,Shenzhen,1,4,all_lossy,50,1.0,0.87890625,0.95654296875,0,0.07763671875
CHNCXR_0390_1,Shenzhen,1,4,lungs_lossy,70,0.3576450892857143,0.87890625,0.892578125,0,0.013671875
CHNCXR_0390_1,Shenzhen,1,4,background_lossy,70,0.6423549107142856,0.87890625,0.888671875,0,0.009765625
CHNCXR_0390_1,Shenzhen,1,4,all_lossy,70,1.0,0.87890625,0.9013671875,0,0.0224609375
CHNCXR_0391_1,Shenzhen,1,4,lungs_lossy,10,0.241342784610984,0.06451416015625,0.1474609375,0,0.08294677734375
CHNCXR_0391_1,Shenzhen,1,4,background_lossy,10,0.758657215389016,0.06451416015625,0.136474609375,0,0.07196044921875
CHNCXR_0391_1,Shenzhen,1,4,all_lossy,10,1.0,0.06451416015625,0.190673828125,0,0.12615966796875
CHNCXR_0391_1,Shenzhen,1,4,lungs_lossy,30,0.241342784610984,0.06451416015625,0.25390625,0,0.18939208984375
CHNCXR_0391_1,Shenzhen,1,4,background_lossy,30,0.758657215389016,0.06451416015625,0.0704345703125,0,0.00592041015625
CHNCXR_0391_1,Shenzhen,1,4,all_lossy,30,1.0,0.06451416015625,0.2000732421875,0,0.13555908203125
CHNCXR_0391_1,Shenzhen,1,4,lungs_lossy,50,0.241342784610984,0.06451416015625,0.1473388671875,0,0.08282470703125
CHNCXR_0391_1,Shenzhen,1,4,background_lossy,50,0.758657215389016,0.06451416015625,0.0743408203125,0,0.00982666015625
CHNCXR_0391_1,Shenzhen,1,4,all_lossy,50,1.0,0.06451416015625,0.1597900390625,0,0.09527587890625
CHNCXR_0391_1,Shenzhen,1,4,lungs_lossy,70,0.241342784610984,0.06451416015625,0.0743408203125,0,0.00982666015625
CHNCXR_0391_1,Shenzhen,1,4,background_lossy,70,0.758657215389016,0.06451416015625,0.0509033203125,0,0.01361083984375
CHNCXR_0391_1,Shenzhen,1,4,all_lossy,70,1.0,0.06451416015625,0.0604248046875,0,0.00408935546875
CHNCXR_0392_1,Shenzhen,1,4,lungs_lossy,10,0.3784542871900826,0.95947265625,0.99609375,0,0.03662109375
CHNCXR_0392_1,Shenzhen,1,4,background_lossy,10,0.6215457128099173,0.95947265625,0.904296875,0,0.05517578125
CHNCXR_0392_1,Shenzhen,1,4,all_lossy,10,1.0,0.95947265625,0.9736328125,0,0.01416015625
CHNCXR_0392_1,Shenzhen,1,4,lungs_lossy,30,0.3784542871900826,0.95947265625,0.9970703125,0,0.03759765625
CHNCXR_0392_1,Shenzhen,1,4,background_lossy,30,0.6215457128099173,0.95947265625,0.92822265625,0,0.03125
CHNCXR_0392_1,Shenzhen,1,4,all_lossy,30,1.0,0.95947265625,0.9912109375,0,0.03173828125
CHNCXR_0392_1,Shenzhen,1,4,lungs_lossy,50,0.3784542871900826,0.95947265625,0.9765625,0,0.01708984375
CHNCXR_0392_1,Shenzhen,1,4,background_lossy,50,0.6215457128099173,0.95947265625,0.96240234375,0,0.0029296875
CHNCXR_0392_1,Shenzhen,1,4,all_lossy,50,1.0,0.95947265625,0.97705078125,0,0.017578125
CHNCXR_0392_1,Shenzhen,1,4,lungs_lossy,70,0.3784542871900826,0.95947265625,0.95458984375,0,0.0048828125
CHNCXR_0392_1,Shenzhen,1,4,background_lossy,70,0.6215457128099173,0.95947265625,0.9619140625,0,0.00244140625
CHNCXR_0392_1,Shenzhen,1,4,all_lossy,70,1.0,0.95947265625,0.9560546875,0,0.00341796875
CHNCXR_0393_1,Shenzhen,1,3,lungs_lossy,10,0.3472922407314629,0.89794921875,0.9775390625,0,0.07958984375
CHNCXR_0393_1,Shenzhen,1,3,background_lossy,10,0.6527077592685371,0.89794921875,0.7216796875,0,0.17626953125
CHNCXR_0393_1,Shenzhen,1,3,all_lossy,10,1.0,0.89794921875,0.9072265625,0,0.00927734375
CHNCXR_0393_1,Shenzhen,1,3,lungs_lossy,30,0.3472922407314629,0.89794921875,0.9697265625,0,0.07177734375
CHNCXR_0393_1,Shenzhen,1,3,background_lossy,30,0.6527077592685371,0.89794921875,0.80224609375,0,0.095703125
CHNCXR_0393_1,Shenzhen,1,3,all_lossy,30,1.0,0.89794921875,0.9189453125,0,0.02099609375
CHNCXR_0393_1,Shenzhen,1,3,lungs_lossy,50,0.3472922407314629,0.89794921875,0.90966796875,0,0.01171875
CHNCXR_0393_1,Shenzhen,1,3,background_lossy,50,0.6527077592685371,0.89794921875,0.779296875,0,0.11865234375
CHNCXR_0393_1,Shenzhen,1,3,all_lossy,50,1.0,0.89794921875,0.7880859375,0,0.10986328125
CHNCXR_0393_1,Shenzhen,1,3,lungs_lossy,70,0.3472922407314629,0.89794921875,0.88916015625,0,0.0087890625
CHNCXR_0393_1,Shenzhen,1,3,background_lossy,70,0.6527077592685371,0.89794921875,0.85791015625,0,0.0400390625
CHNCXR_0393_1,Shenzhen,1,3,all_lossy,70,1.0,0.89794921875,0.85107421875,0,0.046875
CHNCXR_0394_1,Shenzhen,1,1,lungs_lossy,10,0.3188814975247525,0.99951171875,0.99951171875,0,0.0
CHNCXR_0394_1,Shenzhen,1,1,background_lossy,10,0.6811185024752475,0.99951171875,0.998046875,0,0.00146484375
CHNCXR_0394_1,Shenzhen,1,1,all_lossy,10,1.0,0.99951171875,0.99755859375,0,0.001953125
CHNCXR_0394_1,Shenzhen,1,1,lungs_lossy,30,0.3188814975247525,0.99951171875,1.0,0,0.00048828125
CHNCXR_0394_1,Shenzhen,1,1,background_lossy,30,0.6811185024752475,0.99951171875,0.99853515625,0,0.0009765625
CHNCXR_0394_1,Shenzhen,1,1,all_lossy,30,1.0,0.99951171875,1.0,0,0.00048828125
CHNCXR_0394_1,Shenzhen,1,1,lungs_lossy,50,0.3188814975247525,0.99951171875,1.0,0,0.00048828125
CHNCXR_0394_1,Shenzhen,1,1,background_lossy,50,0.6811185024752475,0.99951171875,0.9990234375,0,0.00048828125
CHNCXR_0394_1,Shenzhen,1,1,all_lossy,50,1.0,0.99951171875,0.99951171875,0,0.0
CHNCXR_0394_1,Shenzhen,1,1,lungs_lossy,70,0.3188814975247525,0.99951171875,0.99951171875,0,0.0
CHNCXR_0394_1,Shenzhen,1,1,background_lossy,70,0.6811185024752475,0.99951171875,0.99951171875,0,0.0
CHNCXR_0394_1,Shenzhen,1,1,all_lossy,70,1.0,0.99951171875,0.99951171875,0,0.0
CHNCXR_0395_1,Shenzhen,1,2,lungs_lossy,10,0.3065142223382046,0.998046875,0.99267578125,0,0.00537109375
CHNCXR_0395_1,Shenzhen,1,2,background_lossy,10,0.6934857776617954,0.998046875,0.97900390625,0,0.01904296875
CHNCXR_0395_1,Shenzhen,1,2,all_lossy,10,1.0,0.998046875,0.8466796875,0,0.1513671875
CHNCXR_0395_1,Shenzhen,1,2,lungs_lossy,30,0.3065142223382046,0.998046875,1.0,0,0.001953125
CHNCXR_0395_1,Shenzhen,1,2,background_lossy,30,0.6934857776617954,0.998046875,0.9619140625,0,0.0361328125
CHNCXR_0395_1,Shenzhen,1,2,all_lossy,30,1.0,0.998046875,0.99462890625,0,0.00341796875
CHNCXR_0395_1,Shenzhen,1,2,lungs_lossy,50,0.3065142223382046,0.998046875,1.0,0,0.001953125
CHNCXR_0395_1,Shenzhen,1,2,background_lossy,50,0.6934857776617954,0.998046875,0.98974609375,0,0.00830078125
CHNCXR_0395_1,Shenzhen,1,2,all_lossy,50,1.0,0.998046875,0.99951171875,0,0.00146484375
CHNCXR_0395_1,Shenzhen,1,2,lungs_lossy,70,0.3065142223382046,0.998046875,0.99853515625,0,0.00048828125
CHNCXR_0395_1,Shenzhen,1,2,background_lossy,70,0.6934857776617954,0.998046875,0.99755859375,0,0.00048828125
CHNCXR_0395_1,Shenzhen,1,2,all_lossy,70,1.0,0.998046875,0.99853515625,0,0.00048828125
CHNCXR_0396_1,Shenzhen,1,3,lungs_lossy,10,0.3544647678185745,0.6357421875,0.6962890625,0,0.060546875
CHNCXR_0396_1,Shenzhen,1,3,background_lossy,10,0.6455352321814255,0.6357421875,0.2447509765625,1,0.3909912109375
CHNCXR_0396_1,Shenzhen,1,3,all_lossy,10,1.0,0.6357421875,0.1883544921875,1,0.4473876953125
CHNCXR_0396_1,Shenzhen,1,3,lungs_lossy,30,0.3544647678185745,0.6357421875,0.401123046875,1,0.234619140625
CHNCXR_0396_1,Shenzhen,1,3,background_lossy,30,0.6455352321814255,0.6357421875,0.247314453125,1,0.388427734375
CHNCXR_0396_1,Shenzhen,1,3,all_lossy,30,1.0,0.6357421875,0.11126708984375,1,0.52447509765625
CHNCXR_0396_1,Shenzhen,1,3,lungs_lossy,50,0.3544647678185745,0.6357421875,0.658203125,0,0.0224609375
CHNCXR_0396_1,Shenzhen,1,3,background_lossy,50,0.6455352321814255,0.6357421875,0.50341796875,0,0.13232421875
CHNCXR_0396_1,Shenzhen,1,3,all_lossy,50,1.0,0.6357421875,0.5166015625,0,0.119140625
CHNCXR_0396_1,Shenzhen,1,3,lungs_lossy,70,0.3544647678185745,0.6357421875,0.6474609375,0,0.01171875
CHNCXR_0396_1,Shenzhen,1,3,background_lossy,70,0.6455352321814255,0.6357421875,0.60791015625,0,0.02783203125
CHNCXR_0396_1,Shenzhen,1,3,all_lossy,70,1.0,0.6357421875,0.61767578125,0,0.01806640625
CHNCXR_0397_1,Shenzhen,1,1,lungs_lossy,10,0.2598201113197425,0.8798828125,0.998046875,0,0.1181640625
CHNCXR_0397_1,Shenzhen,1,1,background_lossy,10,0.7401798886802575,0.8798828125,0.97705078125,0,0.09716796875
CHNCXR_0397_1,Shenzhen,1,1,all_lossy,10,1.0,0.8798828125,0.99951171875,0,0.11962890625
CHNCXR_0397_1,Shenzhen,1,1,lungs_lossy,30,0.2598201113197425,0.8798828125,0.99853515625,0,0.11865234375
CHNCXR_0397_1,Shenzhen,1,1,background_lossy,30,0.7401798886802575,0.8798828125,0.94384765625,0,0.06396484375
CHNCXR_0397_1,Shenzhen,1,1,all_lossy,30,1.0,0.8798828125,0.9990234375,0,0.119140625
CHNCXR_0397_1,Shenzhen,1,1,lungs_lossy,50,0.2598201113197425,0.8798828125,0.94580078125,0,0.06591796875
CHNCXR_0397_1,Shenzhen,1,1,background_lossy,50,0.7401798886802575,0.8798828125,0.88134765625,0,0.00146484375
CHNCXR_0397_1,Shenzhen,1,1,all_lossy,50,1.0,0.8798828125,0.94140625,0,0.0615234375
CHNCXR_0397_1,Shenzhen,1,1,lungs_lossy,70,0.2598201113197425,0.8798828125,0.86572265625,0,0.01416015625
CHNCXR_0397_1,Shenzhen,1,1,background_lossy,70,0.7401798886802575,0.8798828125,0.904296875,0,0.0244140625
CHNCXR_0397_1,Shenzhen,1,1,all_lossy,70,1.0,0.8798828125,0.88134765625,0,0.00146484375
CHNCXR_0398_1,Shenzhen,1,4,lungs_lossy,10,0.2493876187648456,0.0880126953125,0.69384765625,1,0.6058349609375
CHNCXR_0398_1,Shenzhen,1,4,background_lossy,10,0.7506123812351544,0.0880126953125,0.1383056640625,0,0.05029296875
CHNCXR_0398_1,Shenzhen,1,4,all_lossy,10,1.0,0.0880126953125,0.6611328125,1,0.5731201171875
CHNCXR_0398_1,Shenzhen,1,4,lungs_lossy,30,0.2493876187648456,0.0880126953125,0.2264404296875,0,0.138427734375
CHNCXR_0398_1,Shenzhen,1,4,background_lossy,30,0.7506123812351544,0.0880126953125,0.12493896484375,0,0.03692626953125
CHNCXR_0398_1,Shenzhen,1,4,all_lossy,30,1.0,0.0880126953125,0.2486572265625,0,0.16064453125
CHNCXR_0398_1,Shenzhen,1,4,lungs_lossy,50,0.2493876187648456,0.0880126953125,0.07720947265625,0,0.01080322265625
CHNCXR_0398_1,Shenzhen,1,4,background_lossy,50,0.7506123812351544,0.0880126953125,0.1339111328125,0,0.0458984375
CHNCXR_0398_1,Shenzhen,1,4,all_lossy,50,1.0,0.0880126953125,0.12548828125,0,0.0374755859375
CHNCXR_0398_1,Shenzhen,1,4,lungs_lossy,70,0.2493876187648456,0.0880126953125,0.09600830078125,0,0.00799560546875
CHNCXR_0398_1,Shenzhen,1,4,background_lossy,70,0.7506123812351544,0.0880126953125,0.09173583984375,0,0.00372314453125
CHNCXR_0398_1,Shenzhen,1,4,all_lossy,70,1.0,0.0880126953125,0.0987548828125,0,0.0107421875
CHNCXR_0399_1,Shenzhen,1,4,lungs_lossy,10,0.2741938164893617,0.99609375,0.9951171875,0,0.0009765625
CHNCXR_0399_1,Shenzhen,1,4,background_lossy,10,0.7258061835106383,0.99609375,0.9423828125,0,0.0537109375
CHNCXR_0399_1,Shenzhen,1,4,all_lossy,10,1.0,0.99609375,0.91943359375,0,0.07666015625
CHNCXR_0399_1,Shenzhen,1,4,lungs_lossy,30,0.2741938164893617,0.99609375,0.99853515625,0,0.00244140625
CHNCXR_0399_1,Shenzhen,1,4,background_lossy,30,0.7258061835106383,0.99609375,0.97900390625,0,0.01708984375
CHNCXR_0399_1,Shenzhen,1,4,all_lossy,30,1.0,0.99609375,0.99169921875,0,0.00439453125
CHNCXR_0399_1,Shenzhen,1,4,lungs_lossy,50,0.2741938164893617,0.99609375,0.99755859375,0,0.00146484375
CHNCXR_0399_1,Shenzhen,1,4,background_lossy,50,0.7258061835106383,0.99609375,0.994140625,0,0.001953125
CHNCXR_0399_1,Shenzhen,1,4,all_lossy,50,1.0,0.99609375,0.99609375,0,0.0
CHNCXR_0399_1,Shenzhen,1,4,lungs_lossy,70,0.2741938164893617,0.99609375,0.99609375,0,0.0
CHNCXR_0399_1,Shenzhen,1,4,background_lossy,70,0.7258061835106383,0.99609375,0.99560546875,0,0.00048828125
CHNCXR_0399_1,Shenzhen,1,4,all_lossy,70,1.0,0.99609375,0.99560546875,0,0.00048828125
CHNCXR_0400_1,Shenzhen,1,4,lungs_lossy,10,0.3197671720297029,0.0460205078125,0.35595703125,0,0.3099365234375
CHNCXR_0400_1,Shenzhen,1,4,background_lossy,10,0.680232827970297,0.0460205078125,0.040771484375,0,0.0052490234375
CHNCXR_0400_1,Shenzhen,1,4,all_lossy,10,1.0,0.0460205078125,0.2744140625,0,0.2283935546875
CHNCXR_0400_1,Shenzhen,1,4,lungs_lossy,30,0.3197671720297029,0.0460205078125,0.269287109375,0,0.2232666015625
CHNCXR_0400_1,Shenzhen,1,4,background_lossy,30,0.680232827970297,0.0460205078125,0.054412841796875,0,0.008392333984375
CHNCXR_0400_1,Shenzhen,1,4,all_lossy,30,1.0,0.0460205078125,0.1966552734375,0,0.150634765625
CHNCXR_0400_1,Shenzhen,1,4,lungs_lossy,50,0.3197671720297029,0.0460205078125,0.07147216796875,0,0.02545166015625
CHNCXR_0400_1,Shenzhen,1,4,background_lossy,50,0.680232827970297,0.0460205078125,0.0526123046875,0,0.006591796875
CHNCXR_0400_1,Shenzhen,1,4,all_lossy,50,1.0,0.0460205078125,0.073974609375,0,0.0279541015625
CHNCXR_0400_1,Shenzhen,1,4,lungs_lossy,70,0.3197671720297029,0.0460205078125,0.0482177734375,0,0.002197265625
CHNCXR_0400_1,Shenzhen,1,4,background_lossy,70,0.680232827970297,0.0460205078125,0.0460205078125,0,0.0
CHNCXR_0400_1,Shenzhen,1,4,all_lossy,70,1.0,0.0460205078125,0.047882080078125,0,0.001861572265625
CHNCXR_0401_1,Shenzhen,1,0,lungs_lossy,10,0.2368953088407494,1.0,1.0,0,0.0
CHNCXR_0401_1,Shenzhen,1,0,background_lossy,10,0.7631046911592506,1.0,1.0,0,0.0
CHNCXR_0401_1,Shenzhen,1,0,all_lossy,10,1.0,1.0,1.0,0,0.0
CHNCXR_0401_1,Shenzhen,1,0,lungs_lossy,30,0.2368953088407494,1.0,1.0,0,0.0
CHNCXR_0401_1,Shenzhen,1,0,background_lossy,30,0.7631046911592506,1.0,1.0,0,0.0
CHNCXR_0401_1,Shenzhen,1,0,all_lossy,30,1.0,1.0,1.0,0,0.0
CHNCXR_0401_1,Shenzhen,1,0,lungs_lossy,50,0.2368953088407494,1.0,1.0,0,0.0
CHNCXR_0401_1,Shenzhen,1,0,background_lossy,50,0.7631046911592506,1.0,1.0,0,0.0
CHNCXR_0401_1,Shenzhen,1,0,all_lossy,50,1.0,1.0,1.0,0,0.0
CHNCXR_0401_1,Shenzhen,1,0,lungs_lossy,70,0.2368953088407494,1.0,1.0,0,0.0
CHNCXR_0401_1,Shenzhen,1,0,background_lossy,70,0.7631046911592506,1.0,1.0,0,0.0
CHNCXR_0401_1,Shenzhen,1,0,all_lossy,70,1.0,1.0,1.0,0,0.0
CHNCXR_0402_1,Shenzhen,1,3,lungs_lossy,10,0.2623396109271523,0.6064453125,0.77783203125,0,0.17138671875
CHNCXR_0402_1,Shenzhen,1,3,background_lossy,10,0.7376603890728477,0.6064453125,0.39501953125,1,0.21142578125
CHNCXR_0402_1,Shenzhen,1,3,all_lossy,10,1.0,0.6064453125,0.8251953125,0,0.21875
CHNCXR_0402_1,Shenzhen,1,3,lungs_lossy,30,0.2623396109271523,0.6064453125,0.8359375,0,0.2294921875
CHNCXR_0402_1,Shenzhen,1,3,background_lossy,30,0.7376603890728477,0.6064453125,0.2919921875,1,0.314453125
CHNCXR_0402_1,Shenzhen,1,3,all_lossy,30,1.0,0.6064453125,0.443359375,1,0.1630859375
CHNCXR_0402_1,Shenzhen,1,3,lungs_lossy,50,0.2623396109271523,0.6064453125,0.671875,0,0.0654296875
CHNCXR_0402_1,Shenzhen,1,3,background_lossy,50,0.7376603890728477,0.6064453125,0.51513671875,0,0.09130859375
CHNCXR_0402_1,Shenzhen,1,3,all_lossy,50,1.0,0.6064453125,0.58642578125,0,0.02001953125
CHNCXR_0402_1,Shenzhen,1,3,lungs_lossy,70,0.2623396109271523,0.6064453125,0.60595703125,0,0.00048828125
CHNCXR_0402_1,Shenzhen,1,3,background_lossy,70,0.7376603890728477,0.6064453125,0.59814453125,0,0.00830078125
CHNCXR_0402_1,Shenzhen,1,3,all_lossy,70,1.0,0.6064453125,0.60009765625,0,0.00634765625
CHNCXR_0403_1,Shenzhen,1,0,lungs_lossy,10,0.3272839026915113,1.0,1.0,0,0.0
CHNCXR_0403_1,Shenzhen,1,0,background_lossy,10,0.6727160973084887,1.0,1.0,0,0.0
CHNCXR_0403_1,Shenzhen,1,0,all_lossy,10,1.0,1.0,1.0,0,0.0
CHNCXR_0403_1,Shenzhen,1,0,lungs_lossy,30,0.3272839026915113,1.0,1.0,0,0.0
CHNCXR_0403_1,Shenzhen,1,0,background_lossy,30,0.6727160973084887,1.0,1.0,0,0.0
CHNCXR_0403_1,Shenzhen,1,0,all_lossy,30,1.0,1.0,1.0,0,0.0
CHNCXR_0403_1,Shenzhen,1,0,lungs_lossy,50,0.3272839026915113,1.0,1.0,0,0.0
CHNCXR_0403_1,Shenzhen,1,0,background_lossy,50,0.6727160973084887,1.0,1.0,0,0.0
CHNCXR_0403_1,Shenzhen,1,0,all_lossy,50,1.0,1.0,1.0,0,0.0
CHNCXR_0403_1,Shenzhen,1,0,lungs_lossy,70,0.3272839026915113,1.0,1.0,0,0.0
CHNCXR_0403_1,Shenzhen,1,0,background_lossy,70,0.6727160973084887,1.0,1.0,0,0.0
CHNCXR_0403_1,Shenzhen,1,0,all_lossy,70,1.0,1.0,1.0,0,0.0
CHNCXR_0404_1,Shenzhen,1,1,lungs_lossy,10,0.3264126090116279,0.99951171875,0.99365234375,0,0.005859375
CHNCXR_0404_1,Shenzhen,1,1,background_lossy,10,0.6735873909883721,0.99951171875,0.9990234375,0,0.00048828125
CHNCXR_0404_1,Shenzhen,1,1,all_lossy,10,1.0,0.99951171875,0.958984375,0,0.04052734375
CHNCXR_0404_1,Shenzhen,1,1,lungs_lossy,30,0.3264126090116279,0.99951171875,0.99853515625,0,0.0009765625
CHNCXR_0404_1,Shenzhen,1,1,background_lossy,30,0.6735873909883721,0.99951171875,0.99951171875,0,0.0
CHNCXR_0404_1,Shenzhen,1,1,all_lossy,30,1.0,0.99951171875,0.9970703125,0,0.00244140625
CHNCXR_0404_1,Shenzhen,1,1,lungs_lossy,50,0.3264126090116279,0.99951171875,1.0,0,0.00048828125
CHNCXR_0404_1,Shenzhen,1,1,background_lossy,50,0.6735873909883721,0.99951171875,0.99951171875,0,0.0
CHNCXR_0404_1,Shenzhen,1,1,all_lossy,50,1.0,0.99951171875,0.99951171875,0,0.0
CHNCXR_0404_1,Shenzhen,1,1,lungs_lossy,70,0.3264126090116279,0.99951171875,0.9990234375,0,0.00048828125
CHNCXR_0404_1,Shenzhen,1,1,background_lossy,70,0.6735873909883721,0.99951171875,0.99951171875,0,0.0
CHNCXR_0404_1,Shenzhen,1,1,all_lossy,70,1.0,0.99951171875,0.9990234375,0,0.00048828125
CHNCXR_0405_1,Shenzhen,1,4,lungs_lossy,10,0.2795985772357723,0.07684326171875,0.64404296875,1,0.56719970703125
CHNCXR_0405_1,Shenzhen,1,4,background_lossy,10,0.7204014227642277,0.07684326171875,0.05780029296875,0,0.01904296875
CHNCXR_0405_1,Shenzhen,1,4,all_lossy,10,1.0,0.07684326171875,0.347412109375,0,0.27056884765625
CHNCXR_0405_1,Shenzhen,1,4,lungs_lossy,30,0.2795985772357723,0.07684326171875,0.5712890625,1,0.49444580078125
CHNCXR_0405_1,Shenzhen,1,4,background_lossy,30,0.7204014227642277,0.07684326171875,0.051666259765625,0,0.025177001953125
CHNCXR_0405_1,Shenzhen,1,4,all_lossy,30,1.0,0.07684326171875,0.39013671875,0,0.31329345703125
CHNCXR_0405_1,Shenzhen,1,4,lungs_lossy,50,0.2795985772357723,0.07684326171875,0.2203369140625,0,0.14349365234375
CHNCXR_0405_1,Shenzhen,1,4,background_lossy,50,0.7204014227642277,0.07684326171875,0.07183837890625,0,0.0050048828125
CHNCXR_0405_1,Shenzhen,1,4,all_lossy,50,1.0,0.07684326171875,0.229736328125,0,0.15289306640625
CHNCXR_0405_1,Shenzhen,1,4,lungs_lossy,70,0.2795985772357723,0.07684326171875,0.0975341796875,0,0.02069091796875
CHNCXR_0405_1,Shenzhen,1,4,background_lossy,70,0.7204014227642277,0.07684326171875,0.07196044921875,0,0.0048828125
CHNCXR_0405_1,Shenzhen,1,4,all_lossy,70,1.0,0.07684326171875,0.093505859375,0,0.01666259765625
CHNCXR_0406_1,Shenzhen,1,3,lungs_lossy,10,0.2985135276845637,0.97900390625,0.90673828125,0,0.072265625
CHNCXR_0406_1,Shenzhen,1,3,background_lossy,10,0.7014864723154363,0.97900390625,0.89013671875,0,0.0888671875
CHNCXR_0406_1,Shenzhen,1,3,all_lossy,10,1.0,0.97900390625,0.76220703125,0,0.216796875
CHNCXR_0406_1,Shenzhen,1,3,lungs_lossy,30,0.2985135276845637,0.97900390625,0.962890625,0,0.01611328125
CHNCXR_0406_1,Shenzhen,1,3,background_lossy,30,0.7014864723154363,0.97900390625,0.94970703125,0,0.029296875
CHNCXR_0406_1,Shenzhen,1,3,all_lossy,30,1.0,0.97900390625,0.93115234375,0,0.0478515625
CHNCXR_0406_1,Shenzhen,1,3,lungs_lossy,50,0.2985135276845637,0.97900390625,0.98291015625,0,0.00390625
CHNCXR_0406_1,Shenzhen,1,3,background_lossy,50,0.7014864723154363,0.97900390625,0.9580078125,0,0.02099609375
CHNCXR_0406_1,Shenzhen,1,3,all_lossy,50,1.0,0.97900390625,0.96435546875,0,0.0146484375
CHNCXR_0406_1,Shenzhen,1,3,lungs_lossy,70,0.2985135276845637,0.97900390625,0.97509765625,0,0.00390625
CHNCXR_0406_1,Shenzhen,1,3,background_lossy,70,0.7014864723154363,0.97900390625,0.9716796875,0,0.00732421875
CHNCXR_0406_1,Shenzhen,1,3,all_lossy,70,1.0,0.97900390625,0.96630859375,0,0.0126953125
CHNCXR_0407_1,Shenzhen,1,0,lungs_lossy,10,0.2567419265717092,1.0,1.0,0,0.0
CHNCXR_0407_1,Shenzhen,1,0,background_lossy,10,0.7432580734282908,1.0,0.9970703125,0,0.0029296875
CHNCXR_0407_1,Shenzhen,1,0,all_lossy,10,1.0,1.0,1.0,0,0.0
CHNCXR_0407_1,Shenzhen,1,0,lungs_lossy,30,0.2567419265717092,1.0,1.0,0,0.0
CHNCXR_0407_1,Shenzhen,1,0,background_lossy,30,0.7432580734282908,1.0,0.99853515625,0,0.00146484375
CHNCXR_0407_1,Shenzhen,1,0,all_lossy,30,1.0,1.0,0.99951171875,0,0.00048828125
CHNCXR_0407_1,Shenzhen,1,0,lungs_lossy,50,0.2567419265717092,1.0,0.99951171875,0,0.00048828125
CHNCXR_0407_1,Shenzhen,1,0,background_lossy,50,0.7432580734282908,1.0,0.9990234375,0,0.0009765625
CHNCXR_0407_1,Shenzhen,1,0,all_lossy,50,1.0,1.0,0.998046875,0,0.001953125
CHNCXR_0407_1,Shenzhen,1,0,lungs_lossy,70,0.2567419265717092,1.0,1.0,0,0.0
CHNCXR_0407_1,Shenzhen,1,0,background_lossy,70,0.7432580734282908,1.0,0.99951171875,0,0.00048828125
CHNCXR_0407_1,Shenzhen,1,0,all_lossy,70,1.0,1.0,1.0,0,0.0
CHNCXR_0408_1,Shenzhen,1,1,lungs_lossy,10,0.341796875,1.0,1.0,0,0.0
CHNCXR_0408_1,Shenzhen,1,1,background_lossy,10,0.658203125,1.0,1.0,0,0.0
CHNCXR_0408_1,Shenzhen,1,1,all_lossy,10,1.0,1.0,0.99755859375,0,0.00244140625
CHNCXR_0408_1,Shenzhen,1,1,lungs_lossy,30,0.341796875,1.0,1.0,0,0.0
CHNCXR_0408_1,Shenzhen,1,1,background_lossy,30,0.658203125,1.0,1.0,0,0.0
CHNCXR_0408_1,Shenzhen,1,1,all_lossy,30,1.0,1.0,1.0,0,0.0
CHNCXR_0408_1,Shenzhen,1,1,lungs_lossy,50,0.341796875,1.0,1.0,0,0.0
CHNCXR_0408_1,Shenzhen,1,1,background_lossy,50,0.658203125,1.0,1.0,0,0.0
CHNCXR_0408_1,Shenzhen,1,1,all_lossy,50,1.0,1.0,1.0,0,0.0
CHNCXR_0408_1,Shenzhen,1,1,lungs_lossy,70,0.341796875,1.0,1.0,0,0.0
CHNCXR_0408_1,Shenzhen,1,1,background_lossy,70,0.658203125,1.0,1.0,0,0.0
CHNCXR_0408_1,Shenzhen,1,1,all_lossy,70,1.0,1.0,1.0,0,0.0
CHNCXR_0409_1,Shenzhen,1,4,lungs_lossy,10,0.3075786122661123,0.1697998046875,0.6455078125,1,0.4757080078125
CHNCXR_0409_1,Shenzhen,1,4,background_lossy,10,0.6924213877338877,0.1697998046875,0.258056640625,0,0.0882568359375
CHNCXR_0409_1,Shenzhen,1,4,all_lossy,10,1.0,0.1697998046875,0.52392578125,1,0.3541259765625
CHNCXR_0409_1,Shenzhen,1,4,lungs_lossy,30,0.3075786122661123,0.1697998046875,0.685546875,1,0.5157470703125
CHNCXR_0409_1,Shenzhen,1,4,background_lossy,30,0.6924213877338877,0.1697998046875,0.24169921875,0,0.0718994140625
CHNCXR_0409_1,Shenzhen,1,4,all_lossy,30,1.0,0.1697998046875,0.5751953125,1,0.4053955078125
CHNCXR_0409_1,Shenzhen,1,4,lungs_lossy,50,0.3075786122661123,0.1697998046875,0.380859375,0,0.2110595703125
CHNCXR_0409_1,Shenzhen,1,4,background_lossy,50,0.6924213877338877,0.1697998046875,0.189697265625,0,0.0198974609375
CHNCXR_0409_1,Shenzhen,1,4,all_lossy,50,1.0,0.1697998046875,0.385498046875,0,0.2156982421875
CHNCXR_0409_1,Shenzhen,1,4,lungs_lossy,70,0.3075786122661123,0.1697998046875,0.1727294921875,0,0.0029296875
CHNCXR_0409_1,Shenzhen,1,4,background_lossy,70,0.6924213877338877,0.1697998046875,0.1666259765625,0,0.003173828125
CHNCXR_0409_1,Shenzhen,1,4,all_lossy,70,1.0,0.1697998046875,0.173828125,0,0.0040283203125
CHNCXR_0410_1,Shenzhen,1,3,lungs_lossy,10,0.2915563662190082,0.0274810791015625,0.090087890625,0,0.0626068115234375
CHNCXR_0410_1,Shenzhen,1,3,background_lossy,10,0.7084436337809917,0.0274810791015625,0.0230712890625,0,0.0044097900390625
CHNCXR_0410_1,Shenzhen,1,3,all_lossy,10,1.0,0.0274810791015625,0.435302734375,0,0.4078216552734375
CHNCXR_0410_1,Shenzhen,1,3,lungs_lossy,30,0.2915563662190082,0.0274810791015625,0.642578125,1,0.6150970458984375
CHNCXR_0410_1,Shenzhen,1,3,background_lossy,30,0.7084436337809917,0.0274810791015625,0.0141754150390625,0,0.0133056640625
CHNCXR_0410_1,Shenzhen,1,3,all_lossy,30,1.0,0.0274810791015625,0.36279296875,0,0.3353118896484375
CHNCXR_0410_1,Shenzhen,1,3,lungs_lossy,50,0.2915563662190082,0.0274810791015625,0.082275390625,0,0.0547943115234375
CHNCXR_0410_1,Shenzhen,1,3,background_lossy,50,0.7084436337809917,0.0274810791015625,0.0141143798828125,0,0.01336669921875
CHNCXR_0410_1,Shenzhen,1,3,all_lossy,50,1.0,0.0274810791015625,0.05389404296875,0,0.0264129638671875
CHNCXR_0410_1,Shenzhen,1,3,lungs_lossy,70,0.2915563662190082,0.0274810791015625,0.026763916015625,0,0.0007171630859375
CHNCXR_0410_1,Shenzhen,1,3,background_lossy,70,0.7084436337809917,0.0274810791015625,0.0257568359375,0,0.0017242431640625
CHNCXR_0410_1,Shenzhen,1,3,all_lossy,70,1.0,0.0274810791015625,0.023956298828125,0,0.0035247802734375
CHNCXR_0411_1,Shenzhen,1,3,lungs_lossy,10,0.2442765283300199,0.96826171875,0.95556640625,0,0.0126953125
CHNCXR_0411_1,Shenzhen,1,3,background_lossy,10,0.7557234716699801,0.96826171875,0.7841796875,0,0.18408203125
CHNCXR_0411_1,Shenzhen,1,3,all_lossy,10,1.0,0.96826171875,0.8212890625,0,0.14697265625
CHNCXR_0411_1,Shenzhen,1,3,lungs_lossy,30,0.2442765283300199,0.96826171875,0.9873046875,0,0.01904296875
CHNCXR_0411_1,Shenzhen,1,3,background_lossy,30,0.7557234716699801,0.96826171875,0.7568359375,0,0.21142578125
CHNCXR_0411_1,Shenzhen,1,3,all_lossy,30,1.0,0.96826171875,0.91748046875,0,0.05078125
CHNCXR_0411_1,Shenzhen,1,3,lungs_lossy,50,0.2442765283300199,0.96826171875,0.98046875,0,0.01220703125
CHNCXR_0411_1,Shenzhen,1,3,background_lossy,50,0.7557234716699801,0.96826171875,0.93408203125,0,0.0341796875
CHNCXR_0411_1,Shenzhen,1,3,all_lossy,50,1.0,0.96826171875,0.9609375,0,0.00732421875
CHNCXR_0411_1,Shenzhen,1,3,lungs_lossy,70,0.2442765283300199,0.96826171875,0.9697265625,0,0.00146484375
CHNCXR_0411_1,Shenzhen,1,3,background_lossy,70,0.7557234716699801,0.96826171875,0.953125,0,0.01513671875
CHNCXR_0411_1,Shenzhen,1,3,all_lossy,70,1.0,0.96826171875,0.958984375,0,0.00927734375
CHNCXR_0412_1,Shenzhen,1,1,lungs_lossy,10,0.2051286033797216,0.8359375,0.95361328125,0,0.11767578125
CHNCXR_0412_1,Shenzhen,1,1,background_lossy,10,0.7948713966202783,0.8359375,0.8798828125,0,0.0439453125
CHNCXR_0412_1,Shenzhen,1,1,all_lossy,10,1.0,0.8359375,0.91748046875,0,0.08154296875
CHNCXR_0412_1,Shenzhen,1,1,lungs_lossy,30,0.2051286033797216,0.8359375,0.958984375,0,0.123046875
CHNCXR_0412_1,Shenzhen,1,1,background_lossy,30,0.7948713966202783,0.8359375,0.7548828125,0,0.0810546875
CHNCXR_0412_1,Shenzhen,1,1,all_lossy,30,1.0,0.8359375,0.81689453125,0,0.01904296875
CHNCXR_0412_1,Shenzhen,1,1,lungs_lossy,50,0.2051286033797216,0.8359375,0.91162109375,0,0.07568359375
CHNCXR_0412_1,Shenzhen,1,1,background_lossy,50,0.7948713966202783,0.8359375,0.88525390625,0,0.04931640625
CHNCXR_0412_1,Shenzhen,1,1,all_lossy,50,1.0,0.8359375,0.9267578125,0,0.0908203125
CHNCXR_0412_1,Shenzhen,1,1,lungs_lossy,70,0.2051286033797216,0.8359375,0.814453125,0,0.021484375
CHNCXR_0412_1,Shenzhen,1,1,background_lossy,70,0.7948713966202783,0.8359375,0.88671875,0,0.05078125
CHNCXR_0412_1,Shenzhen,1,1,all_lossy,70,1.0,0.8359375,0.8759765625,0,0.0400390625
CHNCXR_0413_1,Shenzhen,1,0,lungs_lossy,10,0.2711870608899297,0.99951171875,0.27001953125,1,0.7294921875
CHNCXR_0413_1,Shenzhen,1,0,background_lossy,10,0.7288129391100703,0.99951171875,0.998046875,0,0.00146484375
CHNCXR_0413_1,Shenzhen,1,0,all_lossy,10,1.0,0.99951171875,0.650390625,0,0.34912109375
CHNCXR_0413_1,Shenzhen,1,0,lungs_lossy,30,0.2711870608899297,0.99951171875,1.0,0,0.00048828125
CHNCXR_0413_1,Shenzhen,1,0,background_lossy,30,0.7288129391100703,0.99951171875,0.998046875,0,0.00146484375
CHNCXR_0413_1,Shenzhen,1,0,all_lossy,30,1.0,0.99951171875,0.99951171875,0,0.0
CHNCXR_0413_1,Shenzhen,1,0,lungs_lossy,50,0.2711870608899297,0.99951171875,0.9990234375,0,0.00048828125
CHNCXR_0413_1,Shenzhen,1,0,background_lossy,50,0.7288129391100703,0.99951171875,0.9990234375,0,0.00048828125
CHNCXR_0413_1,Shenzhen,1,0,all_lossy,50,1.0,0.99951171875,0.9970703125,0,0.00244140625
CHNCXR_0413_1,Shenzhen,1,0,lungs_lossy,70,0.2711870608899297,0.99951171875,0.99951171875,0,0.0
CHNCXR_0413_1,Shenzhen,1,0,background_lossy,70,0.7288129391100703,0.99951171875,0.99951171875,0,0.0
CHNCXR_0413_1,Shenzhen,1,0,all_lossy,70,1.0,0.99951171875,0.99951171875,0,0.0
CHNCXR_0414_1,Shenzhen,1,4,lungs_lossy,10,0.2679251678719008,0.34326171875,0.8076171875,1,0.46435546875
CHNCXR_0414_1,Shenzhen,1,4,background_lossy,10,0.7320748321280992,0.34326171875,0.1602783203125,0,0.1829833984375
CHNCXR_0414_1,Shenzhen,1,4,all_lossy,10,1.0,0.34326171875,0.33544921875,0,0.0078125
CHNCXR_0414_1,Shenzhen,1,4,lungs_lossy,30,0.2679251678719008,0.34326171875,0.9267578125,1,0.58349609375
CHNCXR_0414_1,Shenzhen,1,4,background_lossy,30,0.7320748321280992,0.34326171875,0.2366943359375,0,0.1065673828125
CHNCXR_0414_1,Shenzhen,1,4,all_lossy,30,1.0,0.34326171875,0.83935546875,1,0.49609375
CHNCXR_0414_1,Shenzhen,1,4,lungs_lossy,50,0.2679251678719008,0.34326171875,0.5166015625,1,0.17333984375
CHNCXR_0414_1,Shenzhen,1,4,background_lossy,50,0.7320748321280992,0.34326171875,0.34375,0,0.00048828125
CHNCXR_0414_1,Shenzhen,1,4,all_lossy,50,1.0,0.34326171875,0.48779296875,0,0.14453125
CHNCXR_0414_1,Shenzhen,1,4,lungs_lossy,70,0.2679251678719008,0.34326171875,0.437255859375,0,0.093994140625
CHNCXR_0414_1,Shenzhen,1,4,background_lossy,70,0.7320748321280992,0.34326171875,0.343505859375,0,0.000244140625
CHNCXR_0414_1,Shenzhen,1,4,all_lossy,70,1.0,0.34326171875,0.434814453125,0,0.091552734375
CHNCXR_0415_1,Shenzhen,1,3,lungs_lossy,10,0.3361958019141531,0.023284912109375,0.06707763671875,0,0.043792724609375
CHNCXR_0415_1,Shenzhen,1,3,background_lossy,10,0.6638041980858469,0.023284912109375,0.0099716186523437,0,0.0133132934570313
CHNCXR_0415_1,Shenzhen,1,3,all_lossy,10,1.0,0.023284912109375,0.12127685546875,0,0.097991943359375
CHNCXR_0415_1,Shenzhen,1,3,lungs_lossy,30,0.3361958019141531,0.023284912109375,0.548828125,1,0.525543212890625
CHNCXR_0415_1,Shenzhen,1,3,background_lossy,30,0.6638041980858469,0.023284912109375,0.011505126953125,0,0.01177978515625
CHNCXR_0415_1,Shenzhen,1,3,all_lossy,30,1.0,0.023284912109375,0.2430419921875,0,0.219757080078125
CHNCXR_0415_1,Shenzhen,1,3,lungs_lossy,50,0.3361958019141531,0.023284912109375,0.058349609375,0,0.035064697265625
CHNCXR_0415_1,Shenzhen,1,3,background_lossy,50,0.6638041980858469,0.023284912109375,0.0108566284179687,0,0.0124282836914063
CHNCXR_0415_1,Shenzhen,1,3,all_lossy,50,1.0,0.023284912109375,0.0210418701171875,0,0.0022430419921875
CHNCXR_0415_1,Shenzhen,1,3,lungs_lossy,70,0.3361958019141531,0.023284912109375,0.0160980224609375,0,0.0071868896484375
CHNCXR_0415_1,Shenzhen,1,3,background_lossy,70,0.6638041980858469,0.023284912109375,0.0173797607421875,0,0.0059051513671875
CHNCXR_0415_1,Shenzhen,1,3,all_lossy,70,1.0,0.023284912109375,0.0121917724609375,0,0.0110931396484375
CHNCXR_0416_1,Shenzhen,1,1,lungs_lossy,10,0.2669691327951002,0.96923828125,0.921875,0,0.04736328125
CHNCXR_0416_1,Shenzhen,1,1,background_lossy,10,0.7330308672048997,0.96923828125,0.951171875,0,0.01806640625
CHNCXR_0416_1,Shenzhen,1,1,all_lossy,10,1.0,0.96923828125,0.95068359375,0,0.0185546875
CHNCXR_0416_1,Shenzhen,1,1,lungs_lossy,30,0.2669691327951002,0.96923828125,0.9912109375,0,0.02197265625
CHNCXR_0416_1,Shenzhen,1,1,background_lossy,30,0.7330308672048997,0.96923828125,0.8818359375,0,0.08740234375
CHNCXR_0416_1,Shenzhen,1,1,all_lossy,30,1.0,0.96923828125,0.96875,0,0.00048828125
CHNCXR_0416_1,Shenzhen,1,1,lungs_lossy,50,0.2669691327951002,0.96923828125,0.99462890625,0,0.025390625
CHNCXR_0416_1,Shenzhen,1,1,background_lossy,50,0.7330308672048997,0.96923828125,0.93798828125,0,0.03125
CHNCXR_0416_1,Shenzhen,1,1,all_lossy,50,1.0,0.96923828125,0.99072265625,0,0.021484375
CHNCXR_0416_1,Shenzhen,1,1,lungs_lossy,70,0.2669691327951002,0.96923828125,0.97900390625,0,0.009765625
CHNCXR_0416_1,Shenzhen,1,1,background_lossy,70,0.7330308672048997,0.96923828125,0.96728515625,0,0.001953125
CHNCXR_0416_1,Shenzhen,1,1,all_lossy,70,1.0,0.96923828125,0.98046875,0,0.01123046875
CHNCXR_0417_1,Shenzhen,1,0,lungs_lossy,10,0.3094595259978991,0.99951171875,1.0,0,0.00048828125
CHNCXR_0417_1,Shenzhen,1,0,background_lossy,10,0.6905404740021008,0.99951171875,0.9736328125,0,0.02587890625
CHNCXR_0417_1,Shenzhen,1,0,all_lossy,10,1.0,0.99951171875,0.99267578125,0,0.0068359375
CHNCXR_0417_1,Shenzhen,1,0,lungs_lossy,30,0.3094595259978991,0.99951171875,1.0,0,0.00048828125
CHNCXR_0417_1,Shenzhen,1,0,background_lossy,30,0.6905404740021008,0.99951171875,0.96728515625,0,0.0322265625
CHNCXR_0417_1,Shenzhen,1,0,all_lossy,30,1.0,0.99951171875,0.99951171875,0,0.0
CHNCXR_0417_1,Shenzhen,1,0,lungs_lossy,50,0.3094595259978991,0.99951171875,1.0,0,0.00048828125
CHNCXR_0417_1,Shenzhen,1,0,background_lossy,50,0.6905404740021008,0.99951171875,0.99658203125,0,0.0029296875
CHNCXR_0417_1,Shenzhen,1,0,all_lossy,50,1.0,0.99951171875,0.99853515625,0,0.0009765625
CHNCXR_0417_1,Shenzhen,1,0,lungs_lossy,70,0.3094595259978991,0.99951171875,0.99951171875,0,0.0
CHNCXR_0417_1,Shenzhen,1,0,background_lossy,70,0.6905404740021008,0.99951171875,0.99951171875,0,0.0
CHNCXR_0417_1,Shenzhen,1,0,all_lossy,70,1.0,0.99951171875,0.99951171875,0,0.0
CHNCXR_0418_1,Shenzhen,1,0,lungs_lossy,10,0.3073921445560253,0.0054283142089843,0.99365234375,1,0.9882240295410157
CHNCXR_0418_1,Shenzhen,1,0,background_lossy,10,0.6926078554439746,0.0054283142089843,0.0045394897460937,0,0.0008888244628906007
CHNCXR_0418_1,Shenzhen,1,0,all_lossy,10,1.0,0.0054283142089843,0.97705078125,1,0.9716224670410157
CHNCXR_0418_1,Shenzhen,1,0,lungs_lossy,30,0.3073921445560253,0.0054283142089843,0.96484375,1,0.9594154357910157
CHNCXR_0418_1,Shenzhen,1,0,background_lossy,30,0.6926078554439746,0.0054283142089843,0.001011848449707,0,0.0044164657592773
CHNCXR_0418_1,Shenzhen,1,0,all_lossy,30,1.0,0.0054283142089843,0.56298828125,1,0.5575599670410157
CHNCXR_0418_1,Shenzhen,1,0,lungs_lossy,50,0.3073921445560253,0.0054283142089843,0.164306640625,0,0.1588783264160157
CHNCXR_0418_1,Shenzhen,1,0,background_lossy,50,0.6926078554439746,0.0054283142089843,0.0017271041870117,0,0.0037012100219726003
CHNCXR_0418_1,Shenzhen,1,0,all_lossy,50,1.0,0.0054283142089843,0.0207672119140625,0,0.0153388977050782
CHNCXR_0418_1,Shenzhen,1,0,lungs_lossy,70,0.3073921445560253,0.0054283142089843,0.0076065063476562,0,0.0021781921386718993
CHNCXR_0418_1,Shenzhen,1,0,background_lossy,70,0.6926078554439746,0.0054283142089843,0.0039291381835937,0,0.0014991760253906007
CHNCXR_0418_1,Shenzhen,1,0,all_lossy,70,1.0,0.0054283142089843,0.0047721862792968,0,0.0006561279296875
CHNCXR_0419_1,Shenzhen,1,0,lungs_lossy,10,0.2339015151515151,0.95751953125,0.908203125,0,0.04931640625
CHNCXR_0419_1,Shenzhen,1,0,background_lossy,10,0.7660984848484849,0.95751953125,0.93359375,0,0.02392578125
CHNCXR_0419_1,Shenzhen,1,0,all_lossy,10,1.0,0.95751953125,0.96337890625,0,0.005859375
CHNCXR_0419_1,Shenzhen,1,0,lungs_lossy,30,0.2339015151515151,0.95751953125,0.9697265625,0,0.01220703125
CHNCXR_0419_1,Shenzhen,1,0,background_lossy,30,0.7660984848484849,0.95751953125,0.84033203125,0,0.1171875
CHNCXR_0419_1,Shenzhen,1,0,all_lossy,30,1.0,0.95751953125,0.62109375,0,0.33642578125
CHNCXR_0419_1,Shenzhen,1,0,lungs_lossy,50,0.2339015151515151,0.95751953125,0.99658203125,0,0.0390625
CHNCXR_0419_1,Shenzhen,1,0,background_lossy,50,0.7660984848484849,0.95751953125,0.9345703125,0,0.02294921875
CHNCXR_0419_1,Shenzhen,1,0,all_lossy,50,1.0,0.95751953125,0.9892578125,0,0.03173828125
CHNCXR_0419_1,Shenzhen,1,0,lungs_lossy,70,0.2339015151515151,0.95751953125,0.9658203125,0,0.00830078125
CHNCXR_0419_1,Shenzhen,1,0,background_lossy,70,0.7660984848484849,0.95751953125,0.97216796875,0,0.0146484375
CHNCXR_0419_1,Shenzhen,1,0,all_lossy,70,1.0,0.95751953125,0.9755859375,0,0.01806640625
CHNCXR_0420_1,Shenzhen,1,4,lungs_lossy,10,0.3170344716494845,0.464599609375,0.755859375,1,0.291259765625
CHNCXR_0420_1,Shenzhen,1,4,background_lossy,10,0.6829655283505154,0.464599609375,0.424560546875,0,0.0400390625
CHNCXR_0420_1,Shenzhen,1,4,all_lossy,10,1.0,0.464599609375,0.5341796875,1,0.069580078125
CHNCXR_0420_1,Shenzhen,1,4,lungs_lossy,30,0.3170344716494845,0.464599609375,0.85693359375,1,0.392333984375
CHNCXR_0420_1,Shenzhen,1,4,background_lossy,30,0.6829655283505154,0.464599609375,0.4599609375,0,0.004638671875
CHNCXR_0420_1,Shenzhen,1,4,all_lossy,30,1.0,0.464599609375,0.83447265625,1,0.369873046875
CHNCXR_0420_1,Shenzhen,1,4,lungs_lossy,50,0.3170344716494845,0.464599609375,0.755859375,1,0.291259765625
CHNCXR_0420_1,Shenzhen,1,4,background_lossy,50,0.6829655283505154,0.464599609375,0.546875,1,0.082275390625
CHNCXR_0420_1,Shenzhen,1,4,all_lossy,50,1.0,0.464599609375,0.81640625,1,0.351806640625
CHNCXR_0420_1,Shenzhen,1,4,lungs_lossy,70,0.3170344716494845,0.464599609375,0.509765625,1,0.045166015625
CHNCXR_0420_1,Shenzhen,1,4,background_lossy,70,0.6829655283505154,0.464599609375,0.496337890625,0,0.03173828125
CHNCXR_0420_1,Shenzhen,1,4,all_lossy,70,1.0,0.464599609375,0.53466796875,1,0.070068359375
CHNCXR_0421_1,Shenzhen,1,3,lungs_lossy,10,0.3383531066536203,0.152099609375,0.04486083984375,0,0.10723876953125
CHNCXR_0421_1,Shenzhen,1,3,background_lossy,10,0.6616468933463797,0.152099609375,0.06500244140625,0,0.08709716796875
CHNCXR_0421_1,Shenzhen,1,3,all_lossy,10,1.0,0.152099609375,0.0509033203125,0,0.1011962890625
CHNCXR_0421_1,Shenzhen,1,3,lungs_lossy,30,0.3383531066536203,0.152099609375,0.161865234375,0,0.009765625
CHNCXR_0421_1,Shenzhen,1,3,background_lossy,30,0.6616468933463797,0.152099609375,0.07275390625,0,0.079345703125
CHNCXR_0421_1,Shenzhen,1,3,all_lossy,30,1.0,0.152099609375,0.09222412109375,0,0.05987548828125
CHNCXR_0421_1,Shenzhen,1,3,lungs_lossy,50,0.3383531066536203,0.152099609375,0.302978515625,0,0.15087890625
CHNCXR_0421_1,Shenzhen,1,3,background_lossy,50,0.6616468933463797,0.152099609375,0.0784912109375,0,0.0736083984375
CHNCXR_0421_1,Shenzhen,1,3,all_lossy,50,1.0,0.152099609375,0.16943359375,0,0.017333984375
CHNCXR_0421_1,Shenzhen,1,3,lungs_lossy,70,0.3383531066536203,0.152099609375,0.159912109375,0,0.0078125
CHNCXR_0421_1,Shenzhen,1,3,background_lossy,70,0.6616468933463797,0.152099609375,0.114990234375,0,0.037109375
CHNCXR_0421_1,Shenzhen,1,3,all_lossy,70,1.0,0.152099609375,0.1282958984375,0,0.0238037109375
CHNCXR_0422_1,Shenzhen,1,0,lungs_lossy,10,0.2444506448412698,0.99951171875,1.0,0,0.00048828125
CHNCXR_0422_1,Shenzhen,1,0,background_lossy,10,0.7555493551587301,0.99951171875,0.9970703125,0,0.00244140625
CHNCXR_0422_1,Shenzhen,1,0,all_lossy,10,1.0,0.99951171875,0.9990234375,0,0.00048828125
CHNCXR_0422_1,Shenzhen,1,0,lungs_lossy,30,0.2444506448412698,0.99951171875,1.0,0,0.00048828125
CHNCXR_0422_1,Shenzhen,1,0,background_lossy,30,0.7555493551587301,0.99951171875,0.9970703125,0,0.00244140625
CHNCXR_0422_1,Shenzhen,1,0,all_lossy,30,1.0,0.99951171875,0.9990234375,0,0.00048828125
CHNCXR_0422_1,Shenzhen,1,0,lungs_lossy,50,0.2444506448412698,0.99951171875,0.99951171875,0,0.0
CHNCXR_0422_1,Shenzhen,1,0,background_lossy,50,0.7555493551587301,0.99951171875,0.9990234375,0,0.00048828125
CHNCXR_0422_1,Shenzhen,1,0,all_lossy,50,1.0,0.99951171875,0.9990234375,0,0.00048828125
CHNCXR_0422_1,Shenzhen,1,0,lungs_lossy,70,0.2444506448412698,0.99951171875,0.99951171875,0,0.0
CHNCXR_0422_1,Shenzhen,1,0,background_lossy,70,0.7555493551587301,0.99951171875,0.99951171875,0,0.0
CHNCXR_0422_1,Shenzhen,1,0,all_lossy,70,1.0,0.99951171875,0.9990234375,0,0.00048828125
CHNCXR_0423_1,Shenzhen,1,4,lungs_lossy,10,0.279606280940594,0.970703125,0.97802734375,0,0.00732421875
CHNCXR_0423_1,Shenzhen,1,4,background_lossy,10,0.720393719059406,0.970703125,0.9794921875,0,0.0087890625
CHNCXR_0423_1,Shenzhen,1,4,all_lossy,10,1.0,0.970703125,0.923828125,0,0.046875
CHNCXR_0423_1,Shenzhen,1,4,lungs_lossy,30,0.279606280940594,0.970703125,0.9931640625,0,0.0224609375
CHNCXR_0423_1,Shenzhen,1,4,background_lossy,30,0.720393719059406,0.970703125,0.966796875,0,0.00390625
CHNCXR_0423_1,Shenzhen,1,4,all_lossy,30,1.0,0.970703125,0.98779296875,0,0.01708984375
CHNCXR_0423_1,Shenzhen,1,4,lungs_lossy,50,0.279606280940594,0.970703125,0.98486328125,0,0.01416015625
CHNCXR_0423_1,Shenzhen,1,4,background_lossy,50,0.720393719059406,0.970703125,0.9736328125,0,0.0029296875
CHNCXR_0423_1,Shenzhen,1,4,all_lossy,50,1.0,0.970703125,0.98486328125,0,0.01416015625
CHNCXR_0423_1,Shenzhen,1,4,lungs_lossy,70,0.279606280940594,0.970703125,0.96630859375,0,0.00439453125
CHNCXR_0423_1,Shenzhen,1,4,background_lossy,70,0.720393719059406,0.970703125,0.974609375,0,0.00390625
CHNCXR_0423_1,Shenzhen,1,4,all_lossy,70,1.0,0.970703125,0.9716796875,0,0.0009765625
CHNCXR_0424_1,Shenzhen,1,2,lungs_lossy,10,0.2438549901185771,1.0,1.0,0,0.0
CHNCXR_0424_1,Shenzhen,1,2,background_lossy,10,0.7561450098814229,1.0,1.0,0,0.0
CHNCXR_0424_1,Shenzhen,1,2,all_lossy,10,1.0,1.0,1.0,0,0.0
CHNCXR_0424_1,Shenzhen,1,2,lungs_lossy,30,0.2438549901185771,1.0,1.0,0,0.0
CHNCXR_0424_1,Shenzhen,1,2,background_lossy,30,0.7561450098814229,1.0,1.0,0,0.0
CHNCXR_0424_1,Shenzhen,1,2,all_lossy,30,1.0,1.0,1.0,0,0.0
CHNCXR_0424_1,Shenzhen,1,2,lungs_lossy,50,0.2438549901185771,1.0,1.0,0,0.0
CHNCXR_0424_1,Shenzhen,1,2,background_lossy,50,0.7561450098814229,1.0,1.0,0,0.0
CHNCXR_0424_1,Shenzhen,1,2,all_lossy,50,1.0,1.0,1.0,0,0.0
CHNCXR_0424_1,Shenzhen,1,2,lungs_lossy,70,0.2438549901185771,1.0,1.0,0,0.0
CHNCXR_0424_1,Shenzhen,1,2,background_lossy,70,0.7561450098814229,1.0,1.0,0,0.0
CHNCXR_0424_1,Shenzhen,1,2,all_lossy,70,1.0,1.0,1.0,0,0.0
CHNCXR_0425_1,Shenzhen,1,0,lungs_lossy,10,0.2800951760912698,0.99951171875,1.0,0,0.00048828125
CHNCXR_0425_1,Shenzhen,1,0,background_lossy,10,0.7199048239087302,0.99951171875,0.998046875,0,0.00146484375
CHNCXR_0425_1,Shenzhen,1,0,all_lossy,10,1.0,0.99951171875,0.99951171875,0,0.0
CHNCXR_0425_1,Shenzhen,1,0,lungs_lossy,30,0.2800951760912698,0.99951171875,1.0,0,0.00048828125
CHNCXR_0425_1,Shenzhen,1,0,background_lossy,30,0.7199048239087302,0.99951171875,0.9970703125,0,0.00244140625
CHNCXR_0425_1,Shenzhen,1,0,all_lossy,30,1.0,0.99951171875,1.0,0,0.00048828125
CHNCXR_0425_1,Shenzhen,1,0,lungs_lossy,50,0.2800951760912698,0.99951171875,1.0,0,0.00048828125
CHNCXR_0425_1,Shenzhen,1,0,background_lossy,50,0.7199048239087302,0.99951171875,0.99755859375,0,0.001953125
CHNCXR_0425_1,Shenzhen,1,0,all_lossy,50,1.0,0.99951171875,0.99951171875,0,0.0
CHNCXR_0425_1,Shenzhen,1,0,lungs_lossy,70,0.2800951760912698,0.99951171875,0.99951171875,0,0.0
CHNCXR_0425_1,Shenzhen,1,0,background_lossy,70,0.7199048239087302,0.99951171875,0.99951171875,0,0.0
CHNCXR_0425_1,Shenzhen,1,0,all_lossy,70,1.0,0.99951171875,0.99951171875,0,0.0
CHNCXR_0426_1,Shenzhen,1,2,lungs_lossy,10,0.3448068858225108,0.9990234375,0.99951171875,0,0.00048828125
CHNCXR_0426_1,Shenzhen,1,2,background_lossy,10,0.6551931141774892,0.9990234375,0.99951171875,0,0.00048828125
CHNCXR_0426_1,Shenzhen,1,2,all_lossy,10,1.0,0.9990234375,0.99951171875,0,0.00048828125
CHNCXR_0426_1,Shenzhen,1,2,lungs_lossy,30,0.3448068858225108,0.9990234375,1.0,0,0.0009765625
CHNCXR_0426_1,Shenzhen,1,2,background_lossy,30,0.6551931141774892,0.9990234375,0.99951171875,0,0.00048828125
CHNCXR_0426_1,Shenzhen,1,2,all_lossy,30,1.0,0.9990234375,1.0,0,0.0009765625
CHNCXR_0426_1,Shenzhen,1,2,lungs_lossy,50,0.3448068858225108,0.9990234375,0.99951171875,0,0.00048828125
CHNCXR_0426_1,Shenzhen,1,2,background_lossy,50,0.6551931141774892,0.9990234375,0.99951171875,0,0.00048828125
CHNCXR_0426_1,Shenzhen,1,2,all_lossy,50,1.0,0.9990234375,1.0,0,0.0009765625
CHNCXR_0426_1,Shenzhen,1,2,lungs_lossy,70,0.3448068858225108,0.9990234375,0.99951171875,0,0.00048828125
CHNCXR_0426_1,Shenzhen,1,2,background_lossy,70,0.6551931141774892,0.9990234375,0.99951171875,0,0.00048828125
CHNCXR_0426_1,Shenzhen,1,2,all_lossy,70,1.0,0.9990234375,0.99951171875,0,0.00048828125
CHNCXR_0427_1,Shenzhen,1,2,lungs_lossy,10,0.2239195808531746,0.85693359375,0.99755859375,0,0.140625
CHNCXR_0427_1,Shenzhen,1,2,background_lossy,10,0.7760804191468254,0.85693359375,0.99462890625,0,0.1376953125
CHNCXR_0427_1,Shenzhen,1,2,all_lossy,10,1.0,0.85693359375,0.99951171875,0,0.142578125
CHNCXR_0427_1,Shenzhen,1,2,lungs_lossy,30,0.2239195808531746,0.85693359375,0.9921875,0,0.13525390625
CHNCXR_0427_1,Shenzhen,1,2,background_lossy,30,0.7760804191468254,0.85693359375,0.9765625,0,0.11962890625
CHNCXR_0427_1,Shenzhen,1,2,all_lossy,30,1.0,0.85693359375,0.99658203125,0,0.1396484375
CHNCXR_0427_1,Shenzhen,1,2,lungs_lossy,50,0.2239195808531746,0.85693359375,0.857421875,0,0.00048828125
CHNCXR_0427_1,Shenzhen,1,2,background_lossy,50,0.7760804191468254,0.85693359375,0.91259765625,0,0.0556640625
CHNCXR_0427_1,Shenzhen,1,2,all_lossy,50,1.0,0.85693359375,0.88525390625,0,0.0283203125
CHNCXR_0427_1,Shenzhen,1,2,lungs_lossy,70,0.2239195808531746,0.85693359375,0.74169921875,0,0.115234375
CHNCXR_0427_1,Shenzhen,1,2,background_lossy,70,0.7760804191468254,0.85693359375,0.79541015625,0,0.0615234375
CHNCXR_0427_1,Shenzhen,1,2,all_lossy,70,1.0,0.85693359375,0.64794921875,0,0.208984375
CHNCXR_0428_1,Shenzhen,1,2,lungs_lossy,10,0.2516812193627451,0.99951171875,1.0,0,0.00048828125
CHNCXR_0428_1,Shenzhen,1,2,background_lossy,10,0.7483187806372549,0.99951171875,0.94677734375,0,0.052734375
CHNCXR_0428_1,Shenzhen,1,2,all_lossy,10,1.0,0.99951171875,0.99951171875,0,0.0
CHNCXR_0428_1,Shenzhen,1,2,lungs_lossy,30,0.2516812193627451,0.99951171875,1.0,0,0.00048828125
CHNCXR_0428_1,Shenzhen,1,2,background_lossy,30,0.7483187806372549,0.99951171875,0.9423828125,0,0.05712890625
CHNCXR_0428_1,Shenzhen,1,2,all_lossy,30,1.0,0.99951171875,0.9951171875,0,0.00439453125
CHNCXR_0428_1,Shenzhen,1,2,lungs_lossy,50,0.2516812193627451,0.99951171875,1.0,0,0.00048828125
CHNCXR_0428_1,Shenzhen,1,2,background_lossy,50,0.7483187806372549,0.99951171875,0.99365234375,0,0.005859375
CHNCXR_0428_1,Shenzhen,1,2,all_lossy,50,1.0,0.99951171875,0.998046875,0,0.00146484375
CHNCXR_0428_1,Shenzhen,1,2,lungs_lossy,70,0.2516812193627451,0.99951171875,0.9990234375,0,0.00048828125
CHNCXR_0428_1,Shenzhen,1,2,background_lossy,70,0.7483187806372549,0.99951171875,0.9990234375,0,0.00048828125
CHNCXR_0428_1,Shenzhen,1,2,all_lossy,70,1.0,0.99951171875,0.9990234375,0,0.00048828125
CHNCXR_0429_1,Shenzhen,1,2,lungs_lossy,10,0.2453395730198019,0.99755859375,0.99951171875,0,0.001953125
CHNCXR_0429_1,Shenzhen,1,2,background_lossy,10,0.754660426980198,0.99755859375,0.9990234375,0,0.00146484375
CHNCXR_0429_1,Shenzhen,1,2,all_lossy,10,1.0,0.99755859375,0.9990234375,0,0.00146484375
CHNCXR_0429_1,Shenzhen,1,2,lungs_lossy,30,0.2453395730198019,0.99755859375,1.0,0,0.00244140625
CHNCXR_0429_1,Shenzhen,1,2,background_lossy,30,0.754660426980198,0.99755859375,0.99609375,0,0.00146484375
CHNCXR_0429_1,Shenzhen,1,2,all_lossy,30,1.0,0.99755859375,1.0,0,0.00244140625
CHNCXR_0429_1,Shenzhen,1,2,lungs_lossy,50,0.2453395730198019,0.99755859375,0.9990234375,0,0.00146484375
CHNCXR_0429_1,Shenzhen,1,2,background_lossy,50,0.754660426980198,0.99755859375,0.986328125,0,0.01123046875
CHNCXR_0429_1,Shenzhen,1,2,all_lossy,50,1.0,0.99755859375,0.98876953125,0,0.0087890625
CHNCXR_0429_1,Shenzhen,1,2,lungs_lossy,70,0.2453395730198019,0.99755859375,0.99755859375,0,0.0
CHNCXR_0429_1,Shenzhen,1,2,background_lossy,70,0.754660426980198,0.99755859375,0.99658203125,0,0.0009765625
CHNCXR_0429_1,Shenzhen,1,2,all_lossy,70,1.0,0.99755859375,0.99658203125,0,0.0009765625
CHNCXR_0430_1,Shenzhen,1,2,lungs_lossy,10,0.1834229000994035,0.998046875,1.0,0,0.001953125
CHNCXR_0430_1,Shenzhen,1,2,background_lossy,10,0.8165770999005965,0.998046875,0.9921875,0,0.005859375
CHNCXR_0430_1,Shenzhen,1,2,all_lossy,10,1.0,0.998046875,0.9990234375,0,0.0009765625
CHNCXR_0430_1,Shenzhen,1,2,lungs_lossy,30,0.1834229000994035,0.998046875,1.0,0,0.001953125
CHNCXR_0430_1,Shenzhen,1,2,background_lossy,30,0.8165770999005965,0.998046875,0.99267578125,0,0.00537109375
CHNCXR_0430_1,Shenzhen,1,2,all_lossy,30,1.0,0.998046875,1.0,0,0.001953125
CHNCXR_0430_1,Shenzhen,1,2,lungs_lossy,50,0.1834229000994035,0.998046875,0.99951171875,0,0.00146484375
CHNCXR_0430_1,Shenzhen,1,2,background_lossy,50,0.8165770999005965,0.998046875,0.99365234375,0,0.00439453125
CHNCXR_0430_1,Shenzhen,1,2,all_lossy,50,1.0,0.998046875,0.998046875,0,0.0
CHNCXR_0430_1,Shenzhen,1,2,lungs_lossy,70,0.1834229000994035,0.998046875,0.99853515625,0,0.00048828125
CHNCXR_0430_1,Shenzhen,1,2,background_lossy,70,0.8165770999005965,0.998046875,0.9970703125,0,0.0009765625
CHNCXR_0430_1,Shenzhen,1,2,all_lossy,70,1.0,0.998046875,0.9970703125,0,0.0009765625
CHNCXR_0431_1,Shenzhen,1,0,lungs_lossy,10,0.3325688428217822,1.0,0.99951171875,0,0.00048828125
CHNCXR_0431_1,Shenzhen,1,0,background_lossy,10,0.6674311571782179,1.0,1.0,0,0.0
CHNCXR_0431_1,Shenzhen,1,0,all_lossy,10,1.0,1.0,0.9990234375,0,0.0009765625
CHNCXR_0431_1,Shenzhen,1,0,lungs_lossy,30,0.3325688428217822,1.0,1.0,0,0.0
CHNCXR_0431_1,Shenzhen,1,0,background_lossy,30,0.6674311571782179,1.0,1.0,0,0.0
CHNCXR_0431_1,Shenzhen,1,0,all_lossy,30,1.0,1.0,1.0,0,0.0
CHNCXR_0431_1,Shenzhen,1,0,lungs_lossy,50,0.3325688428217822,1.0,1.0,0,0.0
CHNCXR_0431_1,Shenzhen,1,0,background_lossy,50,0.6674311571782179,1.0,1.0,0,0.0
CHNCXR_0431_1,Shenzhen,1,0,all_lossy,50,1.0,1.0,1.0,0,0.0
CHNCXR_0431_1,Shenzhen,1,0,lungs_lossy,70,0.3325688428217822,1.0,1.0,0,0.0
CHNCXR_0431_1,Shenzhen,1,0,background_lossy,70,0.6674311571782179,1.0,1.0,0,0.0
CHNCXR_0431_1,Shenzhen,1,0,all_lossy,70,1.0,1.0,1.0,0,0.0
CHNCXR_0432_1,Shenzhen,1,2,lungs_lossy,10,0.2597733601485149,0.99951171875,0.99951171875,0,0.0
CHNCXR_0432_1,Shenzhen,1,2,background_lossy,10,0.7402266398514852,0.99951171875,0.99853515625,0,0.0009765625
CHNCXR_0432_1,Shenzhen,1,2,all_lossy,10,1.0,0.99951171875,0.9892578125,0,0.01025390625
CHNCXR_0432_1,Shenzhen,1,2,lungs_lossy,30,0.2597733601485149,0.99951171875,1.0,0,0.00048828125
CHNCXR_0432_1,Shenzhen,1,2,background_lossy,30,0.7402266398514852,0.99951171875,0.998046875,0,0.00146484375
CHNCXR_0432_1,Shenzhen,1,2,all_lossy,30,1.0,0.99951171875,1.0,0,0.00048828125
CHNCXR_0432_1,Shenzhen,1,2,lungs_lossy,50,0.2597733601485149,0.99951171875,0.99951171875,0,0.0
CHNCXR_0432_1,Shenzhen,1,2,background_lossy,50,0.7402266398514852,0.99951171875,0.9970703125,0,0.00244140625
CHNCXR_0432_1,Shenzhen,1,2,all_lossy,50,1.0,0.99951171875,0.9970703125,0,0.00244140625
CHNCXR_0432_1,Shenzhen,1,2,lungs_lossy,70,0.2597733601485149,0.99951171875,0.99951171875,0,0.0
CHNCXR_0432_1,Shenzhen,1,2,background_lossy,70,0.7402266398514852,0.99951171875,0.9990234375,0,0.00048828125
CHNCXR_0432_1,Shenzhen,1,2,all_lossy,70,1.0,0.99951171875,0.9990234375,0,0.00048828125
CHNCXR_0433_1,Shenzhen,1,2,lungs_lossy,10,0.2932955677290836,0.99365234375,1.0,0,0.00634765625
CHNCXR_0433_1,Shenzhen,1,2,background_lossy,10,0.7067044322709164,0.99365234375,0.9755859375,0,0.01806640625
CHNCXR_0433_1,Shenzhen,1,2,all_lossy,10,1.0,0.99365234375,0.99951171875,0,0.005859375
CHNCXR_0433_1,Shenzhen,1,2,lungs_lossy,30,0.2932955677290836,0.99365234375,1.0,0,0.00634765625
CHNCXR_0433_1,Shenzhen,1,2,background_lossy,30,0.7067044322709164,0.99365234375,0.95947265625,0,0.0341796875
CHNCXR_0433_1,Shenzhen,1,2,all_lossy,30,1.0,0.99365234375,1.0,0,0.00634765625
CHNCXR_0433_1,Shenzhen,1,2,lungs_lossy,50,0.2932955677290836,0.99365234375,0.9951171875,0,0.00146484375
CHNCXR_0433_1,Shenzhen,1,2,background_lossy,50,0.7067044322709164,0.99365234375,0.98876953125,0,0.0048828125
CHNCXR_0433_1,Shenzhen,1,2,all_lossy,50,1.0,0.99365234375,0.9912109375,0,0.00244140625
CHNCXR_0433_1,Shenzhen,1,2,lungs_lossy,70,0.2932955677290836,0.99365234375,0.99462890625,0,0.0009765625
CHNCXR_0433_1,Shenzhen,1,2,background_lossy,70,0.7067044322709164,0.99365234375,0.98828125,0,0.00537109375
CHNCXR_0433_1,Shenzhen,1,2,all_lossy,70,1.0,0.99365234375,0.99072265625,0,0.0029296875
CHNCXR_0434_1,Shenzhen,1,1,lungs_lossy,10,0.256772374260355,0.98486328125,0.99755859375,0,0.0126953125
CHNCXR_0434_1,Shenzhen,1,1,background_lossy,10,0.743227625739645,0.98486328125,0.9541015625,0,0.03076171875
CHNCXR_0434_1,Shenzhen,1,1,all_lossy,10,1.0,0.98486328125,0.98046875,0,0.00439453125
CHNCXR_0434_1,Shenzhen,1,1,lungs_lossy,30,0.256772374260355,0.98486328125,0.99951171875,0,0.0146484375
CHNCXR_0434_1,Shenzhen,1,1,background_lossy,30,0.743227625739645,0.98486328125,0.8984375,0,0.08642578125
CHNCXR_0434_1,Shenzhen,1,1,all_lossy,30,1.0,0.98486328125,0.98974609375,0,0.0048828125
CHNCXR_0434_1,Shenzhen,1,1,lungs_lossy,50,0.256772374260355,0.98486328125,0.9951171875,0,0.01025390625
CHNCXR_0434_1,Shenzhen,1,1,background_lossy,50,0.743227625739645,0.98486328125,0.9619140625,0,0.02294921875
CHNCXR_0434_1,Shenzhen,1,1,all_lossy,50,1.0,0.98486328125,0.984375,0,0.00048828125
CHNCXR_0434_1,Shenzhen,1,1,lungs_lossy,70,0.256772374260355,0.98486328125,0.97998046875,0,0.0048828125
CHNCXR_0434_1,Shenzhen,1,1,background_lossy,70,0.743227625739645,0.98486328125,0.98388671875,0,0.0009765625
CHNCXR_0434_1,Shenzhen,1,1,all_lossy,70,1.0,0.98486328125,0.97900390625,0,0.005859375
CHNCXR_0435_1,Shenzhen,1,4,lungs_lossy,10,0.2980796939036885,0.38330078125,0.94775390625,1,0.564453125
CHNCXR_0435_1,Shenzhen,1,4,background_lossy,10,0.7019203060963115,0.38330078125,0.336669921875,0,0.046630859375
CHNCXR_0435_1,Shenzhen,1,4,all_lossy,10,1.0,0.38330078125,0.85302734375,1,0.4697265625
CHNCXR_0435_1,Shenzhen,1,4,lungs_lossy,30,0.2980796939036885,0.38330078125,0.92529296875,1,0.5419921875
CHNCXR_0435_1,Shenzhen,1,4,background_lossy,30,0.7019203060963115,0.38330078125,0.371826171875,0,0.011474609375
CHNCXR_0435_1,Shenzhen,1,4,all_lossy,30,1.0,0.38330078125,0.86181640625,1,0.478515625
CHNCXR_0435_1,Shenzhen,1,4,lungs_lossy,50,0.2980796939036885,0.38330078125,0.64453125,1,0.26123046875
CHNCXR_0435_1,Shenzhen,1,4,background_lossy,50,0.7019203060963115,0.38330078125,0.421630859375,0,0.038330078125
CHNCXR_0435_1,Shenzhen,1,4,all_lossy,50,1.0,0.38330078125,0.6630859375,1,0.27978515625
CHNCXR_0435_1,Shenzhen,1,4,lungs_lossy,70,0.2980796939036885,0.38330078125,0.401611328125,0,0.018310546875
CHNCXR_0435_1,Shenzhen,1,4,background_lossy,70,0.7019203060963115,0.38330078125,0.44775390625,0,0.064453125
CHNCXR_0435_1,Shenzhen,1,4,all_lossy,70,1.0,0.38330078125,0.4658203125,0,0.08251953125
CHNCXR_0436_1,Shenzhen,1,4,lungs_lossy,10,0.269286120951417,0.29931640625,0.95849609375,1,0.6591796875
CHNCXR_0436_1,Shenzhen,1,4,background_lossy,10,0.730713879048583,0.29931640625,0.1593017578125,0,0.1400146484375
CHNCXR_0436_1,Shenzhen,1,4,all_lossy,10,1.0,0.29931640625,0.84130859375,1,0.5419921875
CHNCXR_0436_1,Shenzhen,1,4,lungs_lossy,30,0.269286120951417,0.29931640625,0.9365234375,1,0.63720703125
CHNCXR_0436_1,Shenzhen,1,4,background_lossy,30,0.730713879048583,0.29931640625,0.2685546875,0,0.03076171875
CHNCXR_0436_1,Shenzhen,1,4,all_lossy,30,1.0,0.29931640625,0.9150390625,1,0.61572265625
CHNCXR_0436_1,Shenzhen,1,4,lungs_lossy,50,0.269286120951417,0.29931640625,0.460205078125,0,0.160888671875
CHNCXR_0436_1,Shenzhen,1,4,background_lossy,50,0.730713879048583,0.29931640625,0.2578125,0,0.04150390625
CHNCXR_0436_1,Shenzhen,1,4,all_lossy,50,1.0,0.29931640625,0.421142578125,0,0.121826171875
CHNCXR_0436_1,Shenzhen,1,4,lungs_lossy,70,0.269286120951417,0.29931640625,0.31640625,0,0.01708984375
CHNCXR_0436_1,Shenzhen,1,4,background_lossy,70,0.730713879048583,0.29931640625,0.320068359375,0,0.020751953125
CHNCXR_0436_1,Shenzhen,1,4,all_lossy,70,1.0,0.29931640625,0.344482421875,0,0.045166015625
CHNCXR_0437_1,Shenzhen,1,2,lungs_lossy,10,0.3338713842975206,1.0,1.0,0,0.0
CHNCXR_0437_1,Shenzhen,1,2,background_lossy,10,0.6661286157024793,1.0,0.9990234375,0,0.0009765625
CHNCXR_0437_1,Shenzhen,1,2,all_lossy,10,1.0,1.0,0.998046875,0,0.001953125
CHNCXR_0437_1,Shenzhen,1,2,lungs_lossy,30,0.3338713842975206,1.0,1.0,0,0.0
CHNCXR_0437_1,Shenzhen,1,2,background_lossy,30,0.6661286157024793,1.0,0.99853515625,0,0.00146484375
CHNCXR_0437_1,Shenzhen,1,2,all_lossy,30,1.0,1.0,1.0,0,0.0
CHNCXR_0437_1,Shenzhen,1,2,lungs_lossy,50,0.3338713842975206,1.0,1.0,0,0.0
CHNCXR_0437_1,Shenzhen,1,2,background_lossy,50,0.6661286157024793,1.0,0.9990234375,0,0.0009765625
CHNCXR_0437_1,Shenzhen,1,2,all_lossy,50,1.0,1.0,1.0,0,0.0
CHNCXR_0437_1,Shenzhen,1,2,lungs_lossy,70,0.3338713842975206,1.0,1.0,0,0.0
CHNCXR_0437_1,Shenzhen,1,2,background_lossy,70,0.6661286157024793,1.0,1.0,0,0.0
CHNCXR_0437_1,Shenzhen,1,2,all_lossy,70,1.0,1.0,1.0,0,0.0
CHNCXR_0438_1,Shenzhen,1,0,lungs_lossy,10,0.2965198863636363,0.96826171875,1.0,0,0.03173828125
CHNCXR_0438_1,Shenzhen,1,0,background_lossy,10,0.7034801136363636,0.96826171875,0.78173828125,0,0.1865234375
CHNCXR_0438_1,Shenzhen,1,0,all_lossy,10,1.0,0.96826171875,0.99951171875,0,0.03125
CHNCXR_0438_1,Shenzhen,1,0,lungs_lossy,30,0.2965198863636363,0.96826171875,1.0,0,0.03173828125
CHNCXR_0438_1,Shenzhen,1,0,background_lossy,30,0.7034801136363636,0.96826171875,0.81982421875,0,0.1484375
CHNCXR_0438_1,Shenzhen,1,0,all_lossy,30,1.0,0.96826171875,0.99658203125,0,0.0283203125
CHNCXR_0438_1,Shenzhen,1,0,lungs_lossy,50,0.2965198863636363,0.96826171875,0.990234375,0,0.02197265625
CHNCXR_0438_1,Shenzhen,1,0,background_lossy,50,0.7034801136363636,0.96826171875,0.88232421875,0,0.0859375
CHNCXR_0438_1,Shenzhen,1,0,all_lossy,50,1.0,0.96826171875,0.9560546875,0,0.01220703125
CHNCXR_0438_1,Shenzhen,1,0,lungs_lossy,70,0.2965198863636363,0.96826171875,0.9619140625,0,0.00634765625
CHNCXR_0438_1,Shenzhen,1,0,background_lossy,70,0.7034801136363636,0.96826171875,0.94873046875,0,0.01953125
CHNCXR_0438_1,Shenzhen,1,0,all_lossy,70,1.0,0.96826171875,0.93310546875,0,0.03515625
CHNCXR_0439_1,Shenzhen,1,4,lungs_lossy,10,0.2550394492574257,0.96875,0.7802734375,0,0.1884765625
CHNCXR_0439_1,Shenzhen,1,4,background_lossy,10,0.7449605507425743,0.96875,0.95849609375,0,0.01025390625
CHNCXR_0439_1,Shenzhen,1,4,all_lossy,10,1.0,0.96875,0.55859375,0,0.41015625
CHNCXR_0439_1,Shenzhen,1,4,lungs_lossy,30,0.2550394492574257,0.96875,0.96484375,0,0.00390625
CHNCXR_0439_1,Shenzhen,1,4,background_lossy,30,0.7449605507425743,0.96875,0.95947265625,0,0.00927734375
CHNCXR_0439_1,Shenzhen,1,4,all_lossy,30,1.0,0.96875,0.93017578125,0,0.03857421875
CHNCXR_0439_1,Shenzhen,1,4,lungs_lossy,50,0.2550394492574257,0.96875,0.974609375,0,0.005859375
CHNCXR_0439_1,Shenzhen,1,4,background_lossy,50,0.7449605507425743,0.96875,0.96533203125,0,0.00341796875
CHNCXR_0439_1,Shenzhen,1,4,all_lossy,50,1.0,0.96875,0.97021484375,0,0.00146484375
CHNCXR_0439_1,Shenzhen,1,4,lungs_lossy,70,0.2550394492574257,0.96875,0.97265625,0,0.00390625
CHNCXR_0439_1,Shenzhen,1,4,background_lossy,70,0.7449605507425743,0.96875,0.96923828125,0,0.00048828125
CHNCXR_0439_1,Shenzhen,1,4,all_lossy,70,1.0,0.96875,0.97509765625,0,0.00634765625
CHNCXR_0440_1,Shenzhen,1,3,lungs_lossy,10,0.2641150210084033,0.0012063980102539,0.003692626953125,0,0.0024862289428711
CHNCXR_0440_1,Shenzhen,1,3,background_lossy,10,0.7358849789915967,0.0012063980102539,0.0010318756103515,0,0.0001745223999023999
CHNCXR_0440_1,Shenzhen,1,3,all_lossy,10,1.0,0.0012063980102539,0.0171051025390625,0,0.0158987045288086
CHNCXR_0440_1,Shenzhen,1,3,lungs_lossy,30,0.2641150210084033,0.0012063980102539,0.0009255409240722,0,0.00028085708618169993
CHNCXR_0440_1,Shenzhen,1,3,background_lossy,30,0.7358849789915967,0.0012063980102539,0.0007381439208984,0,0.0004682540893555
CHNCXR_0440_1,Shenzhen,1,3,all_lossy,30,1.0,0.0012063980102539,0.0010652542114257,0,0.00014114379882820003
CHNCXR_0440_1,Shenzhen,1,3,lungs_lossy,50,0.2641150210084033,0.0012063980102539,0.00250244140625,0,0.0012960433959961
CHNCXR_0440_1,Shenzhen,1,3,background_lossy,50,0.7358849789915967,0.0012063980102539,0.0006799697875976,0,0.0005264282226563
CHNCXR_0440_1,Shenzhen,1,3,all_lossy,50,1.0,0.0012063980102539,0.0014896392822265,0,0.0002832412719726001
CHNCXR_0440_1,Shenzhen,1,3,lungs_lossy,70,0.2641150210084033,0.0012063980102539,0.001103401184082,0,0.00010299682617189994
CHNCXR_0440_1,Shenzhen,1,3,background_lossy,70,0.7358849789915967,0.0012063980102539,0.0008425712585449,0,0.000363826751709
CHNCXR_0440_1,Shenzhen,1,3,all_lossy,70,1.0,0.0012063980102539,0.0007581710815429,0,0.00044822692871099995
CHNCXR_0441_1,Shenzhen,1,0,lungs_lossy,10,0.2391694260485651,1.0,0.857421875,0,0.142578125
CHNCXR_0441_1,Shenzhen,1,0,background_lossy,10,0.7608305739514349,1.0,1.0,0,0.0
CHNCXR_0441_1,Shenzhen,1,0,all_lossy,10,1.0,1.0,0.576171875,0,0.423828125
CHNCXR_0441_1,Shenzhen,1,0,lungs_lossy,30,0.2391694260485651,1.0,0.99609375,0,0.00390625
CHNCXR_0441_1,Shenzhen,1,0,background_lossy,30,0.7608305739514349,1.0,1.0,0,0.0
CHNCXR_0441_1,Shenzhen,1,0,all_lossy,30,1.0,1.0,0.7216796875,0,0.2783203125
CHNCXR_0441_1,Shenzhen,1,0,lungs_lossy,50,0.2391694260485651,1.0,1.0,0,0.0
CHNCXR_0441_1,Shenzhen,1,0,background_lossy,50,0.7608305739514349,1.0,1.0,0,0.0
CHNCXR_0441_1,Shenzhen,1,0,all_lossy,50,1.0,1.0,0.99951171875,0,0.00048828125
CHNCXR_0441_1,Shenzhen,1,0,lungs_lossy,70,0.2391694260485651,1.0,1.0,0,0.0
CHNCXR_0441_1,Shenzhen,1,0,background_lossy,70,0.7608305739514349,1.0,1.0,0,0.0
CHNCXR_0441_1,Shenzhen,1,0,all_lossy,70,1.0,1.0,1.0,0,0.0
CHNCXR_0442_1,Shenzhen,1,3,lungs_lossy,10,0.21878515625,0.25439453125,0.469970703125,0,0.215576171875
CHNCXR_0442_1,Shenzhen,1,3,background_lossy,10,0.7812148437499999,0.25439453125,0.08331298828125,0,0.17108154296875
CHNCXR_0442_1,Shenzhen,1,3,all_lossy,10,1.0,0.25439453125,0.45751953125,0,0.203125
CHNCXR_0442_1,Shenzhen,1,3,lungs_lossy,30,0.21878515625,0.25439453125,0.65234375,1,0.39794921875
CHNCXR_0442_1,Shenzhen,1,3,background_lossy,30,0.7812148437499999,0.25439453125,0.050323486328125,0,0.204071044921875
CHNCXR_0442_1,Shenzhen,1,3,all_lossy,30,1.0,0.25439453125,0.2054443359375,0,0.0489501953125
CHNCXR_0442_1,Shenzhen,1,3,lungs_lossy,50,0.21878515625,0.25439453125,0.382080078125,0,0.127685546875
CHNCXR_0442_1,Shenzhen,1,3,background_lossy,50,0.7812148437499999,0.25439453125,0.09283447265625,0,0.16156005859375
CHNCXR_0442_1,Shenzhen,1,3,all_lossy,50,1.0,0.25439453125,0.167724609375,0,0.086669921875
CHNCXR_0442_1,Shenzhen,1,3,lungs_lossy,70,0.21878515625,0.25439453125,0.1827392578125,0,0.0716552734375
CHNCXR_0442_1,Shenzhen,1,3,background_lossy,70,0.7812148437499999,0.25439453125,0.20703125,0,0.04736328125
CHNCXR_0442_1,Shenzhen,1,3,all_lossy,70,1.0,0.25439453125,0.14697265625,0,0.107421875
CHNCXR_0443_1,Shenzhen,1,1,lungs_lossy,10,0.2377614359099804,0.9970703125,0.9970703125,0,0.0
CHNCXR_0443_1,Shenzhen,1,1,background_lossy,10,0.7622385640900196,0.9970703125,0.9921875,0,0.0048828125
CHNCXR_0443_1,Shenzhen,1,1,all_lossy,10,1.0,0.9970703125,0.96826171875,0,0.02880859375
CHNCXR_0443_1,Shenzhen,1,1,lungs_lossy,30,0.2377614359099804,0.9970703125,0.99951171875,0,0.00244140625
CHNCXR_0443_1,Shenzhen,1,1,background_lossy,30,0.7622385640900196,0.9970703125,0.99462890625,0,0.00244140625
CHNCXR_0443_1,Shenzhen,1,1,all_lossy,30,1.0,0.9970703125,0.99755859375,0,0.00048828125
CHNCXR_0443_1,Shenzhen,1,1,lungs_lossy,50,0.2377614359099804,0.9970703125,0.99853515625,0,0.00146484375
CHNCXR_0443_1,Shenzhen,1,1,background_lossy,50,0.7622385640900196,0.9970703125,0.998046875,0,0.0009765625
CHNCXR_0443_1,Shenzhen,1,1,all_lossy,50,1.0,0.9970703125,0.99853515625,0,0.00146484375
CHNCXR_0443_1,Shenzhen,1,1,lungs_lossy,70,0.2377614359099804,0.9970703125,0.9970703125,0,0.0
CHNCXR_0443_1,Shenzhen,1,1,background_lossy,70,0.7622385640900196,0.9970703125,0.998046875,0,0.0009765625
CHNCXR_0443_1,Shenzhen,1,1,all_lossy,70,1.0,0.9970703125,0.99755859375,0,0.00048828125
CHNCXR_0444_1,Shenzhen,1,4,lungs_lossy,10,0.2833101455479452,0.72607421875,0.98095703125,0,0.2548828125
CHNCXR_0444_1,Shenzhen,1,4,background_lossy,10,0.7166898544520548,0.72607421875,0.7763671875,0,0.05029296875
CHNCXR_0444_1,Shenzhen,1,4,all_lossy,10,1.0,0.72607421875,0.89697265625,0,0.1708984375
CHNCXR_0444_1,Shenzhen,1,4,lungs_lossy,30,0.2833101455479452,0.72607421875,0.97900390625,0,0.2529296875
CHNCXR_0444_1,Shenzhen,1,4,background_lossy,30,0.7166898544520548,0.72607421875,0.681640625,0,0.04443359375
CHNCXR_0444_1,Shenzhen,1,4,all_lossy,30,1.0,0.72607421875,0.94384765625,0,0.2177734375
CHNCXR_0444_1,Shenzhen,1,4,lungs_lossy,50,0.2833101455479452,0.72607421875,0.86572265625,0,0.1396484375
CHNCXR_0444_1,Shenzhen,1,4,background_lossy,50,0.7166898544520548,0.72607421875,0.705078125,0,0.02099609375
CHNCXR_0444_1,Shenzhen,1,4,all_lossy,50,1.0,0.72607421875,0.8427734375,0,0.11669921875
CHNCXR_0444_1,Shenzhen,1,4,lungs_lossy,70,0.2833101455479452,0.72607421875,0.744140625,0,0.01806640625
CHNCXR_0444_1,Shenzhen,1,4,background_lossy,70,0.7166898544520548,0.72607421875,0.720703125,0,0.00537109375
CHNCXR_0444_1,Shenzhen,1,4,all_lossy,70,1.0,0.72607421875,0.7421875,0,0.01611328125
CHNCXR_0445_1,Shenzhen,1,0,lungs_lossy,10,0.3068164444716242,0.98388671875,0.99951171875,0,0.015625
CHNCXR_0445_1,Shenzhen,1,0,background_lossy,10,0.6931835555283757,0.98388671875,0.9619140625,0,0.02197265625
CHNCXR_0445_1,Shenzhen,1,0,all_lossy,10,1.0,0.98388671875,0.9990234375,0,0.01513671875
CHNCXR_0445_1,Shenzhen,1,0,lungs_lossy,30,0.3068164444716242,0.98388671875,0.99951171875,0,0.015625
CHNCXR_0445_1,Shenzhen,1,0,background_lossy,30,0.6931835555283757,0.98388671875,0.970703125,0,0.01318359375
CHNCXR_0445_1,Shenzhen,1,0,all_lossy,30,1.0,0.98388671875,0.998046875,0,0.01416015625
CHNCXR_0445_1,Shenzhen,1,0,lungs_lossy,50,0.3068164444716242,0.98388671875,0.9833984375,0,0.00048828125
CHNCXR_0445_1,Shenzhen,1,0,background_lossy,50,0.6931835555283757,0.98388671875,0.970703125,0,0.01318359375
CHNCXR_0445_1,Shenzhen,1,0,all_lossy,50,1.0,0.98388671875,0.9677734375,0,0.01611328125
CHNCXR_0445_1,Shenzhen,1,0,lungs_lossy,70,0.3068164444716242,0.98388671875,0.98486328125,0,0.0009765625
CHNCXR_0445_1,Shenzhen,1,0,background_lossy,70,0.6931835555283757,0.98388671875,0.98193359375,0,0.001953125
CHNCXR_0445_1,Shenzhen,1,0,all_lossy,70,1.0,0.98388671875,0.98193359375,0,0.001953125
CHNCXR_0446_1,Shenzhen,1,3,lungs_lossy,10,0.2645290581162324,0.037811279296875,0.0709228515625,0,0.033111572265625
CHNCXR_0446_1,Shenzhen,1,3,background_lossy,10,0.7354709418837675,0.037811279296875,0.0041007995605468,0,0.0337104797363282
CHNCXR_0446_1,Shenzhen,1,3,all_lossy,10,1.0,0.037811279296875,0.043853759765625,0,0.00604248046875
CHNCXR_0446_1,Shenzhen,1,3,lungs_lossy,30,0.2645290581162324,0.037811279296875,0.051361083984375,0,0.0135498046875
CHNCXR_0446_1,Shenzhen,1,3,background_lossy,30,0.7354709418837675,0.037811279296875,0.0024337768554687,0,0.0353775024414063
CHNCXR_0446_1,Shenzhen,1,3,all_lossy,30,1.0,0.037811279296875,0.0033512115478515,0,0.0344600677490235
CHNCXR_0446_1,Shenzhen,1,3,lungs_lossy,50,0.2645290581162324,0.037811279296875,0.0169219970703125,0,0.0208892822265625
CHNCXR_0446_1,Shenzhen,1,3,background_lossy,50,0.7354709418837675,0.037811279296875,0.0084152221679687,0,0.0293960571289063
CHNCXR_0446_1,Shenzhen,1,3,all_lossy,50,1.0,0.037811279296875,0.0034027099609375,0,0.0344085693359375
CHNCXR_0446_1,Shenzhen,1,3,lungs_lossy,70,0.2645290581162324,0.037811279296875,0.040313720703125,0,0.00250244140625
CHNCXR_0446_1,Shenzhen,1,3,background_lossy,70,0.7354709418837675,0.037811279296875,0.01763916015625,0,0.020172119140625
CHNCXR_0446_1,Shenzhen,1,3,all_lossy,70,1.0,0.037811279296875,0.0179901123046875,0,0.0198211669921875
CHNCXR_0447_1,Shenzhen,1,4,lungs_lossy,10,0.2204756181318681,0.9990234375,0.99609375,0,0.0029296875
CHNCXR_0447_1,Shenzhen,1,4,background_lossy,10,0.7795243818681319,0.9990234375,0.9951171875,0,0.00390625
CHNCXR_0447_1,Shenzhen,1,4,all_lossy,10,1.0,0.9990234375,0.857421875,0,0.1416015625
CHNCXR_0447_1,Shenzhen,1,4,lungs_lossy,30,0.2204756181318681,0.9990234375,0.99951171875,0,0.00048828125
CHNCXR_0447_1,Shenzhen,1,4,background_lossy,30,0.7795243818681319,0.9990234375,0.99853515625,0,0.00048828125
CHNCXR_0447_1,Shenzhen,1,4,all_lossy,30,1.0,0.9990234375,0.99853515625,0,0.00048828125
CHNCXR_0447_1,Shenzhen,1,4,lungs_lossy,50,0.2204756181318681,0.9990234375,0.9990234375,0,0.0
CHNCXR_0447_1,Shenzhen,1,4,background_lossy,50,0.7795243818681319,0.9990234375,0.9990234375,0,0.0
CHNCXR_0447_1,Shenzhen,1,4,all_lossy,50,1.0,0.9990234375,0.9990234375,0,0.0
CHNCXR_0447_1,Shenzhen,1,4,lungs_lossy,70,0.2204756181318681,0.9990234375,0.9990234375,0,0.0
CHNCXR_0447_1,Shenzhen,1,4,background_lossy,70,0.7795243818681319,0.9990234375,0.9990234375,0,0.0
CHNCXR_0447_1,Shenzhen,1,4,all_lossy,70,1.0,0.9990234375,0.9990234375,0,0.0
CHNCXR_0448_1,Shenzhen,1,4,lungs_lossy,10,0.3324738974883177,0.9970703125,0.99853515625,0,0.00146484375
CHNCXR_0448_1,Shenzhen,1,4,background_lossy,10,0.6675261025116823,0.9970703125,0.99365234375,0,0.00341796875
CHNCXR_0448_1,Shenzhen,1,4,all_lossy,10,1.0,0.9970703125,0.99072265625,0,0.00634765625
CHNCXR_0448_1,Shenzhen,1,4,lungs_lossy,30,0.3324738974883177,0.9970703125,0.9990234375,0,0.001953125
CHNCXR_0448_1,Shenzhen,1,4,background_lossy,30,0.6675261025116823,0.9970703125,0.9970703125,0,0.0
CHNCXR_0448_1,Shenzhen,1,4,all_lossy,30,1.0,0.9970703125,0.99853515625,0,0.00146484375
CHNCXR_0448_1,Shenzhen,1,4,lungs_lossy,50,0.3324738974883177,0.9970703125,0.99853515625,0,0.00146484375
CHNCXR_0448_1,Shenzhen,1,4,background_lossy,50,0.6675261025116823,0.9970703125,0.99658203125,0,0.00048828125
CHNCXR_0448_1,Shenzhen,1,4,all_lossy,50,1.0,0.9970703125,0.99853515625,0,0.00146484375
CHNCXR_0448_1,Shenzhen,1,4,lungs_lossy,70,0.3324738974883177,0.9970703125,0.99658203125,0,0.00048828125
CHNCXR_0448_1,Shenzhen,1,4,background_lossy,70,0.6675261025116823,0.9970703125,0.99658203125,0,0.00048828125
CHNCXR_0448_1,Shenzhen,1,4,all_lossy,70,1.0,0.9970703125,0.99609375,0,0.0009765625
CHNCXR_0449_1,Shenzhen,1,2,lungs_lossy,10,0.2757231531311154,0.99951171875,0.89453125,0,0.10498046875
CHNCXR_0449_1,Shenzhen,1,2,background_lossy,10,0.7242768468688845,0.99951171875,0.998046875,0,0.00146484375
CHNCXR_0449_1,Shenzhen,1,2,all_lossy,10,1.0,0.99951171875,0.93603515625,0,0.0634765625
CHNCXR_0449_1,Shenzhen,1,2,lungs_lossy,30,0.2757231531311154,0.99951171875,1.0,0,0.00048828125
CHNCXR_0449_1,Shenzhen,1,2,background_lossy,30,0.7242768468688845,0.99951171875,0.99755859375,0,0.001953125
CHNCXR_0449_1,Shenzhen,1,2,all_lossy,30,1.0,0.99951171875,0.99951171875,0,0.0
CHNCXR_0449_1,Shenzhen,1,2,lungs_lossy,50,0.2757231531311154,0.99951171875,0.99951171875,0,0.0
CHNCXR_0449_1,Shenzhen,1,2,background_lossy,50,0.7242768468688845,0.99951171875,0.99951171875,0,0.0
CHNCXR_0449_1,Shenzhen,1,2,all_lossy,50,1.0,0.99951171875,1.0,0,0.00048828125
CHNCXR_0449_1,Shenzhen,1,2,lungs_lossy,70,0.2757231531311154,0.99951171875,0.99951171875,0,0.0
CHNCXR_0449_1,Shenzhen,1,2,background_lossy,70,0.7242768468688845,0.99951171875,0.99951171875,0,0.0
CHNCXR_0449_1,Shenzhen,1,2,all_lossy,70,1.0,0.99951171875,0.99951171875,0,0.0
CHNCXR_0450_1,Shenzhen,1,3,lungs_lossy,10,0.2522398933531746,0.203369140625,0.84375,1,0.640380859375
CHNCXR_0450_1,Shenzhen,1,3,background_lossy,10,0.7477601066468254,0.203369140625,0.5654296875,1,0.362060546875
CHNCXR_0450_1,Shenzhen,1,3,all_lossy,10,1.0,0.203369140625,0.96435546875,1,0.760986328125
CHNCXR_0450_1,Shenzhen,1,3,lungs_lossy,30,0.2522398933531746,0.203369140625,0.875,1,0.671630859375
CHNCXR_0450_1,Shenzhen,1,3,background_lossy,30,0.7477601066468254,0.203369140625,0.2166748046875,0,0.0133056640625
CHNCXR_0450_1,Shenzhen,1,3,all_lossy,30,1.0,0.203369140625,0.82763671875,1,0.624267578125
CHNCXR_0450_1,Shenzhen,1,3,lungs_lossy,50,0.2522398933531746,0.203369140625,0.366455078125,0,0.1630859375
CHNCXR_0450_1,Shenzhen,1,3,background_lossy,50,0.7477601066468254,0.203369140625,0.2158203125,0,0.012451171875
CHNCXR_0450_1,Shenzhen,1,3,all_lossy,50,1.0,0.203369140625,0.4658203125,0,0.262451171875
CHNCXR_0450_1,Shenzhen,1,3,lungs_lossy,70,0.2522398933531746,0.203369140625,0.2325439453125,0,0.0291748046875
CHNCXR_0450_1,Shenzhen,1,3,background_lossy,70,0.7477601066468254,0.203369140625,0.179443359375,0,0.02392578125
CHNCXR_0450_1,Shenzhen,1,3,all_lossy,70,1.0,0.203369140625,0.20703125,0,0.003662109375
CHNCXR_0451_1,Shenzhen,1,1,lungs_lossy,10,0.2603344577393075,0.9912109375,1.0,0,0.0087890625
CHNCXR_0451_1,Shenzhen,1,1,background_lossy,10,0.7396655422606925,0.9912109375,0.9833984375,0,0.0078125
CHNCXR_0451_1,Shenzhen,1,1,all_lossy,10,1.0,0.9912109375,0.994140625,0,0.0029296875
CHNCXR_0451_1,Shenzhen,1,1,lungs_lossy,30,0.2603344577393075,0.9912109375,1.0,0,0.0087890625
CHNCXR_0451_1,Shenzhen,1,1,background_lossy,30,0.7396655422606925,0.9912109375,0.9736328125,0,0.017578125
CHNCXR_0451_1,Shenzhen,1,1,all_lossy,30,1.0,0.9912109375,0.9990234375,0,0.0078125
CHNCXR_0451_1,Shenzhen,1,1,lungs_lossy,50,0.2603344577393075,0.9912109375,0.99658203125,0,0.00537109375
CHNCXR_0451_1,Shenzhen,1,1,background_lossy,50,0.7396655422606925,0.9912109375,0.9921875,0,0.0009765625
CHNCXR_0451_1,Shenzhen,1,1,all_lossy,50,1.0,0.9912109375,0.99658203125,0,0.00537109375
CHNCXR_0451_1,Shenzhen,1,1,lungs_lossy,70,0.2603344577393075,0.9912109375,0.99267578125,0,0.00146484375
CHNCXR_0451_1,Shenzhen,1,1,background_lossy,70,0.7396655422606925,0.9912109375,0.990234375,0,0.0009765625
CHNCXR_0451_1,Shenzhen,1,1,all_lossy,70,1.0,0.9912109375,0.99072265625,0,0.00048828125
CHNCXR_0452_1,Shenzhen,1,1,lungs_lossy,10,0.3638601173642534,1.0,0.998046875,0,0.001953125
CHNCXR_0452_1,Shenzhen,1,1,background_lossy,10,0.6361398826357466,1.0,0.99853515625,0,0.00146484375
CHNCXR_0452_1,Shenzhen,1,1,all_lossy,10,1.0,1.0,0.98388671875,0,0.01611328125
CHNCXR_0452_1,Shenzhen,1,1,lungs_lossy,30,0.3638601173642534,1.0,1.0,0,0.0
CHNCXR_0452_1,Shenzhen,1,1,background_lossy,30,0.6361398826357466,1.0,0.99951171875,0,0.00048828125
CHNCXR_0452_1,Shenzhen,1,1,all_lossy,30,1.0,1.0,1.0,0,0.0
CHNCXR_0452_1,Shenzhen,1,1,lungs_lossy,50,0.3638601173642534,1.0,1.0,0,0.0
CHNCXR_0452_1,Shenzhen,1,1,background_lossy,50,0.6361398826357466,1.0,0.99951171875,0,0.00048828125
CHNCXR_0452_1,Shenzhen,1,1,all_lossy,50,1.0,1.0,0.99951171875,0,0.00048828125
CHNCXR_0452_1,Shenzhen,1,1,lungs_lossy,70,0.3638601173642534,1.0,1.0,0,0.0
CHNCXR_0452_1,Shenzhen,1,1,background_lossy,70,0.6361398826357466,1.0,0.99951171875,0,0.00048828125
CHNCXR_0452_1,Shenzhen,1,1,all_lossy,70,1.0,1.0,0.99951171875,0,0.00048828125
CHNCXR_0453_1,Shenzhen,1,0,lungs_lossy,10,0.1857591711956521,0.8046875,0.998046875,0,0.193359375
CHNCXR_0453_1,Shenzhen,1,0,background_lossy,10,0.8142408288043479,0.8046875,0.9697265625,0,0.1650390625
CHNCXR_0453_1,Shenzhen,1,0,all_lossy,10,1.0,0.8046875,0.9990234375,0,0.1943359375
CHNCXR_0453_1,Shenzhen,1,0,lungs_lossy,30,0.1857591711956521,0.8046875,0.982421875,0,0.177734375
CHNCXR_0453_1,Shenzhen,1,0,background_lossy,30,0.8142408288043479,0.8046875,0.67529296875,0,0.12939453125
CHNCXR_0453_1,Shenzhen,1,0,all_lossy,30,1.0,0.8046875,0.953125,0,0.1484375
CHNCXR_0453_1,Shenzhen,1,0,lungs_lossy,50,0.1857591711956521,0.8046875,0.89794921875,0,0.09326171875
CHNCXR_0453_1,Shenzhen,1,0,background_lossy,50,0.8142408288043479,0.8046875,0.478515625,1,0.326171875
CHNCXR_0453_1,Shenzhen,1,0,all_lossy,50,1.0,0.8046875,0.6806640625,0,0.1240234375
CHNCXR_0453_1,Shenzhen,1,0,lungs_lossy,70,0.1857591711956521,0.8046875,0.84912109375,0,0.04443359375
CHNCXR_0453_1,Shenzhen,1,0,background_lossy,70,0.8142408288043479,0.8046875,0.7548828125,0,0.0498046875
CHNCXR_0453_1,Shenzhen,1,0,all_lossy,70,1.0,0.8046875,0.81103515625,0,0.00634765625
CHNCXR_0454_1,Shenzhen,1,4,lungs_lossy,10,0.3245889501633986,0.98828125,0.99365234375,0,0.00537109375
CHNCXR_0454_1,Shenzhen,1,4,background_lossy,10,0.6754110498366013,0.98828125,0.951171875,0,0.037109375
CHNCXR_0454_1,Shenzhen,1,4,all_lossy,10,1.0,0.98828125,0.8896484375,0,0.0986328125
CHNCXR_0454_1,Shenzhen,1,4,lungs_lossy,30,0.3245889501633986,0.98828125,0.99755859375,0,0.00927734375
CHNCXR_0454_1,Shenzhen,1,4,background_lossy,30,0.6754110498366013,0.98828125,0.97607421875,0,0.01220703125
CHNCXR_0454_1,Shenzhen,1,4,all_lossy,30,1.0,0.98828125,0.99267578125,0,0.00439453125
CHNCXR_0454_1,Shenzhen,1,4,lungs_lossy,50,0.3245889501633986,0.98828125,0.9931640625,0,0.0048828125
CHNCXR_0454_1,Shenzhen,1,4,background_lossy,50,0.6754110498366013,0.98828125,0.9853515625,0,0.0029296875
CHNCXR_0454_1,Shenzhen,1,4,all_lossy,50,1.0,0.98828125,0.9912109375,0,0.0029296875
CHNCXR_0454_1,Shenzhen,1,4,lungs_lossy,70,0.3245889501633986,0.98828125,0.98974609375,0,0.00146484375
CHNCXR_0454_1,Shenzhen,1,4,background_lossy,70,0.6754110498366013,0.98828125,0.98779296875,0,0.00048828125
CHNCXR_0454_1,Shenzhen,1,4,all_lossy,70,1.0,0.98828125,0.98828125,0,0.0
CHNCXR_0455_1,Shenzhen,1,2,lungs_lossy,10,0.1311900221456693,1.0,0.99951171875,0,0.00048828125
CHNCXR_0455_1,Shenzhen,1,2,background_lossy,10,0.8688099778543307,1.0,1.0,0,0.0
CHNCXR_0455_1,Shenzhen,1,2,all_lossy,10,1.0,1.0,0.998046875,0,0.001953125
CHNCXR_0455_1,Shenzhen,1,2,lungs_lossy,30,0.1311900221456693,1.0,1.0,0,0.0
CHNCXR_0455_1,Shenzhen,1,2,background_lossy,30,0.8688099778543307,1.0,1.0,0,0.0
CHNCXR_0455_1,Shenzhen,1,2,all_lossy,30,1.0,1.0,1.0,0,0.0
CHNCXR_0455_1,Shenzhen,1,2,lungs_lossy,50,0.1311900221456693,1.0,1.0,0,0.0
CHNCXR_0455_1,Shenzhen,1,2,background_lossy,50,0.8688099778543307,1.0,1.0,0,0.0
CHNCXR_0455_1,Shenzhen,1,2,all_lossy,50,1.0,1.0,1.0,0,0.0
CHNCXR_0455_1,Shenzhen,1,2,lungs_lossy,70,0.1311900221456693,1.0,1.0,0,0.0
CHNCXR_0455_1,Shenzhen,1,2,background_lossy,70,0.8688099778543307,1.0,1.0,0,0.0
CHNCXR_0455_1,Shenzhen,1,2,all_lossy,70,1.0,1.0,1.0,0,0.0
CHNCXR_0456_1,Shenzhen,1,3,lungs_lossy,10,0.3503774114693446,0.038238525390625,0.0114669799804687,0,0.0267715454101563
CHNCXR_0456_1,Shenzhen,1,3,background_lossy,10,0.6496225885306555,0.038238525390625,0.0229339599609375,0,0.0153045654296875
CHNCXR_0456_1,Shenzhen,1,3,all_lossy,10,1.0,0.038238525390625,0.0394287109375,0,0.001190185546875
CHNCXR_0456_1,Shenzhen,1,3,lungs_lossy,30,0.3503774114693446,0.038238525390625,0.054901123046875,0,0.01666259765625
CHNCXR_0456_1,Shenzhen,1,3,background_lossy,30,0.6496225885306555,0.038238525390625,0.03521728515625,0,0.003021240234375
CHNCXR_0456_1,Shenzhen,1,3,all_lossy,30,1.0,0.038238525390625,0.09844970703125,0,0.060211181640625
CHNCXR_0456_1,Shenzhen,1,3,lungs_lossy,50,0.3503774114693446,0.038238525390625,0.036346435546875,0,0.00189208984375
CHNCXR_0456_1,Shenzhen,1,3,background_lossy,50,0.6496225885306555,0.038238525390625,0.0153656005859375,0,0.0228729248046875
CHNCXR_0456_1,Shenzhen,1,3,all_lossy,50,1.0,0.038238525390625,0.0177764892578125,0,0.0204620361328125
CHNCXR_0456_1,Shenzhen,1,3,lungs_lossy,70,0.3503774114693446,0.038238525390625,0.0225830078125,0,0.015655517578125
CHNCXR_0456_1,Shenzhen,1,3,background_lossy,70,0.6496225885306555,0.038238525390625,0.0457763671875,0,0.007537841796875
CHNCXR_0456_1,Shenzhen,1,3,all_lossy,70,1.0,0.038238525390625,0.02838134765625,0,0.009857177734375
CHNCXR_0457_1,Shenzhen,1,4,lungs_lossy,10,0.3282563025210084,0.96923828125,0.9921875,0,0.02294921875
CHNCXR_0457_1,Shenzhen,1,4,background_lossy,10,0.6717436974789917,0.96923828125,0.8642578125,0,0.10498046875
CHNCXR_0457_1,Shenzhen,1,4,all_lossy,10,1.0,0.96923828125,0.93798828125,0,0.03125
CHNCXR_0457_1,Shenzhen,1,4,lungs_lossy,30,0.3282563025210084,0.96923828125,0.99267578125,0,0.0234375
CHNCXR_0457_1,Shenzhen,1,4,background_lossy,30,0.6717436974789917,0.96923828125,0.92919921875,0,0.0400390625
CHNCXR_0457_1,Shenzhen,1,4,all_lossy,30,1.0,0.96923828125,0.98291015625,0,0.013671875
CHNCXR_0457_1,Shenzhen,1,4,lungs_lossy,50,0.3282563025210084,0.96923828125,0.98291015625,0,0.013671875
CHNCXR_0457_1,Shenzhen,1,4,background_lossy,50,0.6717436974789917,0.96923828125,0.9697265625,0,0.00048828125
CHNCXR_0457_1,Shenzhen,1,4,all_lossy,50,1.0,0.96923828125,0.98095703125,0,0.01171875
CHNCXR_0457_1,Shenzhen,1,4,lungs_lossy,70,0.3282563025210084,0.96923828125,0.97412109375,0,0.0048828125
CHNCXR_0457_1,Shenzhen,1,4,background_lossy,70,0.6717436974789917,0.96923828125,0.9677734375,0,0.00146484375
CHNCXR_0457_1,Shenzhen,1,4,all_lossy,70,1.0,0.96923828125,0.97314453125,0,0.00390625
CHNCXR_0458_1,Shenzhen,1,1,lungs_lossy,10,0.3254728618421053,0.9912109375,0.994140625,0,0.0029296875
CHNCXR_0458_1,Shenzhen,1,1,background_lossy,10,0.6745271381578948,0.9912109375,0.986328125,0,0.0048828125
CHNCXR_0458_1,Shenzhen,1,1,all_lossy,10,1.0,0.9912109375,0.99609375,0,0.0048828125
CHNCXR_0458_1,Shenzhen,1,1,lungs_lossy,30,0.3254728618421053,0.9912109375,0.998046875,0,0.0068359375
CHNCXR_0458_1,Shenzhen,1,1,background_lossy,30,0.6745271381578948,0.9912109375,0.9892578125,0,0.001953125
CHNCXR_0458_1,Shenzhen,1,1,all_lossy,30,1.0,0.9912109375,0.99609375,0,0.0048828125
CHNCXR_0458_1,Shenzhen,1,1,lungs_lossy,50,0.3254728618421053,0.9912109375,0.9921875,0,0.0009765625
CHNCXR_0458_1,Shenzhen,1,1,background_lossy,50,0.6745271381578948,0.9912109375,0.9912109375,0,0.0
CHNCXR_0458_1,Shenzhen,1,1,all_lossy,50,1.0,0.9912109375,0.99267578125,0,0.00146484375
CHNCXR_0458_1,Shenzhen,1,1,lungs_lossy,70,0.3254728618421053,0.9912109375,0.98974609375,0,0.00146484375
CHNCXR_0458_1,Shenzhen,1,1,background_lossy,70,0.6745271381578948,0.9912109375,0.99169921875,0,0.00048828125
CHNCXR_0458_1,Shenzhen,1,1,all_lossy,70,1.0,0.9912109375,0.990234375,0,0.0009765625
CHNCXR_0459_1,Shenzhen,1,1,lungs_lossy,10,0.2793559229651163,0.84716796875,0.99560546875,0,0.1484375
CHNCXR_0459_1,Shenzhen,1,1,background_lossy,10,0.7206440770348836,0.84716796875,0.97705078125,0,0.1298828125
CHNCXR_0459_1,Shenzhen,1,1,all_lossy,10,1.0,0.84716796875,0.9990234375,0,0.15185546875
CHNCXR_0459_1,Shenzhen,1,1,lungs_lossy,30,0.2793559229651163,0.84716796875,0.9853515625,0,0.13818359375
CHNCXR_0459_1,Shenzhen,1,1,background_lossy,30,0.7206440770348836,0.84716796875,0.916015625,0,0.06884765625
CHNCXR_0459_1,Shenzhen,1,1,all_lossy,30,1.0,0.84716796875,0.9833984375,0,0.13623046875
CHNCXR_0459_1,Shenzhen,1,1,lungs_lossy,50,0.2793559229651163,0.84716796875,0.92431640625,0,0.0771484375
CHNCXR_0459_1,Shenzhen,1,1,background_lossy,50,0.7206440770348836,0.84716796875,0.78564453125,0,0.0615234375
CHNCXR_0459_1,Shenzhen,1,1,all_lossy,50,1.0,0.84716796875,0.87841796875,0,0.03125
CHNCXR_0459_1,Shenzhen,1,1,lungs_lossy,70,0.2793559229651163,0.84716796875,0.787109375,0,0.06005859375
CHNCXR_0459_1,Shenzhen,1,1,background_lossy,70,0.7206440770348836,0.84716796875,0.85693359375,0,0.009765625
CHNCXR_0459_1,Shenzhen,1,1,all_lossy,70,1.0,0.84716796875,0.806640625,0,0.04052734375
CHNCXR_0460_1,Shenzhen,1,0,lungs_lossy,10,0.3000281894329897,0.99951171875,1.0,0,0.00048828125
CHNCXR_0460_1,Shenzhen,1,0,background_lossy,10,0.6999718105670103,0.99951171875,0.998046875,0,0.00146484375
CHNCXR_0460_1,Shenzhen,1,0,all_lossy,10,1.0,0.99951171875,1.0,0,0.00048828125
CHNCXR_0460_1,Shenzhen,1,0,lungs_lossy,30,0.3000281894329897,0.99951171875,1.0,0,0.00048828125
CHNCXR_0460_1,Shenzhen,1,0,background_lossy,30,0.6999718105670103,0.99951171875,0.99853515625,0,0.0009765625
CHNCXR_0460_1,Shenzhen,1,0,all_lossy,30,1.0,0.99951171875,0.99951171875,0,0.0
CHNCXR_0460_1,Shenzhen,1,0,lungs_lossy,50,0.3000281894329897,0.99951171875,0.99951171875,0,0.0
CHNCXR_0460_1,Shenzhen,1,0,background_lossy,50,0.6999718105670103,0.99951171875,0.99951171875,0,0.0
CHNCXR_0460_1,Shenzhen,1,0,all_lossy,50,1.0,0.99951171875,0.99951171875,0,0.0
CHNCXR_0460_1,Shenzhen,1,0,lungs_lossy,70,0.3000281894329897,0.99951171875,0.99951171875,0,0.0
CHNCXR_0460_1,Shenzhen,1,0,background_lossy,70,0.6999718105670103,0.99951171875,0.99951171875,0,0.0
CHNCXR_0460_1,Shenzhen,1,0,all_lossy,70,1.0,0.99951171875,0.9990234375,0,0.00048828125
CHNCXR_0461_1,Shenzhen,1,3,lungs_lossy,10,0.264644546812749,0.0089874267578125,0.0310211181640625,0,0.02203369140625
CHNCXR_0461_1,Shenzhen,1,3,background_lossy,10,0.735355453187251,0.0089874267578125,0.0040245056152343,0,0.0049629211425782
CHNCXR_0461_1,Shenzhen,1,3,all_lossy,10,1.0,0.0089874267578125,0.0413818359375,0,0.0323944091796875
CHNCXR_0461_1,Shenzhen,1,3,lungs_lossy,30,0.264644546812749,0.0089874267578125,0.0046463012695312,0,0.0043411254882813
CHNCXR_0461_1,Shenzhen,1,3,background_lossy,30,0.735355453187251,0.0089874267578125,0.0023975372314453,0,0.0065898895263672
CHNCXR_0461_1,Shenzhen,1,3,all_lossy,30,1.0,0.0089874267578125,0.0014553070068359,0,0.0075321197509766
CHNCXR_0461_1,Shenzhen,1,3,lungs_lossy,50,0.264644546812749,0.0089874267578125,0.0050621032714843,0,0.0039253234863282
CHNCXR_0461_1,Shenzhen,1,3,background_lossy,50,0.735355453187251,0.0089874267578125,0.0039291381835937,0,0.0050582885742188
CHNCXR_0461_1,Shenzhen,1,3,all_lossy,50,1.0,0.0089874267578125,0.0024528503417968,0,0.0065345764160157
CHNCXR_0461_1,Shenzhen,1,3,lungs_lossy,70,0.264644546812749,0.0089874267578125,0.0084152221679687,0,0.0005722045898438003
CHNCXR_0461_1,Shenzhen,1,3,background_lossy,70,0.735355453187251,0.0089874267578125,0.0054702758789062,0,0.0035171508789063003
CHNCXR_0461_1,Shenzhen,1,3,all_lossy,70,1.0,0.0089874267578125,0.0053215026855468,0,0.0036659240722656996
CHNCXR_0462_1,Shenzhen,1,0,lungs_lossy,10,0.356148097826087,0.99853515625,1.0,0,0.00146484375
CHNCXR_0462_1,Shenzhen,1,0,background_lossy,10,0.6438519021739131,0.99853515625,0.9912109375,0,0.00732421875
CHNCXR_0462_1,Shenzhen,1,0,all_lossy,10,1.0,0.99853515625,1.0,0,0.00146484375
CHNCXR_0462_1,Shenzhen,1,0,lungs_lossy,30,0.356148097826087,0.99853515625,1.0,0,0.00146484375
CHNCXR_0462_1,Shenzhen,1,0,background_lossy,30,0.6438519021739131,0.99853515625,0.99658203125,0,0.001953125
CHNCXR_0462_1,Shenzhen,1,0,all_lossy,30,1.0,0.99853515625,1.0,0,0.00146484375
CHNCXR_0462_1,Shenzhen,1,0,lungs_lossy,50,0.356148097826087,0.99853515625,0.99951171875,0,0.0009765625
CHNCXR_0462_1,Shenzhen,1,0,background_lossy,50,0.6438519021739131,0.99853515625,0.998046875,0,0.00048828125
CHNCXR_0462_1,Shenzhen,1,0,all_lossy,50,1.0,0.99853515625,0.9990234375,0,0.00048828125
CHNCXR_0462_1,Shenzhen,1,0,lungs_lossy,70,0.356148097826087,0.99853515625,0.99853515625,0,0.0
CHNCXR_0462_1,Shenzhen,1,0,background_lossy,70,0.6438519021739131,0.99853515625,0.99853515625,0,0.0
CHNCXR_0462_1,Shenzhen,1,0,all_lossy,70,1.0,0.99853515625,0.99853515625,0,0.0
CHNCXR_0463_1,Shenzhen,1,0,lungs_lossy,10,0.2767820105088495,0.9658203125,1.0,0,0.0341796875
CHNCXR_0463_1,Shenzhen,1,0,background_lossy,10,0.7232179894911505,0.9658203125,0.86083984375,0,0.10498046875
CHNCXR_0463_1,Shenzhen,1,0,all_lossy,10,1.0,0.9658203125,1.0,0,0.0341796875
CHNCXR_0463_1,Shenzhen,1,0,lungs_lossy,30,0.2767820105088495,0.9658203125,0.990234375,0,0.0244140625
CHNCXR_0463_1,Shenzhen,1,0,background_lossy,30,0.7232179894911505,0.9658203125,0.9150390625,0,0.05078125
CHNCXR_0463_1,Shenzhen,1,0,all_lossy,30,1.0,0.9658203125,0.96484375,0,0.0009765625
CHNCXR_0463_1,Shenzhen,1,0,lungs_lossy,50,0.2767820105088495,0.9658203125,0.9853515625,0,0.01953125
CHNCXR_0463_1,Shenzhen,1,0,background_lossy,50,0.7232179894911505,0.9658203125,0.8935546875,0,0.072265625
CHNCXR_0463_1,Shenzhen,1,0,all_lossy,50,1.0,0.9658203125,0.95361328125,0,0.01220703125
CHNCXR_0463_1,Shenzhen,1,0,lungs_lossy,70,0.2767820105088495,0.9658203125,0.9765625,0,0.0107421875
CHNCXR_0463_1,Shenzhen,1,0,background_lossy,70,0.7232179894911505,0.9658203125,0.95458984375,0,0.01123046875
CHNCXR_0463_1,Shenzhen,1,0,all_lossy,70,1.0,0.9658203125,0.966796875,0,0.0009765625
CHNCXR_0464_1,Shenzhen,1,3,lungs_lossy,10,0.2104889744258872,0.7724609375,0.826171875,0,0.0537109375
CHNCXR_0464_1,Shenzhen,1,3,background_lossy,10,0.7895110255741127,0.7724609375,0.278076171875,1,0.494384765625
CHNCXR_0464_1,Shenzhen,1,3,all_lossy,10,1.0,0.7724609375,0.5078125,0,0.2646484375
CHNCXR_0464_1,Shenzhen,1,3,lungs_lossy,30,0.2104889744258872,0.7724609375,0.95556640625,0,0.18310546875
CHNCXR_0464_1,Shenzhen,1,3,background_lossy,30,0.7895110255741127,0.7724609375,0.263671875,1,0.5087890625
CHNCXR_0464_1,Shenzhen,1,3,all_lossy,30,1.0,0.7724609375,0.552734375,0,0.2197265625
CHNCXR_0464_1,Shenzhen,1,3,lungs_lossy,50,0.2104889744258872,0.7724609375,0.80712890625,0,0.03466796875
CHNCXR_0464_1,Shenzhen,1,3,background_lossy,50,0.7895110255741127,0.7724609375,0.36865234375,1,0.40380859375
CHNCXR_0464_1,Shenzhen,1,3,all_lossy,50,1.0,0.7724609375,0.43359375,1,0.3388671875
CHNCXR_0464_1,Shenzhen,1,3,lungs_lossy,70,0.2104889744258872,0.7724609375,0.7392578125,0,0.033203125
CHNCXR_0464_1,Shenzhen,1,3,background_lossy,70,0.7895110255741127,0.7724609375,0.689453125,0,0.0830078125
CHNCXR_0464_1,Shenzhen,1,3,all_lossy,70,1.0,0.7724609375,0.64599609375,0,0.12646484375
CHNCXR_0465_1,Shenzhen,1,3,lungs_lossy,10,0.2658760040160642,0.671875,0.97265625,0,0.30078125
CHNCXR_0465_1,Shenzhen,1,3,background_lossy,10,0.7341239959839357,0.671875,0.42919921875,1,0.24267578125
CHNCXR_0465_1,Shenzhen,1,3,all_lossy,10,1.0,0.671875,0.8994140625,0,0.2275390625
CHNCXR_0465_1,Shenzhen,1,3,lungs_lossy,30,0.2658760040160642,0.671875,0.90380859375,0,0.23193359375
CHNCXR_0465_1,Shenzhen,1,3,background_lossy,30,0.7341239959839357,0.671875,0.420654296875,1,0.251220703125
CHNCXR_0465_1,Shenzhen,1,3,all_lossy,30,1.0,0.671875,0.66796875,0,0.00390625
CHNCXR_0465_1,Shenzhen,1,3,lungs_lossy,50,0.2658760040160642,0.671875,0.71728515625,0,0.04541015625
CHNCXR_0465_1,Shenzhen,1,3,background_lossy,50,0.7341239959839357,0.671875,0.5771484375,0,0.0947265625
CHNCXR_0465_1,Shenzhen,1,3,all_lossy,50,1.0,0.671875,0.6044921875,0,0.0673828125
CHNCXR_0465_1,Shenzhen,1,3,lungs_lossy,70,0.2658760040160642,0.671875,0.7041015625,0,0.0322265625
CHNCXR_0465_1,Shenzhen,1,3,background_lossy,70,0.7341239959839357,0.671875,0.64892578125,0,0.02294921875
CHNCXR_0465_1,Shenzhen,1,3,all_lossy,70,1.0,0.671875,0.68408203125,0,0.01220703125
CHNCXR_0466_1,Shenzhen,1,0,lungs_lossy,10,0.3597237723214285,1.0,1.0,0,0.0
CHNCXR_0466_1,Shenzhen,1,0,background_lossy,10,0.6402762276785714,1.0,0.9990234375,0,0.0009765625
CHNCXR_0466_1,Shenzhen,1,0,all_lossy,10,1.0,1.0,1.0,0,0.0
CHNCXR_0466_1,Shenzhen,1,0,lungs_lossy,30,0.3597237723214285,1.0,1.0,0,0.0
CHNCXR_0466_1,Shenzhen,1,0,background_lossy,30,0.6402762276785714,1.0,0.99951171875,0,0.00048828125
CHNCXR_0466_1,Shenzhen,1,0,all_lossy,30,1.0,1.0,0.99951171875,0,0.00048828125
CHNCXR_0466_1,Shenzhen,1,0,lungs_lossy,50,0.3597237723214285,1.0,1.0,0,0.0
CHNCXR_0466_1,Shenzhen,1,0,background_lossy,50,0.6402762276785714,1.0,0.99951171875,0,0.00048828125
CHNCXR_0466_1,Shenzhen,1,0,all_lossy,50,1.0,1.0,0.99951171875,0,0.00048828125
CHNCXR_0466_1,Shenzhen,1,0,lungs_lossy,70,0.3597237723214285,1.0,1.0,0,0.0
CHNCXR_0466_1,Shenzhen,1,0,background_lossy,70,0.6402762276785714,1.0,1.0,0,0.0
CHNCXR_0466_1,Shenzhen,1,0,all_lossy,70,1.0,1.0,1.0,0,0.0
CHNCXR_0467_1,Shenzhen,1,3,lungs_lossy,10,0.3157148783185841,0.91064453125,0.87890625,0,0.03173828125
CHNCXR_0467_1,Shenzhen,1,3,background_lossy,10,0.6842851216814159,0.91064453125,0.79296875,0,0.11767578125
CHNCXR_0467_1,Shenzhen,1,3,all_lossy,10,1.0,0.91064453125,0.6875,0,0.22314453125
CHNCXR_0467_1,Shenzhen,1,3,lungs_lossy,30,0.3157148783185841,0.91064453125,0.9189453125,0,0.00830078125
CHNCXR_0467_1,Shenzhen,1,3,background_lossy,30,0.6842851216814159,0.91064453125,0.87158203125,0,0.0390625
CHNCXR_0467_1,Shenzhen,1,3,all_lossy,30,1.0,0.91064453125,0.8603515625,0,0.05029296875
CHNCXR_0467_1,Shenzhen,1,3,lungs_lossy,50,0.3157148783185841,0.91064453125,0.89990234375,0,0.0107421875
CHNCXR_0467_1,Shenzhen,1,3,background_lossy,50,0.6842851216814159,0.91064453125,0.88916015625,0,0.021484375
CHNCXR_0467_1,Shenzhen,1,3,all_lossy,50,1.0,0.91064453125,0.88037109375,0,0.0302734375
CHNCXR_0467_1,Shenzhen,1,3,lungs_lossy,70,0.3157148783185841,0.91064453125,0.890625,0,0.02001953125
CHNCXR_0467_1,Shenzhen,1,3,background_lossy,70,0.6842851216814159,0.91064453125,0.91015625,0,0.00048828125
CHNCXR_0467_1,Shenzhen,1,3,all_lossy,70,1.0,0.91064453125,0.8916015625,0,0.01904296875
CHNCXR_0468_1,Shenzhen,1,1,lungs_lossy,10,0.3499201948924731,1.0,1.0,0,0.0
CHNCXR_0468_1,Shenzhen,1,1,background_lossy,10,0.6500798051075269,1.0,1.0,0,0.0
CHNCXR_0468_1,Shenzhen,1,1,all_lossy,10,1.0,1.0,1.0,0,0.0
CHNCXR_0468_1,Shenzhen,1,1,lungs_lossy,30,0.3499201948924731,1.0,1.0,0,0.0
CHNCXR_0468_1,Shenzhen,1,1,background_lossy,30,0.6500798051075269,1.0,1.0,0,0.0
CHNCXR_0468_1,Shenzhen,1,1,all_lossy,30,1.0,1.0,1.0,0,0.0
CHNCXR_0468_1,Shenzhen,1,1,lungs_lossy,50,0.3499201948924731,1.0,1.0,0,0.0
CHNCXR_0468_1,Shenzhen,1,1,background_lossy,50,0.6500798051075269,1.0,1.0,0,0.0
CHNCXR_0468_1,Shenzhen,1,1,all_lossy,50,1.0,1.0,1.0,0,0.0
CHNCXR_0468_1,Shenzhen,1,1,lungs_lossy,70,0.3499201948924731,1.0,1.0,0,0.0
CHNCXR_0468_1,Shenzhen,1,1,background_lossy,70,0.6500798051075269,1.0,1.0,0,0.0
CHNCXR_0468_1,Shenzhen,1,1,all_lossy,70,1.0,1.0,1.0,0,0.0
CHNCXR_0469_1,Shenzhen,1,3,lungs_lossy,10,0.3548238940023753,0.98388671875,0.962890625,0,0.02099609375
CHNCXR_0469_1,Shenzhen,1,3,background_lossy,10,0.6451761059976246,0.98388671875,0.98291015625,0,0.0009765625
CHNCXR_0469_1,Shenzhen,1,3,all_lossy,10,1.0,0.98388671875,0.94775390625,0,0.0361328125
CHNCXR_0469_1,Shenzhen,1,3,lungs_lossy,30,0.3548238940023753,0.98388671875,0.98388671875,0,0.0
CHNCXR_0469_1,Shenzhen,1,3,background_lossy,30,0.6451761059976246,0.98388671875,0.95947265625,0,0.0244140625
CHNCXR_0469_1,Shenzhen,1,3,all_lossy,30,1.0,0.98388671875,0.96240234375,0,0.021484375
CHNCXR_0469_1,Shenzhen,1,3,lungs_lossy,50,0.3548238940023753,0.98388671875,0.98828125,0,0.00439453125
CHNCXR_0469_1,Shenzhen,1,3,background_lossy,50,0.6451761059976246,0.98388671875,0.97705078125,0,0.0068359375
CHNCXR_0469_1,Shenzhen,1,3,all_lossy,50,1.0,0.98388671875,0.98291015625,0,0.0009765625
CHNCXR_0469_1,Shenzhen,1,3,lungs_lossy,70,0.3548238940023753,0.98388671875,0.98486328125,0,0.0009765625
CHNCXR_0469_1,Shenzhen,1,3,background_lossy,70,0.6451761059976246,0.98388671875,0.982421875,0,0.00146484375
CHNCXR_0469_1,Shenzhen,1,3,all_lossy,70,1.0,0.98388671875,0.982421875,0,0.00146484375
CHNCXR_0470_1,Shenzhen,1,0,lungs_lossy,10,0.356057934976247,0.96630859375,0.99951171875,0,0.033203125
CHNCXR_0470_1,Shenzhen,1,0,background_lossy,10,0.643942065023753,0.96630859375,0.86083984375,0,0.10546875
CHNCXR_0470_1,Shenzhen,1,0,all_lossy,10,1.0,0.96630859375,0.99951171875,0,0.033203125
CHNCXR_0470_1,Shenzhen,1,0,lungs_lossy,30,0.356057934976247,0.96630859375,0.99755859375,0,0.03125
CHNCXR_0470_1,Shenzhen,1,0,background_lossy,30,0.643942065023753,0.96630859375,0.8955078125,0,0.07080078125
CHNCXR_0470_1,Shenzhen,1,0,all_lossy,30,1.0,0.96630859375,0.99365234375,0,0.02734375
CHNCXR_0470_1,Shenzhen,1,0,lungs_lossy,50,0.356057934976247,0.96630859375,0.96630859375,0,0.0
CHNCXR_0470_1,Shenzhen,1,0,background_lossy,50,0.643942065023753,0.96630859375,0.9404296875,0,0.02587890625
CHNCXR_0470_1,Shenzhen,1,0,all_lossy,50,1.0,0.96630859375,0.9384765625,0,0.02783203125
CHNCXR_0470_1,Shenzhen,1,0,lungs_lossy,70,0.356057934976247,0.96630859375,0.97216796875,0,0.005859375
CHNCXR_0470_1,Shenzhen,1,0,background_lossy,70,0.643942065023753,0.96630859375,0.95556640625,0,0.0107421875
CHNCXR_0470_1,Shenzhen,1,0,all_lossy,70,1.0,0.96630859375,0.96435546875,0,0.001953125
CHNCXR_0471_1,Shenzhen,1,2,lungs_lossy,10,0.2473122536599099,0.99951171875,1.0,0,0.00048828125
CHNCXR_0471_1,Shenzhen,1,2,background_lossy,10,0.7526877463400901,0.99951171875,0.99951171875,0,0.0
CHNCXR_0471_1,Shenzhen,1,2,all_lossy,10,1.0,0.99951171875,1.0,0,0.00048828125
CHNCXR_0471_1,Shenzhen,1,2,lungs_lossy,30,0.2473122536599099,0.99951171875,1.0,0,0.00048828125
CHNCXR_0471_1,Shenzhen,1,2,background_lossy,30,0.7526877463400901,0.99951171875,0.99951171875,0,0.0
CHNCXR_0471_1,Shenzhen,1,2,all_lossy,30,1.0,0.99951171875,1.0,0,0.00048828125
CHNCXR_0471_1,Shenzhen,1,2,lungs_lossy,50,0.2473122536599099,0.99951171875,1.0,0,0.00048828125
CHNCXR_0471_1,Shenzhen,1,2,background_lossy,50,0.7526877463400901,0.99951171875,0.99951171875,0,0.0
CHNCXR_0471_1,Shenzhen,1,2,all_lossy,50,1.0,0.99951171875,1.0,0,0.00048828125
CHNCXR_0471_1,Shenzhen,1,2,lungs_lossy,70,0.2473122536599099,0.99951171875,0.99951171875,0,0.0
CHNCXR_0471_1,Shenzhen,1,2,background_lossy,70,0.7526877463400901,0.99951171875,1.0,0,0.00048828125
CHNCXR_0471_1,Shenzhen,1,2,all_lossy,70,1.0,0.99951171875,1.0,0,0.00048828125
CHNCXR_0472_1,Shenzhen,1,0,lungs_lossy,10,0.3241755392699115,0.25927734375,0.99951171875,1,0.740234375
CHNCXR_0472_1,Shenzhen,1,0,background_lossy,10,0.6758244607300885,0.25927734375,0.0287628173828125,0,0.2305145263671875
CHNCXR_0472_1,Shenzhen,1,0,all_lossy,10,1.0,0.25927734375,0.9970703125,1,0.73779296875
CHNCXR_0472_1,Shenzhen,1,0,lungs_lossy,30,0.3241755392699115,0.25927734375,0.912109375,1,0.65283203125
CHNCXR_0472_1,Shenzhen,1,0,background_lossy,30,0.6758244607300885,0.25927734375,0.050048828125,0,0.209228515625
CHNCXR_0472_1,Shenzhen,1,0,all_lossy,30,1.0,0.25927734375,0.79638671875,1,0.537109375
CHNCXR_0472_1,Shenzhen,1,0,lungs_lossy,50,0.3241755392699115,0.25927734375,0.609375,1,0.35009765625
CHNCXR_0472_1,Shenzhen,1,0,background_lossy,50,0.6758244607300885,0.25927734375,0.1829833984375,0,0.0762939453125
CHNCXR_0472_1,Shenzhen,1,0,all_lossy,50,1.0,0.25927734375,0.517578125,1,0.25830078125
CHNCXR_0472_1,Shenzhen,1,0,lungs_lossy,70,0.3241755392699115,0.25927734375,0.261474609375,0,0.002197265625
CHNCXR_0472_1,Shenzhen,1,0,background_lossy,70,0.6758244607300885,0.25927734375,0.275634765625,0,0.016357421875
CHNCXR_0472_1,Shenzhen,1,0,all_lossy,70,1.0,0.25927734375,0.28076171875,0,0.021484375
CHNCXR_0473_1,Shenzhen,1,0,lungs_lossy,10,0.2869099069148936,0.99951171875,1.0,0,0.00048828125
CHNCXR_0473_1,Shenzhen,1,0,background_lossy,10,0.7130900930851064,0.99951171875,0.99609375,0,0.00341796875
CHNCXR_0473_1,Shenzhen,1,0,all_lossy,10,1.0,0.99951171875,1.0,0,0.00048828125
CHNCXR_0473_1,Shenzhen,1,0,lungs_lossy,30,0.2869099069148936,0.99951171875,1.0,0,0.00048828125
CHNCXR_0473_1,Shenzhen,1,0,background_lossy,30,0.7130900930851064,0.99951171875,0.99755859375,0,0.001953125
CHNCXR_0473_1,Shenzhen,1,0,all_lossy,30,1.0,0.99951171875,1.0,0,0.00048828125
CHNCXR_0473_1,Shenzhen,1,0,lungs_lossy,50,0.2869099069148936,0.99951171875,1.0,0,0.00048828125
CHNCXR_0473_1,Shenzhen,1,0,background_lossy,50,0.7130900930851064,0.99951171875,0.9990234375,0,0.00048828125
CHNCXR_0473_1,Shenzhen,1,0,all_lossy,50,1.0,0.99951171875,0.99951171875,0,0.0
CHNCXR_0473_1,Shenzhen,1,0,lungs_lossy,70,0.2869099069148936,0.99951171875,0.9990234375,0,0.00048828125
CHNCXR_0473_1,Shenzhen,1,0,background_lossy,70,0.7130900930851064,0.99951171875,0.99951171875,0,0.0
CHNCXR_0473_1,Shenzhen,1,0,all_lossy,70,1.0,0.99951171875,0.9990234375,0,0.00048828125
CHNCXR_0474_1,Shenzhen,1,4,lungs_lossy,10,0.2425711495535714,0.95947265625,0.99267578125,0,0.033203125
CHNCXR_0474_1,Shenzhen,1,4,background_lossy,10,0.7574288504464286,0.95947265625,0.89111328125,0,0.068359375
CHNCXR_0474_1,Shenzhen,1,4,all_lossy,10,1.0,0.95947265625,0.88330078125,0,0.076171875
CHNCXR_0474_1,Shenzhen,1,4,lungs_lossy,30,0.2425711495535714,0.95947265625,0.99072265625,0,0.03125
CHNCXR_0474_1,Shenzhen,1,4,background_lossy,30,0.7574288504464286,0.95947265625,0.95166015625,0,0.0078125
CHNCXR_0474_1,Shenzhen,1,4,all_lossy,30,1.0,0.95947265625,0.98291015625,0,0.0234375
CHNCXR_0474_1,Shenzhen,1,4,lungs_lossy,50,0.2425711495535714,0.95947265625,0.97998046875,0,0.0205078125
CHNCXR_0474_1,Shenzhen,1,4,background_lossy,50,0.7574288504464286,0.95947265625,0.95361328125,0,0.005859375
CHNCXR_0474_1,Shenzhen,1,4,all_lossy,50,1.0,0.95947265625,0.9765625,0,0.01708984375
CHNCXR_0474_1,Shenzhen,1,4,lungs_lossy,70,0.2425711495535714,0.95947265625,0.9609375,0,0.00146484375
CHNCXR_0474_1,Shenzhen,1,4,background_lossy,70,0.7574288504464286,0.95947265625,0.95166015625,0,0.0078125
CHNCXR_0474_1,Shenzhen,1,4,all_lossy,70,1.0,0.95947265625,0.953125,0,0.00634765625
CHNCXR_0475_1,Shenzhen,1,2,lungs_lossy,10,0.2712576729910714,1.0,1.0,0,0.0
CHNCXR_0475_1,Shenzhen,1,2,background_lossy,10,0.7287423270089286,1.0,1.0,0,0.0
CHNCXR_0475_1,Shenzhen,1,2,all_lossy,10,1.0,1.0,1.0,0,0.0
CHNCXR_0475_1,Shenzhen,1,2,lungs_lossy,30,0.2712576729910714,1.0,1.0,0,0.0
CHNCXR_0475_1,Shenzhen,1,2,background_lossy,30,0.7287423270089286,1.0,1.0,0,0.0
CHNCXR_0475_1,Shenzhen,1,2,all_lossy,30,1.0,1.0,1.0,0,0.0
CHNCXR_0475_1,Shenzhen,1,2,lungs_lossy,50,0.2712576729910714,1.0,1.0,0,0.0
CHNCXR_0475_1,Shenzhen,1,2,background_lossy,50,0.7287423270089286,1.0,1.0,0,0.0
CHNCXR_0475_1,Shenzhen,1,2,all_lossy,50,1.0,1.0,1.0,0,0.0
CHNCXR_0475_1,Shenzhen,1,2,lungs_lossy,70,0.2712576729910714,1.0,1.0,0,0.0
CHNCXR_0475_1,Shenzhen,1,2,background_lossy,70,0.7287423270089286,1.0,1.0,0,0.0
CHNCXR_0475_1,Shenzhen,1,2,all_lossy,70,1.0,1.0,1.0,0,0.0
CHNCXR_0476_1,Shenzhen,1,3,lungs_lossy,10,0.3504506561147186,0.496337890625,0.958984375,1,0.462646484375
CHNCXR_0476_1,Shenzhen,1,3,background_lossy,10,0.6495493438852814,0.496337890625,0.18701171875,0,0.309326171875
CHNCXR_0476_1,Shenzhen,1,3,all_lossy,10,1.0,0.496337890625,0.82177734375,1,0.325439453125
CHNCXR_0476_1,Shenzhen,1,3,lungs_lossy,30,0.3504506561147186,0.496337890625,0.7138671875,1,0.217529296875
CHNCXR_0476_1,Shenzhen,1,3,background_lossy,30,0.6495493438852814,0.496337890625,0.07861328125,0,0.417724609375
CHNCXR_0476_1,Shenzhen,1,3,all_lossy,30,1.0,0.496337890625,0.2001953125,0,0.296142578125
CHNCXR_0476_1,Shenzhen,1,3,lungs_lossy,50,0.3504506561147186,0.496337890625,0.5546875,1,0.058349609375
CHNCXR_0476_1,Shenzhen,1,3,background_lossy,50,0.6495493438852814,0.496337890625,0.314697265625,0,0.181640625
CHNCXR_0476_1,Shenzhen,1,3,all_lossy,50,1.0,0.496337890625,0.31982421875,0,0.176513671875
CHNCXR_0476_1,Shenzhen,1,3,lungs_lossy,70,0.3504506561147186,0.496337890625,0.5087890625,1,0.012451171875
CHNCXR_0476_1,Shenzhen,1,3,background_lossy,70,0.6495493438852814,0.496337890625,0.450439453125,0,0.0458984375
CHNCXR_0476_1,Shenzhen,1,3,all_lossy,70,1.0,0.496337890625,0.46142578125,0,0.034912109375
CHNCXR_0477_1,Shenzhen,1,4,lungs_lossy,10,0.3318298066143498,0.93408203125,0.9892578125,0,0.05517578125
CHNCXR_0477_1,Shenzhen,1,4,background_lossy,10,0.6681701933856502,0.93408203125,0.8359375,0,0.09814453125
CHNCXR_0477_1,Shenzhen,1,4,all_lossy,10,1.0,0.93408203125,0.94873046875,0,0.0146484375
CHNCXR_0477_1,Shenzhen,1,4,lungs_lossy,30,0.3318298066143498,0.93408203125,0.99365234375,0,0.0595703125
CHNCXR_0477_1,Shenzhen,1,4,background_lossy,30,0.6681701933856502,0.93408203125,0.9111328125,0,0.02294921875
CHNCXR_0477_1,Shenzhen,1,4,all_lossy,30,1.0,0.93408203125,0.9912109375,0,0.05712890625
CHNCXR_0477_1,Shenzhen,1,4,lungs_lossy,50,0.3318298066143498,0.93408203125,0.95751953125,0,0.0234375
CHNCXR_0477_1,Shenzhen,1,4,background_lossy,50,0.6681701933856502,0.93408203125,0.9482421875,0,0.01416015625
CHNCXR_0477_1,Shenzhen,1,4,all_lossy,50,1.0,0.93408203125,0.966796875,0,0.03271484375
CHNCXR_0477_1,Shenzhen,1,4,lungs_lossy,70,0.3318298066143498,0.93408203125,0.9365234375,0,0.00244140625
CHNCXR_0477_1,Shenzhen,1,4,background_lossy,70,0.6681701933856502,0.93408203125,0.9326171875,0,0.00146484375
CHNCXR_0477_1,Shenzhen,1,4,all_lossy,70,1.0,0.93408203125,0.93505859375,0,0.0009765625
CHNCXR_0478_1,Shenzhen,1,1,lungs_lossy,10,0.3290356342299578,0.99951171875,0.9775390625,0,0.02197265625
CHNCXR_0478_1,Shenzhen,1,1,background_lossy,10,0.6709643657700421,0.99951171875,0.998046875,0,0.00146484375
CHNCXR_0478_1,Shenzhen,1,1,all_lossy,10,1.0,0.99951171875,0.84228515625,0,0.1572265625
CHNCXR_0478_1,Shenzhen,1,1,lungs_lossy,30,0.3290356342299578,0.99951171875,1.0,0,0.00048828125
CHNCXR_0478_1,Shenzhen,1,1,background_lossy,30,0.6709643657700421,0.99951171875,0.9990234375,0,0.00048828125
CHNCXR_0478_1,Shenzhen,1,1,all_lossy,30,1.0,0.99951171875,0.9990234375,0,0.00048828125
CHNCXR_0478_1,Shenzhen,1,1,lungs_lossy,50,0.3290356342299578,0.99951171875,0.9990234375,0,0.00048828125
CHNCXR_0478_1,Shenzhen,1,1,background_lossy,50,0.6709643657700421,0.99951171875,0.9990234375,0,0.00048828125
CHNCXR_0478_1,Shenzhen,1,1,all_lossy,50,1.0,0.99951171875,0.99755859375,0,0.001953125
CHNCXR_0478_1,Shenzhen,1,1,lungs_lossy,70,0.3290356342299578,0.99951171875,0.99951171875,0,0.0
CHNCXR_0478_1,Shenzhen,1,1,background_lossy,70,0.6709643657700421,0.99951171875,0.99951171875,0,0.0
CHNCXR_0478_1,Shenzhen,1,1,all_lossy,70,1.0,0.99951171875,0.9990234375,0,0.00048828125
CHNCXR_0479_1,Shenzhen,1,2,lungs_lossy,10,0.3094955119680851,0.9990234375,1.0,0,0.0009765625
CHNCXR_0479_1,Shenzhen,1,2,background_lossy,10,0.6905044880319149,0.9990234375,0.99853515625,0,0.00048828125
CHNCXR_0479_1,Shenzhen,1,2,all_lossy,10,1.0,0.9990234375,0.9990234375,0,0.0
CHNCXR_0479_1,Shenzhen,1,2,lungs_lossy,30,0.3094955119680851,0.9990234375,1.0,0,0.0009765625
CHNCXR_0479_1,Shenzhen,1,2,background_lossy,30,0.6905044880319149,0.9990234375,0.9990234375,0,0.0
CHNCXR_0479_1,Shenzhen,1,2,all_lossy,30,1.0,0.9990234375,0.99951171875,0,0.00048828125
CHNCXR_0479_1,Shenzhen,1,2,lungs_lossy,50,0.3094955119680851,0.9990234375,0.99951171875,0,0.00048828125
CHNCXR_0479_1,Shenzhen,1,2,background_lossy,50,0.6905044880319149,0.9990234375,0.998046875,0,0.0009765625
CHNCXR_0479_1,Shenzhen,1,2,all_lossy,50,1.0,0.9990234375,0.99853515625,0,0.00048828125
CHNCXR_0479_1,Shenzhen,1,2,lungs_lossy,70,0.3094955119680851,0.9990234375,0.99755859375,0,0.00146484375
CHNCXR_0479_1,Shenzhen,1,2,background_lossy,70,0.6905044880319149,0.9990234375,0.9990234375,0,0.0
CHNCXR_0479_1,Shenzhen,1,2,all_lossy,70,1.0,0.9990234375,0.998046875,0,0.0009765625
CHNCXR_0480_1,Shenzhen,1,0,lungs_lossy,10,0.2752834413109756,0.99365234375,0.99853515625,0,0.0048828125
CHNCXR_0480_1,Shenzhen,1,0,background_lossy,10,0.7247165586890244,0.99365234375,0.93896484375,0,0.0546875
CHNCXR_0480_1,Shenzhen,1,0,all_lossy,10,1.0,0.99365234375,0.990234375,0,0.00341796875
CHNCXR_0480_1,Shenzhen,1,0,lungs_lossy,30,0.2752834413109756,0.99365234375,0.9970703125,0,0.00341796875
CHNCXR_0480_1,Shenzhen,1,0,background_lossy,30,0.7247165586890244,0.99365234375,0.93212890625,0,0.0615234375
CHNCXR_0480_1,Shenzhen,1,0,all_lossy,30,1.0,0.99365234375,0.97021484375,0,0.0234375
CHNCXR_0480_1,Shenzhen,1,0,lungs_lossy,50,0.2752834413109756,0.99365234375,0.990234375,0,0.00341796875
CHNCXR_0480_1,Shenzhen,1,0,background_lossy,50,0.7247165586890244,0.99365234375,0.96728515625,0,0.0263671875
CHNCXR_0480_1,Shenzhen,1,0,all_lossy,50,1.0,0.99365234375,0.95849609375,0,0.03515625
CHNCXR_0480_1,Shenzhen,1,0,lungs_lossy,70,0.2752834413109756,0.99365234375,0.98828125,0,0.00537109375
CHNCXR_0480_1,Shenzhen,1,0,background_lossy,70,0.7247165586890244,0.99365234375,0.9912109375,0,0.00244140625
CHNCXR_0480_1,Shenzhen,1,0,all_lossy,70,1.0,0.99365234375,0.984375,0,0.00927734375
CHNCXR_0481_1,Shenzhen,1,4,lungs_lossy,10,0.2323168264442231,0.96484375,0.68408203125,0,0.28076171875
CHNCXR_0481_1,Shenzhen,1,4,background_lossy,10,0.7676831735557769,0.96484375,0.9599609375,0,0.0048828125
CHNCXR_0481_1,Shenzhen,1,4,all_lossy,10,1.0,0.96484375,0.39208984375,1,0.57275390625
CHNCXR_0481_1,Shenzhen,1,4,lungs_lossy,30,0.2323168264442231,0.96484375,0.9697265625,0,0.0048828125
CHNCXR_0481_1,Shenzhen,1,4,background_lossy,30,0.7676831735557769,0.96484375,0.95703125,0,0.0078125
CHNCXR_0481_1,Shenzhen,1,4,all_lossy,30,1.0,0.96484375,0.91162109375,0,0.05322265625
CHNCXR_0481_1,Shenzhen,1,4,lungs_lossy,50,0.2323168264442231,0.96484375,0.96728515625,0,0.00244140625
CHNCXR_0481_1,Shenzhen,1,4,background_lossy,50,0.7676831735557769,0.96484375,0.96826171875,0,0.00341796875
CHNCXR_0481_1,Shenzhen,1,4,all_lossy,50,1.0,0.96484375,0.96435546875,0,0.00048828125
CHNCXR_0481_1,Shenzhen,1,4,lungs_lossy,70,0.2323168264442231,0.96484375,0.96826171875,0,0.00341796875
CHNCXR_0481_1,Shenzhen,1,4,background_lossy,70,0.7676831735557769,0.96484375,0.9677734375,0,0.0029296875
CHNCXR_0481_1,Shenzhen,1,4,all_lossy,70,1.0,0.96484375,0.97021484375,0,0.00537109375
CHNCXR_0482_1,Shenzhen,1,3,lungs_lossy,10,0.3506006384408602,0.1683349609375,0.99072265625,1,0.8223876953125
CHNCXR_0482_1,Shenzhen,1,3,background_lossy,10,0.6493993615591398,0.1683349609375,0.1134033203125,0,0.054931640625
CHNCXR_0482_1,Shenzhen,1,3,all_lossy,10,1.0,0.1683349609375,0.9423828125,1,0.7740478515625
CHNCXR_0482_1,Shenzhen,1,3,lungs_lossy,30,0.3506006384408602,0.1683349609375,0.78759765625,1,0.6192626953125
CHNCXR_0482_1,Shenzhen,1,3,background_lossy,30,0.6493993615591398,0.1683349609375,0.06756591796875,0,0.10076904296875
CHNCXR_0482_1,Shenzhen,1,3,all_lossy,30,1.0,0.1683349609375,0.455810546875,0,0.2874755859375
CHNCXR_0482_1,Shenzhen,1,3,lungs_lossy,50,0.3506006384408602,0.1683349609375,0.267578125,0,0.0992431640625
CHNCXR_0482_1,Shenzhen,1,3,background_lossy,50,0.6493993615591398,0.1683349609375,0.140625,0,0.0277099609375
CHNCXR_0482_1,Shenzhen,1,3,all_lossy,50,1.0,0.1683349609375,0.2100830078125,0,0.041748046875
CHNCXR_0482_1,Shenzhen,1,3,lungs_lossy,70,0.3506006384408602,0.1683349609375,0.1282958984375,0,0.0400390625
CHNCXR_0482_1,Shenzhen,1,3,background_lossy,70,0.6493993615591398,0.1683349609375,0.1763916015625,0,0.008056640625
CHNCXR_0482_1,Shenzhen,1,3,all_lossy,70,1.0,0.1683349609375,0.132080078125,0,0.0362548828125
CHNCXR_0483_1,Shenzhen,1,4,lungs_lossy,10,0.2068328249501992,0.1834716796875,0.44189453125,0,0.2584228515625
CHNCXR_0483_1,Shenzhen,1,4,background_lossy,10,0.7931671750498008,0.1834716796875,0.36279296875,0,0.1793212890625
CHNCXR_0483_1,Shenzhen,1,4,all_lossy,10,1.0,0.1834716796875,0.272705078125,0,0.0892333984375
CHNCXR_0483_1,Shenzhen,1,4,lungs_lossy,30,0.2068328249501992,0.1834716796875,0.7119140625,1,0.5284423828125
CHNCXR_0483_1,Shenzhen,1,4,background_lossy,30,0.7931671750498008,0.1834716796875,0.291748046875,0,0.1082763671875
CHNCXR_0483_1,Shenzhen,1,4,all_lossy,30,1.0,0.1834716796875,0.47216796875,0,0.2886962890625
CHNCXR_0483_1,Shenzhen,1,4,lungs_lossy,50,0.2068328249501992,0.1834716796875,0.480224609375,0,0.2967529296875
CHNCXR_0483_1,Shenzhen,1,4,background_lossy,50,0.7931671750498008,0.1834716796875,0.254150390625,0,0.0706787109375
CHNCXR_0483_1,Shenzhen,1,4,all_lossy,50,1.0,0.1834716796875,0.492919921875,0,0.3094482421875
CHNCXR_0483_1,Shenzhen,1,4,lungs_lossy,70,0.2068328249501992,0.1834716796875,0.1583251953125,0,0.025146484375
CHNCXR_0483_1,Shenzhen,1,4,background_lossy,70,0.7931671750498008,0.1834716796875,0.2012939453125,0,0.017822265625
CHNCXR_0483_1,Shenzhen,1,4,all_lossy,70,1.0,0.1834716796875,0.1807861328125,0,0.002685546875
CHNCXR_0484_1,Shenzhen,1,4,lungs_lossy,10,0.2398208202306079,0.0635986328125,0.416259765625,0,0.3526611328125
CHNCXR_0484_1,Shenzhen,1,4,background_lossy,10,0.760179179769392,0.0635986328125,0.06683349609375,0,0.00323486328125
CHNCXR_0484_1,Shenzhen,1,4,all_lossy,10,1.0,0.0635986328125,0.2783203125,0,0.2147216796875
CHNCXR_0484_1,Shenzhen,1,4,lungs_lossy,30,0.2398208202306079,0.0635986328125,0.44580078125,0,0.3822021484375
CHNCXR_0484_1,Shenzhen,1,4,background_lossy,30,0.760179179769392,0.0635986328125,0.0823974609375,0,0.018798828125
CHNCXR_0484_1,Shenzhen,1,4,all_lossy,30,1.0,0.0635986328125,0.382080078125,0,0.3184814453125
CHNCXR_0484_1,Shenzhen,1,4,lungs_lossy,50,0.2398208202306079,0.0635986328125,0.1380615234375,0,0.074462890625
CHNCXR_0484_1,Shenzhen,1,4,background_lossy,50,0.760179179769392,0.0635986328125,0.06097412109375,0,0.00262451171875
CHNCXR_0484_1,Shenzhen,1,4,all_lossy,50,1.0,0.0635986328125,0.129150390625,0,0.0655517578125
CHNCXR_0484_1,Shenzhen,1,4,lungs_lossy,70,0.2398208202306079,0.0635986328125,0.06903076171875,0,0.00543212890625
CHNCXR_0484_1,Shenzhen,1,4,background_lossy,70,0.760179179769392,0.0635986328125,0.0618896484375,0,0.001708984375
CHNCXR_0484_1,Shenzhen,1,4,all_lossy,70,1.0,0.0635986328125,0.06695556640625,0,0.00335693359375
CHNCXR_0485_1,Shenzhen,1,1,lungs_lossy,10,0.3193339960238568,0.68310546875,0.80126953125,0,0.1181640625
CHNCXR_0485_1,Shenzhen,1,1,background_lossy,10,0.6806660039761432,0.68310546875,0.2384033203125,1,0.4447021484375
CHNCXR_0485_1,Shenzhen,1,1,all_lossy,10,1.0,0.68310546875,0.54833984375,0,0.134765625
CHNCXR_0485_1,Shenzhen,1,1,lungs_lossy,30,0.3193339960238568,0.68310546875,0.99365234375,0,0.310546875
CHNCXR_0485_1,Shenzhen,1,1,background_lossy,30,0.6806660039761432,0.68310546875,0.343505859375,1,0.339599609375
CHNCXR_0485_1,Shenzhen,1,1,all_lossy,30,1.0,0.68310546875,0.95849609375,0,0.275390625
CHNCXR_0485_1,Shenzhen,1,1,lungs_lossy,50,0.3193339960238568,0.68310546875,0.95263671875,0,0.26953125
CHNCXR_0485_1,Shenzhen,1,1,background_lossy,50,0.6806660039761432,0.68310546875,0.58251953125,0,0.1005859375
CHNCXR_0485_1,Shenzhen,1,1,all_lossy,50,1.0,0.68310546875,0.9267578125,0,0.24365234375
CHNCXR_0485_1,Shenzhen,1,1,lungs_lossy,70,0.3193339960238568,0.68310546875,0.69580078125,0,0.0126953125
CHNCXR_0485_1,Shenzhen,1,1,background_lossy,70,0.6806660039761432,0.68310546875,0.65185546875,0,0.03125
CHNCXR_0485_1,Shenzhen,1,1,all_lossy,70,1.0,0.68310546875,0.67822265625,0,0.0048828125
CHNCXR_0486_1,Shenzhen,1,3,lungs_lossy,10,0.2941138253638253,0.75927734375,0.46484375,1,0.29443359375
CHNCXR_0486_1,Shenzhen,1,3,background_lossy,10,0.7058861746361746,0.75927734375,0.3134765625,1,0.44580078125
CHNCXR_0486_1,Shenzhen,1,3,all_lossy,10,1.0,0.75927734375,0.1805419921875,1,0.5787353515625
CHNCXR_0486_1,Shenzhen,1,3,lungs_lossy,30,0.2941138253638253,0.75927734375,0.97412109375,0,0.21484375
CHNCXR_0486_1,Shenzhen,1,3,background_lossy,30,0.7058861746361746,0.75927734375,0.271728515625,1,0.487548828125
CHNCXR_0486_1,Shenzhen,1,3,all_lossy,30,1.0,0.75927734375,0.82568359375,0,0.06640625
CHNCXR_0486_1,Shenzhen,1,3,lungs_lossy,50,0.2941138253638253,0.75927734375,0.8759765625,0,0.11669921875
CHNCXR_0486_1,Shenzhen,1,3,background_lossy,50,0.7058861746361746,0.75927734375,0.5986328125,0,0.16064453125
CHNCXR_0486_1,Shenzhen,1,3,all_lossy,50,1.0,0.75927734375,0.78564453125,0,0.0263671875
CHNCXR_0486_1,Shenzhen,1,3,lungs_lossy,70,0.2941138253638253,0.75927734375,0.80078125,0,0.04150390625
CHNCXR_0486_1,Shenzhen,1,3,background_lossy,70,0.7058861746361746,0.75927734375,0.7158203125,0,0.04345703125
CHNCXR_0486_1,Shenzhen,1,3,all_lossy,70,1.0,0.75927734375,0.76123046875,0,0.001953125
CHNCXR_0487_1,Shenzhen,1,2,lungs_lossy,10,0.2496202256944444,1.0,0.7978515625,0,0.2021484375
CHNCXR_0487_1,Shenzhen,1,2,background_lossy,10,0.7503797743055556,1.0,1.0,0,0.0
CHNCXR_0487_1,Shenzhen,1,2,all_lossy,10,1.0,1.0,0.90283203125,0,0.09716796875
CHNCXR_0487_1,Shenzhen,1,2,lungs_lossy,30,0.2496202256944444,1.0,1.0,0,0.0
CHNCXR_0487_1,Shenzhen,1,2,background_lossy,30,0.7503797743055556,1.0,1.0,0,0.0
CHNCXR_0487_1,Shenzhen,1,2,all_lossy,30,1.0,1.0,1.0,0,0.0
CHNCXR_0487_1,Shenzhen,1,2,lungs_lossy,50,0.2496202256944444,1.0,1.0,0,0.0
CHNCXR_0487_1,Shenzhen,1,2,background_lossy,50,0.7503797743055556,1.0,1.0,0,0.0
CHNCXR_0487_1,Shenzhen,1,2,all_lossy,50,1.0,1.0,1.0,0,0.0
CHNCXR_0487_1,Shenzhen,1,2,lungs_lossy,70,0.2496202256944444,1.0,1.0,0,0.0
CHNCXR_0487_1,Shenzhen,1,2,background_lossy,70,0.7503797743055556,1.0,1.0,0,0.0
CHNCXR_0487_1,Shenzhen,1,2,all_lossy,70,1.0,1.0,1.0,0,0.0
CHNCXR_0488_1,Shenzhen,1,3,lungs_lossy,10,0.2651839717741935,0.059967041015625,0.7880859375,1,0.728118896484375
CHNCXR_0488_1,Shenzhen,1,3,background_lossy,10,0.7348160282258065,0.059967041015625,0.03289794921875,0,0.027069091796875
CHNCXR_0488_1,Shenzhen,1,3,all_lossy,10,1.0,0.059967041015625,0.47314453125,0,0.413177490234375
CHNCXR_0488_1,Shenzhen,1,3,lungs_lossy,30,0.2651839717741935,0.059967041015625,0.4521484375,0,0.392181396484375
CHNCXR_0488_1,Shenzhen,1,3,background_lossy,30,0.7348160282258065,0.059967041015625,0.015960693359375,0,0.04400634765625
CHNCXR_0488_1,Shenzhen,1,3,all_lossy,30,1.0,0.059967041015625,0.126953125,0,0.066986083984375
CHNCXR_0488_1,Shenzhen,1,3,lungs_lossy,50,0.2651839717741935,0.059967041015625,0.1221923828125,0,0.062225341796875
CHNCXR_0488_1,Shenzhen,1,3,background_lossy,50,0.7348160282258065,0.059967041015625,0.018768310546875,0,0.04119873046875
CHNCXR_0488_1,Shenzhen,1,3,all_lossy,50,1.0,0.059967041015625,0.039794921875,0,0.020172119140625
CHNCXR_0488_1,Shenzhen,1,3,lungs_lossy,70,0.2651839717741935,0.059967041015625,0.06842041015625,0,0.008453369140625
CHNCXR_0488_1,Shenzhen,1,3,background_lossy,70,0.7348160282258065,0.059967041015625,0.040008544921875,0,0.01995849609375
CHNCXR_0488_1,Shenzhen,1,3,all_lossy,70,1.0,0.059967041015625,0.0469970703125,0,0.012969970703125
CHNCXR_0489_1,Shenzhen,1,0,lungs_lossy,10,0.3627297306263269,0.94677734375,0.99853515625,0,0.0517578125
CHNCXR_0489_1,Shenzhen,1,0,background_lossy,10,0.637270269373673,0.94677734375,0.82666015625,0,0.1201171875
CHNCXR_0489_1,Shenzhen,1,0,all_lossy,10,1.0,0.94677734375,0.998046875,0,0.05126953125
CHNCXR_0489_1,Shenzhen,1,0,lungs_lossy,30,0.3627297306263269,0.94677734375,0.99951171875,0,0.052734375
CHNCXR_0489_1,Shenzhen,1,0,background_lossy,30,0.637270269373673,0.94677734375,0.626953125,0,0.31982421875
CHNCXR_0489_1,Shenzhen,1,0,all_lossy,30,1.0,0.94677734375,0.9912109375,0,0.04443359375
CHNCXR_0489_1,Shenzhen,1,0,lungs_lossy,50,0.3627297306263269,0.94677734375,0.9970703125,0,0.05029296875
CHNCXR_0489_1,Shenzhen,1,0,background_lossy,50,0.637270269373673,0.94677734375,0.92529296875,0,0.021484375
CHNCXR_0489_1,Shenzhen,1,0,all_lossy,50,1.0,0.94677734375,0.99462890625,0,0.0478515625
CHNCXR_0489_1,Shenzhen,1,0,lungs_lossy,70,0.3627297306263269,0.94677734375,0.96142578125,0,0.0146484375
CHNCXR_0489_1,Shenzhen,1,0,background_lossy,70,0.637270269373673,0.94677734375,0.93212890625,0,0.0146484375
CHNCXR_0489_1,Shenzhen,1,0,all_lossy,70,1.0,0.94677734375,0.94921875,0,0.00244140625
CHNCXR_0490_1,Shenzhen,1,4,lungs_lossy,10,0.2182731628417968,0.186279296875,0.29931640625,0,0.113037109375
CHNCXR_0490_1,Shenzhen,1,4,background_lossy,10,0.7817268371582031,0.186279296875,0.2325439453125,0,0.0462646484375
CHNCXR_0490_1,Shenzhen,1,4,all_lossy,10,1.0,0.186279296875,0.29150390625,0,0.105224609375
CHNCXR_0490_1,Shenzhen,1,4,lungs_lossy,30,0.2182731628417968,0.186279296875,0.35693359375,0,0.170654296875
CHNCXR_0490_1,Shenzhen,1,4,background_lossy,30,0.7817268371582031,0.186279296875,0.1591796875,0,0.027099609375
CHNCXR_0490_1,Shenzhen,1,4,all_lossy,30,1.0,0.186279296875,0.31201171875,0,0.125732421875
CHNCXR_0490_1,Shenzhen,1,4,lungs_lossy,50,0.2182731628417968,0.186279296875,0.2509765625,0,0.064697265625
CHNCXR_0490_1,Shenzhen,1,4,background_lossy,50,0.7817268371582031,0.186279296875,0.1951904296875,0,0.0089111328125
CHNCXR_0490_1,Shenzhen,1,4,all_lossy,50,1.0,0.186279296875,0.271728515625,0,0.08544921875
CHNCXR_0490_1,Shenzhen,1,4,lungs_lossy,70,0.2182731628417968,0.186279296875,0.1929931640625,0,0.0067138671875
CHNCXR_0490_1,Shenzhen,1,4,background_lossy,70,0.7817268371582031,0.186279296875,0.2117919921875,0,0.0255126953125
CHNCXR_0490_1,Shenzhen,1,4,all_lossy,70,1.0,0.186279296875,0.2257080078125,0,0.0394287109375
CHNCXR_0491_1,Shenzhen,1,2,lungs_lossy,10,0.3079580433618843,1.0,0.9990234375,0,0.0009765625
CHNCXR_0491_1,Shenzhen,1,2,background_lossy,10,0.6920419566381156,1.0,1.0,0,0.0
CHNCXR_0491_1,Shenzhen,1,2,all_lossy,10,1.0,1.0,0.99755859375,0,0.00244140625
CHNCXR_0491_1,Shenzhen,1,2,lungs_lossy,30,0.3079580433618843,1.0,0.99951171875,0,0.00048828125
CHNCXR_0491_1,Shenzhen,1,2,background_lossy,30,0.6920419566381156,1.0,1.0,0,0.0
CHNCXR_0491_1,Shenzhen,1,2,all_lossy,30,1.0,1.0,0.99951171875,0,0.00048828125
CHNCXR_0491_1,Shenzhen,1,2,lungs_lossy,50,0.3079580433618843,1.0,1.0,0,0.0
CHNCXR_0491_1,Shenzhen,1,2,background_lossy,50,0.6920419566381156,1.0,1.0,0,0.0
CHNCXR_0491_1,Shenzhen,1,2,all_lossy,50,1.0,1.0,1.0,0,0.0
CHNCXR_0491_1,Shenzhen,1,2,lungs_lossy,70,0.3079580433618843,1.0,1.0,0,0.0
CHNCXR_0491_1,Shenzhen,1,2,background_lossy,70,0.6920419566381156,1.0,1.0,0,0.0
CHNCXR_0491_1,Shenzhen,1,2,all_lossy,70,1.0,1.0,1.0,0,0.0
CHNCXR_0492_1,Shenzhen,1,1,lungs_lossy,10,0.3060659315031983,1.0,1.0,0,0.0
CHNCXR_0492_1,Shenzhen,1,1,background_lossy,10,0.6939340684968017,1.0,1.0,0,0.0
CHNCXR_0492_1,Shenzhen,1,1,all_lossy,10,1.0,1.0,0.99951171875,0,0.00048828125
CHNCXR_0492_1,Shenzhen,1,1,lungs_lossy,30,0.3060659315031983,1.0,1.0,0,0.0
CHNCXR_0492_1,Shenzhen,1,1,background_lossy,30,0.6939340684968017,1.0,1.0,0,0.0
CHNCXR_0492_1,Shenzhen,1,1,all_lossy,30,1.0,1.0,1.0,0,0.0
CHNCXR_0492_1,Shenzhen,1,1,lungs_lossy,50,0.3060659315031983,1.0,1.0,0,0.0
CHNCXR_0492_1,Shenzhen,1,1,background_lossy,50,0.6939340684968017,1.0,1.0,0,0.0
CHNCXR_0492_1,Shenzhen,1,1,all_lossy,50,1.0,1.0,1.0,0,0.0
CHNCXR_0492_1,Shenzhen,1,1,lungs_lossy,70,0.3060659315031983,1.0,1.0,0,0.0
CHNCXR_0492_1,Shenzhen,1,1,background_lossy,70,0.6939340684968017,1.0,1.0,0,0.0
CHNCXR_0492_1,Shenzhen,1,1,all_lossy,70,1.0,1.0,1.0,0,0.0
CHNCXR_0493_1,Shenzhen,1,4,lungs_lossy,10,0.2972434303977272,0.876953125,0.99169921875,0,0.11474609375
CHNCXR_0493_1,Shenzhen,1,4,background_lossy,10,0.7027565696022727,0.876953125,0.69873046875,0,0.17822265625
CHNCXR_0493_1,Shenzhen,1,4,all_lossy,10,1.0,0.876953125,0.9375,0,0.060546875
CHNCXR_0493_1,Shenzhen,1,4,lungs_lossy,30,0.2972434303977272,0.876953125,0.98779296875,0,0.11083984375
CHNCXR_0493_1,Shenzhen,1,4,background_lossy,30,0.7027565696022727,0.876953125,0.82763671875,0,0.04931640625
CHNCXR_0493_1,Shenzhen,1,4,all_lossy,30,1.0,0.876953125,0.97021484375,0,0.09326171875
CHNCXR_0493_1,Shenzhen,1,4,lungs_lossy,50,0.2972434303977272,0.876953125,0.9375,0,0.060546875
CHNCXR_0493_1,Shenzhen,1,4,background_lossy,50,0.7027565696022727,0.876953125,0.89501953125,0,0.01806640625
CHNCXR_0493_1,Shenzhen,1,4,all_lossy,50,1.0,0.876953125,0.95068359375,0,0.07373046875
CHNCXR_0493_1,Shenzhen,1,4,lungs_lossy,70,0.2972434303977272,0.876953125,0.87841796875,0,0.00146484375
CHNCXR_0493_1,Shenzhen,1,4,background_lossy,70,0.7027565696022727,0.876953125,0.87939453125,0,0.00244140625
CHNCXR_0493_1,Shenzhen,1,4,all_lossy,70,1.0,0.876953125,0.88037109375,0,0.00341796875
CHNCXR_0494_1,Shenzhen,1,3,lungs_lossy,10,0.316366208712984,0.319580078125,0.7216796875,1,0.402099609375
CHNCXR_0494_1,Shenzhen,1,3,background_lossy,10,0.683633791287016,0.319580078125,0.273193359375,0,0.04638671875
CHNCXR_0494_1,Shenzhen,1,3,all_lossy,10,1.0,0.319580078125,0.5849609375,1,0.265380859375
CHNCXR_0494_1,Shenzhen,1,3,lungs_lossy,30,0.316366208712984,0.319580078125,0.31640625,0,0.003173828125
CHNCXR_0494_1,Shenzhen,1,3,background_lossy,30,0.683633791287016,0.319580078125,0.468994140625,0,0.1494140625
CHNCXR_0494_1,Shenzhen,1,3,all_lossy,30,1.0,0.319580078125,0.297119140625,0,0.0224609375
CHNCXR_0494_1,Shenzhen,1,3,lungs_lossy,50,0.316366208712984,0.319580078125,0.360107421875,0,0.04052734375
CHNCXR_0494_1,Shenzhen,1,3,background_lossy,50,0.683633791287016,0.319580078125,0.274169921875,0,0.04541015625
CHNCXR_0494_1,Shenzhen,1,3,all_lossy,50,1.0,0.319580078125,0.279296875,0,0.040283203125
CHNCXR_0494_1,Shenzhen,1,3,lungs_lossy,70,0.316366208712984,0.319580078125,0.287353515625,0,0.0322265625
CHNCXR_0494_1,Shenzhen,1,3,background_lossy,70,0.683633791287016,0.319580078125,0.35302734375,0,0.033447265625
CHNCXR_0494_1,Shenzhen,1,3,all_lossy,70,1.0,0.319580078125,0.324462890625,0,0.0048828125
CHNCXR_0495_1,Shenzhen,1,1,lungs_lossy,10,0.3053640463917526,0.6103515625,0.99755859375,0,0.38720703125
CHNCXR_0495_1,Shenzhen,1,1,background_lossy,10,0.6946359536082474,0.6103515625,0.798828125,0,0.1884765625
CHNCXR_0495_1,Shenzhen,1,1,all_lossy,10,1.0,0.6103515625,0.99560546875,0,0.38525390625
CHNCXR_0495_1,Shenzhen,1,1,lungs_lossy,30,0.3053640463917526,0.6103515625,0.99560546875,0,0.38525390625
CHNCXR_0495_1,Shenzhen,1,1,background_lossy,30,0.6946359536082474,0.6103515625,0.57763671875,0,0.03271484375
CHNCXR_0495_1,Shenzhen,1,1,all_lossy,30,1.0,0.6103515625,0.98095703125,0,0.37060546875
CHNCXR_0495_1,Shenzhen,1,1,lungs_lossy,50,0.3053640463917526,0.6103515625,0.70703125,0,0.0966796875
CHNCXR_0495_1,Shenzhen,1,1,background_lossy,50,0.6946359536082474,0.6103515625,0.35009765625,1,0.26025390625
CHNCXR_0495_1,Shenzhen,1,1,all_lossy,50,1.0,0.6103515625,0.4072265625,1,0.203125
CHNCXR_0495_1,Shenzhen,1,1,lungs_lossy,70,0.3053640463917526,0.6103515625,0.619140625,0,0.0087890625
CHNCXR_0495_1,Shenzhen,1,1,background_lossy,70,0.6946359536082474,0.6103515625,0.5341796875,0,0.076171875
CHNCXR_0495_1,Shenzhen,1,1,all_lossy,70,1.0,0.6103515625,0.55126953125,0,0.05908203125
CHNCXR_0496_1,Shenzhen,1,1,lungs_lossy,10,0.3052480381165919,0.99755859375,0.9697265625,0,0.02783203125
CHNCXR_0496_1,Shenzhen,1,1,background_lossy,10,0.6947519618834082,0.99755859375,0.99853515625,0,0.0009765625
CHNCXR_0496_1,Shenzhen,1,1,all_lossy,10,1.0,0.99755859375,0.95849609375,0,0.0390625
CHNCXR_0496_1,Shenzhen,1,1,lungs_lossy,30,0.3052480381165919,0.99755859375,0.99853515625,0,0.0009765625
CHNCXR_0496_1,Shenzhen,1,1,background_lossy,30,0.6947519618834082,0.99755859375,0.998046875,0,0.00048828125
CHNCXR_0496_1,Shenzhen,1,1,all_lossy,30,1.0,0.99755859375,0.99755859375,0,0.0
CHNCXR_0496_1,Shenzhen,1,1,lungs_lossy,50,0.3052480381165919,0.99755859375,0.9951171875,0,0.00244140625
CHNCXR_0496_1,Shenzhen,1,1,background_lossy,50,0.6947519618834082,0.99755859375,0.99658203125,0,0.0009765625
CHNCXR_0496_1,Shenzhen,1,1,all_lossy,50,1.0,0.99755859375,0.99169921875,0,0.005859375
CHNCXR_0496_1,Shenzhen,1,1,lungs_lossy,70,0.3052480381165919,0.99755859375,0.998046875,0,0.00048828125
CHNCXR_0496_1,Shenzhen,1,1,background_lossy,70,0.6947519618834082,0.99755859375,0.998046875,0,0.00048828125
CHNCXR_0496_1,Shenzhen,1,1,all_lossy,70,1.0,0.99755859375,0.998046875,0,0.00048828125
CHNCXR_0497_1,Shenzhen,1,1,lungs_lossy,10,0.3705258810572687,0.7861328125,0.900390625,0,0.1142578125
CHNCXR_0497_1,Shenzhen,1,1,background_lossy,10,0.6294741189427313,0.7861328125,0.9716796875,0,0.185546875
CHNCXR_0497_1,Shenzhen,1,1,all_lossy,10,1.0,0.7861328125,0.97412109375,0,0.18798828125
CHNCXR_0497_1,Shenzhen,1,1,lungs_lossy,30,0.3705258810572687,0.7861328125,0.99755859375,0,0.21142578125
CHNCXR_0497_1,Shenzhen,1,1,background_lossy,30,0.6294741189427313,0.7861328125,0.82080078125,0,0.03466796875
CHNCXR_0497_1,Shenzhen,1,1,all_lossy,30,1.0,0.7861328125,0.98974609375,0,0.20361328125
CHNCXR_0497_1,Shenzhen,1,1,lungs_lossy,50,0.3705258810572687,0.7861328125,0.9853515625,0,0.19921875
CHNCXR_0497_1,Shenzhen,1,1,background_lossy,50,0.6294741189427313,0.7861328125,0.72607421875,0,0.06005859375
CHNCXR_0497_1,Shenzhen,1,1,all_lossy,50,1.0,0.7861328125,0.97021484375,0,0.18408203125
CHNCXR_0497_1,Shenzhen,1,1,lungs_lossy,70,0.3705258810572687,0.7861328125,0.80419921875,0,0.01806640625
CHNCXR_0497_1,Shenzhen,1,1,background_lossy,70,0.6294741189427313,0.7861328125,0.7607421875,0,0.025390625
CHNCXR_0497_1,Shenzhen,1,1,all_lossy,70,1.0,0.7861328125,0.78125,0,0.0048828125
CHNCXR_0498_1,Shenzhen,1,2,lungs_lossy,10,0.3956124441964285,1.0,1.0,0,0.0
CHNCXR_0498_1,Shenzhen,1,2,background_lossy,10,0.6043875558035714,1.0,1.0,0,0.0
CHNCXR_0498_1,Shenzhen,1,2,all_lossy,10,1.0,1.0,1.0,0,0.0
CHNCXR_0498_1,Shenzhen,1,2,lungs_lossy,30,0.3956124441964285,1.0,1.0,0,0.0
CHNCXR_0498_1,Shenzhen,1,2,background_lossy,30,0.6043875558035714,1.0,1.0,0,0.0
CHNCXR_0498_1,Shenzhen,1,2,all_lossy,30,1.0,1.0,1.0,0,0.0
CHNCXR_0498_1,Shenzhen,1,2,lungs_lossy,50,0.3956124441964285,1.0,1.0,0,0.0
CHNCXR_0498_1,Shenzhen,1,2,background_lossy,50,0.6043875558035714,1.0,1.0,0,0.0
CHNCXR_0498_1,Shenzhen,1,2,all_lossy,50,1.0,1.0,1.0,0,0.0
CHNCXR_0498_1,Shenzhen,1,2,lungs_lossy,70,0.3956124441964285,1.0,1.0,0,0.0
CHNCXR_0498_1,Shenzhen,1,2,background_lossy,70,0.6043875558035714,1.0,1.0,0,0.0
CHNCXR_0498_1,Shenzhen,1,2,all_lossy,70,1.0,1.0,1.0,0,0.0
CHNCXR_0499_1,Shenzhen,1,2,lungs_lossy,10,0.3405669863861386,0.99951171875,1.0,0,0.00048828125
CHNCXR_0499_1,Shenzhen,1,2,background_lossy,10,0.6594330136138613,0.99951171875,0.892578125,0,0.10693359375
CHNCXR_0499_1,Shenzhen,1,2,all_lossy,10,1.0,0.99951171875,0.998046875,0,0.00146484375
CHNCXR_0499_1,Shenzhen,1,2,lungs_lossy,30,0.3405669863861386,0.99951171875,1.0,0,0.00048828125
CHNCXR_0499_1,Shenzhen,1,2,background_lossy,30,0.6594330136138613,0.99951171875,0.98876953125,0,0.0107421875
CHNCXR_0499_1,Shenzhen,1,2,all_lossy,30,1.0,0.99951171875,1.0,0,0.00048828125
CHNCXR_0499_1,Shenzhen,1,2,lungs_lossy,50,0.3405669863861386,0.99951171875,1.0,0,0.00048828125
CHNCXR_0499_1,Shenzhen,1,2,background_lossy,50,0.6594330136138613,0.99951171875,0.99609375,0,0.00341796875
CHNCXR_0499_1,Shenzhen,1,2,all_lossy,50,1.0,0.99951171875,0.9990234375,0,0.00048828125
CHNCXR_0499_1,Shenzhen,1,2,lungs_lossy,70,0.3405669863861386,0.99951171875,0.99951171875,0,0.0
CHNCXR_0499_1,Shenzhen,1,2,background_lossy,70,0.6594330136138613,0.99951171875,0.9990234375,0,0.00048828125
CHNCXR_0499_1,Shenzhen,1,2,all_lossy,70,1.0,0.99951171875,0.9990234375,0,0.00048828125
CHNCXR_0500_1,Shenzhen,1,3,lungs_lossy,10,0.3493814359267734,0.9609375,0.99072265625,0,0.02978515625
CHNCXR_0500_1,Shenzhen,1,3,background_lossy,10,0.6506185640732265,0.9609375,0.927734375,0,0.033203125
CHNCXR_0500_1,Shenzhen,1,3,all_lossy,10,1.0,0.9609375,0.97509765625,0,0.01416015625
CHNCXR_0500_1,Shenzhen,1,3,lungs_lossy,30,0.3493814359267734,0.9609375,0.98046875,0,0.01953125
CHNCXR_0500_1,Shenzhen,1,3,background_lossy,30,0.6506185640732265,0.9609375,0.9306640625,0,0.0302734375
CHNCXR_0500_1,Shenzhen,1,3,all_lossy,30,1.0,0.9609375,0.9560546875,0,0.0048828125
CHNCXR_0500_1,Shenzhen,1,3,lungs_lossy,50,0.3493814359267734,0.9609375,0.9658203125,0,0.0048828125
CHNCXR_0500_1,Shenzhen,1,3,background_lossy,50,0.6506185640732265,0.9609375,0.947265625,0,0.013671875
CHNCXR_0500_1,Shenzhen,1,3,all_lossy,50,1.0,0.9609375,0.94921875,0,0.01171875
CHNCXR_0500_1,Shenzhen,1,3,lungs_lossy,70,0.3493814359267734,0.9609375,0.9599609375,0,0.0009765625
CHNCXR_0500_1,Shenzhen,1,3,background_lossy,70,0.6506185640732265,0.9609375,0.95849609375,0,0.00244140625
CHNCXR_0500_1,Shenzhen,1,3,all_lossy,70,1.0,0.9609375,0.9560546875,0,0.0048828125
CHNCXR_0501_1,Shenzhen,1,3,lungs_lossy,10,0.3479786998820754,0.7294921875,0.71044921875,0,0.01904296875
CHNCXR_0501_1,Shenzhen,1,3,background_lossy,10,0.6520213001179245,0.7294921875,0.50927734375,0,0.22021484375
CHNCXR_0501_1,Shenzhen,1,3,all_lossy,10,1.0,0.7294921875,0.6171875,0,0.1123046875
CHNCXR_0501_1,Shenzhen,1,3,lungs_lossy,30,0.3479786998820754,0.7294921875,0.7763671875,0,0.046875
CHNCXR_0501_1,Shenzhen,1,3,background_lossy,30,0.6520213001179245,0.7294921875,0.5634765625,0,0.166015625
CHNCXR_0501_1,Shenzhen,1,3,all_lossy,30,1.0,0.7294921875,0.537109375,0,0.1923828125
CHNCXR_0501_1,Shenzhen,1,3,lungs_lossy,50,0.3479786998820754,0.7294921875,0.7216796875,0,0.0078125
CHNCXR_0501_1,Shenzhen,1,3,background_lossy,50,0.6520213001179245,0.7294921875,0.56591796875,0,0.16357421875
CHNCXR_0501_1,Shenzhen,1,3,all_lossy,50,1.0,0.7294921875,0.52783203125,0,0.20166015625
CHNCXR_0501_1,Shenzhen,1,3,lungs_lossy,70,0.3479786998820754,0.7294921875,0.73095703125,0,0.00146484375
CHNCXR_0501_1,Shenzhen,1,3,background_lossy,70,0.6520213001179245,0.7294921875,0.7099609375,0,0.01953125
CHNCXR_0501_1,Shenzhen,1,3,all_lossy,70,1.0,0.7294921875,0.70361328125,0,0.02587890625
CHNCXR_0502_1,Shenzhen,1,0,lungs_lossy,10,0.1835396218244803,1.0,1.0,0,0.0
CHNCXR_0502_1,Shenzhen,1,0,background_lossy,10,0.8164603781755196,1.0,0.98681640625,0,0.01318359375
CHNCXR_0502_1,Shenzhen,1,0,all_lossy,10,1.0,1.0,0.99755859375,0,0.00244140625
CHNCXR_0502_1,Shenzhen,1,0,lungs_lossy,30,0.1835396218244803,1.0,1.0,0,0.0
CHNCXR_0502_1,Shenzhen,1,0,background_lossy,30,0.8164603781755196,1.0,0.99658203125,0,0.00341796875
CHNCXR_0502_1,Shenzhen,1,0,all_lossy,30,1.0,1.0,0.99853515625,0,0.00146484375
CHNCXR_0502_1,Shenzhen,1,0,lungs_lossy,50,0.1835396218244803,1.0,1.0,0,0.0
CHNCXR_0502_1,Shenzhen,1,0,background_lossy,50,0.8164603781755196,1.0,0.99951171875,0,0.00048828125
CHNCXR_0502_1,Shenzhen,1,0,all_lossy,50,1.0,1.0,0.99951171875,0,0.00048828125
CHNCXR_0502_1,Shenzhen,1,0,lungs_lossy,70,0.1835396218244803,1.0,1.0,0,0.0
CHNCXR_0502_1,Shenzhen,1,0,background_lossy,70,0.8164603781755196,1.0,1.0,0,0.0
CHNCXR_0502_1,Shenzhen,1,0,all_lossy,70,1.0,1.0,1.0,0,0.0
CHNCXR_0503_1,Shenzhen,1,1,lungs_lossy,10,0.3348542542016807,0.99658203125,0.9990234375,0,0.00244140625
CHNCXR_0503_1,Shenzhen,1,1,background_lossy,10,0.6651457457983193,0.99658203125,0.98779296875,0,0.0087890625
CHNCXR_0503_1,Shenzhen,1,1,all_lossy,10,1.0,0.99658203125,0.99853515625,0,0.001953125
CHNCXR_0503_1,Shenzhen,1,1,lungs_lossy,30,0.3348542542016807,0.99658203125,1.0,0,0.00341796875
CHNCXR_0503_1,Shenzhen,1,1,background_lossy,30,0.6651457457983193,0.99658203125,0.99462890625,0,0.001953125
CHNCXR_0503_1,Shenzhen,1,1,all_lossy,30,1.0,0.99658203125,1.0,0,0.00341796875
CHNCXR_0503_1,Shenzhen,1,1,lungs_lossy,50,0.3348542542016807,0.99658203125,0.99853515625,0,0.001953125
CHNCXR_0503_1,Shenzhen,1,1,background_lossy,50,0.6651457457983193,0.99658203125,0.9970703125,0,0.00048828125
CHNCXR_0503_1,Shenzhen,1,1,all_lossy,50,1.0,0.99658203125,0.99853515625,0,0.001953125
CHNCXR_0503_1,Shenzhen,1,1,lungs_lossy,70,0.3348542542016807,0.99658203125,0.99755859375,0,0.0009765625
CHNCXR_0503_1,Shenzhen,1,1,background_lossy,70,0.6651457457983193,0.99658203125,0.99658203125,0,0.0
CHNCXR_0503_1,Shenzhen,1,1,all_lossy,70,1.0,0.99658203125,0.99755859375,0,0.0009765625
CHNCXR_0504_1,Shenzhen,1,1,lungs_lossy,10,0.2997545083992095,0.0257568359375,0.89501953125,1,0.8692626953125
CHNCXR_0504_1,Shenzhen,1,1,background_lossy,10,0.7002454916007905,0.0257568359375,0.03948974609375,0,0.01373291015625
CHNCXR_0504_1,Shenzhen,1,1,all_lossy,10,1.0,0.0257568359375,0.9912109375,1,0.9654541015625
CHNCXR_0504_1,Shenzhen,1,1,lungs_lossy,30,0.2997545083992095,0.0257568359375,0.9375,1,0.9117431640625
CHNCXR_0504_1,Shenzhen,1,1,background_lossy,30,0.7002454916007905,0.0257568359375,0.0130233764648437,0,0.0127334594726563
CHNCXR_0504_1,Shenzhen,1,1,all_lossy,30,1.0,0.0257568359375,0.87744140625,1,0.8516845703125
CHNCXR_0504_1,Shenzhen,1,1,lungs_lossy,50,0.2997545083992095,0.0257568359375,0.1778564453125,0,0.152099609375
CHNCXR_0504_1,Shenzhen,1,1,background_lossy,50,0.7002454916007905,0.0257568359375,0.0131683349609375,0,0.0125885009765625
CHNCXR_0504_1,Shenzhen,1,1,all_lossy,50,1.0,0.0257568359375,0.09185791015625,0,0.06610107421875
CHNCXR_0504_1,Shenzhen,1,1,lungs_lossy,70,0.2997545083992095,0.0257568359375,0.01934814453125,0,0.00640869140625
CHNCXR_0504_1,Shenzhen,1,1,background_lossy,70,0.7002454916007905,0.0257568359375,0.0225372314453125,0,0.0032196044921875
CHNCXR_0504_1,Shenzhen,1,1,all_lossy,70,1.0,0.0257568359375,0.0147323608398437,0,0.0110244750976563
CHNCXR_0505_1,Shenzhen,1,0,lungs_lossy,10,0.3185725982532751,0.99658203125,1.0,0,0.00341796875
CHNCXR_0505_1,Shenzhen,1,0,background_lossy,10,0.6814274017467249,0.99658203125,0.9853515625,0,0.01123046875
CHNCXR_0505_1,Shenzhen,1,0,all_lossy,10,1.0,0.99658203125,1.0,0,0.00341796875
CHNCXR_0505_1,Shenzhen,1,0,lungs_lossy,30,0.3185725982532751,0.99658203125,0.99951171875,0,0.0029296875
CHNCXR_0505_1,Shenzhen,1,0,background_lossy,30,0.6814274017467249,0.99658203125,0.9833984375,0,0.01318359375
CHNCXR_0505_1,Shenzhen,1,0,all_lossy,30,1.0,0.99658203125,0.99609375,0,0.00048828125
CHNCXR_0505_1,Shenzhen,1,0,lungs_lossy,50,0.3185725982532751,0.99658203125,0.99853515625,0,0.001953125
CHNCXR_0505_1,Shenzhen,1,0,background_lossy,50,0.6814274017467249,0.99658203125,0.9931640625,0,0.00341796875
CHNCXR_0505_1,Shenzhen,1,0,all_lossy,50,1.0,0.99658203125,0.99755859375,0,0.0009765625
CHNCXR_0505_1,Shenzhen,1,0,lungs_lossy,70,0.3185725982532751,0.99658203125,0.99609375,0,0.00048828125
CHNCXR_0505_1,Shenzhen,1,0,background_lossy,70,0.6814274017467249,0.99658203125,0.99560546875,0,0.0009765625
CHNCXR_0505_1,Shenzhen,1,0,all_lossy,70,1.0,0.99658203125,0.9951171875,0,0.00146484375
CHNCXR_0506_1,Shenzhen,1,1,lungs_lossy,10,0.2654965049342105,0.99951171875,0.9990234375,0,0.00048828125
CHNCXR_0506_1,Shenzhen,1,1,background_lossy,10,0.7345034950657895,0.99951171875,0.99951171875,0,0.0
CHNCXR_0506_1,Shenzhen,1,1,all_lossy,10,1.0,0.99951171875,0.99853515625,0,0.0009765625
CHNCXR_0506_1,Shenzhen,1,1,lungs_lossy,30,0.2654965049342105,0.99951171875,1.0,0,0.00048828125
CHNCXR_0506_1,Shenzhen,1,1,background_lossy,30,0.7345034950657895,0.99951171875,0.9990234375,0,0.00048828125
CHNCXR_0506_1,Shenzhen,1,1,all_lossy,30,1.0,0.99951171875,0.99951171875,0,0.0
CHNCXR_0506_1,Shenzhen,1,1,lungs_lossy,50,0.2654965049342105,0.99951171875,0.99951171875,0,0.0
CHNCXR_0506_1,Shenzhen,1,1,background_lossy,50,0.7345034950657895,0.99951171875,0.9990234375,0,0.00048828125
CHNCXR_0506_1,Shenzhen,1,1,all_lossy,50,1.0,0.99951171875,0.99951171875,0,0.0
CHNCXR_0506_1,Shenzhen,1,1,lungs_lossy,70,0.2654965049342105,0.99951171875,0.99951171875,0,0.0
CHNCXR_0506_1,Shenzhen,1,1,background_lossy,70,0.7345034950657895,0.99951171875,0.9990234375,0,0.00048828125
CHNCXR_0506_1,Shenzhen,1,1,all_lossy,70,1.0,0.99951171875,0.99951171875,0,0.0
CHNCXR_0507_1,Shenzhen,1,0,lungs_lossy,10,0.38703125,1.0,1.0,0,0.0
CHNCXR_0507_1,Shenzhen,1,0,background_lossy,10,0.6129687500000001,1.0,0.99951171875,0,0.00048828125
CHNCXR_0507_1,Shenzhen,1,0,all_lossy,10,1.0,1.0,1.0,0,0.0
CHNCXR_0507_1,Shenzhen,1,0,lungs_lossy,30,0.38703125,1.0,1.0,0,0.0
CHNCXR_0507_1,Shenzhen,1,0,background_lossy,30,0.6129687500000001,1.0,1.0,0,0.0
CHNCXR_0507_1,Shenzhen,1,0,all_lossy,30,1.0,1.0,1.0,0,0.0
CHNCXR_0507_1,Shenzhen,1,0,lungs_lossy,50,0.38703125,1.0,1.0,0,0.0
CHNCXR_0507_1,Shenzhen,1,0,background_lossy,50,0.6129687500000001,1.0,1.0,0,0.0
CHNCXR_0507_1,Shenzhen,1,0,all_lossy,50,1.0,1.0,1.0,0,0.0
CHNCXR_0507_1,Shenzhen,1,0,lungs_lossy,70,0.38703125,1.0,1.0,0,0.0
CHNCXR_0507_1,Shenzhen,1,0,background_lossy,70,0.6129687500000001,1.0,1.0,0,0.0
CHNCXR_0507_1,Shenzhen,1,0,all_lossy,70,1.0,1.0,1.0,0,0.0
CHNCXR_0508_1,Shenzhen,1,1,lungs_lossy,10,0.2515417384350393,0.453369140625,0.03533935546875,0,0.41802978515625
CHNCXR_0508_1,Shenzhen,1,1,background_lossy,10,0.7484582615649606,0.453369140625,0.85205078125,1,0.398681640625
CHNCXR_0508_1,Shenzhen,1,1,all_lossy,10,1.0,0.453369140625,0.6435546875,1,0.190185546875
CHNCXR_0508_1,Shenzhen,1,1,lungs_lossy,30,0.2515417384350393,0.453369140625,0.85693359375,1,0.403564453125
CHNCXR_0508_1,Shenzhen,1,1,background_lossy,30,0.7484582615649606,0.453369140625,0.89599609375,1,0.442626953125
CHNCXR_0508_1,Shenzhen,1,1,all_lossy,30,1.0,0.453369140625,0.955078125,1,0.501708984375
CHNCXR_0508_1,Shenzhen,1,1,lungs_lossy,50,0.2515417384350393,0.453369140625,0.705078125,1,0.251708984375
CHNCXR_0508_1,Shenzhen,1,1,background_lossy,50,0.7484582615649606,0.453369140625,0.64990234375,1,0.196533203125
CHNCXR_0508_1,Shenzhen,1,1,all_lossy,50,1.0,0.453369140625,0.80419921875,1,0.350830078125
CHNCXR_0508_1,Shenzhen,1,1,lungs_lossy,70,0.2515417384350393,0.453369140625,0.363037109375,0,0.09033203125
CHNCXR_0508_1,Shenzhen,1,1,background_lossy,70,0.7484582615649606,0.453369140625,0.34716796875,0,0.106201171875
CHNCXR_0508_1,Shenzhen,1,1,all_lossy,70,1.0,0.453369140625,0.313720703125,0,0.1396484375
CHNCXR_0509_1,Shenzhen,1,2,lungs_lossy,10,0.3742359203296703,1.0,1.0,0,0.0
CHNCXR_0509_1,Shenzhen,1,2,background_lossy,10,0.6257640796703297,1.0,0.99462890625,0,0.00537109375
CHNCXR_0509_1,Shenzhen,1,2,all_lossy,10,1.0,1.0,0.99951171875,0,0.00048828125
CHNCXR_0509_1,Shenzhen,1,2,lungs_lossy,30,0.3742359203296703,1.0,1.0,0,0.0
CHNCXR_0509_1,Shenzhen,1,2,background_lossy,30,0.6257640796703297,1.0,0.9990234375,0,0.0009765625
CHNCXR_0509_1,Shenzhen,1,2,all_lossy,30,1.0,1.0,1.0,0,0.0
CHNCXR_0509_1,Shenzhen,1,2,lungs_lossy,50,0.3742359203296703,1.0,1.0,0,0.0
CHNCXR_0509_1,Shenzhen,1,2,background_lossy,50,0.6257640796703297,1.0,0.99951171875,0,0.00048828125
CHNCXR_0509_1,Shenzhen,1,2,all_lossy,50,1.0,1.0,1.0,0,0.0
CHNCXR_0509_1,Shenzhen,1,2,lungs_lossy,70,0.3742359203296703,1.0,1.0,0,0.0
CHNCXR_0509_1,Shenzhen,1,2,background_lossy,70,0.6257640796703297,1.0,1.0,0,0.0
CHNCXR_0509_1,Shenzhen,1,2,all_lossy,70,1.0,1.0,1.0,0,0.0
CHNCXR_0510_1,Shenzhen,1,2,lungs_lossy,10,0.3606357699671772,0.998046875,1.0,0,0.001953125
CHNCXR_0510_1,Shenzhen,1,2,background_lossy,10,0.6393642300328228,0.998046875,0.99658203125,0,0.00146484375
CHNCXR_0510_1,Shenzhen,1,2,all_lossy,10,1.0,0.998046875,1.0,0,0.001953125
CHNCXR_0510_1,Shenzhen,1,2,lungs_lossy,30,0.3606357699671772,0.998046875,1.0,0,0.001953125
CHNCXR_0510_1,Shenzhen,1,2,background_lossy,30,0.6393642300328228,0.998046875,0.998046875,0,0.0
CHNCXR_0510_1,Shenzhen,1,2,all_lossy,30,1.0,0.998046875,1.0,0,0.001953125
CHNCXR_0510_1,Shenzhen,1,2,lungs_lossy,50,0.3606357699671772,0.998046875,0.99951171875,0,0.00146484375
CHNCXR_0510_1,Shenzhen,1,2,background_lossy,50,0.6393642300328228,0.998046875,0.9990234375,0,0.0009765625
CHNCXR_0510_1,Shenzhen,1,2,all_lossy,50,1.0,0.998046875,1.0,0,0.001953125
CHNCXR_0510_1,Shenzhen,1,2,lungs_lossy,70,0.3606357699671772,0.998046875,0.99853515625,0,0.00048828125
CHNCXR_0510_1,Shenzhen,1,2,background_lossy,70,0.6393642300328228,0.998046875,0.998046875,0,0.0
CHNCXR_0510_1,Shenzhen,1,2,all_lossy,70,1.0,0.998046875,0.99853515625,0,0.00048828125
CHNCXR_0511_1,Shenzhen,1,3,lungs_lossy,10,0.2008373831200787,0.9599609375,0.1514892578125,1,0.8084716796875
CHNCXR_0511_1,Shenzhen,1,3,background_lossy,10,0.7991626168799213,0.9599609375,0.85546875,0,0.1044921875
CHNCXR_0511_1,Shenzhen,1,3,all_lossy,10,1.0,0.9599609375,0.073974609375,1,0.885986328125
CHNCXR_0511_1,Shenzhen,1,3,lungs_lossy,30,0.2008373831200787,0.9599609375,0.6767578125,0,0.283203125
CHNCXR_0511_1,Shenzhen,1,3,background_lossy,30,0.7991626168799213,0.9599609375,0.84765625,0,0.1123046875
CHNCXR_0511_1,Shenzhen,1,3,all_lossy,30,1.0,0.9599609375,0.2410888671875,1,0.7188720703125
CHNCXR_0511_1,Shenzhen,1,3,lungs_lossy,50,0.2008373831200787,0.9599609375,0.947265625,0,0.0126953125
CHNCXR_0511_1,Shenzhen,1,3,background_lossy,50,0.7991626168799213,0.9599609375,0.9453125,0,0.0146484375
CHNCXR_0511_1,Shenzhen,1,3,all_lossy,50,1.0,0.9599609375,0.921875,0,0.0380859375
CHNCXR_0511_1,Shenzhen,1,3,lungs_lossy,70,0.2008373831200787,0.9599609375,0.958984375,0,0.0009765625
CHNCXR_0511_1,Shenzhen,1,3,background_lossy,70,0.7991626168799213,0.9599609375,0.9453125,0,0.0146484375
CHNCXR_0511_1,Shenzhen,1,3,all_lossy,70,1.0,0.9599609375,0.94140625,0,0.0185546875
CHNCXR_0512_1,Shenzhen,1,0,lungs_lossy,10,0.3057041952054795,1.0,1.0,0,0.0
CHNCXR_0512_1,Shenzhen,1,0,background_lossy,10,0.6942958047945205,1.0,0.99951171875,0,0.00048828125
CHNCXR_0512_1,Shenzhen,1,0,all_lossy,10,1.0,1.0,0.99755859375,0,0.00244140625
CHNCXR_0512_1,Shenzhen,1,0,lungs_lossy,30,0.3057041952054795,1.0,0.99951171875,0,0.00048828125
CHNCXR_0512_1,Shenzhen,1,0,background_lossy,30,0.6942958047945205,1.0,0.99951171875,0,0.00048828125
CHNCXR_0512_1,Shenzhen,1,0,all_lossy,30,1.0,1.0,0.99365234375,0,0.00634765625
CHNCXR_0512_1,Shenzhen,1,0,lungs_lossy,50,0.3057041952054795,1.0,1.0,0,0.0
CHNCXR_0512_1,Shenzhen,1,0,background_lossy,50,0.6942958047945205,1.0,1.0,0,0.0
CHNCXR_0512_1,Shenzhen,1,0,all_lossy,50,1.0,1.0,0.99951171875,0,0.00048828125
CHNCXR_0512_1,Shenzhen,1,0,lungs_lossy,70,0.3057041952054795,1.0,1.0,0,0.0
CHNCXR_0512_1,Shenzhen,1,0,background_lossy,70,0.6942958047945205,1.0,1.0,0,0.0
CHNCXR_0512_1,Shenzhen,1,0,all_lossy,70,1.0,1.0,1.0,0,0.0
CHNCXR_0513_1,Shenzhen,1,0,lungs_lossy,10,0.3542469320776256,1.0,1.0,0,0.0
CHNCXR_0513_1,Shenzhen,1,0,background_lossy,10,0.6457530679223744,1.0,1.0,0,0.0
CHNCXR_0513_1,Shenzhen,1,0,all_lossy,10,1.0,1.0,1.0,0,0.0
CHNCXR_0513_1,Shenzhen,1,0,lungs_lossy,30,0.3542469320776256,1.0,1.0,0,0.0
CHNCXR_0513_1,Shenzhen,1,0,background_lossy,30,0.6457530679223744,1.0,1.0,0,0.0
CHNCXR_0513_1,Shenzhen,1,0,all_lossy,30,1.0,1.0,1.0,0,0.0
CHNCXR_0513_1,Shenzhen,1,0,lungs_lossy,50,0.3542469320776256,1.0,1.0,0,0.0
CHNCXR_0513_1,Shenzhen,1,0,background_lossy,50,0.6457530679223744,1.0,1.0,0,0.0
CHNCXR_0513_1,Shenzhen,1,0,all_lossy,50,1.0,1.0,1.0,0,0.0
CHNCXR_0513_1,Shenzhen,1,0,lungs_lossy,70,0.3542469320776256,1.0,1.0,0,0.0
CHNCXR_0513_1,Shenzhen,1,0,background_lossy,70,0.6457530679223744,1.0,1.0,0,0.0
CHNCXR_0513_1,Shenzhen,1,0,all_lossy,70,1.0,1.0,1.0,0,0.0
CHNCXR_0514_1,Shenzhen,1,1,lungs_lossy,10,0.2973971619897959,0.96142578125,0.99755859375,0,0.0361328125
CHNCXR_0514_1,Shenzhen,1,1,background_lossy,10,0.7026028380102041,0.96142578125,0.95751953125,0,0.00390625
CHNCXR_0514_1,Shenzhen,1,1,all_lossy,10,1.0,0.96142578125,0.998046875,0,0.03662109375
CHNCXR_0514_1,Shenzhen,1,1,lungs_lossy,30,0.2973971619897959,0.96142578125,1.0,0,0.03857421875
CHNCXR_0514_1,Shenzhen,1,1,background_lossy,30,0.7026028380102041,0.96142578125,0.96630859375,0,0.0048828125
CHNCXR_0514_1,Shenzhen,1,1,all_lossy,30,1.0,0.96142578125,0.99951171875,0,0.0380859375
CHNCXR_0514_1,Shenzhen,1,1,lungs_lossy,50,0.2973971619897959,0.96142578125,0.98681640625,0,0.025390625
CHNCXR_0514_1,Shenzhen,1,1,background_lossy,50,0.7026028380102041,0.96142578125,0.94970703125,0,0.01171875
CHNCXR_0514_1,Shenzhen,1,1,all_lossy,50,1.0,0.96142578125,0.98388671875,0,0.0224609375
CHNCXR_0514_1,Shenzhen,1,1,lungs_lossy,70,0.2973971619897959,0.96142578125,0.9462890625,0,0.01513671875
CHNCXR_0514_1,Shenzhen,1,1,background_lossy,70,0.7026028380102041,0.96142578125,0.958984375,0,0.00244140625
CHNCXR_0514_1,Shenzhen,1,1,all_lossy,70,1.0,0.96142578125,0.94677734375,0,0.0146484375
CHNCXR_0515_1,Shenzhen,1,2,lungs_lossy,10,0.3432731807511737,1.0,1.0,0,0.0
CHNCXR_0515_1,Shenzhen,1,2,background_lossy,10,0.6567268192488263,1.0,0.99951171875,0,0.00048828125
CHNCXR_0515_1,Shenzhen,1,2,all_lossy,10,1.0,1.0,0.99853515625,0,0.00146484375
CHNCXR_0515_1,Shenzhen,1,2,lungs_lossy,30,0.3432731807511737,1.0,1.0,0,0.0
CHNCXR_0515_1,Shenzhen,1,2,background_lossy,30,0.6567268192488263,1.0,1.0,0,0.0
CHNCXR_0515_1,Shenzhen,1,2,all_lossy,30,1.0,1.0,1.0,0,0.0
CHNCXR_0515_1,Shenzhen,1,2,lungs_lossy,50,0.3432731807511737,1.0,1.0,0,0.0
CHNCXR_0515_1,Shenzhen,1,2,background_lossy,50,0.6567268192488263,1.0,1.0,0,0.0
CHNCXR_0515_1,Shenzhen,1,2,all_lossy,50,1.0,1.0,1.0,0,0.0
CHNCXR_0515_1,Shenzhen,1,2,lungs_lossy,70,0.3432731807511737,1.0,1.0,0,0.0
CHNCXR_0515_1,Shenzhen,1,2,background_lossy,70,0.6567268192488263,1.0,1.0,0,0.0
CHNCXR_0515_1,Shenzhen,1,2,all_lossy,70,1.0,1.0,1.0,0,0.0
CHNCXR_0516_1,Shenzhen,1,2,lungs_lossy,10,0.2347526041666666,0.99951171875,0.99853515625,0,0.0009765625
CHNCXR_0516_1,Shenzhen,1,2,background_lossy,10,0.7652473958333333,0.99951171875,0.99755859375,0,0.001953125
CHNCXR_0516_1,Shenzhen,1,2,all_lossy,10,1.0,0.99951171875,0.99169921875,0,0.0078125
CHNCXR_0516_1,Shenzhen,1,2,lungs_lossy,30,0.2347526041666666,0.99951171875,1.0,0,0.00048828125
CHNCXR_0516_1,Shenzhen,1,2,background_lossy,30,0.7652473958333333,0.99951171875,0.99853515625,0,0.0009765625
CHNCXR_0516_1,Shenzhen,1,2,all_lossy,30,1.0,0.99951171875,0.99951171875,0,0.0
CHNCXR_0516_1,Shenzhen,1,2,lungs_lossy,50,0.2347526041666666,0.99951171875,0.99951171875,0,0.0
CHNCXR_0516_1,Shenzhen,1,2,background_lossy,50,0.7652473958333333,0.99951171875,0.998046875,0,0.00146484375
CHNCXR_0516_1,Shenzhen,1,2,all_lossy,50,1.0,0.99951171875,0.998046875,0,0.00146484375
CHNCXR_0516_1,Shenzhen,1,2,lungs_lossy,70,0.2347526041666666,0.99951171875,0.99951171875,0,0.0
CHNCXR_0516_1,Shenzhen,1,2,background_lossy,70,0.7652473958333333,0.99951171875,0.9990234375,0,0.00048828125
CHNCXR_0516_1,Shenzhen,1,2,all_lossy,70,1.0,0.99951171875,0.9990234375,0,0.00048828125
CHNCXR_0517_1,Shenzhen,1,0,lungs_lossy,10,0.28591486722103,0.9052734375,0.9521484375,0,0.046875
CHNCXR_0517_1,Shenzhen,1,0,background_lossy,10,0.7140851327789699,0.9052734375,0.1982421875,1,0.70703125
CHNCXR_0517_1,Shenzhen,1,0,all_lossy,10,1.0,0.9052734375,0.83984375,0,0.0654296875
CHNCXR_0517_1,Shenzhen,1,0,lungs_lossy,30,0.28591486722103,0.9052734375,0.9814453125,0,0.076171875
CHNCXR_0517_1,Shenzhen,1,0,background_lossy,30,0.7140851327789699,0.9052734375,0.2454833984375,1,0.6597900390625
CHNCXR_0517_1,Shenzhen,1,0,all_lossy,30,1.0,0.9052734375,0.82568359375,0,0.07958984375
CHNCXR_0517_1,Shenzhen,1,0,lungs_lossy,50,0.28591486722103,0.9052734375,0.6484375,0,0.2568359375
CHNCXR_0517_1,Shenzhen,1,0,background_lossy,50,0.7140851327789699,0.9052734375,0.330322265625,1,0.574951171875
CHNCXR_0517_1,Shenzhen,1,0,all_lossy,50,1.0,0.9052734375,0.1727294921875,1,0.7325439453125
CHNCXR_0517_1,Shenzhen,1,0,lungs_lossy,70,0.28591486722103,0.9052734375,0.916015625,0,0.0107421875
CHNCXR_0517_1,Shenzhen,1,0,background_lossy,70,0.7140851327789699,0.9052734375,0.83154296875,0,0.07373046875
CHNCXR_0517_1,Shenzhen,1,0,all_lossy,70,1.0,0.9052734375,0.86572265625,0,0.03955078125
CHNCXR_0518_1,Shenzhen,1,0,lungs_lossy,10,0.3506657008830022,0.99755859375,1.0,0,0.00244140625
CHNCXR_0518_1,Shenzhen,1,0,background_lossy,10,0.6493342991169978,0.99755859375,0.984375,0,0.01318359375
CHNCXR_0518_1,Shenzhen,1,0,all_lossy,10,1.0,0.99755859375,1.0,0,0.00244140625
CHNCXR_0518_1,Shenzhen,1,0,lungs_lossy,30,0.3506657008830022,0.99755859375,0.99951171875,0,0.001953125
CHNCXR_0518_1,Shenzhen,1,0,background_lossy,30,0.6493342991169978,0.99755859375,0.9375,0,0.06005859375
CHNCXR_0518_1,Shenzhen,1,0,all_lossy,30,1.0,0.99755859375,0.9697265625,0,0.02783203125
CHNCXR_0518_1,Shenzhen,1,0,lungs_lossy,50,0.3506657008830022,0.99755859375,0.9931640625,0,0.00439453125
CHNCXR_0518_1,Shenzhen,1,0,background_lossy,50,0.6493342991169978,0.99755859375,0.990234375,0,0.00732421875
CHNCXR_0518_1,Shenzhen,1,0,all_lossy,50,1.0,0.99755859375,0.97509765625,0,0.0224609375
CHNCXR_0518_1,Shenzhen,1,0,lungs_lossy,70,0.3506657008830022,0.99755859375,0.99658203125,0,0.0009765625
CHNCXR_0518_1,Shenzhen,1,0,background_lossy,70,0.6493342991169978,0.99755859375,0.99658203125,0,0.0009765625
CHNCXR_0518_1,Shenzhen,1,0,all_lossy,70,1.0,0.99755859375,0.9951171875,0,0.00244140625
CHNCXR_0519_1,Shenzhen,1,0,lungs_lossy,10,0.346822282909292,1.0,1.0,0,0.0
CHNCXR_0519_1,Shenzhen,1,0,background_lossy,10,0.653177717090708,1.0,0.9921875,0,0.0078125
CHNCXR_0519_1,Shenzhen,1,0,all_lossy,10,1.0,1.0,0.998046875,0,0.001953125
CHNCXR_0519_1,Shenzhen,1,0,lungs_lossy,30,0.346822282909292,1.0,1.0,0,0.0
CHNCXR_0519_1,Shenzhen,1,0,background_lossy,30,0.653177717090708,1.0,0.99755859375,0,0.00244140625
CHNCXR_0519_1,Shenzhen,1,0,all_lossy,30,1.0,1.0,0.99853515625,0,0.00146484375
CHNCXR_0519_1,Shenzhen,1,0,lungs_lossy,50,0.346822282909292,1.0,1.0,0,0.0
CHNCXR_0519_1,Shenzhen,1,0,background_lossy,50,0.653177717090708,1.0,0.9990234375,0,0.0009765625
CHNCXR_0519_1,Shenzhen,1,0,all_lossy,50,1.0,1.0,0.99951171875,0,0.00048828125
CHNCXR_0519_1,Shenzhen,1,0,lungs_lossy,70,0.346822282909292,1.0,1.0,0,0.0
CHNCXR_0519_1,Shenzhen,1,0,background_lossy,70,0.653177717090708,1.0,0.99951171875,0,0.00048828125
CHNCXR_0519_1,Shenzhen,1,0,all_lossy,70,1.0,1.0,0.99951171875,0,0.00048828125
CHNCXR_0520_1,Shenzhen,1,3,lungs_lossy,10,0.2780651399803536,0.85986328125,0.04931640625,1,0.810546875
CHNCXR_0520_1,Shenzhen,1,3,background_lossy,10,0.7219348600196464,0.85986328125,0.5927734375,0,0.26708984375
CHNCXR_0520_1,Shenzhen,1,3,all_lossy,10,1.0,0.85986328125,0.0953369140625,1,0.7645263671875
CHNCXR_0520_1,Shenzhen,1,3,lungs_lossy,30,0.2780651399803536,0.85986328125,0.6328125,0,0.22705078125
CHNCXR_0520_1,Shenzhen,1,3,background_lossy,30,0.7219348600196464,0.85986328125,0.708984375,0,0.15087890625
CHNCXR_0520_1,Shenzhen,1,3,all_lossy,30,1.0,0.85986328125,0.71240234375,0,0.1474609375
CHNCXR_0520_1,Shenzhen,1,3,lungs_lossy,50,0.2780651399803536,0.85986328125,0.67724609375,0,0.1826171875
CHNCXR_0520_1,Shenzhen,1,3,background_lossy,50,0.7219348600196464,0.85986328125,0.794921875,0,0.06494140625
CHNCXR_0520_1,Shenzhen,1,3,all_lossy,50,1.0,0.85986328125,0.6767578125,0,0.18310546875
CHNCXR_0520_1,Shenzhen,1,3,lungs_lossy,70,0.2780651399803536,0.85986328125,0.7646484375,0,0.09521484375
CHNCXR_0520_1,Shenzhen,1,3,background_lossy,70,0.7219348600196464,0.85986328125,0.81396484375,0,0.0458984375
CHNCXR_0520_1,Shenzhen,1,3,all_lossy,70,1.0,0.85986328125,0.7080078125,0,0.15185546875
CHNCXR_0521_1,Shenzhen,1,2,lungs_lossy,10,0.3836964574353448,1.0,0.982421875,0,0.017578125
CHNCXR_0521_1,Shenzhen,1,2,background_lossy,10,0.6163035425646552,1.0,1.0,0,0.0
CHNCXR_0521_1,Shenzhen,1,2,all_lossy,10,1.0,1.0,0.998046875,0,0.001953125
CHNCXR_0521_1,Shenzhen,1,2,lungs_lossy,30,0.3836964574353448,1.0,1.0,0,0.0
CHNCXR_0521_1,Shenzhen,1,2,background_lossy,30,0.6163035425646552,1.0,1.0,0,0.0
CHNCXR_0521_1,Shenzhen,1,2,all_lossy,30,1.0,1.0,1.0,0,0.0
CHNCXR_0521_1,Shenzhen,1,2,lungs_lossy,50,0.3836964574353448,1.0,1.0,0,0.0
CHNCXR_0521_1,Shenzhen,1,2,background_lossy,50,0.6163035425646552,1.0,1.0,0,0.0
CHNCXR_0521_1,Shenzhen,1,2,all_lossy,50,1.0,1.0,1.0,0,0.0
CHNCXR_0521_1,Shenzhen,1,2,lungs_lossy,70,0.3836964574353448,1.0,1.0,0,0.0
CHNCXR_0521_1,Shenzhen,1,2,background_lossy,70,0.6163035425646552,1.0,1.0,0,0.0
CHNCXR_0521_1,Shenzhen,1,2,all_lossy,70,1.0,1.0,1.0,0,0.0
CHNCXR_0522_1,Shenzhen,1,3,lungs_lossy,10,0.2913497121710526,0.947265625,0.93310546875,0,0.01416015625
CHNCXR_0522_1,Shenzhen,1,3,background_lossy,10,0.7086502878289473,0.947265625,0.64013671875,0,0.30712890625
CHNCXR_0522_1,Shenzhen,1,3,all_lossy,10,1.0,0.947265625,0.52685546875,0,0.42041015625
CHNCXR_0522_1,Shenzhen,1,3,lungs_lossy,30,0.2913497121710526,0.947265625,0.9951171875,0,0.0478515625
CHNCXR_0522_1,Shenzhen,1,3,background_lossy,30,0.7086502878289473,0.947265625,0.77392578125,0,0.17333984375
CHNCXR_0522_1,Shenzhen,1,3,all_lossy,30,1.0,0.947265625,0.9638671875,0,0.0166015625
CHNCXR_0522_1,Shenzhen,1,3,lungs_lossy,50,0.2913497121710526,0.947265625,0.97607421875,0,0.02880859375
CHNCXR_0522_1,Shenzhen,1,3,background_lossy,50,0.7086502878289473,0.947265625,0.8955078125,0,0.0517578125
CHNCXR_0522_1,Shenzhen,1,3,all_lossy,50,1.0,0.947265625,0.95068359375,0,0.00341796875
CHNCXR_0522_1,Shenzhen,1,3,lungs_lossy,70,0.2913497121710526,0.947265625,0.9365234375,0,0.0107421875
CHNCXR_0522_1,Shenzhen,1,3,background_lossy,70,0.7086502878289473,0.947265625,0.93310546875,0,0.01416015625
CHNCXR_0522_1,Shenzhen,1,3,all_lossy,70,1.0,0.947265625,0.921875,0,0.025390625
CHNCXR_0523_1,Shenzhen,1,3,lungs_lossy,10,0.3122675822025052,0.81201171875,0.90673828125,0,0.0947265625
CHNCXR_0523_1,Shenzhen,1,3,background_lossy,10,0.6877324177974948,0.81201171875,0.40966796875,1,0.40234375
CHNCXR_0523_1,Shenzhen,1,3,all_lossy,10,1.0,0.81201171875,0.548828125,0,0.26318359375
CHNCXR_0523_1,Shenzhen,1,3,lungs_lossy,30,0.3122675822025052,0.81201171875,0.8759765625,0,0.06396484375
CHNCXR_0523_1,Shenzhen,1,3,background_lossy,30,0.6877324177974948,0.81201171875,0.5673828125,0,0.24462890625
CHNCXR_0523_1,Shenzhen,1,3,all_lossy,30,1.0,0.81201171875,0.59423828125,0,0.2177734375
CHNCXR_0523_1,Shenzhen,1,3,lungs_lossy,50,0.3122675822025052,0.81201171875,0.81103515625,0,0.0009765625
CHNCXR_0523_1,Shenzhen,1,3,background_lossy,50,0.6877324177974948,0.81201171875,0.6376953125,0,0.17431640625
CHNCXR_0523_1,Shenzhen,1,3,all_lossy,50,1.0,0.81201171875,0.66552734375,0,0.146484375
CHNCXR_0523_1,Shenzhen,1,3,lungs_lossy,70,0.3122675822025052,0.81201171875,0.74755859375,0,0.064453125
CHNCXR_0523_1,Shenzhen,1,3,background_lossy,70,0.6877324177974948,0.81201171875,0.79150390625,0,0.0205078125
CHNCXR_0523_1,Shenzhen,1,3,all_lossy,70,1.0,0.81201171875,0.71044921875,0,0.1015625
CHNCXR_0524_1,Shenzhen,1,2,lungs_lossy,10,0.3057807586477987,0.99951171875,0.99658203125,0,0.0029296875
CHNCXR_0524_1,Shenzhen,1,2,background_lossy,10,0.6942192413522013,0.99951171875,0.99951171875,0,0.0
CHNCXR_0524_1,Shenzhen,1,2,all_lossy,10,1.0,0.99951171875,0.9970703125,0,0.00244140625
CHNCXR_0524_1,Shenzhen,1,2,lungs_lossy,30,0.3057807586477987,0.99951171875,1.0,0,0.00048828125
CHNCXR_0524_1,Shenzhen,1,2,background_lossy,30,0.6942192413522013,0.99951171875,1.0,0,0.00048828125
CHNCXR_0524_1,Shenzhen,1,2,all_lossy,30,1.0,0.99951171875,1.0,0,0.00048828125
CHNCXR_0524_1,Shenzhen,1,2,lungs_lossy,50,0.3057807586477987,0.99951171875,1.0,0,0.00048828125
CHNCXR_0524_1,Shenzhen,1,2,background_lossy,50,0.6942192413522013,0.99951171875,1.0,0,0.00048828125
CHNCXR_0524_1,Shenzhen,1,2,all_lossy,50,1.0,0.99951171875,1.0,0,0.00048828125
CHNCXR_0524_1,Shenzhen,1,2,lungs_lossy,70,0.3057807586477987,0.99951171875,0.99951171875,0,0.0
CHNCXR_0524_1,Shenzhen,1,2,background_lossy,70,0.6942192413522013,0.99951171875,1.0,0,0.00048828125
CHNCXR_0524_1,Shenzhen,1,2,all_lossy,70,1.0,0.99951171875,1.0,0,0.00048828125
CHNCXR_0525_1,Shenzhen,1,3,lungs_lossy,10,0.3662676130022321,0.91650390625,0.1573486328125,1,0.7591552734375
CHNCXR_0525_1,Shenzhen,1,3,background_lossy,10,0.6337323869977678,0.91650390625,0.86328125,0,0.05322265625
CHNCXR_0525_1,Shenzhen,1,3,all_lossy,10,1.0,0.91650390625,0.2108154296875,1,0.7056884765625
CHNCXR_0525_1,Shenzhen,1,3,lungs_lossy,30,0.3662676130022321,0.91650390625,0.75732421875,0,0.1591796875
CHNCXR_0525_1,Shenzhen,1,3,background_lossy,30,0.6337323869977678,0.91650390625,0.8359375,0,0.08056640625
CHNCXR_0525_1,Shenzhen,1,3,all_lossy,30,1.0,0.91650390625,0.6806640625,0,0.23583984375
CHNCXR_0525_1,Shenzhen,1,3,lungs_lossy,50,0.3662676130022321,0.91650390625,0.791015625,0,0.12548828125
CHNCXR_0525_1,Shenzhen,1,3,background_lossy,50,0.6337323869977678,0.91650390625,0.87890625,0,0.03759765625
CHNCXR_0525_1,Shenzhen,1,3,all_lossy,50,1.0,0.91650390625,0.74951171875,0,0.1669921875
CHNCXR_0525_1,Shenzhen,1,3,lungs_lossy,70,0.3662676130022321,0.91650390625,0.89111328125,0,0.025390625
CHNCXR_0525_1,Shenzhen,1,3,background_lossy,70,0.6337323869977678,0.91650390625,0.9013671875,0,0.01513671875
CHNCXR_0525_1,Shenzhen,1,3,all_lossy,70,1.0,0.91650390625,0.87353515625,0,0.04296875
CHNCXR_0526_1,Shenzhen,1,4,lungs_lossy,10,0.253790543542654,0.97802734375,0.6552734375,0,0.32275390625
CHNCXR_0526_1,Shenzhen,1,4,background_lossy,10,0.746209456457346,0.97802734375,0.9638671875,0,0.01416015625
CHNCXR_0526_1,Shenzhen,1,4,all_lossy,10,1.0,0.97802734375,0.30029296875,1,0.677734375
CHNCXR_0526_1,Shenzhen,1,4,lungs_lossy,30,0.253790543542654,0.97802734375,0.9658203125,0,0.01220703125
CHNCXR_0526_1,Shenzhen,1,4,background_lossy,30,0.746209456457346,0.97802734375,0.96826171875,0,0.009765625
CHNCXR_0526_1,Shenzhen,1,4,all_lossy,30,1.0,0.97802734375,0.87548828125,0,0.1025390625
CHNCXR_0526_1,Shenzhen,1,4,lungs_lossy,50,0.253790543542654,0.97802734375,0.98388671875,0,0.005859375
CHNCXR_0526_1,Shenzhen,1,4,background_lossy,50,0.746209456457346,0.97802734375,0.97802734375,0,0.0
CHNCXR_0526_1,Shenzhen,1,4,all_lossy,50,1.0,0.97802734375,0.9794921875,0,0.00146484375
CHNCXR_0526_1,Shenzhen,1,4,lungs_lossy,70,0.253790543542654,0.97802734375,0.98095703125,0,0.0029296875
CHNCXR_0526_1,Shenzhen,1,4,background_lossy,70,0.746209456457346,0.97802734375,0.978515625,0,0.00048828125
CHNCXR_0526_1,Shenzhen,1,4,all_lossy,70,1.0,0.97802734375,0.98046875,0,0.00244140625
CHNCXR_0527_1,Shenzhen,1,2,lungs_lossy,10,0.3132212785269709,1.0,1.0,0,0.0
CHNCXR_0527_1,Shenzhen,1,2,background_lossy,10,0.686778721473029,1.0,1.0,0,0.0
CHNCXR_0527_1,Shenzhen,1,2,all_lossy,10,1.0,1.0,1.0,0,0.0
CHNCXR_0527_1,Shenzhen,1,2,lungs_lossy,30,0.3132212785269709,1.0,1.0,0,0.0
CHNCXR_0527_1,Shenzhen,1,2,background_lossy,30,0.686778721473029,1.0,1.0,0,0.0
CHNCXR_0527_1,Shenzhen,1,2,all_lossy,30,1.0,1.0,1.0,0,0.0
CHNCXR_0527_1,Shenzhen,1,2,lungs_lossy,50,0.3132212785269709,1.0,1.0,0,0.0
CHNCXR_0527_1,Shenzhen,1,2,background_lossy,50,0.686778721473029,1.0,1.0,0,0.0
CHNCXR_0527_1,Shenzhen,1,2,all_lossy,50,1.0,1.0,1.0,0,0.0
CHNCXR_0527_1,Shenzhen,1,2,lungs_lossy,70,0.3132212785269709,1.0,1.0,0,0.0
CHNCXR_0527_1,Shenzhen,1,2,background_lossy,70,0.686778721473029,1.0,1.0,0,0.0
CHNCXR_0527_1,Shenzhen,1,2,all_lossy,70,1.0,1.0,1.0,0,0.0
CHNCXR_0528_1,Shenzhen,1,2,lungs_lossy,10,0.3751996179859719,0.98974609375,1.0,0,0.01025390625
CHNCXR_0528_1,Shenzhen,1,2,background_lossy,10,0.624800382014028,0.98974609375,0.8876953125,0,0.10205078125
CHNCXR_0528_1,Shenzhen,1,2,all_lossy,10,1.0,0.98974609375,0.99951171875,0,0.009765625
CHNCXR_0528_1,Shenzhen,1,2,lungs_lossy,30,0.3751996179859719,0.98974609375,0.99951171875,0,0.009765625
CHNCXR_0528_1,Shenzhen,1,2,background_lossy,30,0.624800382014028,0.98974609375,0.83203125,0,0.15771484375
CHNCXR_0528_1,Shenzhen,1,2,all_lossy,30,1.0,0.98974609375,0.98828125,0,0.00146484375
CHNCXR_0528_1,Shenzhen,1,2,lungs_lossy,50,0.3751996179859719,0.98974609375,0.99560546875,0,0.005859375
CHNCXR_0528_1,Shenzhen,1,2,background_lossy,50,0.624800382014028,0.98974609375,0.9697265625,0,0.02001953125
CHNCXR_0528_1,Shenzhen,1,2,all_lossy,50,1.0,0.98974609375,0.98681640625,0,0.0029296875
CHNCXR_0528_1,Shenzhen,1,2,lungs_lossy,70,0.3751996179859719,0.98974609375,0.9892578125,0,0.00048828125
CHNCXR_0528_1,Shenzhen,1,2,background_lossy,70,0.624800382014028,0.98974609375,0.9892578125,0,0.00048828125
CHNCXR_0528_1,Shenzhen,1,2,all_lossy,70,1.0,0.98974609375,0.98828125,0,0.00146484375
CHNCXR_0529_1,Shenzhen,1,2,lungs_lossy,10,0.3662267522773279,1.0,1.0,0,0.0
CHNCXR_0529_1,Shenzhen,1,2,background_lossy,10,0.6337732477226721,1.0,1.0,0,0.0
CHNCXR_0529_1,Shenzhen,1,2,all_lossy,10,1.0,1.0,1.0,0,0.0
CHNCXR_0529_1,Shenzhen,1,2,lungs_lossy,30,0.3662267522773279,1.0,1.0,0,0.0
CHNCXR_0529_1,Shenzhen,1,2,background_lossy,30,0.6337732477226721,1.0,1.0,0,0.0
CHNCXR_0529_1,Shenzhen,1,2,all_lossy,30,1.0,1.0,1.0,0,0.0
CHNCXR_0529_1,Shenzhen,1,2,lungs_lossy,50,0.3662267522773279,1.0,1.0,0,0.0
CHNCXR_0529_1,Shenzhen,1,2,background_lossy,50,0.6337732477226721,1.0,1.0,0,0.0
CHNCXR_0529_1,Shenzhen,1,2,all_lossy,50,1.0,1.0,1.0,0,0.0
CHNCXR_0529_1,Shenzhen,1,2,lungs_lossy,70,0.3662267522773279,1.0,1.0,0,0.0
CHNCXR_0529_1,Shenzhen,1,2,background_lossy,70,0.6337732477226721,1.0,1.0,0,0.0
CHNCXR_0529_1,Shenzhen,1,2,all_lossy,70,1.0,1.0,1.0,0,0.0
CHNCXR_0530_1,Shenzhen,1,2,lungs_lossy,10,0.2777063061377245,1.0,1.0,0,0.0
CHNCXR_0530_1,Shenzhen,1,2,background_lossy,10,0.7222936938622755,1.0,1.0,0,0.0
CHNCXR_0530_1,Shenzhen,1,2,all_lossy,10,1.0,1.0,0.99853515625,0,0.00146484375
CHNCXR_0530_1,Shenzhen,1,2,lungs_lossy,30,0.2777063061377245,1.0,1.0,0,0.0
CHNCXR_0530_1,Shenzhen,1,2,background_lossy,30,0.7222936938622755,1.0,1.0,0,0.0
CHNCXR_0530_1,Shenzhen,1,2,all_lossy,30,1.0,1.0,1.0,0,0.0
CHNCXR_0530_1,Shenzhen,1,2,lungs_lossy,50,0.2777063061377245,1.0,1.0,0,0.0
CHNCXR_0530_1,Shenzhen,1,2,background_lossy,50,0.7222936938622755,1.0,1.0,0,0.0
CHNCXR_0530_1,Shenzhen,1,2,all_lossy,50,1.0,1.0,1.0,0,0.0
CHNCXR_0530_1,Shenzhen,1,2,lungs_lossy,70,0.2777063061377245,1.0,1.0,0,0.0
CHNCXR_0530_1,Shenzhen,1,2,background_lossy,70,0.7222936938622755,1.0,1.0,0,0.0
CHNCXR_0530_1,Shenzhen,1,2,all_lossy,70,1.0,1.0,1.0,0,0.0
CHNCXR_0531_1,Shenzhen,1,1,lungs_lossy,10,0.3748426755893909,1.0,0.99853515625,0,0.00146484375
CHNCXR_0531_1,Shenzhen,1,1,background_lossy,10,0.625157324410609,1.0,1.0,0,0.0
CHNCXR_0531_1,Shenzhen,1,1,all_lossy,10,1.0,1.0,0.99853515625,0,0.00146484375
CHNCXR_0531_1,Shenzhen,1,1,lungs_lossy,30,0.3748426755893909,1.0,1.0,0,0.0
CHNCXR_0531_1,Shenzhen,1,1,background_lossy,30,0.625157324410609,1.0,0.99951171875,0,0.00048828125
CHNCXR_0531_1,Shenzhen,1,1,all_lossy,30,1.0,1.0,0.99951171875,0,0.00048828125
CHNCXR_0531_1,Shenzhen,1,1,lungs_lossy,50,0.3748426755893909,1.0,1.0,0,0.0
CHNCXR_0531_1,Shenzhen,1,1,background_lossy,50,0.625157324410609,1.0,1.0,0,0.0
CHNCXR_0531_1,Shenzhen,1,1,all_lossy,50,1.0,1.0,1.0,0,0.0
CHNCXR_0531_1,Shenzhen,1,1,lungs_lossy,70,0.3748426755893909,1.0,1.0,0,0.0
CHNCXR_0531_1,Shenzhen,1,1,background_lossy,70,0.625157324410609,1.0,1.0,0,0.0
CHNCXR_0531_1,Shenzhen,1,1,all_lossy,70,1.0,1.0,1.0,0,0.0
CHNCXR_0532_1,Shenzhen,1,2,lungs_lossy,10,0.3240841923277662,0.99658203125,0.9970703125,0,0.00048828125
CHNCXR_0532_1,Shenzhen,1,2,background_lossy,10,0.6759158076722338,0.99658203125,0.998046875,0,0.00146484375
CHNCXR_0532_1,Shenzhen,1,2,all_lossy,10,1.0,0.99658203125,0.9970703125,0,0.00048828125
CHNCXR_0532_1,Shenzhen,1,2,lungs_lossy,30,0.3240841923277662,0.99658203125,0.99951171875,0,0.0029296875
CHNCXR_0532_1,Shenzhen,1,2,background_lossy,30,0.6759158076722338,0.99658203125,0.99658203125,0,0.0
CHNCXR_0532_1,Shenzhen,1,2,all_lossy,30,1.0,0.99658203125,0.9990234375,0,0.00244140625
CHNCXR_0532_1,Shenzhen,1,2,lungs_lossy,50,0.3240841923277662,0.99658203125,0.9970703125,0,0.00048828125
CHNCXR_0532_1,Shenzhen,1,2,background_lossy,50,0.6759158076722338,0.99658203125,0.99462890625,0,0.001953125
CHNCXR_0532_1,Shenzhen,1,2,all_lossy,50,1.0,0.99658203125,0.99609375,0,0.00048828125
CHNCXR_0532_1,Shenzhen,1,2,lungs_lossy,70,0.3240841923277662,0.99658203125,0.99560546875,0,0.0009765625
CHNCXR_0532_1,Shenzhen,1,2,background_lossy,70,0.6759158076722338,0.99658203125,0.998046875,0,0.00146484375
CHNCXR_0532_1,Shenzhen,1,2,all_lossy,70,1.0,0.99658203125,0.998046875,0,0.00146484375
CHNCXR_0533_1,Shenzhen,1,1,lungs_lossy,10,0.3317155934343434,0.99609375,0.98486328125,0,0.01123046875
CHNCXR_0533_1,Shenzhen,1,1,background_lossy,10,0.6682844065656566,0.99609375,0.9912109375,0,0.0048828125
CHNCXR_0533_1,Shenzhen,1,1,all_lossy,10,1.0,0.99609375,0.94384765625,0,0.05224609375
CHNCXR_0533_1,Shenzhen,1,1,lungs_lossy,30,0.3317155934343434,0.99609375,0.99609375,0,0.0
CHNCXR_0533_1,Shenzhen,1,1,background_lossy,30,0.6682844065656566,0.99609375,0.9775390625,0,0.0185546875
CHNCXR_0533_1,Shenzhen,1,1,all_lossy,30,1.0,0.99609375,0.97705078125,0,0.01904296875
CHNCXR_0533_1,Shenzhen,1,1,lungs_lossy,50,0.3317155934343434,0.99609375,0.99609375,0,0.0
CHNCXR_0533_1,Shenzhen,1,1,background_lossy,50,0.6682844065656566,0.99609375,0.9912109375,0,0.0048828125
CHNCXR_0533_1,Shenzhen,1,1,all_lossy,50,1.0,0.99609375,0.98974609375,0,0.00634765625
CHNCXR_0533_1,Shenzhen,1,1,lungs_lossy,70,0.3317155934343434,0.99609375,0.99560546875,0,0.00048828125
CHNCXR_0533_1,Shenzhen,1,1,background_lossy,70,0.6682844065656566,0.99609375,0.99462890625,0,0.00146484375
CHNCXR_0533_1,Shenzhen,1,1,all_lossy,70,1.0,0.99609375,0.994140625,0,0.001953125
CHNCXR_0534_1,Shenzhen,1,0,lungs_lossy,10,0.3403532608695652,0.99609375,1.0,0,0.00390625
CHNCXR_0534_1,Shenzhen,1,0,background_lossy,10,0.6596467391304348,0.99609375,0.89013671875,0,0.10595703125
CHNCXR_0534_1,Shenzhen,1,0,all_lossy,10,1.0,0.99609375,0.99853515625,0,0.00244140625
CHNCXR_0534_1,Shenzhen,1,0,lungs_lossy,30,0.3403532608695652,0.99609375,1.0,0,0.00390625
CHNCXR_0534_1,Shenzhen,1,0,background_lossy,30,0.6596467391304348,0.99609375,0.9833984375,0,0.0126953125
CHNCXR_0534_1,Shenzhen,1,0,all_lossy,30,1.0,0.99609375,0.9990234375,0,0.0029296875
CHNCXR_0534_1,Shenzhen,1,0,lungs_lossy,50,0.3403532608695652,0.99609375,0.9990234375,0,0.0029296875
CHNCXR_0534_1,Shenzhen,1,0,background_lossy,50,0.6596467391304348,0.99609375,0.99072265625,0,0.00537109375
CHNCXR_0534_1,Shenzhen,1,0,all_lossy,50,1.0,0.99609375,0.998046875,0,0.001953125
CHNCXR_0534_1,Shenzhen,1,0,lungs_lossy,70,0.3403532608695652,0.99609375,0.998046875,0,0.001953125
CHNCXR_0534_1,Shenzhen,1,0,background_lossy,70,0.6596467391304348,0.99609375,0.99658203125,0,0.00048828125
CHNCXR_0534_1,Shenzhen,1,0,all_lossy,70,1.0,0.99609375,0.998046875,0,0.001953125
CHNCXR_0535_1,Shenzhen,1,1,lungs_lossy,10,0.3018902277542373,0.97509765625,0.92431640625,0,0.05078125
CHNCXR_0535_1,Shenzhen,1,1,background_lossy,10,0.6981097722457628,0.97509765625,0.9453125,0,0.02978515625
CHNCXR_0535_1,Shenzhen,1,1,all_lossy,10,1.0,0.97509765625,0.9580078125,0,0.01708984375
CHNCXR_0535_1,Shenzhen,1,1,lungs_lossy,30,0.3018902277542373,0.97509765625,0.9970703125,0,0.02197265625
CHNCXR_0535_1,Shenzhen,1,1,background_lossy,30,0.6981097722457628,0.97509765625,0.935546875,0,0.03955078125
CHNCXR_0535_1,Shenzhen,1,1,all_lossy,30,1.0,0.97509765625,0.99267578125,0,0.017578125
CHNCXR_0535_1,Shenzhen,1,1,lungs_lossy,50,0.3018902277542373,0.97509765625,0.98583984375,0,0.0107421875
CHNCXR_0535_1,Shenzhen,1,1,background_lossy,50,0.6981097722457628,0.97509765625,0.96923828125,0,0.005859375
CHNCXR_0535_1,Shenzhen,1,1,all_lossy,50,1.0,0.97509765625,0.98876953125,0,0.013671875
CHNCXR_0535_1,Shenzhen,1,1,lungs_lossy,70,0.3018902277542373,0.97509765625,0.97119140625,0,0.00390625
CHNCXR_0535_1,Shenzhen,1,1,background_lossy,70,0.6981097722457628,0.97509765625,0.951171875,0,0.02392578125
CHNCXR_0535_1,Shenzhen,1,1,all_lossy,70,1.0,0.97509765625,0.9404296875,0,0.03466796875
CHNCXR_0536_1,Shenzhen,1,0,lungs_lossy,10,0.3691164127066115,0.9990234375,1.0,0,0.0009765625
CHNCXR_0536_1,Shenzhen,1,0,background_lossy,10,0.6308835872933884,0.9990234375,0.9931640625,0,0.005859375
CHNCXR_0536_1,Shenzhen,1,0,all_lossy,10,1.0,0.9990234375,1.0,0,0.0009765625
CHNCXR_0536_1,Shenzhen,1,0,lungs_lossy,30,0.3691164127066115,0.9990234375,0.99951171875,0,0.00048828125
CHNCXR_0536_1,Shenzhen,1,0,background_lossy,30,0.6308835872933884,0.9990234375,0.9892578125,0,0.009765625
CHNCXR_0536_1,Shenzhen,1,0,all_lossy,30,1.0,0.9990234375,0.9970703125,0,0.001953125
CHNCXR_0536_1,Shenzhen,1,0,lungs_lossy,50,0.3691164127066115,0.9990234375,0.99951171875,0,0.00048828125
CHNCXR_0536_1,Shenzhen,1,0,background_lossy,50,0.6308835872933884,0.9990234375,0.99609375,0,0.0029296875
CHNCXR_0536_1,Shenzhen,1,0,all_lossy,50,1.0,0.9990234375,0.99853515625,0,0.00048828125
CHNCXR_0536_1,Shenzhen,1,0,lungs_lossy,70,0.3691164127066115,0.9990234375,0.99853515625,0,0.00048828125
CHNCXR_0536_1,Shenzhen,1,0,background_lossy,70,0.6308835872933884,0.9990234375,0.9990234375,0,0.0
CHNCXR_0536_1,Shenzhen,1,0,all_lossy,70,1.0,0.9990234375,0.99853515625,0,0.00048828125
CHNCXR_0537_1,Shenzhen,1,0,lungs_lossy,10,0.3633311170212766,1.0,1.0,0,0.0
CHNCXR_0537_1,Shenzhen,1,0,background_lossy,10,0.6366688829787235,1.0,0.99951171875,0,0.00048828125
CHNCXR_0537_1,Shenzhen,1,0,all_lossy,10,1.0,1.0,0.99951171875,0,0.00048828125
CHNCXR_0537_1,Shenzhen,1,0,lungs_lossy,30,0.3633311170212766,1.0,1.0,0,0.0
CHNCXR_0537_1,Shenzhen,1,0,background_lossy,30,0.6366688829787235,1.0,1.0,0,0.0
CHNCXR_0537_1,Shenzhen,1,0,all_lossy,30,1.0,1.0,1.0,0,0.0
CHNCXR_0537_1,Shenzhen,1,0,lungs_lossy,50,0.3633311170212766,1.0,1.0,0,0.0
CHNCXR_0537_1,Shenzhen,1,0,background_lossy,50,0.6366688829787235,1.0,1.0,0,0.0
CHNCXR_0537_1,Shenzhen,1,0,all_lossy,50,1.0,1.0,1.0,0,0.0
CHNCXR_0537_1,Shenzhen,1,0,lungs_lossy,70,0.3633311170212766,1.0,1.0,0,0.0
CHNCXR_0537_1,Shenzhen,1,0,background_lossy,70,0.6366688829787235,1.0,1.0,0,0.0
CHNCXR_0537_1,Shenzhen,1,0,all_lossy,70,1.0,1.0,1.0,0,0.0
CHNCXR_0538_1,Shenzhen,1,0,lungs_lossy,10,0.4081405534897025,1.0,1.0,0,0.0
CHNCXR_0538_1,Shenzhen,1,0,background_lossy,10,0.5918594465102975,1.0,1.0,0,0.0
CHNCXR_0538_1,Shenzhen,1,0,all_lossy,10,1.0,1.0,0.99951171875,0,0.00048828125
CHNCXR_0538_1,Shenzhen,1,0,lungs_lossy,30,0.4081405534897025,1.0,1.0,0,0.0
CHNCXR_0538_1,Shenzhen,1,0,background_lossy,30,0.5918594465102975,1.0,1.0,0,0.0
CHNCXR_0538_1,Shenzhen,1,0,all_lossy,30,1.0,1.0,1.0,0,0.0
CHNCXR_0538_1,Shenzhen,1,0,lungs_lossy,50,0.4081405534897025,1.0,1.0,0,0.0
CHNCXR_0538_1,Shenzhen,1,0,background_lossy,50,0.5918594465102975,1.0,1.0,0,0.0
CHNCXR_0538_1,Shenzhen,1,0,all_lossy,50,1.0,1.0,1.0,0,0.0
CHNCXR_0538_1,Shenzhen,1,0,lungs_lossy,70,0.4081405534897025,1.0,1.0,0,0.0
CHNCXR_0538_1,Shenzhen,1,0,background_lossy,70,0.5918594465102975,1.0,1.0,0,0.0
CHNCXR_0538_1,Shenzhen,1,0,all_lossy,70,1.0,1.0,1.0,0,0.0
CHNCXR_0539_1,Shenzhen,1,3,lungs_lossy,10,0.380907763231982,0.716796875,0.5859375,0,0.130859375
CHNCXR_0539_1,Shenzhen,1,3,background_lossy,10,0.6190922367680181,0.716796875,0.379150390625,1,0.337646484375
CHNCXR_0539_1,Shenzhen,1,3,all_lossy,10,1.0,0.716796875,0.2081298828125,1,0.5086669921875
CHNCXR_0539_1,Shenzhen,1,3,lungs_lossy,30,0.380907763231982,0.716796875,0.681640625,0,0.03515625
CHNCXR_0539_1,Shenzhen,1,3,background_lossy,30,0.6190922367680181,0.716796875,0.370849609375,1,0.345947265625
CHNCXR_0539_1,Shenzhen,1,3,all_lossy,30,1.0,0.716796875,0.3173828125,1,0.3994140625
CHNCXR_0539_1,Shenzhen,1,3,lungs_lossy,50,0.380907763231982,0.716796875,0.71240234375,0,0.00439453125
CHNCXR_0539_1,Shenzhen,1,3,background_lossy,50,0.6190922367680181,0.716796875,0.5751953125,0,0.1416015625
CHNCXR_0539_1,Shenzhen,1,3,all_lossy,50,1.0,0.716796875,0.5859375,0,0.130859375
CHNCXR_0539_1,Shenzhen,1,3,lungs_lossy,70,0.380907763231982,0.716796875,0.673828125,0,0.04296875
CHNCXR_0539_1,Shenzhen,1,3,background_lossy,70,0.6190922367680181,0.716796875,0.67724609375,0,0.03955078125
CHNCXR_0539_1,Shenzhen,1,3,all_lossy,70,1.0,0.716796875,0.64208984375,0,0.07470703125
CHNCXR_0540_1,Shenzhen,1,3,lungs_lossy,10,0.3171883837669683,0.224609375,0.29052734375,0,0.06591796875
CHNCXR_0540_1,Shenzhen,1,3,background_lossy,10,0.6828116162330317,0.224609375,0.193359375,0,0.03125
CHNCXR_0540_1,Shenzhen,1,3,all_lossy,10,1.0,0.224609375,0.292236328125,0,0.067626953125
CHNCXR_0540_1,Shenzhen,1,3,lungs_lossy,30,0.3171883837669683,0.224609375,0.82373046875,1,0.59912109375
CHNCXR_0540_1,Shenzhen,1,3,background_lossy,30,0.6828116162330317,0.224609375,0.0831298828125,0,0.1414794921875
CHNCXR_0540_1,Shenzhen,1,3,all_lossy,30,1.0,0.224609375,0.46044921875,0,0.23583984375
CHNCXR_0540_1,Shenzhen,1,3,lungs_lossy,50,0.3171883837669683,0.224609375,0.32763671875,0,0.10302734375
CHNCXR_0540_1,Shenzhen,1,3,background_lossy,50,0.6828116162330317,0.224609375,0.11456298828125,0,0.11004638671875
CHNCXR_0540_1,Shenzhen,1,3,all_lossy,50,1.0,0.224609375,0.1865234375,0,0.0380859375
CHNCXR_0540_1,Shenzhen,1,3,lungs_lossy,70,0.3171883837669683,0.224609375,0.2099609375,0,0.0146484375
CHNCXR_0540_1,Shenzhen,1,3,background_lossy,70,0.6828116162330317,0.224609375,0.16845703125,0,0.05615234375
CHNCXR_0540_1,Shenzhen,1,3,all_lossy,70,1.0,0.224609375,0.149169921875,0,0.075439453125
CHNCXR_0541_1,Shenzhen,1,4,lungs_lossy,10,0.3831031181619256,0.9755859375,0.99462890625,0,0.01904296875
CHNCXR_0541_1,Shenzhen,1,4,background_lossy,10,0.6168968818380745,0.9755859375,0.91796875,0,0.0576171875
CHNCXR_0541_1,Shenzhen,1,4,all_lossy,10,1.0,0.9755859375,0.9599609375,0,0.015625
CHNCXR_0541_1,Shenzhen,1,4,lungs_lossy,30,0.3831031181619256,0.9755859375,0.998046875,0,0.0224609375
CHNCXR_0541_1,Shenzhen,1,4,background_lossy,30,0.6168968818380745,0.9755859375,0.95703125,0,0.0185546875
CHNCXR_0541_1,Shenzhen,1,4,all_lossy,30,1.0,0.9755859375,0.99462890625,0,0.01904296875
CHNCXR_0541_1,Shenzhen,1,4,lungs_lossy,50,0.3831031181619256,0.9755859375,0.990234375,0,0.0146484375
CHNCXR_0541_1,Shenzhen,1,4,background_lossy,50,0.6168968818380745,0.9755859375,0.9716796875,0,0.00390625
CHNCXR_0541_1,Shenzhen,1,4,all_lossy,50,1.0,0.9755859375,0.98779296875,0,0.01220703125
CHNCXR_0541_1,Shenzhen,1,4,lungs_lossy,70,0.3831031181619256,0.9755859375,0.97607421875,0,0.00048828125
CHNCXR_0541_1,Shenzhen,1,4,background_lossy,70,0.6168968818380745,0.9755859375,0.9765625,0,0.0009765625
CHNCXR_0541_1,Shenzhen,1,4,all_lossy,70,1.0,0.9755859375,0.9755859375,0,0.0
CHNCXR_0542_1,Shenzhen,1,4,lungs_lossy,10,0.3862237004950495,0.3701171875,0.93896484375,1,0.56884765625
CHNCXR_0542_1,Shenzhen,1,4,background_lossy,10,0.6137762995049505,0.3701171875,0.369140625,0,0.0009765625
CHNCXR_0542_1,Shenzhen,1,4,all_lossy,10,1.0,0.3701171875,0.85888671875,1,0.48876953125
CHNCXR_0542_1,Shenzhen,1,4,lungs_lossy,30,0.3862237004950495,0.3701171875,0.9130859375,1,0.54296875
CHNCXR_0542_1,Shenzhen,1,4,background_lossy,30,0.6137762995049505,0.3701171875,0.415283203125,0,0.045166015625
CHNCXR_0542_1,Shenzhen,1,4,all_lossy,30,1.0,0.3701171875,0.86083984375,1,0.49072265625
CHNCXR_0542_1,Shenzhen,1,4,lungs_lossy,50,0.3862237004950495,0.3701171875,0.64013671875,1,0.27001953125
CHNCXR_0542_1,Shenzhen,1,4,background_lossy,50,0.6137762995049505,0.3701171875,0.421630859375,0,0.051513671875
CHNCXR_0542_1,Shenzhen,1,4,all_lossy,50,1.0,0.3701171875,0.6484375,1,0.2783203125
CHNCXR_0542_1,Shenzhen,1,4,lungs_lossy,70,0.3862237004950495,0.3701171875,0.4208984375,0,0.05078125
CHNCXR_0542_1,Shenzhen,1,4,background_lossy,70,0.6137762995049505,0.3701171875,0.431884765625,0,0.061767578125
CHNCXR_0542_1,Shenzhen,1,4,all_lossy,70,1.0,0.3701171875,0.48291015625,0,0.11279296875
CHNCXR_0543_1,Shenzhen,1,4,lungs_lossy,10,0.3342048267326732,0.2401123046875,0.5126953125,1,0.2725830078125
CHNCXR_0543_1,Shenzhen,1,4,background_lossy,10,0.6657951732673267,0.2401123046875,0.2149658203125,0,0.025146484375
CHNCXR_0543_1,Shenzhen,1,4,all_lossy,10,1.0,0.2401123046875,0.365966796875,0,0.1258544921875
CHNCXR_0543_1,Shenzhen,1,4,lungs_lossy,30,0.3342048267326732,0.2401123046875,0.77197265625,1,0.5318603515625
CHNCXR_0543_1,Shenzhen,1,4,background_lossy,30,0.6657951732673267,0.2401123046875,0.27001953125,0,0.0299072265625
CHNCXR_0543_1,Shenzhen,1,4,all_lossy,30,1.0,0.2401123046875,0.76123046875,1,0.5211181640625
CHNCXR_0543_1,Shenzhen,1,4,lungs_lossy,50,0.3342048267326732,0.2401123046875,0.393798828125,0,0.1536865234375
CHNCXR_0543_1,Shenzhen,1,4,background_lossy,50,0.6657951732673267,0.2401123046875,0.278564453125,0,0.0384521484375
CHNCXR_0543_1,Shenzhen,1,4,all_lossy,50,1.0,0.2401123046875,0.413330078125,0,0.1732177734375
CHNCXR_0543_1,Shenzhen,1,4,lungs_lossy,70,0.3342048267326732,0.2401123046875,0.258056640625,0,0.0179443359375
CHNCXR_0543_1,Shenzhen,1,4,background_lossy,70,0.6657951732673267,0.2401123046875,0.2406005859375,0,0.00048828125
CHNCXR_0543_1,Shenzhen,1,4,all_lossy,70,1.0,0.2401123046875,0.26318359375,0,0.0230712890625
CHNCXR_0544_1,Shenzhen,1,2,lungs_lossy,10,0.207386743843683,0.99658203125,0.9541015625,0,0.04248046875
CHNCXR_0544_1,Shenzhen,1,2,background_lossy,10,0.792613256156317,0.99658203125,0.99951171875,0,0.0029296875
CHNCXR_0544_1,Shenzhen,1,2,all_lossy,10,1.0,0.99658203125,0.97607421875,0,0.0205078125
CHNCXR_0544_1,Shenzhen,1,2,lungs_lossy,30,0.207386743843683,0.99658203125,0.99951171875,0,0.0029296875
CHNCXR_0544_1,Shenzhen,1,2,background_lossy,30,0.792613256156317,0.99658203125,0.99951171875,0,0.0029296875
CHNCXR_0544_1,Shenzhen,1,2,all_lossy,30,1.0,0.99658203125,0.99951171875,0,0.0029296875
CHNCXR_0544_1,Shenzhen,1,2,lungs_lossy,50,0.207386743843683,0.99658203125,0.99658203125,0,0.0
CHNCXR_0544_1,Shenzhen,1,2,background_lossy,50,0.792613256156317,0.99658203125,0.99951171875,0,0.0029296875
CHNCXR_0544_1,Shenzhen,1,2,all_lossy,50,1.0,0.99658203125,0.99951171875,0,0.0029296875
CHNCXR_0544_1,Shenzhen,1,2,lungs_lossy,70,0.207386743843683,0.99658203125,0.99658203125,0,0.0
CHNCXR_0544_1,Shenzhen,1,2,background_lossy,70,0.792613256156317,0.99658203125,0.99853515625,0,0.001953125
CHNCXR_0544_1,Shenzhen,1,2,all_lossy,70,1.0,0.99658203125,0.99853515625,0,0.001953125
CHNCXR_0545_1,Shenzhen,1,4,lungs_lossy,10,0.2697625411184211,0.388916015625,0.8310546875,1,0.442138671875
CHNCXR_0545_1,Shenzhen,1,4,background_lossy,10,0.730237458881579,0.388916015625,0.258056640625,0,0.130859375
CHNCXR_0545_1,Shenzhen,1,4,all_lossy,10,1.0,0.388916015625,0.58203125,1,0.193115234375
CHNCXR_0545_1,Shenzhen,1,4,lungs_lossy,30,0.2697625411184211,0.388916015625,0.95703125,1,0.568115234375
CHNCXR_0545_1,Shenzhen,1,4,background_lossy,30,0.730237458881579,0.388916015625,0.2293701171875,0,0.1595458984375
CHNCXR_0545_1,Shenzhen,1,4,all_lossy,30,1.0,0.388916015625,0.87939453125,1,0.490478515625
CHNCXR_0545_1,Shenzhen,1,4,lungs_lossy,50,0.2697625411184211,0.388916015625,0.63818359375,1,0.249267578125
CHNCXR_0545_1,Shenzhen,1,4,background_lossy,50,0.730237458881579,0.388916015625,0.279052734375,0,0.10986328125
CHNCXR_0545_1,Shenzhen,1,4,all_lossy,50,1.0,0.388916015625,0.50732421875,1,0.118408203125
CHNCXR_0545_1,Shenzhen,1,4,lungs_lossy,70,0.2697625411184211,0.388916015625,0.39794921875,0,0.009033203125
CHNCXR_0545_1,Shenzhen,1,4,background_lossy,70,0.730237458881579,0.388916015625,0.34423828125,0,0.044677734375
CHNCXR_0545_1,Shenzhen,1,4,all_lossy,70,1.0,0.388916015625,0.349609375,0,0.039306640625
CHNCXR_0546_1,Shenzhen,1,0,lungs_lossy,10,0.3020833333333333,0.99853515625,1.0,0,0.00146484375
CHNCXR_0546_1,Shenzhen,1,0,background_lossy,10,0.6979166666666667,0.99853515625,0.99755859375,0,0.0009765625
CHNCXR_0546_1,Shenzhen,1,0,all_lossy,10,1.0,0.99853515625,1.0,0,0.00146484375
CHNCXR_0546_1,Shenzhen,1,0,lungs_lossy,30,0.3020833333333333,0.99853515625,1.0,0,0.00146484375
CHNCXR_0546_1,Shenzhen,1,0,background_lossy,30,0.6979166666666667,0.99853515625,0.99755859375,0,0.0009765625
CHNCXR_0546_1,Shenzhen,1,0,all_lossy,30,1.0,0.99853515625,1.0,0,0.00146484375
CHNCXR_0546_1,Shenzhen,1,0,lungs_lossy,50,0.3020833333333333,0.99853515625,0.99951171875,0,0.0009765625
CHNCXR_0546_1,Shenzhen,1,0,background_lossy,50,0.6979166666666667,0.99853515625,0.99853515625,0,0.0
CHNCXR_0546_1,Shenzhen,1,0,all_lossy,50,1.0,0.99853515625,0.99951171875,0,0.0009765625
CHNCXR_0546_1,Shenzhen,1,0,lungs_lossy,70,0.3020833333333333,0.99853515625,0.998046875,0,0.00048828125
CHNCXR_0546_1,Shenzhen,1,0,background_lossy,70,0.6979166666666667,0.99853515625,0.99853515625,0,0.0
CHNCXR_0546_1,Shenzhen,1,0,all_lossy,70,1.0,0.99853515625,0.99853515625,0,0.0
CHNCXR_0547_1,Shenzhen,1,3,lungs_lossy,10,0.3258828290169133,0.99658203125,0.95361328125,0,0.04296875
CHNCXR_0547_1,Shenzhen,1,3,background_lossy,10,0.6741171709830867,0.99658203125,0.97509765625,0,0.021484375
CHNCXR_0547_1,Shenzhen,1,3,all_lossy,10,1.0,0.99658203125,0.8310546875,0,0.16552734375
CHNCXR_0547_1,Shenzhen,1,3,lungs_lossy,30,0.3258828290169133,0.99658203125,0.9970703125,0,0.00048828125
CHNCXR_0547_1,Shenzhen,1,3,background_lossy,30,0.6741171709830867,0.99658203125,0.97607421875,0,0.0205078125
CHNCXR_0547_1,Shenzhen,1,3,all_lossy,30,1.0,0.99658203125,0.95654296875,0,0.0400390625
CHNCXR_0547_1,Shenzhen,1,3,lungs_lossy,50,0.3258828290169133,0.99658203125,0.99658203125,0,0.0
CHNCXR_0547_1,Shenzhen,1,3,background_lossy,50,0.6741171709830867,0.99658203125,0.990234375,0,0.00634765625
CHNCXR_0547_1,Shenzhen,1,3,all_lossy,50,1.0,0.99658203125,0.990234375,0,0.00634765625
CHNCXR_0547_1,Shenzhen,1,3,lungs_lossy,70,0.3258828290169133,0.99658203125,0.99658203125,0,0.0
CHNCXR_0547_1,Shenzhen,1,3,background_lossy,70,0.6741171709830867,0.99658203125,0.99560546875,0,0.0009765625
CHNCXR_0547_1,Shenzhen,1,3,all_lossy,70,1.0,0.99658203125,0.99560546875,0,0.0009765625
CHNCXR_0548_1,Shenzhen,1,3,lungs_lossy,10,0.2316918799701789,0.0001186728477478,0.0062637329101562,0,0.0061450600624083996
CHNCXR_0548_1,Shenzhen,1,3,background_lossy,10,0.7683081200298211,0.0001186728477478,0.0002491474151611,0,0.00013047456741330002
CHNCXR_0548_1,Shenzhen,1,3,all_lossy,10,1.0,0.0001186728477478,0.0133743286132812,0,0.0132556557655334
CHNCXR_0548_1,Shenzhen,1,3,lungs_lossy,30,0.2316918799701789,0.0001186728477478,0.0025806427001953,0,0.0024619698524475
CHNCXR_0548_1,Shenzhen,1,3,background_lossy,30,0.7683081200298211,0.0001186728477478,8.350610733032227e-05,0,3.516674041747773e-05
CHNCXR_0548_1,Shenzhen,1,3,all_lossy,30,1.0,0.0001186728477478,0.0015068054199218,0,0.001388132572174
CHNCXR_0548_1,Shenzhen,1,3,lungs_lossy,50,0.2316918799701789,0.0001186728477478,0.0004389286041259,0,0.0003202557563781
CHNCXR_0548_1,Shenzhen,1,3,background_lossy,50,0.7683081200298211,0.0001186728477478,5.1021575927734375e-05,0,6.765127182006562e-05
CHNCXR_0548_1,Shenzhen,1,3,all_lossy,50,1.0,0.0001186728477478,0.0001940727233886,0,7.53998756408e-05
CHNCXR_0548_1,Shenzhen,1,3,lungs_lossy,70,0.2316918799701789,0.0001186728477478,0.0001323223114013,0,1.3649463653499997e-05
CHNCXR_0548_1,Shenzhen,1,3,background_lossy,70,0.7683081200298211,0.0001186728477478,7.545948028564453e-05,0,4.3213367462155466e-05
CHNCXR_0548_1,Shenzhen,1,3,all_lossy,70,1.0,0.0001186728477478,7.903575897216797e-05,0,3.963708877563203e-05
CHNCXR_0549_1,Shenzhen,1,0,lungs_lossy,10,0.2889522429435484,1.0,1.0,0,0.0
CHNCXR_0549_1,Shenzhen,1,0,background_lossy,10,0.7110477570564516,1.0,0.99951171875,0,0.00048828125
CHNCXR_0549_1,Shenzhen,1,0,all_lossy,10,1.0,1.0,0.99755859375,0,0.00244140625
CHNCXR_0549_1,Shenzhen,1,0,lungs_lossy,30,0.2889522429435484,1.0,1.0,0,0.0
CHNCXR_0549_1,Shenzhen,1,0,background_lossy,30,0.7110477570564516,1.0,1.0,0,0.0
CHNCXR_0549_1,Shenzhen,1,0,all_lossy,30,1.0,1.0,0.99951171875,0,0.00048828125
CHNCXR_0549_1,Shenzhen,1,0,lungs_lossy,50,0.2889522429435484,1.0,1.0,0,0.0
CHNCXR_0549_1,Shenzhen,1,0,background_lossy,50,0.7110477570564516,1.0,1.0,0,0.0
CHNCXR_0549_1,Shenzhen,1,0,all_lossy,50,1.0,1.0,1.0,0,0.0
CHNCXR_0549_1,Shenzhen,1,0,lungs_lossy,70,0.2889522429435484,1.0,1.0,0,0.0
CHNCXR_0549_1,Shenzhen,1,0,background_lossy,70,0.7110477570564516,1.0,1.0,0,0.0
CHNCXR_0549_1,Shenzhen,1,0,all_lossy,70,1.0,1.0,1.0,0,0.0
CHNCXR_0550_1,Shenzhen,1,0,lungs_lossy,10,0.2882462686567164,1.0,1.0,0,0.0
CHNCXR_0550_1,Shenzhen,1,0,background_lossy,10,0.7117537313432836,1.0,1.0,0,0.0
CHNCXR_0550_1,Shenzhen,1,0,all_lossy,10,1.0,1.0,0.99853515625,0,0.00146484375
CHNCXR_0550_1,Shenzhen,1,0,lungs_lossy,30,0.2882462686567164,1.0,1.0,0,0.0
CHNCXR_0550_1,Shenzhen,1,0,background_lossy,30,0.7117537313432836,1.0,1.0,0,0.0
CHNCXR_0550_1,Shenzhen,1,0,all_lossy,30,1.0,1.0,1.0,0,0.0
CHNCXR_0550_1,Shenzhen,1,0,lungs_lossy,50,0.2882462686567164,1.0,1.0,0,0.0
CHNCXR_0550_1,Shenzhen,1,0,background_lossy,50,0.7117537313432836,1.0,1.0,0,0.0
CHNCXR_0550_1,Shenzhen,1,0,all_lossy,50,1.0,1.0,1.0,0,0.0
CHNCXR_0550_1,Shenzhen,1,0,lungs_lossy,70,0.2882462686567164,1.0,1.0,0,0.0
CHNCXR_0550_1,Shenzhen,1,0,background_lossy,70,0.7117537313432836,1.0,1.0,0,0.0
CHNCXR_0550_1,Shenzhen,1,0,all_lossy,70,1.0,1.0,1.0,0,0.0
CHNCXR_0551_1,Shenzhen,1,4,lungs_lossy,10,0.3282495820473251,0.08538818359375,0.6953125,1,0.60992431640625
CHNCXR_0551_1,Shenzhen,1,4,background_lossy,10,0.6717504179526749,0.08538818359375,0.048675537109375,0,0.036712646484375
CHNCXR_0551_1,Shenzhen,1,4,all_lossy,10,1.0,0.08538818359375,0.5615234375,1,0.47613525390625
CHNCXR_0551_1,Shenzhen,1,4,lungs_lossy,30,0.3282495820473251,0.08538818359375,0.60986328125,1,0.52447509765625
CHNCXR_0551_1,Shenzhen,1,4,background_lossy,30,0.6717504179526749,0.08538818359375,0.03985595703125,0,0.0455322265625
CHNCXR_0551_1,Shenzhen,1,4,all_lossy,30,1.0,0.08538818359375,0.372802734375,0,0.28741455078125
CHNCXR_0551_1,Shenzhen,1,4,lungs_lossy,50,0.3282495820473251,0.08538818359375,0.1798095703125,0,0.09442138671875
CHNCXR_0551_1,Shenzhen,1,4,background_lossy,50,0.6717504179526749,0.08538818359375,0.07147216796875,0,0.013916015625
CHNCXR_0551_1,Shenzhen,1,4,all_lossy,50,1.0,0.08538818359375,0.14208984375,0,0.05670166015625
CHNCXR_0551_1,Shenzhen,1,4,lungs_lossy,70,0.3282495820473251,0.08538818359375,0.0863037109375,0,0.00091552734375
CHNCXR_0551_1,Shenzhen,1,4,background_lossy,70,0.6717504179526749,0.08538818359375,0.0867919921875,0,0.00140380859375
CHNCXR_0551_1,Shenzhen,1,4,all_lossy,70,1.0,0.08538818359375,0.08819580078125,0,0.0028076171875
CHNCXR_0552_1,Shenzhen,1,3,lungs_lossy,10,0.2112356286692759,0.8720703125,0.8037109375,0,0.068359375
CHNCXR_0552_1,Shenzhen,1,3,background_lossy,10,0.7887643713307241,0.8720703125,0.6953125,0,0.1767578125
CHNCXR_0552_1,Shenzhen,1,3,all_lossy,10,1.0,0.8720703125,0.755859375,0,0.1162109375
CHNCXR_0552_1,Shenzhen,1,3,lungs_lossy,30,0.2112356286692759,0.8720703125,0.8681640625,0,0.00390625
CHNCXR_0552_1,Shenzhen,1,3,background_lossy,30,0.7887643713307241,0.8720703125,0.497802734375,1,0.374267578125
CHNCXR_0552_1,Shenzhen,1,3,all_lossy,30,1.0,0.8720703125,0.49609375,1,0.3759765625
CHNCXR_0552_1,Shenzhen,1,3,lungs_lossy,50,0.2112356286692759,0.8720703125,0.712890625,0,0.1591796875
CHNCXR_0552_1,Shenzhen,1,3,background_lossy,50,0.7887643713307241,0.8720703125,0.75390625,0,0.1181640625
CHNCXR_0552_1,Shenzhen,1,3,all_lossy,50,1.0,0.8720703125,0.52880859375,0,0.34326171875
CHNCXR_0552_1,Shenzhen,1,3,lungs_lossy,70,0.2112356286692759,0.8720703125,0.84814453125,0,0.02392578125
CHNCXR_0552_1,Shenzhen,1,3,background_lossy,70,0.7887643713307241,0.8720703125,0.84228515625,0,0.02978515625
CHNCXR_0552_1,Shenzhen,1,3,all_lossy,70,1.0,0.8720703125,0.81591796875,0,0.05615234375
CHNCXR_0553_1,Shenzhen,1,0,lungs_lossy,10,0.3983409410112359,1.0,1.0,0,0.0
CHNCXR_0553_1,Shenzhen,1,0,background_lossy,10,0.601659058988764,1.0,0.9951171875,0,0.0048828125
CHNCXR_0553_1,Shenzhen,1,0,all_lossy,10,1.0,1.0,0.998046875,0,0.001953125
CHNCXR_0553_1,Shenzhen,1,0,lungs_lossy,30,0.3983409410112359,1.0,1.0,0,0.0
CHNCXR_0553_1,Shenzhen,1,0,background_lossy,30,0.601659058988764,1.0,0.9970703125,0,0.0029296875
CHNCXR_0553_1,Shenzhen,1,0,all_lossy,30,1.0,1.0,0.99951171875,0,0.00048828125
CHNCXR_0553_1,Shenzhen,1,0,lungs_lossy,50,0.3983409410112359,1.0,1.0,0,0.0
CHNCXR_0553_1,Shenzhen,1,0,background_lossy,50,0.601659058988764,1.0,0.9990234375,0,0.0009765625
CHNCXR_0553_1,Shenzhen,1,0,all_lossy,50,1.0,1.0,0.99951171875,0,0.00048828125
CHNCXR_0553_1,Shenzhen,1,0,lungs_lossy,70,0.3983409410112359,1.0,1.0,0,0.0
CHNCXR_0553_1,Shenzhen,1,0,background_lossy,70,0.601659058988764,1.0,1.0,0,0.0
CHNCXR_0553_1,Shenzhen,1,0,all_lossy,70,1.0,1.0,1.0,0,0.0
CHNCXR_0554_1,Shenzhen,1,1,lungs_lossy,10,0.3662736154244306,0.97314453125,0.953125,0,0.02001953125
CHNCXR_0554_1,Shenzhen,1,1,background_lossy,10,0.6337263845755694,0.97314453125,0.98193359375,0,0.0087890625
CHNCXR_0554_1,Shenzhen,1,1,all_lossy,10,1.0,0.97314453125,0.990234375,0,0.01708984375
CHNCXR_0554_1,Shenzhen,1,1,lungs_lossy,30,0.3662736154244306,0.97314453125,0.99951171875,0,0.0263671875
CHNCXR_0554_1,Shenzhen,1,1,background_lossy,30,0.6337263845755694,0.97314453125,0.9833984375,0,0.01025390625
CHNCXR_0554_1,Shenzhen,1,1,all_lossy,30,1.0,0.97314453125,0.99951171875,0,0.0263671875
CHNCXR_0554_1,Shenzhen,1,1,lungs_lossy,50,0.3662736154244306,0.97314453125,0.98974609375,0,0.0166015625
CHNCXR_0554_1,Shenzhen,1,1,background_lossy,50,0.6337263845755694,0.97314453125,0.97705078125,0,0.00390625
CHNCXR_0554_1,Shenzhen,1,1,all_lossy,50,1.0,0.97314453125,0.98779296875,0,0.0146484375
CHNCXR_0554_1,Shenzhen,1,1,lungs_lossy,70,0.3662736154244306,0.97314453125,0.9794921875,0,0.00634765625
CHNCXR_0554_1,Shenzhen,1,1,background_lossy,70,0.6337263845755694,0.97314453125,0.9638671875,0,0.00927734375
CHNCXR_0554_1,Shenzhen,1,1,all_lossy,70,1.0,0.97314453125,0.970703125,0,0.00244140625
CHNCXR_0555_1,Shenzhen,1,4,lungs_lossy,10,0.2767033159368635,0.94921875,0.99072265625,0,0.04150390625
CHNCXR_0555_1,Shenzhen,1,4,background_lossy,10,0.7232966840631365,0.94921875,0.876953125,0,0.072265625
CHNCXR_0555_1,Shenzhen,1,4,all_lossy,10,1.0,0.94921875,0.951171875,0,0.001953125
CHNCXR_0555_1,Shenzhen,1,4,lungs_lossy,30,0.2767033159368635,0.94921875,0.98876953125,0,0.03955078125
CHNCXR_0555_1,Shenzhen,1,4,background_lossy,30,0.7232966840631365,0.94921875,0.9267578125,0,0.0224609375
CHNCXR_0555_1,Shenzhen,1,4,all_lossy,30,1.0,0.94921875,0.9736328125,0,0.0244140625
CHNCXR_0555_1,Shenzhen,1,4,lungs_lossy,50,0.2767033159368635,0.94921875,0.97998046875,0,0.03076171875
CHNCXR_0555_1,Shenzhen,1,4,background_lossy,50,0.7232966840631365,0.94921875,0.93994140625,0,0.00927734375
CHNCXR_0555_1,Shenzhen,1,4,all_lossy,50,1.0,0.94921875,0.97509765625,0,0.02587890625
CHNCXR_0555_1,Shenzhen,1,4,lungs_lossy,70,0.2767033159368635,0.94921875,0.9609375,0,0.01171875
CHNCXR_0555_1,Shenzhen,1,4,background_lossy,70,0.7232966840631365,0.94921875,0.95361328125,0,0.00439453125
CHNCXR_0555_1,Shenzhen,1,4,all_lossy,70,1.0,0.94921875,0.96337890625,0,0.01416015625
CHNCXR_0556_1,Shenzhen,1,1,lungs_lossy,10,0.317483170701581,0.9990234375,1.0,0,0.0009765625
CHNCXR_0556_1,Shenzhen,1,1,background_lossy,10,0.682516829298419,0.9990234375,0.99853515625,0,0.00048828125
CHNCXR_0556_1,Shenzhen,1,1,all_lossy,10,1.0,0.9990234375,1.0,0,0.0009765625
CHNCXR_0556_1,Shenzhen,1,1,lungs_lossy,30,0.317483170701581,0.9990234375,1.0,0,0.0009765625
CHNCXR_0556_1,Shenzhen,1,1,background_lossy,30,0.682516829298419,0.9990234375,0.99853515625,0,0.00048828125
CHNCXR_0556_1,Shenzhen,1,1,all_lossy,30,1.0,0.9990234375,1.0,0,0.0009765625
CHNCXR_0556_1,Shenzhen,1,1,lungs_lossy,50,0.317483170701581,0.9990234375,0.99951171875,0,0.00048828125
CHNCXR_0556_1,Shenzhen,1,1,background_lossy,50,0.682516829298419,0.9990234375,0.9990234375,0,0.0
CHNCXR_0556_1,Shenzhen,1,1,all_lossy,50,1.0,0.9990234375,0.99951171875,0,0.00048828125
CHNCXR_0556_1,Shenzhen,1,1,lungs_lossy,70,0.317483170701581,0.9990234375,0.99853515625,0,0.00048828125
CHNCXR_0556_1,Shenzhen,1,1,background_lossy,70,0.682516829298419,0.9990234375,0.9990234375,0,0.0
CHNCXR_0556_1,Shenzhen,1,1,all_lossy,70,1.0,0.9990234375,0.9990234375,0,0.0
CHNCXR_0557_1,Shenzhen,1,4,lungs_lossy,10,0.3442100335743802,0.7998046875,0.9833984375,0,0.18359375
CHNCXR_0557_1,Shenzhen,1,4,background_lossy,10,0.6557899664256198,0.7998046875,0.84912109375,0,0.04931640625
CHNCXR_0557_1,Shenzhen,1,4,all_lossy,10,1.0,0.7998046875,0.970703125,0,0.1708984375
CHNCXR_0557_1,Shenzhen,1,4,lungs_lossy,30,0.3442100335743802,0.7998046875,0.97265625,0,0.1728515625
CHNCXR_0557_1,Shenzhen,1,4,background_lossy,30,0.6557899664256198,0.7998046875,0.8173828125,0,0.017578125
CHNCXR_0557_1,Shenzhen,1,4,all_lossy,30,1.0,0.7998046875,0.9599609375,0,0.16015625
CHNCXR_0557_1,Shenzhen,1,4,lungs_lossy,50,0.3442100335743802,0.7998046875,0.87646484375,0,0.07666015625
CHNCXR_0557_1,Shenzhen,1,4,background_lossy,50,0.6557899664256198,0.7998046875,0.82763671875,0,0.02783203125
CHNCXR_0557_1,Shenzhen,1,4,all_lossy,50,1.0,0.7998046875,0.8916015625,0,0.091796875
CHNCXR_0557_1,Shenzhen,1,4,lungs_lossy,70,0.3442100335743802,0.7998046875,0.79296875,0,0.0068359375
CHNCXR_0557_1,Shenzhen,1,4,background_lossy,70,0.6557899664256198,0.7998046875,0.828125,0,0.0283203125
CHNCXR_0557_1,Shenzhen,1,4,all_lossy,70,1.0,0.7998046875,0.826171875,0,0.0263671875
CHNCXR_0558_1,Shenzhen,1,3,lungs_lossy,10,0.2380836925287356,0.91455078125,0.98681640625,0,0.072265625
CHNCXR_0558_1,Shenzhen,1,3,background_lossy,10,0.7619163074712644,0.91455078125,0.85400390625,0,0.060546875
CHNCXR_0558_1,Shenzhen,1,3,all_lossy,10,1.0,0.91455078125,0.92626953125,0,0.01171875
CHNCXR_0558_1,Shenzhen,1,3,lungs_lossy,30,0.2380836925287356,0.91455078125,0.99267578125,0,0.078125
CHNCXR_0558_1,Shenzhen,1,3,background_lossy,30,0.7619163074712644,0.91455078125,0.779296875,0,0.13525390625
CHNCXR_0558_1,Shenzhen,1,3,all_lossy,30,1.0,0.91455078125,0.95703125,0,0.04248046875
CHNCXR_0558_1,Shenzhen,1,3,lungs_lossy,50,0.2380836925287356,0.91455078125,0.96728515625,0,0.052734375
CHNCXR_0558_1,Shenzhen,1,3,background_lossy,50,0.7619163074712644,0.91455078125,0.78125,0,0.13330078125
CHNCXR_0558_1,Shenzhen,1,3,all_lossy,50,1.0,0.91455078125,0.9072265625,0,0.00732421875
CHNCXR_0558_1,Shenzhen,1,3,lungs_lossy,70,0.2380836925287356,0.91455078125,0.89453125,0,0.02001953125
CHNCXR_0558_1,Shenzhen,1,3,background_lossy,70,0.7619163074712644,0.91455078125,0.89013671875,0,0.0244140625
CHNCXR_0558_1,Shenzhen,1,3,all_lossy,70,1.0,0.91455078125,0.8603515625,0,0.05419921875
CHNCXR_0559_1,Shenzhen,1,3,lungs_lossy,10,0.3458638760288066,0.9873046875,0.92626953125,0,0.06103515625
CHNCXR_0559_1,Shenzhen,1,3,background_lossy,10,0.6541361239711934,0.9873046875,0.91552734375,0,0.07177734375
CHNCXR_0559_1,Shenzhen,1,3,all_lossy,10,1.0,0.9873046875,0.65087890625,0,0.33642578125
CHNCXR_0559_1,Shenzhen,1,3,lungs_lossy,30,0.3458638760288066,0.9873046875,0.955078125,0,0.0322265625
CHNCXR_0559_1,Shenzhen,1,3,background_lossy,30,0.6541361239711934,0.9873046875,0.94287109375,0,0.04443359375
CHNCXR_0559_1,Shenzhen,1,3,all_lossy,30,1.0,0.9873046875,0.806640625,0,0.1806640625
CHNCXR_0559_1,Shenzhen,1,3,lungs_lossy,50,0.3458638760288066,0.9873046875,0.99267578125,0,0.00537109375
CHNCXR_0559_1,Shenzhen,1,3,background_lossy,50,0.6541361239711934,0.9873046875,0.97998046875,0,0.00732421875
CHNCXR_0559_1,Shenzhen,1,3,all_lossy,50,1.0,0.9873046875,0.9873046875,0,0.0
CHNCXR_0559_1,Shenzhen,1,3,lungs_lossy,70,0.3458638760288066,0.9873046875,0.98291015625,0,0.00439453125
CHNCXR_0559_1,Shenzhen,1,3,background_lossy,70,0.6541361239711934,0.9873046875,0.9873046875,0,0.0
CHNCXR_0559_1,Shenzhen,1,3,all_lossy,70,1.0,0.9873046875,0.982421875,0,0.0048828125
CHNCXR_0560_1,Shenzhen,1,3,lungs_lossy,10,0.3160738031914893,1.0,0.320068359375,1,0.679931640625
CHNCXR_0560_1,Shenzhen,1,3,background_lossy,10,0.6839261968085106,1.0,0.99853515625,0,0.00146484375
CHNCXR_0560_1,Shenzhen,1,3,all_lossy,10,1.0,1.0,0.151123046875,1,0.848876953125
CHNCXR_0560_1,Shenzhen,1,3,lungs_lossy,30,0.3160738031914893,1.0,0.99853515625,0,0.00146484375
CHNCXR_0560_1,Shenzhen,1,3,background_lossy,30,0.6839261968085106,1.0,0.99951171875,0,0.00048828125
CHNCXR_0560_1,Shenzhen,1,3,all_lossy,30,1.0,1.0,0.98974609375,0,0.01025390625
CHNCXR_0560_1,Shenzhen,1,3,lungs_lossy,50,0.3160738031914893,1.0,0.99951171875,0,0.00048828125
CHNCXR_0560_1,Shenzhen,1,3,background_lossy,50,0.6839261968085106,1.0,0.99951171875,0,0.00048828125
CHNCXR_0560_1,Shenzhen,1,3,all_lossy,50,1.0,1.0,0.99951171875,0,0.00048828125
CHNCXR_0560_1,Shenzhen,1,3,lungs_lossy,70,0.3160738031914893,1.0,0.99951171875,0,0.00048828125
CHNCXR_0560_1,Shenzhen,1,3,background_lossy,70,0.6839261968085106,1.0,1.0,0,0.0
CHNCXR_0560_1,Shenzhen,1,3,all_lossy,70,1.0,1.0,0.99951171875,0,0.00048828125
CHNCXR_0561_1,Shenzhen,1,3,lungs_lossy,10,0.3156875676406926,0.80859375,0.0102081298828125,1,0.7983856201171875
CHNCXR_0561_1,Shenzhen,1,3,background_lossy,10,0.6843124323593073,0.80859375,0.484130859375,1,0.324462890625
CHNCXR_0561_1,Shenzhen,1,3,all_lossy,10,1.0,0.80859375,0.0086135864257812,1,0.7999801635742188
CHNCXR_0561_1,Shenzhen,1,3,lungs_lossy,30,0.3156875676406926,0.80859375,0.70849609375,0,0.10009765625
CHNCXR_0561_1,Shenzhen,1,3,background_lossy,30,0.6843124323593073,0.80859375,0.40576171875,1,0.40283203125
CHNCXR_0561_1,Shenzhen,1,3,all_lossy,30,1.0,0.80859375,0.260986328125,1,0.547607421875
CHNCXR_0561_1,Shenzhen,1,3,lungs_lossy,50,0.3156875676406926,0.80859375,0.9267578125,0,0.1181640625
CHNCXR_0561_1,Shenzhen,1,3,background_lossy,50,0.6843124323593073,0.80859375,0.45263671875,1,0.35595703125
CHNCXR_0561_1,Shenzhen,1,3,all_lossy,50,1.0,0.80859375,0.7021484375,0,0.1064453125
CHNCXR_0561_1,Shenzhen,1,3,lungs_lossy,70,0.3156875676406926,0.80859375,0.8076171875,0,0.0009765625
CHNCXR_0561_1,Shenzhen,1,3,background_lossy,70,0.6843124323593073,0.80859375,0.71630859375,0,0.09228515625
CHNCXR_0561_1,Shenzhen,1,3,all_lossy,70,1.0,0.80859375,0.72705078125,0,0.08154296875
CHNCXR_0562_1,Shenzhen,1,2,lungs_lossy,10,0.3366802376760563,0.978515625,1.0,0,0.021484375
CHNCXR_0562_1,Shenzhen,1,2,background_lossy,10,0.6633197623239437,0.978515625,0.927734375,0,0.05078125
CHNCXR_0562_1,Shenzhen,1,2,all_lossy,10,1.0,0.978515625,1.0,0,0.021484375
CHNCXR_0562_1,Shenzhen,1,2,lungs_lossy,30,0.3366802376760563,0.978515625,1.0,0,0.021484375
CHNCXR_0562_1,Shenzhen,1,2,background_lossy,30,0.6633197623239437,0.978515625,0.91796875,0,0.060546875
CHNCXR_0562_1,Shenzhen,1,2,all_lossy,30,1.0,0.978515625,0.9990234375,0,0.0205078125
CHNCXR_0562_1,Shenzhen,1,2,lungs_lossy,50,0.3366802376760563,0.978515625,0.9970703125,0,0.0185546875
CHNCXR_0562_1,Shenzhen,1,2,background_lossy,50,0.6633197623239437,0.978515625,0.9912109375,0,0.0126953125
CHNCXR_0562_1,Shenzhen,1,2,all_lossy,50,1.0,0.978515625,0.998046875,0,0.01953125
CHNCXR_0562_1,Shenzhen,1,2,lungs_lossy,70,0.3366802376760563,0.978515625,0.98876953125,0,0.01025390625
CHNCXR_0562_1,Shenzhen,1,2,background_lossy,70,0.6633197623239437,0.978515625,0.9833984375,0,0.0048828125
CHNCXR_0562_1,Shenzhen,1,2,all_lossy,70,1.0,0.978515625,0.99072265625,0,0.01220703125
CHNCXR_0563_1,Shenzhen,1,4,lungs_lossy,10,0.3418508074457593,0.90771484375,0.97900390625,0,0.0712890625
CHNCXR_0563_1,Shenzhen,1,4,background_lossy,10,0.6581491925542406,0.90771484375,0.71142578125,0,0.1962890625
CHNCXR_0563_1,Shenzhen,1,4,all_lossy,10,1.0,0.90771484375,0.78125,0,0.12646484375
CHNCXR_0563_1,Shenzhen,1,4,lungs_lossy,30,0.3418508074457593,0.90771484375,0.98486328125,0,0.0771484375
CHNCXR_0563_1,Shenzhen,1,4,background_lossy,30,0.6581491925542406,0.90771484375,0.8203125,0,0.08740234375
CHNCXR_0563_1,Shenzhen,1,4,all_lossy,30,1.0,0.90771484375,0.9375,0,0.02978515625
CHNCXR_0563_1,Shenzhen,1,4,lungs_lossy,50,0.3418508074457593,0.90771484375,0.9580078125,0,0.05029296875
CHNCXR_0563_1,Shenzhen,1,4,background_lossy,50,0.6581491925542406,0.90771484375,0.89794921875,0,0.009765625
CHNCXR_0563_1,Shenzhen,1,4,all_lossy,50,1.0,0.90771484375,0.951171875,0,0.04345703125
CHNCXR_0563_1,Shenzhen,1,4,lungs_lossy,70,0.3418508074457593,0.90771484375,0.90869140625,0,0.0009765625
CHNCXR_0563_1,Shenzhen,1,4,background_lossy,70,0.6581491925542406,0.90771484375,0.9091796875,0,0.00146484375
CHNCXR_0563_1,Shenzhen,1,4,all_lossy,70,1.0,0.90771484375,0.912109375,0,0.00439453125
CHNCXR_0564_1,Shenzhen,1,1,lungs_lossy,10,0.2567950037425149,0.251953125,0.83642578125,1,0.58447265625
CHNCXR_0564_1,Shenzhen,1,1,background_lossy,10,0.743204996257485,0.251953125,0.313232421875,0,0.061279296875
CHNCXR_0564_1,Shenzhen,1,1,all_lossy,10,1.0,0.251953125,0.9189453125,1,0.6669921875
CHNCXR_0564_1,Shenzhen,1,1,lungs_lossy,30,0.2567950037425149,0.251953125,0.55712890625,1,0.30517578125
CHNCXR_0564_1,Shenzhen,1,1,background_lossy,30,0.743204996257485,0.251953125,0.203369140625,0,0.048583984375
CHNCXR_0564_1,Shenzhen,1,1,all_lossy,30,1.0,0.251953125,0.410400390625,0,0.158447265625
CHNCXR_0564_1,Shenzhen,1,1,lungs_lossy,50,0.2567950037425149,0.251953125,0.75830078125,1,0.50634765625
CHNCXR_0564_1,Shenzhen,1,1,background_lossy,50,0.743204996257485,0.251953125,0.28125,0,0.029296875
CHNCXR_0564_1,Shenzhen,1,1,all_lossy,50,1.0,0.251953125,0.76806640625,1,0.51611328125
CHNCXR_0564_1,Shenzhen,1,1,lungs_lossy,70,0.2567950037425149,0.251953125,0.17822265625,0,0.07373046875
CHNCXR_0564_1,Shenzhen,1,1,background_lossy,70,0.743204996257485,0.251953125,0.252685546875,0,0.000732421875
CHNCXR_0564_1,Shenzhen,1,1,all_lossy,70,1.0,0.251953125,0.1885986328125,0,0.0633544921875
CHNCXR_0565_1,Shenzhen,1,4,lungs_lossy,10,0.2110674196230598,0.97607421875,0.9765625,0,0.00048828125
CHNCXR_0565_1,Shenzhen,1,4,background_lossy,10,0.7889325803769401,0.97607421875,0.90576171875,0,0.0703125
CHNCXR_0565_1,Shenzhen,1,4,all_lossy,10,1.0,0.97607421875,0.82763671875,0,0.1484375
CHNCXR_0565_1,Shenzhen,1,4,lungs_lossy,30,0.2110674196230598,0.97607421875,0.99072265625,0,0.0146484375
CHNCXR_0565_1,Shenzhen,1,4,background_lossy,30,0.7889325803769401,0.97607421875,0.95263671875,0,0.0234375
CHNCXR_0565_1,Shenzhen,1,4,all_lossy,30,1.0,0.97607421875,0.9775390625,0,0.00146484375
CHNCXR_0565_1,Shenzhen,1,4,lungs_lossy,50,0.2110674196230598,0.97607421875,0.9873046875,0,0.01123046875
CHNCXR_0565_1,Shenzhen,1,4,background_lossy,50,0.7889325803769401,0.97607421875,0.96875,0,0.00732421875
CHNCXR_0565_1,Shenzhen,1,4,all_lossy,50,1.0,0.97607421875,0.9833984375,0,0.00732421875
CHNCXR_0565_1,Shenzhen,1,4,lungs_lossy,70,0.2110674196230598,0.97607421875,0.97900390625,0,0.0029296875
CHNCXR_0565_1,Shenzhen,1,4,background_lossy,70,0.7889325803769401,0.97607421875,0.974609375,0,0.00146484375
CHNCXR_0565_1,Shenzhen,1,4,all_lossy,70,1.0,0.97607421875,0.97802734375,0,0.001953125
CHNCXR_0566_1,Shenzhen,1,3,lungs_lossy,10,0.3570926466400911,0.89208984375,0.261962890625,1,0.630126953125
CHNCXR_0566_1,Shenzhen,1,3,background_lossy,10,0.6429073533599089,0.89208984375,0.74072265625,0,0.1513671875
CHNCXR_0566_1,Shenzhen,1,3,all_lossy,10,1.0,0.89208984375,0.1790771484375,1,0.7130126953125
CHNCXR_0566_1,Shenzhen,1,3,lungs_lossy,30,0.3570926466400911,0.89208984375,0.58935546875,0,0.302734375
CHNCXR_0566_1,Shenzhen,1,3,background_lossy,30,0.6429073533599089,0.89208984375,0.6982421875,0,0.19384765625
CHNCXR_0566_1,Shenzhen,1,3,all_lossy,30,1.0,0.89208984375,0.254150390625,1,0.637939453125
CHNCXR_0566_1,Shenzhen,1,3,lungs_lossy,50,0.3570926466400911,0.89208984375,0.8564453125,0,0.03564453125
CHNCXR_0566_1,Shenzhen,1,3,background_lossy,50,0.6429073533599089,0.89208984375,0.77392578125,0,0.1181640625
CHNCXR_0566_1,Shenzhen,1,3,all_lossy,50,1.0,0.89208984375,0.6650390625,0,0.22705078125
CHNCXR_0566_1,Shenzhen,1,3,lungs_lossy,70,0.3570926466400911,0.89208984375,0.86376953125,0,0.0283203125
CHNCXR_0566_1,Shenzhen,1,3,background_lossy,70,0.6429073533599089,0.89208984375,0.84130859375,0,0.05078125
CHNCXR_0566_1,Shenzhen,1,3,all_lossy,70,1.0,0.89208984375,0.79833984375,0,0.09375
CHNCXR_0567_1,Shenzhen,1,3,lungs_lossy,10,0.2136795343137255,0.91064453125,0.95654296875,0,0.0458984375
CHNCXR_0567_1,Shenzhen,1,3,background_lossy,10,0.7863204656862746,0.91064453125,0.8955078125,0,0.01513671875
CHNCXR_0567_1,Shenzhen,1,3,all_lossy,10,1.0,0.91064453125,0.7255859375,0,0.18505859375
CHNCXR_0567_1,Shenzhen,1,3,lungs_lossy,30,0.2136795343137255,0.91064453125,0.96923828125,0,0.05859375
CHNCXR_0567_1,Shenzhen,1,3,background_lossy,30,0.7863204656862746,0.91064453125,0.77099609375,0,0.1396484375
CHNCXR_0567_1,Shenzhen,1,3,all_lossy,30,1.0,0.91064453125,0.85107421875,0,0.0595703125
CHNCXR_0567_1,Shenzhen,1,3,lungs_lossy,50,0.2136795343137255,0.91064453125,0.91796875,0,0.00732421875
CHNCXR_0567_1,Shenzhen,1,3,background_lossy,50,0.7863204656862746,0.91064453125,0.716796875,0,0.19384765625
CHNCXR_0567_1,Shenzhen,1,3,all_lossy,50,1.0,0.91064453125,0.73388671875,0,0.1767578125
CHNCXR_0567_1,Shenzhen,1,3,lungs_lossy,70,0.2136795343137255,0.91064453125,0.88427734375,0,0.0263671875
CHNCXR_0567_1,Shenzhen,1,3,background_lossy,70,0.7863204656862746,0.91064453125,0.90283203125,0,0.0078125
CHNCXR_0567_1,Shenzhen,1,3,all_lossy,70,1.0,0.91064453125,0.87255859375,0,0.0380859375
CHNCXR_0568_1,Shenzhen,1,3,lungs_lossy,10,0.2753173289183223,0.974609375,0.80322265625,0,0.17138671875
CHNCXR_0568_1,Shenzhen,1,3,background_lossy,10,0.7246826710816777,0.974609375,0.94775390625,0,0.02685546875
CHNCXR_0568_1,Shenzhen,1,3,all_lossy,10,1.0,0.974609375,0.62255859375,0,0.35205078125
CHNCXR_0568_1,Shenzhen,1,3,lungs_lossy,30,0.2753173289183223,0.974609375,0.990234375,0,0.015625
CHNCXR_0568_1,Shenzhen,1,3,background_lossy,30,0.7246826710816777,0.974609375,0.94482421875,0,0.02978515625
CHNCXR_0568_1,Shenzhen,1,3,all_lossy,30,1.0,0.974609375,0.95068359375,0,0.02392578125
CHNCXR_0568_1,Shenzhen,1,3,lungs_lossy,50,0.2753173289183223,0.974609375,0.99560546875,0,0.02099609375
CHNCXR_0568_1,Shenzhen,1,3,background_lossy,50,0.7246826710816777,0.974609375,0.94921875,0,0.025390625
CHNCXR_0568_1,Shenzhen,1,3,all_lossy,50,1.0,0.974609375,0.9873046875,0,0.0126953125
CHNCXR_0568_1,Shenzhen,1,3,lungs_lossy,70,0.2753173289183223,0.974609375,0.984375,0,0.009765625
CHNCXR_0568_1,Shenzhen,1,3,background_lossy,70,0.7246826710816777,0.974609375,0.9658203125,0,0.0087890625
CHNCXR_0568_1,Shenzhen,1,3,all_lossy,70,1.0,0.974609375,0.97802734375,0,0.00341796875
CHNCXR_0569_1,Shenzhen,1,0,lungs_lossy,10,0.3182637674825175,0.9990234375,1.0,0,0.0009765625
CHNCXR_0569_1,Shenzhen,1,0,background_lossy,10,0.6817362325174825,0.9990234375,0.99609375,0,0.0029296875
CHNCXR_0569_1,Shenzhen,1,0,all_lossy,10,1.0,0.9990234375,0.99853515625,0,0.00048828125
CHNCXR_0569_1,Shenzhen,1,0,lungs_lossy,30,0.3182637674825175,0.9990234375,0.99951171875,0,0.00048828125
CHNCXR_0569_1,Shenzhen,1,0,background_lossy,30,0.6817362325174825,0.9990234375,0.998046875,0,0.0009765625
CHNCXR_0569_1,Shenzhen,1,0,all_lossy,30,1.0,0.9990234375,0.99853515625,0,0.00048828125
CHNCXR_0569_1,Shenzhen,1,0,lungs_lossy,50,0.3182637674825175,0.9990234375,0.99951171875,0,0.00048828125
CHNCXR_0569_1,Shenzhen,1,0,background_lossy,50,0.6817362325174825,0.9990234375,0.99853515625,0,0.00048828125
CHNCXR_0569_1,Shenzhen,1,0,all_lossy,50,1.0,0.9990234375,0.99853515625,0,0.00048828125
CHNCXR_0569_1,Shenzhen,1,0,lungs_lossy,70,0.3182637674825175,0.9990234375,0.9990234375,0,0.0
CHNCXR_0569_1,Shenzhen,1,0,background_lossy,70,0.6817362325174825,0.9990234375,0.9990234375,0,0.0
CHNCXR_0569_1,Shenzhen,1,0,all_lossy,70,1.0,0.9990234375,0.9990234375,0,0.0
CHNCXR_0570_1,Shenzhen,1,2,lungs_lossy,10,0.3186543549771167,0.9990234375,0.99755859375,0,0.00146484375
CHNCXR_0570_1,Shenzhen,1,2,background_lossy,10,0.6813456450228833,0.9990234375,0.99365234375,0,0.00537109375
CHNCXR_0570_1,Shenzhen,1,2,all_lossy,10,1.0,0.9990234375,0.9775390625,0,0.021484375
CHNCXR_0570_1,Shenzhen,1,2,lungs_lossy,30,0.3186543549771167,0.9990234375,1.0,0,0.0009765625
CHNCXR_0570_1,Shenzhen,1,2,background_lossy,30,0.6813456450228833,0.9990234375,0.99951171875,0,0.00048828125
CHNCXR_0570_1,Shenzhen,1,2,all_lossy,30,1.0,0.9990234375,1.0,0,0.0009765625
CHNCXR_0570_1,Shenzhen,1,2,lungs_lossy,50,0.3186543549771167,0.9990234375,0.99951171875,0,0.00048828125
CHNCXR_0570_1,Shenzhen,1,2,background_lossy,50,0.6813456450228833,0.9990234375,0.9990234375,0,0.0
CHNCXR_0570_1,Shenzhen,1,2,all_lossy,50,1.0,0.9990234375,0.99951171875,0,0.00048828125
CHNCXR_0570_1,Shenzhen,1,2,lungs_lossy,70,0.3186543549771167,0.9990234375,0.9990234375,0,0.0
CHNCXR_0570_1,Shenzhen,1,2,background_lossy,70,0.6813456450228833,0.9990234375,0.9990234375,0,0.0
CHNCXR_0570_1,Shenzhen,1,2,all_lossy,70,1.0,0.9990234375,0.9990234375,0,0.0
CHNCXR_0571_1,Shenzhen,1,1,lungs_lossy,10,0.294457641862955,0.99951171875,0.99755859375,0,0.001953125
CHNCXR_0571_1,Shenzhen,1,1,background_lossy,10,0.705542358137045,0.99951171875,0.9990234375,0,0.00048828125
CHNCXR_0571_1,Shenzhen,1,1,all_lossy,10,1.0,0.99951171875,0.9970703125,0,0.00244140625
CHNCXR_0571_1,Shenzhen,1,1,lungs_lossy,30,0.294457641862955,0.99951171875,0.99951171875,0,0.0
CHNCXR_0571_1,Shenzhen,1,1,background_lossy,30,0.705542358137045,0.99951171875,0.99951171875,0,0.0
CHNCXR_0571_1,Shenzhen,1,1,all_lossy,30,1.0,0.99951171875,0.99951171875,0,0.0
CHNCXR_0571_1,Shenzhen,1,1,lungs_lossy,50,0.294457641862955,0.99951171875,1.0,0,0.00048828125
CHNCXR_0571_1,Shenzhen,1,1,background_lossy,50,0.705542358137045,0.99951171875,0.99853515625,0,0.0009765625
CHNCXR_0571_1,Shenzhen,1,1,all_lossy,50,1.0,0.99951171875,0.99951171875,0,0.0
CHNCXR_0571_1,Shenzhen,1,1,lungs_lossy,70,0.294457641862955,0.99951171875,0.99951171875,0,0.0
CHNCXR_0571_1,Shenzhen,1,1,background_lossy,70,0.705542358137045,0.99951171875,0.99951171875,0,0.0
CHNCXR_0571_1,Shenzhen,1,1,all_lossy,70,1.0,0.99951171875,0.99951171875,0,0.0
CHNCXR_0572_1,Shenzhen,1,4,lungs_lossy,10,0.2355516777663934,0.9501953125,0.9345703125,0,0.015625
CHNCXR_0572_1,Shenzhen,1,4,background_lossy,10,0.7644483222336066,0.9501953125,0.90185546875,0,0.04833984375
CHNCXR_0572_1,Shenzhen,1,4,all_lossy,10,1.0,0.9501953125,0.66162109375,0,0.28857421875
CHNCXR_0572_1,Shenzhen,1,4,lungs_lossy,30,0.2355516777663934,0.9501953125,0.98046875,0,0.0302734375
CHNCXR_0572_1,Shenzhen,1,4,background_lossy,30,0.7644483222336066,0.9501953125,0.9384765625,0,0.01171875
CHNCXR_0572_1,Shenzhen,1,4,all_lossy,30,1.0,0.9501953125,0.97265625,0,0.0224609375
CHNCXR_0572_1,Shenzhen,1,4,lungs_lossy,50,0.2355516777663934,0.9501953125,0.9736328125,0,0.0234375
CHNCXR_0572_1,Shenzhen,1,4,background_lossy,50,0.7644483222336066,0.9501953125,0.9423828125,0,0.0078125
CHNCXR_0572_1,Shenzhen,1,4,all_lossy,50,1.0,0.9501953125,0.966796875,0,0.0166015625
CHNCXR_0572_1,Shenzhen,1,4,lungs_lossy,70,0.2355516777663934,0.9501953125,0.95654296875,0,0.00634765625
CHNCXR_0572_1,Shenzhen,1,4,background_lossy,70,0.7644483222336066,0.9501953125,0.9501953125,0,0.0
CHNCXR_0572_1,Shenzhen,1,4,all_lossy,70,1.0,0.9501953125,0.95556640625,0,0.00537109375
CHNCXR_0573_1,Shenzhen,1,2,lungs_lossy,10,0.3176586009837963,1.0,1.0,0,0.0
CHNCXR_0573_1,Shenzhen,1,2,background_lossy,10,0.6823413990162037,1.0,1.0,0,0.0
CHNCXR_0573_1,Shenzhen,1,2,all_lossy,10,1.0,1.0,1.0,0,0.0
CHNCXR_0573_1,Shenzhen,1,2,lungs_lossy,30,0.3176586009837963,1.0,1.0,0,0.0
CHNCXR_0573_1,Shenzhen,1,2,background_lossy,30,0.6823413990162037,1.0,1.0,0,0.0
CHNCXR_0573_1,Shenzhen,1,2,all_lossy,30,1.0,1.0,1.0,0,0.0
CHNCXR_0573_1,Shenzhen,1,2,lungs_lossy,50,0.3176586009837963,1.0,1.0,0,0.0
CHNCXR_0573_1,Shenzhen,1,2,background_lossy,50,0.6823413990162037,1.0,1.0,0,0.0
CHNCXR_0573_1,Shenzhen,1,2,all_lossy,50,1.0,1.0,1.0,0,0.0
CHNCXR_0573_1,Shenzhen,1,2,lungs_lossy,70,0.3176586009837963,1.0,1.0,0,0.0
CHNCXR_0573_1,Shenzhen,1,2,background_lossy,70,0.6823413990162037,1.0,1.0,0,0.0
CHNCXR_0573_1,Shenzhen,1,2,all_lossy,70,1.0,1.0,1.0,0,0.0
CHNCXR_0574_1,Shenzhen,1,4,lungs_lossy,10,0.340778803131991,0.80810546875,0.990234375,0,0.18212890625
CHNCXR_0574_1,Shenzhen,1,4,background_lossy,10,0.659221196868009,0.80810546875,0.84130859375,0,0.033203125
CHNCXR_0574_1,Shenzhen,1,4,all_lossy,10,1.0,0.80810546875,0.98876953125,0,0.1806640625
CHNCXR_0574_1,Shenzhen,1,4,lungs_lossy,30,0.340778803131991,0.80810546875,0.982421875,0,0.17431640625
CHNCXR_0574_1,Shenzhen,1,4,background_lossy,30,0.659221196868009,0.80810546875,0.81201171875,0,0.00390625
CHNCXR_0574_1,Shenzhen,1,4,all_lossy,30,1.0,0.80810546875,0.974609375,0,0.16650390625
CHNCXR_0574_1,Shenzhen,1,4,lungs_lossy,50,0.340778803131991,0.80810546875,0.9033203125,0,0.09521484375
CHNCXR_0574_1,Shenzhen,1,4,background_lossy,50,0.659221196868009,0.80810546875,0.84228515625,0,0.0341796875
CHNCXR_0574_1,Shenzhen,1,4,all_lossy,50,1.0,0.80810546875,0.9111328125,0,0.10302734375
CHNCXR_0574_1,Shenzhen,1,4,lungs_lossy,70,0.340778803131991,0.80810546875,0.85986328125,0,0.0517578125
CHNCXR_0574_1,Shenzhen,1,4,background_lossy,70,0.659221196868009,0.80810546875,0.8125,0,0.00439453125
CHNCXR_0574_1,Shenzhen,1,4,all_lossy,70,1.0,0.80810546875,0.86376953125,0,0.0556640625
CHNCXR_0575_1,Shenzhen,1,2,lungs_lossy,10,0.3195197610294117,1.0,1.0,0,0.0
CHNCXR_0575_1,Shenzhen,1,2,background_lossy,10,0.6804802389705882,1.0,1.0,0,0.0
CHNCXR_0575_1,Shenzhen,1,2,all_lossy,10,1.0,1.0,1.0,0,0.0
CHNCXR_0575_1,Shenzhen,1,2,lungs_lossy,30,0.3195197610294117,1.0,1.0,0,0.0
CHNCXR_0575_1,Shenzhen,1,2,background_lossy,30,0.6804802389705882,1.0,0.99951171875,0,0.00048828125
CHNCXR_0575_1,Shenzhen,1,2,all_lossy,30,1.0,1.0,1.0,0,0.0
CHNCXR_0575_1,Shenzhen,1,2,lungs_lossy,50,0.3195197610294117,1.0,1.0,0,0.0
CHNCXR_0575_1,Shenzhen,1,2,background_lossy,50,0.6804802389705882,1.0,1.0,0,0.0
CHNCXR_0575_1,Shenzhen,1,2,all_lossy,50,1.0,1.0,1.0,0,0.0
CHNCXR_0575_1,Shenzhen,1,2,lungs_lossy,70,0.3195197610294117,1.0,1.0,0,0.0
CHNCXR_0575_1,Shenzhen,1,2,background_lossy,70,0.6804802389705882,1.0,1.0,0,0.0
CHNCXR_0575_1,Shenzhen,1,2,all_lossy,70,1.0,1.0,1.0,0,0.0
CHNCXR_0576_1,Shenzhen,1,1,lungs_lossy,10,0.3415949789325843,0.99853515625,0.99951171875,0,0.0009765625
CHNCXR_0576_1,Shenzhen,1,1,background_lossy,10,0.6584050210674157,0.99853515625,0.9990234375,0,0.00048828125
CHNCXR_0576_1,Shenzhen,1,1,all_lossy,10,1.0,0.99853515625,0.99951171875,0,0.0009765625
CHNCXR_0576_1,Shenzhen,1,1,lungs_lossy,30,0.3415949789325843,0.99853515625,0.99951171875,0,0.0009765625
CHNCXR_0576_1,Shenzhen,1,1,background_lossy,30,0.6584050210674157,0.99853515625,0.9990234375,0,0.00048828125
CHNCXR_0576_1,Shenzhen,1,1,all_lossy,30,1.0,0.99853515625,0.99951171875,0,0.0009765625
CHNCXR_0576_1,Shenzhen,1,1,lungs_lossy,50,0.3415949789325843,0.99853515625,0.998046875,0,0.00048828125
CHNCXR_0576_1,Shenzhen,1,1,background_lossy,50,0.6584050210674157,0.99853515625,0.9990234375,0,0.00048828125
CHNCXR_0576_1,Shenzhen,1,1,all_lossy,50,1.0,0.99853515625,0.99853515625,0,0.0
CHNCXR_0576_1,Shenzhen,1,1,lungs_lossy,70,0.3415949789325843,0.99853515625,0.99853515625,0,0.0
CHNCXR_0576_1,Shenzhen,1,1,background_lossy,70,0.6584050210674157,0.99853515625,0.99853515625,0,0.0
CHNCXR_0576_1,Shenzhen,1,1,all_lossy,70,1.0,0.99853515625,0.998046875,0,0.00048828125
CHNCXR_0577_1,Shenzhen,1,2,lungs_lossy,10,0.3069073167670683,1.0,1.0,0,0.0
CHNCXR_0577_1,Shenzhen,1,2,background_lossy,10,0.6930926832329317,1.0,0.99951171875,0,0.00048828125
CHNCXR_0577_1,Shenzhen,1,2,all_lossy,10,1.0,1.0,0.99365234375,0,0.00634765625
CHNCXR_0577_1,Shenzhen,1,2,lungs_lossy,30,0.3069073167670683,1.0,1.0,0,0.0
CHNCXR_0577_1,Shenzhen,1,2,background_lossy,30,0.6930926832329317,1.0,1.0,0,0.0
CHNCXR_0577_1,Shenzhen,1,2,all_lossy,30,1.0,1.0,1.0,0,0.0
CHNCXR_0577_1,Shenzhen,1,2,lungs_lossy,50,0.3069073167670683,1.0,1.0,0,0.0
CHNCXR_0577_1,Shenzhen,1,2,background_lossy,50,0.6930926832329317,1.0,1.0,0,0.0
CHNCXR_0577_1,Shenzhen,1,2,all_lossy,50,1.0,1.0,1.0,0,0.0
CHNCXR_0577_1,Shenzhen,1,2,lungs_lossy,70,0.3069073167670683,1.0,1.0,0,0.0
CHNCXR_0577_1,Shenzhen,1,2,background_lossy,70,0.6930926832329317,1.0,1.0,0,0.0
CHNCXR_0577_1,Shenzhen,1,2,all_lossy,70,1.0,1.0,1.0,0,0.0
CHNCXR_0578_1,Shenzhen,1,4,lungs_lossy,10,0.3319251446177062,0.81494140625,0.94677734375,0,0.1318359375
CHNCXR_0578_1,Shenzhen,1,4,background_lossy,10,0.6680748553822937,0.81494140625,0.82861328125,0,0.013671875
CHNCXR_0578_1,Shenzhen,1,4,all_lossy,10,1.0,0.81494140625,0.81591796875,0,0.0009765625
CHNCXR_0578_1,Shenzhen,1,4,lungs_lossy,30,0.3319251446177062,0.81494140625,0.98388671875,0,0.1689453125
CHNCXR_0578_1,Shenzhen,1,4,background_lossy,30,0.6680748553822937,0.81494140625,0.76513671875,0,0.0498046875
CHNCXR_0578_1,Shenzhen,1,4,all_lossy,30,1.0,0.81494140625,0.96044921875,0,0.1455078125
CHNCXR_0578_1,Shenzhen,1,4,lungs_lossy,50,0.3319251446177062,0.81494140625,0.90478515625,0,0.08984375
CHNCXR_0578_1,Shenzhen,1,4,background_lossy,50,0.6680748553822937,0.81494140625,0.80322265625,0,0.01171875
CHNCXR_0578_1,Shenzhen,1,4,all_lossy,50,1.0,0.81494140625,0.87939453125,0,0.064453125
CHNCXR_0578_1,Shenzhen,1,4,lungs_lossy,70,0.3319251446177062,0.81494140625,0.82275390625,0,0.0078125
CHNCXR_0578_1,Shenzhen,1,4,background_lossy,70,0.6680748553822937,0.81494140625,0.81884765625,0,0.00390625
CHNCXR_0578_1,Shenzhen,1,4,all_lossy,70,1.0,0.81494140625,0.8251953125,0,0.01025390625
CHNCXR_0579_1,Shenzhen,1,1,lungs_lossy,10,0.3477828414351852,0.99853515625,0.998046875,0,0.00048828125
CHNCXR_0579_1,Shenzhen,1,1,background_lossy,10,0.6522171585648149,0.99853515625,1.0,0,0.00146484375
CHNCXR_0579_1,Shenzhen,1,1,all_lossy,10,1.0,0.99853515625,0.99853515625,0,0.0
CHNCXR_0579_1,Shenzhen,1,1,lungs_lossy,30,0.3477828414351852,0.99853515625,0.99951171875,0,0.0009765625
CHNCXR_0579_1,Shenzhen,1,1,background_lossy,30,0.6522171585648149,0.99853515625,0.99951171875,0,0.0009765625
CHNCXR_0579_1,Shenzhen,1,1,all_lossy,30,1.0,0.99853515625,0.9990234375,0,0.00048828125
CHNCXR_0579_1,Shenzhen,1,1,lungs_lossy,50,0.3477828414351852,0.99853515625,0.9990234375,0,0.00048828125
CHNCXR_0579_1,Shenzhen,1,1,background_lossy,50,0.6522171585648149,0.99853515625,0.9990234375,0,0.00048828125
CHNCXR_0579_1,Shenzhen,1,1,all_lossy,50,1.0,0.99853515625,0.9990234375,0,0.00048828125
CHNCXR_0579_1,Shenzhen,1,1,lungs_lossy,70,0.3477828414351852,0.99853515625,0.99853515625,0,0.0
CHNCXR_0579_1,Shenzhen,1,1,background_lossy,70,0.6522171585648149,0.99853515625,0.99853515625,0,0.0
CHNCXR_0579_1,Shenzhen,1,1,all_lossy,70,1.0,0.99853515625,0.99853515625,0,0.0
CHNCXR_0580_1,Shenzhen,1,0,lungs_lossy,10,0.3194742118362831,1.0,1.0,0,0.0
CHNCXR_0580_1,Shenzhen,1,0,background_lossy,10,0.6805257881637168,1.0,0.99951171875,0,0.00048828125
CHNCXR_0580_1,Shenzhen,1,0,all_lossy,10,1.0,1.0,0.99951171875,0,0.00048828125
CHNCXR_0580_1,Shenzhen,1,0,lungs_lossy,30,0.3194742118362831,1.0,1.0,0,0.0
CHNCXR_0580_1,Shenzhen,1,0,background_lossy,30,0.6805257881637168,1.0,0.99951171875,0,0.00048828125
CHNCXR_0580_1,Shenzhen,1,0,all_lossy,30,1.0,1.0,1.0,0,0.0
CHNCXR_0580_1,Shenzhen,1,0,lungs_lossy,50,0.3194742118362831,1.0,1.0,0,0.0
CHNCXR_0580_1,Shenzhen,1,0,background_lossy,50,0.6805257881637168,1.0,1.0,0,0.0
CHNCXR_0580_1,Shenzhen,1,0,all_lossy,50,1.0,1.0,1.0,0,0.0
CHNCXR_0580_1,Shenzhen,1,0,lungs_lossy,70,0.3194742118362831,1.0,1.0,0,0.0
CHNCXR_0580_1,Shenzhen,1,0,background_lossy,70,0.6805257881637168,1.0,1.0,0,0.0
CHNCXR_0580_1,Shenzhen,1,0,all_lossy,70,1.0,1.0,1.0,0,0.0
CHNCXR_0581_1,Shenzhen,1,1,lungs_lossy,10,0.3242567978896103,0.62548828125,0.994140625,0,0.36865234375
CHNCXR_0581_1,Shenzhen,1,1,background_lossy,10,0.6757432021103896,0.62548828125,0.92822265625,0,0.302734375
CHNCXR_0581_1,Shenzhen,1,1,all_lossy,10,1.0,0.62548828125,0.99169921875,0,0.3662109375
CHNCXR_0581_1,Shenzhen,1,1,lungs_lossy,30,0.3242567978896103,0.62548828125,0.97802734375,0,0.3525390625
CHNCXR_0581_1,Shenzhen,1,1,background_lossy,30,0.6757432021103896,0.62548828125,0.96826171875,0,0.3427734375
CHNCXR_0581_1,Shenzhen,1,1,all_lossy,30,1.0,0.62548828125,0.99609375,0,0.37060546875
CHNCXR_0581_1,Shenzhen,1,1,lungs_lossy,50,0.3242567978896103,0.62548828125,0.8828125,0,0.25732421875
CHNCXR_0581_1,Shenzhen,1,1,background_lossy,50,0.6757432021103896,0.62548828125,0.64892578125,0,0.0234375
CHNCXR_0581_1,Shenzhen,1,1,all_lossy,50,1.0,0.62548828125,0.90234375,0,0.27685546875
CHNCXR_0581_1,Shenzhen,1,1,lungs_lossy,70,0.3242567978896103,0.62548828125,0.6552734375,0,0.02978515625
CHNCXR_0581_1,Shenzhen,1,1,background_lossy,70,0.6757432021103896,0.62548828125,0.6240234375,0,0.00146484375
CHNCXR_0581_1,Shenzhen,1,1,all_lossy,70,1.0,0.62548828125,0.6689453125,0,0.04345703125
CHNCXR_0582_1,Shenzhen,1,2,lungs_lossy,10,0.2847119941086065,1.0,1.0,0,0.0
CHNCXR_0582_1,Shenzhen,1,2,background_lossy,10,0.7152880058913935,1.0,0.9990234375,0,0.0009765625
CHNCXR_0582_1,Shenzhen,1,2,all_lossy,10,1.0,1.0,1.0,0,0.0
CHNCXR_0582_1,Shenzhen,1,2,lungs_lossy,30,0.2847119941086065,1.0,1.0,0,0.0
CHNCXR_0582_1,Shenzhen,1,2,background_lossy,30,0.7152880058913935,1.0,1.0,0,0.0
CHNCXR_0582_1,Shenzhen,1,2,all_lossy,30,1.0,1.0,1.0,0,0.0
CHNCXR_0582_1,Shenzhen,1,2,lungs_lossy,50,0.2847119941086065,1.0,1.0,0,0.0
CHNCXR_0582_1,Shenzhen,1,2,background_lossy,50,0.7152880058913935,1.0,1.0,0,0.0
CHNCXR_0582_1,Shenzhen,1,2,all_lossy,50,1.0,1.0,1.0,0,0.0
CHNCXR_0582_1,Shenzhen,1,2,lungs_lossy,70,0.2847119941086065,1.0,1.0,0,0.0
CHNCXR_0582_1,Shenzhen,1,2,background_lossy,70,0.7152880058913935,1.0,1.0,0,0.0
CHNCXR_0582_1,Shenzhen,1,2,all_lossy,70,1.0,1.0,1.0,0,0.0
CHNCXR_0583_1,Shenzhen,1,2,lungs_lossy,10,0.2934944437622789,0.998046875,1.0,0,0.001953125
CHNCXR_0583_1,Shenzhen,1,2,background_lossy,10,0.706505556237721,0.998046875,0.99755859375,0,0.00048828125
CHNCXR_0583_1,Shenzhen,1,2,all_lossy,10,1.0,0.998046875,1.0,0,0.001953125
CHNCXR_0583_1,Shenzhen,1,2,lungs_lossy,30,0.2934944437622789,0.998046875,1.0,0,0.001953125
CHNCXR_0583_1,Shenzhen,1,2,background_lossy,30,0.706505556237721,0.998046875,0.9931640625,0,0.0048828125
CHNCXR_0583_1,Shenzhen,1,2,all_lossy,30,1.0,0.998046875,1.0,0,0.001953125
CHNCXR_0583_1,Shenzhen,1,2,lungs_lossy,50,0.2934944437622789,0.998046875,0.99951171875,0,0.00146484375
CHNCXR_0583_1,Shenzhen,1,2,background_lossy,50,0.706505556237721,0.998046875,0.99658203125,0,0.00146484375
CHNCXR_0583_1,Shenzhen,1,2,all_lossy,50,1.0,0.998046875,0.9990234375,0,0.0009765625
CHNCXR_0583_1,Shenzhen,1,2,lungs_lossy,70,0.2934944437622789,0.998046875,0.998046875,0,0.0
CHNCXR_0583_1,Shenzhen,1,2,background_lossy,70,0.706505556237721,0.998046875,0.9970703125,0,0.0009765625
CHNCXR_0583_1,Shenzhen,1,2,all_lossy,70,1.0,0.998046875,0.9970703125,0,0.0009765625
CHNCXR_0584_1,Shenzhen,1,2,lungs_lossy,10,0.2657709911616162,0.7119140625,1.0,0,0.2880859375
CHNCXR_0584_1,Shenzhen,1,2,background_lossy,10,0.7342290088383838,0.7119140625,0.59716796875,0,0.11474609375
CHNCXR_0584_1,Shenzhen,1,2,all_lossy,10,1.0,0.7119140625,0.998046875,0,0.2861328125
CHNCXR_0584_1,Shenzhen,1,2,lungs_lossy,30,0.2657709911616162,0.7119140625,1.0,0,0.2880859375
CHNCXR_0584_1,Shenzhen,1,2,background_lossy,30,0.7342290088383838,0.7119140625,0.50927734375,0,0.20263671875
CHNCXR_0584_1,Shenzhen,1,2,all_lossy,30,1.0,0.7119140625,0.99658203125,0,0.28466796875
CHNCXR_0584_1,Shenzhen,1,2,lungs_lossy,50,0.2657709911616162,0.7119140625,0.916015625,0,0.2041015625
CHNCXR_0584_1,Shenzhen,1,2,background_lossy,50,0.7342290088383838,0.7119140625,0.4951171875,1,0.216796875
CHNCXR_0584_1,Shenzhen,1,2,all_lossy,50,1.0,0.7119140625,0.77978515625,0,0.06787109375
CHNCXR_0584_1,Shenzhen,1,2,lungs_lossy,70,0.2657709911616162,0.7119140625,0.70263671875,0,0.00927734375
CHNCXR_0584_1,Shenzhen,1,2,background_lossy,70,0.7342290088383838,0.7119140625,0.73388671875,0,0.02197265625
CHNCXR_0584_1,Shenzhen,1,2,all_lossy,70,1.0,0.7119140625,0.72412109375,0,0.01220703125
CHNCXR_0585_1,Shenzhen,1,3,lungs_lossy,10,0.2761948529411764,0.7470703125,0.849609375,0,0.1025390625
CHNCXR_0585_1,Shenzhen,1,3,background_lossy,10,0.7238051470588236,0.7470703125,0.64892578125,0,0.09814453125
CHNCXR_0585_1,Shenzhen,1,3,all_lossy,10,1.0,0.7470703125,0.61669921875,0,0.13037109375
CHNCXR_0585_1,Shenzhen,1,3,lungs_lossy,30,0.2761948529411764,0.7470703125,0.8974609375,0,0.150390625
CHNCXR_0585_1,Shenzhen,1,3,background_lossy,30,0.7238051470588236,0.7470703125,0.544921875,0,0.2021484375
CHNCXR_0585_1,Shenzhen,1,3,all_lossy,30,1.0,0.7470703125,0.6513671875,0,0.095703125
CHNCXR_0585_1,Shenzhen,1,3,lungs_lossy,50,0.2761948529411764,0.7470703125,0.73046875,0,0.0166015625
CHNCXR_0585_1,Shenzhen,1,3,background_lossy,50,0.7238051470588236,0.7470703125,0.69140625,0,0.0556640625
CHNCXR_0585_1,Shenzhen,1,3,all_lossy,50,1.0,0.7470703125,0.70361328125,0,0.04345703125
CHNCXR_0585_1,Shenzhen,1,3,lungs_lossy,70,0.2761948529411764,0.7470703125,0.70654296875,0,0.04052734375
CHNCXR_0585_1,Shenzhen,1,3,background_lossy,70,0.7238051470588236,0.7470703125,0.77197265625,0,0.02490234375
CHNCXR_0585_1,Shenzhen,1,3,all_lossy,70,1.0,0.7470703125,0.7431640625,0,0.00390625
CHNCXR_0586_1,Shenzhen,1,1,lungs_lossy,10,0.1976891447368421,0.99951171875,1.0,0,0.00048828125
CHNCXR_0586_1,Shenzhen,1,1,background_lossy,10,0.8023108552631579,0.99951171875,0.99951171875,0,0.0
CHNCXR_0586_1,Shenzhen,1,1,all_lossy,10,1.0,0.99951171875,1.0,0,0.00048828125
CHNCXR_0586_1,Shenzhen,1,1,lungs_lossy,30,0.1976891447368421,0.99951171875,1.0,0,0.00048828125
CHNCXR_0586_1,Shenzhen,1,1,background_lossy,30,0.8023108552631579,0.99951171875,0.99853515625,0,0.0009765625
CHNCXR_0586_1,Shenzhen,1,1,all_lossy,30,1.0,0.99951171875,1.0,0,0.00048828125
CHNCXR_0586_1,Shenzhen,1,1,lungs_lossy,50,0.1976891447368421,0.99951171875,0.99951171875,0,0.0
CHNCXR_0586_1,Shenzhen,1,1,background_lossy,50,0.8023108552631579,0.99951171875,0.9990234375,0,0.00048828125
CHNCXR_0586_1,Shenzhen,1,1,all_lossy,50,1.0,0.99951171875,0.9990234375,0,0.00048828125
CHNCXR_0586_1,Shenzhen,1,1,lungs_lossy,70,0.1976891447368421,0.99951171875,0.9990234375,0,0.00048828125
CHNCXR_0586_1,Shenzhen,1,1,background_lossy,70,0.8023108552631579,0.99951171875,0.99951171875,0,0.0
CHNCXR_0586_1,Shenzhen,1,1,all_lossy,70,1.0,0.99951171875,0.9990234375,0,0.00048828125
CHNCXR_0587_1,Shenzhen,1,0,lungs_lossy,10,0.2691413894324853,0.99658203125,0.99755859375,0,0.0009765625
CHNCXR_0587_1,Shenzhen,1,0,background_lossy,10,0.7308586105675147,0.99658203125,0.98681640625,0,0.009765625
CHNCXR_0587_1,Shenzhen,1,0,all_lossy,10,1.0,0.99658203125,0.99462890625,0,0.001953125
CHNCXR_0587_1,Shenzhen,1,0,lungs_lossy,30,0.2691413894324853,0.99658203125,0.99951171875,0,0.0029296875
CHNCXR_0587_1,Shenzhen,1,0,background_lossy,30,0.7308586105675147,0.99658203125,0.9892578125,0,0.00732421875
CHNCXR_0587_1,Shenzhen,1,0,all_lossy,30,1.0,0.99658203125,0.99853515625,0,0.001953125
CHNCXR_0587_1,Shenzhen,1,0,lungs_lossy,50,0.2691413894324853,0.99658203125,0.9990234375,0,0.00244140625
CHNCXR_0587_1,Shenzhen,1,0,background_lossy,50,0.7308586105675147,0.99658203125,0.99462890625,0,0.001953125
CHNCXR_0587_1,Shenzhen,1,0,all_lossy,50,1.0,0.99658203125,0.998046875,0,0.00146484375
CHNCXR_0587_1,Shenzhen,1,0,lungs_lossy,70,0.2691413894324853,0.99658203125,0.99560546875,0,0.0009765625
CHNCXR_0587_1,Shenzhen,1,0,background_lossy,70,0.7308586105675147,0.99658203125,0.9970703125,0,0.00048828125
CHNCXR_0587_1,Shenzhen,1,0,all_lossy,70,1.0,0.99658203125,0.99560546875,0,0.0009765625
CHNCXR_0588_1,Shenzhen,1,1,lungs_lossy,10,0.3706856343283582,0.9873046875,0.99169921875,0,0.00439453125
CHNCXR_0588_1,Shenzhen,1,1,background_lossy,10,0.6293143656716418,0.9873046875,0.99755859375,0,0.01025390625
CHNCXR_0588_1,Shenzhen,1,1,all_lossy,10,1.0,0.9873046875,0.99853515625,0,0.01123046875
CHNCXR_0588_1,Shenzhen,1,1,lungs_lossy,30,0.3706856343283582,0.9873046875,0.99560546875,0,0.00830078125
CHNCXR_0588_1,Shenzhen,1,1,background_lossy,30,0.6293143656716418,0.9873046875,0.99658203125,0,0.00927734375
CHNCXR_0588_1,Shenzhen,1,1,all_lossy,30,1.0,0.9873046875,0.99853515625,0,0.01123046875
CHNCXR_0588_1,Shenzhen,1,1,lungs_lossy,50,0.3706856343283582,0.9873046875,0.9931640625,0,0.005859375
CHNCXR_0588_1,Shenzhen,1,1,background_lossy,50,0.6293143656716418,0.9873046875,0.9951171875,0,0.0078125
CHNCXR_0588_1,Shenzhen,1,1,all_lossy,50,1.0,0.9873046875,0.99755859375,0,0.01025390625
CHNCXR_0588_1,Shenzhen,1,1,lungs_lossy,70,0.3706856343283582,0.9873046875,0.9814453125,0,0.005859375
CHNCXR_0588_1,Shenzhen,1,1,background_lossy,70,0.6293143656716418,0.9873046875,0.99267578125,0,0.00537109375
CHNCXR_0588_1,Shenzhen,1,1,all_lossy,70,1.0,0.9873046875,0.9892578125,0,0.001953125
CHNCXR_0589_1,Shenzhen,1,1,lungs_lossy,10,0.3107217817164179,1.0,0.99951171875,0,0.00048828125
CHNCXR_0589_1,Shenzhen,1,1,background_lossy,10,0.6892782182835822,1.0,1.0,0,0.0
CHNCXR_0589_1,Shenzhen,1,1,all_lossy,10,1.0,1.0,0.99853515625,0,0.00146484375
CHNCXR_0589_1,Shenzhen,1,1,lungs_lossy,30,0.3107217817164179,1.0,0.99951171875,0,0.00048828125
CHNCXR_0589_1,Shenzhen,1,1,background_lossy,30,0.6892782182835822,1.0,1.0,0,0.0
CHNCXR_0589_1,Shenzhen,1,1,all_lossy,30,1.0,1.0,0.99951171875,0,0.00048828125
CHNCXR_0589_1,Shenzhen,1,1,lungs_lossy,50,0.3107217817164179,1.0,1.0,0,0.0
CHNCXR_0589_1,Shenzhen,1,1,background_lossy,50,0.6892782182835822,1.0,1.0,0,0.0
CHNCXR_0589_1,Shenzhen,1,1,all_lossy,50,1.0,1.0,1.0,0,0.0
CHNCXR_0589_1,Shenzhen,1,1,lungs_lossy,70,0.3107217817164179,1.0,1.0,0,0.0
CHNCXR_0589_1,Shenzhen,1,1,background_lossy,70,0.6892782182835822,1.0,1.0,0,0.0
CHNCXR_0589_1,Shenzhen,1,1,all_lossy,70,1.0,1.0,1.0,0,0.0
CHNCXR_0590_1,Shenzhen,1,1,lungs_lossy,10,0.3754194346529284,1.0,0.97607421875,0,0.02392578125
CHNCXR_0590_1,Shenzhen,1,1,background_lossy,10,0.6245805653470715,1.0,1.0,0,0.0
CHNCXR_0590_1,Shenzhen,1,1,all_lossy,10,1.0,1.0,0.99365234375,0,0.00634765625
CHNCXR_0590_1,Shenzhen,1,1,lungs_lossy,30,0.3754194346529284,1.0,0.99853515625,0,0.00146484375
CHNCXR_0590_1,Shenzhen,1,1,background_lossy,30,0.6245805653470715,1.0,1.0,0,0.0
CHNCXR_0590_1,Shenzhen,1,1,all_lossy,30,1.0,1.0,0.99951171875,0,0.00048828125
CHNCXR_0590_1,Shenzhen,1,1,lungs_lossy,50,0.3754194346529284,1.0,1.0,0,0.0
CHNCXR_0590_1,Shenzhen,1,1,background_lossy,50,0.6245805653470715,1.0,1.0,0,0.0
CHNCXR_0590_1,Shenzhen,1,1,all_lossy,50,1.0,1.0,1.0,0,0.0
CHNCXR_0590_1,Shenzhen,1,1,lungs_lossy,70,0.3754194346529284,1.0,1.0,0,0.0
CHNCXR_0590_1,Shenzhen,1,1,background_lossy,70,0.6245805653470715,1.0,1.0,0,0.0
CHNCXR_0590_1,Shenzhen,1,1,all_lossy,70,1.0,1.0,1.0,0,0.0
CHNCXR_0591_1,Shenzhen,1,3,lungs_lossy,10,0.3051334891732283,0.54541015625,0.06561279296875,1,0.47979736328125
CHNCXR_0591_1,Shenzhen,1,3,background_lossy,10,0.6948665108267716,0.54541015625,0.3701171875,1,0.17529296875
CHNCXR_0591_1,Shenzhen,1,3,all_lossy,10,1.0,0.54541015625,0.2998046875,1,0.24560546875
CHNCXR_0591_1,Shenzhen,1,3,lungs_lossy,30,0.3051334891732283,0.54541015625,0.26953125,1,0.27587890625
CHNCXR_0591_1,Shenzhen,1,3,background_lossy,30,0.6948665108267716,0.54541015625,0.34716796875,1,0.1982421875
CHNCXR_0591_1,Shenzhen,1,3,all_lossy,30,1.0,0.54541015625,0.1925048828125,1,0.3529052734375
CHNCXR_0591_1,Shenzhen,1,3,lungs_lossy,50,0.3051334891732283,0.54541015625,0.35595703125,1,0.189453125
CHNCXR_0591_1,Shenzhen,1,3,background_lossy,50,0.6948665108267716,0.54541015625,0.421142578125,1,0.124267578125
CHNCXR_0591_1,Shenzhen,1,3,all_lossy,50,1.0,0.54541015625,0.277099609375,1,0.268310546875
CHNCXR_0591_1,Shenzhen,1,3,lungs_lossy,70,0.3051334891732283,0.54541015625,0.53515625,0,0.01025390625
CHNCXR_0591_1,Shenzhen,1,3,background_lossy,70,0.6948665108267716,0.54541015625,0.490478515625,1,0.054931640625
CHNCXR_0591_1,Shenzhen,1,3,all_lossy,70,1.0,0.54541015625,0.488037109375,1,0.057373046875
CHNCXR_0592_1,Shenzhen,1,0,lungs_lossy,10,0.2751631526104418,0.9951171875,0.99853515625,0,0.00341796875
CHNCXR_0592_1,Shenzhen,1,0,background_lossy,10,0.7248368473895582,0.9951171875,0.9755859375,0,0.01953125
CHNCXR_0592_1,Shenzhen,1,0,all_lossy,10,1.0,0.9951171875,0.99755859375,0,0.00244140625
CHNCXR_0592_1,Shenzhen,1,0,lungs_lossy,30,0.2751631526104418,0.9951171875,0.99755859375,0,0.00244140625
CHNCXR_0592_1,Shenzhen,1,0,background_lossy,30,0.7248368473895582,0.9951171875,0.98193359375,0,0.01318359375
CHNCXR_0592_1,Shenzhen,1,0,all_lossy,30,1.0,0.9951171875,0.986328125,0,0.0087890625
CHNCXR_0592_1,Shenzhen,1,0,lungs_lossy,50,0.2751631526104418,0.9951171875,0.99560546875,0,0.00048828125
CHNCXR_0592_1,Shenzhen,1,0,background_lossy,50,0.7248368473895582,0.9951171875,0.99365234375,0,0.00146484375
CHNCXR_0592_1,Shenzhen,1,0,all_lossy,50,1.0,0.9951171875,0.99462890625,0,0.00048828125
CHNCXR_0592_1,Shenzhen,1,0,lungs_lossy,70,0.2751631526104418,0.9951171875,0.99365234375,0,0.00146484375
CHNCXR_0592_1,Shenzhen,1,0,background_lossy,70,0.7248368473895582,0.9951171875,0.994140625,0,0.0009765625
CHNCXR_0592_1,Shenzhen,1,0,all_lossy,70,1.0,0.9951171875,0.99267578125,0,0.00244140625
CHNCXR_0593_1,Shenzhen,1,1,lungs_lossy,10,0.3438569662778905,0.427001953125,0.99560546875,1,0.568603515625
CHNCXR_0593_1,Shenzhen,1,1,background_lossy,10,0.6561430337221095,0.427001953125,0.76025390625,1,0.333251953125
CHNCXR_0593_1,Shenzhen,1,1,all_lossy,10,1.0,0.427001953125,0.98828125,1,0.561279296875
CHNCXR_0593_1,Shenzhen,1,1,lungs_lossy,30,0.3438569662778905,0.427001953125,0.888671875,1,0.461669921875
CHNCXR_0593_1,Shenzhen,1,1,background_lossy,30,0.6561430337221095,0.427001953125,0.49853515625,0,0.071533203125
CHNCXR_0593_1,Shenzhen,1,1,all_lossy,30,1.0,0.427001953125,0.94091796875,1,0.513916015625
CHNCXR_0593_1,Shenzhen,1,1,lungs_lossy,50,0.3438569662778905,0.427001953125,0.515625,1,0.088623046875
CHNCXR_0593_1,Shenzhen,1,1,background_lossy,50,0.6561430337221095,0.427001953125,0.47021484375,0,0.043212890625
CHNCXR_0593_1,Shenzhen,1,1,all_lossy,50,1.0,0.427001953125,0.54833984375,1,0.121337890625
CHNCXR_0593_1,Shenzhen,1,1,lungs_lossy,70,0.3438569662778905,0.427001953125,0.37353515625,0,0.053466796875
CHNCXR_0593_1,Shenzhen,1,1,background_lossy,70,0.6561430337221095,0.427001953125,0.5078125,1,0.080810546875
CHNCXR_0593_1,Shenzhen,1,1,all_lossy,70,1.0,0.427001953125,0.44580078125,0,0.018798828125
CHNCXR_0594_1,Shenzhen,1,4,lungs_lossy,10,0.3750568477130977,0.994140625,0.99658203125,0,0.00244140625
CHNCXR_0594_1,Shenzhen,1,4,background_lossy,10,0.6249431522869022,0.994140625,0.9912109375,0,0.0029296875
CHNCXR_0594_1,Shenzhen,1,4,all_lossy,10,1.0,0.994140625,0.978515625,0,0.015625
CHNCXR_0594_1,Shenzhen,1,4,lungs_lossy,30,0.3750568477130977,0.994140625,0.99853515625,0,0.00439453125
CHNCXR_0594_1,Shenzhen,1,4,background_lossy,30,0.6249431522869022,0.994140625,0.99169921875,0,0.00244140625
CHNCXR_0594_1,Shenzhen,1,4,all_lossy,30,1.0,0.994140625,0.99658203125,0,0.00244140625
CHNCXR_0594_1,Shenzhen,1,4,lungs_lossy,50,0.3750568477130977,0.994140625,0.99609375,0,0.001953125
CHNCXR_0594_1,Shenzhen,1,4,background_lossy,50,0.6249431522869022,0.994140625,0.99267578125,0,0.00146484375
CHNCXR_0594_1,Shenzhen,1,4,all_lossy,50,1.0,0.994140625,0.99462890625,0,0.00048828125
CHNCXR_0594_1,Shenzhen,1,4,lungs_lossy,70,0.3750568477130977,0.994140625,0.99462890625,0,0.00048828125
CHNCXR_0594_1,Shenzhen,1,4,background_lossy,70,0.6249431522869022,0.994140625,0.9951171875,0,0.0009765625
CHNCXR_0594_1,Shenzhen,1,4,all_lossy,70,1.0,0.994140625,0.99560546875,0,0.00146484375
CHNCXR_0595_1,Shenzhen,1,1,lungs_lossy,10,0.3812387900110375,0.91162109375,0.998046875,0,0.08642578125
CHNCXR_0595_1,Shenzhen,1,1,background_lossy,10,0.6187612099889624,0.91162109375,0.96826171875,0,0.056640625
CHNCXR_0595_1,Shenzhen,1,1,all_lossy,10,1.0,0.91162109375,0.9990234375,0,0.08740234375
CHNCXR_0595_1,Shenzhen,1,1,lungs_lossy,30,0.3812387900110375,0.91162109375,0.9951171875,0,0.08349609375
CHNCXR_0595_1,Shenzhen,1,1,background_lossy,30,0.6187612099889624,0.91162109375,0.9755859375,0,0.06396484375
CHNCXR_0595_1,Shenzhen,1,1,all_lossy,30,1.0,0.91162109375,0.9970703125,0,0.08544921875
CHNCXR_0595_1,Shenzhen,1,1,lungs_lossy,50,0.3812387900110375,0.91162109375,0.9326171875,0,0.02099609375
CHNCXR_0595_1,Shenzhen,1,1,background_lossy,50,0.6187612099889624,0.91162109375,0.96337890625,0,0.0517578125
CHNCXR_0595_1,Shenzhen,1,1,all_lossy,50,1.0,0.91162109375,0.97607421875,0,0.064453125
CHNCXR_0595_1,Shenzhen,1,1,lungs_lossy,70,0.3812387900110375,0.91162109375,0.92529296875,0,0.013671875
CHNCXR_0595_1,Shenzhen,1,1,background_lossy,70,0.6187612099889624,0.91162109375,0.94189453125,0,0.0302734375
CHNCXR_0595_1,Shenzhen,1,1,all_lossy,70,1.0,0.91162109375,0.9453125,0,0.03369140625
CHNCXR_0596_1,Shenzhen,1,4,lungs_lossy,10,0.3083160768072289,0.93701171875,0.94482421875,0,0.0078125
CHNCXR_0596_1,Shenzhen,1,4,background_lossy,10,0.6916839231927712,0.93701171875,0.9296875,0,0.00732421875
CHNCXR_0596_1,Shenzhen,1,4,all_lossy,10,1.0,0.93701171875,0.7001953125,0,0.23681640625
CHNCXR_0596_1,Shenzhen,1,4,lungs_lossy,30,0.3083160768072289,0.93701171875,0.9833984375,0,0.04638671875
CHNCXR_0596_1,Shenzhen,1,4,background_lossy,30,0.6916839231927712,0.93701171875,0.94287109375,0,0.005859375
CHNCXR_0596_1,Shenzhen,1,4,all_lossy,30,1.0,0.93701171875,0.9755859375,0,0.03857421875
CHNCXR_0596_1,Shenzhen,1,4,lungs_lossy,50,0.3083160768072289,0.93701171875,0.966796875,0,0.02978515625
CHNCXR_0596_1,Shenzhen,1,4,background_lossy,50,0.6916839231927712,0.93701171875,0.95263671875,0,0.015625
CHNCXR_0596_1,Shenzhen,1,4,all_lossy,50,1.0,0.93701171875,0.9736328125,0,0.03662109375
CHNCXR_0596_1,Shenzhen,1,4,lungs_lossy,70,0.3083160768072289,0.93701171875,0.94677734375,0,0.009765625
CHNCXR_0596_1,Shenzhen,1,4,background_lossy,70,0.6916839231927712,0.93701171875,0.93798828125,0,0.0009765625
CHNCXR_0596_1,Shenzhen,1,4,all_lossy,70,1.0,0.93701171875,0.94873046875,0,0.01171875
CHNCXR_0597_1,Shenzhen,1,1,lungs_lossy,10,0.2587909735812133,0.99609375,0.99853515625,0,0.00244140625
CHNCXR_0597_1,Shenzhen,1,1,background_lossy,10,0.7412090264187867,0.99609375,0.98876953125,0,0.00732421875
CHNCXR_0597_1,Shenzhen,1,1,all_lossy,10,1.0,0.99609375,0.98876953125,0,0.00732421875
CHNCXR_0597_1,Shenzhen,1,1,lungs_lossy,30,0.2587909735812133,0.99609375,0.99951171875,0,0.00341796875
CHNCXR_0597_1,Shenzhen,1,1,background_lossy,30,0.7412090264187867,0.99609375,0.9951171875,0,0.0009765625
CHNCXR_0597_1,Shenzhen,1,1,all_lossy,30,1.0,0.99609375,0.9990234375,0,0.0029296875
CHNCXR_0597_1,Shenzhen,1,1,lungs_lossy,50,0.2587909735812133,0.99609375,0.99560546875,0,0.00048828125
CHNCXR_0597_1,Shenzhen,1,1,background_lossy,50,0.7412090264187867,0.99609375,0.9931640625,0,0.0029296875
CHNCXR_0597_1,Shenzhen,1,1,all_lossy,50,1.0,0.99609375,0.99267578125,0,0.00341796875
CHNCXR_0597_1,Shenzhen,1,1,lungs_lossy,70,0.2587909735812133,0.99609375,0.99609375,0,0.0
CHNCXR_0597_1,Shenzhen,1,1,background_lossy,70,0.7412090264187867,0.99609375,0.99560546875,0,0.00048828125
CHNCXR_0597_1,Shenzhen,1,1,all_lossy,70,1.0,0.99609375,0.99609375,0,0.0
CHNCXR_0598_1,Shenzhen,1,3,lungs_lossy,10,0.3405285109561753,0.33642578125,0.1181640625,0,0.21826171875
CHNCXR_0598_1,Shenzhen,1,3,background_lossy,10,0.6594714890438247,0.33642578125,0.2366943359375,0,0.0997314453125
CHNCXR_0598_1,Shenzhen,1,3,all_lossy,10,1.0,0.33642578125,0.326904296875,0,0.009521484375
CHNCXR_0598_1,Shenzhen,1,3,lungs_lossy,30,0.3405285109561753,0.33642578125,0.0855712890625,0,0.2508544921875
CHNCXR_0598_1,Shenzhen,1,3,background_lossy,30,0.6594714890438247,0.33642578125,0.2210693359375,0,0.1153564453125
CHNCXR_0598_1,Shenzhen,1,3,all_lossy,30,1.0,0.33642578125,0.0411376953125,0,0.2952880859375
CHNCXR_0598_1,Shenzhen,1,3,lungs_lossy,50,0.3405285109561753,0.33642578125,0.17822265625,0,0.158203125
CHNCXR_0598_1,Shenzhen,1,3,background_lossy,50,0.6594714890438247,0.33642578125,0.248046875,0,0.08837890625
CHNCXR_0598_1,Shenzhen,1,3,all_lossy,50,1.0,0.33642578125,0.1729736328125,0,0.1634521484375
CHNCXR_0598_1,Shenzhen,1,3,lungs_lossy,70,0.3405285109561753,0.33642578125,0.2347412109375,0,0.1016845703125
CHNCXR_0598_1,Shenzhen,1,3,background_lossy,70,0.6594714890438247,0.33642578125,0.273681640625,0,0.062744140625
CHNCXR_0598_1,Shenzhen,1,3,all_lossy,70,1.0,0.33642578125,0.184326171875,0,0.152099609375
CHNCXR_0599_1,Shenzhen,1,4,lungs_lossy,10,0.2313453494094488,0.336181640625,0.284423828125,0,0.0517578125
CHNCXR_0599_1,Shenzhen,1,4,background_lossy,10,0.7686546505905512,0.336181640625,0.65869140625,1,0.322509765625
CHNCXR_0599_1,Shenzhen,1,4,all_lossy,10,1.0,0.336181640625,0.43310546875,0,0.096923828125
CHNCXR_0599_1,Shenzhen,1,4,lungs_lossy,30,0.2313453494094488,0.336181640625,0.498046875,0,0.161865234375
CHNCXR_0599_1,Shenzhen,1,4,background_lossy,30,0.7686546505905512,0.336181640625,0.461669921875,0,0.12548828125
CHNCXR_0599_1,Shenzhen,1,4,all_lossy,30,1.0,0.336181640625,0.56396484375,1,0.227783203125
CHNCXR_0599_1,Shenzhen,1,4,lungs_lossy,50,0.2313453494094488,0.336181640625,0.49951171875,0,0.163330078125
CHNCXR_0599_1,Shenzhen,1,4,background_lossy,50,0.7686546505905512,0.336181640625,0.40869140625,0,0.072509765625
CHNCXR_0599_1,Shenzhen,1,4,all_lossy,50,1.0,0.336181640625,0.5810546875,1,0.244873046875
CHNCXR_0599_1,Shenzhen,1,4,lungs_lossy,70,0.2313453494094488,0.336181640625,0.366943359375,0,0.03076171875
CHNCXR_0599_1,Shenzhen,1,4,background_lossy,70,0.7686546505905512,0.336181640625,0.353271484375,0,0.01708984375
CHNCXR_0599_1,Shenzhen,1,4,all_lossy,70,1.0,0.336181640625,0.383056640625,0,0.046875
CHNCXR_0600_1,Shenzhen,1,4,lungs_lossy,10,0.3361136014344262,0.97314453125,0.99755859375,0,0.0244140625
CHNCXR_0600_1,Shenzhen,1,4,background_lossy,10,0.6638863985655737,0.97314453125,0.970703125,0,0.00244140625
CHNCXR_0600_1,Shenzhen,1,4,all_lossy,10,1.0,0.97314453125,0.98291015625,0,0.009765625
CHNCXR_0600_1,Shenzhen,1,4,lungs_lossy,30,0.3361136014344262,0.97314453125,0.99853515625,0,0.025390625
CHNCXR_0600_1,Shenzhen,1,4,background_lossy,30,0.6638863985655737,0.97314453125,0.9931640625,0,0.02001953125
CHNCXR_0600_1,Shenzhen,1,4,all_lossy,30,1.0,0.97314453125,0.9990234375,0,0.02587890625
CHNCXR_0600_1,Shenzhen,1,4,lungs_lossy,50,0.3361136014344262,0.97314453125,0.98974609375,0,0.0166015625
CHNCXR_0600_1,Shenzhen,1,4,background_lossy,50,0.6638863985655737,0.97314453125,0.982421875,0,0.00927734375
CHNCXR_0600_1,Shenzhen,1,4,all_lossy,50,1.0,0.97314453125,0.9921875,0,0.01904296875
CHNCXR_0600_1,Shenzhen,1,4,lungs_lossy,70,0.3361136014344262,0.97314453125,0.97998046875,0,0.0068359375
CHNCXR_0600_1,Shenzhen,1,4,background_lossy,70,0.6638863985655737,0.97314453125,0.97412109375,0,0.0009765625
CHNCXR_0600_1,Shenzhen,1,4,all_lossy,70,1.0,0.97314453125,0.9794921875,0,0.00634765625
CHNCXR_0601_1,Shenzhen,1,1,lungs_lossy,10,0.2238526447510822,0.98876953125,0.99951171875,0,0.0107421875
CHNCXR_0601_1,Shenzhen,1,1,background_lossy,10,0.7761473552489178,0.98876953125,0.97314453125,0,0.015625
CHNCXR_0601_1,Shenzhen,1,1,all_lossy,10,1.0,0.98876953125,0.9990234375,0,0.01025390625
CHNCXR_0601_1,Shenzhen,1,1,lungs_lossy,30,0.2238526447510822,0.98876953125,0.99853515625,0,0.009765625
CHNCXR_0601_1,Shenzhen,1,1,background_lossy,30,0.7761473552489178,0.98876953125,0.96240234375,0,0.0263671875
CHNCXR_0601_1,Shenzhen,1,1,all_lossy,30,1.0,0.98876953125,0.99560546875,0,0.0068359375
CHNCXR_0601_1,Shenzhen,1,1,lungs_lossy,50,0.2238526447510822,0.98876953125,0.99072265625,0,0.001953125
CHNCXR_0601_1,Shenzhen,1,1,background_lossy,50,0.7761473552489178,0.98876953125,0.9775390625,0,0.01123046875
CHNCXR_0601_1,Shenzhen,1,1,all_lossy,50,1.0,0.98876953125,0.9794921875,0,0.00927734375
CHNCXR_0601_1,Shenzhen,1,1,lungs_lossy,70,0.2238526447510822,0.98876953125,0.990234375,0,0.00146484375
CHNCXR_0601_1,Shenzhen,1,1,background_lossy,70,0.7761473552489178,0.98876953125,0.9853515625,0,0.00341796875
CHNCXR_0601_1,Shenzhen,1,1,all_lossy,70,1.0,0.98876953125,0.9873046875,0,0.00146484375
CHNCXR_0602_1,Shenzhen,1,2,lungs_lossy,10,0.4019186085668103,1.0,0.958984375,0,0.041015625
CHNCXR_0602_1,Shenzhen,1,2,background_lossy,10,0.5980813914331897,1.0,1.0,0,0.0
CHNCXR_0602_1,Shenzhen,1,2,all_lossy,10,1.0,1.0,0.96826171875,0,0.03173828125
CHNCXR_0602_1,Shenzhen,1,2,lungs_lossy,30,0.4019186085668103,1.0,1.0,0,0.0
CHNCXR_0602_1,Shenzhen,1,2,background_lossy,30,0.5980813914331897,1.0,1.0,0,0.0
CHNCXR_0602_1,Shenzhen,1,2,all_lossy,30,1.0,1.0,1.0,0,0.0
CHNCXR_0602_1,Shenzhen,1,2,lungs_lossy,50,0.4019186085668103,1.0,1.0,0,0.0
CHNCXR_0602_1,Shenzhen,1,2,background_lossy,50,0.5980813914331897,1.0,1.0,0,0.0
CHNCXR_0602_1,Shenzhen,1,2,all_lossy,50,1.0,1.0,1.0,0,0.0
CHNCXR_0602_1,Shenzhen,1,2,lungs_lossy,70,0.4019186085668103,1.0,1.0,0,0.0
CHNCXR_0602_1,Shenzhen,1,2,background_lossy,70,0.5980813914331897,1.0,1.0,0,0.0
CHNCXR_0602_1,Shenzhen,1,2,all_lossy,70,1.0,1.0,1.0,0,0.0
CHNCXR_0603_1,Shenzhen,1,2,lungs_lossy,10,0.1895985189205955,0.99951171875,1.0,0,0.00048828125
CHNCXR_0603_1,Shenzhen,1,2,background_lossy,10,0.8104014810794045,0.99951171875,0.998046875,0,0.00146484375
CHNCXR_0603_1,Shenzhen,1,2,all_lossy,10,1.0,0.99951171875,0.9951171875,0,0.00439453125
CHNCXR_0603_1,Shenzhen,1,2,lungs_lossy,30,0.1895985189205955,0.99951171875,1.0,0,0.00048828125
CHNCXR_0603_1,Shenzhen,1,2,background_lossy,30,0.8104014810794045,0.99951171875,0.99951171875,0,0.0
CHNCXR_0603_1,Shenzhen,1,2,all_lossy,30,1.0,0.99951171875,0.99951171875,0,0.0
CHNCXR_0603_1,Shenzhen,1,2,lungs_lossy,50,0.1895985189205955,0.99951171875,1.0,0,0.00048828125
CHNCXR_0603_1,Shenzhen,1,2,background_lossy,50,0.8104014810794045,0.99951171875,0.99951171875,0,0.0
CHNCXR_0603_1,Shenzhen,1,2,all_lossy,50,1.0,0.99951171875,1.0,0,0.00048828125
CHNCXR_0603_1,Shenzhen,1,2,lungs_lossy,70,0.1895985189205955,0.99951171875,0.99951171875,0,0.0
CHNCXR_0603_1,Shenzhen,1,2,background_lossy,70,0.8104014810794045,0.99951171875,0.99951171875,0,0.0
CHNCXR_0603_1,Shenzhen,1,2,all_lossy,70,1.0,0.99951171875,0.99951171875,0,0.0
CHNCXR_0604_1,Shenzhen,1,2,lungs_lossy,10,0.1854928359683794,0.0108184814453125,0.352294921875,0,0.3414764404296875
CHNCXR_0604_1,Shenzhen,1,2,background_lossy,10,0.8145071640316206,0.0108184814453125,0.158447265625,0,0.1476287841796875
CHNCXR_0604_1,Shenzhen,1,2,all_lossy,10,1.0,0.0108184814453125,0.91162109375,1,0.9008026123046875
CHNCXR_0604_1,Shenzhen,1,2,lungs_lossy,30,0.1854928359683794,0.0108184814453125,0.91162109375,1,0.9008026123046875
CHNCXR_0604_1,Shenzhen,1,2,background_lossy,30,0.8145071640316206,0.0108184814453125,0.09271240234375,0,0.0818939208984375
CHNCXR_0604_1,Shenzhen,1,2,all_lossy,30,1.0,0.0108184814453125,0.93896484375,1,0.9281463623046875
CHNCXR_0604_1,Shenzhen,1,2,lungs_lossy,50,0.1854928359683794,0.0108184814453125,0.330810546875,0,0.3199920654296875
CHNCXR_0604_1,Shenzhen,1,2,background_lossy,50,0.8145071640316206,0.0108184814453125,0.021240234375,0,0.0104217529296875
CHNCXR_0604_1,Shenzhen,1,2,all_lossy,50,1.0,0.0108184814453125,0.314453125,0,0.3036346435546875
CHNCXR_0604_1,Shenzhen,1,2,lungs_lossy,70,0.1854928359683794,0.0108184814453125,0.0051612854003906,0,0.0056571960449219
CHNCXR_0604_1,Shenzhen,1,2,background_lossy,70,0.8145071640316206,0.0108184814453125,0.0129241943359375,0,0.002105712890625
CHNCXR_0604_1,Shenzhen,1,2,all_lossy,70,1.0,0.0108184814453125,0.0059127807617187,0,0.0049057006835938
CHNCXR_0605_1,Shenzhen,1,1,lungs_lossy,10,0.346714815647482,0.08990478515625,0.03216552734375,0,0.0577392578125
CHNCXR_0605_1,Shenzhen,1,1,background_lossy,10,0.653285184352518,0.08990478515625,0.317626953125,0,0.22772216796875
CHNCXR_0605_1,Shenzhen,1,1,all_lossy,10,1.0,0.08990478515625,0.317626953125,0,0.22772216796875
CHNCXR_0605_1,Shenzhen,1,1,lungs_lossy,30,0.346714815647482,0.08990478515625,0.8837890625,1,0.79388427734375
CHNCXR_0605_1,Shenzhen,1,1,background_lossy,30,0.653285184352518,0.08990478515625,0.426513671875,0,0.33660888671875
CHNCXR_0605_1,Shenzhen,1,1,all_lossy,30,1.0,0.08990478515625,0.96044921875,1,0.87054443359375
CHNCXR_0605_1,Shenzhen,1,1,lungs_lossy,50,0.346714815647482,0.08990478515625,0.3251953125,0,0.23529052734375
CHNCXR_0605_1,Shenzhen,1,1,background_lossy,50,0.653285184352518,0.08990478515625,0.09808349609375,0,0.0081787109375
CHNCXR_0605_1,Shenzhen,1,1,all_lossy,50,1.0,0.08990478515625,0.248291015625,0,0.15838623046875
CHNCXR_0605_1,Shenzhen,1,1,lungs_lossy,70,0.346714815647482,0.08990478515625,0.07183837890625,0,0.01806640625
CHNCXR_0605_1,Shenzhen,1,1,background_lossy,70,0.653285184352518,0.08990478515625,0.08740234375,0,0.00250244140625
CHNCXR_0605_1,Shenzhen,1,1,all_lossy,70,1.0,0.08990478515625,0.071044921875,0,0.01885986328125
CHNCXR_0606_1,Shenzhen,1,1,lungs_lossy,10,0.2151359498031496,1.0,0.99951171875,0,0.00048828125
CHNCXR_0606_1,Shenzhen,1,1,background_lossy,10,0.7848640501968505,1.0,1.0,0,0.0
CHNCXR_0606_1,Shenzhen,1,1,all_lossy,10,1.0,1.0,0.99658203125,0,0.00341796875
CHNCXR_0606_1,Shenzhen,1,1,lungs_lossy,30,0.2151359498031496,1.0,1.0,0,0.0
CHNCXR_0606_1,Shenzhen,1,1,background_lossy,30,0.7848640501968505,1.0,1.0,0,0.0
CHNCXR_0606_1,Shenzhen,1,1,all_lossy,30,1.0,1.0,0.99951171875,0,0.00048828125
CHNCXR_0606_1,Shenzhen,1,1,lungs_lossy,50,0.2151359498031496,1.0,1.0,0,0.0
CHNCXR_0606_1,Shenzhen,1,1,background_lossy,50,0.7848640501968505,1.0,1.0,0,0.0
CHNCXR_0606_1,Shenzhen,1,1,all_lossy,50,1.0,1.0,1.0,0,0.0
CHNCXR_0606_1,Shenzhen,1,1,lungs_lossy,70,0.2151359498031496,1.0,1.0,0,0.0
CHNCXR_0606_1,Shenzhen,1,1,background_lossy,70,0.7848640501968505,1.0,1.0,0,0.0
CHNCXR_0606_1,Shenzhen,1,1,all_lossy,70,1.0,1.0,1.0,0,0.0
CHNCXR_0607_1,Shenzhen,1,3,lungs_lossy,10,0.3340418198529412,0.966796875,0.95166015625,0,0.01513671875
CHNCXR_0607_1,Shenzhen,1,3,background_lossy,10,0.6659581801470589,0.966796875,0.89599609375,0,0.07080078125
CHNCXR_0607_1,Shenzhen,1,3,all_lossy,10,1.0,0.966796875,0.87109375,0,0.095703125
CHNCXR_0607_1,Shenzhen,1,3,lungs_lossy,30,0.3340418198529412,0.966796875,0.99658203125,0,0.02978515625
CHNCXR_0607_1,Shenzhen,1,3,background_lossy,30,0.6659581801470589,0.966796875,0.93310546875,0,0.03369140625
CHNCXR_0607_1,Shenzhen,1,3,all_lossy,30,1.0,0.966796875,0.990234375,0,0.0234375
CHNCXR_0607_1,Shenzhen,1,3,lungs_lossy,50,0.3340418198529412,0.966796875,0.962890625,0,0.00390625
CHNCXR_0607_1,Shenzhen,1,3,background_lossy,50,0.6659581801470589,0.966796875,0.939453125,0,0.02734375
CHNCXR_0607_1,Shenzhen,1,3,all_lossy,50,1.0,0.966796875,0.93115234375,0,0.03564453125
CHNCXR_0607_1,Shenzhen,1,3,lungs_lossy,70,0.3340418198529412,0.966796875,0.9638671875,0,0.0029296875
CHNCXR_0607_1,Shenzhen,1,3,background_lossy,70,0.6659581801470589,0.966796875,0.96337890625,0,0.00341796875
CHNCXR_0607_1,Shenzhen,1,3,all_lossy,70,1.0,0.966796875,0.95947265625,0,0.00732421875
CHNCXR_0608_1,Shenzhen,1,2,lungs_lossy,10,0.2696537990196078,0.99169921875,0.99853515625,0,0.0068359375
CHNCXR_0608_1,Shenzhen,1,2,background_lossy,10,0.7303462009803922,0.99169921875,0.99853515625,0,0.0068359375
CHNCXR_0608_1,Shenzhen,1,2,all_lossy,10,1.0,0.99169921875,0.99951171875,0,0.0078125
CHNCXR_0608_1,Shenzhen,1,2,lungs_lossy,30,0.2696537990196078,0.99169921875,0.99951171875,0,0.0078125
CHNCXR_0608_1,Shenzhen,1,2,background_lossy,30,0.7303462009803922,0.99169921875,0.9970703125,0,0.00537109375
CHNCXR_0608_1,Shenzhen,1,2,all_lossy,30,1.0,0.99169921875,0.99951171875,0,0.0078125
CHNCXR_0608_1,Shenzhen,1,2,lungs_lossy,50,0.2696537990196078,0.99169921875,0.9951171875,0,0.00341796875
CHNCXR_0608_1,Shenzhen,1,2,background_lossy,50,0.7303462009803922,0.99169921875,0.99462890625,0,0.0029296875
CHNCXR_0608_1,Shenzhen,1,2,all_lossy,50,1.0,0.99169921875,0.99609375,0,0.00439453125
CHNCXR_0608_1,Shenzhen,1,2,lungs_lossy,70,0.2696537990196078,0.99169921875,0.9951171875,0,0.00341796875
CHNCXR_0608_1,Shenzhen,1,2,background_lossy,70,0.7303462009803922,0.99169921875,0.9931640625,0,0.00146484375
CHNCXR_0608_1,Shenzhen,1,2,all_lossy,70,1.0,0.99169921875,0.99609375,0,0.00439453125
CHNCXR_0609_1,Shenzhen,1,0,lungs_lossy,10,0.3234033300198807,0.99365234375,1.0,0,0.00634765625
CHNCXR_0609_1,Shenzhen,1,0,background_lossy,10,0.6765966699801194,0.99365234375,0.97314453125,0,0.0205078125
CHNCXR_0609_1,Shenzhen,1,0,all_lossy,10,1.0,0.99365234375,0.99951171875,0,0.005859375
CHNCXR_0609_1,Shenzhen,1,0,lungs_lossy,30,0.3234033300198807,0.99365234375,1.0,0,0.00634765625
CHNCXR_0609_1,Shenzhen,1,0,background_lossy,30,0.6765966699801194,0.99365234375,0.9697265625,0,0.02392578125
CHNCXR_0609_1,Shenzhen,1,0,all_lossy,30,1.0,0.99365234375,0.998046875,0,0.00439453125
CHNCXR_0609_1,Shenzhen,1,0,lungs_lossy,50,0.3234033300198807,0.99365234375,0.99853515625,0,0.0048828125
CHNCXR_0609_1,Shenzhen,1,0,background_lossy,50,0.6765966699801194,0.99365234375,0.98828125,0,0.00537109375
CHNCXR_0609_1,Shenzhen,1,0,all_lossy,50,1.0,0.99365234375,0.99658203125,0,0.0029296875
CHNCXR_0609_1,Shenzhen,1,0,lungs_lossy,70,0.3234033300198807,0.99365234375,0.9892578125,0,0.00439453125
CHNCXR_0609_1,Shenzhen,1,0,background_lossy,70,0.6765966699801194,0.99365234375,0.994140625,0,0.00048828125
CHNCXR_0609_1,Shenzhen,1,0,all_lossy,70,1.0,0.99365234375,0.98974609375,0,0.00390625
CHNCXR_0610_1,Shenzhen,1,3,lungs_lossy,10,0.2725497159090909,0.9970703125,0.9296875,0,0.0673828125
CHNCXR_0610_1,Shenzhen,1,3,background_lossy,10,0.7274502840909092,0.9970703125,0.9970703125,0,0.0
CHNCXR_0610_1,Shenzhen,1,3,all_lossy,10,1.0,0.9970703125,0.9248046875,0,0.072265625
CHNCXR_0610_1,Shenzhen,1,3,lungs_lossy,30,0.2725497159090909,0.9970703125,0.998046875,0,0.0009765625
CHNCXR_0610_1,Shenzhen,1,3,background_lossy,30,0.7274502840909092,0.9970703125,0.99560546875,0,0.00146484375
CHNCXR_0610_1,Shenzhen,1,3,all_lossy,30,1.0,0.9970703125,0.99755859375,0,0.00048828125
CHNCXR_0610_1,Shenzhen,1,3,lungs_lossy,50,0.2725497159090909,0.9970703125,0.99755859375,0,0.00048828125
CHNCXR_0610_1,Shenzhen,1,3,background_lossy,50,0.7274502840909092,0.9970703125,0.994140625,0,0.0029296875
CHNCXR_0610_1,Shenzhen,1,3,all_lossy,50,1.0,0.9970703125,0.9951171875,0,0.001953125
CHNCXR_0610_1,Shenzhen,1,3,lungs_lossy,70,0.2725497159090909,0.9970703125,0.99755859375,0,0.00048828125
CHNCXR_0610_1,Shenzhen,1,3,background_lossy,70,0.7274502840909092,0.9970703125,0.9970703125,0,0.0
CHNCXR_0610_1,Shenzhen,1,3,all_lossy,70,1.0,0.9970703125,0.99755859375,0,0.00048828125
CHNCXR_0611_1,Shenzhen,1,2,lungs_lossy,10,0.2981729628164557,0.99169921875,0.59716796875,0,0.39453125
CHNCXR_0611_1,Shenzhen,1,2,background_lossy,10,0.7018270371835442,0.99169921875,0.99560546875,0,0.00390625
CHNCXR_0611_1,Shenzhen,1,2,all_lossy,10,1.0,0.99169921875,0.98095703125,0,0.0107421875
CHNCXR_0611_1,Shenzhen,1,2,lungs_lossy,30,0.2981729628164557,0.99169921875,0.98828125,0,0.00341796875
CHNCXR_0611_1,Shenzhen,1,2,background_lossy,30,0.7018270371835442,0.99169921875,0.990234375,0,0.00146484375
CHNCXR_0611_1,Shenzhen,1,2,all_lossy,30,1.0,0.99169921875,0.98291015625,0,0.0087890625
CHNCXR_0611_1,Shenzhen,1,2,lungs_lossy,50,0.2981729628164557,0.99169921875,0.9912109375,0,0.00048828125
CHNCXR_0611_1,Shenzhen,1,2,background_lossy,50,0.7018270371835442,0.99169921875,0.99560546875,0,0.00390625
CHNCXR_0611_1,Shenzhen,1,2,all_lossy,50,1.0,0.99169921875,0.99462890625,0,0.0029296875
CHNCXR_0611_1,Shenzhen,1,2,lungs_lossy,70,0.2981729628164557,0.99169921875,0.982421875,0,0.00927734375
CHNCXR_0611_1,Shenzhen,1,2,background_lossy,70,0.7018270371835442,0.99169921875,0.9951171875,0,0.00341796875
CHNCXR_0611_1,Shenzhen,1,2,all_lossy,70,1.0,0.99169921875,0.99072265625,0,0.0009765625
CHNCXR_0612_1,Shenzhen,1,1,lungs_lossy,10,0.2848130230125523,0.99951171875,0.998046875,0,0.00146484375
CHNCXR_0612_1,Shenzhen,1,1,background_lossy,10,0.7151869769874477,0.99951171875,0.99951171875,0,0.0
CHNCXR_0612_1,Shenzhen,1,1,all_lossy,10,1.0,0.99951171875,0.994140625,0,0.00537109375
CHNCXR_0612_1,Shenzhen,1,1,lungs_lossy,30,0.2848130230125523,0.99951171875,1.0,0,0.00048828125
CHNCXR_0612_1,Shenzhen,1,1,background_lossy,30,0.7151869769874477,0.99951171875,0.99951171875,0,0.0
CHNCXR_0612_1,Shenzhen,1,1,all_lossy,30,1.0,0.99951171875,1.0,0,0.00048828125
CHNCXR_0612_1,Shenzhen,1,1,lungs_lossy,50,0.2848130230125523,0.99951171875,1.0,0,0.00048828125
CHNCXR_0612_1,Shenzhen,1,1,background_lossy,50,0.7151869769874477,0.99951171875,0.99951171875,0,0.0
CHNCXR_0612_1,Shenzhen,1,1,all_lossy,50,1.0,0.99951171875,1.0,0,0.00048828125
CHNCXR_0612_1,Shenzhen,1,1,lungs_lossy,70,0.2848130230125523,0.99951171875,1.0,0,0.00048828125
CHNCXR_0612_1,Shenzhen,1,1,background_lossy,70,0.7151869769874477,0.99951171875,0.99951171875,0,0.0
CHNCXR_0612_1,Shenzhen,1,1,all_lossy,70,1.0,0.99951171875,0.99951171875,0,0.0
CHNCXR_0613_1,Shenzhen,1,0,lungs_lossy,10,0.3122478547643442,0.1663818359375,0.93359375,1,0.7672119140625
CHNCXR_0613_1,Shenzhen,1,0,background_lossy,10,0.6877521452356558,0.1663818359375,0.537109375,1,0.3707275390625
CHNCXR_0613_1,Shenzhen,1,0,all_lossy,10,1.0,0.1663818359375,0.99853515625,1,0.8321533203125
CHNCXR_0613_1,Shenzhen,1,0,lungs_lossy,30,0.3122478547643442,0.1663818359375,0.9697265625,1,0.8033447265625
CHNCXR_0613_1,Shenzhen,1,0,background_lossy,30,0.6877521452356558,0.1663818359375,0.051849365234375,0,0.114532470703125
CHNCXR_0613_1,Shenzhen,1,0,all_lossy,30,1.0,0.1663818359375,0.875,1,0.7086181640625
CHNCXR_0613_1,Shenzhen,1,0,lungs_lossy,50,0.3122478547643442,0.1663818359375,0.72216796875,1,0.5557861328125
CHNCXR_0613_1,Shenzhen,1,0,background_lossy,50,0.6877521452356558,0.1663818359375,0.06878662109375,0,0.09759521484375
CHNCXR_0613_1,Shenzhen,1,0,all_lossy,50,1.0,0.1663818359375,0.465087890625,0,0.2987060546875
CHNCXR_0613_1,Shenzhen,1,0,lungs_lossy,70,0.3122478547643442,0.1663818359375,0.1329345703125,0,0.033447265625
CHNCXR_0613_1,Shenzhen,1,0,background_lossy,70,0.6877521452356558,0.1663818359375,0.1470947265625,0,0.019287109375
CHNCXR_0613_1,Shenzhen,1,0,all_lossy,70,1.0,0.1663818359375,0.12261962890625,0,0.04376220703125
CHNCXR_0614_1,Shenzhen,1,1,lungs_lossy,10,0.3432793674698795,0.99951171875,1.0,0,0.00048828125
CHNCXR_0614_1,Shenzhen,1,1,background_lossy,10,0.6567206325301205,0.99951171875,0.99755859375,0,0.001953125
CHNCXR_0614_1,Shenzhen,1,1,all_lossy,10,1.0,0.99951171875,0.9990234375,0,0.00048828125
CHNCXR_0614_1,Shenzhen,1,1,lungs_lossy,30,0.3432793674698795,0.99951171875,1.0,0,0.00048828125
CHNCXR_0614_1,Shenzhen,1,1,background_lossy,30,0.6567206325301205,0.99951171875,0.998046875,0,0.00146484375
CHNCXR_0614_1,Shenzhen,1,1,all_lossy,30,1.0,0.99951171875,0.99951171875,0,0.0
CHNCXR_0614_1,Shenzhen,1,1,lungs_lossy,50,0.3432793674698795,0.99951171875,1.0,0,0.00048828125
CHNCXR_0614_1,Shenzhen,1,1,background_lossy,50,0.6567206325301205,0.99951171875,0.9990234375,0,0.00048828125
CHNCXR_0614_1,Shenzhen,1,1,all_lossy,50,1.0,0.99951171875,0.99951171875,0,0.0
CHNCXR_0614_1,Shenzhen,1,1,lungs_lossy,70,0.3432793674698795,0.99951171875,0.99951171875,0,0.0
CHNCXR_0614_1,Shenzhen,1,1,background_lossy,70,0.6567206325301205,0.99951171875,0.99951171875,0,0.0
CHNCXR_0614_1,Shenzhen,1,1,all_lossy,70,1.0,0.99951171875,0.99951171875,0,0.0
CHNCXR_0615_1,Shenzhen,1,0,lungs_lossy,10,0.2896641322544643,0.97705078125,0.9765625,0,0.00048828125
CHNCXR_0615_1,Shenzhen,1,0,background_lossy,10,0.7103358677455357,0.97705078125,0.9814453125,0,0.00439453125
CHNCXR_0615_1,Shenzhen,1,0,all_lossy,10,1.0,0.97705078125,0.9716796875,0,0.00537109375
CHNCXR_0615_1,Shenzhen,1,0,lungs_lossy,30,0.2896641322544643,0.97705078125,0.91650390625,0,0.060546875
CHNCXR_0615_1,Shenzhen,1,0,background_lossy,30,0.7103358677455357,0.97705078125,0.96728515625,0,0.009765625
CHNCXR_0615_1,Shenzhen,1,0,all_lossy,30,1.0,0.97705078125,0.94580078125,0,0.03125
CHNCXR_0615_1,Shenzhen,1,0,lungs_lossy,50,0.2896641322544643,0.97705078125,0.98974609375,0,0.0126953125
CHNCXR_0615_1,Shenzhen,1,0,background_lossy,50,0.7103358677455357,0.97705078125,0.96826171875,0,0.0087890625
CHNCXR_0615_1,Shenzhen,1,0,all_lossy,50,1.0,0.97705078125,0.98388671875,0,0.0068359375
CHNCXR_0615_1,Shenzhen,1,0,lungs_lossy,70,0.2896641322544643,0.97705078125,0.98046875,0,0.00341796875
CHNCXR_0615_1,Shenzhen,1,0,background_lossy,70,0.7103358677455357,0.97705078125,0.97705078125,0,0.0
CHNCXR_0615_1,Shenzhen,1,0,all_lossy,70,1.0,0.97705078125,0.978515625,0,0.00146484375
CHNCXR_0616_1,Shenzhen,1,0,lungs_lossy,10,0.2936169854525862,0.9931640625,0.9970703125,0,0.00390625
CHNCXR_0616_1,Shenzhen,1,0,background_lossy,10,0.7063830145474138,0.9931640625,0.97021484375,0,0.02294921875
CHNCXR_0616_1,Shenzhen,1,0,all_lossy,10,1.0,0.9931640625,0.9951171875,0,0.001953125
CHNCXR_0616_1,Shenzhen,1,0,lungs_lossy,30,0.2936169854525862,0.9931640625,0.99755859375,0,0.00439453125
CHNCXR_0616_1,Shenzhen,1,0,background_lossy,30,0.7063830145474138,0.9931640625,0.8916015625,0,0.1015625
CHNCXR_0616_1,Shenzhen,1,0,all_lossy,30,1.0,0.9931640625,0.82470703125,0,0.16845703125
CHNCXR_0616_1,Shenzhen,1,0,lungs_lossy,50,0.2936169854525862,0.9931640625,0.99072265625,0,0.00244140625
CHNCXR_0616_1,Shenzhen,1,0,background_lossy,50,0.7063830145474138,0.9931640625,0.978515625,0,0.0146484375
CHNCXR_0616_1,Shenzhen,1,0,all_lossy,50,1.0,0.9931640625,0.9619140625,0,0.03125
CHNCXR_0616_1,Shenzhen,1,0,lungs_lossy,70,0.2936169854525862,0.9931640625,0.98828125,0,0.0048828125
CHNCXR_0616_1,Shenzhen,1,0,background_lossy,70,0.7063830145474138,0.9931640625,0.98974609375,0,0.00341796875
CHNCXR_0616_1,Shenzhen,1,0,all_lossy,70,1.0,0.9931640625,0.9833984375,0,0.009765625
CHNCXR_0617_1,Shenzhen,1,4,lungs_lossy,10,0.3011337850103734,0.89794921875,0.994140625,0,0.09619140625
CHNCXR_0617_1,Shenzhen,1,4,background_lossy,10,0.6988662149896265,0.89794921875,0.83740234375,0,0.060546875
CHNCXR_0617_1,Shenzhen,1,4,all_lossy,10,1.0,0.89794921875,0.95751953125,0,0.0595703125
CHNCXR_0617_1,Shenzhen,1,4,lungs_lossy,30,0.3011337850103734,0.89794921875,0.98974609375,0,0.091796875
CHNCXR_0617_1,Shenzhen,1,4,background_lossy,30,0.6988662149896265,0.89794921875,0.80859375,0,0.08935546875
CHNCXR_0617_1,Shenzhen,1,4,all_lossy,30,1.0,0.89794921875,0.95458984375,0,0.056640625
CHNCXR_0617_1,Shenzhen,1,4,lungs_lossy,50,0.3011337850103734,0.89794921875,0.953125,0,0.05517578125
CHNCXR_0617_1,Shenzhen,1,4,background_lossy,50,0.6988662149896265,0.89794921875,0.88916015625,0,0.0087890625
CHNCXR_0617_1,Shenzhen,1,4,all_lossy,50,1.0,0.89794921875,0.947265625,0,0.04931640625
CHNCXR_0617_1,Shenzhen,1,4,lungs_lossy,70,0.3011337850103734,0.89794921875,0.90234375,0,0.00439453125
CHNCXR_0617_1,Shenzhen,1,4,background_lossy,70,0.6988662149896265,0.89794921875,0.89013671875,0,0.0078125
CHNCXR_0617_1,Shenzhen,1,4,all_lossy,70,1.0,0.89794921875,0.896484375,0,0.00146484375
CHNCXR_0618_1,Shenzhen,1,1,lungs_lossy,10,0.3492538899058577,0.98681640625,0.99951171875,0,0.0126953125
CHNCXR_0618_1,Shenzhen,1,1,background_lossy,10,0.6507461100941423,0.98681640625,0.99267578125,0,0.005859375
CHNCXR_0618_1,Shenzhen,1,1,all_lossy,10,1.0,0.98681640625,0.99853515625,0,0.01171875
CHNCXR_0618_1,Shenzhen,1,1,lungs_lossy,30,0.3492538899058577,0.98681640625,0.9990234375,0,0.01220703125
CHNCXR_0618_1,Shenzhen,1,1,background_lossy,30,0.6507461100941423,0.98681640625,0.9677734375,0,0.01904296875
CHNCXR_0618_1,Shenzhen,1,1,all_lossy,30,1.0,0.98681640625,0.99658203125,0,0.009765625
CHNCXR_0618_1,Shenzhen,1,1,lungs_lossy,50,0.3492538899058577,0.98681640625,0.9951171875,0,0.00830078125
CHNCXR_0618_1,Shenzhen,1,1,background_lossy,50,0.6507461100941423,0.98681640625,0.96728515625,0,0.01953125
CHNCXR_0618_1,Shenzhen,1,1,all_lossy,50,1.0,0.98681640625,0.982421875,0,0.00439453125
CHNCXR_0618_1,Shenzhen,1,1,lungs_lossy,70,0.3492538899058577,0.98681640625,0.990234375,0,0.00341796875
CHNCXR_0618_1,Shenzhen,1,1,background_lossy,70,0.6507461100941423,0.98681640625,0.9775390625,0,0.00927734375
CHNCXR_0618_1,Shenzhen,1,1,all_lossy,70,1.0,0.98681640625,0.982421875,0,0.00439453125
CHNCXR_0619_1,Shenzhen,1,4,lungs_lossy,10,0.3770140332640332,0.64501953125,0.966796875,0,0.32177734375
CHNCXR_0619_1,Shenzhen,1,4,background_lossy,10,0.6229859667359667,0.64501953125,0.424560546875,1,0.220458984375
CHNCXR_0619_1,Shenzhen,1,4,all_lossy,10,1.0,0.64501953125,0.80615234375,0,0.1611328125
CHNCXR_0619_1,Shenzhen,1,4,lungs_lossy,30,0.3770140332640332,0.64501953125,0.96826171875,0,0.3232421875
CHNCXR_0619_1,Shenzhen,1,4,background_lossy,30,0.6229859667359667,0.64501953125,0.5224609375,0,0.12255859375
CHNCXR_0619_1,Shenzhen,1,4,all_lossy,30,1.0,0.64501953125,0.93994140625,0,0.294921875
CHNCXR_0619_1,Shenzhen,1,4,lungs_lossy,50,0.3770140332640332,0.64501953125,0.78466796875,0,0.1396484375
CHNCXR_0619_1,Shenzhen,1,4,background_lossy,50,0.6229859667359667,0.64501953125,0.58740234375,0,0.0576171875
CHNCXR_0619_1,Shenzhen,1,4,all_lossy,50,1.0,0.64501953125,0.7431640625,0,0.09814453125
CHNCXR_0619_1,Shenzhen,1,4,lungs_lossy,70,0.3770140332640332,0.64501953125,0.6875,0,0.04248046875
CHNCXR_0619_1,Shenzhen,1,4,background_lossy,70,0.6229859667359667,0.64501953125,0.62744140625,0,0.017578125
CHNCXR_0619_1,Shenzhen,1,4,all_lossy,70,1.0,0.64501953125,0.67333984375,0,0.0283203125
CHNCXR_0620_1,Shenzhen,1,4,lungs_lossy,10,0.3325185075995807,0.9306640625,0.998046875,0,0.0673828125
CHNCXR_0620_1,Shenzhen,1,4,background_lossy,10,0.6674814924004193,0.9306640625,0.8798828125,0,0.05078125
CHNCXR_0620_1,Shenzhen,1,4,all_lossy,10,1.0,0.9306640625,0.98046875,0,0.0498046875
CHNCXR_0620_1,Shenzhen,1,4,lungs_lossy,30,0.3325185075995807,0.9306640625,0.99560546875,0,0.06494140625
CHNCXR_0620_1,Shenzhen,1,4,background_lossy,30,0.6674814924004193,0.9306640625,0.904296875,0,0.0263671875
CHNCXR_0620_1,Shenzhen,1,4,all_lossy,30,1.0,0.9306640625,0.99072265625,0,0.06005859375
CHNCXR_0620_1,Shenzhen,1,4,lungs_lossy,50,0.3325185075995807,0.9306640625,0.97802734375,0,0.04736328125
CHNCXR_0620_1,Shenzhen,1,4,background_lossy,50,0.6674814924004193,0.9306640625,0.923828125,0,0.0068359375
CHNCXR_0620_1,Shenzhen,1,4,all_lossy,50,1.0,0.9306640625,0.974609375,0,0.0439453125
CHNCXR_0620_1,Shenzhen,1,4,lungs_lossy,70,0.3325185075995807,0.9306640625,0.9345703125,0,0.00390625
CHNCXR_0620_1,Shenzhen,1,4,background_lossy,70,0.6674814924004193,0.9306640625,0.9326171875,0,0.001953125
CHNCXR_0620_1,Shenzhen,1,4,all_lossy,70,1.0,0.9306640625,0.9365234375,0,0.005859375
CHNCXR_0621_1,Shenzhen,1,4,lungs_lossy,10,0.2350506336978131,0.52392578125,0.87890625,0,0.35498046875
CHNCXR_0621_1,Shenzhen,1,4,background_lossy,10,0.7649493663021869,0.52392578125,0.30419921875,1,0.2197265625
CHNCXR_0621_1,Shenzhen,1,4,all_lossy,10,1.0,0.52392578125,0.49462890625,1,0.029296875
CHNCXR_0621_1,Shenzhen,1,4,lungs_lossy,30,0.2350506336978131,0.52392578125,0.9560546875,0,0.43212890625
CHNCXR_0621_1,Shenzhen,1,4,background_lossy,30,0.7649493663021869,0.52392578125,0.3515625,1,0.17236328125
CHNCXR_0621_1,Shenzhen,1,4,all_lossy,30,1.0,0.52392578125,0.8779296875,0,0.35400390625
CHNCXR_0621_1,Shenzhen,1,4,lungs_lossy,50,0.2350506336978131,0.52392578125,0.78759765625,0,0.263671875
CHNCXR_0621_1,Shenzhen,1,4,background_lossy,50,0.7649493663021869,0.52392578125,0.50537109375,0,0.0185546875
CHNCXR_0621_1,Shenzhen,1,4,all_lossy,50,1.0,0.52392578125,0.79296875,0,0.26904296875
CHNCXR_0621_1,Shenzhen,1,4,lungs_lossy,70,0.2350506336978131,0.52392578125,0.56787109375,0,0.0439453125
CHNCXR_0621_1,Shenzhen,1,4,background_lossy,70,0.7649493663021869,0.52392578125,0.54541015625,0,0.021484375
CHNCXR_0621_1,Shenzhen,1,4,all_lossy,70,1.0,0.52392578125,0.58251953125,0,0.05859375
CHNCXR_0622_1,Shenzhen,1,2,lungs_lossy,10,0.3125115342027559,0.97998046875,1.0,0,0.02001953125
CHNCXR_0622_1,Shenzhen,1,2,background_lossy,10,0.6874884657972441,0.97998046875,0.9658203125,0,0.01416015625
CHNCXR_0622_1,Shenzhen,1,2,all_lossy,10,1.0,0.97998046875,0.99658203125,0,0.0166015625
CHNCXR_0622_1,Shenzhen,1,2,lungs_lossy,30,0.3125115342027559,0.97998046875,0.99951171875,0,0.01953125
CHNCXR_0622_1,Shenzhen,1,2,background_lossy,30,0.6874884657972441,0.97998046875,0.9609375,0,0.01904296875
CHNCXR_0622_1,Shenzhen,1,2,all_lossy,30,1.0,0.97998046875,0.9970703125,0,0.01708984375
CHNCXR_0622_1,Shenzhen,1,2,lungs_lossy,50,0.3125115342027559,0.97998046875,0.9814453125,0,0.00146484375
CHNCXR_0622_1,Shenzhen,1,2,background_lossy,50,0.6874884657972441,0.97998046875,0.97509765625,0,0.0048828125
CHNCXR_0622_1,Shenzhen,1,2,all_lossy,50,1.0,0.97998046875,0.966796875,0,0.01318359375
CHNCXR_0622_1,Shenzhen,1,2,lungs_lossy,70,0.3125115342027559,0.97998046875,0.98046875,0,0.00048828125
CHNCXR_0622_1,Shenzhen,1,2,background_lossy,70,0.6874884657972441,0.97998046875,0.98486328125,0,0.0048828125
CHNCXR_0622_1,Shenzhen,1,2,all_lossy,70,1.0,0.97998046875,0.984375,0,0.00439453125
CHNCXR_0623_1,Shenzhen,1,4,lungs_lossy,10,0.3259935272828508,0.96533203125,0.99609375,0,0.03076171875
CHNCXR_0623_1,Shenzhen,1,4,background_lossy,10,0.6740064727171492,0.96533203125,0.9677734375,0,0.00244140625
CHNCXR_0623_1,Shenzhen,1,4,all_lossy,10,1.0,0.96533203125,0.990234375,0,0.02490234375
CHNCXR_0623_1,Shenzhen,1,4,lungs_lossy,30,0.3259935272828508,0.96533203125,0.99658203125,0,0.03125
CHNCXR_0623_1,Shenzhen,1,4,background_lossy,30,0.6740064727171492,0.96533203125,0.9775390625,0,0.01220703125
CHNCXR_0623_1,Shenzhen,1,4,all_lossy,30,1.0,0.96533203125,0.99609375,0,0.03076171875
CHNCXR_0623_1,Shenzhen,1,4,lungs_lossy,50,0.3259935272828508,0.96533203125,0.98583984375,0,0.0205078125
CHNCXR_0623_1,Shenzhen,1,4,background_lossy,50,0.6740064727171492,0.96533203125,0.96435546875,0,0.0009765625
CHNCXR_0623_1,Shenzhen,1,4,all_lossy,50,1.0,0.96533203125,0.98388671875,0,0.0185546875
CHNCXR_0623_1,Shenzhen,1,4,lungs_lossy,70,0.3259935272828508,0.96533203125,0.97021484375,0,0.0048828125
CHNCXR_0623_1,Shenzhen,1,4,background_lossy,70,0.6740064727171492,0.96533203125,0.96533203125,0,0.0
CHNCXR_0623_1,Shenzhen,1,4,all_lossy,70,1.0,0.96533203125,0.96923828125,0,0.00390625
CHNCXR_0624_1,Shenzhen,1,2,lungs_lossy,10,0.168698745029821,0.9609375,0.80322265625,0,0.15771484375
CHNCXR_0624_1,Shenzhen,1,2,background_lossy,10,0.8313012549701789,0.9609375,0.892578125,0,0.068359375
CHNCXR_0624_1,Shenzhen,1,2,all_lossy,10,1.0,0.9609375,0.837890625,0,0.123046875
CHNCXR_0624_1,Shenzhen,1,2,lungs_lossy,30,0.168698745029821,0.9609375,0.99755859375,0,0.03662109375
CHNCXR_0624_1,Shenzhen,1,2,background_lossy,30,0.8313012549701789,0.9609375,0.9560546875,0,0.0048828125
CHNCXR_0624_1,Shenzhen,1,2,all_lossy,30,1.0,0.9609375,0.990234375,0,0.029296875
CHNCXR_0624_1,Shenzhen,1,2,lungs_lossy,50,0.168698745029821,0.9609375,0.9765625,0,0.015625
CHNCXR_0624_1,Shenzhen,1,2,background_lossy,50,0.8313012549701789,0.9609375,0.9814453125,0,0.0205078125
CHNCXR_0624_1,Shenzhen,1,2,all_lossy,50,1.0,0.9609375,0.98828125,0,0.02734375
CHNCXR_0624_1,Shenzhen,1,2,lungs_lossy,70,0.168698745029821,0.9609375,0.955078125,0,0.005859375
CHNCXR_0624_1,Shenzhen,1,2,background_lossy,70,0.8313012549701789,0.9609375,0.94677734375,0,0.01416015625
CHNCXR_0624_1,Shenzhen,1,2,all_lossy,70,1.0,0.9609375,0.9423828125,0,0.0185546875
CHNCXR_0625_1,Shenzhen,1,1,lungs_lossy,10,0.4042462043042453,0.994140625,0.958984375,0,0.03515625
CHNCXR_0625_1,Shenzhen,1,1,background_lossy,10,0.5957537956957547,0.994140625,0.99267578125,0,0.00146484375
CHNCXR_0625_1,Shenzhen,1,1,all_lossy,10,1.0,0.994140625,0.97705078125,0,0.01708984375
CHNCXR_0625_1,Shenzhen,1,1,lungs_lossy,30,0.4042462043042453,0.994140625,0.99365234375,0,0.00048828125
CHNCXR_0625_1,Shenzhen,1,1,background_lossy,30,0.5957537956957547,0.994140625,0.99072265625,0,0.00341796875
CHNCXR_0625_1,Shenzhen,1,1,all_lossy,30,1.0,0.994140625,0.9931640625,0,0.0009765625
CHNCXR_0625_1,Shenzhen,1,1,lungs_lossy,50,0.4042462043042453,0.994140625,0.99072265625,0,0.00341796875
CHNCXR_0625_1,Shenzhen,1,1,background_lossy,50,0.5957537956957547,0.994140625,0.9931640625,0,0.0009765625
CHNCXR_0625_1,Shenzhen,1,1,all_lossy,50,1.0,0.994140625,0.99072265625,0,0.00341796875
CHNCXR_0625_1,Shenzhen,1,1,lungs_lossy,70,0.4042462043042453,0.994140625,0.9912109375,0,0.0029296875
CHNCXR_0625_1,Shenzhen,1,1,background_lossy,70,0.5957537956957547,0.994140625,0.994140625,0,0.0
CHNCXR_0625_1,Shenzhen,1,1,all_lossy,70,1.0,0.994140625,0.9912109375,0,0.0029296875
CHNCXR_0626_1,Shenzhen,1,2,lungs_lossy,10,0.2590533088235294,0.9912109375,0.99951171875,0,0.00830078125
CHNCXR_0626_1,Shenzhen,1,2,background_lossy,10,0.7409466911764706,0.9912109375,0.9892578125,0,0.001953125
CHNCXR_0626_1,Shenzhen,1,2,all_lossy,10,1.0,0.9912109375,0.9990234375,0,0.0078125
CHNCXR_0626_1,Shenzhen,1,2,lungs_lossy,30,0.2590533088235294,0.9912109375,0.99951171875,0,0.00830078125
CHNCXR_0626_1,Shenzhen,1,2,background_lossy,30,0.7409466911764706,0.9912109375,0.990234375,0,0.0009765625
CHNCXR_0626_1,Shenzhen,1,2,all_lossy,30,1.0,0.9912109375,0.998046875,0,0.0068359375
CHNCXR_0626_1,Shenzhen,1,2,lungs_lossy,50,0.2590533088235294,0.9912109375,0.9921875,0,0.0009765625
CHNCXR_0626_1,Shenzhen,1,2,background_lossy,50,0.7409466911764706,0.9912109375,0.9892578125,0,0.001953125
CHNCXR_0626_1,Shenzhen,1,2,all_lossy,50,1.0,0.9912109375,0.9921875,0,0.0009765625
CHNCXR_0626_1,Shenzhen,1,2,lungs_lossy,70,0.2590533088235294,0.9912109375,0.990234375,0,0.0009765625
CHNCXR_0626_1,Shenzhen,1,2,background_lossy,70,0.7409466911764706,0.9912109375,0.99462890625,0,0.00341796875
CHNCXR_0626_1,Shenzhen,1,2,all_lossy,70,1.0,0.9912109375,0.994140625,0,0.0029296875
CHNCXR_0627_1,Shenzhen,1,0,lungs_lossy,10,0.2837533602150537,0.548828125,0.994140625,0,0.4453125
CHNCXR_0627_1,Shenzhen,1,0,background_lossy,10,0.7162466397849463,0.548828125,0.219482421875,1,0.329345703125
CHNCXR_0627_1,Shenzhen,1,0,all_lossy,10,1.0,0.548828125,0.9951171875,0,0.4462890625
CHNCXR_0627_1,Shenzhen,1,0,lungs_lossy,30,0.2837533602150537,0.548828125,0.9658203125,0,0.4169921875
CHNCXR_0627_1,Shenzhen,1,0,background_lossy,30,0.7162466397849463,0.548828125,0.358642578125,1,0.190185546875
CHNCXR_0627_1,Shenzhen,1,0,all_lossy,30,1.0,0.548828125,0.9375,0,0.388671875
CHNCXR_0627_1,Shenzhen,1,0,lungs_lossy,50,0.2837533602150537,0.548828125,0.70703125,0,0.158203125
CHNCXR_0627_1,Shenzhen,1,0,background_lossy,50,0.7162466397849463,0.548828125,0.385498046875,1,0.163330078125
CHNCXR_0627_1,Shenzhen,1,0,all_lossy,50,1.0,0.548828125,0.6162109375,0,0.0673828125
CHNCXR_0627_1,Shenzhen,1,0,lungs_lossy,70,0.2837533602150537,0.548828125,0.429931640625,1,0.118896484375
CHNCXR_0627_1,Shenzhen,1,0,background_lossy,70,0.7162466397849463,0.548828125,0.5048828125,0,0.0439453125
CHNCXR_0627_1,Shenzhen,1,0,all_lossy,70,1.0,0.548828125,0.37646484375,1,0.17236328125
CHNCXR_0628_1,Shenzhen,1,2,lungs_lossy,10,0.3090839460784313,0.99951171875,1.0,0,0.00048828125
CHNCXR_0628_1,Shenzhen,1,2,background_lossy,10,0.6909160539215686,0.99951171875,0.99365234375,0,0.005859375
CHNCXR_0628_1,Shenzhen,1,2,all_lossy,10,1.0,0.99951171875,0.99951171875,0,0.0
CHNCXR_0628_1,Shenzhen,1,2,lungs_lossy,30,0.3090839460784313,0.99951171875,1.0,0,0.00048828125
CHNCXR_0628_1,Shenzhen,1,2,background_lossy,30,0.6909160539215686,0.99951171875,0.9990234375,0,0.00048828125
CHNCXR_0628_1,Shenzhen,1,2,all_lossy,30,1.0,0.99951171875,1.0,0,0.00048828125
CHNCXR_0628_1,Shenzhen,1,2,lungs_lossy,50,0.3090839460784313,0.99951171875,1.0,0,0.00048828125
CHNCXR_0628_1,Shenzhen,1,2,background_lossy,50,0.6909160539215686,0.99951171875,0.99951171875,0,0.0
CHNCXR_0628_1,Shenzhen,1,2,all_lossy,50,1.0,0.99951171875,1.0,0,0.00048828125
CHNCXR_0628_1,Shenzhen,1,2,lungs_lossy,70,0.3090839460784313,0.99951171875,0.9990234375,0,0.00048828125
CHNCXR_0628_1,Shenzhen,1,2,background_lossy,70,0.6909160539215686,0.99951171875,0.99951171875,0,0.0
CHNCXR_0628_1,Shenzhen,1,2,all_lossy,70,1.0,0.99951171875,0.9990234375,0,0.00048828125
CHNCXR_0629_1,Shenzhen,1,2,lungs_lossy,10,0.2916446632703777,1.0,1.0,0,0.0
CHNCXR_0629_1,Shenzhen,1,2,background_lossy,10,0.7083553367296223,1.0,1.0,0,0.0
CHNCXR_0629_1,Shenzhen,1,2,all_lossy,10,1.0,1.0,0.99951171875,0,0.00048828125
CHNCXR_0629_1,Shenzhen,1,2,lungs_lossy,30,0.2916446632703777,1.0,1.0,0,0.0
CHNCXR_0629_1,Shenzhen,1,2,background_lossy,30,0.7083553367296223,1.0,1.0,0,0.0
CHNCXR_0629_1,Shenzhen,1,2,all_lossy,30,1.0,1.0,1.0,0,0.0
CHNCXR_0629_1,Shenzhen,1,2,lungs_lossy,50,0.2916446632703777,1.0,1.0,0,0.0
CHNCXR_0629_1,Shenzhen,1,2,background_lossy,50,0.7083553367296223,1.0,1.0,0,0.0
CHNCXR_0629_1,Shenzhen,1,2,all_lossy,50,1.0,1.0,1.0,0,0.0
CHNCXR_0629_1,Shenzhen,1,2,lungs_lossy,70,0.2916446632703777,1.0,1.0,0,0.0
CHNCXR_0629_1,Shenzhen,1,2,background_lossy,70,0.7083553367296223,1.0,1.0,0,0.0
CHNCXR_0629_1,Shenzhen,1,2,all_lossy,70,1.0,1.0,1.0,0,0.0
CHNCXR_0630_1,Shenzhen,1,0,lungs_lossy,10,0.2538373161764706,0.99951171875,1.0,0,0.00048828125
CHNCXR_0630_1,Shenzhen,1,0,background_lossy,10,0.7461626838235293,0.99951171875,0.9912109375,0,0.00830078125
CHNCXR_0630_1,Shenzhen,1,0,all_lossy,10,1.0,0.99951171875,0.99951171875,0,0.0
CHNCXR_0630_1,Shenzhen,1,0,lungs_lossy,30,0.2538373161764706,0.99951171875,1.0,0,0.00048828125
CHNCXR_0630_1,Shenzhen,1,0,background_lossy,30,0.7461626838235293,0.99951171875,0.99609375,0,0.00341796875
CHNCXR_0630_1,Shenzhen,1,0,all_lossy,30,1.0,0.99951171875,1.0,0,0.00048828125
CHNCXR_0630_1,Shenzhen,1,0,lungs_lossy,50,0.2538373161764706,0.99951171875,0.99951171875,0,0.0
CHNCXR_0630_1,Shenzhen,1,0,background_lossy,50,0.7461626838235293,0.99951171875,0.998046875,0,0.00146484375
CHNCXR_0630_1,Shenzhen,1,0,all_lossy,50,1.0,0.99951171875,0.9990234375,0,0.00048828125
CHNCXR_0630_1,Shenzhen,1,0,lungs_lossy,70,0.2538373161764706,0.99951171875,0.99951171875,0,0.0
CHNCXR_0630_1,Shenzhen,1,0,background_lossy,70,0.7461626838235293,0.99951171875,0.9990234375,0,0.00048828125
CHNCXR_0630_1,Shenzhen,1,0,all_lossy,70,1.0,0.99951171875,0.99951171875,0,0.0
CHNCXR_0631_1,Shenzhen,1,3,lungs_lossy,10,0.2607572115384615,0.80419921875,0.89306640625,0,0.0888671875
CHNCXR_0631_1,Shenzhen,1,3,background_lossy,10,0.7392427884615385,0.80419921875,0.338623046875,1,0.465576171875
CHNCXR_0631_1,Shenzhen,1,3,all_lossy,10,1.0,0.80419921875,0.61572265625,0,0.1884765625
CHNCXR_0631_1,Shenzhen,1,3,lungs_lossy,30,0.2607572115384615,0.80419921875,0.900390625,0,0.09619140625
CHNCXR_0631_1,Shenzhen,1,3,background_lossy,30,0.7392427884615385,0.80419921875,0.2529296875,1,0.55126953125
CHNCXR_0631_1,Shenzhen,1,3,all_lossy,30,1.0,0.80419921875,0.40283203125,1,0.4013671875
CHNCXR_0631_1,Shenzhen,1,3,lungs_lossy,50,0.2607572115384615,0.80419921875,0.79541015625,0,0.0087890625
CHNCXR_0631_1,Shenzhen,1,3,background_lossy,50,0.7392427884615385,0.80419921875,0.66845703125,0,0.1357421875
CHNCXR_0631_1,Shenzhen,1,3,all_lossy,50,1.0,0.80419921875,0.69970703125,0,0.1044921875
CHNCXR_0631_1,Shenzhen,1,3,lungs_lossy,70,0.2607572115384615,0.80419921875,0.78662109375,0,0.017578125
CHNCXR_0631_1,Shenzhen,1,3,background_lossy,70,0.7392427884615385,0.80419921875,0.67236328125,0,0.1318359375
CHNCXR_0631_1,Shenzhen,1,3,all_lossy,70,1.0,0.80419921875,0.6416015625,0,0.16259765625
CHNCXR_0632_1,Shenzhen,1,4,lungs_lossy,10,0.2315164789979757,0.1248779296875,0.70068359375,1,0.5758056640625
CHNCXR_0632_1,Shenzhen,1,4,background_lossy,10,0.7684835210020243,0.1248779296875,0.1463623046875,0,0.021484375
CHNCXR_0632_1,Shenzhen,1,4,all_lossy,10,1.0,0.1248779296875,0.5947265625,1,0.4698486328125
CHNCXR_0632_1,Shenzhen,1,4,lungs_lossy,30,0.2315164789979757,0.1248779296875,0.49609375,0,0.3712158203125
CHNCXR_0632_1,Shenzhen,1,4,background_lossy,30,0.7684835210020243,0.1248779296875,0.1435546875,0,0.0186767578125
CHNCXR_0632_1,Shenzhen,1,4,all_lossy,30,1.0,0.1248779296875,0.39892578125,0,0.2740478515625
CHNCXR_0632_1,Shenzhen,1,4,lungs_lossy,50,0.2315164789979757,0.1248779296875,0.18212890625,0,0.0572509765625
CHNCXR_0632_1,Shenzhen,1,4,background_lossy,50,0.7684835210020243,0.1248779296875,0.14404296875,0,0.0191650390625
CHNCXR_0632_1,Shenzhen,1,4,all_lossy,50,1.0,0.1248779296875,0.201171875,0,0.0762939453125
CHNCXR_0632_1,Shenzhen,1,4,lungs_lossy,70,0.2315164789979757,0.1248779296875,0.12359619140625,0,0.00128173828125
CHNCXR_0632_1,Shenzhen,1,4,background_lossy,70,0.7684835210020243,0.1248779296875,0.158447265625,0,0.0335693359375
CHNCXR_0632_1,Shenzhen,1,4,all_lossy,70,1.0,0.1248779296875,0.1597900390625,0,0.034912109375
CHNCXR_0633_1,Shenzhen,1,1,lungs_lossy,10,0.2322411028672032,0.83837890625,0.9990234375,0,0.16064453125
CHNCXR_0633_1,Shenzhen,1,1,background_lossy,10,0.7677588971327968,0.83837890625,0.9208984375,0,0.08251953125
CHNCXR_0633_1,Shenzhen,1,1,all_lossy,10,1.0,0.83837890625,0.98779296875,0,0.1494140625
CHNCXR_0633_1,Shenzhen,1,1,lungs_lossy,30,0.2322411028672032,0.83837890625,0.99951171875,0,0.1611328125
CHNCXR_0633_1,Shenzhen,1,1,background_lossy,30,0.7677588971327968,0.83837890625,0.86083984375,0,0.0224609375
CHNCXR_0633_1,Shenzhen,1,1,all_lossy,30,1.0,0.83837890625,0.99853515625,0,0.16015625
CHNCXR_0633_1,Shenzhen,1,1,lungs_lossy,50,0.2322411028672032,0.83837890625,0.98681640625,0,0.1484375
CHNCXR_0633_1,Shenzhen,1,1,background_lossy,50,0.7677588971327968,0.83837890625,0.80908203125,0,0.029296875
CHNCXR_0633_1,Shenzhen,1,1,all_lossy,50,1.0,0.83837890625,0.9775390625,0,0.13916015625
CHNCXR_0633_1,Shenzhen,1,1,lungs_lossy,70,0.2322411028672032,0.83837890625,0.873046875,0,0.03466796875
CHNCXR_0633_1,Shenzhen,1,1,background_lossy,70,0.7677588971327968,0.83837890625,0.818359375,0,0.02001953125
CHNCXR_0633_1,Shenzhen,1,1,all_lossy,70,1.0,0.83837890625,0.84521484375,0,0.0068359375
CHNCXR_0634_1,Shenzhen,1,2,lungs_lossy,10,0.3568644565818584,1.0,1.0,0,0.0
CHNCXR_0634_1,Shenzhen,1,2,background_lossy,10,0.6431355434181416,1.0,1.0,0,0.0
CHNCXR_0634_1,Shenzhen,1,2,all_lossy,10,1.0,1.0,1.0,0,0.0
CHNCXR_0634_1,Shenzhen,1,2,lungs_lossy,30,0.3568644565818584,1.0,1.0,0,0.0
CHNCXR_0634_1,Shenzhen,1,2,background_lossy,30,0.6431355434181416,1.0,1.0,0,0.0
CHNCXR_0634_1,Shenzhen,1,2,all_lossy,30,1.0,1.0,1.0,0,0.0
CHNCXR_0634_1,Shenzhen,1,2,lungs_lossy,50,0.3568644565818584,1.0,1.0,0,0.0
CHNCXR_0634_1,Shenzhen,1,2,background_lossy,50,0.6431355434181416,1.0,1.0,0,0.0
CHNCXR_0634_1,Shenzhen,1,2,all_lossy,50,1.0,1.0,1.0,0,0.0
CHNCXR_0634_1,Shenzhen,1,2,lungs_lossy,70,0.3568644565818584,1.0,1.0,0,0.0
CHNCXR_0634_1,Shenzhen,1,2,background_lossy,70,0.6431355434181416,1.0,1.0,0,0.0
CHNCXR_0634_1,Shenzhen,1,2,all_lossy,70,1.0,1.0,1.0,0,0.0
CHNCXR_0635_1,Shenzhen,1,2,lungs_lossy,10,0.3215895432692308,0.76416015625,0.732421875,0,0.03173828125
CHNCXR_0635_1,Shenzhen,1,2,background_lossy,10,0.6784104567307692,0.76416015625,0.9873046875,0,0.22314453125
CHNCXR_0635_1,Shenzhen,1,2,all_lossy,10,1.0,0.76416015625,0.9951171875,0,0.23095703125
CHNCXR_0635_1,Shenzhen,1,2,lungs_lossy,30,0.3215895432692308,0.76416015625,0.99365234375,0,0.2294921875
CHNCXR_0635_1,Shenzhen,1,2,background_lossy,30,0.6784104567307692,0.76416015625,0.88671875,0,0.12255859375
CHNCXR_0635_1,Shenzhen,1,2,all_lossy,30,1.0,0.76416015625,0.99658203125,0,0.232421875
CHNCXR_0635_1,Shenzhen,1,2,lungs_lossy,50,0.3215895432692308,0.76416015625,0.93359375,0,0.16943359375
CHNCXR_0635_1,Shenzhen,1,2,background_lossy,50,0.6784104567307692,0.76416015625,0.865234375,0,0.10107421875
CHNCXR_0635_1,Shenzhen,1,2,all_lossy,50,1.0,0.76416015625,0.9404296875,0,0.17626953125
CHNCXR_0635_1,Shenzhen,1,2,lungs_lossy,70,0.3215895432692308,0.76416015625,0.87060546875,0,0.1064453125
CHNCXR_0635_1,Shenzhen,1,2,background_lossy,70,0.6784104567307692,0.76416015625,0.7880859375,0,0.02392578125
CHNCXR_0635_1,Shenzhen,1,2,all_lossy,70,1.0,0.76416015625,0.87451171875,0,0.1103515625
CHNCXR_0636_1,Shenzhen,1,3,lungs_lossy,10,0.2769731966403162,0.0041160583496093,0.040008544921875,0,0.0358924865722657
CHNCXR_0636_1,Shenzhen,1,3,background_lossy,10,0.7230268033596838,0.0041160583496093,0.0021572113037109,0,0.0019588470458984
CHNCXR_0636_1,Shenzhen,1,3,all_lossy,10,1.0,0.0041160583496093,0.042022705078125,0,0.0379066467285157
CHNCXR_0636_1,Shenzhen,1,3,lungs_lossy,30,0.2769731966403162,0.0041160583496093,0.009124755859375,0,0.0050086975097657
CHNCXR_0636_1,Shenzhen,1,3,background_lossy,30,0.7230268033596838,0.0041160583496093,0.0017547607421875,0,0.0023612976074218004
CHNCXR_0636_1,Shenzhen,1,3,all_lossy,30,1.0,0.0041160583496093,0.0030155181884765,0,0.0011005401611328004
CHNCXR_0636_1,Shenzhen,1,3,lungs_lossy,50,0.2769731966403162,0.0041160583496093,0.0108184814453125,0,0.0067024230957032
CHNCXR_0636_1,Shenzhen,1,3,background_lossy,50,0.7230268033596838,0.0041160583496093,0.0018672943115234,0,0.0022487640380859
CHNCXR_0636_1,Shenzhen,1,3,all_lossy,50,1.0,0.0041160583496093,0.0039749145507812,0,0.00014114379882810071
CHNCXR_0636_1,Shenzhen,1,3,lungs_lossy,70,0.2769731966403162,0.0041160583496093,0.0040855407714843,0,3.0517578125e-05
CHNCXR_0636_1,Shenzhen,1,3,background_lossy,70,0.7230268033596838,0.0041160583496093,0.0025405883789062,0,0.0015754699707031003
CHNCXR_0636_1,Shenzhen,1,3,all_lossy,70,1.0,0.0041160583496093,0.0023880004882812,0,0.0017280578613281003
CHNCXR_0637_1,Shenzhen,1,0,lungs_lossy,10,0.2561930523917995,1.0,0.9951171875,0,0.0048828125
CHNCXR_0637_1,Shenzhen,1,0,background_lossy,10,0.7438069476082004,1.0,1.0,0,0.0
CHNCXR_0637_1,Shenzhen,1,0,all_lossy,10,1.0,1.0,0.98046875,0,0.01953125
CHNCXR_0637_1,Shenzhen,1,0,lungs_lossy,30,0.2561930523917995,1.0,1.0,0,0.0
CHNCXR_0637_1,Shenzhen,1,0,background_lossy,30,0.7438069476082004,1.0,1.0,0,0.0
CHNCXR_0637_1,Shenzhen,1,0,all_lossy,30,1.0,1.0,0.99755859375,0,0.00244140625
CHNCXR_0637_1,Shenzhen,1,0,lungs_lossy,50,0.2561930523917995,1.0,1.0,0,0.0
CHNCXR_0637_1,Shenzhen,1,0,background_lossy,50,0.7438069476082004,1.0,1.0,0,0.0
CHNCXR_0637_1,Shenzhen,1,0,all_lossy,50,1.0,1.0,1.0,0,0.0
CHNCXR_0637_1,Shenzhen,1,0,lungs_lossy,70,0.2561930523917995,1.0,1.0,0,0.0
CHNCXR_0637_1,Shenzhen,1,0,background_lossy,70,0.7438069476082004,1.0,1.0,0,0.0
CHNCXR_0637_1,Shenzhen,1,0,all_lossy,70,1.0,1.0,1.0,0,0.0
CHNCXR_0638_1,Shenzhen,1,2,lungs_lossy,10,0.3020263174643584,1.0,1.0,0,0.0
CHNCXR_0638_1,Shenzhen,1,2,background_lossy,10,0.6979736825356415,1.0,1.0,0,0.0
CHNCXR_0638_1,Shenzhen,1,2,all_lossy,10,1.0,1.0,0.99951171875,0,0.00048828125
CHNCXR_0638_1,Shenzhen,1,2,lungs_lossy,30,0.3020263174643584,1.0,1.0,0,0.0
CHNCXR_0638_1,Shenzhen,1,2,background_lossy,30,0.6979736825356415,1.0,1.0,0,0.0
CHNCXR_0638_1,Shenzhen,1,2,all_lossy,30,1.0,1.0,1.0,0,0.0
CHNCXR_0638_1,Shenzhen,1,2,lungs_lossy,50,0.3020263174643584,1.0,1.0,0,0.0
CHNCXR_0638_1,Shenzhen,1,2,background_lossy,50,0.6979736825356415,1.0,1.0,0,0.0
CHNCXR_0638_1,Shenzhen,1,2,all_lossy,50,1.0,1.0,1.0,0,0.0
CHNCXR_0638_1,Shenzhen,1,2,lungs_lossy,70,0.3020263174643584,1.0,1.0,0,0.0
CHNCXR_0638_1,Shenzhen,1,2,background_lossy,70,0.6979736825356415,1.0,1.0,0,0.0
CHNCXR_0638_1,Shenzhen,1,2,all_lossy,70,1.0,1.0,1.0,0,0.0
CHNCXR_0639_1,Shenzhen,1,0,lungs_lossy,10,0.3201120701419214,1.0,0.99560546875,0,0.00439453125
CHNCXR_0639_1,Shenzhen,1,0,background_lossy,10,0.6798879298580787,1.0,1.0,0,0.0
CHNCXR_0639_1,Shenzhen,1,0,all_lossy,10,1.0,1.0,0.9775390625,0,0.0224609375
CHNCXR_0639_1,Shenzhen,1,0,lungs_lossy,30,0.3201120701419214,1.0,1.0,0,0.0
CHNCXR_0639_1,Shenzhen,1,0,background_lossy,30,0.6798879298580787,1.0,1.0,0,0.0
CHNCXR_0639_1,Shenzhen,1,0,all_lossy,30,1.0,1.0,1.0,0,0.0
CHNCXR_0639_1,Shenzhen,1,0,lungs_lossy,50,0.3201120701419214,1.0,1.0,0,0.0
CHNCXR_0639_1,Shenzhen,1,0,background_lossy,50,0.6798879298580787,1.0,1.0,0,0.0
CHNCXR_0639_1,Shenzhen,1,0,all_lossy,50,1.0,1.0,1.0,0,0.0
CHNCXR_0639_1,Shenzhen,1,0,lungs_lossy,70,0.3201120701419214,1.0,1.0,0,0.0
CHNCXR_0639_1,Shenzhen,1,0,background_lossy,70,0.6798879298580787,1.0,1.0,0,0.0
CHNCXR_0639_1,Shenzhen,1,0,all_lossy,70,1.0,1.0,1.0,0,0.0
CHNCXR_0640_1,Shenzhen,1,4,lungs_lossy,10,0.2672155688622754,0.6123046875,0.6669921875,0,0.0546875
CHNCXR_0640_1,Shenzhen,1,4,background_lossy,10,0.7327844311377245,0.6123046875,0.6572265625,0,0.044921875
CHNCXR_0640_1,Shenzhen,1,4,all_lossy,10,1.0,0.6123046875,0.310791015625,1,0.301513671875
CHNCXR_0640_1,Shenzhen,1,4,lungs_lossy,30,0.2672155688622754,0.6123046875,0.87939453125,0,0.26708984375
CHNCXR_0640_1,Shenzhen,1,4,background_lossy,30,0.7327844311377245,0.6123046875,0.57080078125,0,0.04150390625
CHNCXR_0640_1,Shenzhen,1,4,all_lossy,30,1.0,0.6123046875,0.76611328125,0,0.15380859375
CHNCXR_0640_1,Shenzhen,1,4,lungs_lossy,50,0.2672155688622754,0.6123046875,0.71533203125,0,0.10302734375
CHNCXR_0640_1,Shenzhen,1,4,background_lossy,50,0.7327844311377245,0.6123046875,0.60302734375,0,0.00927734375
CHNCXR_0640_1,Shenzhen,1,4,all_lossy,50,1.0,0.6123046875,0.69287109375,0,0.08056640625
CHNCXR_0640_1,Shenzhen,1,4,lungs_lossy,70,0.2672155688622754,0.6123046875,0.58740234375,0,0.02490234375
CHNCXR_0640_1,Shenzhen,1,4,background_lossy,70,0.7327844311377245,0.6123046875,0.56591796875,0,0.04638671875
CHNCXR_0640_1,Shenzhen,1,4,all_lossy,70,1.0,0.6123046875,0.53125,0,0.0810546875
CHNCXR_0641_1,Shenzhen,1,0,lungs_lossy,10,0.3686488643111639,0.99951171875,1.0,0,0.00048828125
CHNCXR_0641_1,Shenzhen,1,0,background_lossy,10,0.6313511356888362,0.99951171875,0.99951171875,0,0.0
CHNCXR_0641_1,Shenzhen,1,0,all_lossy,10,1.0,0.99951171875,0.99951171875,0,0.0
CHNCXR_0641_1,Shenzhen,1,0,lungs_lossy,30,0.3686488643111639,0.99951171875,1.0,0,0.00048828125
CHNCXR_0641_1,Shenzhen,1,0,background_lossy,30,0.6313511356888362,0.99951171875,0.99951171875,0,0.0
CHNCXR_0641_1,Shenzhen,1,0,all_lossy,30,1.0,0.99951171875,0.99951171875,0,0.0
CHNCXR_0641_1,Shenzhen,1,0,lungs_lossy,50,0.3686488643111639,0.99951171875,0.99951171875,0,0.0
CHNCXR_0641_1,Shenzhen,1,0,background_lossy,50,0.6313511356888362,0.99951171875,1.0,0,0.00048828125
CHNCXR_0641_1,Shenzhen,1,0,all_lossy,50,1.0,0.99951171875,0.99951171875,0,0.0
CHNCXR_0641_1,Shenzhen,1,0,lungs_lossy,70,0.3686488643111639,0.99951171875,1.0,0,0.00048828125
CHNCXR_0641_1,Shenzhen,1,0,background_lossy,70,0.6313511356888362,0.99951171875,1.0,0,0.00048828125
CHNCXR_0641_1,Shenzhen,1,0,all_lossy,70,1.0,0.99951171875,1.0,0,0.00048828125
CHNCXR_0642_1,Shenzhen,1,4,lungs_lossy,10,0.3785119135985748,0.9287109375,0.99365234375,0,0.06494140625
CHNCXR_0642_1,Shenzhen,1,4,background_lossy,10,0.6214880864014252,0.9287109375,0.95068359375,0,0.02197265625
CHNCXR_0642_1,Shenzhen,1,4,all_lossy,10,1.0,0.9287109375,0.974609375,0,0.0458984375
CHNCXR_0642_1,Shenzhen,1,4,lungs_lossy,30,0.3785119135985748,0.9287109375,0.9951171875,0,0.06640625
CHNCXR_0642_1,Shenzhen,1,4,background_lossy,30,0.6214880864014252,0.9287109375,0.9345703125,0,0.005859375
CHNCXR_0642_1,Shenzhen,1,4,all_lossy,30,1.0,0.9287109375,0.9931640625,0,0.064453125
CHNCXR_0642_1,Shenzhen,1,4,lungs_lossy,50,0.3785119135985748,0.9287109375,0.97265625,0,0.0439453125
CHNCXR_0642_1,Shenzhen,1,4,background_lossy,50,0.6214880864014252,0.9287109375,0.921875,0,0.0068359375
CHNCXR_0642_1,Shenzhen,1,4,all_lossy,50,1.0,0.9287109375,0.96484375,0,0.0361328125
CHNCXR_0642_1,Shenzhen,1,4,lungs_lossy,70,0.3785119135985748,0.9287109375,0.9248046875,0,0.00390625
CHNCXR_0642_1,Shenzhen,1,4,background_lossy,70,0.6214880864014252,0.9287109375,0.93017578125,0,0.00146484375
CHNCXR_0642_1,Shenzhen,1,4,all_lossy,70,1.0,0.9287109375,0.9248046875,0,0.00390625
CHNCXR_0643_1,Shenzhen,1,0,lungs_lossy,10,0.3869583695023148,1.0,1.0,0,0.0
CHNCXR_0643_1,Shenzhen,1,0,background_lossy,10,0.6130416304976851,1.0,1.0,0,0.0
CHNCXR_0643_1,Shenzhen,1,0,all_lossy,10,1.0,1.0,1.0,0,0.0
CHNCXR_0643_1,Shenzhen,1,0,lungs_lossy,30,0.3869583695023148,1.0,1.0,0,0.0
CHNCXR_0643_1,Shenzhen,1,0,background_lossy,30,0.6130416304976851,1.0,1.0,0,0.0
CHNCXR_0643_1,Shenzhen,1,0,all_lossy,30,1.0,1.0,1.0,0,0.0
CHNCXR_0643_1,Shenzhen,1,0,lungs_lossy,50,0.3869583695023148,1.0,1.0,0,0.0
CHNCXR_0643_1,Shenzhen,1,0,background_lossy,50,0.6130416304976851,1.0,1.0,0,0.0
CHNCXR_0643_1,Shenzhen,1,0,all_lossy,50,1.0,1.0,1.0,0,0.0
CHNCXR_0643_1,Shenzhen,1,0,lungs_lossy,70,0.3869583695023148,1.0,1.0,0,0.0
CHNCXR_0643_1,Shenzhen,1,0,background_lossy,70,0.6130416304976851,1.0,1.0,0,0.0
CHNCXR_0643_1,Shenzhen,1,0,all_lossy,70,1.0,1.0,1.0,0,0.0
CHNCXR_0644_1,Shenzhen,1,3,lungs_lossy,10,0.33448828125,0.10394287109375,0.1263427734375,0,0.02239990234375
CHNCXR_0644_1,Shenzhen,1,3,background_lossy,10,0.6655117187499999,0.10394287109375,0.05865478515625,0,0.0452880859375
CHNCXR_0644_1,Shenzhen,1,3,all_lossy,10,1.0,0.10394287109375,0.1927490234375,0,0.08880615234375
CHNCXR_0644_1,Shenzhen,1,3,lungs_lossy,30,0.33448828125,0.10394287109375,0.303466796875,0,0.19952392578125
CHNCXR_0644_1,Shenzhen,1,3,background_lossy,30,0.6655117187499999,0.10394287109375,0.04638671875,0,0.05755615234375
CHNCXR_0644_1,Shenzhen,1,3,all_lossy,30,1.0,0.10394287109375,0.11859130859375,0,0.0146484375
CHNCXR_0644_1,Shenzhen,1,3,lungs_lossy,50,0.33448828125,0.10394287109375,0.1689453125,0,0.06500244140625
CHNCXR_0644_1,Shenzhen,1,3,background_lossy,50,0.6655117187499999,0.10394287109375,0.0703125,0,0.03363037109375
CHNCXR_0644_1,Shenzhen,1,3,all_lossy,50,1.0,0.10394287109375,0.11578369140625,0,0.0118408203125
CHNCXR_0644_1,Shenzhen,1,3,lungs_lossy,70,0.33448828125,0.10394287109375,0.12445068359375,0,0.0205078125
CHNCXR_0644_1,Shenzhen,1,3,background_lossy,70,0.6655117187499999,0.10394287109375,0.09088134765625,0,0.0130615234375
CHNCXR_0644_1,Shenzhen,1,3,all_lossy,70,1.0,0.10394287109375,0.1077880859375,0,0.00384521484375
CHNCXR_0645_1,Shenzhen,1,2,lungs_lossy,10,0.3307032974613687,1.0,1.0,0,0.0
CHNCXR_0645_1,Shenzhen,1,2,background_lossy,10,0.6692967025386314,1.0,0.9970703125,0,0.0029296875
CHNCXR_0645_1,Shenzhen,1,2,all_lossy,10,1.0,1.0,0.99951171875,0,0.00048828125
CHNCXR_0645_1,Shenzhen,1,2,lungs_lossy,30,0.3307032974613687,1.0,1.0,0,0.0
CHNCXR_0645_1,Shenzhen,1,2,background_lossy,30,0.6692967025386314,1.0,0.99951171875,0,0.00048828125
CHNCXR_0645_1,Shenzhen,1,2,all_lossy,30,1.0,1.0,1.0,0,0.0
CHNCXR_0645_1,Shenzhen,1,2,lungs_lossy,50,0.3307032974613687,1.0,1.0,0,0.0
CHNCXR_0645_1,Shenzhen,1,2,background_lossy,50,0.6692967025386314,1.0,1.0,0,0.0
CHNCXR_0645_1,Shenzhen,1,2,all_lossy,50,1.0,1.0,1.0,0,0.0
CHNCXR_0645_1,Shenzhen,1,2,lungs_lossy,70,0.3307032974613687,1.0,1.0,0,0.0
CHNCXR_0645_1,Shenzhen,1,2,background_lossy,70,0.6692967025386314,1.0,1.0,0,0.0
CHNCXR_0645_1,Shenzhen,1,2,all_lossy,70,1.0,1.0,1.0,0,0.0
CHNCXR_0646_1,Shenzhen,1,0,lungs_lossy,10,0.22276171875,0.830078125,1.0,0,0.169921875
CHNCXR_0646_1,Shenzhen,1,0,background_lossy,10,0.77723828125,0.830078125,0.290771484375,1,0.539306640625
CHNCXR_0646_1,Shenzhen,1,0,all_lossy,10,1.0,0.830078125,0.99853515625,0,0.16845703125
CHNCXR_0646_1,Shenzhen,1,0,lungs_lossy,30,0.22276171875,0.830078125,0.9990234375,0,0.1689453125
CHNCXR_0646_1,Shenzhen,1,0,background_lossy,30,0.77723828125,0.830078125,0.410888671875,1,0.419189453125
CHNCXR_0646_1,Shenzhen,1,0,all_lossy,30,1.0,0.830078125,0.9306640625,0,0.1005859375
CHNCXR_0646_1,Shenzhen,1,0,lungs_lossy,50,0.22276171875,0.830078125,0.87939453125,0,0.04931640625
CHNCXR_0646_1,Shenzhen,1,0,background_lossy,50,0.77723828125,0.830078125,0.495849609375,1,0.334228515625
CHNCXR_0646_1,Shenzhen,1,0,all_lossy,50,1.0,0.830078125,0.474853515625,1,0.355224609375
CHNCXR_0646_1,Shenzhen,1,0,lungs_lossy,70,0.22276171875,0.830078125,0.8203125,0,0.009765625
CHNCXR_0646_1,Shenzhen,1,0,background_lossy,70,0.77723828125,0.830078125,0.71484375,0,0.115234375
CHNCXR_0646_1,Shenzhen,1,0,all_lossy,70,1.0,0.830078125,0.6640625,0,0.166015625
CHNCXR_0647_1,Shenzhen,1,2,lungs_lossy,10,0.2437624750499002,1.0,1.0,0,0.0
CHNCXR_0647_1,Shenzhen,1,2,background_lossy,10,0.7562375249500998,1.0,1.0,0,0.0
CHNCXR_0647_1,Shenzhen,1,2,all_lossy,10,1.0,1.0,0.9990234375,0,0.0009765625
CHNCXR_0647_1,Shenzhen,1,2,lungs_lossy,30,0.2437624750499002,1.0,1.0,0,0.0
CHNCXR_0647_1,Shenzhen,1,2,background_lossy,30,0.7562375249500998,1.0,1.0,0,0.0
CHNCXR_0647_1,Shenzhen,1,2,all_lossy,30,1.0,1.0,1.0,0,0.0
CHNCXR_0647_1,Shenzhen,1,2,lungs_lossy,50,0.2437624750499002,1.0,1.0,0,0.0
CHNCXR_0647_1,Shenzhen,1,2,background_lossy,50,0.7562375249500998,1.0,1.0,0,0.0
CHNCXR_0647_1,Shenzhen,1,2,all_lossy,50,1.0,1.0,1.0,0,0.0
CHNCXR_0647_1,Shenzhen,1,2,lungs_lossy,70,0.2437624750499002,1.0,1.0,0,0.0
CHNCXR_0647_1,Shenzhen,1,2,background_lossy,70,0.7562375249500998,1.0,1.0,0,0.0
CHNCXR_0647_1,Shenzhen,1,2,all_lossy,70,1.0,1.0,1.0,0,0.0
CHNCXR_0648_1,Shenzhen,1,3,lungs_lossy,10,0.3216318294701987,0.99853515625,0.9013671875,0,0.09716796875
CHNCXR_0648_1,Shenzhen,1,3,background_lossy,10,0.6783681705298013,0.99853515625,0.998046875,0,0.00048828125
CHNCXR_0648_1,Shenzhen,1,3,all_lossy,10,1.0,0.99853515625,0.9599609375,0,0.03857421875
CHNCXR_0648_1,Shenzhen,1,3,lungs_lossy,30,0.3216318294701987,0.99853515625,0.99658203125,0,0.001953125
CHNCXR_0648_1,Shenzhen,1,3,background_lossy,30,0.6783681705298013,0.99853515625,0.99658203125,0,0.001953125
CHNCXR_0648_1,Shenzhen,1,3,all_lossy,30,1.0,0.99853515625,0.9931640625,0,0.00537109375
CHNCXR_0648_1,Shenzhen,1,3,lungs_lossy,50,0.3216318294701987,0.99853515625,0.99853515625,0,0.0
CHNCXR_0648_1,Shenzhen,1,3,background_lossy,50,0.6783681705298013,0.99853515625,0.99853515625,0,0.0
CHNCXR_0648_1,Shenzhen,1,3,all_lossy,50,1.0,0.99853515625,0.99853515625,0,0.0
CHNCXR_0648_1,Shenzhen,1,3,lungs_lossy,70,0.3216318294701987,0.99853515625,0.9990234375,0,0.00048828125
CHNCXR_0648_1,Shenzhen,1,3,background_lossy,70,0.6783681705298013,0.99853515625,0.99853515625,0,0.0
CHNCXR_0648_1,Shenzhen,1,3,all_lossy,70,1.0,0.99853515625,0.9990234375,0,0.00048828125
CHNCXR_0649_1,Shenzhen,1,4,lungs_lossy,10,0.2633051815711462,0.118408203125,0.1588134765625,0,0.0404052734375
CHNCXR_0649_1,Shenzhen,1,4,background_lossy,10,0.7366948184288538,0.118408203125,0.2890625,0,0.170654296875
CHNCXR_0649_1,Shenzhen,1,4,all_lossy,10,1.0,0.118408203125,0.1864013671875,0,0.0679931640625
CHNCXR_0649_1,Shenzhen,1,4,lungs_lossy,30,0.2633051815711462,0.118408203125,0.55322265625,1,0.434814453125
CHNCXR_0649_1,Shenzhen,1,4,background_lossy,30,0.7366948184288538,0.118408203125,0.189697265625,0,0.0712890625
CHNCXR_0649_1,Shenzhen,1,4,all_lossy,30,1.0,0.118408203125,0.465576171875,0,0.34716796875
CHNCXR_0649_1,Shenzhen,1,4,lungs_lossy,50,0.2633051815711462,0.118408203125,0.22265625,0,0.104248046875
CHNCXR_0649_1,Shenzhen,1,4,background_lossy,50,0.7366948184288538,0.118408203125,0.206787109375,0,0.08837890625
CHNCXR_0649_1,Shenzhen,1,4,all_lossy,50,1.0,0.118408203125,0.352294921875,0,0.23388671875
CHNCXR_0649_1,Shenzhen,1,4,lungs_lossy,70,0.2633051815711462,0.118408203125,0.1312255859375,0,0.0128173828125
CHNCXR_0649_1,Shenzhen,1,4,background_lossy,70,0.7366948184288538,0.118408203125,0.132080078125,0,0.013671875
CHNCXR_0649_1,Shenzhen,1,4,all_lossy,70,1.0,0.118408203125,0.14990234375,0,0.031494140625
CHNCXR_0650_1,Shenzhen,1,1,lungs_lossy,10,0.3032322303921568,0.99951171875,0.9990234375,0,0.00048828125
CHNCXR_0650_1,Shenzhen,1,1,background_lossy,10,0.6967677696078431,0.99951171875,0.998046875,0,0.00146484375
CHNCXR_0650_1,Shenzhen,1,1,all_lossy,10,1.0,0.99951171875,0.98828125,0,0.01123046875
CHNCXR_0650_1,Shenzhen,1,1,lungs_lossy,30,0.3032322303921568,0.99951171875,1.0,0,0.00048828125
CHNCXR_0650_1,Shenzhen,1,1,background_lossy,30,0.6967677696078431,0.99951171875,0.9990234375,0,0.00048828125
CHNCXR_0650_1,Shenzhen,1,1,all_lossy,30,1.0,0.99951171875,0.9990234375,0,0.00048828125
CHNCXR_0650_1,Shenzhen,1,1,lungs_lossy,50,0.3032322303921568,0.99951171875,1.0,0,0.00048828125
CHNCXR_0650_1,Shenzhen,1,1,background_lossy,50,0.6967677696078431,0.99951171875,0.9990234375,0,0.00048828125
CHNCXR_0650_1,Shenzhen,1,1,all_lossy,50,1.0,0.99951171875,0.99951171875,0,0.0
CHNCXR_0650_1,Shenzhen,1,1,lungs_lossy,70,0.3032322303921568,0.99951171875,1.0,0,0.00048828125
CHNCXR_0650_1,Shenzhen,1,1,background_lossy,70,0.6967677696078431,0.99951171875,0.99951171875,0,0.0
CHNCXR_0650_1,Shenzhen,1,1,all_lossy,70,1.0,0.99951171875,0.99951171875,0,0.0
CHNCXR_0651_1,Shenzhen,1,4,lungs_lossy,10,0.3503652915794979,0.9658203125,0.99609375,0,0.0302734375
CHNCXR_0651_1,Shenzhen,1,4,background_lossy,10,0.6496347084205021,0.9658203125,0.93310546875,0,0.03271484375
CHNCXR_0651_1,Shenzhen,1,4,all_lossy,10,1.0,0.9658203125,0.98486328125,0,0.01904296875
CHNCXR_0651_1,Shenzhen,1,4,lungs_lossy,30,0.3503652915794979,0.9658203125,0.9970703125,0,0.03125
CHNCXR_0651_1,Shenzhen,1,4,background_lossy,30,0.6496347084205021,0.9658203125,0.951171875,0,0.0146484375
CHNCXR_0651_1,Shenzhen,1,4,all_lossy,30,1.0,0.9658203125,0.994140625,0,0.0283203125
CHNCXR_0651_1,Shenzhen,1,4,lungs_lossy,50,0.3503652915794979,0.9658203125,0.98291015625,0,0.01708984375
CHNCXR_0651_1,Shenzhen,1,4,background_lossy,50,0.6496347084205021,0.9658203125,0.951171875,0,0.0146484375
CHNCXR_0651_1,Shenzhen,1,4,all_lossy,50,1.0,0.9658203125,0.97509765625,0,0.00927734375
CHNCXR_0651_1,Shenzhen,1,4,lungs_lossy,70,0.3503652915794979,0.9658203125,0.96875,0,0.0029296875
CHNCXR_0651_1,Shenzhen,1,4,background_lossy,70,0.6496347084205021,0.9658203125,0.96435546875,0,0.00146484375
CHNCXR_0651_1,Shenzhen,1,4,all_lossy,70,1.0,0.9658203125,0.96826171875,0,0.00244140625
CHNCXR_0652_1,Shenzhen,1,2,lungs_lossy,10,0.2273491753472222,0.9990234375,1.0,0,0.0009765625
CHNCXR_0652_1,Shenzhen,1,2,background_lossy,10,0.7726508246527778,0.9990234375,0.99755859375,0,0.00146484375
CHNCXR_0652_1,Shenzhen,1,2,all_lossy,10,1.0,0.9990234375,0.99951171875,0,0.00048828125
CHNCXR_0652_1,Shenzhen,1,2,lungs_lossy,30,0.2273491753472222,0.9990234375,1.0,0,0.0009765625
CHNCXR_0652_1,Shenzhen,1,2,background_lossy,30,0.7726508246527778,0.9990234375,0.998046875,0,0.0009765625
CHNCXR_0652_1,Shenzhen,1,2,all_lossy,30,1.0,0.9990234375,0.99951171875,0,0.00048828125
CHNCXR_0652_1,Shenzhen,1,2,lungs_lossy,50,0.2273491753472222,0.9990234375,0.99951171875,0,0.00048828125
CHNCXR_0652_1,Shenzhen,1,2,background_lossy,50,0.7726508246527778,0.9990234375,0.99853515625,0,0.00048828125
CHNCXR_0652_1,Shenzhen,1,2,all_lossy,50,1.0,0.9990234375,0.99853515625,0,0.00048828125
CHNCXR_0652_1,Shenzhen,1,2,lungs_lossy,70,0.2273491753472222,0.9990234375,0.9990234375,0,0.0
CHNCXR_0652_1,Shenzhen,1,2,background_lossy,70,0.7726508246527778,0.9990234375,0.9990234375,0,0.0
CHNCXR_0652_1,Shenzhen,1,2,all_lossy,70,1.0,0.9990234375,0.9990234375,0,0.0
CHNCXR_0653_1,Shenzhen,1,1,lungs_lossy,10,0.3277501998933902,1.0,1.0,0,0.0
CHNCXR_0653_1,Shenzhen,1,1,background_lossy,10,0.6722498001066097,1.0,1.0,0,0.0
CHNCXR_0653_1,Shenzhen,1,1,all_lossy,10,1.0,1.0,0.9990234375,0,0.0009765625
CHNCXR_0653_1,Shenzhen,1,1,lungs_lossy,30,0.3277501998933902,1.0,1.0,0,0.0
CHNCXR_0653_1,Shenzhen,1,1,background_lossy,30,0.6722498001066097,1.0,1.0,0,0.0
CHNCXR_0653_1,Shenzhen,1,1,all_lossy,30,1.0,1.0,1.0,0,0.0
CHNCXR_0653_1,Shenzhen,1,1,lungs_lossy,50,0.3277501998933902,1.0,1.0,0,0.0
CHNCXR_0653_1,Shenzhen,1,1,background_lossy,50,0.6722498001066097,1.0,1.0,0,0.0
CHNCXR_0653_1,Shenzhen,1,1,all_lossy,50,1.0,1.0,1.0,0,0.0
CHNCXR_0653_1,Shenzhen,1,1,lungs_lossy,70,0.3277501998933902,1.0,1.0,0,0.0
CHNCXR_0653_1,Shenzhen,1,1,background_lossy,70,0.6722498001066097,1.0,1.0,0,0.0
CHNCXR_0653_1,Shenzhen,1,1,all_lossy,70,1.0,1.0,1.0,0,0.0
CHNCXR_0654_1,Shenzhen,1,2,lungs_lossy,10,0.4515531792299349,0.99951171875,1.0,0,0.00048828125
CHNCXR_0654_1,Shenzhen,1,2,background_lossy,10,0.548446820770065,0.99951171875,0.99365234375,0,0.005859375
CHNCXR_0654_1,Shenzhen,1,2,all_lossy,10,1.0,0.99951171875,0.99755859375,0,0.001953125
CHNCXR_0654_1,Shenzhen,1,2,lungs_lossy,30,0.4515531792299349,0.99951171875,1.0,0,0.00048828125
CHNCXR_0654_1,Shenzhen,1,2,background_lossy,30,0.548446820770065,0.99951171875,0.9970703125,0,0.00244140625
CHNCXR_0654_1,Shenzhen,1,2,all_lossy,30,1.0,0.99951171875,1.0,0,0.00048828125
CHNCXR_0654_1,Shenzhen,1,2,lungs_lossy,50,0.4515531792299349,0.99951171875,1.0,0,0.00048828125
CHNCXR_0654_1,Shenzhen,1,2,background_lossy,50,0.548446820770065,0.99951171875,0.99853515625,0,0.0009765625
CHNCXR_0654_1,Shenzhen,1,2,all_lossy,50,1.0,0.99951171875,0.99951171875,0,0.0
CHNCXR_0654_1,Shenzhen,1,2,lungs_lossy,70,0.4515531792299349,0.99951171875,0.99951171875,0,0.0
CHNCXR_0654_1,Shenzhen,1,2,background_lossy,70,0.548446820770065,0.99951171875,0.99951171875,0,0.0
CHNCXR_0654_1,Shenzhen,1,2,all_lossy,70,1.0,0.99951171875,0.99951171875,0,0.0
CHNCXR_0655_1,Shenzhen,1,4,lungs_lossy,10,0.3599113928197065,0.1796875,0.446533203125,0,0.266845703125
CHNCXR_0655_1,Shenzhen,1,4,background_lossy,10,0.6400886071802935,0.1796875,0.1790771484375,0,0.0006103515625
CHNCXR_0655_1,Shenzhen,1,4,all_lossy,10,1.0,0.1796875,0.373779296875,0,0.194091796875
CHNCXR_0655_1,Shenzhen,1,4,lungs_lossy,30,0.3599113928197065,0.1796875,0.62939453125,1,0.44970703125
CHNCXR_0655_1,Shenzhen,1,4,background_lossy,30,0.6400886071802935,0.1796875,0.1898193359375,0,0.0101318359375
CHNCXR_0655_1,Shenzhen,1,4,all_lossy,30,1.0,0.1796875,0.56005859375,1,0.38037109375
CHNCXR_0655_1,Shenzhen,1,4,lungs_lossy,50,0.3599113928197065,0.1796875,0.3076171875,0,0.1279296875
CHNCXR_0655_1,Shenzhen,1,4,background_lossy,50,0.6400886071802935,0.1796875,0.181640625,0,0.001953125
CHNCXR_0655_1,Shenzhen,1,4,all_lossy,50,1.0,0.1796875,0.274169921875,0,0.094482421875
CHNCXR_0655_1,Shenzhen,1,4,lungs_lossy,70,0.3599113928197065,0.1796875,0.1929931640625,0,0.0133056640625
CHNCXR_0655_1,Shenzhen,1,4,background_lossy,70,0.6400886071802935,0.1796875,0.1890869140625,0,0.0093994140625
CHNCXR_0655_1,Shenzhen,1,4,all_lossy,70,1.0,0.1796875,0.2069091796875,0,0.0272216796875
CHNCXR_0656_1,Shenzhen,1,1,lungs_lossy,10,0.1974685968137255,0.99755859375,0.99560546875,0,0.001953125
CHNCXR_0656_1,Shenzhen,1,1,background_lossy,10,0.8025314031862745,0.99755859375,0.99853515625,0,0.0009765625
CHNCXR_0656_1,Shenzhen,1,1,all_lossy,10,1.0,0.99755859375,0.99267578125,0,0.0048828125
CHNCXR_0656_1,Shenzhen,1,1,lungs_lossy,30,0.1974685968137255,0.99755859375,0.9990234375,0,0.00146484375
CHNCXR_0656_1,Shenzhen,1,1,background_lossy,30,0.8025314031862745,0.99755859375,0.9921875,0,0.00537109375
CHNCXR_0656_1,Shenzhen,1,1,all_lossy,30,1.0,0.99755859375,0.99267578125,0,0.0048828125
CHNCXR_0656_1,Shenzhen,1,1,lungs_lossy,50,0.1974685968137255,0.99755859375,0.9990234375,0,0.00146484375
CHNCXR_0656_1,Shenzhen,1,1,background_lossy,50,0.8025314031862745,0.99755859375,0.99755859375,0,0.0
CHNCXR_0656_1,Shenzhen,1,1,all_lossy,50,1.0,0.99755859375,0.9990234375,0,0.00146484375
CHNCXR_0656_1,Shenzhen,1,1,lungs_lossy,70,0.1974685968137255,0.99755859375,0.99755859375,0,0.0
CHNCXR_0656_1,Shenzhen,1,1,background_lossy,70,0.8025314031862745,0.99755859375,0.998046875,0,0.00048828125
CHNCXR_0656_1,Shenzhen,1,1,all_lossy,70,1.0,0.99755859375,0.99755859375,0,0.0
CHNCXR_0657_1,Shenzhen,1,4,lungs_lossy,10,0.364927514596603,0.97412109375,0.9951171875,0,0.02099609375
CHNCXR_0657_1,Shenzhen,1,4,background_lossy,10,0.635072485403397,0.97412109375,0.935546875,0,0.03857421875
CHNCXR_0657_1,Shenzhen,1,4,all_lossy,10,1.0,0.97412109375,0.97412109375,0,0.0
CHNCXR_0657_1,Shenzhen,1,4,lungs_lossy,30,0.364927514596603,0.97412109375,0.9951171875,0,0.02099609375
CHNCXR_0657_1,Shenzhen,1,4,background_lossy,30,0.635072485403397,0.97412109375,0.96923828125,0,0.0048828125
CHNCXR_0657_1,Shenzhen,1,4,all_lossy,30,1.0,0.97412109375,0.99169921875,0,0.017578125
CHNCXR_0657_1,Shenzhen,1,4,lungs_lossy,50,0.364927514596603,0.97412109375,0.99267578125,0,0.0185546875
CHNCXR_0657_1,Shenzhen,1,4,background_lossy,50,0.635072485403397,0.97412109375,0.97314453125,0,0.0009765625
CHNCXR_0657_1,Shenzhen,1,4,all_lossy,50,1.0,0.97412109375,0.990234375,0,0.01611328125
CHNCXR_0657_1,Shenzhen,1,4,lungs_lossy,70,0.364927514596603,0.97412109375,0.9775390625,0,0.00341796875
CHNCXR_0657_1,Shenzhen,1,4,background_lossy,70,0.635072485403397,0.97412109375,0.97509765625,0,0.0009765625
CHNCXR_0657_1,Shenzhen,1,4,all_lossy,70,1.0,0.97412109375,0.978515625,0,0.00439453125
CHNCXR_0658_1,Shenzhen,1,2,lungs_lossy,10,0.3132216191924779,1.0,1.0,0,0.0
CHNCXR_0658_1,Shenzhen,1,2,background_lossy,10,0.6867783808075221,1.0,1.0,0,0.0
CHNCXR_0658_1,Shenzhen,1,2,all_lossy,10,1.0,1.0,1.0,0,0.0
CHNCXR_0658_1,Shenzhen,1,2,lungs_lossy,30,0.3132216191924779,1.0,1.0,0,0.0
CHNCXR_0658_1,Shenzhen,1,2,background_lossy,30,0.6867783808075221,1.0,1.0,0,0.0
CHNCXR_0658_1,Shenzhen,1,2,all_lossy,30,1.0,1.0,1.0,0,0.0
CHNCXR_0658_1,Shenzhen,1,2,lungs_lossy,50,0.3132216191924779,1.0,1.0,0,0.0
CHNCXR_0658_1,Shenzhen,1,2,background_lossy,50,0.6867783808075221,1.0,1.0,0,0.0
CHNCXR_0658_1,Shenzhen,1,2,all_lossy,50,1.0,1.0,1.0,0,0.0
CHNCXR_0658_1,Shenzhen,1,2,lungs_lossy,70,0.3132216191924779,1.0,1.0,0,0.0
CHNCXR_0658_1,Shenzhen,1,2,background_lossy,70,0.6867783808075221,1.0,1.0,0,0.0
CHNCXR_0658_1,Shenzhen,1,2,all_lossy,70,1.0,1.0,1.0,0,0.0
CHNCXR_0659_1,Shenzhen,1,4,lungs_lossy,10,0.2670840992647059,0.1865234375,0.92626953125,1,0.73974609375
CHNCXR_0659_1,Shenzhen,1,4,background_lossy,10,0.7329159007352941,0.1865234375,0.190673828125,0,0.004150390625
CHNCXR_0659_1,Shenzhen,1,4,all_lossy,10,1.0,0.1865234375,0.80810546875,1,0.62158203125
CHNCXR_0659_1,Shenzhen,1,4,lungs_lossy,30,0.2670840992647059,0.1865234375,0.90185546875,1,0.71533203125
CHNCXR_0659_1,Shenzhen,1,4,background_lossy,30,0.7329159007352941,0.1865234375,0.14453125,0,0.0419921875
CHNCXR_0659_1,Shenzhen,1,4,all_lossy,30,1.0,0.1865234375,0.830078125,1,0.6435546875
CHNCXR_0659_1,Shenzhen,1,4,lungs_lossy,50,0.2670840992647059,0.1865234375,0.422119140625,0,0.235595703125
CHNCXR_0659_1,Shenzhen,1,4,background_lossy,50,0.7329159007352941,0.1865234375,0.1842041015625,0,0.0023193359375
CHNCXR_0659_1,Shenzhen,1,4,all_lossy,50,1.0,0.1865234375,0.41650390625,0,0.22998046875
CHNCXR_0659_1,Shenzhen,1,4,lungs_lossy,70,0.2670840992647059,0.1865234375,0.21435546875,0,0.02783203125
CHNCXR_0659_1,Shenzhen,1,4,background_lossy,70,0.7329159007352941,0.1865234375,0.1885986328125,0,0.0020751953125
CHNCXR_0659_1,Shenzhen,1,4,all_lossy,70,1.0,0.1865234375,0.2294921875,0,0.04296875
CHNCXR_0660_1,Shenzhen,1,0,lungs_lossy,10,0.2777024076846307,1.0,1.0,0,0.0
CHNCXR_0660_1,Shenzhen,1,0,background_lossy,10,0.7222975923153693,1.0,0.99951171875,0,0.00048828125
CHNCXR_0660_1,Shenzhen,1,0,all_lossy,10,1.0,1.0,0.9990234375,0,0.0009765625
CHNCXR_0660_1,Shenzhen,1,0,lungs_lossy,30,0.2777024076846307,1.0,1.0,0,0.0
CHNCXR_0660_1,Shenzhen,1,0,background_lossy,30,0.7222975923153693,1.0,0.99951171875,0,0.00048828125
CHNCXR_0660_1,Shenzhen,1,0,all_lossy,30,1.0,1.0,0.99951171875,0,0.00048828125
CHNCXR_0660_1,Shenzhen,1,0,lungs_lossy,50,0.2777024076846307,1.0,1.0,0,0.0
CHNCXR_0660_1,Shenzhen,1,0,background_lossy,50,0.7222975923153693,1.0,1.0,0,0.0
CHNCXR_0660_1,Shenzhen,1,0,all_lossy,50,1.0,1.0,1.0,0,0.0
CHNCXR_0660_1,Shenzhen,1,0,lungs_lossy,70,0.2777024076846307,1.0,1.0,0,0.0
CHNCXR_0660_1,Shenzhen,1,0,background_lossy,70,0.7222975923153693,1.0,1.0,0,0.0
CHNCXR_0660_1,Shenzhen,1,0,all_lossy,70,1.0,1.0,1.0,0,0.0
CHNCXR_0661_1,Shenzhen,1,0,lungs_lossy,10,0.3736686862244898,1.0,1.0,0,0.0
CHNCXR_0661_1,Shenzhen,1,0,background_lossy,10,0.6263313137755102,1.0,1.0,0,0.0
CHNCXR_0661_1,Shenzhen,1,0,all_lossy,10,1.0,1.0,1.0,0,0.0
CHNCXR_0661_1,Shenzhen,1,0,lungs_lossy,30,0.3736686862244898,1.0,1.0,0,0.0
CHNCXR_0661_1,Shenzhen,1,0,background_lossy,30,0.6263313137755102,1.0,1.0,0,0.0
CHNCXR_0661_1,Shenzhen,1,0,all_lossy,30,1.0,1.0,1.0,0,0.0
CHNCXR_0661_1,Shenzhen,1,0,lungs_lossy,50,0.3736686862244898,1.0,1.0,0,0.0
CHNCXR_0661_1,Shenzhen,1,0,background_lossy,50,0.6263313137755102,1.0,1.0,0,0.0
CHNCXR_0661_1,Shenzhen,1,0,all_lossy,50,1.0,1.0,1.0,0,0.0
CHNCXR_0661_1,Shenzhen,1,0,lungs_lossy,70,0.3736686862244898,1.0,1.0,0,0.0
CHNCXR_0661_1,Shenzhen,1,0,background_lossy,70,0.6263313137755102,1.0,1.0,0,0.0
CHNCXR_0661_1,Shenzhen,1,0,all_lossy,70,1.0,1.0,1.0,0,0.0
CHNCXR_0662_1,Shenzhen,1,3,lungs_lossy,10,0.405493109688196,0.93603515625,0.7607421875,0,0.17529296875
CHNCXR_0662_1,Shenzhen,1,3,background_lossy,10,0.594506890311804,0.93603515625,0.89990234375,0,0.0361328125
CHNCXR_0662_1,Shenzhen,1,3,all_lossy,10,1.0,0.93603515625,0.8203125,0,0.11572265625
CHNCXR_0662_1,Shenzhen,1,3,lungs_lossy,30,0.405493109688196,0.93603515625,0.92431640625,0,0.01171875
CHNCXR_0662_1,Shenzhen,1,3,background_lossy,30,0.594506890311804,0.93603515625,0.87353515625,0,0.0625
CHNCXR_0662_1,Shenzhen,1,3,all_lossy,30,1.0,0.93603515625,0.83349609375,0,0.1025390625
CHNCXR_0662_1,Shenzhen,1,3,lungs_lossy,50,0.405493109688196,0.93603515625,0.94384765625,0,0.0078125
CHNCXR_0662_1,Shenzhen,1,3,background_lossy,50,0.594506890311804,0.93603515625,0.912109375,0,0.02392578125
CHNCXR_0662_1,Shenzhen,1,3,all_lossy,50,1.0,0.93603515625,0.9326171875,0,0.00341796875
CHNCXR_0662_1,Shenzhen,1,3,lungs_lossy,70,0.405493109688196,0.93603515625,0.9326171875,0,0.00341796875
CHNCXR_0662_1,Shenzhen,1,3,background_lossy,70,0.594506890311804,0.93603515625,0.93115234375,0,0.0048828125
CHNCXR_0662_1,Shenzhen,1,3,all_lossy,70,1.0,0.93603515625,0.92724609375,0,0.0087890625
MCUCXR_0001_0,Montgomery,0,0,lungs_lossy,10,0.2633610451306413,0.0287628173828125,0.9990234375,1,0.9702606201171875
MCUCXR_0001_0,Montgomery,0,0,background_lossy,10,0.7366389548693586,0.0287628173828125,0.0101318359375,0,0.0186309814453125
MCUCXR_0001_0,Montgomery,0,0,all_lossy,10,1.0,0.0287628173828125,0.9990234375,1,0.9702606201171875
MCUCXR_0001_0,Montgomery,0,0,lungs_lossy,30,0.2633610451306413,0.0287628173828125,0.9970703125,1,0.9683074951171875
MCUCXR_0001_0,Montgomery,0,0,background_lossy,30,0.7366389548693586,0.0287628173828125,0.0063629150390625,0,0.02239990234375
MCUCXR_0001_0,Montgomery,0,0,all_lossy,30,1.0,0.0287628173828125,0.97607421875,1,0.9473114013671875
MCUCXR_0001_0,Montgomery,0,0,lungs_lossy,50,0.2633610451306413,0.0287628173828125,0.51611328125,1,0.4873504638671875
MCUCXR_0001_0,Montgomery,0,0,background_lossy,50,0.7366389548693586,0.0287628173828125,0.0153656005859375,0,0.013397216796875
MCUCXR_0001_0,Montgomery,0,0,all_lossy,50,1.0,0.0287628173828125,0.3720703125,0,0.3433074951171875
MCUCXR_0001_0,Montgomery,0,0,lungs_lossy,70,0.2633610451306413,0.0287628173828125,0.05633544921875,0,0.0275726318359375
MCUCXR_0001_0,Montgomery,0,0,background_lossy,70,0.7366389548693586,0.0287628173828125,0.024993896484375,0,0.0037689208984375
MCUCXR_0001_0,Montgomery,0,0,all_lossy,70,1.0,0.0287628173828125,0.04913330078125,0,0.0203704833984375
MCUCXR_0002_0,Montgomery,0,1,lungs_lossy,10,0.2275692176365795,0.0010318756103515,0.452392578125,0,0.4513607025146485
MCUCXR_0002_0,Montgomery,0,1,background_lossy,10,0.7724307823634204,0.0010318756103515,0.0054054260253906,0,0.0043735504150391
MCUCXR_0002_0,Montgomery,0,1,all_lossy,10,1.0,0.0010318756103515,0.8603515625,1,0.8593196868896485
MCUCXR_0002_0,Montgomery,0,1,lungs_lossy,30,0.2275692176365795,0.0010318756103515,0.0212860107421875,0,0.020254135131836
MCUCXR_0002_0,Montgomery,0,1,background_lossy,30,0.7724307823634204,0.0010318756103515,0.006439208984375,0,0.0054073333740235
MCUCXR_0002_0,Montgomery,0,1,all_lossy,30,1.0,0.0010318756103515,0.11517333984375,0,0.11414146423339849
MCUCXR_0002_0,Montgomery,0,1,lungs_lossy,50,0.2275692176365795,0.0010318756103515,0.0043487548828125,0,0.003316879272461
MCUCXR_0002_0,Montgomery,0,1,background_lossy,50,0.7724307823634204,0.0010318756103515,0.0011882781982421,0,0.00015640258789059985
MCUCXR_0002_0,Montgomery,0,1,all_lossy,50,1.0,0.0010318756103515,0.0049629211425781,0,0.0039310455322266
MCUCXR_0002_0,Montgomery,0,1,lungs_lossy,70,0.2275692176365795,0.0010318756103515,0.0007553100585937,0,0.00027656555175780003
MCUCXR_0002_0,Montgomery,0,1,background_lossy,70,0.7724307823634204,0.0010318756103515,0.0009436607360839,0,8.821487426760003e-05
MCUCXR_0002_0,Montgomery,0,1,all_lossy,70,1.0,0.0010318756103515,0.0006513595581054,0,0.00038051605224610004
MCUCXR_0003_0,Montgomery,0,3,lungs_lossy,10,0.2857268779691211,0.0049819946289062,0.06915283203125,0,0.0641708374023438
MCUCXR_0003_0,Montgomery,0,3,background_lossy,10,0.7142731220308789,0.0049819946289062,0.0083465576171875,0,0.0033645629882813003
MCUCXR_0003_0,Montgomery,0,3,all_lossy,10,1.0,0.0049819946289062,0.06573486328125,0,0.0607528686523438
MCUCXR_0003_0,Montgomery,0,3,lungs_lossy,30,0.2857268779691211,0.0049819946289062,0.0214080810546875,0,0.0164260864257813
MCUCXR_0003_0,Montgomery,0,3,background_lossy,30,0.7142731220308789,0.0049819946289062,0.0136871337890625,0,0.0087051391601563
MCUCXR_0003_0,Montgomery,0,3,all_lossy,30,1.0,0.0049819946289062,0.05224609375,0,0.0472640991210938
MCUCXR_0003_0,Montgomery,0,3,lungs_lossy,50,0.2857268779691211,0.0049819946289062,0.0048484802246093,0,0.00013351440429689929
MCUCXR_0003_0,Montgomery,0,3,background_lossy,50,0.7142731220308789,0.0049819946289062,0.0055122375488281,0,0.0005302429199219002
MCUCXR_0003_0,Montgomery,0,3,all_lossy,50,1.0,0.0049819946289062,0.0058441162109375,0,0.0008621215820313003
MCUCXR_0003_0,Montgomery,0,3,lungs_lossy,70,0.2857268779691211,0.0049819946289062,0.0057525634765625,0,0.0007705688476563003
MCUCXR_0003_0,Montgomery,0,3,background_lossy,70,0.7142731220308789,0.0049819946289062,0.0050392150878906,0,5.7220458984400153e-05
MCUCXR_0003_0,Montgomery,0,3,all_lossy,70,1.0,0.0049819946289062,0.0058670043945312,0,0.000885009765625
MCUCXR_0004_0,Montgomery,0,4,lungs_lossy,10,0.1989079201306413,0.034942626953125,0.17626953125,0,0.141326904296875
MCUCXR_0004_0,Montgomery,0,4,background_lossy,10,0.8010920798693587,0.034942626953125,0.044342041015625,0,0.0093994140625
MCUCXR_0004_0,Montgomery,0,4,all_lossy,10,1.0,0.034942626953125,0.2188720703125,0,0.183929443359375
MCUCXR_0004_0,Montgomery,0,4,lungs_lossy,30,0.1989079201306413,0.034942626953125,0.102294921875,0,0.067352294921875
MCUCXR_0004_0,Montgomery,0,4,background_lossy,30,0.8010920798693587,0.034942626953125,0.04107666015625,0,0.006134033203125
MCUCXR_0004_0,Montgomery,0,4,all_lossy,30,1.0,0.034942626953125,0.1019287109375,0,0.066986083984375
MCUCXR_0004_0,Montgomery,0,4,lungs_lossy,50,0.1989079201306413,0.034942626953125,0.042724609375,0,0.007781982421875
MCUCXR_0004_0,Montgomery,0,4,background_lossy,50,0.8010920798693587,0.034942626953125,0.037384033203125,0,0.00244140625
MCUCXR_0004_0,Montgomery,0,4,all_lossy,50,1.0,0.034942626953125,0.04327392578125,0,0.008331298828125
MCUCXR_0004_0,Montgomery,0,4,lungs_lossy,70,0.1989079201306413,0.034942626953125,0.03753662109375,0,0.002593994140625
MCUCXR_0004_0,Montgomery,0,4,background_lossy,70,0.8010920798693587,0.034942626953125,0.035064697265625,0,0.0001220703125
MCUCXR_0004_0,Montgomery,0,4,all_lossy,70,1.0,0.034942626953125,0.03704833984375,0,0.002105712890625
MCUCXR_0005_0,Montgomery,0,3,lungs_lossy,10,0.3387256903206651,0.37548828125,0.84814453125,1,0.47265625
MCUCXR_0005_0,Montgomery,0,3,background_lossy,10,0.661274309679335,0.37548828125,0.1805419921875,0,0.1949462890625
MCUCXR_0005_0,Montgomery,0,3,all_lossy,10,1.0,0.37548828125,0.75341796875,1,0.3779296875
MCUCXR_0005_0,Montgomery,0,3,lungs_lossy,30,0.3387256903206651,0.37548828125,0.80029296875,1,0.4248046875
MCUCXR_0005_0,Montgomery,0,3,background_lossy,30,0.661274309679335,0.37548828125,0.41015625,0,0.03466796875
MCUCXR_0005_0,Montgomery,0,3,all_lossy,30,1.0,0.37548828125,0.73583984375,1,0.3603515625
MCUCXR_0005_0,Montgomery,0,3,lungs_lossy,50,0.3387256903206651,0.37548828125,0.43310546875,0,0.0576171875
MCUCXR_0005_0,Montgomery,0,3,background_lossy,50,0.661274309679335,0.37548828125,0.330810546875,0,0.044677734375
MCUCXR_0005_0,Montgomery,0,3,all_lossy,50,1.0,0.37548828125,0.363525390625,0,0.011962890625
MCUCXR_0005_0,Montgomery,0,3,lungs_lossy,70,0.3387256903206651,0.37548828125,0.2919921875,0,0.08349609375
MCUCXR_0005_0,Montgomery,0,3,background_lossy,70,0.661274309679335,0.37548828125,0.329345703125,0,0.046142578125
MCUCXR_0005_0,Montgomery,0,3,all_lossy,70,1.0,0.37548828125,0.267578125,0,0.10791015625
MCUCXR_0006_0,Montgomery,0,4,lungs_lossy,10,0.232746622624703,0.0149002075195312,0.3017578125,0,0.2868576049804688
MCUCXR_0006_0,Montgomery,0,4,background_lossy,10,0.767253377375297,0.0149002075195312,0.0182952880859375,0,0.0033950805664063003
MCUCXR_0006_0,Montgomery,0,4,all_lossy,10,1.0,0.0149002075195312,0.36865234375,0,0.3537521362304688
MCUCXR_0006_0,Montgomery,0,4,lungs_lossy,30,0.232746622624703,0.0149002075195312,0.0987548828125,0,0.0838546752929688
MCUCXR_0006_0,Montgomery,0,4,background_lossy,30,0.767253377375297,0.0149002075195312,0.015838623046875,0,0.0009384155273438003
MCUCXR_0006_0,Montgomery,0,4,all_lossy,30,1.0,0.0149002075195312,0.09039306640625,0,0.0754928588867188
MCUCXR_0006_0,Montgomery,0,4,lungs_lossy,50,0.232746622624703,0.0149002075195312,0.03338623046875,0,0.0184860229492188
MCUCXR_0006_0,Montgomery,0,4,background_lossy,50,0.767253377375297,0.0149002075195312,0.014007568359375,0,0.0008926391601561997
MCUCXR_0006_0,Montgomery,0,4,all_lossy,50,1.0,0.0149002075195312,0.03277587890625,0,0.0178756713867188
MCUCXR_0006_0,Montgomery,0,4,lungs_lossy,70,0.232746622624703,0.0149002075195312,0.0173797607421875,0,0.0024795532226563003
MCUCXR_0006_0,Montgomery,0,4,background_lossy,70,0.767253377375297,0.0149002075195312,0.01495361328125,0,5.340576171880031e-05
MCUCXR_0006_0,Montgomery,0,4,all_lossy,70,1.0,0.0149002075195312,0.0179901123046875,0,0.0030899047851563003
MCUCXR_0008_0,Montgomery,0,3,lungs_lossy,10,0.2930847312945368,0.740234375,0.90234375,0,0.162109375
MCUCXR_0008_0,Montgomery,0,3,background_lossy,10,0.7069152687054632,0.740234375,0.396484375,1,0.34375
MCUCXR_0008_0,Montgomery,0,3,all_lossy,10,1.0,0.740234375,0.66943359375,0,0.07080078125
MCUCXR_0008_0,Montgomery,0,3,lungs_lossy,30,0.2930847312945368,0.740234375,0.92138671875,0,0.18115234375
MCUCXR_0008_0,Montgomery,0,3,background_lossy,30,0.7069152687054632,0.740234375,0.439697265625,1,0.300537109375
MCUCXR_0008_0,Montgomery,0,3,all_lossy,30,1.0,0.740234375,0.69091796875,0,0.04931640625
MCUCXR_0008_0,Montgomery,0,3,lungs_lossy,50,0.2930847312945368,0.740234375,0.87109375,0,0.130859375
MCUCXR_0008_0,Montgomery,0,3,background_lossy,50,0.7069152687054632,0.740234375,0.485595703125,1,0.254638671875
MCUCXR_0008_0,Montgomery,0,3,all_lossy,50,1.0,0.740234375,0.66796875,0,0.072265625
MCUCXR_0008_0,Montgomery,0,3,lungs_lossy,70,0.2930847312945368,0.740234375,0.80029296875,0,0.06005859375
MCUCXR_0008_0,Montgomery,0,3,background_lossy,70,0.7069152687054632,0.740234375,0.64306640625,0,0.09716796875
MCUCXR_0008_0,Montgomery,0,3,all_lossy,70,1.0,0.740234375,0.72412109375,0,0.01611328125
MCUCXR_0011_0,Montgomery,0,3,lungs_lossy,10,0.288816619655582,0.47021484375,0.9892578125,1,0.51904296875
MCUCXR_0011_0,Montgomery,0,3,background_lossy,10,0.7111833803444181,0.47021484375,0.270263671875,0,0.199951171875
MCUCXR_0011_0,Montgomery,0,3,all_lossy,10,1.0,0.47021484375,0.9013671875,1,0.43115234375
MCUCXR_0011_0,Montgomery,0,3,lungs_lossy,30,0.288816619655582,0.47021484375,0.90673828125,1,0.4365234375
MCUCXR_0011_0,Montgomery,0,3,background_lossy,30,0.7111833803444181,0.47021484375,0.374267578125,0,0.095947265625
MCUCXR_0011_0,Montgomery,0,3,all_lossy,30,1.0,0.47021484375,0.79931640625,1,0.3291015625
MCUCXR_0011_0,Montgomery,0,3,lungs_lossy,50,0.288816619655582,0.47021484375,0.537109375,1,0.06689453125
MCUCXR_0011_0,Montgomery,0,3,background_lossy,50,0.7111833803444181,0.47021484375,0.407470703125,0,0.062744140625
MCUCXR_0011_0,Montgomery,0,3,all_lossy,50,1.0,0.47021484375,0.491455078125,0,0.021240234375
MCUCXR_0011_0,Montgomery,0,3,lungs_lossy,70,0.288816619655582,0.47021484375,0.43603515625,0,0.0341796875
MCUCXR_0011_0,Montgomery,0,3,background_lossy,70,0.7111833803444181,0.47021484375,0.429443359375,0,0.040771484375
MCUCXR_0011_0,Montgomery,0,3,all_lossy,70,1.0,0.47021484375,0.39501953125,0,0.0751953125
MCUCXR_0013_0,Montgomery,0,3,lungs_lossy,10,0.2448829052850356,0.0192413330078125,0.1661376953125,0,0.1468963623046875
MCUCXR_0013_0,Montgomery,0,3,background_lossy,10,0.7551170947149644,0.0192413330078125,0.02484130859375,0,0.0055999755859375
MCUCXR_0013_0,Montgomery,0,3,all_lossy,10,1.0,0.0192413330078125,0.1298828125,0,0.1106414794921875
MCUCXR_0013_0,Montgomery,0,3,lungs_lossy,30,0.2448829052850356,0.0192413330078125,0.060089111328125,0,0.0408477783203125
MCUCXR_0013_0,Montgomery,0,3,background_lossy,30,0.7551170947149644,0.0192413330078125,0.022369384765625,0,0.0031280517578125
MCUCXR_0013_0,Montgomery,0,3,all_lossy,30,1.0,0.0192413330078125,0.040771484375,0,0.0215301513671875
MCUCXR_0013_0,Montgomery,0,3,lungs_lossy,50,0.2448829052850356,0.0192413330078125,0.01971435546875,0,0.0004730224609375
MCUCXR_0013_0,Montgomery,0,3,background_lossy,50,0.7551170947149644,0.0192413330078125,0.0134811401367187,0,0.0057601928710938
MCUCXR_0013_0,Montgomery,0,3,all_lossy,50,1.0,0.0192413330078125,0.0145034790039062,0,0.0047378540039063
MCUCXR_0013_0,Montgomery,0,3,lungs_lossy,70,0.2448829052850356,0.0192413330078125,0.015899658203125,0,0.0033416748046875
MCUCXR_0013_0,Montgomery,0,3,background_lossy,70,0.7551170947149644,0.0192413330078125,0.0151290893554687,0,0.0041122436523438
MCUCXR_0013_0,Montgomery,0,3,all_lossy,70,1.0,0.0192413330078125,0.0140609741210937,0,0.0051803588867188
MCUCXR_0015_0,Montgomery,0,0,lungs_lossy,10,0.3279255121733966,0.0001686811447143,0.6513671875,1,0.6511985063552856
MCUCXR_0015_0,Montgomery,0,0,background_lossy,10,0.6720744878266034,0.0001686811447143,0.0001205205917358,0,4.816055297850001e-05
MCUCXR_0015_0,Montgomery,0,0,all_lossy,10,1.0,0.0001686811447143,0.54296875,1,0.5428000688552856
MCUCXR_0015_0,Montgomery,0,0,lungs_lossy,30,0.3279255121733966,0.0001686811447143,0.134033203125,0,0.1338645219802857
MCUCXR_0015_0,Montgomery,0,0,background_lossy,30,0.6720744878266034,0.0001686811447143,0.0001499652862548,0,1.8715858459500005e-05
MCUCXR_0015_0,Montgomery,0,0,all_lossy,30,1.0,0.0001686811447143,0.0472412109375,0,0.0470725297927857
MCUCXR_0015_0,Montgomery,0,0,lungs_lossy,50,0.3279255121733966,0.0001686811447143,0.0010566711425781,0,0.0008879899978638001
MCUCXR_0015_0,Montgomery,0,0,background_lossy,50,0.6720744878266034,0.0001686811447143,7.086992263793945e-05,0,9.781122207636056e-05
MCUCXR_0015_0,Montgomery,0,0,all_lossy,50,1.0,0.0001686811447143,0.0003054141998291,0,0.00013673305511479998
MCUCXR_0015_0,Montgomery,0,0,lungs_lossy,70,0.3279255121733966,0.0001686811447143,0.0002825260162353,0,0.000113844871521
MCUCXR_0015_0,Montgomery,0,0,background_lossy,70,0.6720744878266034,0.0001686811447143,0.0001273155212402,0,4.1365623474100006e-05
MCUCXR_0015_0,Montgomery,0,0,all_lossy,70,1.0,0.0001686811447143,0.0002002716064453,0,3.159046173099999e-05
MCUCXR_0016_0,Montgomery,0,2,lungs_lossy,10,0.2615192621733966,0.0087127685546875,0.2310791015625,0,0.2223663330078125
MCUCXR_0016_0,Montgomery,0,2,background_lossy,10,0.7384807378266034,0.0087127685546875,0.16015625,0,0.1514434814453125
MCUCXR_0016_0,Montgomery,0,2,all_lossy,10,1.0,0.0087127685546875,0.7314453125,1,0.7227325439453125
MCUCXR_0016_0,Montgomery,0,2,lungs_lossy,30,0.2615192621733966,0.0087127685546875,0.10394287109375,0,0.0952301025390625
MCUCXR_0016_0,Montgomery,0,2,background_lossy,30,0.7384807378266034,0.0087127685546875,0.060302734375,0,0.0515899658203125
MCUCXR_0016_0,Montgomery,0,2,all_lossy,30,1.0,0.0087127685546875,0.45654296875,0,0.4478302001953125
MCUCXR_0016_0,Montgomery,0,2,lungs_lossy,50,0.2615192621733966,0.0087127685546875,0.035003662109375,0,0.0262908935546875
MCUCXR_0016_0,Montgomery,0,2,background_lossy,50,0.7384807378266034,0.0087127685546875,0.0142822265625,0,0.0055694580078125
MCUCXR_0016_0,Montgomery,0,2,all_lossy,50,1.0,0.0087127685546875,0.052032470703125,0,0.0433197021484375
MCUCXR_0016_0,Montgomery,0,2,lungs_lossy,70,0.2615192621733966,0.0087127685546875,0.0113754272460937,0,0.0026626586914061997
MCUCXR_0016_0,Montgomery,0,2,background_lossy,70,0.7384807378266034,0.0087127685546875,0.0093002319335937,0,0.0005874633789061997
MCUCXR_0016_0,Montgomery,0,2,all_lossy,70,1.0,0.0087127685546875,0.01214599609375,0,0.0034332275390625
MCUCXR_0017_0,Montgomery,0,4,lungs_lossy,10,0.1809864904988123,0.055206298828125,0.393798828125,0,0.338592529296875
MCUCXR_0017_0,Montgomery,0,4,background_lossy,10,0.8190135095011877,0.055206298828125,0.06634521484375,0,0.011138916015625
MCUCXR_0017_0,Montgomery,0,4,all_lossy,10,1.0,0.055206298828125,0.422119140625,0,0.366912841796875
MCUCXR_0017_0,Montgomery,0,4,lungs_lossy,30,0.1809864904988123,0.055206298828125,0.09844970703125,0,0.043243408203125
MCUCXR_0017_0,Montgomery,0,4,background_lossy,30,0.8190135095011877,0.055206298828125,0.0567626953125,0,0.001556396484375
MCUCXR_0017_0,Montgomery,0,4,all_lossy,30,1.0,0.055206298828125,0.10211181640625,0,0.046905517578125
MCUCXR_0017_0,Montgomery,0,4,lungs_lossy,50,0.1809864904988123,0.055206298828125,0.06842041015625,0,0.013214111328125
MCUCXR_0017_0,Montgomery,0,4,background_lossy,50,0.8190135095011877,0.055206298828125,0.0634765625,0,0.008270263671875
MCUCXR_0017_0,Montgomery,0,4,all_lossy,50,1.0,0.055206298828125,0.07989501953125,0,0.024688720703125
MCUCXR_0017_0,Montgomery,0,4,lungs_lossy,70,0.1809864904988123,0.055206298828125,0.048858642578125,0,0.00634765625
MCUCXR_0017_0,Montgomery,0,4,background_lossy,70,0.8190135095011877,0.055206298828125,0.061309814453125,0,0.006103515625
MCUCXR_0017_0,Montgomery,0,4,all_lossy,70,1.0,0.055206298828125,0.054290771484375,0,0.00091552734375
MCUCXR_0019_0,Montgomery,0,3,lungs_lossy,10,0.3191573263064133,0.1326904296875,0.66259765625,1,0.5299072265625
MCUCXR_0019_0,Montgomery,0,3,background_lossy,10,0.6808426736935866,0.1326904296875,0.085693359375,0,0.0469970703125
MCUCXR_0019_0,Montgomery,0,3,all_lossy,10,1.0,0.1326904296875,0.4375,0,0.3048095703125
MCUCXR_0019_0,Montgomery,0,3,lungs_lossy,30,0.3191573263064133,0.1326904296875,0.8642578125,1,0.7315673828125
MCUCXR_0019_0,Montgomery,0,3,background_lossy,30,0.6808426736935866,0.1326904296875,0.114990234375,0,0.0177001953125
MCUCXR_0019_0,Montgomery,0,3,all_lossy,30,1.0,0.1326904296875,0.58447265625,1,0.4517822265625
MCUCXR_0019_0,Montgomery,0,3,lungs_lossy,50,0.3191573263064133,0.1326904296875,0.26416015625,0,0.1314697265625
MCUCXR_0019_0,Montgomery,0,3,background_lossy,50,0.6808426736935866,0.1326904296875,0.08343505859375,0,0.04925537109375
MCUCXR_0019_0,Montgomery,0,3,all_lossy,50,1.0,0.1326904296875,0.149169921875,0,0.0164794921875
MCUCXR_0019_0,Montgomery,0,3,lungs_lossy,70,0.3191573263064133,0.1326904296875,0.163818359375,0,0.0311279296875
MCUCXR_0019_0,Montgomery,0,3,background_lossy,70,0.6808426736935866,0.1326904296875,0.0987548828125,0,0.033935546875
MCUCXR_0019_0,Montgomery,0,3,all_lossy,70,1.0,0.1326904296875,0.127197265625,0,0.0054931640625
MCUCXR_0020_0,Montgomery,0,2,lungs_lossy,10,0.3017322966152019,0.0053443908691406,0.295654296875,0,0.2903099060058594
MCUCXR_0020_0,Montgomery,0,2,background_lossy,10,0.6982677033847982,0.0053443908691406,0.0024433135986328,0,0.0029010772705078
MCUCXR_0020_0,Montgomery,0,2,all_lossy,10,1.0,0.0053443908691406,0.39599609375,0,0.3906517028808594
MCUCXR_0020_0,Montgomery,0,2,lungs_lossy,30,0.3017322966152019,0.0053443908691406,0.3134765625,0,0.3081321716308594
MCUCXR_0020_0,Montgomery,0,2,background_lossy,30,0.6982677033847982,0.0053443908691406,0.0083160400390625,0,0.0029716491699219
MCUCXR_0020_0,Montgomery,0,2,all_lossy,30,1.0,0.0053443908691406,0.304931640625,0,0.2995872497558594
MCUCXR_0020_0,Montgomery,0,2,lungs_lossy,50,0.3017322966152019,0.0053443908691406,0.013275146484375,0,0.0079307556152344
MCUCXR_0020_0,Montgomery,0,2,background_lossy,50,0.6982677033847982,0.0053443908691406,0.0128707885742187,0,0.0075263977050781
MCUCXR_0020_0,Montgomery,0,2,all_lossy,50,1.0,0.0053443908691406,0.03125,0,0.0259056091308594
MCUCXR_0020_0,Montgomery,0,2,lungs_lossy,70,0.3017322966152019,0.0053443908691406,0.0087127685546875,0,0.0033683776855469
MCUCXR_0020_0,Montgomery,0,2,background_lossy,70,0.6982677033847982,0.0053443908691406,0.0060958862304687,0,0.0007514953613280998
MCUCXR_0020_0,Montgomery,0,2,all_lossy,70,1.0,0.0053443908691406,0.0107345581054687,0,0.0053901672363281
MCUCXR_0021_0,Montgomery,0,0,lungs_lossy,10,0.2701111564726841,0.044525146484375,0.66845703125,1,0.623931884765625
MCUCXR_0021_0,Montgomery,0,0,background_lossy,10,0.7298888435273159,0.044525146484375,0.01971435546875,0,0.024810791015625
MCUCXR_0021_0,Montgomery,0,0,all_lossy,10,1.0,0.044525146484375,0.7568359375,1,0.712310791015625
MCUCXR_0021_0,Montgomery,0,0,lungs_lossy,30,0.2701111564726841,0.044525146484375,0.9228515625,1,0.878326416015625
MCUCXR_0021_0,Montgomery,0,0,background_lossy,30,0.7298888435273159,0.044525146484375,0.0247955322265625,0,0.0197296142578125
MCUCXR_0021_0,Montgomery,0,0,all_lossy,30,1.0,0.044525146484375,0.8740234375,1,0.829498291015625
MCUCXR_0021_0,Montgomery,0,0,lungs_lossy,50,0.2701111564726841,0.044525146484375,0.089599609375,0,0.045074462890625
MCUCXR_0021_0,Montgomery,0,0,background_lossy,50,0.7298888435273159,0.044525146484375,0.0282745361328125,0,0.0162506103515625
MCUCXR_0021_0,Montgomery,0,0,all_lossy,50,1.0,0.044525146484375,0.06524658203125,0,0.020721435546875
MCUCXR_0021_0,Montgomery,0,0,lungs_lossy,70,0.2701111564726841,0.044525146484375,0.0345458984375,0,0.009979248046875
MCUCXR_0021_0,Montgomery,0,0,background_lossy,70,0.7298888435273159,0.044525146484375,0.045257568359375,0,0.000732421875
MCUCXR_0021_0,Montgomery,0,0,all_lossy,70,1.0,0.044525146484375,0.03302001953125,0,0.011505126953125
MCUCXR_0022_0,Montgomery,0,4,lungs_lossy,10,0.4412160406769596,0.275390625,0.7470703125,1,0.4716796875
MCUCXR_0022_0,Montgomery,0,4,background_lossy,10,0.5587839593230404,0.275390625,0.268798828125,0,0.006591796875
MCUCXR_0022_0,Montgomery,0,4,all_lossy,10,1.0,0.275390625,0.60693359375,1,0.33154296875
MCUCXR_0022_0,Montgomery,0,4,lungs_lossy,30,0.4412160406769596,0.275390625,0.63427734375,1,0.35888671875
MCUCXR_0022_0,Montgomery,0,4,background_lossy,30,0.5587839593230404,0.275390625,0.27294921875,0,0.00244140625
MCUCXR_0022_0,Montgomery,0,4,all_lossy,30,1.0,0.275390625,0.52685546875,1,0.25146484375
MCUCXR_0022_0,Montgomery,0,4,lungs_lossy,50,0.4412160406769596,0.275390625,0.445068359375,0,0.169677734375
MCUCXR_0022_0,Montgomery,0,4,background_lossy,50,0.5587839593230404,0.275390625,0.293212890625,0,0.017822265625
MCUCXR_0022_0,Montgomery,0,4,all_lossy,50,1.0,0.275390625,0.45703125,0,0.181640625
MCUCXR_0022_0,Montgomery,0,4,lungs_lossy,70,0.4412160406769596,0.275390625,0.298583984375,0,0.023193359375
MCUCXR_0022_0,Montgomery,0,4,background_lossy,70,0.5587839593230404,0.275390625,0.276611328125,0,0.001220703125
MCUCXR_0022_0,Montgomery,0,4,all_lossy,70,1.0,0.275390625,0.2978515625,0,0.0224609375
MCUCXR_0023_0,Montgomery,0,1,lungs_lossy,10,0.4213043720308788,0.2265625,0.93408203125,1,0.70751953125
MCUCXR_0023_0,Montgomery,0,1,background_lossy,10,0.5786956279691211,0.2265625,0.30859375,0,0.08203125
MCUCXR_0023_0,Montgomery,0,1,all_lossy,10,1.0,0.2265625,0.95068359375,1,0.72412109375
MCUCXR_0023_0,Montgomery,0,1,lungs_lossy,30,0.4213043720308788,0.2265625,0.9384765625,1,0.7119140625
MCUCXR_0023_0,Montgomery,0,1,background_lossy,30,0.5786956279691211,0.2265625,0.1627197265625,0,0.0638427734375
MCUCXR_0023_0,Montgomery,0,1,all_lossy,30,1.0,0.2265625,0.92041015625,1,0.69384765625
MCUCXR_0023_0,Montgomery,0,1,lungs_lossy,50,0.4213043720308788,0.2265625,0.501953125,1,0.275390625
MCUCXR_0023_0,Montgomery,0,1,background_lossy,50,0.5786956279691211,0.2265625,0.206298828125,0,0.020263671875
MCUCXR_0023_0,Montgomery,0,1,all_lossy,50,1.0,0.2265625,0.464111328125,0,0.237548828125
MCUCXR_0023_0,Montgomery,0,1,lungs_lossy,70,0.4213043720308788,0.2265625,0.27978515625,0,0.05322265625
MCUCXR_0023_0,Montgomery,0,1,background_lossy,70,0.5786956279691211,0.2265625,0.2264404296875,0,0.0001220703125
MCUCXR_0023_0,Montgomery,0,1,all_lossy,70,1.0,0.2265625,0.28076171875,0,0.05419921875
MCUCXR_0024_0,Montgomery,0,0,lungs_lossy,10,0.2018074524940617,0.008575439453125,0.58984375,1,0.581268310546875
MCUCXR_0024_0,Montgomery,0,0,background_lossy,10,0.7981925475059383,0.008575439453125,0.0008392333984375,0,0.0077362060546875
MCUCXR_0024_0,Montgomery,0,0,all_lossy,10,1.0,0.008575439453125,0.77099609375,1,0.762420654296875
MCUCXR_0024_0,Montgomery,0,0,lungs_lossy,30,0.2018074524940617,0.008575439453125,0.362060546875,0,0.353485107421875
MCUCXR_0024_0,Montgomery,0,0,background_lossy,30,0.7981925475059383,0.008575439453125,0.0046653747558593,0,0.0039100646972657
MCUCXR_0024_0,Montgomery,0,0,all_lossy,30,1.0,0.008575439453125,0.383056640625,0,0.374481201171875
MCUCXR_0024_0,Montgomery,0,0,lungs_lossy,50,0.2018074524940617,0.008575439453125,0.03955078125,0,0.030975341796875
MCUCXR_0024_0,Montgomery,0,0,background_lossy,50,0.7981925475059383,0.008575439453125,0.0051383972167968,0,0.0034370422363281996
MCUCXR_0024_0,Montgomery,0,0,all_lossy,50,1.0,0.008575439453125,0.033538818359375,0,0.02496337890625
MCUCXR_0024_0,Montgomery,0,0,lungs_lossy,70,0.2018074524940617,0.008575439453125,0.0163421630859375,0,0.0077667236328125
MCUCXR_0024_0,Montgomery,0,0,background_lossy,70,0.7981925475059383,0.008575439453125,0.00787353515625,0,0.000701904296875
MCUCXR_0024_0,Montgomery,0,0,all_lossy,70,1.0,0.008575439453125,0.014556884765625,0,0.0059814453125
MCUCXR_0026_0,Montgomery,0,3,lungs_lossy,10,0.1999192770190023,0.011962890625,0.05126953125,0,0.039306640625
MCUCXR_0026_0,Montgomery,0,3,background_lossy,10,0.8000807229809976,0.011962890625,0.0030269622802734,0,0.0089359283447266
MCUCXR_0026_0,Montgomery,0,3,all_lossy,10,1.0,0.011962890625,0.0130691528320312,0,0.0011062622070311997
MCUCXR_0026_0,Montgomery,0,3,lungs_lossy,30,0.1999192770190023,0.011962890625,0.024139404296875,0,0.012176513671875
MCUCXR_0026_0,Montgomery,0,3,background_lossy,30,0.8000807229809976,0.011962890625,0.0042152404785156,0,0.0077476501464844
MCUCXR_0026_0,Montgomery,0,3,all_lossy,30,1.0,0.011962890625,0.0089492797851562,0,0.0030136108398438003
MCUCXR_0026_0,Montgomery,0,3,lungs_lossy,50,0.1999192770190023,0.011962890625,0.019866943359375,0,0.007904052734375
MCUCXR_0026_0,Montgomery,0,3,background_lossy,50,0.8000807229809976,0.011962890625,0.0075759887695312,0,0.0043869018554688
MCUCXR_0026_0,Montgomery,0,3,all_lossy,50,1.0,0.011962890625,0.012969970703125,0,0.001007080078125
MCUCXR_0026_0,Montgomery,0,3,lungs_lossy,70,0.1999192770190023,0.011962890625,0.012481689453125,0,0.000518798828125
MCUCXR_0026_0,Montgomery,0,3,background_lossy,70,0.8000807229809976,0.011962890625,0.0088119506835937,0,0.0031509399414063003
MCUCXR_0026_0,Montgomery,0,3,all_lossy,70,1.0,0.011962890625,0.0097427368164062,0,0.0022201538085938003
MCUCXR_0027_0,Montgomery,0,0,lungs_lossy,10,0.2446091894299287,0.0005769729614257,0.93994140625,1,0.9393644332885743
MCUCXR_0027_0,Montgomery,0,0,background_lossy,10,0.7553908105700713,0.0005769729614257,0.0004935264587402,0,8.344650268550004e-05
MCUCXR_0027_0,Montgomery,0,0,all_lossy,10,1.0,0.0005769729614257,0.955078125,1,0.9545011520385743
MCUCXR_0027_0,Montgomery,0,0,lungs_lossy,30,0.2446091894299287,0.0005769729614257,0.11395263671875,0,0.1133756637573243
MCUCXR_0027_0,Montgomery,0,0,background_lossy,30,0.7553908105700713,0.0005769729614257,0.0007319450378417,0,0.0001549720764159999
MCUCXR_0027_0,Montgomery,0,0,all_lossy,30,1.0,0.0005769729614257,0.0701904296875,0,0.0696134567260743
MCUCXR_0027_0,Montgomery,0,0,lungs_lossy,50,0.2446091894299287,0.0005769729614257,0.0048294067382812,0,0.0042524337768555
MCUCXR_0027_0,Montgomery,0,0,background_lossy,50,0.7553908105700713,0.0005769729614257,0.0006904602050781,0,0.00011348724365239991
MCUCXR_0027_0,Montgomery,0,0,all_lossy,50,1.0,0.0005769729614257,0.0057296752929687,0,0.005152702331543
MCUCXR_0027_0,Montgomery,0,0,lungs_lossy,70,0.2446091894299287,0.0005769729614257,0.0005726814270019,0,4.291534423800044e-06
MCUCXR_0027_0,Montgomery,0,0,background_lossy,70,0.7553908105700713,0.0005769729614257,0.0005092620849609,0,6.771087646480006e-05
MCUCXR_0027_0,Montgomery,0,0,all_lossy,70,1.0,0.0005769729614257,0.0005593299865722,0,1.7642974853500012e-05
MCUCXR_0028_0,Montgomery,0,0,lungs_lossy,10,0.2071565097980997,0.0073738098144531,0.98779296875,1,0.9804191589355469
MCUCXR_0028_0,Montgomery,0,0,background_lossy,10,0.7928434902019003,0.0073738098144531,0.0007672309875488,0,0.0066065788269042995
MCUCXR_0028_0,Montgomery,0,0,all_lossy,10,1.0,0.0073738098144531,0.94921875,1,0.9418449401855469
MCUCXR_0028_0,Montgomery,0,0,lungs_lossy,30,0.2071565097980997,0.0073738098144531,0.8759765625,1,0.8686027526855469
MCUCXR_0028_0,Montgomery,0,0,background_lossy,30,0.7928434902019003,0.0073738098144531,0.001173973083496,0,0.0061998367309571
MCUCXR_0028_0,Montgomery,0,0,all_lossy,30,1.0,0.0073738098144531,0.53466796875,1,0.5272941589355469
MCUCXR_0028_0,Montgomery,0,0,lungs_lossy,50,0.2071565097980997,0.0073738098144531,0.0413818359375,0,0.0340080261230469
MCUCXR_0028_0,Montgomery,0,0,background_lossy,50,0.7928434902019003,0.0073738098144531,0.001530647277832,0,0.0058431625366211
MCUCXR_0028_0,Montgomery,0,0,all_lossy,50,1.0,0.0073738098144531,0.008880615234375,0,0.0015068054199219002
MCUCXR_0028_0,Montgomery,0,0,lungs_lossy,70,0.2071565097980997,0.0073738098144531,0.0073471069335937,0,2.6702880859400153e-05
MCUCXR_0028_0,Montgomery,0,0,background_lossy,70,0.7928434902019003,0.0073738098144531,0.0033626556396484,0,0.0040111541748047
MCUCXR_0028_0,Montgomery,0,0,all_lossy,70,1.0,0.0073738098144531,0.0035934448242187,0,0.0037803649902343997
MCUCXR_0029_0,Montgomery,0,3,lungs_lossy,10,0.2769354958432304,0.001896858215332,0.0077247619628906,0,0.0058279037475586
MCUCXR_0029_0,Montgomery,0,3,background_lossy,10,0.7230645041567696,0.001896858215332,0.0017890930175781,0,0.00010776519775389996
MCUCXR_0029_0,Montgomery,0,3,all_lossy,10,1.0,0.001896858215332,0.0227203369140625,0,0.0208234786987305
MCUCXR_0029_0,Montgomery,0,3,lungs_lossy,30,0.2769354958432304,0.001896858215332,0.0082855224609375,0,0.0063886642456055
MCUCXR_0029_0,Montgomery,0,3,background_lossy,30,0.7230645041567696,0.001896858215332,0.0025405883789062,0,0.0006437301635742001
MCUCXR_0029_0,Montgomery,0,3,all_lossy,30,1.0,0.001896858215332,0.010650634765625,0,0.008753776550293
MCUCXR_0029_0,Montgomery,0,3,lungs_lossy,50,0.2769354958432304,0.001896858215332,0.0030517578125,0,0.001154899597168
MCUCXR_0029_0,Montgomery,0,3,background_lossy,50,0.7230645041567696,0.001896858215332,0.0019874572753906,0,9.059906005859982e-05
MCUCXR_0029_0,Montgomery,0,3,all_lossy,50,1.0,0.001896858215332,0.003580093383789,0,0.001683235168457
MCUCXR_0029_0,Montgomery,0,3,lungs_lossy,70,0.2769354958432304,0.001896858215332,0.0016288757324218,0,0.00026798248291020005
MCUCXR_0029_0,Montgomery,0,3,background_lossy,70,0.7230645041567696,0.001896858215332,0.0015192031860351,0,0.00037765502929689994
MCUCXR_0029_0,Montgomery,0,3,all_lossy,70,1.0,0.001896858215332,0.0013198852539062,0,0.0005769729614258001
MCUCXR_0030_0,Montgomery,0,2,lungs_lossy,10,0.378808825712589,0.317138671875,0.8251953125,1,0.508056640625
MCUCXR_0030_0,Montgomery,0,2,background_lossy,10,0.621191174287411,0.317138671875,0.1505126953125,0,0.1666259765625
MCUCXR_0030_0,Montgomery,0,2,all_lossy,10,1.0,0.317138671875,0.64794921875,1,0.330810546875
MCUCXR_0030_0,Montgomery,0,2,lungs_lossy,30,0.378808825712589,0.317138671875,0.78173828125,1,0.464599609375
MCUCXR_0030_0,Montgomery,0,2,background_lossy,30,0.621191174287411,0.317138671875,0.28369140625,0,0.033447265625
MCUCXR_0030_0,Montgomery,0,2,all_lossy,30,1.0,0.317138671875,0.67724609375,1,0.360107421875
MCUCXR_0030_0,Montgomery,0,2,lungs_lossy,50,0.378808825712589,0.317138671875,0.47412109375,0,0.156982421875
MCUCXR_0030_0,Montgomery,0,2,background_lossy,50,0.621191174287411,0.317138671875,0.270751953125,0,0.04638671875
MCUCXR_0030_0,Montgomery,0,2,all_lossy,50,1.0,0.317138671875,0.395751953125,0,0.07861328125
MCUCXR_0030_0,Montgomery,0,2,lungs_lossy,70,0.378808825712589,0.317138671875,0.252685546875,0,0.064453125
MCUCXR_0030_0,Montgomery,0,2,background_lossy,70,0.621191174287411,0.317138671875,0.33544921875,0,0.018310546875
MCUCXR_0030_0,Montgomery,0,2,all_lossy,70,1.0,0.317138671875,0.271240234375,0,0.0458984375
MCUCXR_0031_0,Montgomery,0,0,lungs_lossy,10,0.3859718304631829,0.544921875,0.99951171875,0,0.45458984375
MCUCXR_0031_0,Montgomery,0,0,background_lossy,10,0.614028169536817,0.544921875,0.417724609375,1,0.127197265625
MCUCXR_0031_0,Montgomery,0,0,all_lossy,10,1.0,0.544921875,0.99951171875,0,0.45458984375
MCUCXR_0031_0,Montgomery,0,0,lungs_lossy,30,0.3859718304631829,0.544921875,0.99560546875,0,0.45068359375
MCUCXR_0031_0,Montgomery,0,0,background_lossy,30,0.614028169536817,0.544921875,0.390869140625,1,0.154052734375
MCUCXR_0031_0,Montgomery,0,0,all_lossy,30,1.0,0.544921875,0.986328125,0,0.44140625
MCUCXR_0031_0,Montgomery,0,0,lungs_lossy,50,0.3859718304631829,0.544921875,0.873046875,0,0.328125
MCUCXR_0031_0,Montgomery,0,0,background_lossy,50,0.614028169536817,0.544921875,0.29931640625,1,0.24560546875
MCUCXR_0031_0,Montgomery,0,0,all_lossy,50,1.0,0.544921875,0.626953125,0,0.08203125
MCUCXR_0031_0,Montgomery,0,0,lungs_lossy,70,0.3859718304631829,0.544921875,0.61279296875,0,0.06787109375
MCUCXR_0031_0,Montgomery,0,0,background_lossy,70,0.614028169536817,0.544921875,0.50048828125,0,0.04443359375
MCUCXR_0031_0,Montgomery,0,0,all_lossy,70,1.0,0.544921875,0.564453125,0,0.01953125
MCUCXR_0035_0,Montgomery,0,3,lungs_lossy,10,0.2929873070071259,0.039703369140625,0.6376953125,1,0.597991943359375
MCUCXR_0035_0,Montgomery,0,3,background_lossy,10,0.7070126929928742,0.039703369140625,0.0124282836914062,0,0.0272750854492188
MCUCXR_0035_0,Montgomery,0,3,all_lossy,10,1.0,0.039703369140625,0.1669921875,0,0.127288818359375
MCUCXR_0035_0,Montgomery,0,3,lungs_lossy,30,0.2929873070071259,0.039703369140625,0.439453125,0,0.399749755859375
MCUCXR_0035_0,Montgomery,0,3,background_lossy,30,0.7070126929928742,0.039703369140625,0.036834716796875,0,0.00286865234375
MCUCXR_0035_0,Montgomery,0,3,all_lossy,30,1.0,0.039703369140625,0.230224609375,0,0.190521240234375
MCUCXR_0035_0,Montgomery,0,3,lungs_lossy,50,0.2929873070071259,0.039703369140625,0.06878662109375,0,0.029083251953125
MCUCXR_0035_0,Montgomery,0,3,background_lossy,50,0.7070126929928742,0.039703369140625,0.030792236328125,0,0.0089111328125
MCUCXR_0035_0,Montgomery,0,3,all_lossy,50,1.0,0.039703369140625,0.0457763671875,0,0.006072998046875
MCUCXR_0035_0,Montgomery,0,3,lungs_lossy,70,0.2929873070071259,0.039703369140625,0.0413818359375,0,0.001678466796875
MCUCXR_0035_0,Montgomery,0,3,background_lossy,70,0.7070126929928742,0.039703369140625,0.0341796875,0,0.005523681640625
MCUCXR_0035_0,Montgomery,0,3,all_lossy,70,1.0,0.039703369140625,0.0345458984375,0,0.005157470703125
MCUCXR_0038_0,Montgomery,0,3,lungs_lossy,10,0.3080787930522565,0.30126953125,0.814453125,1,0.51318359375
MCUCXR_0038_0,Montgomery,0,3,background_lossy,10,0.6919212069477434,0.30126953125,0.10760498046875,0,0.19366455078125
MCUCXR_0038_0,Montgomery,0,3,all_lossy,10,1.0,0.30126953125,0.630859375,1,0.32958984375
MCUCXR_0038_0,Montgomery,0,3,lungs_lossy,30,0.3080787930522565,0.30126953125,0.75,1,0.44873046875
MCUCXR_0038_0,Montgomery,0,3,background_lossy,30,0.6919212069477434,0.30126953125,0.1766357421875,0,0.1246337890625
MCUCXR_0038_0,Montgomery,0,3,all_lossy,30,1.0,0.30126953125,0.509765625,1,0.20849609375
MCUCXR_0038_0,Montgomery,0,3,lungs_lossy,50,0.3080787930522565,0.30126953125,0.38232421875,0,0.0810546875
MCUCXR_0038_0,Montgomery,0,3,background_lossy,50,0.6919212069477434,0.30126953125,0.2841796875,0,0.01708984375
MCUCXR_0038_0,Montgomery,0,3,all_lossy,50,1.0,0.30126953125,0.303955078125,0,0.002685546875
MCUCXR_0038_0,Montgomery,0,3,lungs_lossy,70,0.3080787930522565,0.30126953125,0.27099609375,0,0.0302734375
MCUCXR_0038_0,Montgomery,0,3,background_lossy,70,0.6919212069477434,0.30126953125,0.263671875,0,0.03759765625
MCUCXR_0038_0,Montgomery,0,3,all_lossy,70,1.0,0.30126953125,0.2298583984375,0,0.0714111328125
MCUCXR_0040_0,Montgomery,0,3,lungs_lossy,10,0.3039869729809976,0.5400390625,0.67626953125,0,0.13623046875
MCUCXR_0040_0,Montgomery,0,3,background_lossy,10,0.6960130270190024,0.5400390625,0.5029296875,0,0.037109375
MCUCXR_0040_0,Montgomery,0,3,all_lossy,10,1.0,0.5400390625,0.7744140625,0,0.234375
MCUCXR_0040_0,Montgomery,0,3,lungs_lossy,30,0.3039869729809976,0.5400390625,0.859375,0,0.3193359375
MCUCXR_0040_0,Montgomery,0,3,background_lossy,30,0.6960130270190024,0.5400390625,0.54443359375,0,0.00439453125
MCUCXR_0040_0,Montgomery,0,3,all_lossy,30,1.0,0.5400390625,0.90625,0,0.3662109375
MCUCXR_0040_0,Montgomery,0,3,lungs_lossy,50,0.3039869729809976,0.5400390625,0.56640625,0,0.0263671875
MCUCXR_0040_0,Montgomery,0,3,background_lossy,50,0.6960130270190024,0.5400390625,0.462646484375,1,0.077392578125
MCUCXR_0040_0,Montgomery,0,3,all_lossy,50,1.0,0.5400390625,0.5078125,0,0.0322265625
MCUCXR_0040_0,Montgomery,0,3,lungs_lossy,70,0.3039869729809976,0.5400390625,0.5615234375,0,0.021484375
MCUCXR_0040_0,Montgomery,0,3,background_lossy,70,0.6960130270190024,0.5400390625,0.5029296875,0,0.037109375
MCUCXR_0040_0,Montgomery,0,3,all_lossy,70,1.0,0.5400390625,0.53857421875,0,0.00146484375
MCUCXR_0041_0,Montgomery,0,2,lungs_lossy,10,0.1978733669833729,0.0633544921875,0.5087890625,1,0.4454345703125
MCUCXR_0041_0,Montgomery,0,2,background_lossy,10,0.802126633016627,0.0633544921875,0.06231689453125,0,0.00103759765625
MCUCXR_0041_0,Montgomery,0,2,all_lossy,10,1.0,0.0633544921875,0.7119140625,1,0.6485595703125
MCUCXR_0041_0,Montgomery,0,2,lungs_lossy,30,0.1978733669833729,0.0633544921875,0.634765625,1,0.5714111328125
MCUCXR_0041_0,Montgomery,0,2,background_lossy,30,0.802126633016627,0.0633544921875,0.06671142578125,0,0.00335693359375
MCUCXR_0041_0,Montgomery,0,2,all_lossy,30,1.0,0.0633544921875,0.7216796875,1,0.6583251953125
MCUCXR_0041_0,Montgomery,0,2,lungs_lossy,50,0.1978733669833729,0.0633544921875,0.251708984375,0,0.1883544921875
MCUCXR_0041_0,Montgomery,0,2,background_lossy,50,0.802126633016627,0.0633544921875,0.0782470703125,0,0.014892578125
MCUCXR_0041_0,Montgomery,0,2,all_lossy,50,1.0,0.0633544921875,0.3525390625,0,0.2891845703125
MCUCXR_0041_0,Montgomery,0,2,lungs_lossy,70,0.1978733669833729,0.0633544921875,0.058441162109375,0,0.004913330078125
MCUCXR_0041_0,Montgomery,0,2,background_lossy,70,0.802126633016627,0.0633544921875,0.0953369140625,0,0.031982421875
MCUCXR_0041_0,Montgomery,0,2,all_lossy,70,1.0,0.0633544921875,0.09173583984375,0,0.02838134765625
MCUCXR_0042_0,Montgomery,0,2,lungs_lossy,10,0.1658439726840855,0.01898193359375,0.50048828125,1,0.48150634765625
MCUCXR_0042_0,Montgomery,0,2,background_lossy,10,0.8341560273159145,0.01898193359375,0.0151901245117187,0,0.0037918090820313003
MCUCXR_0042_0,Montgomery,0,2,all_lossy,10,1.0,0.01898193359375,0.5859375,1,0.56695556640625
MCUCXR_0042_0,Montgomery,0,2,lungs_lossy,30,0.1658439726840855,0.01898193359375,0.1104736328125,0,0.09149169921875
MCUCXR_0042_0,Montgomery,0,2,background_lossy,30,0.8341560273159145,0.01898193359375,0.0306243896484375,0,0.0116424560546875
MCUCXR_0042_0,Montgomery,0,2,all_lossy,30,1.0,0.01898193359375,0.125244140625,0,0.10626220703125
MCUCXR_0042_0,Montgomery,0,2,lungs_lossy,50,0.1658439726840855,0.01898193359375,0.03179931640625,0,0.0128173828125
MCUCXR_0042_0,Montgomery,0,2,background_lossy,50,0.8341560273159145,0.01898193359375,0.0239105224609375,0,0.0049285888671875
MCUCXR_0042_0,Montgomery,0,2,all_lossy,50,1.0,0.01898193359375,0.033599853515625,0,0.014617919921875
MCUCXR_0042_0,Montgomery,0,2,lungs_lossy,70,0.1658439726840855,0.01898193359375,0.023193359375,0,0.00421142578125
MCUCXR_0042_0,Montgomery,0,2,background_lossy,70,0.8341560273159145,0.01898193359375,0.0189361572265625,0,4.57763671875e-05
MCUCXR_0042_0,Montgomery,0,2,all_lossy,70,1.0,0.01898193359375,0.0232391357421875,0,0.0042572021484375
MCUCXR_0043_0,Montgomery,0,0,lungs_lossy,10,0.2300976098574821,0.044586181640625,0.97265625,1,0.928070068359375
MCUCXR_0043_0,Montgomery,0,0,background_lossy,10,0.7699023901425178,0.044586181640625,0.013275146484375,0,0.03131103515625
MCUCXR_0043_0,Montgomery,0,0,all_lossy,10,1.0,0.044586181640625,0.98486328125,1,0.940277099609375
MCUCXR_0043_0,Montgomery,0,0,lungs_lossy,30,0.2300976098574821,0.044586181640625,0.92431640625,1,0.879730224609375
MCUCXR_0043_0,Montgomery,0,0,background_lossy,30,0.7699023901425178,0.044586181640625,0.012481689453125,0,0.0321044921875
MCUCXR_0043_0,Montgomery,0,0,all_lossy,30,1.0,0.044586181640625,0.54052734375,1,0.495941162109375
MCUCXR_0043_0,Montgomery,0,0,lungs_lossy,50,0.2300976098574821,0.044586181640625,0.12890625,0,0.084320068359375
MCUCXR_0043_0,Montgomery,0,0,background_lossy,50,0.7699023901425178,0.044586181640625,0.0092697143554687,0,0.0353164672851563
MCUCXR_0043_0,Montgomery,0,0,all_lossy,50,1.0,0.044586181640625,0.0261993408203125,0,0.0183868408203125
MCUCXR_0043_0,Montgomery,0,0,lungs_lossy,70,0.2300976098574821,0.044586181640625,0.09124755859375,0,0.046661376953125
MCUCXR_0043_0,Montgomery,0,0,background_lossy,70,0.7699023901425178,0.044586181640625,0.0263519287109375,0,0.0182342529296875
MCUCXR_0043_0,Montgomery,0,0,all_lossy,70,1.0,0.044586181640625,0.0521240234375,0,0.007537841796875
MCUCXR_0044_0,Montgomery,0,0,lungs_lossy,10,0.2987770932304038,0.0011425018310546,0.99267578125,1,0.9915332794189454
MCUCXR_0044_0,Montgomery,0,0,background_lossy,10,0.7012229067695962,0.0011425018310546,0.0003077983856201,0,0.0008347034454344998
MCUCXR_0044_0,Montgomery,0,0,all_lossy,10,1.0,0.0011425018310546,0.9765625,1,0.9754199981689454
MCUCXR_0044_0,Montgomery,0,0,lungs_lossy,30,0.2987770932304038,0.0011425018310546,0.94580078125,1,0.9446582794189454
MCUCXR_0044_0,Montgomery,0,0,background_lossy,30,0.7012229067695962,0.0011425018310546,0.0003433227539062,0,0.0007991790771483999
MCUCXR_0044_0,Montgomery,0,0,all_lossy,30,1.0,0.0011425018310546,0.65576171875,1,0.6546192169189454
MCUCXR_0044_0,Montgomery,0,0,lungs_lossy,50,0.2987770932304038,0.0011425018310546,0.0129241943359375,0,0.0117816925048829
MCUCXR_0044_0,Montgomery,0,0,background_lossy,50,0.7012229067695962,0.0011425018310546,0.0005593299865722,0,0.0005831718444823999
MCUCXR_0044_0,Montgomery,0,0,all_lossy,50,1.0,0.0011425018310546,0.0033245086669921,0,0.0021820068359375
MCUCXR_0044_0,Montgomery,0,0,lungs_lossy,70,0.2987770932304038,0.0011425018310546,0.0021915435791015,0,0.0010490417480469002
MCUCXR_0044_0,Montgomery,0,0,background_lossy,70,0.7012229067695962,0.0011425018310546,0.0008072853088378,0,0.0003352165222167999
MCUCXR_0044_0,Montgomery,0,0,all_lossy,70,1.0,0.0011425018310546,0.001378059387207,0,0.00023555755615240013
MCUCXR_0045_0,Montgomery,0,3,lungs_lossy,10,0.2959471496437054,0.0074310302734375,0.0531005859375,0,0.0456695556640625
MCUCXR_0045_0,Montgomery,0,3,background_lossy,10,0.7040528503562946,0.0074310302734375,0.01983642578125,0,0.0124053955078125
MCUCXR_0045_0,Montgomery,0,3,all_lossy,10,1.0,0.0074310302734375,0.1378173828125,0,0.1303863525390625
MCUCXR_0045_0,Montgomery,0,3,lungs_lossy,30,0.2959471496437054,0.0074310302734375,0.0302734375,0,0.0228424072265625
MCUCXR_0045_0,Montgomery,0,3,background_lossy,30,0.7040528503562946,0.0074310302734375,0.0147323608398437,0,0.0073013305664062
MCUCXR_0045_0,Montgomery,0,3,all_lossy,30,1.0,0.0074310302734375,0.034088134765625,0,0.0266571044921875
MCUCXR_0045_0,Montgomery,0,3,lungs_lossy,50,0.2959471496437054,0.0074310302734375,0.021820068359375,0,0.0143890380859375
MCUCXR_0045_0,Montgomery,0,3,background_lossy,50,0.7040528503562946,0.0074310302734375,0.0108184814453125,0,0.003387451171875
MCUCXR_0045_0,Montgomery,0,3,all_lossy,50,1.0,0.0074310302734375,0.0210113525390625,0,0.013580322265625
MCUCXR_0045_0,Montgomery,0,3,lungs_lossy,70,0.2959471496437054,0.0074310302734375,0.0092697143554687,0,0.0018386840820311997
MCUCXR_0045_0,Montgomery,0,3,background_lossy,70,0.7040528503562946,0.0074310302734375,0.008880615234375,0,0.0014495849609375
MCUCXR_0045_0,Montgomery,0,3,all_lossy,70,1.0,0.0074310302734375,0.0109024047851562,0,0.0034713745117186997
MCUCXR_0046_0,Montgomery,0,2,lungs_lossy,10,0.3038849094418052,0.0036067962646484,0.85791015625,1,0.8543033599853516
MCUCXR_0046_0,Montgomery,0,2,background_lossy,10,0.6961150905581948,0.0036067962646484,0.0015363693237304,0,0.002070426940918
MCUCXR_0046_0,Montgomery,0,2,all_lossy,10,1.0,0.0036067962646484,0.85791015625,1,0.8543033599853516
MCUCXR_0046_0,Montgomery,0,2,lungs_lossy,30,0.3038849094418052,0.0036067962646484,0.537109375,1,0.5335025787353516
MCUCXR_0046_0,Montgomery,0,2,background_lossy,30,0.6961150905581948,0.0036067962646484,0.0010442733764648,0,0.0025625228881836003
MCUCXR_0046_0,Montgomery,0,2,all_lossy,30,1.0,0.0036067962646484,0.2646484375,0,0.2610416412353516
MCUCXR_0046_0,Montgomery,0,2,lungs_lossy,50,0.3038849094418052,0.0036067962646484,0.019195556640625,0,0.0155887603759766
MCUCXR_0046_0,Montgomery,0,2,background_lossy,50,0.6961150905581948,0.0036067962646484,0.0014896392822265,0,0.0021171569824219
MCUCXR_0046_0,Montgomery,0,2,all_lossy,50,1.0,0.0036067962646484,0.0081253051757812,0,0.0045185089111327995
MCUCXR_0046_0,Montgomery,0,2,lungs_lossy,70,0.3038849094418052,0.0036067962646484,0.0028343200683593,0,0.0007724761962891002
MCUCXR_0046_0,Montgomery,0,2,background_lossy,70,0.6961150905581948,0.0036067962646484,0.0041656494140625,0,0.0005588531494140998
MCUCXR_0046_0,Montgomery,0,2,all_lossy,70,1.0,0.0036067962646484,0.0034294128417968,0,0.00017738342285160023
MCUCXR_0047_0,Montgomery,0,1,lungs_lossy,10,0.2794035777909738,0.0002341270446777,0.84912109375,1,0.8488869667053223
MCUCXR_0047_0,Montgomery,0,1,background_lossy,10,0.7205964222090262,0.0002341270446777,0.0040245056152343,0,0.0037903785705566003
MCUCXR_0047_0,Montgomery,0,1,all_lossy,10,1.0,0.0002341270446777,0.96630859375,1,0.9660744667053223
MCUCXR_0047_0,Montgomery,0,1,lungs_lossy,30,0.2794035777909738,0.0002341270446777,0.0025901794433593,0,0.0023560523986816
MCUCXR_0047_0,Montgomery,0,1,background_lossy,30,0.7205964222090262,0.0002341270446777,0.0005154609680175,0,0.00028133392333979995
MCUCXR_0047_0,Montgomery,0,1,all_lossy,30,1.0,0.0002341270446777,0.0040054321289062,0,0.0037713050842284996
MCUCXR_0047_0,Montgomery,0,1,lungs_lossy,50,0.2794035777909738,0.0002341270446777,0.0005440711975097,0,0.000309944152832
MCUCXR_0047_0,Montgomery,0,1,background_lossy,50,0.7205964222090262,0.0002341270446777,0.000303030014038,0,6.890296936030001e-05
MCUCXR_0047_0,Montgomery,0,1,all_lossy,50,1.0,0.0002341270446777,0.0006566047668457,0,0.000422477722168
MCUCXR_0047_0,Montgomery,0,1,lungs_lossy,70,0.2794035777909738,0.0002341270446777,0.0002572536468505,0,2.312660217280001e-05
MCUCXR_0047_0,Montgomery,0,1,background_lossy,70,0.7205964222090262,0.0002341270446777,0.0002591609954833,0,2.5033950805599986e-05
MCUCXR_0047_0,Montgomery,0,1,all_lossy,70,1.0,0.0002341270446777,0.0003175735473632,0,8.344650268549998e-05
MCUCXR_0048_0,Montgomery,0,2,lungs_lossy,10,0.2147880789786223,0.0003683567047119,0.05145263671875,0,0.0510842800140381
MCUCXR_0048_0,Montgomery,0,2,background_lossy,10,0.7852119210213777,0.0003683567047119,0.0010652542114257,0,0.0006968975067138
MCUCXR_0048_0,Montgomery,0,2,all_lossy,10,1.0,0.0003683567047119,0.2027587890625,0,0.2023904323577881
MCUCXR_0048_0,Montgomery,0,2,lungs_lossy,30,0.2147880789786223,0.0003683567047119,0.018646240234375,0,0.0182778835296631
MCUCXR_0048_0,Montgomery,0,2,background_lossy,30,0.7852119210213777,0.0003683567047119,0.0003447532653808,0,2.3603439331100007e-05
MCUCXR_0048_0,Montgomery,0,2,all_lossy,30,1.0,0.0003683567047119,0.0153045654296875,0,0.0149362087249756
MCUCXR_0048_0,Montgomery,0,2,lungs_lossy,50,0.2147880789786223,0.0003683567047119,0.0004425048828125,0,7.414817810059998e-05
MCUCXR_0048_0,Montgomery,0,2,background_lossy,50,0.7852119210213777,0.0003683567047119,0.0003225803375244,0,4.57763671875e-05
MCUCXR_0048_0,Montgomery,0,2,all_lossy,50,1.0,0.0003683567047119,0.0003845691680908,0,1.621246337889996e-05
MCUCXR_0048_0,Montgomery,0,2,lungs_lossy,70,0.2147880789786223,0.0003683567047119,0.0004441738128662,0,7.581710815429996e-05
MCUCXR_0048_0,Montgomery,0,2,background_lossy,70,0.7852119210213777,0.0003683567047119,0.0003275871276855,0,4.076957702640004e-05
MCUCXR_0048_0,Montgomery,0,2,all_lossy,70,1.0,0.0003683567047119,0.0003936290740966,0,2.5272369384699977e-05
MCUCXR_0049_0,Montgomery,0,4,lungs_lossy,10,0.2580630195961995,0.0147323608398437,0.2587890625,0,0.2440567016601563
MCUCXR_0049_0,Montgomery,0,4,background_lossy,10,0.7419369804038005,0.0147323608398437,0.0221099853515625,0,0.0073776245117188
MCUCXR_0049_0,Montgomery,0,4,all_lossy,10,1.0,0.0147323608398437,0.244384765625,0,0.2296524047851563
MCUCXR_0049_0,Montgomery,0,4,lungs_lossy,30,0.2580630195961995,0.0147323608398437,0.042724609375,0,0.0279922485351563
MCUCXR_0049_0,Montgomery,0,4,background_lossy,30,0.7419369804038005,0.0147323608398437,0.0171051025390625,0,0.0023727416992188003
MCUCXR_0049_0,Montgomery,0,4,all_lossy,30,1.0,0.0147323608398437,0.04132080078125,0,0.0265884399414063
MCUCXR_0049_0,Montgomery,0,4,lungs_lossy,50,0.2580630195961995,0.0147323608398437,0.017578125,0,0.0028457641601563003
MCUCXR_0049_0,Montgomery,0,4,background_lossy,50,0.7419369804038005,0.0147323608398437,0.0154876708984375,0,0.0007553100585938003
MCUCXR_0049_0,Montgomery,0,4,all_lossy,50,1.0,0.0147323608398437,0.0185394287109375,0,0.0038070678710938003
MCUCXR_0049_0,Montgomery,0,4,lungs_lossy,70,0.2580630195961995,0.0147323608398437,0.0137939453125,0,0.0009384155273436997
MCUCXR_0049_0,Montgomery,0,4,background_lossy,70,0.7419369804038005,0.0147323608398437,0.01666259765625,0,0.0019302368164063003
MCUCXR_0049_0,Montgomery,0,4,all_lossy,70,1.0,0.0147323608398437,0.0155410766601562,0,0.0008087158203125
MCUCXR_0051_0,Montgomery,0,2,lungs_lossy,10,0.3718221125296912,0.0229339599609375,0.92138671875,1,0.8984527587890625
MCUCXR_0051_0,Montgomery,0,2,background_lossy,10,0.6281778874703088,0.0229339599609375,0.0101699829101562,0,0.0127639770507813
MCUCXR_0051_0,Montgomery,0,2,all_lossy,10,1.0,0.0229339599609375,0.77783203125,1,0.7548980712890625
MCUCXR_0051_0,Montgomery,0,2,lungs_lossy,30,0.3718221125296912,0.0229339599609375,0.347900390625,0,0.3249664306640625
MCUCXR_0051_0,Montgomery,0,2,background_lossy,30,0.6281778874703088,0.0229339599609375,0.0094528198242187,0,0.0134811401367188
MCUCXR_0051_0,Montgomery,0,2,all_lossy,30,1.0,0.0229339599609375,0.1558837890625,0,0.1329498291015625
MCUCXR_0051_0,Montgomery,0,2,lungs_lossy,50,0.3718221125296912,0.0229339599609375,0.0411376953125,0,0.0182037353515625
MCUCXR_0051_0,Montgomery,0,2,background_lossy,50,0.6281778874703088,0.0229339599609375,0.017181396484375,0,0.0057525634765625
MCUCXR_0051_0,Montgomery,0,2,all_lossy,50,1.0,0.0229339599609375,0.0257568359375,0,0.0028228759765625
MCUCXR_0051_0,Montgomery,0,2,lungs_lossy,70,0.3718221125296912,0.0229339599609375,0.0160980224609375,0,0.0068359375
MCUCXR_0051_0,Montgomery,0,2,background_lossy,70,0.6281778874703088,0.0229339599609375,0.0184783935546875,0,0.00445556640625
MCUCXR_0051_0,Montgomery,0,2,all_lossy,70,1.0,0.0229339599609375,0.0126266479492187,0,0.0103073120117188
MCUCXR_0052_0,Montgomery,0,1,lungs_lossy,10,0.1660434605106888,0.0077552795410156,0.9375,1,0.9297447204589844
MCUCXR_0052_0,Montgomery,0,1,background_lossy,10,0.8339565394893111,0.0077552795410156,0.09637451171875,0,0.0886192321777344
MCUCXR_0052_0,Montgomery,0,1,all_lossy,10,1.0,0.0077552795410156,0.9912109375,1,0.9834556579589844
MCUCXR_0052_0,Montgomery,0,1,lungs_lossy,30,0.1660434605106888,0.0077552795410156,0.471435546875,0,0.4636802673339844
MCUCXR_0052_0,Montgomery,0,1,background_lossy,30,0.8339565394893111,0.0077552795410156,0.050140380859375,0,0.0423851013183594
MCUCXR_0052_0,Montgomery,0,1,all_lossy,30,1.0,0.0077552795410156,0.61962890625,1,0.6118736267089844
MCUCXR_0052_0,Montgomery,0,1,lungs_lossy,50,0.1660434605106888,0.0077552795410156,0.015716552734375,0,0.0079612731933594
MCUCXR_0052_0,Montgomery,0,1,background_lossy,50,0.8339565394893111,0.0077552795410156,0.0042648315429687,0,0.0034904479980469
MCUCXR_0052_0,Montgomery,0,1,all_lossy,50,1.0,0.0077552795410156,0.006072998046875,0,0.0016822814941405998
MCUCXR_0052_0,Montgomery,0,1,lungs_lossy,70,0.1660434605106888,0.0077552795410156,0.0072898864746093,0,0.00046539306640629944
MCUCXR_0052_0,Montgomery,0,1,background_lossy,70,0.8339565394893111,0.0077552795410156,0.004486083984375,0,0.0032691955566406
MCUCXR_0052_0,Montgomery,0,1,all_lossy,70,1.0,0.0077552795410156,0.0035934448242187,0,0.004161834716796899
MCUCXR_0053_0,Montgomery,0,0,lungs_lossy,10,0.1872680374109263,0.384521484375,0.98779296875,1,0.603271484375
MCUCXR_0053_0,Montgomery,0,0,background_lossy,10,0.8127319625890737,0.384521484375,0.1856689453125,0,0.1988525390625
MCUCXR_0053_0,Montgomery,0,0,all_lossy,10,1.0,0.384521484375,0.9853515625,1,0.600830078125
MCUCXR_0053_0,Montgomery,0,0,lungs_lossy,30,0.1872680374109263,0.384521484375,0.9912109375,1,0.606689453125
MCUCXR_0053_0,Montgomery,0,0,background_lossy,30,0.8127319625890737,0.384521484375,0.2301025390625,0,0.1544189453125
MCUCXR_0053_0,Montgomery,0,0,all_lossy,30,1.0,0.384521484375,0.9609375,1,0.576416015625
MCUCXR_0053_0,Montgomery,0,0,lungs_lossy,50,0.1872680374109263,0.384521484375,0.771484375,1,0.386962890625
MCUCXR_0053_0,Montgomery,0,0,background_lossy,50,0.8127319625890737,0.384521484375,0.1827392578125,0,0.2017822265625
MCUCXR_0053_0,Montgomery,0,0,all_lossy,50,1.0,0.384521484375,0.435302734375,0,0.05078125
MCUCXR_0053_0,Montgomery,0,0,lungs_lossy,70,0.1872680374109263,0.384521484375,0.479736328125,0,0.09521484375
MCUCXR_0053_0,Montgomery,0,0,background_lossy,70,0.8127319625890737,0.384521484375,0.29248046875,0,0.092041015625
MCUCXR_0053_0,Montgomery,0,0,all_lossy,70,1.0,0.384521484375,0.341064453125,0,0.04345703125
MCUCXR_0054_0,Montgomery,0,2,lungs_lossy,10,0.2622754602137767,0.0009584426879882,0.77392578125,1,0.7729673385620118
MCUCXR_0054_0,Montgomery,0,2,background_lossy,10,0.7377245397862233,0.0009584426879882,0.0002166032791137,0,0.0007418394088745
MCUCXR_0054_0,Montgomery,0,2,all_lossy,10,1.0,0.0009584426879882,0.7197265625,1,0.7187681198120118
MCUCXR_0054_0,Montgomery,0,2,lungs_lossy,30,0.2622754602137767,0.0009584426879882,0.11968994140625,0,0.1187314987182618
MCUCXR_0054_0,Montgomery,0,2,background_lossy,30,0.7377245397862233,0.0009584426879882,0.0007615089416503,0,0.00019693374633790006
MCUCXR_0054_0,Montgomery,0,2,all_lossy,30,1.0,0.0009584426879882,0.0364990234375,0,0.0355405807495118
MCUCXR_0054_0,Montgomery,0,2,lungs_lossy,50,0.2622754602137767,0.0009584426879882,0.0034828186035156,0,0.0025243759155273997
MCUCXR_0054_0,Montgomery,0,2,background_lossy,50,0.7377245397862233,0.0009584426879882,0.0009474754333496,0,1.0967254638599992e-05
MCUCXR_0054_0,Montgomery,0,2,all_lossy,50,1.0,0.0009584426879882,0.0018892288208007,0,0.0009307861328124999
MCUCXR_0054_0,Montgomery,0,2,lungs_lossy,70,0.2622754602137767,0.0009584426879882,0.0013198852539062,0,0.00036144256591799987
MCUCXR_0054_0,Montgomery,0,2,background_lossy,70,0.7377245397862233,0.0009584426879882,0.0006165504455566,0,0.0003418922424316001
MCUCXR_0054_0,Montgomery,0,2,all_lossy,70,1.0,0.0009584426879882,0.00083589553833,0,0.0001225471496582001
MCUCXR_0055_0,Montgomery,0,2,lungs_lossy,10,0.2778123144299287,0.0004529953002929,0.227294921875,0,0.2268419265747071
MCUCXR_0055_0,Montgomery,0,2,background_lossy,10,0.7221876855700713,0.0004529953002929,0.0008230209350585,0,0.00037002563476559995
MCUCXR_0055_0,Montgomery,0,2,all_lossy,10,1.0,0.0004529953002929,0.6083984375,1,0.6079454421997071
MCUCXR_0055_0,Montgomery,0,2,lungs_lossy,30,0.2778123144299287,0.0004529953002929,0.11376953125,0,0.1133165359497071
MCUCXR_0055_0,Montgomery,0,2,background_lossy,30,0.7221876855700713,0.0004529953002929,0.0018243789672851,0,0.0013713836669922
MCUCXR_0055_0,Montgomery,0,2,all_lossy,30,1.0,0.0004529953002929,0.244140625,0,0.2436876296997071
MCUCXR_0055_0,Montgomery,0,2,lungs_lossy,50,0.2778123144299287,0.0004529953002929,0.0052413940429687,0,0.0047883987426757995
MCUCXR_0055_0,Montgomery,0,2,background_lossy,50,0.7221876855700713,0.0004529953002929,0.0007209777832031,0,0.00026798248291019994
MCUCXR_0055_0,Montgomery,0,2,all_lossy,50,1.0,0.0004529953002929,0.0082855224609375,0,0.0078325271606446
MCUCXR_0055_0,Montgomery,0,2,lungs_lossy,70,0.2778123144299287,0.0004529953002929,0.0005526542663574,0,9.965896606449996e-05
MCUCXR_0055_0,Montgomery,0,2,background_lossy,70,0.7221876855700713,0.0004529953002929,0.0004727840423583,0,1.978874206539998e-05
MCUCXR_0055_0,Montgomery,0,2,all_lossy,70,1.0,0.0004529953002929,0.0006265640258789,0,0.00017356872558599995
MCUCXR_0056_0,Montgomery,0,1,lungs_lossy,10,0.2417838850950118,0.0060958862304687,0.9873046875,1,0.9812088012695312
MCUCXR_0056_0,Montgomery,0,1,background_lossy,10,0.7582161149049882,0.0060958862304687,0.0044670104980468,0,0.0016288757324218993
MCUCXR_0056_0,Montgomery,0,1,all_lossy,10,1.0,0.0060958862304687,0.9296875,1,0.9235916137695312
MCUCXR_0056_0,Montgomery,0,1,lungs_lossy,30,0.2417838850950118,0.0060958862304687,0.7626953125,1,0.7565994262695312
MCUCXR_0056_0,Montgomery,0,1,background_lossy,30,0.7582161149049882,0.0060958862304687,0.0075759887695312,0,0.0014801025390625
MCUCXR_0056_0,Montgomery,0,1,all_lossy,30,1.0,0.0060958862304687,0.5615234375,1,0.5554275512695312
MCUCXR_0056_0,Montgomery,0,1,lungs_lossy,50,0.2417838850950118,0.0060958862304687,0.033843994140625,0,0.0277481079101563
MCUCXR_0056_0,Montgomery,0,1,background_lossy,50,0.7582161149049882,0.0060958862304687,0.0076065063476562,0,0.0015106201171875
MCUCXR_0056_0,Montgomery,0,1,all_lossy,50,1.0,0.0060958862304687,0.0394287109375,0,0.0333328247070313
MCUCXR_0056_0,Montgomery,0,1,lungs_lossy,70,0.2417838850950118,0.0060958862304687,0.0089492797851562,0,0.0028533935546875
MCUCXR_0056_0,Montgomery,0,1,background_lossy,70,0.7582161149049882,0.0060958862304687,0.0055122375488281,0,0.0005836486816405998
MCUCXR_0056_0,Montgomery,0,1,all_lossy,70,1.0,0.0060958862304687,0.0077247619628906,0,0.0016288757324219002
MCUCXR_0057_0,Montgomery,0,4,lungs_lossy,10,0.2675827642517814,0.00469970703125,0.0604248046875,0,0.05572509765625
MCUCXR_0057_0,Montgomery,0,4,background_lossy,10,0.7324172357482186,0.00469970703125,0.0044670104980468,0,0.0002326965332031996
MCUCXR_0057_0,Montgomery,0,4,all_lossy,10,1.0,0.00469970703125,0.042022705078125,0,0.037322998046875
MCUCXR_0057_0,Montgomery,0,4,lungs_lossy,30,0.2675827642517814,0.00469970703125,0.0174407958984375,0,0.0127410888671875
MCUCXR_0057_0,Montgomery,0,4,background_lossy,30,0.7324172357482186,0.00469970703125,0.0050392150878906,0,0.00033950805664059985
MCUCXR_0057_0,Montgomery,0,4,all_lossy,30,1.0,0.00469970703125,0.0147857666015625,0,0.0100860595703125
MCUCXR_0057_0,Montgomery,0,4,lungs_lossy,50,0.2675827642517814,0.00469970703125,0.0065383911132812,0,0.0018386840820311997
MCUCXR_0057_0,Montgomery,0,4,background_lossy,50,0.7324172357482186,0.00469970703125,0.0044326782226562,0,0.0002670288085938003
MCUCXR_0057_0,Montgomery,0,4,all_lossy,50,1.0,0.00469970703125,0.006072998046875,0,0.001373291015625
MCUCXR_0057_0,Montgomery,0,4,lungs_lossy,70,0.2675827642517814,0.00469970703125,0.0051383972167968,0,0.0004386901855468004
MCUCXR_0057_0,Montgomery,0,4,background_lossy,70,0.7324172357482186,0.00469970703125,0.0046272277832031,0,7.247924804690015e-05
MCUCXR_0057_0,Montgomery,0,4,all_lossy,70,1.0,0.00469970703125,0.0050811767578125,0,0.0003814697265625
MCUCXR_0058_0,Montgomery,0,1,lungs_lossy,10,0.2358038895486935,0.0006589889526367,0.9931640625,1,0.9925050735473633
MCUCXR_0058_0,Montgomery,0,1,background_lossy,10,0.7641961104513064,0.0006589889526367,0.0022525787353515,0,0.0015935897827148
MCUCXR_0058_0,Montgomery,0,1,all_lossy,10,1.0,0.0006589889526367,0.98583984375,1,0.9851808547973633
MCUCXR_0058_0,Montgomery,0,1,lungs_lossy,30,0.2358038895486935,0.0006589889526367,0.822265625,1,0.8216066360473633
MCUCXR_0058_0,Montgomery,0,1,background_lossy,30,0.7641961104513064,0.0006589889526367,0.0010318756103515,0,0.00037288665771480006
MCUCXR_0058_0,Montgomery,0,1,all_lossy,30,1.0,0.0006589889526367,0.6513671875,1,0.6507081985473633
MCUCXR_0058_0,Montgomery,0,1,lungs_lossy,50,0.2358038895486935,0.0006589889526367,0.0087814331054687,0,0.008122444152832
MCUCXR_0058_0,Montgomery,0,1,background_lossy,50,0.7641961104513064,0.0006589889526367,0.001225471496582,0,0.0005664825439453
MCUCXR_0058_0,Montgomery,0,1,all_lossy,50,1.0,0.0006589889526367,0.0096359252929687,0,0.008976936340332
MCUCXR_0058_0,Montgomery,0,1,lungs_lossy,70,0.2358038895486935,0.0006589889526367,0.0007581710815429,0,9.918212890620002e-05
MCUCXR_0058_0,Montgomery,0,1,background_lossy,70,0.7641961104513064,0.0006589889526367,0.000746726989746,0,8.773803710929997e-05
MCUCXR_0058_0,Montgomery,0,1,all_lossy,70,1.0,0.0006589889526367,0.0008525848388671,0,0.0001935958862304
MCUCXR_0059_0,Montgomery,0,1,lungs_lossy,10,0.3021451900237529,0.53515625,0.9970703125,0,0.4619140625
MCUCXR_0059_0,Montgomery,0,1,background_lossy,10,0.697854809976247,0.53515625,0.339599609375,1,0.195556640625
MCUCXR_0059_0,Montgomery,0,1,all_lossy,10,1.0,0.53515625,0.998046875,0,0.462890625
MCUCXR_0059_0,Montgomery,0,1,lungs_lossy,30,0.3021451900237529,0.53515625,0.98779296875,0,0.45263671875
MCUCXR_0059_0,Montgomery,0,1,background_lossy,30,0.697854809976247,0.53515625,0.5244140625,0,0.0107421875
MCUCXR_0059_0,Montgomery,0,1,all_lossy,30,1.0,0.53515625,0.99267578125,0,0.45751953125
MCUCXR_0059_0,Montgomery,0,1,lungs_lossy,50,0.3021451900237529,0.53515625,0.9755859375,0,0.4404296875
MCUCXR_0059_0,Montgomery,0,1,background_lossy,50,0.697854809976247,0.53515625,0.357177734375,1,0.177978515625
MCUCXR_0059_0,Montgomery,0,1,all_lossy,50,1.0,0.53515625,0.95263671875,0,0.41748046875
MCUCXR_0059_0,Montgomery,0,1,lungs_lossy,70,0.3021451900237529,0.53515625,0.5,0,0.03515625
MCUCXR_0059_0,Montgomery,0,1,background_lossy,70,0.697854809976247,0.53515625,0.491455078125,1,0.043701171875
MCUCXR_0059_0,Montgomery,0,1,all_lossy,70,1.0,0.53515625,0.50146484375,0,0.03369140625
MCUCXR_0060_0,Montgomery,0,4,lungs_lossy,10,0.1172106962589073,0.038909912109375,0.2318115234375,0,0.192901611328125
MCUCXR_0060_0,Montgomery,0,4,background_lossy,10,0.8827893037410927,0.038909912109375,0.038177490234375,0,0.000732421875
MCUCXR_0060_0,Montgomery,0,4,all_lossy,10,1.0,0.038909912109375,0.1923828125,0,0.153472900390625
MCUCXR_0060_0,Montgomery,0,4,lungs_lossy,30,0.1172106962589073,0.038909912109375,0.0880126953125,0,0.049102783203125
MCUCXR_0060_0,Montgomery,0,4,background_lossy,30,0.8827893037410927,0.038909912109375,0.038818359375,0,9.1552734375e-05
MCUCXR_0060_0,Montgomery,0,4,all_lossy,30,1.0,0.038909912109375,0.08660888671875,0,0.047698974609375
MCUCXR_0060_0,Montgomery,0,4,lungs_lossy,50,0.1172106962589073,0.038909912109375,0.04443359375,0,0.005523681640625
MCUCXR_0060_0,Montgomery,0,4,background_lossy,50,0.8827893037410927,0.038909912109375,0.041534423828125,0,0.00262451171875
MCUCXR_0060_0,Montgomery,0,4,all_lossy,50,1.0,0.038909912109375,0.049224853515625,0,0.01031494140625
MCUCXR_0060_0,Montgomery,0,4,lungs_lossy,70,0.1172106962589073,0.038909912109375,0.03662109375,0,0.002288818359375
MCUCXR_0060_0,Montgomery,0,4,background_lossy,70,0.8827893037410927,0.038909912109375,0.040618896484375,0,0.001708984375
MCUCXR_0060_0,Montgomery,0,4,all_lossy,70,1.0,0.038909912109375,0.038116455078125,0,0.00079345703125
MCUCXR_0061_0,Montgomery,0,3,lungs_lossy,10,0.1418775979809976,0.0006189346313476,0.0094528198242187,0,0.008833885192871099
MCUCXR_0061_0,Montgomery,0,3,background_lossy,10,0.8581224020190024,0.0006189346313476,0.0027790069580078,0,0.0021600723266602
MCUCXR_0061_0,Montgomery,0,3,all_lossy,10,1.0,0.0006189346313476,0.06793212890625,0,0.0673131942749024
MCUCXR_0061_0,Montgomery,0,3,lungs_lossy,30,0.1418775979809976,0.0006189346313476,0.0025615692138671,0,0.0019426345825195
MCUCXR_0061_0,Montgomery,0,3,background_lossy,30,0.8581224020190024,0.0006189346313476,0.0027904510498046,0,0.002171516418457
MCUCXR_0061_0,Montgomery,0,3,all_lossy,30,1.0,0.0006189346313476,0.0130233764648437,0,0.012404441833496099
MCUCXR_0061_0,Montgomery,0,3,lungs_lossy,50,0.1418775979809976,0.0006189346313476,0.0011835098266601,0,0.0005645751953125001
MCUCXR_0061_0,Montgomery,0,3,background_lossy,50,0.8581224020190024,0.0006189346313476,0.0012159347534179,0,0.0005970001220703
MCUCXR_0061_0,Montgomery,0,3,all_lossy,50,1.0,0.0006189346313476,0.0020828247070312,0,0.0014638900756836003
MCUCXR_0061_0,Montgomery,0,3,lungs_lossy,70,0.1418775979809976,0.0006189346313476,0.0006337165832519,0,1.478195190430002e-05
MCUCXR_0061_0,Montgomery,0,3,background_lossy,70,0.8581224020190024,0.0006189346313476,0.0006046295166015,0,1.430511474609993e-05
MCUCXR_0061_0,Montgomery,0,3,all_lossy,70,1.0,0.0006189346313476,0.0006141662597656,0,4.768371582000025e-06
MCUCXR_0062_0,Montgomery,0,0,lungs_lossy,10,0.2231944032066508,0.000706672668457,0.0207977294921875,0,0.0200910568237305
MCUCXR_0062_0,Montgomery,0,0,background_lossy,10,0.7768055967933492,0.000706672668457,5.435943603515625e-05,0,0.0006523132324218438
MCUCXR_0062_0,Montgomery,0,0,all_lossy,10,1.0,0.000706672668457,0.2427978515625,0,0.242091178894043
MCUCXR_0062_0,Montgomery,0,0,lungs_lossy,30,0.2231944032066508,0.000706672668457,0.0103683471679687,0,0.0096616744995117
MCUCXR_0062_0,Montgomery,0,0,background_lossy,30,0.7768055967933492,0.000706672668457,0.0002341270446777,0,0.0004725456237793
MCUCXR_0062_0,Montgomery,0,0,all_lossy,30,1.0,0.000706672668457,0.0140609741210937,0,0.0133543014526367
MCUCXR_0062_0,Montgomery,0,0,lungs_lossy,50,0.2231944032066508,0.000706672668457,0.0018177032470703,0,0.0011110305786133
MCUCXR_0062_0,Montgomery,0,0,background_lossy,50,0.7768055967933492,0.000706672668457,0.0003249645233154,0,0.00038170814514160004
MCUCXR_0062_0,Montgomery,0,0,all_lossy,50,1.0,0.000706672668457,0.0009546279907226,0,0.00024795532226559995
MCUCXR_0062_0,Montgomery,0,0,lungs_lossy,70,0.2231944032066508,0.000706672668457,0.00083589553833,0,0.00012922286987299993
MCUCXR_0062_0,Montgomery,0,0,background_lossy,70,0.7768055967933492,0.000706672668457,0.0004692077636718,0,0.00023746490478520005
MCUCXR_0062_0,Montgomery,0,0,all_lossy,70,1.0,0.000706672668457,0.0005359649658203,0,0.0001707077026367
MCUCXR_0063_0,Montgomery,0,4,lungs_lossy,10,0.2846644893111639,0.0039138793945312,0.034759521484375,0,0.0308456420898438
MCUCXR_0063_0,Montgomery,0,4,background_lossy,10,0.7153355106888362,0.0039138793945312,0.0057296752929687,0,0.0018157958984375
MCUCXR_0063_0,Montgomery,0,4,all_lossy,10,1.0,0.0039138793945312,0.04779052734375,0,0.0438766479492188
MCUCXR_0063_0,Montgomery,0,4,lungs_lossy,30,0.2846644893111639,0.0039138793945312,0.0144500732421875,0,0.0105361938476563
MCUCXR_0063_0,Montgomery,0,4,background_lossy,30,0.7153355106888362,0.0039138793945312,0.0043487548828125,0,0.0004348754882813003
MCUCXR_0063_0,Montgomery,0,4,all_lossy,30,1.0,0.0039138793945312,0.0144500732421875,0,0.0105361938476563
MCUCXR_0063_0,Montgomery,0,4,lungs_lossy,50,0.2846644893111639,0.0039138793945312,0.0062637329101562,0,0.002349853515625
MCUCXR_0063_0,Montgomery,0,4,background_lossy,50,0.7153355106888362,0.0039138793945312,0.0039443969726562,0,3.0517578125e-05
MCUCXR_0063_0,Montgomery,0,4,all_lossy,50,1.0,0.0039138793945312,0.00555419921875,0,0.0016403198242188003
MCUCXR_0063_0,Montgomery,0,4,lungs_lossy,70,0.2846644893111639,0.0039138793945312,0.0044517517089843,0,0.0005378723144531007
MCUCXR_0063_0,Montgomery,0,4,background_lossy,70,0.7153355106888362,0.0039138793945312,0.0039749145507812,0,6.103515625e-05
MCUCXR_0063_0,Montgomery,0,4,all_lossy,70,1.0,0.0039138793945312,0.004486083984375,0,0.0005722045898438003
MCUCXR_0064_0,Montgomery,0,2,lungs_lossy,10,0.248714927256532,0.0016355514526367,0.76318359375,1,0.7615480422973633
MCUCXR_0064_0,Montgomery,0,2,background_lossy,10,0.7512850727434679,0.0016355514526367,0.0074615478515625,0,0.0058259963989258
MCUCXR_0064_0,Montgomery,0,2,all_lossy,10,1.0,0.0016355514526367,0.60400390625,1,0.6023683547973633
MCUCXR_0064_0,Montgomery,0,2,lungs_lossy,30,0.248714927256532,0.0016355514526367,0.033477783203125,0,0.0318422317504883
MCUCXR_0064_0,Montgomery,0,2,background_lossy,30,0.7512850727434679,0.0016355514526367,0.0065879821777343,0,0.004952430725097601
MCUCXR_0064_0,Montgomery,0,2,all_lossy,30,1.0,0.0016355514526367,0.0202484130859375,0,0.0186128616333008
MCUCXR_0064_0,Montgomery,0,2,lungs_lossy,50,0.248714927256532,0.0016355514526367,0.0029811859130859,0,0.0013456344604492
MCUCXR_0064_0,Montgomery,0,2,background_lossy,50,0.7512850727434679,0.0016355514526367,0.001230239868164,0,0.00040531158447270005
MCUCXR_0064_0,Montgomery,0,2,all_lossy,50,1.0,0.0016355514526367,0.0019264221191406,0,0.00029087066650389996
MCUCXR_0064_0,Montgomery,0,2,lungs_lossy,70,0.248714927256532,0.0016355514526367,0.0012493133544921,0,0.0003862380981446002
MCUCXR_0064_0,Montgomery,0,2,background_lossy,70,0.7512850727434679,0.0016355514526367,0.0014781951904296,0,0.0001573562622071002
MCUCXR_0064_0,Montgomery,0,2,all_lossy,70,1.0,0.0016355514526367,0.0011377334594726,0,0.0004978179931641
MCUCXR_0068_0,Montgomery,0,2,lungs_lossy,10,0.2532150014845605,0.0191650390625,0.68603515625,1,0.6668701171875
MCUCXR_0068_0,Montgomery,0,2,background_lossy,10,0.7467849985154394,0.0191650390625,0.047332763671875,0,0.028167724609375
MCUCXR_0068_0,Montgomery,0,2,all_lossy,10,1.0,0.0191650390625,0.861328125,1,0.8421630859375
MCUCXR_0068_0,Montgomery,0,2,lungs_lossy,30,0.2532150014845605,0.0191650390625,0.73095703125,1,0.7117919921875
MCUCXR_0068_0,Montgomery,0,2,background_lossy,30,0.7467849985154394,0.0191650390625,0.0203399658203125,0,0.0011749267578125
MCUCXR_0068_0,Montgomery,0,2,all_lossy,30,1.0,0.0191650390625,0.59130859375,1,0.5721435546875
MCUCXR_0068_0,Montgomery,0,2,lungs_lossy,50,0.2532150014845605,0.0191650390625,0.06280517578125,0,0.04364013671875
MCUCXR_0068_0,Montgomery,0,2,background_lossy,50,0.7467849985154394,0.0191650390625,0.020843505859375,0,0.001678466796875
MCUCXR_0068_0,Montgomery,0,2,all_lossy,50,1.0,0.0191650390625,0.06646728515625,0,0.04730224609375
MCUCXR_0068_0,Montgomery,0,2,lungs_lossy,70,0.2532150014845605,0.0191650390625,0.0279541015625,0,0.0087890625
MCUCXR_0068_0,Montgomery,0,2,background_lossy,70,0.7467849985154394,0.0191650390625,0.017303466796875,0,0.001861572265625
MCUCXR_0068_0,Montgomery,0,2,all_lossy,70,1.0,0.0191650390625,0.0290374755859375,0,0.0098724365234375
MCUCXR_0069_0,Montgomery,0,4,lungs_lossy,10,0.3225532586104513,0.022796630859375,0.276611328125,0,0.253814697265625
MCUCXR_0069_0,Montgomery,0,4,background_lossy,10,0.6774467413895486,0.022796630859375,0.0289764404296875,0,0.0061798095703125
MCUCXR_0069_0,Montgomery,0,4,all_lossy,10,1.0,0.022796630859375,0.385009765625,0,0.362213134765625
MCUCXR_0069_0,Montgomery,0,4,lungs_lossy,30,0.3225532586104513,0.022796630859375,0.11199951171875,0,0.089202880859375
MCUCXR_0069_0,Montgomery,0,4,background_lossy,30,0.6774467413895486,0.022796630859375,0.0212860107421875,0,0.0015106201171875
MCUCXR_0069_0,Montgomery,0,4,all_lossy,30,1.0,0.022796630859375,0.1007080078125,0,0.077911376953125
MCUCXR_0069_0,Montgomery,0,4,lungs_lossy,50,0.3225532586104513,0.022796630859375,0.040924072265625,0,0.01812744140625
MCUCXR_0069_0,Montgomery,0,4,background_lossy,50,0.6774467413895486,0.022796630859375,0.0200958251953125,0,0.0027008056640625
MCUCXR_0069_0,Montgomery,0,4,all_lossy,50,1.0,0.022796630859375,0.034942626953125,0,0.01214599609375
MCUCXR_0069_0,Montgomery,0,4,lungs_lossy,70,0.3225532586104513,0.022796630859375,0.02655029296875,0,0.003753662109375
MCUCXR_0069_0,Montgomery,0,4,background_lossy,70,0.6774467413895486,0.022796630859375,0.0216217041015625,0,0.0011749267578125
MCUCXR_0069_0,Montgomery,0,4,all_lossy,70,1.0,0.022796630859375,0.0243377685546875,0,0.0015411376953125
MCUCXR_0070_0,Montgomery,0,4,lungs_lossy,10,0.2055327716745843,0.007843017578125,0.0369873046875,0,0.029144287109375
MCUCXR_0070_0,Montgomery,0,4,background_lossy,10,0.7944672283254157,0.007843017578125,0.0113296508789062,0,0.0034866333007811997
MCUCXR_0070_0,Montgomery,0,4,all_lossy,10,1.0,0.007843017578125,0.05987548828125,0,0.052032470703125
MCUCXR_0070_0,Montgomery,0,4,lungs_lossy,30,0.2055327716745843,0.007843017578125,0.0139007568359375,0,0.0060577392578125
MCUCXR_0070_0,Montgomery,0,4,background_lossy,30,0.7944672283254157,0.007843017578125,0.0087432861328125,0,0.0009002685546875
MCUCXR_0070_0,Montgomery,0,4,all_lossy,30,1.0,0.007843017578125,0.0144500732421875,0,0.0066070556640625
MCUCXR_0070_0,Montgomery,0,4,lungs_lossy,50,0.2055327716745843,0.007843017578125,0.010009765625,0,0.002166748046875
MCUCXR_0070_0,Montgomery,0,4,background_lossy,50,0.7944672283254157,0.007843017578125,0.0079345703125,0,9.1552734375e-05
MCUCXR_0070_0,Montgomery,0,4,all_lossy,50,1.0,0.007843017578125,0.0095977783203125,0,0.0017547607421875
MCUCXR_0070_0,Montgomery,0,4,lungs_lossy,70,0.2055327716745843,0.007843017578125,0.0078125,0,3.0517578125e-05
MCUCXR_0070_0,Montgomery,0,4,background_lossy,70,0.7944672283254157,0.007843017578125,0.0075492858886718,0,0.0002937316894531996
MCUCXR_0070_0,Montgomery,0,4,all_lossy,70,1.0,0.007843017578125,0.0075187683105468,0,0.0003242492675781996
MCUCXR_0071_0,Montgomery,0,3,lungs_lossy,10,0.2957105478028503,0.04742431640625,0.309814453125,0,0.26239013671875
MCUCXR_0071_0,Montgomery,0,3,background_lossy,10,0.7042894521971497,0.04742431640625,0.02276611328125,0,0.024658203125
MCUCXR_0071_0,Montgomery,0,3,all_lossy,10,1.0,0.04742431640625,0.251953125,0,0.20452880859375
MCUCXR_0071_0,Montgomery,0,3,lungs_lossy,30,0.2957105478028503,0.04742431640625,0.220703125,0,0.17327880859375
MCUCXR_0071_0,Montgomery,0,3,background_lossy,30,0.7042894521971497,0.04742431640625,0.014556884765625,0,0.032867431640625
MCUCXR_0071_0,Montgomery,0,3,all_lossy,30,1.0,0.04742431640625,0.080810546875,0,0.03338623046875
MCUCXR_0071_0,Montgomery,0,3,lungs_lossy,50,0.2957105478028503,0.04742431640625,0.0765380859375,0,0.02911376953125
MCUCXR_0071_0,Montgomery,0,3,background_lossy,50,0.7042894521971497,0.04742431640625,0.025665283203125,0,0.021759033203125
MCUCXR_0071_0,Montgomery,0,3,all_lossy,50,1.0,0.04742431640625,0.043212890625,0,0.00421142578125
MCUCXR_0071_0,Montgomery,0,3,lungs_lossy,70,0.2957105478028503,0.04742431640625,0.045440673828125,0,0.001983642578125
MCUCXR_0071_0,Montgomery,0,3,background_lossy,70,0.7042894521971497,0.04742431640625,0.039703369140625,0,0.007720947265625
MCUCXR_0071_0,Montgomery,0,3,all_lossy,70,1.0,0.04742431640625,0.03656005859375,0,0.0108642578125
MCUCXR_0072_0,Montgomery,0,1,lungs_lossy,10,0.2857315172209026,0.0110321044921875,0.97998046875,1,0.9689483642578125
MCUCXR_0072_0,Montgomery,0,1,background_lossy,10,0.7142684827790974,0.0110321044921875,0.025421142578125,0,0.0143890380859375
MCUCXR_0072_0,Montgomery,0,1,all_lossy,10,1.0,0.0110321044921875,0.99462890625,1,0.9835968017578125
MCUCXR_0072_0,Montgomery,0,1,lungs_lossy,30,0.2857315172209026,0.0110321044921875,0.90185546875,1,0.8908233642578125
MCUCXR_0072_0,Montgomery,0,1,background_lossy,30,0.7142684827790974,0.0110321044921875,0.00933837890625,0,0.0016937255859375
MCUCXR_0072_0,Montgomery,0,1,all_lossy,30,1.0,0.0110321044921875,0.78173828125,1,0.7707061767578125
MCUCXR_0072_0,Montgomery,0,1,lungs_lossy,50,0.2857315172209026,0.0110321044921875,0.10760498046875,0,0.0965728759765625
MCUCXR_0072_0,Montgomery,0,1,background_lossy,50,0.7142684827790974,0.0110321044921875,0.007965087890625,0,0.0030670166015625
MCUCXR_0072_0,Montgomery,0,1,all_lossy,50,1.0,0.0110321044921875,0.058013916015625,0,0.0469818115234375
MCUCXR_0072_0,Montgomery,0,1,lungs_lossy,70,0.2857315172209026,0.0110321044921875,0.01751708984375,0,0.0064849853515625
MCUCXR_0072_0,Montgomery,0,1,background_lossy,70,0.7142684827790974,0.0110321044921875,0.0111618041992187,0,0.0001296997070311997
MCUCXR_0072_0,Montgomery,0,1,all_lossy,70,1.0,0.0110321044921875,0.0194549560546875,0,0.0084228515625
MCUCXR_0074_0,Montgomery,0,1,lungs_lossy,10,0.2059410258313539,0.018096923828125,0.8359375,1,0.817840576171875
MCUCXR_0074_0,Montgomery,0,1,background_lossy,10,0.7940589741686461,0.018096923828125,0.05224609375,0,0.034149169921875
MCUCXR_0074_0,Montgomery,0,1,all_lossy,10,1.0,0.018096923828125,0.9375,1,0.919403076171875
MCUCXR_0074_0,Montgomery,0,1,lungs_lossy,30,0.2059410258313539,0.018096923828125,0.44091796875,0,0.422821044921875
MCUCXR_0074_0,Montgomery,0,1,background_lossy,30,0.7940589741686461,0.018096923828125,0.017242431640625,0,0.0008544921875
MCUCXR_0074_0,Montgomery,0,1,all_lossy,30,1.0,0.018096923828125,0.315673828125,0,0.297576904296875
MCUCXR_0074_0,Montgomery,0,1,lungs_lossy,50,0.2059410258313539,0.018096923828125,0.296142578125,0,0.278045654296875
MCUCXR_0074_0,Montgomery,0,1,background_lossy,50,0.7940589741686461,0.018096923828125,0.0080642700195312,0,0.0100326538085938
MCUCXR_0074_0,Montgomery,0,1,all_lossy,50,1.0,0.018096923828125,0.09912109375,0,0.081024169921875
MCUCXR_0074_0,Montgomery,0,1,lungs_lossy,70,0.2059410258313539,0.018096923828125,0.0139541625976562,0,0.0041427612304688
MCUCXR_0074_0,Montgomery,0,1,background_lossy,70,0.7940589741686461,0.018096923828125,0.0091934204101562,0,0.0089035034179688
MCUCXR_0074_0,Montgomery,0,1,all_lossy,70,1.0,0.018096923828125,0.0083770751953125,0,0.0097198486328125
MCUCXR_0075_0,Montgomery,0,4,lungs_lossy,10,0.2669518260095012,0.0081558227539062,0.0743408203125,0,0.0661849975585938
MCUCXR_0075_0,Montgomery,0,4,background_lossy,10,0.7330481739904988,0.0081558227539062,0.0104522705078125,0,0.0022964477539063003
MCUCXR_0075_0,Montgomery,0,4,all_lossy,10,1.0,0.0081558227539062,0.1278076171875,0,0.1196517944335938
MCUCXR_0075_0,Montgomery,0,4,lungs_lossy,30,0.2669518260095012,0.0081558227539062,0.043212890625,0,0.0350570678710938
MCUCXR_0075_0,Montgomery,0,4,background_lossy,30,0.7330481739904988,0.0081558227539062,0.0086746215820312,0,0.000518798828125
MCUCXR_0075_0,Montgomery,0,4,all_lossy,30,1.0,0.0081558227539062,0.03948974609375,0,0.0313339233398438
MCUCXR_0075_0,Montgomery,0,4,lungs_lossy,50,0.2669518260095012,0.0081558227539062,0.0136337280273437,0,0.0054779052734375
MCUCXR_0075_0,Montgomery,0,4,background_lossy,50,0.7330481739904988,0.0081558227539062,0.0074043273925781,0,0.0007514953613280998
MCUCXR_0075_0,Montgomery,0,4,all_lossy,50,1.0,0.0081558227539062,0.0120086669921875,0,0.0038528442382813003
MCUCXR_0075_0,Montgomery,0,4,lungs_lossy,70,0.2669518260095012,0.0081558227539062,0.010009765625,0,0.0018539428710938003
MCUCXR_0075_0,Montgomery,0,4,background_lossy,70,0.7330481739904988,0.0081558227539062,0.0075492858886718,0,0.0006065368652343993
MCUCXR_0075_0,Montgomery,0,4,all_lossy,70,1.0,0.0081558227539062,0.009521484375,0,0.0013656616210938003
MCUCXR_0077_0,Montgomery,0,1,lungs_lossy,10,0.1571407363420427,0.013275146484375,0.96337890625,1,0.950103759765625
MCUCXR_0077_0,Montgomery,0,1,background_lossy,10,0.8428592636579573,0.013275146484375,0.024566650390625,0,0.01129150390625
MCUCXR_0077_0,Montgomery,0,1,all_lossy,10,1.0,0.013275146484375,0.97412109375,1,0.960845947265625
MCUCXR_0077_0,Montgomery,0,1,lungs_lossy,30,0.1571407363420427,0.013275146484375,0.82080078125,1,0.807525634765625
MCUCXR_0077_0,Montgomery,0,1,background_lossy,30,0.8428592636579573,0.013275146484375,0.034027099609375,0,0.020751953125
MCUCXR_0077_0,Montgomery,0,1,all_lossy,30,1.0,0.013275146484375,0.81103515625,1,0.797760009765625
MCUCXR_0077_0,Montgomery,0,1,lungs_lossy,50,0.1571407363420427,0.013275146484375,0.0236053466796875,0,0.0103302001953125
MCUCXR_0077_0,Montgomery,0,1,background_lossy,50,0.8428592636579573,0.013275146484375,0.0143356323242187,0,0.0010604858398436997
MCUCXR_0077_0,Montgomery,0,1,all_lossy,50,1.0,0.013275146484375,0.0290374755859375,0,0.0157623291015625
MCUCXR_0077_0,Montgomery,0,1,lungs_lossy,70,0.1571407363420427,0.013275146484375,0.012725830078125,0,0.00054931640625
MCUCXR_0077_0,Montgomery,0,1,background_lossy,70,0.8428592636579573,0.013275146484375,0.0138473510742187,0,0.0005722045898436997
MCUCXR_0077_0,Montgomery,0,1,all_lossy,70,1.0,0.013275146484375,0.0138473510742187,0,0.0005722045898436997
MCUCXR_0079_0,Montgomery,0,1,lungs_lossy,10,0.371682934976247,0.32666015625,0.97216796875,1,0.6455078125
MCUCXR_0079_0,Montgomery,0,1,background_lossy,10,0.628317065023753,0.32666015625,0.1790771484375,0,0.1475830078125
MCUCXR_0079_0,Montgomery,0,1,all_lossy,10,1.0,0.32666015625,0.8837890625,1,0.55712890625
MCUCXR_0079_0,Montgomery,0,1,lungs_lossy,30,0.371682934976247,0.32666015625,0.9912109375,1,0.66455078125
MCUCXR_0079_0,Montgomery,0,1,background_lossy,30,0.628317065023753,0.32666015625,0.21142578125,0,0.115234375
MCUCXR_0079_0,Montgomery,0,1,all_lossy,30,1.0,0.32666015625,0.97998046875,1,0.6533203125
MCUCXR_0079_0,Montgomery,0,1,lungs_lossy,50,0.371682934976247,0.32666015625,0.654296875,1,0.32763671875
MCUCXR_0079_0,Montgomery,0,1,background_lossy,50,0.628317065023753,0.32666015625,0.321533203125,0,0.005126953125
MCUCXR_0079_0,Montgomery,0,1,all_lossy,50,1.0,0.32666015625,0.6552734375,1,0.32861328125
MCUCXR_0079_0,Montgomery,0,1,lungs_lossy,70,0.371682934976247,0.32666015625,0.37646484375,0,0.0498046875
MCUCXR_0079_0,Montgomery,0,1,background_lossy,70,0.628317065023753,0.32666015625,0.2042236328125,0,0.1224365234375
MCUCXR_0079_0,Montgomery,0,1,all_lossy,70,1.0,0.32666015625,0.249755859375,0,0.076904296875
MCUCXR_0080_0,Montgomery,0,0,lungs_lossy,10,0.1319171244061757,0.03125,0.048675537109375,0,0.017425537109375
MCUCXR_0080_0,Montgomery,0,0,background_lossy,10,0.8680828755938242,0.03125,0.024932861328125,0,0.006317138671875
MCUCXR_0080_0,Montgomery,0,0,all_lossy,10,1.0,0.03125,0.1922607421875,0,0.1610107421875
MCUCXR_0080_0,Montgomery,0,0,lungs_lossy,30,0.1319171244061757,0.03125,0.020172119140625,0,0.011077880859375
MCUCXR_0080_0,Montgomery,0,0,background_lossy,30,0.8680828755938242,0.03125,0.051849365234375,0,0.020599365234375
MCUCXR_0080_0,Montgomery,0,0,all_lossy,30,1.0,0.03125,0.0302734375,0,0.0009765625
MCUCXR_0080_0,Montgomery,0,0,lungs_lossy,50,0.1319171244061757,0.03125,0.01214599609375,0,0.01910400390625
MCUCXR_0080_0,Montgomery,0,0,background_lossy,50,0.8680828755938242,0.03125,0.03125,0,0.0
MCUCXR_0080_0,Montgomery,0,0,all_lossy,50,1.0,0.03125,0.0092697143554687,0,0.0219802856445313
MCUCXR_0080_0,Montgomery,0,0,lungs_lossy,70,0.1319171244061757,0.03125,0.0185089111328125,0,0.0127410888671875
MCUCXR_0080_0,Montgomery,0,0,background_lossy,70,0.8680828755938242,0.03125,0.0482177734375,0,0.0169677734375
MCUCXR_0080_0,Montgomery,0,0,all_lossy,70,1.0,0.03125,0.0261993408203125,0,0.0050506591796875
MCUCXR_0081_0,Montgomery,0,3,lungs_lossy,10,0.2937203087885985,0.0135345458984375,0.06658935546875,0,0.0530548095703125
MCUCXR_0081_0,Montgomery,0,3,background_lossy,10,0.7062796912114014,0.0135345458984375,0.0084152221679687,0,0.0051193237304688
MCUCXR_0081_0,Montgomery,0,3,all_lossy,10,1.0,0.0135345458984375,0.054412841796875,0,0.0408782958984375
MCUCXR_0081_0,Montgomery,0,3,lungs_lossy,30,0.2937203087885985,0.0135345458984375,0.040252685546875,0,0.0267181396484375
MCUCXR_0081_0,Montgomery,0,3,background_lossy,30,0.7062796912114014,0.0135345458984375,0.0069847106933593,0,0.0065498352050782
MCUCXR_0081_0,Montgomery,0,3,all_lossy,30,1.0,0.0135345458984375,0.017852783203125,0,0.0043182373046875
MCUCXR_0081_0,Montgomery,0,3,lungs_lossy,50,0.2937203087885985,0.0135345458984375,0.0147857666015625,0,0.001251220703125
MCUCXR_0081_0,Montgomery,0,3,background_lossy,50,0.7062796912114014,0.0135345458984375,0.008575439453125,0,0.0049591064453125
MCUCXR_0081_0,Montgomery,0,3,all_lossy,50,1.0,0.0135345458984375,0.0066146850585937,0,0.0069198608398438
MCUCXR_0081_0,Montgomery,0,3,lungs_lossy,70,0.2937203087885985,0.0135345458984375,0.012054443359375,0,0.0014801025390625
MCUCXR_0081_0,Montgomery,0,3,background_lossy,70,0.7062796912114014,0.0135345458984375,0.013275146484375,0,0.0002593994140625
MCUCXR_0081_0,Montgomery,0,3,all_lossy,70,1.0,0.0135345458984375,0.0119171142578125,0,0.001617431640625
MCUCXR_0082_0,Montgomery,0,4,lungs_lossy,10,0.286854216152019,0.0148391723632812,0.0723876953125,0,0.0575485229492188
MCUCXR_0082_0,Montgomery,0,4,background_lossy,10,0.713145783847981,0.0148391723632812,0.0189056396484375,0,0.0040664672851563
MCUCXR_0082_0,Montgomery,0,4,all_lossy,10,1.0,0.0148391723632812,0.06982421875,0,0.0549850463867188
MCUCXR_0082_0,Montgomery,0,4,lungs_lossy,30,0.286854216152019,0.0148391723632812,0.034820556640625,0,0.0199813842773438
MCUCXR_0082_0,Montgomery,0,4,background_lossy,30,0.713145783847981,0.0148391723632812,0.0184783935546875,0,0.0036392211914063003
MCUCXR_0082_0,Montgomery,0,4,all_lossy,30,1.0,0.0148391723632812,0.0352783203125,0,0.0204391479492188
MCUCXR_0082_0,Montgomery,0,4,lungs_lossy,50,0.286854216152019,0.0148391723632812,0.017242431640625,0,0.0024032592773438003
MCUCXR_0082_0,Montgomery,0,4,background_lossy,50,0.713145783847981,0.0148391723632812,0.01495361328125,0,0.00011444091796880031
MCUCXR_0082_0,Montgomery,0,4,all_lossy,50,1.0,0.0148391723632812,0.0164642333984375,0,0.0016250610351563003
MCUCXR_0082_0,Montgomery,0,4,lungs_lossy,70,0.286854216152019,0.0148391723632812,0.0134811401367187,0,0.0013580322265625
MCUCXR_0082_0,Montgomery,0,4,background_lossy,70,0.713145783847981,0.0148391723632812,0.0141143798828125,0,0.0007247924804686997
MCUCXR_0082_0,Montgomery,0,4,all_lossy,70,1.0,0.0148391723632812,0.0130233764648437,0,0.0018157958984375
MCUCXR_0083_0,Montgomery,0,1,lungs_lossy,10,0.35096403652019,0.06658935546875,0.79541015625,1,0.72882080078125
MCUCXR_0083_0,Montgomery,0,1,background_lossy,10,0.64903596347981,0.06658935546875,0.06982421875,0,0.00323486328125
MCUCXR_0083_0,Montgomery,0,1,all_lossy,10,1.0,0.06658935546875,0.458740234375,0,0.39215087890625
MCUCXR_0083_0,Montgomery,0,1,lungs_lossy,30,0.35096403652019,0.06658935546875,0.755859375,1,0.68927001953125
MCUCXR_0083_0,Montgomery,0,1,background_lossy,30,0.64903596347981,0.06658935546875,0.105224609375,0,0.03863525390625
MCUCXR_0083_0,Montgomery,0,1,all_lossy,30,1.0,0.06658935546875,0.47314453125,0,0.40655517578125
MCUCXR_0083_0,Montgomery,0,1,lungs_lossy,50,0.35096403652019,0.06658935546875,0.427001953125,0,0.36041259765625
MCUCXR_0083_0,Montgomery,0,1,background_lossy,50,0.64903596347981,0.06658935546875,0.090087890625,0,0.02349853515625
MCUCXR_0083_0,Montgomery,0,1,all_lossy,50,1.0,0.06658935546875,0.411376953125,0,0.34478759765625
MCUCXR_0083_0,Montgomery,0,1,lungs_lossy,70,0.35096403652019,0.06658935546875,0.09503173828125,0,0.0284423828125
MCUCXR_0083_0,Montgomery,0,1,background_lossy,70,0.64903596347981,0.06658935546875,0.061431884765625,0,0.005157470703125
MCUCXR_0083_0,Montgomery,0,1,all_lossy,70,1.0,0.06658935546875,0.0838623046875,0,0.01727294921875
MCUCXR_0084_0,Montgomery,0,1,lungs_lossy,10,0.224177924584323,4.988908767700195e-05,0.2293701171875,0,0.229320228099823
MCUCXR_0084_0,Montgomery,0,1,background_lossy,10,0.7758220754156769,4.988908767700195e-05,0.0004565715789794,0,0.000406682491302398
MCUCXR_0084_0,Montgomery,0,1,all_lossy,10,1.0,4.988908767700195e-05,0.57421875,1,0.574168860912323
MCUCXR_0084_0,Montgomery,0,1,lungs_lossy,30,0.224177924584323,4.988908767700195e-05,0.06488037109375,0,0.064830482006073
MCUCXR_0084_0,Montgomery,0,1,background_lossy,30,0.7758220754156769,4.988908767700195e-05,0.0001767873764038,0,0.00012689828872679805
MCUCXR_0084_0,Montgomery,0,1,all_lossy,30,1.0,4.988908767700195e-05,0.058441162109375,0,0.058391273021698
MCUCXR_0084_0,Montgomery,0,1,lungs_lossy,50,0.224177924584323,4.988908767700195e-05,0.0003814697265625,0,0.00033158063888549805
MCUCXR_0084_0,Montgomery,0,1,background_lossy,50,0.7758220754156769,4.988908767700195e-05,6.556510925292969e-05,0,1.5676021575927734e-05
MCUCXR_0084_0,Montgomery,0,1,all_lossy,50,1.0,4.988908767700195e-05,0.0002434253692626,0,0.00019353628158559806
MCUCXR_0084_0,Montgomery,0,1,lungs_lossy,70,0.224177924584323,4.988908767700195e-05,4.947185516357422e-05,0,4.172325134277344e-07
MCUCXR_0084_0,Montgomery,0,1,background_lossy,70,0.7758220754156769,4.988908767700195e-05,3.594160079956055e-05,0,1.3947486877441406e-05
MCUCXR_0084_0,Montgomery,0,1,all_lossy,70,1.0,4.988908767700195e-05,3.790855407714844e-05,0,1.1980533599853516e-05
MCUCXR_0085_0,Montgomery,0,4,lungs_lossy,10,0.2655786074821852,0.0151901245117187,0.4619140625,0,0.4467239379882813
MCUCXR_0085_0,Montgomery,0,4,background_lossy,10,0.7344213925178147,0.0151901245117187,0.0130233764648437,0,0.002166748046875
MCUCXR_0085_0,Montgomery,0,4,all_lossy,10,1.0,0.0151901245117187,0.343505859375,0,0.3283157348632813
MCUCXR_0085_0,Montgomery,0,4,lungs_lossy,30,0.2655786074821852,0.0151901245117187,0.1563720703125,0,0.1411819458007813
MCUCXR_0085_0,Montgomery,0,4,background_lossy,30,0.7344213925178147,0.0151901245117187,0.0125732421875,0,0.0026168823242186997
MCUCXR_0085_0,Montgomery,0,4,all_lossy,30,1.0,0.0151901245117187,0.0889892578125,0,0.0737991333007813
MCUCXR_0085_0,Montgomery,0,4,lungs_lossy,50,0.2655786074821852,0.0151901245117187,0.036346435546875,0,0.0211563110351563
MCUCXR_0085_0,Montgomery,0,4,background_lossy,50,0.7344213925178147,0.0151901245117187,0.012969970703125,0,0.0022201538085936997
MCUCXR_0085_0,Montgomery,0,4,all_lossy,50,1.0,0.0151901245117187,0.02752685546875,0,0.0123367309570313
MCUCXR_0085_0,Montgomery,0,4,lungs_lossy,70,0.2655786074821852,0.0151901245117187,0.0189361572265625,0,0.0037460327148438003
MCUCXR_0085_0,Montgomery,0,4,background_lossy,70,0.7344213925178147,0.0151901245117187,0.0140609741210937,0,0.001129150390625
MCUCXR_0085_0,Montgomery,0,4,all_lossy,70,1.0,0.0151901245117187,0.017578125,0,0.0023880004882813003
MCUCXR_0086_0,Montgomery,0,2,lungs_lossy,10,0.209309122624703,0.003580093383789,0.453369140625,0,0.449789047241211
MCUCXR_0086_0,Montgomery,0,2,background_lossy,10,0.790690877375297,0.003580093383789,0.0120086669921875,0,0.0084285736083985
MCUCXR_0086_0,Montgomery,0,2,all_lossy,10,1.0,0.003580093383789,0.69287109375,1,0.689291000366211
MCUCXR_0086_0,Montgomery,0,2,lungs_lossy,30,0.209309122624703,0.003580093383789,0.435791015625,0,0.432210922241211
MCUCXR_0086_0,Montgomery,0,2,background_lossy,30,0.790690877375297,0.003580093383789,0.0046463012695312,0,0.0010662078857421996
MCUCXR_0086_0,Montgomery,0,2,all_lossy,30,1.0,0.003580093383789,0.46337890625,0,0.459798812866211
MCUCXR_0086_0,Montgomery,0,2,lungs_lossy,50,0.209309122624703,0.003580093383789,0.029754638671875,0,0.026174545288086
MCUCXR_0086_0,Montgomery,0,2,background_lossy,50,0.790690877375297,0.003580093383789,0.0036354064941406,0,5.5313110351599797e-05
MCUCXR_0086_0,Montgomery,0,2,all_lossy,50,1.0,0.003580093383789,0.027008056640625,0,0.023427963256836
MCUCXR_0086_0,Montgomery,0,2,lungs_lossy,70,0.209309122624703,0.003580093383789,0.0045394897460937,0,0.0009593963623046996
MCUCXR_0086_0,Montgomery,0,2,background_lossy,70,0.790690877375297,0.003580093383789,0.0034294128417968,0,0.00015068054199220008
MCUCXR_0086_0,Montgomery,0,2,all_lossy,70,1.0,0.003580093383789,0.0047569274902343,0,0.0011768341064453004
MCUCXR_0087_0,Montgomery,0,0,lungs_lossy,10,0.2899578755938242,0.0029010772705078,0.47900390625,0,0.4761028289794922
MCUCXR_0087_0,Montgomery,0,0,background_lossy,10,0.7100421244061758,0.0029010772705078,0.0005397796630859,0,0.0023612976074219
MCUCXR_0087_0,Montgomery,0,0,all_lossy,10,1.0,0.0029010772705078,0.51171875,1,0.5088176727294922
MCUCXR_0087_0,Montgomery,0,0,lungs_lossy,30,0.2899578755938242,0.0029010772705078,0.439697265625,0,0.4367961883544922
MCUCXR_0087_0,Montgomery,0,0,background_lossy,30,0.7100421244061758,0.0029010772705078,0.0005440711975097,0,0.0023570060729981
MCUCXR_0087_0,Montgomery,0,0,all_lossy,30,1.0,0.0029010772705078,0.1279296875,0,0.1250286102294922
MCUCXR_0087_0,Montgomery,0,0,lungs_lossy,50,0.2899578755938242,0.0029010772705078,0.0126724243164062,0,0.0097713470458984
MCUCXR_0087_0,Montgomery,0,0,background_lossy,50,0.7100421244061758,0.0029010772705078,0.0011510848999023,0,0.0017499923706055
MCUCXR_0087_0,Montgomery,0,0,all_lossy,50,1.0,0.0029010772705078,0.0051994323730468,0,0.0022983551025390005
MCUCXR_0087_0,Montgomery,0,0,lungs_lossy,70,0.2899578755938242,0.0029010772705078,0.0045204162597656,0,0.0016193389892578
MCUCXR_0087_0,Montgomery,0,0,background_lossy,70,0.7100421244061758,0.0029010772705078,0.0024929046630859,0,0.0004081726074218997
MCUCXR_0087_0,Montgomery,0,0,all_lossy,70,1.0,0.0029010772705078,0.0036506652832031,0,0.0007495880126952999
MCUCXR_0089_0,Montgomery,0,1,lungs_lossy,10,0.4024782883016627,0.2239990234375,0.259521484375,0,0.0355224609375
MCUCXR_0089_0,Montgomery,0,1,background_lossy,10,0.5975217116983373,0.2239990234375,0.1368408203125,0,0.087158203125
MCUCXR_0089_0,Montgomery,0,1,all_lossy,10,1.0,0.2239990234375,0.387451171875,0,0.1634521484375
MCUCXR_0089_0,Montgomery,0,1,lungs_lossy,30,0.4024782883016627,0.2239990234375,0.68212890625,1,0.4581298828125
MCUCXR_0089_0,Montgomery,0,1,background_lossy,30,0.5975217116983373,0.2239990234375,0.1966552734375,0,0.02734375
MCUCXR_0089_0,Montgomery,0,1,all_lossy,30,1.0,0.2239990234375,0.74609375,1,0.5220947265625
MCUCXR_0089_0,Montgomery,0,1,lungs_lossy,50,0.4024782883016627,0.2239990234375,0.60498046875,1,0.3809814453125
MCUCXR_0089_0,Montgomery,0,1,background_lossy,50,0.5975217116983373,0.2239990234375,0.255615234375,0,0.0316162109375
MCUCXR_0089_0,Montgomery,0,1,all_lossy,50,1.0,0.2239990234375,0.62548828125,1,0.4014892578125
MCUCXR_0089_0,Montgomery,0,1,lungs_lossy,70,0.4024782883016627,0.2239990234375,0.2430419921875,0,0.01904296875
MCUCXR_0089_0,Montgomery,0,1,background_lossy,70,0.5975217116983373,0.2239990234375,0.28857421875,0,0.0645751953125
MCUCXR_0089_0,Montgomery,0,1,all_lossy,70,1.0,0.2239990234375,0.306640625,0,0.0826416015625
MCUCXR_0090_0,Montgomery,0,3,lungs_lossy,10,0.4182331873515439,0.0020103454589843,0.0213623046875,0,0.0193519592285157
MCUCXR_0090_0,Montgomery,0,3,background_lossy,10,0.5817668126484561,0.0020103454589843,0.0054054260253906,0,0.0033950805664063
MCUCXR_0090_0,Montgomery,0,3,all_lossy,10,1.0,0.0020103454589843,0.056121826171875,0,0.0541114807128907
MCUCXR_0090_0,Montgomery,0,3,lungs_lossy,30,0.4182331873515439,0.0020103454589843,0.0109024047851562,0,0.0088920593261719
MCUCXR_0090_0,Montgomery,0,3,background_lossy,30,0.5817668126484561,0.0020103454589843,0.0035381317138671,0,0.0015277862548828
MCUCXR_0090_0,Montgomery,0,3,all_lossy,30,1.0,0.0020103454589843,0.009124755859375,0,0.0071144104003907
MCUCXR_0090_0,Montgomery,0,3,lungs_lossy,50,0.4182331873515439,0.0020103454589843,0.0037956237792968,0,0.0017852783203125
MCUCXR_0090_0,Montgomery,0,3,background_lossy,50,0.5817668126484561,0.0020103454589843,0.0013151168823242,0,0.0006952285766600999
MCUCXR_0090_0,Montgomery,0,3,all_lossy,50,1.0,0.0020103454589843,0.0019340515136718,0,7.62939453125e-05
MCUCXR_0090_0,Montgomery,0,3,lungs_lossy,70,0.4182331873515439,0.0020103454589843,0.0019121170043945,0,9.822845458979995e-05
MCUCXR_0090_0,Montgomery,0,3,background_lossy,70,0.5817668126484561,0.0020103454589843,0.0017480850219726,0,0.0002622604370116999
MCUCXR_0090_0,Montgomery,0,3,all_lossy,70,1.0,0.0020103454589843,0.0015792846679687,0,0.00043106079101560006
MCUCXR_0091_0,Montgomery,0,0,lungs_lossy,10,0.3070349614014251,0.1287841796875,0.99609375,1,0.8673095703125
MCUCXR_0091_0,Montgomery,0,0,background_lossy,10,0.6929650385985748,0.1287841796875,0.048126220703125,0,0.080657958984375
MCUCXR_0091_0,Montgomery,0,0,all_lossy,10,1.0,0.1287841796875,0.9873046875,1,0.8585205078125
MCUCXR_0091_0,Montgomery,0,0,lungs_lossy,30,0.3070349614014251,0.1287841796875,0.98046875,1,0.8516845703125
MCUCXR_0091_0,Montgomery,0,0,background_lossy,30,0.6929650385985748,0.1287841796875,0.01971435546875,0,0.10906982421875
MCUCXR_0091_0,Montgomery,0,0,all_lossy,30,1.0,0.1287841796875,0.74169921875,1,0.6129150390625
MCUCXR_0091_0,Montgomery,0,0,lungs_lossy,50,0.3070349614014251,0.1287841796875,0.51220703125,1,0.3834228515625
MCUCXR_0091_0,Montgomery,0,0,background_lossy,50,0.6929650385985748,0.1287841796875,0.0970458984375,0,0.03173828125
MCUCXR_0091_0,Montgomery,0,0,all_lossy,50,1.0,0.1287841796875,0.434814453125,0,0.3060302734375
MCUCXR_0091_0,Montgomery,0,0,lungs_lossy,70,0.3070349614014251,0.1287841796875,0.167724609375,0,0.0389404296875
MCUCXR_0091_0,Montgomery,0,0,background_lossy,70,0.6929650385985748,0.1287841796875,0.1217041015625,0,0.007080078125
MCUCXR_0091_0,Montgomery,0,0,all_lossy,70,1.0,0.1287841796875,0.1568603515625,0,0.028076171875
MCUCXR_0092_0,Montgomery,0,4,lungs_lossy,10,0.2712941656769596,0.055511474609375,0.1798095703125,0,0.124298095703125
MCUCXR_0092_0,Montgomery,0,4,background_lossy,10,0.7287058343230404,0.055511474609375,0.0352783203125,0,0.020233154296875
MCUCXR_0092_0,Montgomery,0,4,all_lossy,10,1.0,0.055511474609375,0.1700439453125,0,0.114532470703125
MCUCXR_0092_0,Montgomery,0,4,lungs_lossy,30,0.2712941656769596,0.055511474609375,0.1358642578125,0,0.080352783203125
MCUCXR_0092_0,Montgomery,0,4,background_lossy,30,0.7287058343230404,0.055511474609375,0.03533935546875,0,0.020172119140625
MCUCXR_0092_0,Montgomery,0,4,all_lossy,30,1.0,0.055511474609375,0.09771728515625,0,0.042205810546875
MCUCXR_0092_0,Montgomery,0,4,lungs_lossy,50,0.2712941656769596,0.055511474609375,0.09503173828125,0,0.039520263671875
MCUCXR_0092_0,Montgomery,0,4,background_lossy,50,0.7287058343230404,0.055511474609375,0.047088623046875,0,0.0084228515625
MCUCXR_0092_0,Montgomery,0,4,all_lossy,50,1.0,0.055511474609375,0.07720947265625,0,0.021697998046875
MCUCXR_0092_0,Montgomery,0,4,lungs_lossy,70,0.2712941656769596,0.055511474609375,0.0574951171875,0,0.001983642578125
MCUCXR_0092_0,Montgomery,0,4,background_lossy,70,0.7287058343230404,0.055511474609375,0.0526123046875,0,0.002899169921875
MCUCXR_0092_0,Montgomery,0,4,all_lossy,70,1.0,0.055511474609375,0.05450439453125,0,0.001007080078125
MCUCXR_0094_0,Montgomery,0,1,lungs_lossy,10,0.2562351543942993,0.1224365234375,0.79150390625,1,0.6690673828125
MCUCXR_0094_0,Montgomery,0,1,background_lossy,10,0.7437648456057007,0.1224365234375,0.03662109375,0,0.0858154296875
MCUCXR_0094_0,Montgomery,0,1,all_lossy,10,1.0,0.1224365234375,0.7529296875,1,0.6304931640625
MCUCXR_0094_0,Montgomery,0,1,lungs_lossy,30,0.2562351543942993,0.1224365234375,0.27001953125,0,0.1475830078125
MCUCXR_0094_0,Montgomery,0,1,background_lossy,30,0.7437648456057007,0.1224365234375,0.0285491943359375,0,0.0938873291015625
MCUCXR_0094_0,Montgomery,0,1,all_lossy,30,1.0,0.1224365234375,0.09857177734375,0,0.02386474609375
MCUCXR_0094_0,Montgomery,0,1,lungs_lossy,50,0.2562351543942993,0.1224365234375,0.133544921875,0,0.0111083984375
MCUCXR_0094_0,Montgomery,0,1,background_lossy,50,0.7437648456057007,0.1224365234375,0.045257568359375,0,0.077178955078125
MCUCXR_0094_0,Montgomery,0,1,all_lossy,50,1.0,0.1224365234375,0.06744384765625,0,0.05499267578125
MCUCXR_0094_0,Montgomery,0,1,lungs_lossy,70,0.2562351543942993,0.1224365234375,0.056243896484375,0,0.066192626953125
MCUCXR_0094_0,Montgomery,0,1,background_lossy,70,0.7437648456057007,0.1224365234375,0.09844970703125,0,0.02398681640625
MCUCXR_0094_0,Montgomery,0,1,all_lossy,70,1.0,0.1224365234375,0.0460205078125,0,0.076416015625
MCUCXR_0095_0,Montgomery,0,2,lungs_lossy,10,0.36658903652019,0.062225341796875,0.70556640625,1,0.643341064453125
MCUCXR_0095_0,Montgomery,0,2,background_lossy,10,0.63341096347981,0.062225341796875,0.1666259765625,0,0.104400634765625
MCUCXR_0095_0,Montgomery,0,2,all_lossy,10,1.0,0.062225341796875,0.87353515625,1,0.811309814453125
MCUCXR_0095_0,Montgomery,0,2,lungs_lossy,30,0.36658903652019,0.062225341796875,0.87841796875,1,0.816192626953125
MCUCXR_0095_0,Montgomery,0,2,background_lossy,30,0.63341096347981,0.062225341796875,0.140869140625,0,0.078643798828125
MCUCXR_0095_0,Montgomery,0,2,all_lossy,30,1.0,0.062225341796875,0.94189453125,1,0.879669189453125
MCUCXR_0095_0,Montgomery,0,2,lungs_lossy,50,0.36658903652019,0.062225341796875,0.169921875,0,0.107696533203125
MCUCXR_0095_0,Montgomery,0,2,background_lossy,50,0.63341096347981,0.062225341796875,0.1402587890625,0,0.078033447265625
MCUCXR_0095_0,Montgomery,0,2,all_lossy,50,1.0,0.062225341796875,0.27783203125,0,0.215606689453125
MCUCXR_0095_0,Montgomery,0,2,lungs_lossy,70,0.36658903652019,0.062225341796875,0.07183837890625,0,0.009613037109375
MCUCXR_0095_0,Montgomery,0,2,background_lossy,70,0.63341096347981,0.062225341796875,0.060302734375,0,0.001922607421875
MCUCXR_0095_0,Montgomery,0,2,all_lossy,70,1.0,0.062225341796875,0.07135009765625,0,0.009124755859375
MCUCXR_0096_0,Montgomery,0,4,lungs_lossy,10,0.3018482779097387,0.0111618041992187,0.2371826171875,0,0.2260208129882813
MCUCXR_0096_0,Montgomery,0,4,background_lossy,10,0.6981517220902613,0.0111618041992187,0.0131683349609375,0,0.0020065307617188003
MCUCXR_0096_0,Montgomery,0,4,all_lossy,10,1.0,0.0111618041992187,0.1951904296875,0,0.1840286254882813
MCUCXR_0096_0,Montgomery,0,4,lungs_lossy,30,0.3018482779097387,0.0111618041992187,0.0699462890625,0,0.0587844848632813
MCUCXR_0096_0,Montgomery,0,4,background_lossy,30,0.6981517220902613,0.0111618041992187,0.0122909545898437,0,0.001129150390625
MCUCXR_0096_0,Montgomery,0,4,all_lossy,30,1.0,0.0111618041992187,0.058441162109375,0,0.0472793579101563
MCUCXR_0096_0,Montgomery,0,4,lungs_lossy,50,0.3018482779097387,0.0111618041992187,0.0299224853515625,0,0.0187606811523438
MCUCXR_0096_0,Montgomery,0,4,background_lossy,50,0.6981517220902613,0.0111618041992187,0.0126266479492187,0,0.00146484375
MCUCXR_0096_0,Montgomery,0,4,all_lossy,50,1.0,0.0111618041992187,0.033203125,0,0.0220413208007813
MCUCXR_0096_0,Montgomery,0,4,lungs_lossy,70,0.3018482779097387,0.0111618041992187,0.0127716064453125,0,0.0016098022460938003
MCUCXR_0096_0,Montgomery,0,4,background_lossy,70,0.6981517220902613,0.0111618041992187,0.0100936889648437,0,0.001068115234375
MCUCXR_0096_0,Montgomery,0,4,all_lossy,70,1.0,0.0111618041992187,0.0122909545898437,0,0.001129150390625
MCUCXR_0097_0,Montgomery,0,0,lungs_lossy,10,0.2680281324228028,0.0008797645568847,0.0282135009765625,0,0.0273337364196778
MCUCXR_0097_0,Montgomery,0,0,background_lossy,10,0.7319718675771971,0.0008797645568847,0.0007948875427246,0,8.487701416009998e-05
MCUCXR_0097_0,Montgomery,0,0,all_lossy,10,1.0,0.0008797645568847,0.2386474609375,0,0.2377676963806153
MCUCXR_0097_0,Montgomery,0,0,lungs_lossy,30,0.2680281324228028,0.0008797645568847,0.0042648315429687,0,0.0033850669860839996
MCUCXR_0097_0,Montgomery,0,0,background_lossy,30,0.7319718675771971,0.0008797645568847,0.0003302097320556,0,0.0005495548248291
MCUCXR_0097_0,Montgomery,0,0,all_lossy,30,1.0,0.0008797645568847,0.0042800903320312,0,0.0034003257751464996
MCUCXR_0097_0,Montgomery,0,0,lungs_lossy,50,0.2680281324228028,0.0008797645568847,0.0007672309875488,0,0.00011253356933589999
MCUCXR_0097_0,Montgomery,0,0,background_lossy,50,0.7319718675771971,0.0008797645568847,0.0006313323974609,0,0.00024843215942380004
MCUCXR_0097_0,Montgomery,0,0,all_lossy,50,1.0,0.0008797645568847,0.0005092620849609,0,0.00037050247192380004
MCUCXR_0097_0,Montgomery,0,0,lungs_lossy,70,0.2680281324228028,0.0008797645568847,0.0007853507995605,0,9.44137573242e-05
MCUCXR_0097_0,Montgomery,0,0,background_lossy,70,0.7319718675771971,0.0008797645568847,0.0010004043579101,0,0.00012063980102540006
MCUCXR_0097_0,Montgomery,0,0,all_lossy,70,1.0,0.0008797645568847,0.0008525848388671,0,2.7179718017600026e-05
MCUCXR_0099_0,Montgomery,0,2,lungs_lossy,10,0.3637266181710213,0.07684326171875,0.9970703125,1,0.92022705078125
MCUCXR_0099_0,Montgomery,0,2,background_lossy,10,0.6362733818289786,0.07684326171875,0.05889892578125,0,0.0179443359375
MCUCXR_0099_0,Montgomery,0,2,all_lossy,10,1.0,0.07684326171875,0.98193359375,1,0.90509033203125
MCUCXR_0099_0,Montgomery,0,2,lungs_lossy,30,0.3637266181710213,0.07684326171875,0.98681640625,1,0.90997314453125
MCUCXR_0099_0,Montgomery,0,2,background_lossy,30,0.6362733818289786,0.07684326171875,0.0869140625,0,0.01007080078125
MCUCXR_0099_0,Montgomery,0,2,all_lossy,30,1.0,0.07684326171875,0.98583984375,1,0.90899658203125
MCUCXR_0099_0,Montgomery,0,2,lungs_lossy,50,0.3637266181710213,0.07684326171875,0.34765625,0,0.27081298828125
MCUCXR_0099_0,Montgomery,0,2,background_lossy,50,0.6362733818289786,0.07684326171875,0.031494140625,0,0.04534912109375
MCUCXR_0099_0,Montgomery,0,2,all_lossy,50,1.0,0.07684326171875,0.1500244140625,0,0.07318115234375
MCUCXR_0099_0,Montgomery,0,2,lungs_lossy,70,0.3637266181710213,0.07684326171875,0.04083251953125,0,0.0360107421875
MCUCXR_0099_0,Montgomery,0,2,background_lossy,70,0.6362733818289786,0.07684326171875,0.0704345703125,0,0.00640869140625
MCUCXR_0099_0,Montgomery,0,2,all_lossy,70,1.0,0.07684326171875,0.04046630859375,0,0.036376953125
MCUCXR_0100_0,Montgomery,0,2,lungs_lossy,10,0.2940960881828978,0.049957275390625,0.9638671875,1,0.913909912109375
MCUCXR_0100_0,Montgomery,0,2,background_lossy,10,0.7059039118171022,0.049957275390625,0.0816650390625,0,0.031707763671875
MCUCXR_0100_0,Montgomery,0,2,all_lossy,10,1.0,0.049957275390625,0.98779296875,1,0.937835693359375
MCUCXR_0100_0,Montgomery,0,2,lungs_lossy,30,0.2940960881828978,0.049957275390625,0.9384765625,1,0.888519287109375
MCUCXR_0100_0,Montgomery,0,2,background_lossy,30,0.7059039118171022,0.049957275390625,0.0701904296875,0,0.020233154296875
MCUCXR_0100_0,Montgomery,0,2,all_lossy,30,1.0,0.049957275390625,0.9501953125,1,0.900238037109375
MCUCXR_0100_0,Montgomery,0,2,lungs_lossy,50,0.2940960881828978,0.049957275390625,0.1845703125,0,0.134613037109375
MCUCXR_0100_0,Montgomery,0,2,background_lossy,50,0.7059039118171022,0.049957275390625,0.042327880859375,0,0.00762939453125
MCUCXR_0100_0,Montgomery,0,2,all_lossy,50,1.0,0.049957275390625,0.164306640625,0,0.114349365234375
MCUCXR_0100_0,Montgomery,0,2,lungs_lossy,70,0.2940960881828978,0.049957275390625,0.09332275390625,0,0.043365478515625
MCUCXR_0100_0,Montgomery,0,2,background_lossy,70,0.7059039118171022,0.049957275390625,0.0394287109375,0,0.010528564453125
MCUCXR_0100_0,Montgomery,0,2,all_lossy,70,1.0,0.049957275390625,0.07794189453125,0,0.027984619140625
MCUCXR_0101_0,Montgomery,0,0,lungs_lossy,10,0.2574552776128266,0.015960693359375,0.6923828125,1,0.676422119140625
MCUCXR_0101_0,Montgomery,0,0,background_lossy,10,0.7425447223871734,0.015960693359375,0.0029582977294921,0,0.0130023956298829
MCUCXR_0101_0,Montgomery,0,0,all_lossy,10,1.0,0.015960693359375,0.424560546875,0,0.408599853515625
MCUCXR_0101_0,Montgomery,0,0,lungs_lossy,30,0.2574552776128266,0.015960693359375,0.7783203125,1,0.762359619140625
MCUCXR_0101_0,Montgomery,0,0,background_lossy,30,0.7425447223871734,0.015960693359375,0.0042648315429687,0,0.0116958618164063
MCUCXR_0101_0,Montgomery,0,0,all_lossy,30,1.0,0.015960693359375,0.235595703125,0,0.219635009765625
MCUCXR_0101_0,Montgomery,0,0,lungs_lossy,50,0.2574552776128266,0.015960693359375,0.0033760070800781,0,0.0125846862792969
MCUCXR_0101_0,Montgomery,0,0,background_lossy,50,0.7425447223871734,0.015960693359375,0.0083465576171875,0,0.0076141357421875
MCUCXR_0101_0,Montgomery,0,0,all_lossy,50,1.0,0.015960693359375,0.0013990402221679,0,0.0145616531372071
MCUCXR_0101_0,Montgomery,0,0,lungs_lossy,70,0.2574552776128266,0.015960693359375,0.01312255859375,0,0.002838134765625
MCUCXR_0101_0,Montgomery,0,0,background_lossy,70,0.7425447223871734,0.015960693359375,0.0143356323242187,0,0.0016250610351563003
MCUCXR_0101_0,Montgomery,0,0,all_lossy,70,1.0,0.015960693359375,0.0117340087890625,0,0.0042266845703125
MCUCXR_0102_0,Montgomery,0,1,lungs_lossy,10,0.3736128637173396,0.033660888671875,0.814453125,1,0.780792236328125
MCUCXR_0102_0,Montgomery,0,1,background_lossy,10,0.6263871362826603,0.033660888671875,0.049957275390625,0,0.01629638671875
MCUCXR_0102_0,Montgomery,0,1,all_lossy,10,1.0,0.033660888671875,0.92822265625,1,0.894561767578125
MCUCXR_0102_0,Montgomery,0,1,lungs_lossy,30,0.3736128637173396,0.033660888671875,0.69921875,1,0.665557861328125
MCUCXR_0102_0,Montgomery,0,1,background_lossy,30,0.6263871362826603,0.033660888671875,0.03125,0,0.002410888671875
MCUCXR_0102_0,Montgomery,0,1,all_lossy,30,1.0,0.033660888671875,0.58544921875,1,0.551788330078125
MCUCXR_0102_0,Montgomery,0,1,lungs_lossy,50,0.3736128637173396,0.033660888671875,0.410888671875,0,0.377227783203125
MCUCXR_0102_0,Montgomery,0,1,background_lossy,50,0.6263871362826603,0.033660888671875,0.021820068359375,0,0.0118408203125
MCUCXR_0102_0,Montgomery,0,1,all_lossy,50,1.0,0.033660888671875,0.2091064453125,0,0.175445556640625
MCUCXR_0102_0,Montgomery,0,1,lungs_lossy,70,0.3736128637173396,0.033660888671875,0.06744384765625,0,0.033782958984375
MCUCXR_0102_0,Montgomery,0,1,background_lossy,70,0.6263871362826603,0.033660888671875,0.0271759033203125,0,0.0064849853515625
MCUCXR_0102_0,Montgomery,0,1,all_lossy,70,1.0,0.033660888671875,0.07122802734375,0,0.037567138671875
MCUCXR_0103_0,Montgomery,0,4,lungs_lossy,10,0.3216254082541567,0.009124755859375,0.2239990234375,0,0.214874267578125
MCUCXR_0103_0,Montgomery,0,4,background_lossy,10,0.6783745917458432,0.009124755859375,0.013427734375,0,0.004302978515625
MCUCXR_0103_0,Montgomery,0,4,all_lossy,10,1.0,0.009124755859375,0.297119140625,0,0.287994384765625
MCUCXR_0103_0,Montgomery,0,4,lungs_lossy,30,0.3216254082541567,0.009124755859375,0.06951904296875,0,0.060394287109375
MCUCXR_0103_0,Montgomery,0,4,background_lossy,30,0.6783745917458432,0.009124755859375,0.0094528198242187,0,0.0003280639648436997
MCUCXR_0103_0,Montgomery,0,4,all_lossy,30,1.0,0.009124755859375,0.0616455078125,0,0.052520751953125
MCUCXR_0103_0,Montgomery,0,4,lungs_lossy,50,0.3216254082541567,0.009124755859375,0.0164031982421875,0,0.0072784423828125
MCUCXR_0103_0,Montgomery,0,4,background_lossy,50,0.6783745917458432,0.009124755859375,0.0099716186523437,0,0.0008468627929686997
MCUCXR_0103_0,Montgomery,0,4,all_lossy,50,1.0,0.009124755859375,0.017242431640625,0,0.00811767578125
MCUCXR_0103_0,Montgomery,0,4,lungs_lossy,70,0.3216254082541567,0.009124755859375,0.0111160278320312,0,0.0019912719726561997
MCUCXR_0103_0,Montgomery,0,4,background_lossy,70,0.6783745917458432,0.009124755859375,0.0086441040039062,0,0.0004806518554688003
MCUCXR_0103_0,Montgomery,0,4,all_lossy,70,1.0,0.009124755859375,0.0106124877929687,0,0.0014877319335936997
MCUCXR_0104_1,Montgomery,1,2,lungs_lossy,10,0.3762711549881235,0.96240234375,0.9912109375,0,0.02880859375
MCUCXR_0104_1,Montgomery,1,2,background_lossy,10,0.6237288450118765,0.96240234375,0.87548828125,0,0.0869140625
MCUCXR_0104_1,Montgomery,1,2,all_lossy,10,1.0,0.96240234375,0.916015625,0,0.04638671875
MCUCXR_0104_1,Montgomery,1,2,lungs_lossy,30,0.3762711549881235,0.96240234375,0.998046875,0,0.03564453125
MCUCXR_0104_1,Montgomery,1,2,background_lossy,30,0.6237288450118765,0.96240234375,0.97119140625,0,0.0087890625
MCUCXR_0104_1,Montgomery,1,2,all_lossy,30,1.0,0.96240234375,0.998046875,0,0.03564453125
MCUCXR_0104_1,Montgomery,1,2,lungs_lossy,50,0.3762711549881235,0.96240234375,0.986328125,0,0.02392578125
MCUCXR_0104_1,Montgomery,1,2,background_lossy,50,0.6237288450118765,0.96240234375,0.97705078125,0,0.0146484375
MCUCXR_0104_1,Montgomery,1,2,all_lossy,50,1.0,0.96240234375,0.98876953125,0,0.0263671875
MCUCXR_0104_1,Montgomery,1,2,lungs_lossy,70,0.3762711549881235,0.96240234375,0.94189453125,0,0.0205078125
MCUCXR_0104_1,Montgomery,1,2,background_lossy,70,0.6237288450118765,0.96240234375,0.97265625,0,0.01025390625
MCUCXR_0104_1,Montgomery,1,2,all_lossy,70,1.0,0.96240234375,0.9560546875,0,0.00634765625
MCUCXR_0108_1,Montgomery,1,2,lungs_lossy,10,0.2954925029691211,0.99951171875,1.0,0,0.00048828125
MCUCXR_0108_1,Montgomery,1,2,background_lossy,10,0.7045074970308789,0.99951171875,0.99755859375,0,0.001953125
MCUCXR_0108_1,Montgomery,1,2,all_lossy,10,1.0,0.99951171875,1.0,0,0.00048828125
MCUCXR_0108_1,Montgomery,1,2,lungs_lossy,30,0.2954925029691211,0.99951171875,1.0,0,0.00048828125
MCUCXR_0108_1,Montgomery,1,2,background_lossy,30,0.7045074970308789,0.99951171875,0.9990234375,0,0.00048828125
MCUCXR_0108_1,Montgomery,1,2,all_lossy,30,1.0,0.99951171875,1.0,0,0.00048828125
MCUCXR_0108_1,Montgomery,1,2,lungs_lossy,50,0.2954925029691211,0.99951171875,1.0,0,0.00048828125
MCUCXR_0108_1,Montgomery,1,2,background_lossy,50,0.7045074970308789,0.99951171875,0.99951171875,0,0.0
MCUCXR_0108_1,Montgomery,1,2,all_lossy,50,1.0,0.99951171875,1.0,0,0.00048828125
MCUCXR_0108_1,Montgomery,1,2,lungs_lossy,70,0.2954925029691211,0.99951171875,0.99951171875,0,0.0
MCUCXR_0108_1,Montgomery,1,2,background_lossy,70,0.7045074970308789,0.99951171875,0.99951171875,0,0.0
MCUCXR_0108_1,Montgomery,1,2,all_lossy,70,1.0,0.99951171875,0.99951171875,0,0.0
MCUCXR_0113_1,Montgomery,1,2,lungs_lossy,10,0.2042476989311163,1.0,0.99951171875,0,0.00048828125
MCUCXR_0113_1,Montgomery,1,2,background_lossy,10,0.7957523010688836,1.0,0.99755859375,0,0.00244140625
MCUCXR_0113_1,Montgomery,1,2,all_lossy,10,1.0,1.0,0.97265625,0,0.02734375
MCUCXR_0113_1,Montgomery,1,2,lungs_lossy,30,0.2042476989311163,1.0,1.0,0,0.0
MCUCXR_0113_1,Montgomery,1,2,background_lossy,30,0.7957523010688836,1.0,0.9990234375,0,0.0009765625
MCUCXR_0113_1,Montgomery,1,2,all_lossy,30,1.0,1.0,0.99853515625,0,0.00146484375
MCUCXR_0113_1,Montgomery,1,2,lungs_lossy,50,0.2042476989311163,1.0,1.0,0,0.0
MCUCXR_0113_1,Montgomery,1,2,background_lossy,50,0.7957523010688836,1.0,1.0,0,0.0
MCUCXR_0113_1,Montgomery,1,2,all_lossy,50,1.0,1.0,1.0,0,0.0
MCUCXR_0113_1,Montgomery,1,2,lungs_lossy,70,0.2042476989311163,1.0,1.0,0,0.0
MCUCXR_0113_1,Montgomery,1,2,background_lossy,70,0.7957523010688836,1.0,1.0,0,0.0
MCUCXR_0113_1,Montgomery,1,2,all_lossy,70,1.0,1.0,1.0,0,0.0
MCUCXR_0117_1,Montgomery,1,4,lungs_lossy,10,0.2036631532066508,0.318359375,0.6904296875,1,0.3720703125
MCUCXR_0117_1,Montgomery,1,4,background_lossy,10,0.7963368467933492,0.318359375,0.2259521484375,0,0.0924072265625
MCUCXR_0117_1,Montgomery,1,4,all_lossy,10,1.0,0.318359375,0.57080078125,1,0.25244140625
MCUCXR_0117_1,Montgomery,1,4,lungs_lossy,30,0.2036631532066508,0.318359375,0.77001953125,1,0.45166015625
MCUCXR_0117_1,Montgomery,1,4,background_lossy,30,0.7963368467933492,0.318359375,0.273681640625,0,0.044677734375
MCUCXR_0117_1,Montgomery,1,4,all_lossy,30,1.0,0.318359375,0.6923828125,1,0.3740234375
MCUCXR_0117_1,Montgomery,1,4,lungs_lossy,50,0.2036631532066508,0.318359375,0.43896484375,0,0.12060546875
MCUCXR_0117_1,Montgomery,1,4,background_lossy,50,0.7963368467933492,0.318359375,0.28076171875,0,0.03759765625
MCUCXR_0117_1,Montgomery,1,4,all_lossy,50,1.0,0.318359375,0.384521484375,0,0.066162109375
MCUCXR_0117_1,Montgomery,1,4,lungs_lossy,70,0.2036631532066508,0.318359375,0.3359375,0,0.017578125
MCUCXR_0117_1,Montgomery,1,4,background_lossy,70,0.7963368467933492,0.318359375,0.295166015625,0,0.023193359375
MCUCXR_0117_1,Montgomery,1,4,all_lossy,70,1.0,0.318359375,0.309814453125,0,0.008544921875
MCUCXR_0126_1,Montgomery,1,4,lungs_lossy,10,0.2267248738123515,0.04345703125,0.5048828125,1,0.46142578125
MCUCXR_0126_1,Montgomery,1,4,background_lossy,10,0.7732751261876485,0.04345703125,0.06268310546875,0,0.01922607421875
MCUCXR_0126_1,Montgomery,1,4,all_lossy,10,1.0,0.04345703125,0.455322265625,0,0.411865234375
MCUCXR_0126_1,Montgomery,1,4,lungs_lossy,30,0.2267248738123515,0.04345703125,0.1922607421875,0,0.1488037109375
MCUCXR_0126_1,Montgomery,1,4,background_lossy,30,0.7732751261876485,0.04345703125,0.04302978515625,0,0.00042724609375
MCUCXR_0126_1,Montgomery,1,4,all_lossy,30,1.0,0.04345703125,0.177490234375,0,0.134033203125
MCUCXR_0126_1,Montgomery,1,4,lungs_lossy,50,0.2267248738123515,0.04345703125,0.06683349609375,0,0.02337646484375
MCUCXR_0126_1,Montgomery,1,4,background_lossy,50,0.7732751261876485,0.04345703125,0.048858642578125,0,0.005401611328125
MCUCXR_0126_1,Montgomery,1,4,all_lossy,50,1.0,0.04345703125,0.07574462890625,0,0.03228759765625
MCUCXR_0126_1,Montgomery,1,4,lungs_lossy,70,0.2267248738123515,0.04345703125,0.045684814453125,0,0.002227783203125
MCUCXR_0126_1,Montgomery,1,4,background_lossy,70,0.7732751261876485,0.04345703125,0.041839599609375,0,0.001617431640625
MCUCXR_0126_1,Montgomery,1,4,all_lossy,70,1.0,0.04345703125,0.044586181640625,0,0.001129150390625
MCUCXR_0140_1,Montgomery,1,0,lungs_lossy,10,0.2881810421615202,0.15185546875,0.9921875,1,0.84033203125
MCUCXR_0140_1,Montgomery,1,0,background_lossy,10,0.7118189578384798,0.15185546875,0.1429443359375,0,0.0089111328125
MCUCXR_0140_1,Montgomery,1,0,all_lossy,10,1.0,0.15185546875,0.99462890625,1,0.8427734375
MCUCXR_0140_1,Montgomery,1,0,lungs_lossy,30,0.2881810421615202,0.15185546875,0.9609375,1,0.80908203125
MCUCXR_0140_1,Montgomery,1,0,background_lossy,30,0.7118189578384798,0.15185546875,0.04840087890625,0,0.10345458984375
MCUCXR_0140_1,Montgomery,1,0,all_lossy,30,1.0,0.15185546875,0.8642578125,1,0.71240234375
MCUCXR_0140_1,Montgomery,1,0,lungs_lossy,50,0.2881810421615202,0.15185546875,0.27197265625,0,0.1201171875
MCUCXR_0140_1,Montgomery,1,0,background_lossy,50,0.7118189578384798,0.15185546875,0.1083984375,0,0.04345703125
MCUCXR_0140_1,Montgomery,1,0,all_lossy,50,1.0,0.15185546875,0.155517578125,0,0.003662109375
MCUCXR_0140_1,Montgomery,1,0,lungs_lossy,70,0.2881810421615202,0.15185546875,0.1217041015625,0,0.0301513671875
MCUCXR_0140_1,Montgomery,1,0,background_lossy,70,0.7118189578384798,0.15185546875,0.1015625,0,0.05029296875
MCUCXR_0140_1,Montgomery,1,0,all_lossy,70,1.0,0.15185546875,0.0809326171875,0,0.0709228515625
MCUCXR_0141_1,Montgomery,1,1,lungs_lossy,10,0.3895486935866983,0.96435546875,0.99853515625,0,0.0341796875
MCUCXR_0141_1,Montgomery,1,1,background_lossy,10,0.6104513064133017,0.96435546875,0.92919921875,0,0.03515625
MCUCXR_0141_1,Montgomery,1,1,all_lossy,10,1.0,0.96435546875,0.9970703125,0,0.03271484375
MCUCXR_0141_1,Montgomery,1,1,lungs_lossy,30,0.3895486935866983,0.96435546875,0.98681640625,0,0.0224609375
MCUCXR_0141_1,Montgomery,1,1,background_lossy,30,0.6104513064133017,0.96435546875,0.87841796875,0,0.0859375
MCUCXR_0141_1,Montgomery,1,1,all_lossy,30,1.0,0.96435546875,0.9443359375,0,0.02001953125
MCUCXR_0141_1,Montgomery,1,1,lungs_lossy,50,0.3895486935866983,0.96435546875,0.9794921875,0,0.01513671875
MCUCXR_0141_1,Montgomery,1,1,background_lossy,50,0.6104513064133017,0.96435546875,0.92138671875,0,0.04296875
MCUCXR_0141_1,Montgomery,1,1,all_lossy,50,1.0,0.96435546875,0.95654296875,0,0.0078125
MCUCXR_0141_1,Montgomery,1,1,lungs_lossy,70,0.3895486935866983,0.96435546875,0.95263671875,0,0.01171875
MCUCXR_0141_1,Montgomery,1,1,background_lossy,70,0.6104513064133017,0.96435546875,0.9541015625,0,0.01025390625
MCUCXR_0141_1,Montgomery,1,1,all_lossy,70,1.0,0.96435546875,0.9453125,0,0.01904296875
MCUCXR_0142_1,Montgomery,1,2,lungs_lossy,10,0.271396229216152,0.0185089111328125,0.9892578125,1,0.9707489013671875
MCUCXR_0142_1,Montgomery,1,2,background_lossy,10,0.728603770783848,0.0185089111328125,0.0061683654785156,0,0.0123405456542969
MCUCXR_0142_1,Montgomery,1,2,all_lossy,10,1.0,0.0185089111328125,0.884765625,1,0.8662567138671875
MCUCXR_0142_1,Montgomery,1,2,lungs_lossy,30,0.271396229216152,0.0185089111328125,0.94482421875,1,0.9263153076171875
MCUCXR_0142_1,Montgomery,1,2,background_lossy,30,0.728603770783848,0.0185089111328125,0.0141143798828125,0,0.00439453125
MCUCXR_0142_1,Montgomery,1,2,all_lossy,30,1.0,0.0185089111328125,0.86279296875,1,0.8442840576171875
MCUCXR_0142_1,Montgomery,1,2,lungs_lossy,50,0.271396229216152,0.0185089111328125,0.09503173828125,0,0.0765228271484375
MCUCXR_0142_1,Montgomery,1,2,background_lossy,50,0.728603770783848,0.0185089111328125,0.0112457275390625,0,0.00726318359375
MCUCXR_0142_1,Montgomery,1,2,all_lossy,50,1.0,0.0185089111328125,0.058441162109375,0,0.0399322509765625
MCUCXR_0142_1,Montgomery,1,2,lungs_lossy,70,0.271396229216152,0.0185089111328125,0.0285491943359375,0,0.010040283203125
MCUCXR_0142_1,Montgomery,1,2,background_lossy,70,0.728603770783848,0.0185089111328125,0.014556884765625,0,0.0039520263671875
MCUCXR_0142_1,Montgomery,1,2,all_lossy,70,1.0,0.0185089111328125,0.02044677734375,0,0.0019378662109375
MCUCXR_0144_1,Montgomery,1,0,lungs_lossy,10,0.2959935421615202,0.99853515625,1.0,0,0.00146484375
MCUCXR_0144_1,Montgomery,1,0,background_lossy,10,0.7040064578384798,0.99853515625,0.9814453125,0,0.01708984375
MCUCXR_0144_1,Montgomery,1,0,all_lossy,10,1.0,0.99853515625,0.99462890625,0,0.00390625
MCUCXR_0144_1,Montgomery,1,0,lungs_lossy,30,0.2959935421615202,0.99853515625,1.0,0,0.00146484375
MCUCXR_0144_1,Montgomery,1,0,background_lossy,30,0.7040064578384798,0.99853515625,0.97900390625,0,0.01953125
MCUCXR_0144_1,Montgomery,1,0,all_lossy,30,1.0,0.99853515625,0.99853515625,0,0.0
MCUCXR_0144_1,Montgomery,1,0,lungs_lossy,50,0.2959935421615202,0.99853515625,0.99853515625,0,0.0
MCUCXR_0144_1,Montgomery,1,0,background_lossy,50,0.7040064578384798,0.99853515625,0.9951171875,0,0.00341796875
MCUCXR_0144_1,Montgomery,1,0,all_lossy,50,1.0,0.99853515625,0.9951171875,0,0.00341796875
MCUCXR_0144_1,Montgomery,1,0,lungs_lossy,70,0.2959935421615202,0.99853515625,0.99853515625,0,0.0
MCUCXR_0144_1,Montgomery,1,0,background_lossy,70,0.7040064578384798,0.99853515625,0.99755859375,0,0.0009765625
MCUCXR_0144_1,Montgomery,1,0,all_lossy,70,1.0,0.99853515625,0.99755859375,0,0.0009765625
MCUCXR_0150_1,Montgomery,1,1,lungs_lossy,10,0.2778123144299287,1.0,0.998046875,0,0.001953125
MCUCXR_0150_1,Montgomery,1,1,background_lossy,10,0.7221876855700713,1.0,1.0,0,0.0
MCUCXR_0150_1,Montgomery,1,1,all_lossy,10,1.0,1.0,0.998046875,0,0.001953125
MCUCXR_0150_1,Montgomery,1,1,lungs_lossy,30,0.2778123144299287,1.0,1.0,0,0.0
MCUCXR_0150_1,Montgomery,1,1,background_lossy,30,0.7221876855700713,1.0,1.0,0,0.0
MCUCXR_0150_1,Montgomery,1,1,all_lossy,30,1.0,1.0,1.0,0,0.0
MCUCXR_0150_1,Montgomery,1,1,lungs_lossy,50,0.2778123144299287,1.0,1.0,0,0.0
MCUCXR_0150_1,Montgomery,1,1,background_lossy,50,0.7221876855700713,1.0,1.0,0,0.0
MCUCXR_0150_1,Montgomery,1,1,all_lossy,50,1.0,1.0,1.0,0,0.0
MCUCXR_0150_1,Montgomery,1,1,lungs_lossy,70,0.2778123144299287,1.0,1.0,0,0.0
MCUCXR_0150_1,Montgomery,1,1,background_lossy,70,0.7221876855700713,1.0,1.0,0,0.0
MCUCXR_0150_1,Montgomery,1,1,all_lossy,70,1.0,1.0,1.0,0,0.0
MCUCXR_0162_1,Montgomery,1,1,lungs_lossy,10,0.3988689504156769,1.0,0.9951171875,0,0.0048828125
MCUCXR_0162_1,Montgomery,1,1,background_lossy,10,0.6011310495843231,1.0,1.0,0,0.0
MCUCXR_0162_1,Montgomery,1,1,all_lossy,10,1.0,1.0,0.99072265625,0,0.00927734375
MCUCXR_0162_1,Montgomery,1,1,lungs_lossy,30,0.3988689504156769,1.0,1.0,0,0.0
MCUCXR_0162_1,Montgomery,1,1,background_lossy,30,0.6011310495843231,1.0,1.0,0,0.0
MCUCXR_0162_1,Montgomery,1,1,all_lossy,30,1.0,1.0,1.0,0,0.0
MCUCXR_0162_1,Montgomery,1,1,lungs_lossy,50,0.3988689504156769,1.0,1.0,0,0.0
MCUCXR_0162_1,Montgomery,1,1,background_lossy,50,0.6011310495843231,1.0,1.0,0,0.0
MCUCXR_0162_1,Montgomery,1,1,all_lossy,50,1.0,1.0,1.0,0,0.0
MCUCXR_0162_1,Montgomery,1,1,lungs_lossy,70,0.3988689504156769,1.0,1.0,0,0.0
MCUCXR_0162_1,Montgomery,1,1,background_lossy,70,0.6011310495843231,1.0,1.0,0,0.0
MCUCXR_0162_1,Montgomery,1,1,all_lossy,70,1.0,1.0,1.0,0,0.0
MCUCXR_0166_1,Montgomery,1,0,lungs_lossy,10,0.3832161149049881,1.0,1.0,0,0.0
MCUCXR_0166_1,Montgomery,1,0,background_lossy,10,0.6167838850950118,1.0,1.0,0,0.0
MCUCXR_0166_1,Montgomery,1,0,all_lossy,10,1.0,1.0,0.99951171875,0,0.00048828125
MCUCXR_0166_1,Montgomery,1,0,lungs_lossy,30,0.3832161149049881,1.0,1.0,0,0.0
MCUCXR_0166_1,Montgomery,1,0,background_lossy,30,0.6167838850950118,1.0,1.0,0,0.0
MCUCXR_0166_1,Montgomery,1,0,all_lossy,30,1.0,1.0,1.0,0,0.0
MCUCXR_0166_1,Montgomery,1,0,lungs_lossy,50,0.3832161149049881,1.0,1.0,0,0.0
MCUCXR_0166_1,Montgomery,1,0,background_lossy,50,0.6167838850950118,1.0,1.0,0,0.0
MCUCXR_0166_1,Montgomery,1,0,all_lossy,50,1.0,1.0,1.0,0,0.0
MCUCXR_0166_1,Montgomery,1,0,lungs_lossy,70,0.3832161149049881,1.0,1.0,0,0.0
MCUCXR_0166_1,Montgomery,1,0,background_lossy,70,0.6167838850950118,1.0,1.0,0,0.0
MCUCXR_0166_1,Montgomery,1,0,all_lossy,70,1.0,1.0,1.0,0,0.0
MCUCXR_0170_1,Montgomery,1,0,lungs_lossy,10,0.3899291122327791,1.0,1.0,0,0.0
MCUCXR_0170_1,Montgomery,1,0,background_lossy,10,0.610070887767221,1.0,0.99951171875,0,0.00048828125
MCUCXR_0170_1,Montgomery,1,0,all_lossy,10,1.0,1.0,0.99853515625,0,0.00146484375
MCUCXR_0170_1,Montgomery,1,0,lungs_lossy,30,0.3899291122327791,1.0,1.0,0,0.0
MCUCXR_0170_1,Montgomery,1,0,background_lossy,30,0.610070887767221,1.0,0.99951171875,0,0.00048828125
MCUCXR_0170_1,Montgomery,1,0,all_lossy,30,1.0,1.0,0.9970703125,0,0.0029296875
MCUCXR_0170_1,Montgomery,1,0,lungs_lossy,50,0.3899291122327791,1.0,1.0,0,0.0
MCUCXR_0170_1,Montgomery,1,0,background_lossy,50,0.610070887767221,1.0,1.0,0,0.0
MCUCXR_0170_1,Montgomery,1,0,all_lossy,50,1.0,1.0,0.99951171875,0,0.00048828125
MCUCXR_0170_1,Montgomery,1,0,lungs_lossy,70,0.3899291122327791,1.0,1.0,0,0.0
MCUCXR_0170_1,Montgomery,1,0,background_lossy,70,0.610070887767221,1.0,1.0,0,0.0
MCUCXR_0170_1,Montgomery,1,0,all_lossy,70,1.0,1.0,1.0,0,0.0
MCUCXR_0173_1,Montgomery,1,0,lungs_lossy,10,0.3898038524346793,0.95849609375,0.998046875,0,0.03955078125
MCUCXR_0173_1,Montgomery,1,0,background_lossy,10,0.6101961475653206,0.95849609375,0.88720703125,0,0.0712890625
MCUCXR_0173_1,Montgomery,1,0,all_lossy,10,1.0,0.95849609375,0.99658203125,0,0.0380859375
MCUCXR_0173_1,Montgomery,1,0,lungs_lossy,30,0.3898038524346793,0.95849609375,0.9970703125,0,0.03857421875
MCUCXR_0173_1,Montgomery,1,0,background_lossy,30,0.6101961475653206,0.95849609375,0.83642578125,0,0.1220703125
MCUCXR_0173_1,Montgomery,1,0,all_lossy,30,1.0,0.95849609375,0.94873046875,0,0.009765625
MCUCXR_0173_1,Montgomery,1,0,lungs_lossy,50,0.3898038524346793,0.95849609375,0.9755859375,0,0.01708984375
MCUCXR_0173_1,Montgomery,1,0,background_lossy,50,0.6101961475653206,0.95849609375,0.91259765625,0,0.0458984375
MCUCXR_0173_1,Montgomery,1,0,all_lossy,50,1.0,0.95849609375,0.9462890625,0,0.01220703125
MCUCXR_0173_1,Montgomery,1,0,lungs_lossy,70,0.3898038524346793,0.95849609375,0.9521484375,0,0.00634765625
MCUCXR_0173_1,Montgomery,1,0,background_lossy,70,0.6101961475653206,0.95849609375,0.9482421875,0,0.01025390625
MCUCXR_0173_1,Montgomery,1,0,all_lossy,70,1.0,0.95849609375,0.939453125,0,0.01904296875
MCUCXR_0182_1,Montgomery,1,3,lungs_lossy,10,0.2928110154394299,0.371337890625,0.6640625,1,0.292724609375
MCUCXR_0182_1,Montgomery,1,3,background_lossy,10,0.7071889845605701,0.371337890625,0.2333984375,0,0.137939453125
MCUCXR_0182_1,Montgomery,1,3,all_lossy,10,1.0,0.371337890625,0.5537109375,1,0.182373046875
MCUCXR_0182_1,Montgomery,1,3,lungs_lossy,30,0.2928110154394299,0.371337890625,0.533203125,1,0.161865234375
MCUCXR_0182_1,Montgomery,1,3,background_lossy,30,0.7071889845605701,0.371337890625,0.3046875,0,0.066650390625
MCUCXR_0182_1,Montgomery,1,3,all_lossy,30,1.0,0.371337890625,0.364013671875,0,0.00732421875
MCUCXR_0182_1,Montgomery,1,3,lungs_lossy,50,0.2928110154394299,0.371337890625,0.394775390625,0,0.0234375
MCUCXR_0182_1,Montgomery,1,3,background_lossy,50,0.7071889845605701,0.371337890625,0.34228515625,0,0.029052734375
MCUCXR_0182_1,Montgomery,1,3,all_lossy,50,1.0,0.371337890625,0.334716796875,0,0.03662109375
MCUCXR_0182_1,Montgomery,1,3,lungs_lossy,70,0.2928110154394299,0.371337890625,0.37890625,0,0.007568359375
MCUCXR_0182_1,Montgomery,1,3,background_lossy,70,0.7071889845605701,0.371337890625,0.332275390625,0,0.0390625
MCUCXR_0182_1,Montgomery,1,3,all_lossy,70,1.0,0.371337890625,0.33935546875,0,0.031982421875
MCUCXR_0188_1,Montgomery,1,1,lungs_lossy,10,0.3636987826603325,1.0,1.0,0,0.0
MCUCXR_0188_1,Montgomery,1,1,background_lossy,10,0.6363012173396674,1.0,1.0,0,0.0
MCUCXR_0188_1,Montgomery,1,1,all_lossy,10,1.0,1.0,1.0,0,0.0
MCUCXR_0188_1,Montgomery,1,1,lungs_lossy,30,0.3636987826603325,1.0,1.0,0,0.0
MCUCXR_0188_1,Montgomery,1,1,background_lossy,30,0.6363012173396674,1.0,1.0,0,0.0
MCUCXR_0188_1,Montgomery,1,1,all_lossy,30,1.0,1.0,1.0,0,0.0
MCUCXR_0188_1,Montgomery,1,1,lungs_lossy,50,0.3636987826603325,1.0,1.0,0,0.0
MCUCXR_0188_1,Montgomery,1,1,background_lossy,50,0.6363012173396674,1.0,1.0,0,0.0
MCUCXR_0188_1,Montgomery,1,1,all_lossy,50,1.0,1.0,1.0,0,0.0
MCUCXR_0188_1,Montgomery,1,1,lungs_lossy,70,0.3636987826603325,1.0,1.0,0,0.0
MCUCXR_0188_1,Montgomery,1,1,background_lossy,70,0.6363012173396674,1.0,1.0,0,0.0
MCUCXR_0188_1,Montgomery,1,1,all_lossy,70,1.0,1.0,1.0,0,0.0
MCUCXR_0194_1,Montgomery,1,3,lungs_lossy,10,0.2656064429928741,0.4267578125,0.7578125,1,0.3310546875
MCUCXR_0194_1,Montgomery,1,3,background_lossy,10,0.7343935570071258,0.4267578125,0.226318359375,0,0.200439453125
MCUCXR_0194_1,Montgomery,1,3,all_lossy,10,1.0,0.4267578125,0.75830078125,1,0.33154296875
MCUCXR_0194_1,Montgomery,1,3,lungs_lossy,30,0.2656064429928741,0.4267578125,0.77099609375,1,0.34423828125
MCUCXR_0194_1,Montgomery,1,3,background_lossy,30,0.7343935570071258,0.4267578125,0.327880859375,0,0.098876953125
MCUCXR_0194_1,Montgomery,1,3,all_lossy,30,1.0,0.4267578125,0.65576171875,1,0.22900390625
MCUCXR_0194_1,Montgomery,1,3,lungs_lossy,50,0.2656064429928741,0.4267578125,0.5361328125,1,0.109375
MCUCXR_0194_1,Montgomery,1,3,background_lossy,50,0.7343935570071258,0.4267578125,0.367431640625,0,0.059326171875
MCUCXR_0194_1,Montgomery,1,3,all_lossy,50,1.0,0.4267578125,0.47998046875,0,0.05322265625
MCUCXR_0194_1,Montgomery,1,3,lungs_lossy,70,0.2656064429928741,0.4267578125,0.417724609375,0,0.009033203125
MCUCXR_0194_1,Montgomery,1,3,background_lossy,70,0.7343935570071258,0.4267578125,0.434326171875,0,0.007568359375
MCUCXR_0194_1,Montgomery,1,3,all_lossy,70,1.0,0.4267578125,0.425048828125,0,0.001708984375
MCUCXR_0195_1,Montgomery,1,4,lungs_lossy,10,0.2678750371140142,0.0592041015625,0.447265625,0,0.3880615234375
MCUCXR_0195_1,Montgomery,1,4,background_lossy,10,0.7321249628859858,0.0592041015625,0.0504150390625,0,0.0087890625
MCUCXR_0195_1,Montgomery,1,4,all_lossy,10,1.0,0.0592041015625,0.31689453125,0,0.2576904296875
MCUCXR_0195_1,Montgomery,1,4,lungs_lossy,30,0.2678750371140142,0.0592041015625,0.2149658203125,0,0.15576171875
MCUCXR_0195_1,Montgomery,1,4,background_lossy,30,0.7321249628859858,0.0592041015625,0.062225341796875,0,0.003021240234375
MCUCXR_0195_1,Montgomery,1,4,all_lossy,30,1.0,0.0592041015625,0.1845703125,0,0.1253662109375
MCUCXR_0195_1,Montgomery,1,4,lungs_lossy,50,0.2678750371140142,0.0592041015625,0.093017578125,0,0.0338134765625
MCUCXR_0195_1,Montgomery,1,4,background_lossy,50,0.7321249628859858,0.0592041015625,0.0638427734375,0,0.004638671875
MCUCXR_0195_1,Montgomery,1,4,all_lossy,50,1.0,0.0592041015625,0.0982666015625,0,0.0390625
MCUCXR_0195_1,Montgomery,1,4,lungs_lossy,70,0.2678750371140142,0.0592041015625,0.07208251953125,0,0.01287841796875
MCUCXR_0195_1,Montgomery,1,4,background_lossy,70,0.7321249628859858,0.0592041015625,0.06097412109375,0,0.00177001953125
MCUCXR_0195_1,Montgomery,1,4,all_lossy,70,1.0,0.0592041015625,0.071044921875,0,0.0118408203125
MCUCXR_0196_1,Montgomery,1,1,lungs_lossy,10,0.2675456502375297,0.99951171875,1.0,0,0.00048828125
MCUCXR_0196_1,Montgomery,1,1,background_lossy,10,0.7324543497624703,0.99951171875,0.99853515625,0,0.0009765625
MCUCXR_0196_1,Montgomery,1,1,all_lossy,10,1.0,0.99951171875,1.0,0,0.00048828125
MCUCXR_0196_1,Montgomery,1,1,lungs_lossy,30,0.2675456502375297,0.99951171875,1.0,0,0.00048828125
MCUCXR_0196_1,Montgomery,1,1,background_lossy,30,0.7324543497624703,0.99951171875,0.99951171875,0,0.0
MCUCXR_0196_1,Montgomery,1,1,all_lossy,30,1.0,0.99951171875,1.0,0,0.00048828125
MCUCXR_0196_1,Montgomery,1,1,lungs_lossy,50,0.2675456502375297,0.99951171875,1.0,0,0.00048828125
MCUCXR_0196_1,Montgomery,1,1,background_lossy,50,0.7324543497624703,0.99951171875,0.99951171875,0,0.0
MCUCXR_0196_1,Montgomery,1,1,all_lossy,50,1.0,0.99951171875,1.0,0,0.00048828125
MCUCXR_0196_1,Montgomery,1,1,lungs_lossy,70,0.2675456502375297,0.99951171875,0.99951171875,0,0.0
MCUCXR_0196_1,Montgomery,1,1,background_lossy,70,0.7324543497624703,0.99951171875,0.9990234375,0,0.00048828125
MCUCXR_0196_1,Montgomery,1,1,all_lossy,70,1.0,0.99951171875,0.9990234375,0,0.00048828125
MCUCXR_0203_1,Montgomery,1,4,lungs_lossy,10,0.3137433194774346,0.98193359375,0.97705078125,0,0.0048828125
MCUCXR_0203_1,Montgomery,1,4,background_lossy,10,0.6862566805225654,0.98193359375,0.96923828125,0,0.0126953125
MCUCXR_0203_1,Montgomery,1,4,all_lossy,10,1.0,0.98193359375,0.90478515625,0,0.0771484375
MCUCXR_0203_1,Montgomery,1,4,lungs_lossy,30,0.3137433194774346,0.98193359375,0.9931640625,0,0.01123046875
MCUCXR_0203_1,Montgomery,1,4,background_lossy,30,0.6862566805225654,0.98193359375,0.9736328125,0,0.00830078125
MCUCXR_0203_1,Montgomery,1,4,all_lossy,30,1.0,0.98193359375,0.98291015625,0,0.0009765625
MCUCXR_0203_1,Montgomery,1,4,lungs_lossy,50,0.3137433194774346,0.98193359375,0.98974609375,0,0.0078125
MCUCXR_0203_1,Montgomery,1,4,background_lossy,50,0.6862566805225654,0.98193359375,0.98193359375,0,0.0
MCUCXR_0203_1,Montgomery,1,4,all_lossy,50,1.0,0.98193359375,0.9892578125,0,0.00732421875
MCUCXR_0203_1,Montgomery,1,4,lungs_lossy,70,0.3137433194774346,0.98193359375,0.9814453125,0,0.00048828125
MCUCXR_0203_1,Montgomery,1,4,background_lossy,70,0.6862566805225654,0.98193359375,0.98291015625,0,0.0009765625
MCUCXR_0203_1,Montgomery,1,4,all_lossy,70,1.0,0.98193359375,0.982421875,0,0.00048828125
MCUCXR_0213_1,Montgomery,1,4,lungs_lossy,10,0.2833098277909738,0.544921875,0.7177734375,0,0.1728515625
MCUCXR_0213_1,Montgomery,1,4,background_lossy,10,0.7166901722090262,0.544921875,0.611328125,0,0.06640625
MCUCXR_0213_1,Montgomery,1,4,all_lossy,10,1.0,0.544921875,0.61328125,0,0.068359375
MCUCXR_0213_1,Montgomery,1,4,lungs_lossy,30,0.2833098277909738,0.544921875,0.705078125,0,0.16015625
MCUCXR_0213_1,Montgomery,1,4,background_lossy,30,0.7166901722090262,0.544921875,0.6064453125,0,0.0615234375
MCUCXR_0213_1,Montgomery,1,4,all_lossy,30,1.0,0.544921875,0.7001953125,0,0.1552734375
MCUCXR_0213_1,Montgomery,1,4,lungs_lossy,50,0.2833098277909738,0.544921875,0.70458984375,0,0.15966796875
MCUCXR_0213_1,Montgomery,1,4,background_lossy,50,0.7166901722090262,0.544921875,0.54345703125,0,0.00146484375
MCUCXR_0213_1,Montgomery,1,4,all_lossy,50,1.0,0.544921875,0.673828125,0,0.12890625
MCUCXR_0213_1,Montgomery,1,4,lungs_lossy,70,0.2833098277909738,0.544921875,0.53076171875,0,0.01416015625
MCUCXR_0213_1,Montgomery,1,4,background_lossy,70,0.7166901722090262,0.544921875,0.58837890625,0,0.04345703125
MCUCXR_0213_1,Montgomery,1,4,all_lossy,70,1.0,0.544921875,0.5712890625,0,0.0263671875
MCUCXR_0218_1,Montgomery,1,0,lungs_lossy,10,0.3290389326009501,0.998046875,1.0,0,0.001953125
MCUCXR_0218_1,Montgomery,1,0,background_lossy,10,0.6709610673990498,0.998046875,0.93603515625,0,0.06201171875
MCUCXR_0218_1,Montgomery,1,0,all_lossy,10,1.0,0.998046875,1.0,0,0.001953125
MCUCXR_0218_1,Montgomery,1,0,lungs_lossy,30,0.3290389326009501,0.998046875,1.0,0,0.001953125
MCUCXR_0218_1,Montgomery,1,0,background_lossy,30,0.6709610673990498,0.998046875,0.96533203125,0,0.03271484375
MCUCXR_0218_1,Montgomery,1,0,all_lossy,30,1.0,0.998046875,0.99951171875,0,0.00146484375
MCUCXR_0218_1,Montgomery,1,0,lungs_lossy,50,0.3290389326009501,0.998046875,0.99951171875,0,0.00146484375
MCUCXR_0218_1,Montgomery,1,0,background_lossy,50,0.6709610673990498,0.998046875,0.99072265625,0,0.00732421875
MCUCXR_0218_1,Montgomery,1,0,all_lossy,50,1.0,0.998046875,0.99853515625,0,0.00048828125
MCUCXR_0218_1,Montgomery,1,0,lungs_lossy,70,0.3290389326009501,0.998046875,0.99853515625,0,0.00048828125
MCUCXR_0218_1,Montgomery,1,0,background_lossy,70,0.6709610673990498,0.998046875,0.9970703125,0,0.0009765625
MCUCXR_0218_1,Montgomery,1,0,all_lossy,70,1.0,0.998046875,0.99755859375,0,0.00048828125
MCUCXR_0223_1,Montgomery,1,4,lungs_lossy,10,0.3010085733372921,0.4873046875,0.82177734375,1,0.33447265625
MCUCXR_0223_1,Montgomery,1,4,background_lossy,10,0.6989914266627079,0.4873046875,0.343505859375,0,0.143798828125
MCUCXR_0223_1,Montgomery,1,4,all_lossy,10,1.0,0.4873046875,0.72021484375,1,0.23291015625
MCUCXR_0223_1,Montgomery,1,4,lungs_lossy,30,0.3010085733372921,0.4873046875,0.7265625,1,0.2392578125
MCUCXR_0223_1,Montgomery,1,4,background_lossy,30,0.6989914266627079,0.4873046875,0.392333984375,0,0.094970703125
MCUCXR_0223_1,Montgomery,1,4,all_lossy,30,1.0,0.4873046875,0.6376953125,1,0.150390625
MCUCXR_0223_1,Montgomery,1,4,lungs_lossy,50,0.3010085733372921,0.4873046875,0.6630859375,1,0.17578125
MCUCXR_0223_1,Montgomery,1,4,background_lossy,50,0.6989914266627079,0.4873046875,0.447998046875,0,0.039306640625
MCUCXR_0223_1,Montgomery,1,4,all_lossy,50,1.0,0.4873046875,0.623046875,1,0.1357421875
MCUCXR_0223_1,Montgomery,1,4,lungs_lossy,70,0.3010085733372921,0.4873046875,0.54443359375,1,0.05712890625
MCUCXR_0223_1,Montgomery,1,4,background_lossy,70,0.6989914266627079,0.4873046875,0.492431640625,0,0.005126953125
MCUCXR_0223_1,Montgomery,1,4,all_lossy,70,1.0,0.4873046875,0.5439453125,1,0.056640625
MCUCXR_0228_1,Montgomery,1,3,lungs_lossy,10,0.2935440172209026,0.99951171875,0.9951171875,0,0.00439453125
MCUCXR_0228_1,Montgomery,1,3,background_lossy,10,0.7064559827790974,0.99951171875,0.99853515625,0,0.0009765625
MCUCXR_0228_1,Montgomery,1,3,all_lossy,10,1.0,0.99951171875,0.98681640625,0,0.0126953125
MCUCXR_0228_1,Montgomery,1,3,lungs_lossy,30,0.2935440172209026,0.99951171875,0.99951171875,0,0.0
MCUCXR_0228_1,Montgomery,1,3,background_lossy,30,0.7064559827790974,0.99951171875,0.998046875,0,0.00146484375
MCUCXR_0228_1,Montgomery,1,3,all_lossy,30,1.0,0.99951171875,0.9970703125,0,0.00244140625
MCUCXR_0228_1,Montgomery,1,3,lungs_lossy,50,0.2935440172209026,0.99951171875,0.99951171875,0,0.0
MCUCXR_0228_1,Montgomery,1,3,background_lossy,50,0.7064559827790974,0.99951171875,0.9990234375,0,0.00048828125
MCUCXR_0228_1,Montgomery,1,3,all_lossy,50,1.0,0.99951171875,0.99951171875,0,0.0
MCUCXR_0228_1,Montgomery,1,3,lungs_lossy,70,0.2935440172209026,0.99951171875,0.99951171875,0,0.0
MCUCXR_0228_1,Montgomery,1,3,background_lossy,70,0.7064559827790974,0.99951171875,0.99951171875,0,0.0
MCUCXR_0228_1,Montgomery,1,3,all_lossy,70,1.0,0.99951171875,0.99951171875,0,0.0
MCUCXR_0243_1,Montgomery,1,3,lungs_lossy,10,0.3524161223277909,0.87060546875,0.912109375,0,0.04150390625
MCUCXR_0243_1,Montgomery,1,3,background_lossy,10,0.647583877672209,0.87060546875,0.501953125,0,0.36865234375
MCUCXR_0243_1,Montgomery,1,3,all_lossy,10,1.0,0.87060546875,0.52392578125,0,0.3466796875
MCUCXR_0243_1,Montgomery,1,3,lungs_lossy,30,0.3524161223277909,0.87060546875,0.94677734375,0,0.076171875
MCUCXR_0243_1,Montgomery,1,3,background_lossy,30,0.647583877672209,0.87060546875,0.76806640625,0,0.1025390625
MCUCXR_0243_1,Montgomery,1,3,all_lossy,30,1.0,0.87060546875,0.83447265625,0,0.0361328125
MCUCXR_0243_1,Montgomery,1,3,lungs_lossy,50,0.3524161223277909,0.87060546875,0.892578125,0,0.02197265625
MCUCXR_0243_1,Montgomery,1,3,background_lossy,50,0.647583877672209,0.87060546875,0.740234375,0,0.13037109375
MCUCXR_0243_1,Montgomery,1,3,all_lossy,50,1.0,0.87060546875,0.77099609375,0,0.099609375
MCUCXR_0243_1,Montgomery,1,3,lungs_lossy,70,0.3524161223277909,0.87060546875,0.89208984375,0,0.021484375
MCUCXR_0243_1,Montgomery,1,3,background_lossy,70,0.647583877672209,0.87060546875,0.8232421875,0,0.04736328125
MCUCXR_0243_1,Montgomery,1,3,all_lossy,70,1.0,0.87060546875,0.8564453125,0,0.01416015625
MCUCXR_0251_1,Montgomery,1,1,lungs_lossy,10,0.2664229513064133,0.99951171875,0.98486328125,0,0.0146484375
MCUCXR_0251_1,Montgomery,1,1,background_lossy,10,0.7335770486935866,0.99951171875,0.9970703125,0,0.00244140625
MCUCXR_0251_1,Montgomery,1,1,all_lossy,10,1.0,0.99951171875,0.92236328125,0,0.0771484375
MCUCXR_0251_1,Montgomery,1,1,lungs_lossy,30,0.2664229513064133,0.99951171875,0.99755859375,0,0.001953125
MCUCXR_0251_1,Montgomery,1,1,background_lossy,30,0.7335770486935866,0.99951171875,0.998046875,0,0.00146484375
MCUCXR_0251_1,Montgomery,1,1,all_lossy,30,1.0,0.99951171875,0.9951171875,0,0.00439453125
MCUCXR_0251_1,Montgomery,1,1,lungs_lossy,50,0.2664229513064133,0.99951171875,0.99951171875,0,0.0
MCUCXR_0251_1,Montgomery,1,1,background_lossy,50,0.7335770486935866,0.99951171875,0.99853515625,0,0.0009765625
MCUCXR_0251_1,Montgomery,1,1,all_lossy,50,1.0,0.99951171875,0.998046875,0,0.00146484375
MCUCXR_0251_1,Montgomery,1,1,lungs_lossy,70,0.2664229513064133,0.99951171875,0.99951171875,0,0.0
MCUCXR_0251_1,Montgomery,1,1,background_lossy,70,0.7335770486935866,0.99951171875,0.9990234375,0,0.00048828125
MCUCXR_0251_1,Montgomery,1,1,all_lossy,70,1.0,0.99951171875,0.99951171875,0,0.0
MCUCXR_0253_1,Montgomery,1,4,lungs_lossy,10,0.2951074450712589,0.212890625,0.72021484375,1,0.50732421875
MCUCXR_0253_1,Montgomery,1,4,background_lossy,10,0.704892554928741,0.212890625,0.1800537109375,0,0.0328369140625
MCUCXR_0253_1,Montgomery,1,4,all_lossy,10,1.0,0.212890625,0.64208984375,1,0.42919921875
MCUCXR_0253_1,Montgomery,1,4,lungs_lossy,30,0.2951074450712589,0.212890625,0.79736328125,1,0.58447265625
MCUCXR_0253_1,Montgomery,1,4,background_lossy,30,0.704892554928741,0.212890625,0.1856689453125,0,0.0272216796875
MCUCXR_0253_1,Montgomery,1,4,all_lossy,30,1.0,0.212890625,0.64404296875,1,0.43115234375
MCUCXR_0253_1,Montgomery,1,4,lungs_lossy,50,0.2951074450712589,0.212890625,0.3515625,0,0.138671875
MCUCXR_0253_1,Montgomery,1,4,background_lossy,50,0.704892554928741,0.212890625,0.2109375,0,0.001953125
MCUCXR_0253_1,Montgomery,1,4,all_lossy,50,1.0,0.212890625,0.346435546875,0,0.133544921875
MCUCXR_0253_1,Montgomery,1,4,lungs_lossy,70,0.2951074450712589,0.212890625,0.20947265625,0,0.00341796875
MCUCXR_0253_1,Montgomery,1,4,background_lossy,70,0.704892554928741,0.212890625,0.20751953125,0,0.00537109375
MCUCXR_0253_1,Montgomery,1,4,all_lossy,70,1.0,0.212890625,0.20751953125,0,0.00537109375
MCUCXR_0254_1,Montgomery,1,2,lungs_lossy,10,0.3418803815320665,0.974609375,0.83349609375,0,0.14111328125
MCUCXR_0254_1,Montgomery,1,2,background_lossy,10,0.6581196184679334,0.974609375,0.970703125,0,0.00390625
MCUCXR_0254_1,Montgomery,1,2,all_lossy,10,1.0,0.974609375,0.87158203125,0,0.10302734375
MCUCXR_0254_1,Montgomery,1,2,lungs_lossy,30,0.3418803815320665,0.974609375,0.99169921875,0,0.01708984375
MCUCXR_0254_1,Montgomery,1,2,background_lossy,30,0.6581196184679334,0.974609375,0.97216796875,0,0.00244140625
MCUCXR_0254_1,Montgomery,1,2,all_lossy,30,1.0,0.974609375,0.98291015625,0,0.00830078125
MCUCXR_0254_1,Montgomery,1,2,lungs_lossy,50,0.3418803815320665,0.974609375,0.98828125,0,0.013671875
MCUCXR_0254_1,Montgomery,1,2,background_lossy,50,0.6581196184679334,0.974609375,0.9765625,0,0.001953125
MCUCXR_0254_1,Montgomery,1,2,all_lossy,50,1.0,0.974609375,0.98681640625,0,0.01220703125
MCUCXR_0254_1,Montgomery,1,2,lungs_lossy,70,0.3418803815320665,0.974609375,0.97998046875,0,0.00537109375
MCUCXR_0254_1,Montgomery,1,2,background_lossy,70,0.6581196184679334,0.974609375,0.97998046875,0,0.00537109375
MCUCXR_0254_1,Montgomery,1,2,all_lossy,70,1.0,0.974609375,0.98388671875,0,0.00927734375
MCUCXR_0255_1,Montgomery,1,3,lungs_lossy,10,0.3633554780285035,0.92919921875,0.72802734375,0,0.201171875
MCUCXR_0255_1,Montgomery,1,3,background_lossy,10,0.6366445219714965,0.92919921875,0.6806640625,0,0.24853515625
MCUCXR_0255_1,Montgomery,1,3,all_lossy,10,1.0,0.92919921875,0.419189453125,1,0.510009765625
MCUCXR_0255_1,Montgomery,1,3,lungs_lossy,30,0.3633554780285035,0.92919921875,0.931640625,0,0.00244140625
MCUCXR_0255_1,Montgomery,1,3,background_lossy,30,0.6366445219714965,0.92919921875,0.83251953125,0,0.0966796875
MCUCXR_0255_1,Montgomery,1,3,all_lossy,30,1.0,0.92919921875,0.8271484375,0,0.10205078125
MCUCXR_0255_1,Montgomery,1,3,lungs_lossy,50,0.3633554780285035,0.92919921875,0.92041015625,0,0.0087890625
MCUCXR_0255_1,Montgomery,1,3,background_lossy,50,0.6366445219714965,0.92919921875,0.82470703125,0,0.1044921875
MCUCXR_0255_1,Montgomery,1,3,all_lossy,50,1.0,0.92919921875,0.80859375,0,0.12060546875
MCUCXR_0255_1,Montgomery,1,3,lungs_lossy,70,0.3633554780285035,0.92919921875,0.9296875,0,0.00048828125
MCUCXR_0255_1,Montgomery,1,3,background_lossy,70,0.6366445219714965,0.92919921875,0.90576171875,0,0.0234375
MCUCXR_0255_1,Montgomery,1,3,all_lossy,70,1.0,0.92919921875,0.91357421875,0,0.015625
MCUCXR_0258_1,Montgomery,1,3,lungs_lossy,10,0.1646980774940617,0.9541015625,0.93359375,0,0.0205078125
MCUCXR_0258_1,Montgomery,1,3,background_lossy,10,0.8353019225059383,0.9541015625,0.95166015625,0,0.00244140625
MCUCXR_0258_1,Montgomery,1,3,all_lossy,10,1.0,0.9541015625,0.94384765625,0,0.01025390625
MCUCXR_0258_1,Montgomery,1,3,lungs_lossy,30,0.1646980774940617,0.9541015625,0.9794921875,0,0.025390625
MCUCXR_0258_1,Montgomery,1,3,background_lossy,30,0.8353019225059383,0.9541015625,0.923828125,0,0.0302734375
MCUCXR_0258_1,Montgomery,1,3,all_lossy,30,1.0,0.9541015625,0.96044921875,0,0.00634765625
MCUCXR_0258_1,Montgomery,1,3,lungs_lossy,50,0.1646980774940617,0.9541015625,0.95263671875,0,0.00146484375
MCUCXR_0258_1,Montgomery,1,3,background_lossy,50,0.8353019225059383,0.9541015625,0.93310546875,0,0.02099609375
MCUCXR_0258_1,Montgomery,1,3,all_lossy,50,1.0,0.9541015625,0.92919921875,0,0.02490234375
MCUCXR_0258_1,Montgomery,1,3,lungs_lossy,70,0.1646980774940617,0.9541015625,0.9560546875,0,0.001953125
MCUCXR_0258_1,Montgomery,1,3,background_lossy,70,0.8353019225059383,0.9541015625,0.939453125,0,0.0146484375
MCUCXR_0258_1,Montgomery,1,3,all_lossy,70,1.0,0.9541015625,0.94091796875,0,0.01318359375
MCUCXR_0264_1,Montgomery,1,0,lungs_lossy,10,0.2833330240498812,0.99951171875,1.0,0,0.00048828125
MCUCXR_0264_1,Montgomery,1,0,background_lossy,10,0.7166669759501187,0.99951171875,0.99658203125,0,0.0029296875
MCUCXR_0264_1,Montgomery,1,0,all_lossy,10,1.0,0.99951171875,0.99951171875,0,0.0
MCUCXR_0264_1,Montgomery,1,0,lungs_lossy,30,0.2833330240498812,0.99951171875,1.0,0,0.00048828125
MCUCXR_0264_1,Montgomery,1,0,background_lossy,30,0.7166669759501187,0.99951171875,0.99755859375,0,0.001953125
MCUCXR_0264_1,Montgomery,1,0,all_lossy,30,1.0,0.99951171875,0.9990234375,0,0.00048828125
MCUCXR_0264_1,Montgomery,1,0,lungs_lossy,50,0.2833330240498812,0.99951171875,0.99951171875,0,0.0
MCUCXR_0264_1,Montgomery,1,0,background_lossy,50,0.7166669759501187,0.99951171875,0.99853515625,0,0.0009765625
MCUCXR_0264_1,Montgomery,1,0,all_lossy,50,1.0,0.99951171875,0.9990234375,0,0.00048828125
MCUCXR_0264_1,Montgomery,1,0,lungs_lossy,70,0.2833330240498812,0.99951171875,0.99951171875,0,0.0
MCUCXR_0264_1,Montgomery,1,0,background_lossy,70,0.7166669759501187,0.99951171875,0.99951171875,0,0.0
MCUCXR_0264_1,Montgomery,1,0,all_lossy,70,1.0,0.99951171875,0.99951171875,0,0.0
MCUCXR_0266_1,Montgomery,1,0,lungs_lossy,10,0.2898558120546318,0.99658203125,0.9990234375,0,0.00244140625
MCUCXR_0266_1,Montgomery,1,0,background_lossy,10,0.7101441879453682,0.99658203125,0.95654296875,0,0.0400390625
MCUCXR_0266_1,Montgomery,1,0,all_lossy,10,1.0,0.99658203125,0.9970703125,0,0.00048828125
MCUCXR_0266_1,Montgomery,1,0,lungs_lossy,30,0.2898558120546318,0.99658203125,0.9990234375,0,0.00244140625
MCUCXR_0266_1,Montgomery,1,0,background_lossy,30,0.7101441879453682,0.99658203125,0.94091796875,0,0.0556640625
MCUCXR_0266_1,Montgomery,1,0,all_lossy,30,1.0,0.99658203125,0.9775390625,0,0.01904296875
MCUCXR_0266_1,Montgomery,1,0,lungs_lossy,50,0.2898558120546318,0.99658203125,0.99853515625,0,0.001953125
MCUCXR_0266_1,Montgomery,1,0,background_lossy,50,0.7101441879453682,0.99658203125,0.9814453125,0,0.01513671875
MCUCXR_0266_1,Montgomery,1,0,all_lossy,50,1.0,0.99658203125,0.9892578125,0,0.00732421875
MCUCXR_0266_1,Montgomery,1,0,lungs_lossy,70,0.2898558120546318,0.99658203125,0.99658203125,0,0.0
MCUCXR_0266_1,Montgomery,1,0,background_lossy,70,0.7101441879453682,0.99658203125,0.994140625,0,0.00244140625
MCUCXR_0266_1,Montgomery,1,0,all_lossy,70,1.0,0.99658203125,0.9951171875,0,0.00146484375
MCUCXR_0275_1,Montgomery,1,2,lungs_lossy,10,0.2974502672209026,0.99951171875,0.99072265625,0,0.0087890625
MCUCXR_0275_1,Montgomery,1,2,background_lossy,10,0.7025497327790974,0.99951171875,0.99951171875,0,0.0
MCUCXR_0275_1,Montgomery,1,2,all_lossy,10,1.0,0.99951171875,0.970703125,0,0.02880859375
MCUCXR_0275_1,Montgomery,1,2,lungs_lossy,30,0.2974502672209026,0.99951171875,1.0,0,0.00048828125
MCUCXR_0275_1,Montgomery,1,2,background_lossy,30,0.7025497327790974,0.99951171875,0.99951171875,0,0.0
MCUCXR_0275_1,Montgomery,1,2,all_lossy,30,1.0,0.99951171875,0.99951171875,0,0.0
MCUCXR_0275_1,Montgomery,1,2,lungs_lossy,50,0.2974502672209026,0.99951171875,1.0,0,0.00048828125
MCUCXR_0275_1,Montgomery,1,2,background_lossy,50,0.7025497327790974,0.99951171875,1.0,0,0.00048828125
MCUCXR_0275_1,Montgomery,1,2,all_lossy,50,1.0,0.99951171875,1.0,0,0.00048828125
MCUCXR_0275_1,Montgomery,1,2,lungs_lossy,70,0.2974502672209026,0.99951171875,0.99951171875,0,0.0
MCUCXR_0275_1,Montgomery,1,2,background_lossy,70,0.7025497327790974,0.99951171875,0.99951171875,0,0.0
MCUCXR_0275_1,Montgomery,1,2,all_lossy,70,1.0,0.99951171875,0.99951171875,0,0.0
MCUCXR_0282_1,Montgomery,1,0,lungs_lossy,10,0.320057341152019,0.9990234375,1.0,0,0.0009765625
MCUCXR_0282_1,Montgomery,1,0,background_lossy,10,0.679942658847981,0.9990234375,0.982421875,0,0.0166015625
MCUCXR_0282_1,Montgomery,1,0,all_lossy,10,1.0,0.9990234375,0.99853515625,0,0.00048828125
MCUCXR_0282_1,Montgomery,1,0,lungs_lossy,30,0.320057341152019,0.9990234375,1.0,0,0.0009765625
MCUCXR_0282_1,Montgomery,1,0,background_lossy,30,0.679942658847981,0.9990234375,0.99267578125,0,0.00634765625
MCUCXR_0282_1,Montgomery,1,0,all_lossy,30,1.0,0.9990234375,0.99853515625,0,0.00048828125
MCUCXR_0282_1,Montgomery,1,0,lungs_lossy,50,0.320057341152019,0.9990234375,0.99951171875,0,0.00048828125
MCUCXR_0282_1,Montgomery,1,0,background_lossy,50,0.679942658847981,0.9990234375,0.99755859375,0,0.00146484375
MCUCXR_0282_1,Montgomery,1,0,all_lossy,50,1.0,0.9990234375,0.99853515625,0,0.00048828125
MCUCXR_0282_1,Montgomery,1,0,lungs_lossy,70,0.320057341152019,0.9990234375,0.99951171875,0,0.00048828125
MCUCXR_0282_1,Montgomery,1,0,background_lossy,70,0.679942658847981,0.9990234375,0.9990234375,0,0.0
MCUCXR_0282_1,Montgomery,1,0,all_lossy,70,1.0,0.9990234375,0.9990234375,0,0.0
MCUCXR_0289_1,Montgomery,1,1,lungs_lossy,10,0.2654255121733966,0.998046875,1.0,0,0.001953125
MCUCXR_0289_1,Montgomery,1,1,background_lossy,10,0.7345744878266034,0.998046875,0.99267578125,0,0.00537109375
MCUCXR_0289_1,Montgomery,1,1,all_lossy,10,1.0,0.998046875,0.9990234375,0,0.0009765625
MCUCXR_0289_1,Montgomery,1,1,lungs_lossy,30,0.2654255121733966,0.998046875,1.0,0,0.001953125
MCUCXR_0289_1,Montgomery,1,1,background_lossy,30,0.7345744878266034,0.998046875,0.99462890625,0,0.00341796875
MCUCXR_0289_1,Montgomery,1,1,all_lossy,30,1.0,0.998046875,0.99755859375,0,0.00048828125
MCUCXR_0289_1,Montgomery,1,1,lungs_lossy,50,0.2654255121733966,0.998046875,0.99658203125,0,0.00146484375
MCUCXR_0289_1,Montgomery,1,1,background_lossy,50,0.7345744878266034,0.998046875,0.99560546875,0,0.00244140625
MCUCXR_0289_1,Montgomery,1,1,all_lossy,50,1.0,0.998046875,0.990234375,0,0.0078125
MCUCXR_0289_1,Montgomery,1,1,lungs_lossy,70,0.2654255121733966,0.998046875,0.9970703125,0,0.0009765625
MCUCXR_0289_1,Montgomery,1,1,background_lossy,70,0.7345744878266034,0.998046875,0.9970703125,0,0.0009765625
MCUCXR_0289_1,Montgomery,1,1,all_lossy,70,1.0,0.998046875,0.99609375,0,0.001953125
MCUCXR_0294_1,Montgomery,1,3,lungs_lossy,10,0.2458803444180522,0.94091796875,0.91845703125,0,0.0224609375
MCUCXR_0294_1,Montgomery,1,3,background_lossy,10,0.7541196555819477,0.94091796875,0.86572265625,0,0.0751953125
MCUCXR_0294_1,Montgomery,1,3,all_lossy,10,1.0,0.94091796875,0.79345703125,0,0.1474609375
MCUCXR_0294_1,Montgomery,1,3,lungs_lossy,30,0.2458803444180522,0.94091796875,0.88037109375,0,0.060546875
MCUCXR_0294_1,Montgomery,1,3,background_lossy,30,0.7541196555819477,0.94091796875,0.92578125,0,0.01513671875
MCUCXR_0294_1,Montgomery,1,3,all_lossy,30,1.0,0.94091796875,0.783203125,0,0.15771484375
MCUCXR_0294_1,Montgomery,1,3,lungs_lossy,50,0.2458803444180522,0.94091796875,0.95654296875,0,0.015625
MCUCXR_0294_1,Montgomery,1,3,background_lossy,50,0.7541196555819477,0.94091796875,0.927734375,0,0.01318359375
MCUCXR_0294_1,Montgomery,1,3,all_lossy,50,1.0,0.94091796875,0.93994140625,0,0.0009765625
MCUCXR_0294_1,Montgomery,1,3,lungs_lossy,70,0.2458803444180522,0.94091796875,0.953125,0,0.01220703125
MCUCXR_0294_1,Montgomery,1,3,background_lossy,70,0.7541196555819477,0.94091796875,0.92236328125,0,0.0185546875
MCUCXR_0294_1,Montgomery,1,3,all_lossy,70,1.0,0.94091796875,0.935546875,0,0.00537109375
MCUCXR_0301_1,Montgomery,1,3,lungs_lossy,10,0.2939615498812351,0.77490234375,0.958984375,0,0.18408203125
MCUCXR_0301_1,Montgomery,1,3,background_lossy,10,0.7060384501187649,0.77490234375,0.344482421875,1,0.430419921875
MCUCXR_0301_1,Montgomery,1,3,all_lossy,10,1.0,0.77490234375,0.67919921875,0,0.095703125
MCUCXR_0301_1,Montgomery,1,3,lungs_lossy,30,0.2939615498812351,0.77490234375,0.96728515625,0,0.1923828125
MCUCXR_0301_1,Montgomery,1,3,background_lossy,30,0.7060384501187649,0.77490234375,0.59375,0,0.18115234375
MCUCXR_0301_1,Montgomery,1,3,all_lossy,30,1.0,0.77490234375,0.85302734375,0,0.078125
MCUCXR_0301_1,Montgomery,1,3,lungs_lossy,50,0.2939615498812351,0.77490234375,0.85400390625,0,0.0791015625
MCUCXR_0301_1,Montgomery,1,3,background_lossy,50,0.7060384501187649,0.77490234375,0.681640625,0,0.09326171875
MCUCXR_0301_1,Montgomery,1,3,all_lossy,50,1.0,0.77490234375,0.76708984375,0,0.0078125
MCUCXR_0301_1,Montgomery,1,3,lungs_lossy,70,0.2939615498812351,0.77490234375,0.75341796875,0,0.021484375
MCUCXR_0301_1,Montgomery,1,3,background_lossy,70,0.7060384501187649,0.77490234375,0.7587890625,0,0.01611328125
MCUCXR_0301_1,Montgomery,1,3,all_lossy,70,1.0,0.77490234375,0.73291015625,0,0.0419921875
MCUCXR_0309_1,Montgomery,1,2,lungs_lossy,10,0.1582124035035629,1.0,0.99853515625,0,0.00146484375
MCUCXR_0309_1,Montgomery,1,2,background_lossy,10,0.8417875964964371,1.0,1.0,0,0.0
MCUCXR_0309_1,Montgomery,1,2,all_lossy,10,1.0,1.0,0.99755859375,0,0.00244140625
MCUCXR_0309_1,Montgomery,1,2,lungs_lossy,30,0.1582124035035629,1.0,1.0,0,0.0
MCUCXR_0309_1,Montgomery,1,2,background_lossy,30,0.8417875964964371,1.0,1.0,0,0.0
MCUCXR_0309_1,Montgomery,1,2,all_lossy,30,1.0,1.0,0.99951171875,0,0.00048828125
MCUCXR_0309_1,Montgomery,1,2,lungs_lossy,50,0.1582124035035629,1.0,1.0,0,0.0
MCUCXR_0309_1,Montgomery,1,2,background_lossy,50,0.8417875964964371,1.0,1.0,0,0.0
MCUCXR_0309_1,Montgomery,1,2,all_lossy,50,1.0,1.0,0.99951171875,0,0.00048828125
MCUCXR_0309_1,Montgomery,1,2,lungs_lossy,70,0.1582124035035629,1.0,1.0,0,0.0
MCUCXR_0309_1,Montgomery,1,2,background_lossy,70,0.8417875964964371,1.0,1.0,0,0.0
MCUCXR_0309_1,Montgomery,1,2,all_lossy,70,1.0,1.0,1.0,0,0.0
MCUCXR_0311_1,Montgomery,1,2,lungs_lossy,10,0.1557211252969121,1.0,0.998046875,0,0.001953125
MCUCXR_0311_1,Montgomery,1,2,background_lossy,10,0.8442788747030878,1.0,1.0,0,0.0
MCUCXR_0311_1,Montgomery,1,2,all_lossy,10,1.0,1.0,0.99072265625,0,0.00927734375
MCUCXR_0311_1,Montgomery,1,2,lungs_lossy,30,0.1557211252969121,1.0,1.0,0,0.0
MCUCXR_0311_1,Montgomery,1,2,background_lossy,30,0.8442788747030878,1.0,1.0,0,0.0
MCUCXR_0311_1,Montgomery,1,2,all_lossy,30,1.0,1.0,0.99951171875,0,0.00048828125
MCUCXR_0311_1,Montgomery,1,2,lungs_lossy,50,0.1557211252969121,1.0,1.0,0,0.0
MCUCXR_0311_1,Montgomery,1,2,background_lossy,50,0.8442788747030878,1.0,1.0,0,0.0
MCUCXR_0311_1,Montgomery,1,2,all_lossy,50,1.0,1.0,1.0,0,0.0
MCUCXR_0311_1,Montgomery,1,2,lungs_lossy,70,0.1557211252969121,1.0,1.0,0,0.0
MCUCXR_0311_1,Montgomery,1,2,background_lossy,70,0.8442788747030878,1.0,1.0,0,0.0
MCUCXR_0311_1,Montgomery,1,2,all_lossy,70,1.0,1.0,1.0,0,0.0
MCUCXR_0313_1,Montgomery,1,4,lungs_lossy,10,0.2971579943586698,0.625,0.8740234375,0,0.2490234375
MCUCXR_0313_1,Montgomery,1,4,background_lossy,10,0.7028420056413301,0.625,0.52001953125,0,0.10498046875
MCUCXR_0313_1,Montgomery,1,4,all_lossy,10,1.0,0.625,0.73828125,0,0.11328125
MCUCXR_0313_1,Montgomery,1,4,lungs_lossy,30,0.2971579943586698,0.625,0.84375,0,0.21875
MCUCXR_0313_1,Montgomery,1,4,background_lossy,30,0.7028420056413301,0.625,0.54296875,0,0.08203125
MCUCXR_0313_1,Montgomery,1,4,all_lossy,30,1.0,0.625,0.7841796875,0,0.1591796875
MCUCXR_0313_1,Montgomery,1,4,lungs_lossy,50,0.2971579943586698,0.625,0.7216796875,0,0.0966796875
MCUCXR_0313_1,Montgomery,1,4,background_lossy,50,0.7028420056413301,0.625,0.60986328125,0,0.01513671875
MCUCXR_0313_1,Montgomery,1,4,all_lossy,50,1.0,0.625,0.70703125,0,0.08203125
MCUCXR_0313_1,Montgomery,1,4,lungs_lossy,70,0.2971579943586698,0.625,0.6435546875,0,0.0185546875
MCUCXR_0313_1,Montgomery,1,4,background_lossy,70,0.7028420056413301,0.625,0.62255859375,0,0.00244140625
MCUCXR_0313_1,Montgomery,1,4,all_lossy,70,1.0,0.625,0.63525390625,0,0.01025390625
MCUCXR_0316_1,Montgomery,1,3,lungs_lossy,10,0.2890439429928741,0.982421875,0.98583984375,0,0.00341796875
MCUCXR_0316_1,Montgomery,1,3,background_lossy,10,0.7109560570071258,0.982421875,0.93408203125,0,0.04833984375
MCUCXR_0316_1,Montgomery,1,3,all_lossy,10,1.0,0.982421875,0.95654296875,0,0.02587890625
MCUCXR_0316_1,Montgomery,1,3,lungs_lossy,30,0.2890439429928741,0.982421875,0.9912109375,0,0.0087890625
MCUCXR_0316_1,Montgomery,1,3,background_lossy,30,0.7109560570071258,0.982421875,0.95751953125,0,0.02490234375
MCUCXR_0316_1,Montgomery,1,3,all_lossy,30,1.0,0.982421875,0.97705078125,0,0.00537109375
MCUCXR_0316_1,Montgomery,1,3,lungs_lossy,50,0.2890439429928741,0.982421875,0.98974609375,0,0.00732421875
MCUCXR_0316_1,Montgomery,1,3,background_lossy,50,0.7109560570071258,0.982421875,0.9677734375,0,0.0146484375
MCUCXR_0316_1,Montgomery,1,3,all_lossy,50,1.0,0.982421875,0.97900390625,0,0.00341796875
MCUCXR_0316_1,Montgomery,1,3,lungs_lossy,70,0.2890439429928741,0.982421875,0.982421875,0,0.0
MCUCXR_0316_1,Montgomery,1,3,background_lossy,70,0.7109560570071258,0.982421875,0.9814453125,0,0.0009765625
MCUCXR_0316_1,Montgomery,1,3,all_lossy,70,1.0,0.982421875,0.98193359375,0,0.00048828125
MCUCXR_0331_1,Montgomery,1,2,lungs_lossy,10,0.3266729141923991,0.91796875,0.96240234375,0,0.04443359375
MCUCXR_0331_1,Montgomery,1,2,background_lossy,10,0.6733270858076009,0.91796875,0.98095703125,0,0.06298828125
MCUCXR_0331_1,Montgomery,1,2,all_lossy,10,1.0,0.91796875,0.98291015625,0,0.06494140625
MCUCXR_0331_1,Montgomery,1,2,lungs_lossy,30,0.3266729141923991,0.91796875,0.99462890625,0,0.07666015625
MCUCXR_0331_1,Montgomery,1,2,background_lossy,30,0.6733270858076009,0.91796875,0.96240234375,0,0.04443359375
MCUCXR_0331_1,Montgomery,1,2,all_lossy,30,1.0,0.91796875,0.9951171875,0,0.0771484375
MCUCXR_0331_1,Montgomery,1,2,lungs_lossy,50,0.3266729141923991,0.91796875,0.97900390625,0,0.06103515625
MCUCXR_0331_1,Montgomery,1,2,background_lossy,50,0.6733270858076009,0.91796875,0.94384765625,0,0.02587890625
MCUCXR_0331_1,Montgomery,1,2,all_lossy,50,1.0,0.91796875,0.97705078125,0,0.05908203125
MCUCXR_0331_1,Montgomery,1,2,lungs_lossy,70,0.3266729141923991,0.91796875,0.95068359375,0,0.03271484375
MCUCXR_0331_1,Montgomery,1,2,background_lossy,70,0.6733270858076009,0.91796875,0.9375,0,0.01953125
MCUCXR_0331_1,Montgomery,1,2,all_lossy,70,1.0,0.91796875,0.95849609375,0,0.04052734375
MCUCXR_0334_1,Montgomery,1,4,lungs_lossy,10,0.2659729438836104,0.1632080078125,0.7705078125,1,0.6072998046875
MCUCXR_0334_1,Montgomery,1,4,background_lossy,10,0.7340270561163895,0.1632080078125,0.09619140625,0,0.0670166015625
MCUCXR_0334_1,Montgomery,1,4,all_lossy,10,1.0,0.1632080078125,0.60693359375,1,0.4437255859375
MCUCXR_0334_1,Montgomery,1,4,lungs_lossy,30,0.2659729438836104,0.1632080078125,0.6806640625,1,0.5174560546875
MCUCXR_0334_1,Montgomery,1,4,background_lossy,30,0.7340270561163895,0.1632080078125,0.13623046875,0,0.0269775390625
MCUCXR_0334_1,Montgomery,1,4,all_lossy,30,1.0,0.1632080078125,0.55322265625,1,0.3900146484375
MCUCXR_0334_1,Montgomery,1,4,lungs_lossy,50,0.2659729438836104,0.1632080078125,0.276611328125,0,0.1134033203125
MCUCXR_0334_1,Montgomery,1,4,background_lossy,50,0.7340270561163895,0.1632080078125,0.14306640625,0,0.0201416015625
MCUCXR_0334_1,Montgomery,1,4,all_lossy,50,1.0,0.1632080078125,0.2171630859375,0,0.053955078125
MCUCXR_0334_1,Montgomery,1,4,lungs_lossy,70,0.2659729438836104,0.1632080078125,0.1890869140625,0,0.02587890625
MCUCXR_0334_1,Montgomery,1,4,background_lossy,70,0.7340270561163895,0.1632080078125,0.1534423828125,0,0.009765625
MCUCXR_0334_1,Montgomery,1,4,all_lossy,70,1.0,0.1632080078125,0.174560546875,0,0.0113525390625
MCUCXR_0338_1,Montgomery,1,2,lungs_lossy,10,0.4193837217933491,0.3447265625,0.9736328125,1,0.62890625
MCUCXR_0338_1,Montgomery,1,2,background_lossy,10,0.5806162782066508,0.3447265625,0.391357421875,0,0.046630859375
MCUCXR_0338_1,Montgomery,1,2,all_lossy,10,1.0,0.3447265625,0.99072265625,1,0.64599609375
MCUCXR_0338_1,Montgomery,1,2,lungs_lossy,30,0.4193837217933491,0.3447265625,0.9794921875,1,0.634765625
MCUCXR_0338_1,Montgomery,1,2,background_lossy,30,0.5806162782066508,0.3447265625,0.452392578125,0,0.107666015625
MCUCXR_0338_1,Montgomery,1,2,all_lossy,30,1.0,0.3447265625,0.96533203125,1,0.62060546875
MCUCXR_0338_1,Montgomery,1,2,lungs_lossy,50,0.4193837217933491,0.3447265625,0.73046875,1,0.3857421875
MCUCXR_0338_1,Montgomery,1,2,background_lossy,50,0.5806162782066508,0.3447265625,0.483642578125,0,0.138916015625
MCUCXR_0338_1,Montgomery,1,2,all_lossy,50,1.0,0.3447265625,0.814453125,1,0.4697265625
MCUCXR_0338_1,Montgomery,1,2,lungs_lossy,70,0.4193837217933491,0.3447265625,0.55029296875,1,0.20556640625
MCUCXR_0338_1,Montgomery,1,2,background_lossy,70,0.5806162782066508,0.3447265625,0.3662109375,0,0.021484375
MCUCXR_0338_1,Montgomery,1,2,all_lossy,70,1.0,0.3447265625,0.5869140625,1,0.2421875
MCUCXR_0348_1,Montgomery,1,1,lungs_lossy,10,0.1809911297505938,0.445068359375,0.994140625,1,0.549072265625
MCUCXR_0348_1,Montgomery,1,1,background_lossy,10,0.8190088702494062,0.445068359375,0.7529296875,1,0.307861328125
MCUCXR_0348_1,Montgomery,1,1,all_lossy,10,1.0,0.445068359375,0.994140625,1,0.549072265625
MCUCXR_0348_1,Montgomery,1,1,lungs_lossy,30,0.1809911297505938,0.445068359375,0.96142578125,1,0.516357421875
MCUCXR_0348_1,Montgomery,1,1,background_lossy,30,0.8190088702494062,0.445068359375,0.72705078125,1,0.281982421875
MCUCXR_0348_1,Montgomery,1,1,all_lossy,30,1.0,0.445068359375,0.97998046875,1,0.534912109375
MCUCXR_0348_1,Montgomery,1,1,lungs_lossy,50,0.1809911297505938,0.445068359375,0.908203125,1,0.463134765625
MCUCXR_0348_1,Montgomery,1,1,background_lossy,50,0.8190088702494062,0.445068359375,0.25830078125,0,0.186767578125
MCUCXR_0348_1,Montgomery,1,1,all_lossy,50,1.0,0.445068359375,0.7900390625,1,0.344970703125
MCUCXR_0348_1,Montgomery,1,1,lungs_lossy,70,0.1809911297505938,0.445068359375,0.486083984375,0,0.041015625
MCUCXR_0348_1,Montgomery,1,1,background_lossy,70,0.8190088702494062,0.445068359375,0.369384765625,0,0.07568359375
MCUCXR_0348_1,Montgomery,1,1,all_lossy,70,1.0,0.445068359375,0.4033203125,0,0.041748046875
MCUCXR_0350_1,Montgomery,1,4,lungs_lossy,10,0.3190830982779097,0.5185546875,0.7978515625,0,0.279296875
MCUCXR_0350_1,Montgomery,1,4,background_lossy,10,0.6809169017220902,0.5185546875,0.47900390625,1,0.03955078125
MCUCXR_0350_1,Montgomery,1,4,all_lossy,10,1.0,0.5185546875,0.638671875,0,0.1201171875
MCUCXR_0350_1,Montgomery,1,4,lungs_lossy,30,0.3190830982779097,0.5185546875,0.7861328125,0,0.267578125
MCUCXR_0350_1,Montgomery,1,4,background_lossy,30,0.6809169017220902,0.5185546875,0.47998046875,1,0.03857421875
MCUCXR_0350_1,Montgomery,1,4,all_lossy,30,1.0,0.5185546875,0.7412109375,0,0.22265625
MCUCXR_0350_1,Montgomery,1,4,lungs_lossy,50,0.3190830982779097,0.5185546875,0.62255859375,0,0.10400390625
MCUCXR_0350_1,Montgomery,1,4,background_lossy,50,0.6809169017220902,0.5185546875,0.51025390625,0,0.00830078125
MCUCXR_0350_1,Montgomery,1,4,all_lossy,50,1.0,0.5185546875,0.60498046875,0,0.08642578125
MCUCXR_0350_1,Montgomery,1,4,lungs_lossy,70,0.3190830982779097,0.5185546875,0.51318359375,0,0.00537109375
MCUCXR_0350_1,Montgomery,1,4,background_lossy,70,0.6809169017220902,0.5185546875,0.541015625,0,0.0224609375
MCUCXR_0350_1,Montgomery,1,4,all_lossy,70,1.0,0.5185546875,0.525390625,0,0.0068359375
MCUCXR_0352_1,Montgomery,1,4,lungs_lossy,10,0.2710297283254156,0.0208892822265625,0.64208984375,1,0.6212005615234375
MCUCXR_0352_1,Montgomery,1,4,background_lossy,10,0.7289702716745843,0.0208892822265625,0.03021240234375,0,0.0093231201171875
MCUCXR_0352_1,Montgomery,1,4,all_lossy,10,1.0,0.0208892822265625,0.56201171875,1,0.5411224365234375
MCUCXR_0352_1,Montgomery,1,4,lungs_lossy,30,0.2710297283254156,0.0208892822265625,0.09173583984375,0,0.0708465576171875
MCUCXR_0352_1,Montgomery,1,4,background_lossy,30,0.7289702716745843,0.0208892822265625,0.0218658447265625,0,0.0009765625
MCUCXR_0352_1,Montgomery,1,4,all_lossy,30,1.0,0.0208892822265625,0.10357666015625,0,0.0826873779296875
MCUCXR_0352_1,Montgomery,1,4,lungs_lossy,50,0.2710297283254156,0.0208892822265625,0.03289794921875,0,0.0120086669921875
MCUCXR_0352_1,Montgomery,1,4,background_lossy,50,0.7289702716745843,0.0208892822265625,0.02386474609375,0,0.0029754638671875
MCUCXR_0352_1,Montgomery,1,4,all_lossy,50,1.0,0.0208892822265625,0.036346435546875,0,0.0154571533203125
MCUCXR_0352_1,Montgomery,1,4,lungs_lossy,70,0.2710297283254156,0.0208892822265625,0.0217742919921875,0,0.000885009765625
MCUCXR_0352_1,Montgomery,1,4,background_lossy,70,0.7289702716745843,0.0208892822265625,0.021575927734375,0,0.0006866455078125
MCUCXR_0352_1,Montgomery,1,4,all_lossy,70,1.0,0.0208892822265625,0.022796630859375,0,0.0019073486328125
MCUCXR_0354_1,Montgomery,1,2,lungs_lossy,10,0.3777603548099763,0.75,0.62548828125,0,0.12451171875
MCUCXR_0354_1,Montgomery,1,2,background_lossy,10,0.6222396451900237,0.75,0.94482421875,0,0.19482421875
MCUCXR_0354_1,Montgomery,1,2,all_lossy,10,1.0,0.75,0.8818359375,0,0.1318359375
MCUCXR_0354_1,Montgomery,1,2,lungs_lossy,30,0.3777603548099763,0.75,0.9765625,0,0.2265625
MCUCXR_0354_1,Montgomery,1,2,background_lossy,30,0.6222396451900237,0.75,0.896484375,0,0.146484375
MCUCXR_0354_1,Montgomery,1,2,all_lossy,30,1.0,0.75,0.9912109375,0,0.2412109375
MCUCXR_0354_1,Montgomery,1,2,lungs_lossy,50,0.3777603548099763,0.75,0.93359375,0,0.18359375
MCUCXR_0354_1,Montgomery,1,2,background_lossy,50,0.6222396451900237,0.75,0.89794921875,0,0.14794921875
MCUCXR_0354_1,Montgomery,1,2,all_lossy,50,1.0,0.75,0.97900390625,0,0.22900390625
MCUCXR_0354_1,Montgomery,1,2,lungs_lossy,70,0.3777603548099763,0.75,0.6962890625,0,0.0537109375
MCUCXR_0354_1,Montgomery,1,2,background_lossy,70,0.6222396451900237,0.75,0.79150390625,0,0.04150390625
MCUCXR_0354_1,Montgomery,1,2,all_lossy,70,1.0,0.75,0.75439453125,0,0.00439453125
MCUCXR_0362_1,Montgomery,1,3,lungs_lossy,10,0.2613940023752969,0.40673828125,0.8330078125,1,0.42626953125
MCUCXR_0362_1,Montgomery,1,3,background_lossy,10,0.738605997624703,0.40673828125,0.250244140625,0,0.156494140625
MCUCXR_0362_1,Montgomery,1,3,all_lossy,10,1.0,0.40673828125,0.85498046875,1,0.4482421875
MCUCXR_0362_1,Montgomery,1,3,lungs_lossy,30,0.2613940023752969,0.40673828125,0.96435546875,1,0.5576171875
MCUCXR_0362_1,Montgomery,1,3,background_lossy,30,0.738605997624703,0.40673828125,0.19189453125,0,0.21484375
MCUCXR_0362_1,Montgomery,1,3,all_lossy,30,1.0,0.40673828125,0.78369140625,1,0.376953125
MCUCXR_0362_1,Montgomery,1,3,lungs_lossy,50,0.2613940023752969,0.40673828125,0.6396484375,1,0.23291015625
MCUCXR_0362_1,Montgomery,1,3,background_lossy,50,0.738605997624703,0.40673828125,0.216064453125,0,0.190673828125
MCUCXR_0362_1,Montgomery,1,3,all_lossy,50,1.0,0.40673828125,0.405517578125,0,0.001220703125
MCUCXR_0362_1,Montgomery,1,3,lungs_lossy,70,0.2613940023752969,0.40673828125,0.431640625,0,0.02490234375
MCUCXR_0362_1,Montgomery,1,3,background_lossy,70,0.738605997624703,0.40673828125,0.3525390625,0,0.05419921875
MCUCXR_0362_1,Montgomery,1,3,all_lossy,70,1.0,0.40673828125,0.3759765625,0,0.03076171875
MCUCXR_0367_1,Montgomery,1,3,lungs_lossy,10,0.2240526647862232,0.28955078125,0.95751953125,1,0.66796875
MCUCXR_0367_1,Montgomery,1,3,background_lossy,10,0.7759473352137767,0.28955078125,0.2120361328125,0,0.0775146484375
MCUCXR_0367_1,Montgomery,1,3,all_lossy,10,1.0,0.28955078125,0.93115234375,1,0.6416015625
MCUCXR_0367_1,Montgomery,1,3,lungs_lossy,30,0.2240526647862232,0.28955078125,0.8671875,1,0.57763671875
MCUCXR_0367_1,Montgomery,1,3,background_lossy,30,0.7759473352137767,0.28955078125,0.1551513671875,0,0.1343994140625
MCUCXR_0367_1,Montgomery,1,3,all_lossy,30,1.0,0.28955078125,0.771484375,1,0.48193359375
MCUCXR_0367_1,Montgomery,1,3,lungs_lossy,50,0.2240526647862232,0.28955078125,0.405517578125,0,0.115966796875
MCUCXR_0367_1,Montgomery,1,3,background_lossy,50,0.7759473352137767,0.28955078125,0.198974609375,0,0.090576171875
MCUCXR_0367_1,Montgomery,1,3,all_lossy,50,1.0,0.28955078125,0.285888671875,0,0.003662109375
MCUCXR_0367_1,Montgomery,1,3,lungs_lossy,70,0.2240526647862232,0.28955078125,0.299072265625,0,0.009521484375
MCUCXR_0367_1,Montgomery,1,3,background_lossy,70,0.7759473352137767,0.28955078125,0.2568359375,0,0.03271484375
MCUCXR_0367_1,Montgomery,1,3,all_lossy,70,1.0,0.28955078125,0.2646484375,0,0.02490234375
MCUCXR_0369_1,Montgomery,1,4,lungs_lossy,10,0.2427813242280285,0.611328125,0.8310546875,0,0.2197265625
MCUCXR_0369_1,Montgomery,1,4,background_lossy,10,0.7572186757719714,0.611328125,0.68408203125,0,0.07275390625
MCUCXR_0369_1,Montgomery,1,4,all_lossy,10,1.0,0.611328125,0.80712890625,0,0.19580078125
MCUCXR_0369_1,Montgomery,1,4,lungs_lossy,30,0.2427813242280285,0.611328125,0.80029296875,0,0.18896484375
MCUCXR_0369_1,Montgomery,1,4,background_lossy,30,0.7572186757719714,0.611328125,0.7255859375,0,0.1142578125
MCUCXR_0369_1,Montgomery,1,4,all_lossy,30,1.0,0.611328125,0.81005859375,0,0.19873046875
MCUCXR_0369_1,Montgomery,1,4,lungs_lossy,50,0.2427813242280285,0.611328125,0.658203125,0,0.046875
MCUCXR_0369_1,Montgomery,1,4,background_lossy,50,0.7572186757719714,0.611328125,0.7080078125,0,0.0966796875
MCUCXR_0369_1,Montgomery,1,4,all_lossy,50,1.0,0.611328125,0.7294921875,0,0.1181640625
MCUCXR_0369_1,Montgomery,1,4,lungs_lossy,70,0.2427813242280285,0.611328125,0.59326171875,0,0.01806640625
MCUCXR_0369_1,Montgomery,1,4,background_lossy,70,0.7572186757719714,0.611328125,0.62744140625,0,0.01611328125
MCUCXR_0369_1,Montgomery,1,4,all_lossy,70,1.0,0.611328125,0.60498046875,0,0.00634765625
MCUCXR_0372_1,Montgomery,1,0,lungs_lossy,10,0.2503804186460807,0.99169921875,0.99951171875,0,0.0078125
MCUCXR_0372_1,Montgomery,1,0,background_lossy,10,0.7496195813539193,0.99169921875,0.9306640625,0,0.06103515625
MCUCXR_0372_1,Montgomery,1,0,all_lossy,10,1.0,0.99169921875,0.9970703125,0,0.00537109375
MCUCXR_0372_1,Montgomery,1,0,lungs_lossy,30,0.2503804186460807,0.99169921875,0.99853515625,0,0.0068359375
MCUCXR_0372_1,Montgomery,1,0,background_lossy,30,0.7496195813539193,0.99169921875,0.95947265625,0,0.0322265625
MCUCXR_0372_1,Montgomery,1,0,all_lossy,30,1.0,0.99169921875,0.99365234375,0,0.001953125
MCUCXR_0372_1,Montgomery,1,0,lungs_lossy,50,0.2503804186460807,0.99169921875,0.99658203125,0,0.0048828125
MCUCXR_0372_1,Montgomery,1,0,background_lossy,50,0.7496195813539193,0.99169921875,0.9755859375,0,0.01611328125
MCUCXR_0372_1,Montgomery,1,0,all_lossy,50,1.0,0.99169921875,0.9892578125,0,0.00244140625
MCUCXR_0372_1,Montgomery,1,0,lungs_lossy,70,0.2503804186460807,0.99169921875,0.994140625,0,0.00244140625
MCUCXR_0372_1,Montgomery,1,0,background_lossy,70,0.7496195813539193,0.99169921875,0.9873046875,0,0.00439453125
MCUCXR_0372_1,Montgomery,1,0,all_lossy,70,1.0,0.99169921875,0.9912109375,0,0.00048828125
MCUCXR_0375_1,Montgomery,1,0,lungs_lossy,10,0.2844742799881235,0.436767578125,0.98193359375,1,0.545166015625
MCUCXR_0375_1,Montgomery,1,0,background_lossy,10,0.7155257200118765,0.436767578125,0.4794921875,0,0.042724609375
MCUCXR_0375_1,Montgomery,1,0,all_lossy,10,1.0,0.436767578125,0.98193359375,1,0.545166015625
MCUCXR_0375_1,Montgomery,1,0,lungs_lossy,30,0.2844742799881235,0.436767578125,0.95849609375,1,0.521728515625
MCUCXR_0375_1,Montgomery,1,0,background_lossy,30,0.7155257200118765,0.436767578125,0.265380859375,0,0.17138671875
MCUCXR_0375_1,Montgomery,1,0,all_lossy,30,1.0,0.436767578125,0.86328125,1,0.426513671875
MCUCXR_0375_1,Montgomery,1,0,lungs_lossy,50,0.2844742799881235,0.436767578125,0.70556640625,1,0.268798828125
MCUCXR_0375_1,Montgomery,1,0,background_lossy,50,0.7155257200118765,0.436767578125,0.324951171875,0,0.11181640625
MCUCXR_0375_1,Montgomery,1,0,all_lossy,50,1.0,0.436767578125,0.434326171875,0,0.00244140625
MCUCXR_0375_1,Montgomery,1,0,lungs_lossy,70,0.2844742799881235,0.436767578125,0.52197265625,1,0.085205078125
MCUCXR_0375_1,Montgomery,1,0,background_lossy,70,0.7155257200118765,0.436767578125,0.47705078125,0,0.040283203125
MCUCXR_0375_1,Montgomery,1,0,all_lossy,70,1.0,0.436767578125,0.5537109375,1,0.116943359375
MCUCXR_0383_1,Montgomery,1,1,lungs_lossy,10,0.2550428666864608,0.82763671875,1.0,0,0.17236328125
MCUCXR_0383_1,Montgomery,1,1,background_lossy,10,0.7449571333135392,0.82763671875,0.81494140625,0,0.0126953125
MCUCXR_0383_1,Montgomery,1,1,all_lossy,10,1.0,0.82763671875,1.0,0,0.17236328125
MCUCXR_0383_1,Montgomery,1,1,lungs_lossy,30,0.2550428666864608,0.82763671875,1.0,0,0.17236328125
MCUCXR_0383_1,Montgomery,1,1,background_lossy,30,0.7449571333135392,0.82763671875,0.8671875,0,0.03955078125
MCUCXR_0383_1,Montgomery,1,1,all_lossy,30,1.0,0.82763671875,1.0,0,0.17236328125
MCUCXR_0383_1,Montgomery,1,1,lungs_lossy,50,0.2550428666864608,0.82763671875,0.9892578125,0,0.16162109375
MCUCXR_0383_1,Montgomery,1,1,background_lossy,50,0.7449571333135392,0.82763671875,0.61474609375,0,0.212890625
MCUCXR_0383_1,Montgomery,1,1,all_lossy,50,1.0,0.82763671875,0.9619140625,0,0.13427734375
MCUCXR_0383_1,Montgomery,1,1,lungs_lossy,70,0.2550428666864608,0.82763671875,0.87744140625,0,0.0498046875
MCUCXR_0383_1,Montgomery,1,1,background_lossy,70,0.7449571333135392,0.82763671875,0.70263671875,0,0.125
MCUCXR_0383_1,Montgomery,1,1,all_lossy,70,1.0,0.82763671875,0.7919921875,0,0.03564453125
MCUCXR_0387_1,Montgomery,1,1,lungs_lossy,10,0.340688093824228,0.998046875,0.998046875,0,0.0
MCUCXR_0387_1,Montgomery,1,1,background_lossy,10,0.659311906175772,0.998046875,0.990234375,0,0.0078125
MCUCXR_0387_1,Montgomery,1,1,all_lossy,10,1.0,0.998046875,0.98681640625,0,0.01123046875
MCUCXR_0387_1,Montgomery,1,1,lungs_lossy,30,0.340688093824228,0.998046875,0.99951171875,0,0.00146484375
MCUCXR_0387_1,Montgomery,1,1,background_lossy,30,0.659311906175772,0.998046875,0.99267578125,0,0.00537109375
MCUCXR_0387_1,Montgomery,1,1,all_lossy,30,1.0,0.998046875,0.9951171875,0,0.0029296875
MCUCXR_0387_1,Montgomery,1,1,lungs_lossy,50,0.340688093824228,0.998046875,0.99853515625,0,0.00048828125
MCUCXR_0387_1,Montgomery,1,1,background_lossy,50,0.659311906175772,0.998046875,0.9912109375,0,0.0068359375
MCUCXR_0387_1,Montgomery,1,1,all_lossy,50,1.0,0.998046875,0.994140625,0,0.00390625
MCUCXR_0387_1,Montgomery,1,1,lungs_lossy,70,0.340688093824228,0.998046875,0.99853515625,0,0.00048828125
MCUCXR_0387_1,Montgomery,1,1,background_lossy,70,0.659311906175772,0.998046875,0.99755859375,0,0.00048828125
MCUCXR_0387_1,Montgomery,1,1,all_lossy,70,1.0,0.998046875,0.998046875,0,0.0
MCUCXR_0390_1,Montgomery,1,3,lungs_lossy,10,0.2914795501781472,0.9970703125,0.99755859375,0,0.00048828125
MCUCXR_0390_1,Montgomery,1,3,background_lossy,10,0.7085204498218527,0.9970703125,0.98486328125,0,0.01220703125
MCUCXR_0390_1,Montgomery,1,3,all_lossy,10,1.0,0.9970703125,0.98388671875,0,0.01318359375
MCUCXR_0390_1,Montgomery,1,3,lungs_lossy,30,0.2914795501781472,0.9970703125,0.99951171875,0,0.00244140625
MCUCXR_0390_1,Montgomery,1,3,background_lossy,30,0.7085204498218527,0.9970703125,0.98974609375,0,0.00732421875
MCUCXR_0390_1,Montgomery,1,3,all_lossy,30,1.0,0.9970703125,0.99853515625,0,0.00146484375
MCUCXR_0390_1,Montgomery,1,3,lungs_lossy,50,0.2914795501781472,0.9970703125,0.998046875,0,0.0009765625
MCUCXR_0390_1,Montgomery,1,3,background_lossy,50,0.7085204498218527,0.9970703125,0.9951171875,0,0.001953125
MCUCXR_0390_1,Montgomery,1,3,all_lossy,50,1.0,0.9970703125,0.9970703125,0,0.0
MCUCXR_0390_1,Montgomery,1,3,lungs_lossy,70,0.2914795501781472,0.9970703125,0.99658203125,0,0.00048828125
MCUCXR_0390_1,Montgomery,1,3,background_lossy,70,0.7085204498218527,0.9970703125,0.99658203125,0,0.00048828125
MCUCXR_0390_1,Montgomery,1,3,all_lossy,70,1.0,0.9970703125,0.99609375,0,0.0009765625
MCUCXR_0393_1,Montgomery,1,1,lungs_lossy,10,0.2779097387173396,0.2059326171875,0.99951171875,1,0.7935791015625
MCUCXR_0393_1,Montgomery,1,1,background_lossy,10,0.7220902612826603,0.2059326171875,0.352294921875,0,0.1463623046875
MCUCXR_0393_1,Montgomery,1,1,all_lossy,10,1.0,0.2059326171875,0.99951171875,1,0.7935791015625
MCUCXR_0393_1,Montgomery,1,1,lungs_lossy,30,0.2779097387173396,0.2059326171875,0.99609375,1,0.7901611328125
MCUCXR_0393_1,Montgomery,1,1,background_lossy,30,0.7220902612826603,0.2059326171875,0.4248046875,0,0.2188720703125
MCUCXR_0393_1,Montgomery,1,1,all_lossy,30,1.0,0.2059326171875,0.99462890625,1,0.7886962890625
MCUCXR_0393_1,Montgomery,1,1,lungs_lossy,50,0.2779097387173396,0.2059326171875,0.35791015625,0,0.1519775390625
MCUCXR_0393_1,Montgomery,1,1,background_lossy,50,0.7220902612826603,0.2059326171875,0.246337890625,0,0.0404052734375
MCUCXR_0393_1,Montgomery,1,1,all_lossy,50,1.0,0.2059326171875,0.340576171875,0,0.1346435546875
MCUCXR_0393_1,Montgomery,1,1,lungs_lossy,70,0.2779097387173396,0.2059326171875,0.1505126953125,0,0.055419921875
MCUCXR_0393_1,Montgomery,1,1,background_lossy,70,0.7220902612826603,0.2059326171875,0.1380615234375,0,0.06787109375
MCUCXR_0393_1,Montgomery,1,1,all_lossy,70,1.0,0.2059326171875,0.10760498046875,0,0.09832763671875
MCUCXR_0399_1,Montgomery,1,2,lungs_lossy,10,0.2208144670427553,0.9970703125,0.99853515625,0,0.00146484375
MCUCXR_0399_1,Montgomery,1,2,background_lossy,10,0.7791855329572447,0.9970703125,0.99462890625,0,0.00244140625
MCUCXR_0399_1,Montgomery,1,2,all_lossy,10,1.0,0.9970703125,0.99658203125,0,0.00048828125
MCUCXR_0399_1,Montgomery,1,2,lungs_lossy,30,0.2208144670427553,0.9970703125,0.99951171875,0,0.00244140625
MCUCXR_0399_1,Montgomery,1,2,background_lossy,30,0.7791855329572447,0.9970703125,0.9921875,0,0.0048828125
MCUCXR_0399_1,Montgomery,1,2,all_lossy,30,1.0,0.9970703125,0.99853515625,0,0.00146484375
MCUCXR_0399_1,Montgomery,1,2,lungs_lossy,50,0.2208144670427553,0.9970703125,0.9990234375,0,0.001953125
MCUCXR_0399_1,Montgomery,1,2,background_lossy,50,0.7791855329572447,0.9970703125,0.9931640625,0,0.00390625
MCUCXR_0399_1,Montgomery,1,2,all_lossy,50,1.0,0.9970703125,0.99755859375,0,0.00048828125
MCUCXR_0399_1,Montgomery,1,2,lungs_lossy,70,0.2208144670427553,0.9970703125,0.99658203125,0,0.00048828125
MCUCXR_0399_1,Montgomery,1,2,background_lossy,70,0.7791855329572447,0.9970703125,0.99560546875,0,0.00146484375
MCUCXR_0399_1,Montgomery,1,2,all_lossy,70,1.0,0.9970703125,0.9951171875,0,0.001953125
