stem,source,label,fold,variant,d_pixels,has_mask,total_bytes,header_bytes,mask_bytes,roi_bytes,background_bytes,ratio_vs_png,true_lung_pixels_outside_roi,pct_true_lung_outside_roi,psnr_lung_true,roi_lossless
CHNCXR_0001_0,Shenzhen,0,3,dilation_0px,0,True,35190,22,1613,26086,7469,3.0063,12724,20.3272,45.7216,True
CHNCXR_0001_0,Shenzhen,0,3,dilation_4px,4,True,37988,22,1646,29190,7130,2.7849,8213,13.1206,48.954,True
CHNCXR_0001_0,Shenzhen,0,3,dilation_8px,8,True,40766,22,1741,32121,6882,2.5951,6735,10.7595,50.3242,True
CHNCXR_0002_0,Shenzhen,0,1,dilation_0px,0,True,33446,22,1377,24394,7653,3.1579,11370,20.3301,46.7252,True
CHNCXR_0002_0,Shenzhen,0,1,dilation_4px,4,True,36006,22,1439,27187,7358,2.9333,9370,16.754,48.8298,True
CHNCXR_0002_0,Shenzhen,0,1,dilation_8px,8,True,38487,22,1487,29808,7170,2.7443,8383,14.9892,49.7073,True
CHNCXR_0003_0,Shenzhen,0,3,dilation_0px,0,True,38018,22,1522,27168,9306,2.8243,7656,12.3717,47.2461,True
CHNCXR_0003_0,Shenzhen,0,3,dilation_4px,4,True,40773,22,1593,30191,8967,2.6335,4792,7.7436,51.4171,True
CHNCXR_0003_0,Shenzhen,0,3,dilation_8px,8,True,43548,22,1658,33160,8708,2.4657,4080,6.5931,52.2193,True
CHNCXR_0004_0,Shenzhen,0,0,dilation_0px,0,True,36440,22,1481,27178,7759,2.9521,3175,5.5534,49.5131,True
CHNCXR_0004_0,Shenzhen,0,0,dilation_4px,4,True,39170,22,1525,30183,7440,2.7464,511,0.8938,58.6057,True
CHNCXR_0004_0,Shenzhen,0,0,dilation_8px,8,True,42002,22,1609,33113,7258,2.5612,20,0.035,72.4804,True
CHNCXR_0005_0,Shenzhen,0,1,dilation_0px,0,True,37861,22,1507,28620,7712,2.8657,4688,7.6757,48.075,True
CHNCXR_0005_0,Shenzhen,0,1,dilation_4px,4,True,40666,22,1568,31656,7420,2.668,1111,1.819,56.5829,True
CHNCXR_0005_0,Shenzhen,0,1,dilation_8px,8,True,43377,22,1614,34545,7196,2.5013,23,0.0377,68.578,True
CHNCXR_0006_0,Shenzhen,0,3,dilation_0px,0,True,36515,22,1573,26463,8457,2.8259,5571,9.7928,47.7727,True
CHNCXR_0006_0,Shenzhen,0,3,dilation_4px,4,True,39242,22,1607,29566,8047,2.6296,2251,3.9568,53.0694,True
CHNCXR_0006_0,Shenzhen,0,3,dilation_8px,8,True,42104,22,1677,32494,7911,2.4508,1551,2.7264,55.1361,True
CHNCXR_0007_0,Shenzhen,0,4,dilation_0px,0,True,45218,22,1780,34099,9317,2.453,24503,26.6386,46.3422,True
CHNCXR_0007_0,Shenzhen,0,4,dilation_4px,4,True,48233,22,1822,37405,8984,2.2997,20376,22.1519,48.1224,True
CHNCXR_0007_0,Shenzhen,0,4,dilation_8px,8,True,51117,22,1863,40536,8696,2.1699,18642,20.2668,48.7096,True
CHNCXR_0008_0,Shenzhen,0,3,dilation_0px,0,True,29734,22,1160,21029,7523,3.4451,1948,4.5577,49.9394,True
CHNCXR_0008_0,Shenzhen,0,3,dilation_4px,4,True,32035,22,1224,23561,7228,3.1976,209,0.489,62.4886,True
CHNCXR_0008_0,Shenzhen,0,3,dilation_8px,8,True,34284,22,1285,25946,7031,2.9879,0,0.0,inf,True
CHNCXR_0009_0,Shenzhen,0,3,dilation_0px,0,True,30324,22,1379,20759,8164,3.0289,5930,12.5505,47.2879,True
CHNCXR_0009_0,Shenzhen,0,3,dilation_4px,4,True,32721,22,1407,23459,7833,2.807,2450,5.1853,53.133,True
CHNCXR_0009_0,Shenzhen,0,3,dilation_8px,8,True,35197,22,1446,26011,7718,2.6095,1289,2.7281,56.328,True
CHNCXR_0010_0,Shenzhen,0,1,dilation_0px,0,True,29265,22,1240,20164,7839,3.6599,2121,5.3057,49.6903,True
CHNCXR_0010_0,Shenzhen,0,1,dilation_4px,4,True,31581,22,1271,22632,7656,3.3915,385,0.9631,58.6834,True
CHNCXR_0010_0,Shenzhen,0,1,dilation_8px,8,True,33892,22,1324,25079,7467,3.1602,0,0.0,inf,True
CHNCXR_0011_0,Shenzhen,0,2,dilation_0px,0,True,34959,22,1352,26010,7575,2.985,4340,8.0494,47.9011,True
CHNCXR_0011_0,Shenzhen,0,2,dilation_4px,4,True,37486,22,1384,28735,7345,2.7838,1285,2.3833,55.3958,True
CHNCXR_0011_0,Shenzhen,0,2,dilation_8px,8,True,40041,22,1480,31365,7174,2.6061,625,1.1592,57.5855,True
CHNCXR_0012_0,Shenzhen,0,3,dilation_0px,0,True,41886,22,1640,32530,7694,2.6483,5287,7.7671,48.4909,True
CHNCXR_0012_0,Shenzhen,0,3,dilation_4px,4,True,44967,22,1713,35923,7309,2.4669,1786,2.6238,55.9604,True
CHNCXR_0012_0,Shenzhen,0,3,dilation_8px,8,True,48129,22,1809,39180,7118,2.3048,1036,1.522,58.6969,True
CHNCXR_0013_0,Shenzhen,0,4,dilation_0px,0,True,34125,22,1344,25506,7253,3.0784,7094,12.9587,47.8093,True
CHNCXR_0013_0,Shenzhen,0,4,dilation_4px,4,True,36627,22,1385,28229,6991,2.8682,4977,9.0916,50.7296,True
CHNCXR_0013_0,Shenzhen,0,4,dilation_8px,8,True,39122,22,1431,30848,6821,2.6852,4129,7.5425,51.7212,True
CHNCXR_0014_0,Shenzhen,0,2,dilation_0px,0,True,32538,22,1319,23906,7291,3.1919,5871,11.5856,47.3984,True
CHNCXR_0014_0,Shenzhen,0,2,dilation_4px,4,True,35037,22,1344,26588,7083,2.9642,3184,6.2832,51.785,True
CHNCXR_0014_0,Shenzhen,0,2,dilation_8px,8,True,37516,22,1391,29202,6901,2.7683,2578,5.0873,53.3506,True
CHNCXR_0015_0,Shenzhen,0,4,dilation_0px,0,True,37028,22,1451,27536,8019,2.9499,3383,5.8319,49.5741,True
CHNCXR_0015_0,Shenzhen,0,4,dilation_4px,4,True,39715,22,1514,30484,7695,2.7503,1349,2.3255,55.8931,True
CHNCXR_0015_0,Shenzhen,0,4,dilation_8px,8,True,42482,22,1568,33417,7475,2.5712,1045,1.8014,57.2944,True
CHNCXR_0016_0,Shenzhen,0,2,dilation_0px,0,True,30460,22,1268,21452,7718,3.3696,10454,20.0138,45.6293,True
CHNCXR_0016_0,Shenzhen,0,2,dilation_4px,4,True,32900,22,1334,24118,7426,3.1197,7687,14.7165,48.4691,True
CHNCXR_0016_0,Shenzhen,0,2,dilation_8px,8,True,35273,22,1377,26634,7240,2.9098,6330,12.1185,49.9521,True
CHNCXR_0017_0,Shenzhen,0,2,dilation_0px,0,True,37034,22,1539,27379,8094,2.7895,4913,8.3237,47.9761,True
CHNCXR_0017_0,Shenzhen,0,2,dilation_4px,4,True,39765,22,1582,30317,7844,2.5979,1410,2.3889,54.6403,True
CHNCXR_0017_0,Shenzhen,0,2,dilation_8px,8,True,42472,22,1663,33178,7609,2.4324,553,0.9369,58.5649,True
CHNCXR_0018_0,Shenzhen,0,2,dilation_0px,0,True,45842,22,1892,35403,8525,2.3779,4727,6.3986,48.6927,True
CHNCXR_0018_0,Shenzhen,0,2,dilation_4px,4,True,48984,22,1934,38890,8138,2.2254,1221,1.6528,56.9899,True
CHNCXR_0018_0,Shenzhen,0,2,dilation_8px,8,True,52101,22,1985,42164,7930,2.0922,397,0.5374,61.8079,True
CHNCXR_0019_0,Shenzhen,0,0,dilation_0px,0,True,40748,22,1677,31478,7571,2.6428,3681,5.6648,49.3134,True
CHNCXR_0019_0,Shenzhen,0,0,dilation_4px,4,True,43574,22,1716,34601,7235,2.4714,1127,1.7344,56.4418,True
CHNCXR_0019_0,Shenzhen,0,0,dilation_8px,8,True,46412,22,1763,37582,7045,2.3203,525,0.8079,60.4551,True
CHNCXR_0020_0,Shenzhen,0,0,dilation_0px,0,True,46040,22,1681,35827,8510,2.5354,13614,17.8341,44.6189,True
CHNCXR_0020_0,Shenzhen,0,0,dilation_4px,4,True,49245,22,1730,39474,8019,2.3704,9857,12.9125,47.4307,True
CHNCXR_0020_0,Shenzhen,0,0,dilation_8px,8,True,52371,22,1769,42940,7640,2.2289,8519,11.1597,48.4487,True
CHNCXR_0021_0,Shenzhen,0,1,dilation_0px,0,True,40616,22,1711,30425,8458,2.605,3414,5.3032,49.49,True
CHNCXR_0021_0,Shenzhen,0,1,dilation_4px,4,True,43607,22,1779,33667,8139,2.4263,522,0.8109,59.8672,True
CHNCXR_0021_0,Shenzhen,0,1,dilation_8px,8,True,46567,22,1833,36863,7849,2.2721,0,0.0,inf,True
CHNCXR_0022_0,Shenzhen,0,2,dilation_0px,0,True,39985,22,1817,30208,7938,2.7571,11880,17.0695,45.9678,True
CHNCXR_0022_0,Shenzhen,0,2,dilation_4px,4,True,43147,22,1867,33729,7529,2.555,8095,11.6311,48.9316,True
CHNCXR_0022_0,Shenzhen,0,2,dilation_8px,8,True,46106,22,1878,36982,7224,2.391,6336,9.1037,50.2163,True
CHNCXR_0023_0,Shenzhen,0,0,dilation_0px,0,True,38995,22,1604,29526,7843,2.8355,5101,8.0803,47.4283,True
CHNCXR_0023_0,Shenzhen,0,0,dilation_4px,4,True,41817,22,1658,32652,7485,2.6442,1045,1.6553,55.7624,True
CHNCXR_0023_0,Shenzhen,0,0,dilation_8px,8,True,44697,22,1733,35704,7238,2.4738,156,0.2471,62.5215,True
CHNCXR_0024_0,Shenzhen,0,4,dilation_0px,0,True,37318,22,1541,27891,7864,2.9155,2291,4.0023,50.464,True
CHNCXR_0024_0,Shenzhen,0,4,dilation_4px,4,True,40092,22,1586,30936,7548,2.7138,128,0.2236,66.9981,True
CHNCXR_0024_0,Shenzhen,0,4,dilation_8px,8,True,42969,22,1665,33894,7388,2.5321,0,0.0,inf,True
CHNCXR_0025_0,Shenzhen,0,1,dilation_0px,0,False,44557,22,1733,35239,7563,2.4726,,,,True
CHNCXR_0025_0,Shenzhen,0,1,dilation_4px,4,False,47512,22,1784,38529,7177,2.3188,,,,True
CHNCXR_0025_0,Shenzhen,0,1,dilation_8px,8,False,50560,22,1825,41709,7004,2.179,,,,True
CHNCXR_0026_0,Shenzhen,0,3,dilation_0px,0,True,34564,22,1407,25814,7321,2.9895,3391,6.2268,49.2941,True
CHNCXR_0026_0,Shenzhen,0,3,dilation_4px,4,True,37122,22,1455,28581,7064,2.7835,606,1.1128,58.1852,True
CHNCXR_0026_0,Shenzhen,0,3,dilation_8px,8,True,39598,22,1494,31214,6868,2.6095,76,0.1396,67.9251,True
CHNCXR_0027_0,Shenzhen,0,1,dilation_0px,0,True,33824,22,1393,23781,8628,3.1853,3845,7.5068,47.4352,True
CHNCXR_0027_0,Shenzhen,0,1,dilation_4px,4,True,36446,22,1434,26630,8360,2.9561,953,1.8606,55.4211,True
CHNCXR_0027_0,Shenzhen,0,1,dilation_8px,8,True,39144,22,1525,29416,8181,2.7524,137,0.2675,60.0864,True
CHNCXR_0028_0,Shenzhen,0,1,dilation_0px,0,True,47539,22,1938,38024,7555,2.3565,8899,10.808,48.0133,True
CHNCXR_0028_0,Shenzhen,0,1,dilation_4px,4,True,50827,22,2017,41651,7137,2.204,6224,7.5592,51.3258,True
CHNCXR_0028_0,Shenzhen,0,1,dilation_8px,8,True,54094,22,2062,45102,6908,2.0709,5273,6.4042,52.078,True
CHNCXR_0029_0,Shenzhen,0,0,dilation_0px,0,True,26110,22,1010,17695,7383,3.798,6745,16.5595,46.2808,True
CHNCXR_0029_0,Shenzhen,0,0,dilation_4px,4,True,28146,22,1054,19867,7203,3.5233,4511,11.0748,49.2895,True
CHNCXR_0029_0,Shenzhen,0,0,dilation_8px,8,True,30174,22,1101,21992,7059,3.2865,3316,8.141,51.1118,True
CHNCXR_0030_0,Shenzhen,0,4,dilation_0px,0,True,49466,22,1907,38916,8621,2.4504,13871,16.4099,45.8542,True
CHNCXR_0030_0,Shenzhen,0,4,dilation_4px,4,True,52890,22,1949,42745,8174,2.2917,9878,11.6861,48.5679,True
CHNCXR_0030_0,Shenzhen,0,4,dilation_8px,8,True,56250,22,2000,46404,7824,2.1548,8312,9.8334,49.506,True
CHNCXR_0031_0,Shenzhen,0,4,dilation_0px,0,True,39066,22,1464,28297,9283,2.7828,8428,13.0906,47.5065,True
CHNCXR_0031_0,Shenzhen,0,4,dilation_4px,4,True,41815,22,1496,31300,8997,2.5999,5726,8.8938,50.5483,True
CHNCXR_0031_0,Shenzhen,0,4,dilation_8px,8,True,44621,22,1625,34217,8757,2.4364,4129,6.4133,52.3357,True
CHNCXR_0032_0,Shenzhen,0,3,dilation_0px,0,True,34810,22,1477,25358,7953,3.0863,10796,17.7773,47.1563,True
CHNCXR_0032_0,Shenzhen,0,3,dilation_4px,4,True,37451,22,1526,28234,7669,2.8686,8101,13.3396,49.8219,True
CHNCXR_0032_0,Shenzhen,0,3,dilation_8px,8,True,40077,22,1600,31077,7378,2.6807,7199,11.8543,50.7802,True
CHNCXR_0033_0,Shenzhen,0,3,dilation_0px,0,True,38706,22,1499,29570,7615,2.8174,10581,15.5855,46.6881,True
CHNCXR_0033_0,Shenzhen,0,3,dilation_4px,4,True,41427,22,1564,32608,7233,2.6323,7080,10.4286,50.4513,True
CHNCXR_0033_0,Shenzhen,0,3,dilation_8px,8,True,44156,22,1601,35465,7068,2.4696,6115,9.0072,51.2359,True
CHNCXR_0034_0,Shenzhen,0,2,dilation_0px,0,True,26412,22,1130,16922,8338,3.5554,8484,21.2164,45.8919,True
CHNCXR_0034_0,Shenzhen,0,2,dilation_4px,4,True,28485,22,1167,19192,8104,3.2966,6595,16.4924,48.1049,True
CHNCXR_0034_0,Shenzhen,0,2,dilation_8px,8,True,30542,22,1198,21406,7916,3.0746,5553,13.8867,49.4526,True
CHNCXR_0035_0,Shenzhen,0,4,dilation_0px,0,True,31256,22,1390,22021,7823,3.3612,1522,3.3706,51.586,True
CHNCXR_0035_0,Shenzhen,0,4,dilation_4px,4,True,33750,22,1424,24720,7584,3.1129,140,0.31,64.1857,True
CHNCXR_0035_0,Shenzhen,0,4,dilation_8px,8,True,36193,22,1482,27313,7376,2.9027,0,0.0,inf,True
CHNCXR_0036_0,Shenzhen,0,2,dilation_0px,0,False,45075,22,1757,35572,7724,2.4853,,,,True
CHNCXR_0036_0,Shenzhen,0,2,dilation_4px,4,False,48276,22,1880,39029,7345,2.3205,,,,True
CHNCXR_0036_0,Shenzhen,0,2,dilation_8px,8,False,51413,22,1936,42366,7089,2.1789,,,,True
CHNCXR_0037_0,Shenzhen,0,0,dilation_0px,0,False,42331,22,1758,33066,7485,2.5675,,,,True
CHNCXR_0037_0,Shenzhen,0,0,dilation_4px,4,False,45352,22,1816,36343,7171,2.3965,,,,True
CHNCXR_0037_0,Shenzhen,0,0,dilation_8px,8,False,48339,22,1904,39493,6920,2.2484,,,,True
CHNCXR_0038_0,Shenzhen,0,0,dilation_0px,0,False,38059,22,1532,28203,8302,2.7131,,,,True
CHNCXR_0038_0,Shenzhen,0,0,dilation_4px,4,False,40775,22,1588,31208,7957,2.5324,,,,True
CHNCXR_0038_0,Shenzhen,0,0,dilation_8px,8,False,43514,22,1645,34119,7728,2.373,,,,True
CHNCXR_0039_0,Shenzhen,0,2,dilation_0px,0,False,32372,22,1365,23350,7635,3.0968,,,,True
CHNCXR_0039_0,Shenzhen,0,2,dilation_4px,4,False,34837,22,1408,26052,7355,2.8777,,,,True
CHNCXR_0039_0,Shenzhen,0,2,dilation_8px,8,False,37300,22,1455,28650,7173,2.6876,,,,True
CHNCXR_0040_0,Shenzhen,0,2,dilation_0px,0,False,29503,22,1267,20101,8113,3.5613,,,,True
CHNCXR_0040_0,Shenzhen,0,2,dilation_4px,4,False,31851,22,1293,22678,7858,3.2987,,,,True
CHNCXR_0040_0,Shenzhen,0,2,dilation_8px,8,False,34223,22,1353,25170,7678,3.0701,,,,True
CHNCXR_0041_0,Shenzhen,0,3,dilation_0px,0,True,58688,22,1985,47821,8860,2.1661,1319,1.5152,53.6955,True
CHNCXR_0041_0,Shenzhen,0,3,dilation_4px,4,True,62355,22,2028,51984,8321,2.0387,178,0.2045,64.2487,True
CHNCXR_0041_0,Shenzhen,0,3,dilation_8px,8,True,65922,22,2067,55906,7927,1.9284,9,0.0103,72.5316,True
CHNCXR_0042_0,Shenzhen,0,0,dilation_0px,0,True,38499,22,1573,29162,7742,2.8803,284,0.527,57.2101,True
CHNCXR_0042_0,Shenzhen,0,0,dilation_4px,4,True,41328,22,1642,32229,7435,2.6831,1,0.0019,73.8625,True
CHNCXR_0042_0,Shenzhen,0,0,dilation_8px,8,True,44129,22,1709,35191,7207,2.5128,0,0.0,inf,True
CHNCXR_0043_0,Shenzhen,0,1,dilation_0px,0,True,25635,22,1042,17983,6588,3.8667,15290,30.3409,46.2368,True
CHNCXR_0043_0,Shenzhen,0,1,dilation_4px,4,True,27726,22,1102,20219,6383,3.5751,13012,25.8205,47.9066,True
CHNCXR_0043_0,Shenzhen,0,1,dilation_8px,8,True,29784,22,1148,22361,6253,3.328,11627,23.0722,48.7826,True
CHNCXR_0044_0,Shenzhen,0,2,dilation_0px,0,True,47233,22,1805,36284,9122,2.4357,959,1.3586,54.5071,True
CHNCXR_0044_0,Shenzhen,0,2,dilation_4px,4,True,50470,22,1851,39827,8770,2.2795,8,0.0113,80.4902,True
CHNCXR_0044_0,Shenzhen,0,2,dilation_8px,8,True,53643,22,1895,43275,8451,2.1446,0,0.0,inf,True
CHNCXR_0045_0,Shenzhen,0,0,dilation_0px,0,True,29664,22,1290,20822,7530,3.3481,1075,2.664,51.8624,True
CHNCXR_0045_0,Shenzhen,0,0,dilation_4px,4,True,32042,22,1319,23423,7278,3.0997,105,0.2602,65.6042,True
CHNCXR_0045_0,Shenzhen,0,0,dilation_8px,8,True,34335,22,1347,25883,7083,2.8926,1,0.0025,77.2876,True
CHNCXR_0046_0,Shenzhen,0,4,dilation_0px,0,True,42239,22,1706,33532,6979,2.52,7329,10.0708,49.4117,True
CHNCXR_0046_0,Shenzhen,0,4,dilation_4px,4,True,45182,22,1752,36712,6696,2.3558,6013,8.2625,51.4738,True
CHNCXR_0046_0,Shenzhen,0,4,dilation_8px,8,True,48085,22,1798,39781,6484,2.2136,5306,7.291,52.3755,True
CHNCXR_0047_0,Shenzhen,0,1,dilation_0px,0,True,47154,22,1728,37147,8257,2.2458,8654,10.5372,48.5605,True
CHNCXR_0047_0,Shenzhen,0,1,dilation_4px,4,True,50260,22,1778,40549,7911,2.107,6849,8.3394,50.4481,True
CHNCXR_0047_0,Shenzhen,0,1,dilation_8px,8,True,53288,22,1825,43781,7660,1.9873,5946,7.2399,51.5801,True
CHNCXR_0048_0,Shenzhen,0,4,dilation_0px,0,True,38720,22,1494,29378,7826,2.8032,339,0.5952,58.8064,True
CHNCXR_0048_0,Shenzhen,0,4,dilation_4px,4,True,41470,22,1568,32378,7502,2.6173,0,0.0,inf,True
CHNCXR_0048_0,Shenzhen,0,4,dilation_8px,8,True,44239,22,1628,35308,7281,2.4535,0,0.0,inf,True
CHNCXR_0049_0,Shenzhen,0,0,dilation_0px,0,True,31008,22,1238,21594,8154,3.3903,101,0.247,61.5746,True
CHNCXR_0049_0,Shenzhen,0,0,dilation_4px,4,True,33360,22,1278,24102,7958,3.1513,1,0.0024,88.2257,True
CHNCXR_0049_0,Shenzhen,0,0,dilation_8px,8,True,35689,22,1351,26574,7742,2.9456,0,0.0,inf,True
CHNCXR_0050_0,Shenzhen,0,0,dilation_0px,0,True,40019,22,1555,29962,8480,2.7825,480,0.8933,56.2482,True
CHNCXR_0050_0,Shenzhen,0,0,dilation_4px,4,True,42899,22,1637,33017,8223,2.5957,59,0.1098,66.8,True
CHNCXR_0050_0,Shenzhen,0,0,dilation_8px,8,True,45744,22,1683,35992,8047,2.4343,0,0.0,inf,True
CHNCXR_0051_0,Shenzhen,0,1,dilation_0px,0,True,39039,22,1495,27433,10089,2.9195,931,1.7436,53.0636,True
CHNCXR_0051_0,Shenzhen,0,1,dilation_4px,4,True,41862,22,1536,30571,9733,2.7226,89,0.1667,65.1038,True
CHNCXR_0051_0,Shenzhen,0,1,dilation_8px,8,True,44728,22,1607,33540,9559,2.5482,0,0.0,inf,True
CHNCXR_0052_0,Shenzhen,0,1,dilation_0px,0,True,41571,22,1684,31726,8139,2.5405,1711,2.7031,52.2019,True
CHNCXR_0052_0,Shenzhen,0,1,dilation_4px,4,True,44486,22,1722,34928,7814,2.374,326,0.515,60.7514,True
CHNCXR_0052_0,Shenzhen,0,1,dilation_8px,8,True,47357,22,1769,38058,7508,2.2301,73,0.1153,67.5714,True
CHNCXR_0053_0,Shenzhen,0,0,dilation_0px,0,True,34524,22,1408,25705,7389,2.811,760,1.6018,53.0085,True
CHNCXR_0053_0,Shenzhen,0,0,dilation_4px,4,True,37094,22,1446,28600,7026,2.6162,142,0.2993,62.9119,True
CHNCXR_0053_0,Shenzhen,0,0,dilation_8px,8,True,39738,22,1527,31371,6818,2.4422,4,0.0084,74.8498,True
CHNCXR_0054_0,Shenzhen,0,1,dilation_0px,0,True,37412,22,1483,27240,8667,3.0978,1661,3.0316,51.0483,True
CHNCXR_0054_0,Shenzhen,0,1,dilation_4px,4,True,40239,22,1535,30358,8324,2.8801,473,0.8633,58.3021,True
CHNCXR_0054_0,Shenzhen,0,1,dilation_8px,8,True,43097,22,1602,33386,8087,2.6891,100,0.1825,64.8957,True
CHNCXR_0055_0,Shenzhen,0,1,dilation_0px,0,True,34531,22,1399,25928,7182,2.911,896,1.7863,54.4626,True
CHNCXR_0055_0,Shenzhen,0,1,dilation_4px,4,True,37157,22,1470,28714,6951,2.7053,39,0.0778,69.0278,True
CHNCXR_0055_0,Shenzhen,0,1,dilation_8px,8,True,39695,22,1514,31403,6756,2.5323,0,0.0,inf,True
CHNCXR_0056_0,Shenzhen,0,4,dilation_0px,0,True,30839,22,1370,21709,7738,3.3714,729,1.7384,54.2607,True
CHNCXR_0056_0,Shenzhen,0,4,dilation_4px,4,True,33310,22,1399,24411,7478,3.1213,107,0.2552,64.5157,True
CHNCXR_0056_0,Shenzhen,0,4,dilation_8px,8,True,35753,22,1439,26995,7297,2.908,0,0.0,inf,True
CHNCXR_0057_0,Shenzhen,0,4,dilation_0px,0,True,34364,22,1461,24279,8602,3.1464,626,1.2865,54.6168,True
CHNCXR_0057_0,Shenzhen,0,4,dilation_4px,4,True,36979,22,1491,27111,8355,2.9239,63,0.1295,66.5516,True
CHNCXR_0057_0,Shenzhen,0,4,dilation_8px,8,True,39598,22,1580,29835,8161,2.7305,0,0.0,inf,True
CHNCXR_0058_0,Shenzhen,0,2,dilation_0px,0,True,27092,22,1171,18506,7393,3.6508,1420,3.7959,51.1596,True
CHNCXR_0058_0,Shenzhen,0,2,dilation_4px,4,True,29289,22,1199,20915,7153,3.3769,422,1.1281,57.432,True
CHNCXR_0058_0,Shenzhen,0,2,dilation_8px,8,True,31474,22,1257,23196,6999,3.1425,221,0.5908,60.3736,True
CHNCXR_0059_0,Shenzhen,0,0,dilation_0px,0,True,31527,22,1222,22632,7651,3.2879,6504,13.1868,47.1218,True
CHNCXR_0059_0,Shenzhen,0,0,dilation_4px,4,True,34152,22,1263,25447,7420,3.0352,4244,8.6047,50.1799,True
CHNCXR_0059_0,Shenzhen,0,0,dilation_8px,8,True,36775,22,1350,28188,7215,2.8187,3258,6.6056,51.8013,True
CHNCXR_0060_0,Shenzhen,0,1,dilation_0px,0,True,33515,22,1425,23783,8285,3.2756,955,2.059,51.5146,True
CHNCXR_0060_0,Shenzhen,0,1,dilation_4px,4,True,36071,22,1447,26597,8005,3.0435,46,0.0992,70.2155,True
CHNCXR_0060_0,Shenzhen,0,1,dilation_8px,8,True,38612,22,1493,29356,7741,2.8432,0,0.0,inf,True
CHNCXR_0061_0,Shenzhen,0,4,dilation_0px,0,True,48568,22,1998,38367,8181,2.3446,819,1.0949,55.5102,True
CHNCXR_0061_0,Shenzhen,0,4,dilation_4px,4,True,51929,22,2056,42041,7810,2.1929,5,0.0067,72.8044,True
CHNCXR_0061_0,Shenzhen,0,4,dilation_8px,8,True,55278,22,2108,45595,7553,2.06,0,0.0,inf,True
CHNCXR_0062_0,Shenzhen,0,3,dilation_0px,0,True,38125,22,1565,28456,8082,2.8881,974,1.758,53.4163,True
CHNCXR_0062_0,Shenzhen,0,3,dilation_4px,4,True,41001,22,1665,31599,7715,2.6855,24,0.0433,73.9827,True
CHNCXR_0062_0,Shenzhen,0,3,dilation_8px,8,True,43849,22,1711,34674,7442,2.511,0,0.0,inf,True
CHNCXR_0063_0,Shenzhen,0,0,dilation_0px,0,True,44351,22,1670,34540,8119,2.4693,2234,3.1223,50.3188,True
CHNCXR_0063_0,Shenzhen,0,0,dilation_4px,4,True,47487,22,1788,37922,7755,2.3063,144,0.2013,63.5593,True
CHNCXR_0063_0,Shenzhen,0,0,dilation_8px,8,True,50471,22,1834,41127,7488,2.1699,0,0.0,inf,True
CHNCXR_0064_0,Shenzhen,0,1,dilation_0px,0,True,34898,22,1605,25767,7504,3.0219,1945,3.6774,50.4201,True
CHNCXR_0064_0,Shenzhen,0,1,dilation_4px,4,True,37627,22,1634,28758,7213,2.8028,145,0.2742,64.72,True
CHNCXR_0064_0,Shenzhen,0,1,dilation_8px,8,True,40329,22,1669,31653,6985,2.615,0,0.0,inf,True
CHNCXR_0065_0,Shenzhen,0,3,dilation_0px,0,False,37866,22,1489,27998,8357,2.9574,,,,True
CHNCXR_0065_0,Shenzhen,0,3,dilation_4px,4,False,40649,22,1533,31073,8021,2.755,,,,True
CHNCXR_0065_0,Shenzhen,0,3,dilation_8px,8,False,43562,22,1629,34076,7835,2.5707,,,,True
CHNCXR_0066_0,Shenzhen,0,2,dilation_0px,0,True,29038,22,1224,19346,8446,3.6577,1157,3.1578,51.4557,True
CHNCXR_0066_0,Shenzhen,0,2,dilation_4px,4,True,31319,22,1271,21859,8167,3.3913,162,0.4421,60.448,True
CHNCXR_0066_0,Shenzhen,0,2,dilation_8px,8,True,33583,22,1322,24274,7965,3.1627,3,0.0082,74.3255,True
CHNCXR_0067_0,Shenzhen,0,2,dilation_0px,0,True,41469,22,1705,31847,7895,2.661,2053,3.2278,50.1853,True
CHNCXR_0067_0,Shenzhen,0,2,dilation_4px,4,True,44418,22,1773,35164,7459,2.4844,73,0.1148,66.144,True
CHNCXR_0067_0,Shenzhen,0,2,dilation_8px,8,True,47467,22,1843,38366,7236,2.3248,2,0.0031,89.1759,True
CHNCXR_0068_0,Shenzhen,0,0,dilation_0px,0,True,32896,22,1334,24503,7037,3.0833,864,1.7764,53.6607,True
CHNCXR_0068_0,Shenzhen,0,0,dilation_4px,4,True,35358,22,1409,27161,6766,2.8686,44,0.0905,65.9157,True
CHNCXR_0068_0,Shenzhen,0,0,dilation_8px,8,True,37882,22,1468,29774,6618,2.6775,3,0.0062,78.0986,True
CHNCXR_0069_0,Shenzhen,0,0,dilation_0px,0,True,37608,22,1515,28021,8050,2.6658,2124,3.7375,51.3675,True
CHNCXR_0069_0,Shenzhen,0,0,dilation_4px,4,True,40320,22,1572,30989,7737,2.4865,386,0.6792,60.1632,True
CHNCXR_0069_0,Shenzhen,0,0,dilation_8px,8,True,42958,22,1615,33793,7528,2.3338,120,0.2112,65.0847,True
CHNCXR_0070_0,Shenzhen,0,2,dilation_0px,0,True,48043,22,1896,37440,8685,2.2332,1306,1.7298,53.2673,True
CHNCXR_0070_0,Shenzhen,0,2,dilation_4px,4,True,51230,22,1950,40971,8287,2.0943,42,0.0556,67.1329,True
CHNCXR_0070_0,Shenzhen,0,2,dilation_8px,8,True,54428,22,1986,44436,7984,1.9712,0,0.0,inf,True
CHNCXR_0071_0,Shenzhen,0,1,dilation_0px,0,True,41992,22,1628,32006,8336,2.6393,2029,3.3698,51.8808,True
CHNCXR_0071_0,Shenzhen,0,1,dilation_4px,4,True,45053,22,1705,35306,8020,2.4599,503,0.8354,58.6718,True
CHNCXR_0071_0,Shenzhen,0,1,dilation_8px,8,True,47960,22,1735,38480,7723,2.3108,139,0.2309,65.2718,True
CHNCXR_0072_0,Shenzhen,0,3,dilation_0px,0,True,46301,22,1760,35489,9030,2.4301,2295,3.2175,52.2282,True
CHNCXR_0072_0,Shenzhen,0,3,dilation_4px,4,True,49355,22,1801,38874,8658,2.2797,334,0.4683,63.6728,True
CHNCXR_0072_0,Shenzhen,0,3,dilation_8px,8,True,52371,22,1843,42064,8442,2.1485,19,0.0266,78.882,True
CHNCXR_0073_0,Shenzhen,0,1,dilation_0px,0,True,30613,22,1440,21286,7865,3.3898,1346,3.1514,51.1796,True
CHNCXR_0073_0,Shenzhen,0,1,dilation_4px,4,True,33158,22,1474,24042,7620,3.1297,112,0.2622,63.7804,True
CHNCXR_0073_0,Shenzhen,0,1,dilation_8px,8,True,35624,22,1505,26723,7374,2.913,2,0.0047,77.5342,True
CHNCXR_0074_0,Shenzhen,0,4,dilation_0px,0,True,22380,22,1205,12947,8206,4.0905,2058,7.8002,48.1615,True
CHNCXR_0074_0,Shenzhen,0,4,dilation_4px,4,True,24688,22,1233,15472,7961,3.7081,764,2.8957,53.0813,True
CHNCXR_0074_0,Shenzhen,0,4,dilation_8px,8,True,26914,22,1253,17900,7739,3.4014,538,2.0391,54.7566,True
CHNCXR_0075_0,Shenzhen,0,2,dilation_0px,0,True,31368,22,1449,19875,10022,3.4338,1941,5.3691,48.2657,True
CHNCXR_0075_0,Shenzhen,0,2,dilation_4px,4,True,34168,22,1473,22918,9755,3.1524,321,0.8879,58.9742,True
CHNCXR_0075_0,Shenzhen,0,2,dilation_8px,8,True,36864,22,1498,25816,9528,2.9218,49,0.1355,67.248,True
CHNCXR_0076_0,Shenzhen,0,2,dilation_0px,0,True,29736,22,1379,18698,9637,3.7048,1783,5.0139,48.5801,True
CHNCXR_0076_0,Shenzhen,0,2,dilation_4px,4,True,32419,22,1411,21660,9326,3.3982,467,1.3132,56.8782,True
CHNCXR_0076_0,Shenzhen,0,2,dilation_8px,8,True,35108,22,1450,24499,9137,3.1379,210,0.5905,60.1672,True
CHNCXR_0077_0,Shenzhen,0,1,dilation_0px,0,True,32491,22,1321,23272,7876,3.1736,2147,4.4007,49.5357,True
CHNCXR_0077_0,Shenzhen,0,1,dilation_4px,4,True,34957,22,1346,25950,7639,2.9498,312,0.6395,58.8903,True
CHNCXR_0077_0,Shenzhen,0,1,dilation_8px,8,True,37423,22,1398,28574,7429,2.7554,17,0.0348,73.7106,True
CHNCXR_0078_0,Shenzhen,0,1,dilation_0px,0,True,42860,22,1789,33176,7873,2.5943,1350,2.0984,52.8514,True
CHNCXR_0078_0,Shenzhen,0,1,dilation_4px,4,True,45907,22,1872,36561,7452,2.4221,30,0.0466,71.8219,True
CHNCXR_0078_0,Shenzhen,0,1,dilation_8px,8,True,48964,22,1922,39845,7175,2.2709,0,0.0,inf,True
CHNCXR_0079_0,Shenzhen,0,1,dilation_0px,0,True,39670,22,1546,30591,7511,2.7288,1426,2.3197,52.2409,True
CHNCXR_0079_0,Shenzhen,0,1,dilation_4px,4,True,42456,22,1625,33581,7228,2.5497,18,0.0293,73.073,True
CHNCXR_0079_0,Shenzhen,0,1,dilation_8px,8,True,45213,22,1672,36508,7011,2.3943,0,0.0,inf,True
CHNCXR_0080_0,Shenzhen,0,1,dilation_0px,0,True,32974,22,1322,23850,7780,3.1677,1377,2.8843,50.8311,True
CHNCXR_0080_0,Shenzhen,0,1,dilation_4px,4,True,35449,22,1369,26569,7489,2.9465,46,0.0964,66.251,True
CHNCXR_0080_0,Shenzhen,0,1,dilation_8px,8,True,37939,22,1454,29155,7308,2.7531,1,0.0021,94.9198,True
CHNCXR_0081_0,Shenzhen,0,3,dilation_0px,0,True,48976,22,1958,39392,7604,2.2722,3131,3.8598,50.3337,True
CHNCXR_0081_0,Shenzhen,0,3,dilation_4px,4,True,52456,22,2050,43200,7184,2.1215,759,0.9357,58.668,True
CHNCXR_0081_0,Shenzhen,0,3,dilation_8px,8,True,55822,22,2095,46744,6961,1.9936,180,0.2219,67.7526,True
CHNCXR_0082_0,Shenzhen,0,0,dilation_0px,0,True,39958,22,1705,30315,7916,2.746,1507,2.5647,51.7192,True
CHNCXR_0082_0,Shenzhen,0,0,dilation_4px,4,True,43025,22,1760,33698,7545,2.5503,269,0.4578,61.3562,True
CHNCXR_0082_0,Shenzhen,0,0,dilation_8px,8,True,46129,22,1824,36931,7352,2.3787,109,0.1855,69.1006,True
CHNCXR_0083_0,Shenzhen,0,3,dilation_0px,0,True,34282,22,1432,25564,7264,3.0166,1285,2.6114,52.9885,True
CHNCXR_0083_0,Shenzhen,0,3,dilation_4px,4,True,36871,22,1498,28380,6971,2.8048,86,0.1748,66.1525,True
CHNCXR_0083_0,Shenzhen,0,3,dilation_8px,8,True,39385,22,1561,31016,6786,2.6257,0,0.0,inf,True
CHNCXR_0084_0,Shenzhen,0,2,dilation_0px,0,True,40193,22,1637,30201,8333,2.516,3199,4.9632,50.1951,True
CHNCXR_0084_0,Shenzhen,0,2,dilation_4px,4,True,43052,22,1675,33302,8053,2.3489,912,1.415,57.3124,True
CHNCXR_0084_0,Shenzhen,0,2,dilation_8px,8,True,45929,22,1715,36358,7834,2.2018,395,0.6128,61.7393,True
CHNCXR_0085_0,Shenzhen,0,2,dilation_0px,0,True,38086,22,1475,28828,7761,2.8332,1172,2.1315,51.8805,True
CHNCXR_0085_0,Shenzhen,0,2,dilation_4px,4,True,40787,22,1536,31794,7435,2.6456,111,0.2019,63.7839,True
CHNCXR_0085_0,Shenzhen,0,2,dilation_8px,8,True,43476,22,1580,34652,7222,2.482,9,0.0164,81.2195,True
CHNCXR_0086_0,Shenzhen,0,3,dilation_0px,0,True,31098,22,1321,21617,8138,3.3963,1709,4.0048,51.0161,True
CHNCXR_0086_0,Shenzhen,0,3,dilation_4px,4,True,33486,22,1346,24291,7827,3.1541,218,0.5108,62.2681,True
CHNCXR_0086_0,Shenzhen,0,3,dilation_8px,8,True,35952,22,1386,26931,7613,2.9378,33,0.0773,72.1279,True
CHNCXR_0087_0,Shenzhen,0,4,dilation_0px,0,True,42156,22,1669,33238,7227,2.3715,3116,4.5544,49.54,True
CHNCXR_0087_0,Shenzhen,0,4,dilation_4px,4,True,45016,22,1712,36430,6852,2.2209,308,0.4502,61.0817,True
CHNCXR_0087_0,Shenzhen,0,4,dilation_8px,8,True,47853,22,1753,39482,6596,2.0892,2,0.0029,93.4722,True
CHNCXR_0088_0,Shenzhen,0,4,dilation_0px,0,True,45705,22,1677,35219,8787,2.5519,3227,4.9866,47.8298,True
CHNCXR_0088_0,Shenzhen,0,4,dilation_4px,4,True,48847,22,1729,38822,8274,2.3877,479,0.7402,57.5814,True
CHNCXR_0088_0,Shenzhen,0,4,dilation_8px,8,True,51911,22,1786,42144,7959,2.2468,111,0.1715,62.9508,True
CHNCXR_0089_0,Shenzhen,0,0,dilation_0px,0,True,43479,22,1718,31891,9848,2.5681,1921,3.0815,52.4446,True
CHNCXR_0089_0,Shenzhen,0,0,dilation_4px,4,True,46424,22,1761,35124,9517,2.4052,141,0.2262,65.7928,True
CHNCXR_0089_0,Shenzhen,0,0,dilation_8px,8,True,49363,22,1808,38224,9309,2.262,13,0.0209,77.1575,True
CHNCXR_0090_0,Shenzhen,0,3,dilation_0px,0,True,37877,22,1449,28008,8398,2.7672,2625,4.678,49.8791,True
CHNCXR_0090_0,Shenzhen,0,3,dilation_4px,4,True,40653,22,1541,31002,8088,2.5783,549,0.9784,58.0498,True
CHNCXR_0090_0,Shenzhen,0,3,dilation_8px,8,True,43383,22,1581,33845,7935,2.416,143,0.2548,63.9989,True
CHNCXR_0091_0,Shenzhen,0,0,dilation_0px,0,True,50590,22,1812,40389,8367,2.1699,2374,3.1824,49.2855,True
CHNCXR_0091_0,Shenzhen,0,0,dilation_4px,4,True,53861,22,1879,44238,7722,2.0381,290,0.3888,59.9322,True
CHNCXR_0091_0,Shenzhen,0,0,dilation_8px,8,True,57238,22,1923,47872,7421,1.9179,1,0.0013,inf,True
CHNCXR_0092_0,Shenzhen,0,4,dilation_0px,0,True,38732,22,1623,29710,7377,2.6212,2630,4.3225,51.0321,True
CHNCXR_0092_0,Shenzhen,0,4,dilation_4px,4,True,41599,22,1696,32799,7082,2.4405,558,0.9171,58.7781,True
CHNCXR_0092_0,Shenzhen,0,4,dilation_8px,8,True,44467,22,1744,35812,6889,2.2831,206,0.3386,63.9618,True
CHNCXR_0093_0,Shenzhen,0,0,dilation_0px,0,True,50222,22,1842,39766,8592,2.3396,3756,5.0135,47.7519,True
CHNCXR_0093_0,Shenzhen,0,0,dilation_4px,4,True,53541,22,1894,43636,7989,2.1945,483,0.6447,59.2596,True
CHNCXR_0093_0,Shenzhen,0,0,dilation_8px,8,True,56838,22,1935,47245,7636,2.0672,17,0.0227,73.3741,True
CHNCXR_0094_0,Shenzhen,0,0,dilation_0px,0,True,38943,22,1572,29368,7981,2.7793,2724,4.3692,49.3917,True
CHNCXR_0094_0,Shenzhen,0,0,dilation_4px,4,True,41855,22,1678,32483,7672,2.586,185,0.2967,64.7756,True
CHNCXR_0094_0,Shenzhen,0,0,dilation_8px,8,True,44619,22,1734,35536,7327,2.4258,0,0.0,inf,True
CHNCXR_0095_0,Shenzhen,0,4,dilation_0px,0,True,42959,22,1702,33546,7689,2.5564,3023,4.3338,50.2141,True
CHNCXR_0095_0,Shenzhen,0,4,dilation_4px,4,True,45954,22,1775,36823,7334,2.3898,501,0.7182,60.5677,True
CHNCXR_0095_0,Shenzhen,0,4,dilation_8px,8,True,48922,22,1822,39949,7129,2.2448,158,0.2265,67.6847,True
CHNCXR_0096_0,Shenzhen,0,4,dilation_0px,0,True,47625,22,1826,37346,8431,2.2855,3863,4.8674,50.317,True
CHNCXR_0096_0,Shenzhen,0,4,dilation_4px,4,True,50747,22,1877,40787,8061,2.1449,648,0.8165,59.6638,True
CHNCXR_0096_0,Shenzhen,0,4,dilation_8px,8,True,53934,22,1920,44129,7863,2.0181,117,0.1474,67.5366,True
CHNCXR_0097_0,Shenzhen,0,0,dilation_0px,0,True,55972,22,2059,45485,8406,1.9286,5582,5.473,50.7349,True
CHNCXR_0097_0,Shenzhen,0,0,dilation_4px,4,True,59296,22,2096,49144,8034,1.8204,1879,1.8423,56.9877,True
CHNCXR_0097_0,Shenzhen,0,0,dilation_8px,8,True,62594,22,2130,52651,7791,1.7245,506,0.4961,63.3791,True
CHNCXR_0098_0,Shenzhen,0,4,dilation_0px,0,True,34270,22,1503,25414,7331,3.0109,2036,4.2076,50.7583,True
CHNCXR_0098_0,Shenzhen,0,4,dilation_4px,4,True,36968,22,1576,28269,7101,2.7912,288,0.5952,60.5394,True
CHNCXR_0098_0,Shenzhen,0,4,dilation_8px,8,True,39569,22,1626,31017,6904,2.6077,35,0.0723,66.7046,True
CHNCXR_0099_0,Shenzhen,0,2,dilation_0px,0,True,42494,22,1519,32513,8440,2.499,3136,5.2016,47.5312,True
CHNCXR_0099_0,Shenzhen,0,2,dilation_4px,4,True,45508,22,1574,36019,7893,2.3335,400,0.6635,59.227,True
CHNCXR_0099_0,Shenzhen,0,2,dilation_8px,8,True,48447,22,1621,39365,7439,2.192,22,0.0365,69.8694,True
CHNCXR_0100_0,Shenzhen,0,3,dilation_0px,0,True,46476,22,1904,35578,8972,2.2668,1930,2.7086,52.0396,True
CHNCXR_0100_0,Shenzhen,0,3,dilation_4px,4,True,49627,22,1962,39051,8592,2.1229,418,0.5866,59.8087,True
CHNCXR_0100_0,Shenzhen,0,3,dilation_8px,8,True,52776,22,1999,42359,8396,1.9962,107,0.1502,67.2788,True
CHNCXR_0101_0,Shenzhen,0,1,dilation_0px,0,True,41913,22,1663,32048,8180,2.6521,599,0.9584,55.8083,True
CHNCXR_0101_0,Shenzhen,0,1,dilation_4px,4,True,44860,22,1737,35256,7845,2.4779,15,0.024,74.9836,True
CHNCXR_0101_0,Shenzhen,0,1,dilation_8px,8,True,47741,22,1780,38317,7622,2.3284,0,0.0,inf,True
CHNCXR_0102_0,Shenzhen,0,2,dilation_0px,0,True,40359,22,1717,30094,8526,2.3987,2054,3.2514,52.5902,True
CHNCXR_0102_0,Shenzhen,0,2,dilation_4px,4,True,43380,22,1796,33303,8259,2.2317,899,1.4231,57.5309,True
CHNCXR_0102_0,Shenzhen,0,2,dilation_8px,8,True,46258,22,1854,36353,8029,2.0928,442,0.6997,60.0949,True
CHNCXR_0103_0,Shenzhen,0,0,dilation_0px,0,True,39934,22,1573,30184,8155,2.1719,457,0.7845,55.9,True
CHNCXR_0103_0,Shenzhen,0,0,dilation_4px,4,True,42826,22,1663,33304,7837,2.0253,12,0.0206,70.4818,True
CHNCXR_0103_0,Shenzhen,0,0,dilation_8px,8,True,45678,22,1727,36387,7542,1.8988,0,0.0,inf,True
CHNCXR_0104_0,Shenzhen,0,3,dilation_0px,0,True,48468,22,1706,38174,8566,2.4709,1525,2.2378,52.3497,True
CHNCXR_0104_0,Shenzhen,0,3,dilation_4px,4,True,51614,22,1754,41758,8080,2.3203,502,0.7366,60.808,True
CHNCXR_0104_0,Shenzhen,0,3,dilation_8px,8,True,54586,22,1789,45035,7740,2.194,237,0.3478,64.4051,True
CHNCXR_0105_0,Shenzhen,0,1,dilation_0px,0,True,37825,22,1547,27880,8376,2.5331,387,0.7324,56.813,True
CHNCXR_0105_0,Shenzhen,0,1,dilation_4px,4,True,40577,22,1617,30921,8017,2.3613,0,0.0,inf,True
CHNCXR_0105_0,Shenzhen,0,1,dilation_8px,8,True,43326,22,1666,33841,7797,2.2115,0,0.0,inf,True
CHNCXR_0106_0,Shenzhen,0,2,dilation_0px,0,True,43703,22,1729,33570,8382,2.6015,285,0.4372,57.8364,True
CHNCXR_0106_0,Shenzhen,0,2,dilation_4px,4,True,46669,22,1782,36892,7973,2.4361,0,0.0,inf,True
CHNCXR_0106_0,Shenzhen,0,2,dilation_8px,8,True,49722,22,1851,40073,7776,2.2866,0,0.0,inf,True
CHNCXR_0107_0,Shenzhen,0,2,dilation_0px,0,True,45061,22,1786,34915,8338,2.3235,622,0.8894,55.0629,True
CHNCXR_0107_0,Shenzhen,0,2,dilation_4px,4,True,48097,22,1829,38260,7986,2.1768,40,0.0572,68.0467,True
CHNCXR_0107_0,Shenzhen,0,2,dilation_8px,8,True,51080,22,1867,41548,7643,2.0497,10,0.0143,74.7306,True
CHNCXR_0108_0,Shenzhen,0,2,dilation_0px,0,True,48173,22,1856,38793,7502,2.2571,614,0.798,56.2356,True
CHNCXR_0108_0,Shenzhen,0,2,dilation_4px,4,True,51286,22,1909,42298,7057,2.1201,59,0.0767,67.9289,True
CHNCXR_0108_0,Shenzhen,0,2,dilation_8px,8,True,54434,22,1950,45658,6804,1.9975,10,0.013,73.6881,True
CHNCXR_0109_0,Shenzhen,0,3,dilation_0px,0,True,28588,22,1263,20031,7272,2.9605,305,0.7752,57.6012,True
CHNCXR_0109_0,Shenzhen,0,3,dilation_4px,4,True,30921,22,1261,22548,7090,2.7372,12,0.0305,74.3486,True
CHNCXR_0109_0,Shenzhen,0,3,dilation_8px,8,True,33201,22,1317,24988,6874,2.5492,0,0.0,inf,True
CHNCXR_0110_0,Shenzhen,0,2,dilation_0px,0,True,34140,22,1319,25677,7122,2.9178,689,1.3749,53.5163,True
CHNCXR_0110_0,Shenzhen,0,2,dilation_4px,4,True,36597,22,1366,28423,6786,2.7219,86,0.1716,64.8691,True
CHNCXR_0110_0,Shenzhen,0,2,dilation_8px,8,True,39211,22,1462,31127,6600,2.5404,9,0.018,73.3984,True
CHNCXR_0111_0,Shenzhen,0,1,dilation_0px,0,True,44416,22,1727,34164,8503,2.3856,1049,1.5425,54.0433,True
CHNCXR_0111_0,Shenzhen,0,1,dilation_4px,4,True,47482,22,1780,37467,8213,2.2315,8,0.0118,78.2608,True
CHNCXR_0111_0,Shenzhen,0,1,dilation_8px,8,True,50361,22,1824,40561,7954,2.104,0,0.0,inf,True
CHNCXR_0112_0,Shenzhen,0,3,dilation_0px,0,True,47256,22,1734,36902,8598,2.311,1874,2.5797,54.2169,True
CHNCXR_0112_0,Shenzhen,0,3,dilation_4px,4,True,50303,22,1781,40264,8236,2.171,1040,1.4317,57.1854,True
CHNCXR_0112_0,Shenzhen,0,3,dilation_8px,8,True,53334,22,1818,43469,8025,2.0477,528,0.7268,60.8656,True
CHNCXR_0113_0,Shenzhen,0,0,dilation_0px,0,True,50827,22,1658,40787,8360,2.2998,571,0.7959,54.2974,True
CHNCXR_0113_0,Shenzhen,0,0,dilation_4px,4,True,54008,22,1702,44487,7797,2.1643,21,0.0293,75.4826,True
CHNCXR_0113_0,Shenzhen,0,0,dilation_8px,8,True,57154,22,1734,47908,7490,2.0452,0,0.0,inf,True
CHNCXR_0114_0,Shenzhen,0,4,dilation_0px,0,True,36428,22,1461,26691,8254,2.9819,2343,4.339,51.1529,True
CHNCXR_0114_0,Shenzhen,0,4,dilation_4px,4,True,39172,22,1487,29681,7982,2.773,1386,2.5667,56.0247,True
CHNCXR_0114_0,Shenzhen,0,4,dilation_8px,8,True,41855,22,1538,32536,7759,2.5952,1194,2.2112,56.9894,True
CHNCXR_0115_0,Shenzhen,0,4,dilation_0px,0,True,34738,22,1588,23938,9190,3.1268,937,2.1434,52.394,True
CHNCXR_0115_0,Shenzhen,0,4,dilation_4px,4,True,37694,22,1652,27235,8785,2.8816,292,0.668,59.2313,True
CHNCXR_0115_0,Shenzhen,0,4,dilation_8px,8,True,40660,22,1687,30363,8588,2.6714,57,0.1304,66.408,True
CHNCXR_0116_0,Shenzhen,0,0,dilation_0px,0,True,42883,22,1749,33506,7606,2.5501,1505,2.2585,53.4503,True
CHNCXR_0116_0,Shenzhen,0,0,dilation_4px,4,True,45837,22,1792,36819,7204,2.3857,582,0.8734,59.4351,True
CHNCXR_0116_0,Shenzhen,0,0,dilation_8px,8,True,48808,22,1839,40028,6919,2.2405,302,0.4532,62.3265,True
CHNCXR_0117_0,Shenzhen,0,2,dilation_0px,0,True,34394,22,1512,25335,7525,2.6537,326,0.6944,56.4582,True
CHNCXR_0117_0,Shenzhen,0,2,dilation_4px,4,True,37047,22,1556,28283,7186,2.4636,8,0.017,73.2631,True
CHNCXR_0117_0,Shenzhen,0,2,dilation_8px,8,True,39673,22,1604,31091,6956,2.3006,0,0.0,inf,True
CHNCXR_0118_0,Shenzhen,0,1,dilation_0px,0,True,31759,22,1158,21779,8800,3.5818,453,1.1838,52.8758,True
CHNCXR_0118_0,Shenzhen,0,1,dilation_4px,4,True,34072,22,1197,24415,8438,3.3386,9,0.0235,71.3345,True
CHNCXR_0118_0,Shenzhen,0,1,dilation_8px,8,True,36364,22,1249,26934,8159,3.1282,0,0.0,inf,True
CHNCXR_0119_0,Shenzhen,0,1,dilation_0px,0,True,39898,22,1461,29686,8729,2.8039,304,0.6049,53.6958,True
CHNCXR_0119_0,Shenzhen,0,1,dilation_4px,4,True,42651,22,1531,32903,8195,2.6229,0,0.0,inf,True
CHNCXR_0119_0,Shenzhen,0,1,dilation_8px,8,True,45400,22,1592,35940,7846,2.4641,0,0.0,inf,True
CHNCXR_0120_0,Shenzhen,0,3,dilation_0px,0,True,40586,22,1613,30997,7954,2.6785,590,0.9797,56.7862,True
CHNCXR_0120_0,Shenzhen,0,3,dilation_4px,4,True,43504,22,1672,34178,7632,2.4988,38,0.0631,69.2354,True
CHNCXR_0120_0,Shenzhen,0,3,dilation_8px,8,True,46482,22,1720,37267,7473,2.3387,0,0.0,inf,True
CHNCXR_0121_0,Shenzhen,0,2,dilation_0px,0,True,45143,22,1581,35184,8356,2.4378,2103,3.2889,49.1786,True
CHNCXR_0121_0,Shenzhen,0,2,dilation_4px,4,True,48207,22,1618,38773,7794,2.2828,134,0.2096,62.2337,True
CHNCXR_0121_0,Shenzhen,0,2,dilation_8px,8,True,51276,22,1680,42111,7463,2.1462,10,0.0156,73.6601,True
CHNCXR_0122_0,Shenzhen,0,1,dilation_0px,0,True,41099,22,1578,31211,8288,2.615,1024,1.8757,51.0714,True
CHNCXR_0122_0,Shenzhen,0,1,dilation_4px,4,True,44158,22,1640,34782,7714,2.4338,10,0.0183,75.1279,True
CHNCXR_0122_0,Shenzhen,0,1,dilation_8px,8,True,47264,22,1705,38114,7423,2.2739,0,0.0,inf,True
CHNCXR_0123_0,Shenzhen,0,1,dilation_0px,0,True,28207,22,1166,18808,8211,3.6632,1388,3.6096,51.2143,True
CHNCXR_0123_0,Shenzhen,0,1,dilation_4px,4,True,30364,22,1199,21184,7959,3.403,27,0.0702,69.6185,True
CHNCXR_0123_0,Shenzhen,0,1,dilation_8px,8,True,32568,22,1261,23547,7738,3.1727,0,0.0,inf,True
CHNCXR_0124_0,Shenzhen,0,0,dilation_0px,0,True,36271,22,1496,27310,7443,2.3475,615,1.1332,54.3447,True
CHNCXR_0124_0,Shenzhen,0,0,dilation_4px,4,True,38761,22,1550,30034,7155,2.1967,3,0.0055,79.244,True
CHNCXR_0124_0,Shenzhen,0,0,dilation_8px,8,True,41289,22,1598,32665,7004,2.0622,0,0.0,inf,True
CHNCXR_0125_0,Shenzhen,0,1,dilation_0px,0,True,44406,22,1647,33929,8808,2.6389,1032,1.6964,51.0392,True
CHNCXR_0125_0,Shenzhen,0,1,dilation_4px,4,True,47436,22,1691,37425,8298,2.4704,4,0.0066,74.4801,True
CHNCXR_0125_0,Shenzhen,0,1,dilation_8px,8,True,50357,22,1735,40686,7914,2.3271,0,0.0,inf,True
CHNCXR_0126_0,Shenzhen,0,0,dilation_0px,0,True,26152,22,1066,16048,9016,3.8888,1111,3.4271,51.6076,True
CHNCXR_0126_0,Shenzhen,0,0,dilation_4px,4,True,28184,22,1096,18261,8805,3.6085,129,0.3979,61.5922,True
CHNCXR_0126_0,Shenzhen,0,0,dilation_8px,8,True,30227,22,1150,20376,8679,3.3646,5,0.0154,78.925,True
CHNCXR_0127_0,Shenzhen,0,2,dilation_0px,0,True,45025,22,1701,35583,7719,2.3546,1745,2.4368,53.1522,True
CHNCXR_0127_0,Shenzhen,0,2,dilation_4px,4,True,48064,22,1749,38803,7490,2.2058,587,0.8197,58.4224,True
CHNCXR_0127_0,Shenzhen,0,2,dilation_8px,8,True,50968,22,1788,41945,7213,2.0801,295,0.412,61.859,True
CHNCXR_0128_0,Shenzhen,0,1,dilation_0px,0,True,43256,22,1573,33355,8306,2.6718,1275,2.1638,51.6789,True
CHNCXR_0128_0,Shenzhen,0,1,dilation_4px,4,True,46259,22,1628,36642,7967,2.4984,106,0.1799,64.07,True
CHNCXR_0128_0,Shenzhen,0,1,dilation_8px,8,True,49077,22,1676,39746,7633,2.3549,3,0.0051,74.4984,True
CHNCXR_0129_0,Shenzhen,0,1,dilation_0px,0,True,28864,22,1261,19877,7704,3.1027,893,2.2798,52.9056,True
CHNCXR_0129_0,Shenzhen,0,1,dilation_4px,4,True,31166,22,1296,22355,7493,2.8735,41,0.1047,68.9415,True
CHNCXR_0129_0,Shenzhen,0,1,dilation_8px,8,True,33518,22,1356,24832,7308,2.6718,0,0.0,inf,True
CHNCXR_0130_0,Shenzhen,0,2,dilation_0px,0,True,42746,22,1578,32252,8894,2.7171,2897,4.8549,47.7929,True
CHNCXR_0130_0,Shenzhen,0,2,dilation_4px,4,True,45821,22,1623,35747,8429,2.5347,451,0.7558,57.6479,True
CHNCXR_0130_0,Shenzhen,0,2,dilation_8px,8,True,48792,22,1680,39066,8024,2.3804,10,0.0168,73.1239,True
CHNCXR_0131_0,Shenzhen,0,1,dilation_0px,0,True,42473,22,1447,33064,7940,2.4694,1543,2.6247,49.8863,True
CHNCXR_0131_0,Shenzhen,0,1,dilation_4px,4,True,45489,22,1526,36540,7401,2.3057,68,0.1157,65.8498,True
CHNCXR_0131_0,Shenzhen,0,1,dilation_8px,8,True,48525,22,1586,39804,7113,2.1614,0,0.0,inf,True
CHNCXR_0132_0,Shenzhen,0,0,dilation_0px,0,True,34506,22,1380,24366,8738,3.0987,1411,2.8945,51.141,True
CHNCXR_0132_0,Shenzhen,0,0,dilation_4px,4,True,37108,22,1411,27193,8482,2.8814,24,0.0492,67.1074,True
CHNCXR_0132_0,Shenzhen,0,0,dilation_8px,8,True,39633,22,1501,29895,8215,2.6979,5,0.0103,74.5181,True
CHNCXR_0133_0,Shenzhen,0,0,dilation_0px,0,True,36534,22,1400,27430,7682,2.916,843,1.5859,54.1748,True
CHNCXR_0133_0,Shenzhen,0,0,dilation_4px,4,True,39216,22,1465,30302,7427,2.7165,48,0.0903,65.4741,True
CHNCXR_0133_0,Shenzhen,0,0,dilation_8px,8,True,41821,22,1529,33054,7216,2.5473,15,0.0282,72.2901,True
CHNCXR_0134_0,Shenzhen,0,4,dilation_0px,0,True,42826,22,1789,33187,7828,2.2441,2429,3.5696,50.5501,True
CHNCXR_0134_0,Shenzhen,0,4,dilation_4px,4,True,45855,22,1833,36546,7454,2.0958,525,0.7715,57.9597,True
CHNCXR_0134_0,Shenzhen,0,4,dilation_8px,8,True,48930,22,1901,39784,7223,1.9641,90,0.1323,62.553,True
CHNCXR_0135_0,Shenzhen,0,1,dilation_0px,0,True,36486,22,1433,26975,8056,2.9244,1610,2.9427,51.1432,True
CHNCXR_0135_0,Shenzhen,0,1,dilation_4px,4,True,39225,22,1481,29925,7797,2.7202,132,0.2413,63.4191,True
CHNCXR_0135_0,Shenzhen,0,1,dilation_8px,8,True,41976,22,1587,32765,7602,2.5419,0,0.0,inf,True
CHNCXR_0136_0,Shenzhen,0,4,dilation_0px,0,True,29377,22,1266,18718,9371,3.653,1398,3.7667,50.2607,True
CHNCXR_0136_0,Shenzhen,0,4,dilation_4px,4,True,31661,22,1294,21196,9149,3.3894,77,0.2075,65.394,True
CHNCXR_0136_0,Shenzhen,0,4,dilation_8px,8,True,33855,22,1320,23609,8904,3.1698,0,0.0,inf,True
CHNCXR_0137_0,Shenzhen,0,4,dilation_0px,0,True,35621,22,1443,26909,7247,2.952,1353,2.5628,52.3863,True
CHNCXR_0137_0,Shenzhen,0,4,dilation_4px,4,True,38223,22,1496,29763,6942,2.7511,230,0.4357,62.7607,True
CHNCXR_0137_0,Shenzhen,0,4,dilation_8px,8,True,40817,22,1543,32509,6743,2.5762,8,0.0152,76.606,True
CHNCXR_0138_0,Shenzhen,0,1,dilation_0px,0,True,33208,22,1406,24318,7462,3.0493,1084,2.2288,52.1701,True
CHNCXR_0138_0,Shenzhen,0,1,dilation_4px,4,True,35664,22,1435,26995,7212,2.8393,72,0.148,67.7576,True
CHNCXR_0138_0,Shenzhen,0,1,dilation_8px,8,True,38176,22,1525,29627,7002,2.6525,18,0.037,74.9572,True
CHNCXR_0139_0,Shenzhen,0,2,dilation_0px,0,True,30336,22,1334,21646,7334,3.2737,1136,2.6714,51.2867,True
CHNCXR_0139_0,Shenzhen,0,2,dilation_4px,4,True,32774,22,1377,24288,7087,3.0302,148,0.348,63.2644,True
CHNCXR_0139_0,Shenzhen,0,2,dilation_8px,8,True,35201,22,1448,26896,6835,2.8213,22,0.0517,68.5738,True
CHNCXR_0140_0,Shenzhen,0,1,dilation_0px,0,True,50335,22,1914,39545,8854,2.1254,2702,3.4034,50.4747,True
CHNCXR_0140_0,Shenzhen,0,1,dilation_4px,4,True,53677,22,1959,43191,8505,1.993,513,0.6462,59.8973,True
CHNCXR_0140_0,Shenzhen,0,1,dilation_8px,8,True,56931,22,1996,46757,8156,1.8791,35,0.0441,68.1633,True
CHNCXR_0141_0,Shenzhen,0,4,dilation_0px,0,True,36905,22,1543,27695,7645,2.8513,947,1.729,56.3554,True
CHNCXR_0141_0,Shenzhen,0,4,dilation_4px,4,True,39580,22,1554,30681,7323,2.6586,445,0.8125,61.8408,True
CHNCXR_0141_0,Shenzhen,0,4,dilation_8px,8,True,42412,22,1678,33569,7143,2.4811,139,0.2538,64.1049,True
CHNCXR_0142_0,Shenzhen,0,4,dilation_0px,0,True,46616,22,1808,36065,8721,2.3313,537,0.7663,58.6572,True
CHNCXR_0142_0,Shenzhen,0,4,dilation_4px,4,True,49697,22,1869,39388,8418,2.1868,124,0.1769,68.326,True
CHNCXR_0142_0,Shenzhen,0,4,dilation_8px,8,True,52761,22,1908,42571,8260,2.0598,21,0.03,73.5982,True
CHNCXR_0143_0,Shenzhen,0,4,dilation_0px,0,True,36776,22,1382,26448,8924,3.2122,577,1.2622,53.2131,True
CHNCXR_0143_0,Shenzhen,0,4,dilation_4px,4,True,39588,22,1449,29556,8561,2.984,43,0.0941,66.4127,True
CHNCXR_0143_0,Shenzhen,0,4,dilation_8px,8,True,42241,22,1506,32554,8159,2.7966,6,0.0131,80.2598,True
CHNCXR_0144_0,Shenzhen,0,2,dilation_0px,0,True,40409,22,1573,30708,8106,2.283,654,1.08,56.3999,True
CHNCXR_0144_0,Shenzhen,0,2,dilation_4px,4,True,43216,22,1631,33773,7790,2.1347,33,0.0545,74.1915,True
CHNCXR_0144_0,Shenzhen,0,2,dilation_8px,8,True,45986,22,1685,36723,7556,2.0061,0,0.0,inf,True
CHNCXR_0145_0,Shenzhen,0,4,dilation_0px,0,True,48119,22,1800,37486,8811,2.4775,342,0.5257,57.3474,True
CHNCXR_0145_0,Shenzhen,0,4,dilation_4px,4,True,51398,22,1866,41202,8308,2.3195,6,0.0092,73.2104,True
CHNCXR_0145_0,Shenzhen,0,4,dilation_8px,8,True,54562,22,1907,44660,7973,2.185,0,0.0,inf,True
CHNCXR_0146_0,Shenzhen,0,2,dilation_0px,0,True,34992,22,1393,23922,9655,3.1836,1769,3.8258,50.8972,True
CHNCXR_0146_0,Shenzhen,0,2,dilation_4px,4,True,37538,22,1405,26728,9383,2.9677,955,2.0654,54.9849,True
CHNCXR_0146_0,Shenzhen,0,2,dilation_8px,8,True,40031,22,1432,29457,9120,2.7828,645,1.3949,56.686,True
CHNCXR_0147_0,Shenzhen,0,3,dilation_0px,0,True,44516,22,1822,34092,8580,2.5693,884,1.3399,53.7743,True
CHNCXR_0147_0,Shenzhen,0,3,dilation_4px,4,True,47602,22,1880,37571,8129,2.4027,173,0.2622,64.0252,True
CHNCXR_0147_0,Shenzhen,0,3,dilation_8px,8,True,50771,22,1934,40879,7936,2.2528,93,0.141,67.3155,True
CHNCXR_0148_0,Shenzhen,0,3,dilation_0px,0,True,37600,22,1407,28062,8109,2.6588,400,0.7509,58.8588,True
CHNCXR_0148_0,Shenzhen,0,3,dilation_4px,4,True,40182,22,1465,30916,7779,2.488,0,0.0,inf,True
CHNCXR_0148_0,Shenzhen,0,3,dilation_8px,8,True,42727,22,1511,33669,7525,2.3398,0,0.0,inf,True
CHNCXR_0149_0,Shenzhen,0,3,dilation_0px,0,True,39331,22,1409,29202,8698,2.8687,792,1.5132,53.8671,True
CHNCXR_0149_0,Shenzhen,0,3,dilation_4px,4,True,42080,22,1495,32212,8351,2.6812,48,0.0917,67.3188,True
CHNCXR_0149_0,Shenzhen,0,3,dilation_8px,8,True,44686,22,1549,35032,8083,2.5249,0,0.0,inf,True
CHNCXR_0150_0,Shenzhen,0,1,dilation_0px,0,True,39055,22,1557,29382,8094,2.5639,619,1.0753,54.6454,True
CHNCXR_0150_0,Shenzhen,0,1,dilation_4px,4,True,41846,22,1623,32439,7762,2.3929,57,0.099,66.9357,True
CHNCXR_0150_0,Shenzhen,0,1,dilation_8px,8,True,44558,22,1667,35357,7512,2.2473,0,0.0,inf,True
CHNCXR_0151_0,Shenzhen,0,0,dilation_0px,0,True,32003,22,1299,21269,9413,3.3235,2066,4.7021,51.9098,True
CHNCXR_0151_0,Shenzhen,0,0,dilation_4px,4,True,34470,22,1330,23991,9127,3.0856,1489,3.3889,56.2277,True
CHNCXR_0151_0,Shenzhen,0,0,dilation_8px,8,True,36929,22,1397,26628,8882,2.8801,1227,2.7926,57.2024,True
CHNCXR_0152_0,Shenzhen,0,3,dilation_0px,0,True,43311,22,1738,32884,8667,2.4784,312,0.4744,57.9614,True
CHNCXR_0152_0,Shenzhen,0,3,dilation_4px,4,True,46402,22,1786,36200,8394,2.3133,7,0.0106,69.508,True
CHNCXR_0152_0,Shenzhen,0,3,dilation_8px,8,True,49422,22,1832,39518,8050,2.1719,0,0.0,inf,True
CHNCXR_0153_0,Shenzhen,0,3,dilation_0px,0,True,36788,22,1542,27286,7938,2.9151,355,0.6732,58.0899,True
CHNCXR_0153_0,Shenzhen,0,3,dilation_4px,4,True,39629,22,1588,30335,7684,2.7061,44,0.0834,69.6112,True
CHNCXR_0153_0,Shenzhen,0,3,dilation_8px,8,True,42455,22,1682,33331,7420,2.526,0,0.0,inf,True
CHNCXR_0154_0,Shenzhen,0,4,dilation_0px,0,True,39272,22,1582,29999,7669,2.7386,353,0.6223,57.4029,True
CHNCXR_0154_0,Shenzhen,0,4,dilation_4px,4,True,42135,22,1677,33088,7348,2.5525,0,0.0,inf,True
CHNCXR_0154_0,Shenzhen,0,4,dilation_8px,8,True,44981,22,1723,36090,7146,2.391,0,0.0,inf,True
CHNCXR_0155_0,Shenzhen,0,1,dilation_0px,0,True,24433,22,1060,14427,8924,3.5282,494,1.7945,51.6168,True
CHNCXR_0155_0,Shenzhen,0,1,dilation_4px,4,True,26499,22,1091,16734,8652,3.2531,0,0.0,inf,True
CHNCXR_0155_0,Shenzhen,0,1,dilation_8px,8,True,28613,22,1126,18930,8535,3.0128,0,0.0,inf,True
CHNCXR_0156_0,Shenzhen,0,2,dilation_0px,0,True,33546,22,1224,21712,10588,3.3753,268,0.6692,53.9181,True
CHNCXR_0156_0,Shenzhen,0,2,dilation_4px,4,True,35919,22,1233,24428,10236,3.1523,0,0.0,inf,True
CHNCXR_0156_0,Shenzhen,0,2,dilation_8px,8,True,38317,22,1263,27061,9971,2.955,0,0.0,inf,True
CHNCXR_0157_0,Shenzhen,0,1,dilation_0px,0,True,37802,22,1497,26602,9681,2.9252,831,1.6626,53.7598,True
CHNCXR_0157_0,Shenzhen,0,1,dilation_4px,4,True,40567,22,1519,29618,9408,2.7259,192,0.3841,63.0643,True
CHNCXR_0157_0,Shenzhen,0,1,dilation_8px,8,True,43338,22,1611,32528,9177,2.5516,23,0.046,71.8352,True
CHNCXR_0158_0,Shenzhen,0,4,dilation_0px,0,True,34188,22,1388,23762,9016,2.9705,187,0.4128,57.7392,True
CHNCXR_0158_0,Shenzhen,0,4,dilation_4px,4,True,36787,22,1438,26580,8747,2.7606,0,0.0,inf,True
CHNCXR_0158_0,Shenzhen,0,4,dilation_8px,8,True,39334,22,1490,29357,8465,2.5819,0,0.0,inf,True
CHNCXR_0159_0,Shenzhen,0,4,dilation_0px,0,True,36796,22,1373,26861,8540,3.1203,1002,2.0996,52.8281,True
CHNCXR_0159_0,Shenzhen,0,4,dilation_4px,4,True,39514,22,1444,29866,8182,2.9057,406,0.8507,57.234,True
CHNCXR_0159_0,Shenzhen,0,4,dilation_8px,8,True,42107,22,1507,32678,7900,2.7267,130,0.2724,61.1579,True
CHNCXR_0160_0,Shenzhen,0,4,dilation_0px,0,True,47008,22,1777,36882,8327,2.331,614,0.9374,55.1215,True
CHNCXR_0160_0,Shenzhen,0,4,dilation_4px,4,True,50227,22,1828,40601,7776,2.1816,146,0.2229,64.6053,True
CHNCXR_0160_0,Shenzhen,0,4,dilation_8px,8,True,53381,22,1878,44152,7329,2.0527,38,0.058,70.8401,True
CHNCXR_0161_0,Shenzhen,0,2,dilation_0px,0,True,36728,22,1455,26333,8918,3.0856,1294,2.6782,50.2056,True
CHNCXR_0161_0,Shenzhen,0,2,dilation_4px,4,True,39539,22,1485,29540,8492,2.8662,99,0.2049,65.8336,True
CHNCXR_0161_0,Shenzhen,0,2,dilation_8px,8,True,42269,22,1546,32571,8130,2.6811,0,0.0,inf,True
CHNCXR_0162_0,Shenzhen,0,3,dilation_0px,0,True,40654,22,1597,31157,7878,2.7065,1360,2.1749,52.802,True
CHNCXR_0162_0,Shenzhen,0,3,dilation_4px,4,True,43632,22,1681,34402,7527,2.5218,142,0.2271,64.0236,True
CHNCXR_0162_0,Shenzhen,0,3,dilation_8px,8,True,46547,22,1733,37474,7318,2.3638,3,0.0048,79.9641,True
CHNCXR_0163_0,Shenzhen,0,2,dilation_0px,0,True,35195,22,1390,25204,8579,3.0055,1187,2.4181,53.1019,True
CHNCXR_0163_0,Shenzhen,0,2,dilation_4px,4,True,37681,22,1416,27984,8259,2.8073,355,0.7232,61.9936,True
CHNCXR_0163_0,Shenzhen,0,2,dilation_8px,8,True,40283,22,1513,30687,8061,2.6259,209,0.4258,63.955,True
CHNCXR_0164_0,Shenzhen,0,3,dilation_0px,0,True,31160,22,1168,21576,8394,3.4178,941,2.1916,52.2625,True
CHNCXR_0164_0,Shenzhen,0,3,dilation_4px,4,True,33398,22,1197,24067,8112,3.1888,34,0.0792,68.7654,True
CHNCXR_0164_0,Shenzhen,0,3,dilation_8px,8,True,35749,22,1295,26471,7961,2.979,1,0.0023,94.4591,True
CHNCXR_0165_0,Shenzhen,0,0,dilation_0px,0,True,40746,22,1666,30782,8276,2.5043,1873,2.9329,51.9171,True
CHNCXR_0165_0,Shenzhen,0,0,dilation_4px,4,True,43505,22,1721,33811,7951,2.3455,156,0.2443,64.9283,True
CHNCXR_0165_0,Shenzhen,0,0,dilation_8px,8,True,46328,22,1761,36732,7813,2.2026,0,0.0,inf,True
CHNCXR_0166_0,Shenzhen,0,1,dilation_0px,0,True,49970,22,1846,38643,9459,2.2441,1065,1.4154,54.1958,True
CHNCXR_0166_0,Shenzhen,0,1,dilation_4px,4,True,53291,22,1897,42357,9015,2.1043,129,0.1714,66.4854,True
CHNCXR_0166_0,Shenzhen,0,1,dilation_8px,8,True,56614,22,1939,45954,8699,1.9808,0,0.0,inf,True
CHNCXR_0167_0,Shenzhen,0,2,dilation_0px,0,True,45690,22,1720,35258,8690,2.5378,1277,2.0533,51.0731,True
CHNCXR_0167_0,Shenzhen,0,2,dilation_4px,4,True,48893,22,1789,38963,8119,2.3715,68,0.1093,66.7842,True
CHNCXR_0167_0,Shenzhen,0,2,dilation_8px,8,True,51996,22,1817,42459,7698,2.23,15,0.0241,75.7339,True
CHNCXR_0168_0,Shenzhen,0,3,dilation_0px,0,True,55775,22,2100,45965,7688,2.0297,595,0.6581,56.1157,True
CHNCXR_0168_0,Shenzhen,0,3,dilation_4px,4,True,59200,22,2133,49762,7283,1.9123,0,0.0,inf,True
CHNCXR_0168_0,Shenzhen,0,3,dilation_8px,8,True,62611,22,2172,53448,6969,1.8081,0,0.0,inf,True
CHNCXR_0169_0,Shenzhen,0,1,dilation_0px,0,True,38029,22,1579,26745,9683,2.9757,610,1.2025,54.3106,True
CHNCXR_0169_0,Shenzhen,0,1,dilation_4px,4,True,40911,22,1644,29964,9281,2.766,38,0.0749,68.0989,True
CHNCXR_0169_0,Shenzhen,0,1,dilation_8px,8,True,43896,22,1695,33128,9051,2.5779,0,0.0,inf,True
CHNCXR_0170_0,Shenzhen,0,3,dilation_0px,0,True,29286,22,1143,20615,7506,3.469,1324,3.2404,51.7947,True
CHNCXR_0170_0,Shenzhen,0,3,dilation_4px,4,True,31486,22,1201,22992,7271,3.2266,222,0.5433,62.3996,True
CHNCXR_0170_0,Shenzhen,0,3,dilation_8px,8,True,33726,22,1254,25287,7163,3.0123,15,0.0367,70.7998,True
CHNCXR_0171_0,Shenzhen,0,4,dilation_0px,0,True,46302,22,1644,35585,9051,2.588,419,0.6823,54.5425,True
CHNCXR_0171_0,Shenzhen,0,4,dilation_4px,4,True,49466,22,1707,39251,8486,2.4225,0,0.0,inf,True
CHNCXR_0171_0,Shenzhen,0,4,dilation_8px,8,True,52659,22,1785,42731,8121,2.2756,0,0.0,inf,True
CHNCXR_0172_0,Shenzhen,0,1,dilation_0px,0,True,50504,22,1970,39695,8817,2.1519,1297,1.611,53.7982,True
CHNCXR_0172_0,Shenzhen,0,1,dilation_4px,4,True,53776,22,2013,43358,8383,2.0209,218,0.2708,63.2324,True
CHNCXR_0172_0,Shenzhen,0,1,dilation_8px,8,True,57121,22,2050,46919,8130,1.9026,13,0.0161,70.1562,True
CHNCXR_0173_0,Shenzhen,0,1,dilation_0px,0,True,40198,22,1655,30837,7684,2.4442,762,1.2646,55.1203,True
CHNCXR_0173_0,Shenzhen,0,1,dilation_4px,4,True,43003,22,1710,33906,7365,2.2847,34,0.0564,69.1004,True
CHNCXR_0173_0,Shenzhen,0,1,dilation_8px,8,True,45823,22,1766,36875,7160,2.1441,0,0.0,inf,True
CHNCXR_0174_0,Shenzhen,0,0,dilation_0px,0,True,37640,22,1587,28033,7998,2.5885,1310,2.3571,52.4253,True
CHNCXR_0174_0,Shenzhen,0,0,dilation_4px,4,True,40407,22,1640,31112,7633,2.4112,76,0.1367,64.7126,True
CHNCXR_0174_0,Shenzhen,0,0,dilation_8px,8,True,43250,22,1680,34064,7484,2.2527,0,0.0,inf,True
CHNCXR_0175_0,Shenzhen,0,1,dilation_0px,0,True,37644,22,1504,27636,8482,2.505,1296,2.4873,52.37,True
CHNCXR_0175_0,Shenzhen,0,1,dilation_4px,4,True,40412,22,1578,30654,8158,2.3335,23,0.0441,71.1,True
CHNCXR_0175_0,Shenzhen,0,1,dilation_8px,8,True,43139,22,1658,33530,7929,2.186,0,0.0,inf,True
CHNCXR_0176_0,Shenzhen,0,4,dilation_0px,0,True,32083,22,1412,21280,9369,3.3353,1272,3.1007,52.0545,True
CHNCXR_0176_0,Shenzhen,0,4,dilation_4px,4,True,34589,22,1442,24038,9087,3.0937,232,0.5655,62.3021,True
CHNCXR_0176_0,Shenzhen,0,4,dilation_8px,8,True,37084,22,1470,26663,8929,2.8856,63,0.1536,66.6193,True
CHNCXR_0177_0,Shenzhen,0,1,dilation_0px,0,True,55756,22,2090,44665,8979,2.0949,2032,2.3051,51.795,True
CHNCXR_0177_0,Shenzhen,0,1,dilation_4px,4,True,59112,22,2133,48491,8466,1.976,181,0.2053,65.2583,True
CHNCXR_0177_0,Shenzhen,0,1,dilation_8px,8,True,62614,22,2175,52149,8268,1.8654,3,0.0034,85.542,True
CHNCXR_0178_0,Shenzhen,0,3,dilation_0px,0,True,28510,22,1248,17439,9801,3.5511,14833,29.6915,44.5187,True
CHNCXR_0178_0,Shenzhen,0,3,dilation_4px,4,True,30888,22,1307,19976,9583,3.2777,12345,24.7113,45.7225,True
CHNCXR_0178_0,Shenzhen,0,3,dilation_8px,8,True,33267,22,1347,22471,9427,3.0433,10887,21.7927,46.4203,True
CHNCXR_0179_0,Shenzhen,0,2,dilation_0px,0,True,30330,22,1139,22026,7143,3.3349,1292,2.8925,51.5333,True
CHNCXR_0179_0,Shenzhen,0,2,dilation_4px,4,True,32577,22,1206,24426,6923,3.1049,173,0.3873,61.1828,True
CHNCXR_0179_0,Shenzhen,0,2,dilation_8px,8,True,34775,22,1255,26787,6711,2.9087,0,0.0,inf,True
CHNCXR_0180_0,Shenzhen,0,2,dilation_0px,0,True,28814,22,1237,19753,7802,3.1511,899,2.3229,51.5599,True
CHNCXR_0180_0,Shenzhen,0,2,dilation_4px,4,True,31055,22,1269,22254,7510,2.9237,20,0.0517,71.4796,True
CHNCXR_0180_0,Shenzhen,0,2,dilation_8px,8,True,33362,22,1328,24699,7313,2.7216,0,0.0,inf,True
CHNCXR_0181_0,Shenzhen,0,3,dilation_0px,0,False,29191,22,1190,20647,7332,3.4471,,,,True
CHNCXR_0181_0,Shenzhen,0,3,dilation_4px,4,False,31483,22,1255,23123,7083,3.1961,,,,True
CHNCXR_0181_0,Shenzhen,0,3,dilation_8px,8,False,33748,22,1307,25552,6867,2.9816,,,,True
CHNCXR_0182_0,Shenzhen,0,3,dilation_0px,0,False,42159,22,1678,33086,7373,2.5432,,,,True
CHNCXR_0182_0,Shenzhen,0,3,dilation_4px,4,False,45053,22,1736,36277,7018,2.3798,,,,True
CHNCXR_0182_0,Shenzhen,0,3,dilation_8px,8,False,47955,22,1778,39422,6733,2.2358,,,,True
CHNCXR_0183_0,Shenzhen,0,4,dilation_0px,0,False,45407,22,1866,35638,7881,2.4638,,,,True
CHNCXR_0183_0,Shenzhen,0,4,dilation_4px,4,False,48565,22,1917,39140,7486,2.3036,,,,True
CHNCXR_0183_0,Shenzhen,0,4,dilation_8px,8,False,51799,22,1960,42509,7308,2.1598,,,,True
CHNCXR_0184_0,Shenzhen,0,0,dilation_0px,0,False,37376,22,1504,27835,8015,2.8698,,,,True
CHNCXR_0184_0,Shenzhen,0,0,dilation_4px,4,False,40118,22,1595,30773,7728,2.6736,,,,True
CHNCXR_0184_0,Shenzhen,0,0,dilation_8px,8,False,42810,22,1652,33651,7485,2.5055,,,,True
CHNCXR_0185_0,Shenzhen,0,3,dilation_0px,0,False,34689,22,1471,26012,7184,2.9438,,,,True
CHNCXR_0185_0,Shenzhen,0,3,dilation_4px,4,False,37361,22,1518,28887,6934,2.7332,,,,True
CHNCXR_0185_0,Shenzhen,0,3,dilation_8px,8,False,39954,22,1558,31647,6727,2.5558,,,,True
CHNCXR_0186_0,Shenzhen,0,1,dilation_0px,0,False,35375,22,1401,26152,7800,2.5823,,,,True
CHNCXR_0186_0,Shenzhen,0,1,dilation_4px,4,False,37848,22,1445,28879,7502,2.4136,,,,True
CHNCXR_0186_0,Shenzhen,0,1,dilation_8px,8,False,40266,22,1494,31487,7263,2.2686,,,,True
CHNCXR_0187_0,Shenzhen,0,4,dilation_0px,0,False,40995,22,1727,31974,7272,2.2041,,,,True
CHNCXR_0187_0,Shenzhen,0,4,dilation_4px,4,False,43966,22,1784,35288,6872,2.0552,,,,True
CHNCXR_0187_0,Shenzhen,0,4,dilation_8px,8,False,46908,22,1844,38426,6616,1.9263,,,,True
CHNCXR_0188_0,Shenzhen,0,2,dilation_0px,0,False,40178,22,1476,29933,8747,2.8623,,,,True
CHNCXR_0188_0,Shenzhen,0,2,dilation_4px,4,False,42881,22,1546,33022,8291,2.6819,,,,True
CHNCXR_0188_0,Shenzhen,0,2,dilation_8px,8,False,45520,22,1603,35877,8018,2.5264,,,,True
CHNCXR_0189_0,Shenzhen,0,0,dilation_0px,0,False,48020,22,1858,37783,8357,2.3067,,,,True
CHNCXR_0189_0,Shenzhen,0,0,dilation_4px,4,False,51444,22,1941,41707,7774,2.1531,,,,True
CHNCXR_0189_0,Shenzhen,0,0,dilation_8px,8,False,54831,22,2009,45406,7394,2.0201,,,,True
CHNCXR_0190_0,Shenzhen,0,0,dilation_0px,0,False,42072,22,1751,33135,7164,2.5262,,,,True
CHNCXR_0190_0,Shenzhen,0,0,dilation_4px,4,False,45054,22,1792,36396,6844,2.359,,,,True
CHNCXR_0190_0,Shenzhen,0,0,dilation_8px,8,False,47946,22,1824,39499,6601,2.2167,,,,True
CHNCXR_0191_0,Shenzhen,0,0,dilation_0px,0,False,41096,22,1702,31360,8012,2.6729,,,,True
CHNCXR_0191_0,Shenzhen,0,0,dilation_4px,4,False,44069,22,1800,34573,7674,2.4926,,,,True
CHNCXR_0191_0,Shenzhen,0,0,dilation_8px,8,False,46943,22,1853,37677,7391,2.34,,,,True
CHNCXR_0192_0,Shenzhen,0,2,dilation_0px,0,False,35733,22,1284,25122,9305,3.1534,,,,True
CHNCXR_0192_0,Shenzhen,0,2,dilation_4px,4,False,38276,22,1309,28084,8861,2.9439,,,,True
CHNCXR_0192_0,Shenzhen,0,2,dilation_8px,8,False,40809,22,1368,30886,8533,2.7612,,,,True
CHNCXR_0193_0,Shenzhen,0,2,dilation_0px,0,False,53123,22,1896,42306,8899,2.2125,,,,True
CHNCXR_0193_0,Shenzhen,0,2,dilation_4px,4,False,56549,22,1940,46347,8240,2.0785,,,,True
CHNCXR_0193_0,Shenzhen,0,2,dilation_8px,8,False,60041,22,1973,50162,7884,1.9576,,,,True
CHNCXR_0194_0,Shenzhen,0,3,dilation_0px,0,False,39613,22,1539,29111,8941,2.8538,,,,True
CHNCXR_0194_0,Shenzhen,0,3,dilation_4px,4,False,42570,22,1592,32526,8430,2.6555,,,,True
CHNCXR_0194_0,Shenzhen,0,3,dilation_8px,8,False,45395,22,1654,35659,8060,2.4903,,,,True
CHNCXR_0195_0,Shenzhen,0,2,dilation_0px,0,False,43497,22,1555,32919,9001,2.7103,,,,True
CHNCXR_0195_0,Shenzhen,0,2,dilation_4px,4,False,46433,22,1610,36371,8430,2.5389,,,,True
CHNCXR_0195_0,Shenzhen,0,2,dilation_8px,8,False,49402,22,1659,39588,8133,2.3863,,,,True
CHNCXR_0196_0,Shenzhen,0,3,dilation_0px,0,False,36607,22,1405,26228,8952,3.0699,,,,True
CHNCXR_0196_0,Shenzhen,0,3,dilation_4px,4,False,39235,22,1456,29206,8551,2.8643,,,,True
CHNCXR_0196_0,Shenzhen,0,3,dilation_8px,8,False,41727,22,1514,31997,8194,2.6932,,,,True
CHNCXR_0197_0,Shenzhen,0,0,dilation_0px,0,False,25831,22,1001,17367,7441,3.8306,,,,True
CHNCXR_0197_0,Shenzhen,0,0,dilation_4px,4,False,27835,22,1034,19603,7176,3.5548,,,,True
CHNCXR_0197_0,Shenzhen,0,0,dilation_8px,8,False,29921,22,1105,21769,7025,3.3069,,,,True
CHNCXR_0198_0,Shenzhen,0,1,dilation_0px,0,False,44662,22,1656,33967,9017,2.5965,,,,True
CHNCXR_0198_0,Shenzhen,0,1,dilation_4px,4,False,47754,22,1716,37493,8523,2.4284,,,,True
CHNCXR_0198_0,Shenzhen,0,1,dilation_8px,8,False,50802,22,1755,40795,8230,2.2827,,,,True
CHNCXR_0199_0,Shenzhen,0,3,dilation_0px,0,False,46518,22,1856,35954,8686,2.2572,,,,True
CHNCXR_0199_0,Shenzhen,0,3,dilation_4px,4,False,49654,22,1911,39272,8449,2.1147,,,,True
CHNCXR_0199_0,Shenzhen,0,3,dilation_8px,8,False,52529,22,1960,42320,8227,1.9989,,,,True
CHNCXR_0200_0,Shenzhen,0,2,dilation_0px,0,False,44852,22,1663,33897,9270,2.6439,,,,True
CHNCXR_0200_0,Shenzhen,0,2,dilation_4px,4,False,48115,22,1763,37619,8711,2.4646,,,,True
CHNCXR_0200_0,Shenzhen,0,2,dilation_8px,8,False,51179,22,1814,41074,8269,2.3171,,,,True
CHNCXR_0201_0,Shenzhen,0,1,dilation_0px,0,False,34375,22,1442,22466,10445,3.5257,,,,True
CHNCXR_0201_0,Shenzhen,0,1,dilation_4px,4,False,37061,22,1473,25495,10071,3.2701,,,,True
CHNCXR_0201_0,Shenzhen,0,1,dilation_8px,8,False,39773,22,1464,28445,9842,3.0472,,,,True
CHNCXR_0202_0,Shenzhen,0,0,dilation_0px,0,False,25658,22,1346,15479,8811,3.7767,,,,True
CHNCXR_0202_0,Shenzhen,0,0,dilation_4px,4,False,28104,22,1381,18119,8582,3.448,,,,True
CHNCXR_0202_0,Shenzhen,0,0,dilation_8px,8,False,30445,22,1415,20673,8335,3.1829,,,,True
CHNCXR_0203_0,Shenzhen,0,1,dilation_0px,0,False,39741,22,1493,29052,9174,2.897,,,,True
CHNCXR_0203_0,Shenzhen,0,1,dilation_4px,4,False,42650,22,1570,32357,8701,2.6994,,,,True
CHNCXR_0203_0,Shenzhen,0,1,dilation_8px,8,False,45481,22,1606,35419,8434,2.5314,,,,True
CHNCXR_0204_0,Shenzhen,0,3,dilation_0px,0,False,48637,22,1773,37279,9563,2.4874,,,,True
CHNCXR_0204_0,Shenzhen,0,3,dilation_4px,4,False,52021,22,1856,41101,9042,2.3256,,,,True
CHNCXR_0204_0,Shenzhen,0,3,dilation_8px,8,False,55368,22,1928,44655,8763,2.1851,,,,True
CHNCXR_0205_0,Shenzhen,0,2,dilation_0px,0,False,24503,22,1124,13803,9554,4.7106,,,,True
CHNCXR_0205_0,Shenzhen,0,2,dilation_4px,4,False,26646,22,1155,16172,9297,4.3318,,,,True
CHNCXR_0205_0,Shenzhen,0,2,dilation_8px,8,False,28769,22,1190,18437,9120,4.0121,,,,True
CHNCXR_0206_0,Shenzhen,0,0,dilation_0px,0,False,26339,22,1298,17148,7871,3.6565,,,,True
CHNCXR_0206_0,Shenzhen,0,0,dilation_4px,4,False,28603,22,1333,19600,7648,3.3671,,,,True
CHNCXR_0206_0,Shenzhen,0,0,dilation_8px,8,False,30821,22,1361,21949,7489,3.1248,,,,True
CHNCXR_0207_0,Shenzhen,0,4,dilation_0px,0,False,37105,22,1434,26432,9217,3.0733,,,,True
CHNCXR_0207_0,Shenzhen,0,4,dilation_4px,4,False,39839,22,1467,29580,8770,2.8624,,,,True
CHNCXR_0207_0,Shenzhen,0,4,dilation_8px,8,False,42505,22,1530,32528,8425,2.6828,,,,True
CHNCXR_0208_0,Shenzhen,0,2,dilation_0px,0,False,49729,22,1917,39029,8761,2.1169,,,,True
CHNCXR_0208_0,Shenzhen,0,2,dilation_4px,4,False,53080,22,1964,42701,8393,1.9832,,,,True
CHNCXR_0208_0,Shenzhen,0,2,dilation_8px,8,False,56333,22,2007,46274,8030,1.8687,,,,True
CHNCXR_0209_0,Shenzhen,0,3,dilation_0px,0,False,37898,22,1406,27630,8840,3.0214,,,,True
CHNCXR_0209_0,Shenzhen,0,3,dilation_4px,4,False,40616,22,1466,30691,8437,2.8192,,,,True
CHNCXR_0209_0,Shenzhen,0,3,dilation_8px,8,False,43292,22,1520,33577,8173,2.6449,,,,True
CHNCXR_0210_0,Shenzhen,0,0,dilation_0px,0,False,42137,22,1678,31622,8815,2.7008,,,,True
CHNCXR_0210_0,Shenzhen,0,0,dilation_4px,4,False,45205,22,1742,35114,8327,2.5175,,,,True
CHNCXR_0210_0,Shenzhen,0,0,dilation_8px,8,False,48203,22,1796,38381,8004,2.3609,,,,True
CHNCXR_0211_0,Shenzhen,0,4,dilation_0px,0,False,40444,22,1472,29474,9476,2.8678,,,,True
CHNCXR_0211_0,Shenzhen,0,4,dilation_4px,4,False,43281,22,1527,32687,9045,2.6798,,,,True
CHNCXR_0211_0,Shenzhen,0,4,dilation_8px,8,False,45995,22,1579,35695,8699,2.5217,,,,True
CHNCXR_0212_0,Shenzhen,0,4,dilation_0px,0,False,38545,22,1509,28998,8016,2.6489,,,,True
CHNCXR_0212_0,Shenzhen,0,4,dilation_4px,4,False,41242,22,1551,31908,7761,2.4757,,,,True
CHNCXR_0212_0,Shenzhen,0,4,dilation_8px,8,False,43832,22,1590,34695,7525,2.3294,,,,True
CHNCXR_0213_0,Shenzhen,0,4,dilation_0px,0,False,33617,22,1219,24997,7379,3.0743,,,,True
CHNCXR_0213_0,Shenzhen,0,4,dilation_4px,4,False,36023,22,1292,27592,7117,2.8689,,,,True
CHNCXR_0213_0,Shenzhen,0,4,dilation_8px,8,False,38393,22,1345,30107,6919,2.6918,,,,True
CHNCXR_0214_0,Shenzhen,0,1,dilation_0px,0,False,46742,22,1876,36580,8264,2.2396,,,,True
CHNCXR_0214_0,Shenzhen,0,1,dilation_4px,4,False,49881,22,1931,40066,7862,2.0986,,,,True
CHNCXR_0214_0,Shenzhen,0,1,dilation_8px,8,False,53061,22,1968,43389,7682,1.9729,,,,True
CHNCXR_0215_0,Shenzhen,0,2,dilation_0px,0,False,26663,22,1196,16187,9258,4.2122,,,,True
CHNCXR_0215_0,Shenzhen,0,2,dilation_4px,4,False,28906,22,1228,18673,8983,3.8854,,,,True
CHNCXR_0215_0,Shenzhen,0,2,dilation_8px,8,False,31127,22,1266,21032,8807,3.6082,,,,True
CHNCXR_0216_0,Shenzhen,0,4,dilation_0px,0,False,33579,22,1306,24232,8019,3.1499,,,,True
CHNCXR_0216_0,Shenzhen,0,4,dilation_4px,4,False,36074,22,1400,26917,7735,2.9321,,,,True
CHNCXR_0216_0,Shenzhen,0,4,dilation_8px,8,False,38518,22,1446,29472,7578,2.746,,,,True
CHNCXR_0217_0,Shenzhen,0,3,dilation_0px,0,False,35471,22,1243,26041,8165,3.2253,,,,True
CHNCXR_0217_0,Shenzhen,0,3,dilation_4px,4,False,38040,22,1339,28867,7812,3.0074,,,,True
CHNCXR_0217_0,Shenzhen,0,3,dilation_8px,8,False,40608,22,1384,31684,7518,2.8173,,,,True
CHNCXR_0218_0,Shenzhen,0,1,dilation_0px,0,False,29055,22,1057,19454,8522,3.8074,,,,True
CHNCXR_0218_0,Shenzhen,0,1,dilation_4px,4,False,31238,22,1106,21917,8193,3.5414,,,,True
CHNCXR_0218_0,Shenzhen,0,1,dilation_8px,8,False,33475,22,1153,24303,7997,3.3047,,,,True
CHNCXR_0219_0,Shenzhen,0,2,dilation_0px,0,False,34635,22,1280,24538,8795,3.2458,,,,True
CHNCXR_0219_0,Shenzhen,0,2,dilation_4px,4,False,37176,22,1340,27389,8425,3.0239,,,,True
CHNCXR_0219_0,Shenzhen,0,2,dilation_8px,8,False,39603,22,1382,30024,8175,2.8386,,,,True
CHNCXR_0220_0,Shenzhen,0,1,dilation_0px,0,False,59781,22,2280,48584,8895,1.9728,,,,True
CHNCXR_0220_0,Shenzhen,0,1,dilation_4px,4,False,63470,22,2321,52753,8374,1.8582,,,,True
CHNCXR_0220_0,Shenzhen,0,1,dilation_8px,8,False,67187,22,2360,56680,8125,1.7554,,,,True
CHNCXR_0221_0,Shenzhen,0,0,dilation_0px,0,True,38731,22,1568,29091,8050,2.4705,3756,6.2878,49.3449,True
CHNCXR_0221_0,Shenzhen,0,0,dilation_4px,4,True,41483,22,1642,32201,7618,2.3066,2193,3.6712,54.4968,True
CHNCXR_0221_0,Shenzhen,0,0,dilation_8px,8,True,44264,22,1703,35160,7379,2.1617,1823,3.0518,55.1519,True
CHNCXR_0222_0,Shenzhen,0,3,dilation_0px,0,True,42092,22,1408,31880,8782,2.7704,1179,2.1154,51.8849,True
CHNCXR_0222_0,Shenzhen,0,3,dilation_4px,4,True,44975,22,1506,35046,8401,2.5928,84,0.1507,62.9676,True
CHNCXR_0222_0,Shenzhen,0,3,dilation_8px,8,True,47781,22,1550,38088,8121,2.4405,7,0.0126,69.6926,True
CHNCXR_0223_0,Shenzhen,0,0,dilation_0px,0,True,27152,22,1144,18562,7424,3.741,296,0.8802,56.1257,True
CHNCXR_0223_0,Shenzhen,0,0,dilation_4px,4,True,29398,22,1216,20959,7201,3.4552,2,0.0059,74.1036,True
CHNCXR_0223_0,Shenzhen,0,0,dilation_8px,8,True,31587,22,1258,23262,7045,3.2157,0,0.0,inf,True
CHNCXR_0224_0,Shenzhen,0,2,dilation_0px,0,True,40480,22,1483,30152,8823,2.8545,1065,2.0069,50.8136,True
CHNCXR_0224_0,Shenzhen,0,2,dilation_4px,4,True,43308,22,1542,33314,8430,2.6681,83,0.1564,62.4081,True
CHNCXR_0224_0,Shenzhen,0,2,dilation_8px,8,True,45986,22,1599,36237,8128,2.5127,4,0.0075,70.5791,True
CHNCXR_0225_0,Shenzhen,0,0,dilation_0px,0,True,41751,22,1720,32059,7950,2.6117,964,1.4886,54.0348,True
CHNCXR_0225_0,Shenzhen,0,0,dilation_4px,4,True,44623,22,1760,35226,7615,2.4436,126,0.1946,65.8221,True
CHNCXR_0225_0,Shenzhen,0,0,dilation_8px,8,True,47518,22,1805,38290,7401,2.2948,9,0.0139,79.9093,True
CHNCXR_0226_0,Shenzhen,0,3,dilation_0px,0,True,37938,22,1378,26916,9622,3.0498,832,1.7541,50.8716,True
CHNCXR_0226_0,Shenzhen,0,3,dilation_4px,4,True,40634,22,1395,30063,9154,2.8475,0,0.0,inf,True
CHNCXR_0226_0,Shenzhen,0,3,dilation_8px,8,True,43397,22,1491,33051,8833,2.6662,0,0.0,inf,True
CHNCXR_0227_0,Shenzhen,0,4,dilation_0px,0,True,46040,22,1670,35251,9097,2.5685,3247,5.1244,49.3286,True
CHNCXR_0227_0,Shenzhen,0,4,dilation_4px,4,True,49255,22,1741,38944,8548,2.4008,1864,2.9417,52.638,True
CHNCXR_0227_0,Shenzhen,0,4,dilation_8px,8,True,52525,22,1802,42394,8307,2.2513,1066,1.6823,55.3185,True
CHNCXR_0228_0,Shenzhen,0,0,dilation_0px,0,True,38509,22,1754,28094,8639,2.8711,3676,6.3208,50.831,True
CHNCXR_0228_0,Shenzhen,0,0,dilation_4px,4,True,41744,22,1803,31581,8338,2.6486,2409,4.1422,54.3109,True
CHNCXR_0228_0,Shenzhen,0,0,dilation_8px,8,True,44972,22,1841,34885,8224,2.4585,2063,3.5473,55.2357,True
CHNCXR_0229_0,Shenzhen,0,4,dilation_0px,0,True,31632,22,1192,21504,8914,3.4882,3007,7.4431,48.7042,True
CHNCXR_0229_0,Shenzhen,0,4,dilation_4px,4,True,34017,22,1218,24216,8561,3.2437,1731,4.2847,54.1851,True
CHNCXR_0229_0,Shenzhen,0,4,dilation_8px,8,True,36385,22,1244,26867,8252,3.0326,1327,3.2847,56.2532,True
CHNCXR_0230_0,Shenzhen,0,3,dilation_0px,0,True,36251,22,1243,25942,9044,3.169,1464,3.1794,50.8841,True
CHNCXR_0230_0,Shenzhen,0,3,dilation_4px,4,True,38924,22,1313,28943,8646,2.9514,638,1.3855,56.5858,True
CHNCXR_0230_0,Shenzhen,0,3,dilation_8px,8,True,41363,22,1351,31605,8385,2.7774,400,0.8687,59.7113,True
CHNCXR_0231_0,Shenzhen,0,4,dilation_0px,0,True,42445,22,1534,31877,9012,2.7591,453,0.8238,54.2283,True
CHNCXR_0231_0,Shenzhen,0,4,dilation_4px,4,True,45359,22,1597,35186,8554,2.5819,65,0.1182,67.1451,True
CHNCXR_0231_0,Shenzhen,0,4,dilation_8px,8,True,48164,22,1640,38276,8226,2.4315,2,0.0036,80.2188,True
CHNCXR_0232_0,Shenzhen,0,0,dilation_0px,0,True,32873,22,1162,23210,8479,3.4081,816,1.9469,52.0251,True
CHNCXR_0232_0,Shenzhen,0,0,dilation_4px,4,True,35249,22,1212,25872,8143,3.1784,129,0.3078,62.387,True
CHNCXR_0232_0,Shenzhen,0,0,dilation_8px,8,True,37491,22,1257,28324,7888,2.9883,17,0.0406,70.3576,True
CHNCXR_0233_0,Shenzhen,0,4,dilation_0px,0,True,33324,22,1351,24508,7443,3.1271,1216,2.528,52.8545,True
CHNCXR_0233_0,Shenzhen,0,4,dilation_4px,4,True,35829,22,1414,27215,7178,2.9085,251,0.5218,60.1696,True
CHNCXR_0233_0,Shenzhen,0,4,dilation_8px,8,True,38328,22,1463,29835,7008,2.7188,53,0.1102,66.4705,True
CHNCXR_0234_0,Shenzhen,0,3,dilation_0px,0,True,33093,22,1140,23153,8778,3.4276,1042,2.4991,50.1611,True
CHNCXR_0234_0,Shenzhen,0,3,dilation_4px,4,True,35512,22,1199,25921,8370,3.1941,205,0.4917,60.0196,True
CHNCXR_0234_0,Shenzhen,0,3,dilation_8px,8,True,37871,22,1245,28468,8136,2.9951,122,0.2926,63.2022,True
CHNCXR_0235_0,Shenzhen,0,3,dilation_0px,0,True,53335,22,2056,41754,9503,2.0656,1242,1.4925,53.5868,True
CHNCXR_0235_0,Shenzhen,0,3,dilation_4px,4,True,56685,22,2104,45546,9013,1.9435,70,0.0841,67.2004,True
CHNCXR_0235_0,Shenzhen,0,3,dilation_8px,8,True,60085,22,2143,49179,8741,1.8335,0,0.0,inf,True
CHNCXR_0236_0,Shenzhen,0,0,dilation_0px,0,True,37355,22,1400,27496,8437,2.8624,566,1.1377,53.7417,True
CHNCXR_0236_0,Shenzhen,0,0,dilation_4px,4,True,40085,22,1471,30632,7960,2.6675,53,0.1065,64.8416,True
CHNCXR_0236_0,Shenzhen,0,0,dilation_8px,8,True,42783,22,1532,33619,7610,2.4992,0,0.0,inf,True
CHNCXR_0237_0,Shenzhen,0,1,dilation_0px,0,True,30821,22,1247,22591,6961,3.274,2994,6.2748,50.1372,True
CHNCXR_0237_0,Shenzhen,0,1,dilation_4px,4,True,33181,22,1314,25119,6726,3.0412,902,1.8904,55.9367,True
CHNCXR_0237_0,Shenzhen,0,1,dilation_8px,8,True,35521,22,1370,27552,6577,2.8408,299,0.6266,60.3476,True
CHNCXR_0238_0,Shenzhen,0,0,dilation_0px,0,True,36229,22,1573,26866,7768,2.9419,1483,2.7853,51.6489,True
CHNCXR_0238_0,Shenzhen,0,0,dilation_4px,4,True,38952,22,1622,29864,7444,2.7362,438,0.8226,59.321,True
CHNCXR_0238_0,Shenzhen,0,0,dilation_8px,8,True,41688,22,1673,32753,7240,2.5566,174,0.3268,64.1451,True
CHNCXR_0239_0,Shenzhen,0,3,dilation_0px,0,True,46907,22,1614,35995,9276,2.5556,851,1.3609,51.5849,True
CHNCXR_0239_0,Shenzhen,0,3,dilation_4px,4,True,50073,22,1697,39581,8773,2.394,0,0.0,inf,True
CHNCXR_0239_0,Shenzhen,0,3,dilation_8px,8,True,53128,22,1746,42967,8393,2.2563,0,0.0,inf,True
CHNCXR_0240_0,Shenzhen,0,2,dilation_0px,0,True,41312,22,1572,30722,8996,2.7746,649,1.1924,51.2664,True
CHNCXR_0240_0,Shenzhen,0,2,dilation_4px,4,True,44325,22,1635,34182,8486,2.586,25,0.0459,68.2379,True
CHNCXR_0240_0,Shenzhen,0,2,dilation_8px,8,True,47239,22,1681,37375,8161,2.4265,7,0.0129,73.0091,True
CHNCXR_0241_0,Shenzhen,0,3,dilation_0px,0,True,54982,22,2181,43845,8934,2.0643,12424,12.3354,48.0778,True
CHNCXR_0241_0,Shenzhen,0,3,dilation_4px,4,True,58596,22,2231,47795,8548,1.937,9313,9.2466,51.0419,True
CHNCXR_0241_0,Shenzhen,0,3,dilation_8px,8,True,62067,22,2269,51554,8222,1.8287,8180,8.1217,51.9323,True
CHNCXR_0242_0,Shenzhen,0,4,dilation_0px,0,True,52833,22,2048,41701,9062,2.0664,16216,16.2296,48.2473,True
CHNCXR_0242_0,Shenzhen,0,4,dilation_4px,4,True,56275,22,2091,45419,8743,1.94,12740,12.7507,50.3158,True
CHNCXR_0242_0,Shenzhen,0,4,dilation_8px,8,True,59624,22,2123,49020,8459,1.831,10953,10.9622,51.2829,True
CHNCXR_0243_0,Shenzhen,0,3,dilation_0px,0,True,41142,22,1675,31796,7649,2.6344,9144,12.7343,47.4844,True
CHNCXR_0243_0,Shenzhen,0,3,dilation_4px,4,True,44101,22,1762,35026,7291,2.4577,5891,8.204,51.4224,True
CHNCXR_0243_0,Shenzhen,0,3,dilation_8px,8,True,47030,22,1829,38098,7081,2.3046,5073,7.0649,52.3685,True
CHNCXR_0244_0,Shenzhen,0,2,dilation_0px,0,True,51174,22,1871,40415,8866,2.152,4589,5.4429,50.7176,True
CHNCXR_0244_0,Shenzhen,0,2,dilation_4px,4,True,54368,22,1915,43988,8443,2.0256,2480,2.9415,55.3699,True
CHNCXR_0244_0,Shenzhen,0,2,dilation_8px,8,True,57604,22,1955,47479,8148,1.9118,1912,2.2678,56.5239,True
CHNCXR_0245_0,Shenzhen,0,0,dilation_0px,0,True,44990,22,1531,33932,9505,2.6578,1952,3.2577,49.838,True
CHNCXR_0245_0,Shenzhen,0,0,dilation_4px,4,True,48010,22,1592,37536,8860,2.4906,270,0.4506,62.0362,True
CHNCXR_0245_0,Shenzhen,0,0,dilation_8px,8,True,51118,22,1673,40877,8546,2.3392,15,0.025,70.3798,True
CHNCXR_0246_0,Shenzhen,0,3,dilation_0px,0,True,38328,22,1572,29526,7208,2.766,1153,1.9841,53.7094,True
CHNCXR_0246_0,Shenzhen,0,3,dilation_4px,4,True,41063,22,1635,32513,6893,2.5818,117,0.2013,65.1213,True
CHNCXR_0246_0,Shenzhen,0,3,dilation_8px,8,True,43783,22,1682,35460,6619,2.4214,0,0.0,inf,True
CHNCXR_0247_0,Shenzhen,0,2,dilation_0px,0,True,32339,22,1416,22803,8098,3.3206,2777,5.7488,48.7771,True
CHNCXR_0247_0,Shenzhen,0,2,dilation_4px,4,True,34874,22,1445,25628,7779,3.0792,614,1.2711,57.1104,True
CHNCXR_0247_0,Shenzhen,0,2,dilation_8px,8,True,37425,22,1499,28383,7521,2.8693,233,0.4823,63.0647,True
CHNCXR_0248_0,Shenzhen,0,4,dilation_0px,0,True,42003,22,1718,31638,8625,2.4878,4930,7.5014,48.9264,True
CHNCXR_0248_0,Shenzhen,0,4,dilation_4px,4,True,45026,22,1757,35070,8177,2.3208,2712,4.1265,53.4751,True
CHNCXR_0248_0,Shenzhen,0,4,dilation_8px,8,True,48115,22,1805,38361,7927,2.1718,1900,2.891,55.4911,True
CHNCXR_0249_0,Shenzhen,0,1,dilation_0px,0,True,36334,22,1392,25791,9129,3.1802,2841,5.9728,47.2218,True
CHNCXR_0249_0,Shenzhen,0,1,dilation_4px,4,True,38995,22,1429,28788,8756,2.9632,735,1.5452,56.0854,True
CHNCXR_0249_0,Shenzhen,0,1,dilation_8px,8,True,41588,22,1485,31622,8459,2.7785,279,0.5866,60.4884,True
CHNCXR_0250_0,Shenzhen,0,4,dilation_0px,0,True,44375,22,1827,34430,8096,2.517,11612,14.8095,47.1971,True
CHNCXR_0250_0,Shenzhen,0,4,dilation_4px,4,True,47501,22,1875,37843,7761,2.3513,8910,11.3635,49.3937,True
CHNCXR_0250_0,Shenzhen,0,4,dilation_8px,8,True,50593,22,1913,41117,7541,2.2076,7968,10.1621,50.1402,True
CHNCXR_0251_0,Shenzhen,0,0,dilation_0px,0,True,40056,22,1455,30613,7966,2.5434,6937,10.1233,49.4499,True
CHNCXR_0251_0,Shenzhen,0,0,dilation_4px,4,True,42668,22,1498,33496,7652,2.3877,4895,7.1434,53.0493,True
CHNCXR_0251_0,Shenzhen,0,0,dilation_8px,8,True,45236,22,1536,36209,7469,2.2522,4216,6.1525,54.373,True
CHNCXR_0252_0,Shenzhen,0,1,dilation_0px,0,True,46819,22,1646,36120,9031,2.5004,2625,3.9889,49.5874,True
CHNCXR_0252_0,Shenzhen,0,1,dilation_4px,4,True,49891,22,1706,39618,8545,2.3465,866,1.3159,56.2954,True
CHNCXR_0252_0,Shenzhen,0,1,dilation_8px,8,True,52849,22,1777,42897,8153,2.2151,285,0.4331,61.455,True
CHNCXR_0253_0,Shenzhen,0,4,dilation_0px,0,True,35745,22,1599,26558,7566,2.9545,7015,11.7081,49.2561,True
CHNCXR_0253_0,Shenzhen,0,4,dilation_4px,4,True,38366,22,1629,29430,7285,2.7527,5069,8.4602,52.3815,True
CHNCXR_0253_0,Shenzhen,0,4,dilation_8px,8,True,41093,22,1690,32211,7170,2.57,4186,6.9864,53.6212,True
CHNCXR_0254_0,Shenzhen,0,0,dilation_0px,0,True,43482,22,1863,33296,8301,2.5169,12611,16.2975,46.6534,True
CHNCXR_0254_0,Shenzhen,0,0,dilation_4px,4,True,46559,22,1902,36726,7909,2.3505,9907,12.803,48.9761,True
CHNCXR_0254_0,Shenzhen,0,0,dilation_8px,8,True,49568,22,1938,39955,7653,2.2078,8592,11.1036,49.8046,True
CHNCXR_0255_0,Shenzhen,0,0,dilation_0px,0,True,41916,22,1740,32567,7587,2.3878,3613,5.5892,50.4432,True
CHNCXR_0255_0,Shenzhen,0,0,dilation_4px,4,True,44875,22,1804,35889,7160,2.2304,1706,2.6391,56.1509,True
CHNCXR_0255_0,Shenzhen,0,0,dilation_8px,8,True,47859,22,1859,39057,6921,2.0913,1055,1.632,58.8403,True
CHNCXR_0256_0,Shenzhen,0,0,dilation_0px,0,True,36045,22,1483,25815,8725,3.0329,3078,5.7965,49.0185,True
CHNCXR_0256_0,Shenzhen,0,0,dilation_4px,4,True,38879,22,1522,28979,8356,2.8118,1126,2.1205,54.7055,True
CHNCXR_0256_0,Shenzhen,0,0,dilation_8px,8,True,41632,22,1571,32007,8032,2.6259,743,1.3992,56.58,True
CHNCXR_0257_0,Shenzhen,0,2,dilation_0px,0,True,46093,22,1682,35515,8874,2.5211,2611,3.9208,48.1049,True
CHNCXR_0257_0,Shenzhen,0,2,dilation_4px,4,True,49150,22,1748,39096,8284,2.3643,265,0.3979,62.2895,True
CHNCXR_0257_0,Shenzhen,0,2,dilation_8px,8,True,52107,22,1797,42330,7958,2.2301,58,0.0871,67.7022,True
CHNCXR_0258_0,Shenzhen,0,0,dilation_0px,0,True,39277,22,1697,28664,8894,2.7632,1902,3.2862,50.7956,True
CHNCXR_0258_0,Shenzhen,0,0,dilation_4px,4,True,42069,22,1721,31817,8509,2.5798,209,0.3611,62.9616,True
CHNCXR_0258_0,Shenzhen,0,0,dilation_8px,8,True,44970,22,1804,34835,8309,2.4134,0,0.0,inf,True
CHNCXR_0259_0,Shenzhen,0,4,dilation_0px,0,True,28033,22,1191,18805,8015,3.2919,2978,7.3297,50.0496,True
CHNCXR_0259_0,Shenzhen,0,4,dilation_4px,4,True,30223,22,1223,21214,7764,3.0533,1464,3.6033,55.0604,True
CHNCXR_0259_0,Shenzhen,0,4,dilation_8px,8,True,32473,22,1277,23598,7576,2.8418,1109,2.7296,56.8266,True
CHNCXR_0260_0,Shenzhen,0,4,dilation_0px,0,True,35004,22,1558,25819,7605,2.9535,1799,3.384,51.7062,True
CHNCXR_0260_0,Shenzhen,0,4,dilation_4px,4,True,37654,22,1583,28754,7295,2.7457,208,0.3913,60.8843,True
CHNCXR_0260_0,Shenzhen,0,4,dilation_8px,8,True,40355,22,1655,31610,7068,2.5619,0,0.0,inf,True
CHNCXR_0261_0,Shenzhen,0,3,dilation_0px,0,True,42352,22,1474,31006,9850,2.8408,1327,2.3456,49.8629,True
CHNCXR_0261_0,Shenzhen,0,3,dilation_4px,4,True,45222,22,1529,34296,9375,2.6605,273,0.4826,61.2009,True
CHNCXR_0261_0,Shenzhen,0,3,dilation_8px,8,True,48219,22,1584,37477,9136,2.4952,159,0.2811,63.5085,True
CHNCXR_0262_0,Shenzhen,0,4,dilation_0px,0,True,41659,22,1671,32368,7598,2.6159,1170,1.8394,53.061,True
CHNCXR_0262_0,Shenzhen,0,4,dilation_4px,4,True,44698,22,1744,35608,7324,2.4381,62,0.0975,66.9179,True
CHNCXR_0262_0,Shenzhen,0,4,dilation_8px,8,True,47646,22,1790,38783,7051,2.2872,3,0.0047,77.4735,True
CHNCXR_0263_0,Shenzhen,0,3,dilation_0px,0,True,37921,22,1491,28604,7804,2.7766,686,1.193,54.9605,True
CHNCXR_0263_0,Shenzhen,0,3,dilation_4px,4,True,40669,22,1574,31536,7537,2.589,69,0.12,65.4379,True
CHNCXR_0263_0,Shenzhen,0,3,dilation_8px,8,True,43467,22,1642,34462,7341,2.4223,19,0.033,66.8967,True
CHNCXR_0264_0,Shenzhen,0,3,dilation_0px,0,True,40008,22,1413,29013,9560,2.9408,408,0.8181,53.4717,True
CHNCXR_0264_0,Shenzhen,0,3,dilation_4px,4,True,42813,22,1458,32203,9130,2.7481,4,0.008,79.1986,True
CHNCXR_0264_0,Shenzhen,0,3,dilation_8px,8,True,45558,22,1495,35289,8752,2.5825,0,0.0,inf,True
CHNCXR_0265_0,Shenzhen,0,3,dilation_0px,0,True,30439,22,1252,20754,8411,3.2322,573,1.4722,53.7024,True
CHNCXR_0265_0,Shenzhen,0,3,dilation_4px,4,True,32666,22,1268,23355,8021,3.0119,160,0.4111,63.7307,True
CHNCXR_0265_0,Shenzhen,0,3,dilation_8px,8,True,35116,22,1352,25924,7818,2.8017,22,0.0565,70.3778,True
CHNCXR_0266_0,Shenzhen,0,4,dilation_0px,0,True,34670,22,1257,24577,8814,3.2346,239,0.5475,54.8538,True
CHNCXR_0266_0,Shenzhen,0,4,dilation_4px,4,True,37267,22,1312,27460,8473,3.0092,7,0.016,77.2067,True
CHNCXR_0266_0,Shenzhen,0,4,dilation_8px,8,True,39697,22,1355,30190,8130,2.825,0,0.0,inf,True
CHNCXR_0267_0,Shenzhen,0,3,dilation_0px,0,True,29065,22,1116,18744,9183,3.5428,1222,3.277,50.2565,True
CHNCXR_0267_0,Shenzhen,0,3,dilation_4px,4,True,31271,22,1191,21147,8911,3.2929,177,0.4747,60.0773,True
CHNCXR_0267_0,Shenzhen,0,3,dilation_8px,8,True,33427,22,1241,23493,8671,3.0805,12,0.0322,67.4023,True
CHNCXR_0268_0,Shenzhen,0,4,dilation_0px,0,True,35847,22,1380,26343,8102,2.8731,1148,2.4242,50.4415,True
CHNCXR_0268_0,Shenzhen,0,4,dilation_4px,4,True,38525,22,1413,29391,7699,2.6734,4,0.0084,74.9282,True
CHNCXR_0268_0,Shenzhen,0,4,dilation_8px,8,True,41122,22,1482,32234,7384,2.5045,0,0.0,inf,True
CHNCXR_0269_0,Shenzhen,0,3,dilation_0px,0,True,34119,22,1309,24633,8155,2.9373,512,1.0719,55.1917,True
CHNCXR_0269_0,Shenzhen,0,3,dilation_4px,4,True,36480,22,1351,27204,7903,2.7472,6,0.0126,77.2136,True
CHNCXR_0269_0,Shenzhen,0,3,dilation_8px,8,True,38845,22,1389,29692,7742,2.5799,0,0.0,inf,True
CHNCXR_0270_0,Shenzhen,0,2,dilation_0px,0,True,36936,22,1324,26399,9191,3.0638,1119,2.3525,49.3706,True
CHNCXR_0270_0,Shenzhen,0,2,dilation_4px,4,True,39580,22,1358,29367,8833,2.8592,21,0.0441,67.8538,True
CHNCXR_0270_0,Shenzhen,0,2,dilation_8px,8,True,42151,22,1436,32125,8568,2.6848,0,0.0,inf,True
CHNCXR_0271_0,Shenzhen,0,0,dilation_0px,0,True,47005,22,1726,36037,9220,2.491,1610,2.4297,50.7464,True
CHNCXR_0271_0,Shenzhen,0,0,dilation_4px,4,True,50208,22,1790,39736,8660,2.3321,410,0.6187,58.97,True
CHNCXR_0271_0,Shenzhen,0,0,dilation_8px,8,True,53377,22,1841,43117,8397,2.1936,45,0.0679,69.5583,True
CHNCXR_0272_0,Shenzhen,0,3,dilation_0px,0,True,57227,22,2055,45806,9344,2.0486,2045,2.2455,52.4103,True
CHNCXR_0272_0,Shenzhen,0,3,dilation_4px,4,True,60764,22,2097,49699,8946,1.9294,401,0.4403,60.9477,True
CHNCXR_0272_0,Shenzhen,0,3,dilation_8px,8,True,64256,22,2133,53409,8692,1.8245,101,0.1109,66.0693,True
CHNCXR_0273_0,Shenzhen,0,2,dilation_0px,0,True,41379,22,1644,31813,7900,2.348,769,1.2244,53.3024,True
CHNCXR_0273_0,Shenzhen,0,2,dilation_4px,4,True,44312,22,1722,34977,7591,2.1926,2,0.0032,86.5683,True
CHNCXR_0273_0,Shenzhen,0,2,dilation_8px,8,True,47345,22,1781,38079,7463,2.0521,0,0.0,inf,True
CHNCXR_0274_0,Shenzhen,0,3,dilation_0px,0,True,47620,22,1893,37406,8299,2.2181,1630,2.1708,51.8643,True
CHNCXR_0274_0,Shenzhen,0,3,dilation_4px,4,True,50898,22,1934,41097,7845,2.0752,145,0.1931,64.8508,True
CHNCXR_0274_0,Shenzhen,0,3,dilation_8px,8,True,54173,22,1978,44551,7622,1.9498,2,0.0027,89.8969,True
CHNCXR_0275_0,Shenzhen,0,1,dilation_0px,0,True,33982,22,1246,24067,8647,3.3,1118,2.6443,49.7525,True
CHNCXR_0275_0,Shenzhen,0,1,dilation_4px,4,True,36555,22,1293,26890,8350,3.0677,41,0.097,62.6109,True
CHNCXR_0275_0,Shenzhen,0,1,dilation_8px,8,True,38974,22,1351,29543,8058,2.8773,0,0.0,inf,True
CHNCXR_0276_0,Shenzhen,0,0,dilation_0px,0,True,39333,22,1464,29185,8662,3.0975,1066,2.0688,51.1419,True
CHNCXR_0276_0,Shenzhen,0,0,dilation_4px,4,True,42255,22,1510,32518,8205,2.8833,60,0.1164,66.6002,True
CHNCXR_0276_0,Shenzhen,0,0,dilation_8px,8,True,45251,22,1603,35650,7976,2.6924,3,0.0058,71.5221,True
CHNCXR_0277_0,Shenzhen,0,0,dilation_0px,0,True,34595,22,1516,25765,7292,2.7357,1021,2.0167,52.305,True
CHNCXR_0277_0,Shenzhen,0,0,dilation_4px,4,True,37255,22,1542,28711,6980,2.5404,9,0.0178,70.2892,True
CHNCXR_0277_0,Shenzhen,0,0,dilation_8px,8,True,39910,22,1600,31518,6770,2.3714,0,0.0,inf,True
CHNCXR_0278_0,Shenzhen,0,0,dilation_0px,0,True,56013,22,1920,46031,8040,2.0363,402,0.4933,55.6036,True
CHNCXR_0278_0,Shenzhen,0,0,dilation_4px,4,True,59477,22,1968,50093,7394,1.9177,1,0.0012,80.3398,True
CHNCXR_0278_0,Shenzhen,0,0,dilation_8px,8,True,62973,22,2012,53834,7105,1.8113,0,0.0,inf,True
CHNCXR_0279_0,Shenzhen,0,1,dilation_0px,0,True,50565,22,2008,39855,8680,2.1125,1409,1.7807,52.9993,True
CHNCXR_0279_0,Shenzhen,0,1,dilation_4px,4,True,53841,22,2056,43522,8241,1.984,10,0.0126,77.6201,True
CHNCXR_0279_0,Shenzhen,0,1,dilation_8px,8,True,57155,22,2093,47027,8013,1.8689,0,0.0,inf,True
CHNCXR_0280_0,Shenzhen,0,3,dilation_0px,0,True,29510,22,1214,21079,7195,3.3868,780,1.9032,53.2707,True
CHNCXR_0280_0,Shenzhen,0,3,dilation_4px,4,True,31828,22,1243,23588,6975,3.1401,32,0.0781,65.2151,True
CHNCXR_0280_0,Shenzhen,0,3,dilation_8px,8,True,34163,22,1318,25997,6826,2.9255,2,0.0049,87.2671,True
CHNCXR_0281_0,Shenzhen,0,0,dilation_0px,0,True,39582,22,1616,30333,7611,2.7275,9627,14.1985,47.96,True
CHNCXR_0281_0,Shenzhen,0,0,dilation_4px,4,True,42505,22,1710,33492,7281,2.5399,7721,11.3874,50.0211,True
CHNCXR_0281_0,Shenzhen,0,0,dilation_8px,8,True,45453,22,1762,36575,7094,2.3752,6879,10.1456,50.6979,True
CHNCXR_0282_0,Shenzhen,0,4,dilation_0px,0,True,42258,22,1756,32841,7639,2.5558,3441,5.0723,50.4118,True
CHNCXR_0282_0,Shenzhen,0,4,dilation_4px,4,True,45252,22,1792,36127,7311,2.3867,1328,1.9576,55.888,True
CHNCXR_0282_0,Shenzhen,0,4,dilation_8px,8,True,48172,22,1833,39247,7070,2.242,889,1.3105,57.9092,True
CHNCXR_0283_0,Shenzhen,0,1,dilation_0px,0,True,39598,22,1603,30178,7795,2.7677,2351,3.8289,50.0991,True
CHNCXR_0283_0,Shenzhen,0,1,dilation_4px,4,True,42429,22,1656,33310,7441,2.583,199,0.3241,63.0218,True
CHNCXR_0283_0,Shenzhen,0,1,dilation_8px,8,True,45208,22,1693,36294,7199,2.4242,8,0.013,75.2207,True
CHNCXR_0284_0,Shenzhen,0,0,dilation_0px,0,True,30946,22,1315,22260,7349,3.2693,1469,3.3935,50.2654,True
CHNCXR_0284_0,Shenzhen,0,0,dilation_4px,4,True,33465,22,1360,25024,7059,3.0232,184,0.4251,59.7553,True
CHNCXR_0284_0,Shenzhen,0,0,dilation_8px,8,True,35894,22,1387,27604,6881,2.8186,4,0.0092,78.6967,True
CHNCXR_0285_0,Shenzhen,0,4,dilation_0px,0,True,39780,22,1647,30972,7139,2.7229,7741,11.1043,48.2491,True
CHNCXR_0285_0,Shenzhen,0,4,dilation_4px,4,True,42535,22,1690,34031,6792,2.5466,4842,6.9457,51.8102,True
CHNCXR_0285_0,Shenzhen,0,4,dilation_8px,8,True,45361,22,1737,36938,6664,2.3879,4041,5.7967,53.2468,True
CHNCXR_0286_0,Shenzhen,0,3,dilation_0px,0,True,45307,22,1777,35035,8473,2.478,8000,10.3158,47.6923,True
CHNCXR_0286_0,Shenzhen,0,3,dilation_4px,4,True,48367,22,1829,38468,8048,2.3212,5687,7.3332,51.3575,True
CHNCXR_0286_0,Shenzhen,0,3,dilation_8px,8,True,51599,22,1877,41780,7920,2.1758,4920,6.3442,52.4145,True
CHNCXR_0287_0,Shenzhen,0,0,dilation_0px,0,True,40956,22,1588,30746,8600,2.4931,1689,2.6793,51.327,True
CHNCXR_0287_0,Shenzhen,0,0,dilation_4px,4,True,43793,22,1628,33866,8277,2.3316,102,0.1618,66.3452,True
CHNCXR_0287_0,Shenzhen,0,0,dilation_8px,8,True,46573,22,1691,36904,7956,2.1924,7,0.0111,71.0619,True
CHNCXR_0288_0,Shenzhen,0,1,dilation_0px,0,True,36681,22,1529,28342,6788,2.3639,1509,2.6313,52.0122,True
CHNCXR_0288_0,Shenzhen,0,1,dilation_4px,4,True,39433,22,1597,31319,6495,2.1989,1,0.0017,95.7161,True
CHNCXR_0288_0,Shenzhen,0,1,dilation_8px,8,True,42098,22,1655,34177,6244,2.0597,0,0.0,inf,True
CHNCXR_0289_0,Shenzhen,0,4,dilation_0px,0,True,33293,22,1400,24391,7480,3.0826,8349,14.8633,48.2405,True
CHNCXR_0289_0,Shenzhen,0,4,dilation_4px,4,True,35744,22,1421,27081,7220,2.8712,6522,11.6108,50.3399,True
CHNCXR_0289_0,Shenzhen,0,4,dilation_8px,8,True,38243,22,1495,29752,6974,2.6836,5802,10.329,51.1147,True
CHNCXR_0290_0,Shenzhen,0,2,dilation_0px,0,True,38546,22,1551,28060,8913,2.8954,8758,14.1044,46.8295,True
CHNCXR_0290_0,Shenzhen,0,2,dilation_4px,4,True,41351,22,1602,31147,8580,2.699,6564,10.5711,49.1656,True
CHNCXR_0290_0,Shenzhen,0,2,dilation_8px,8,True,44105,22,1636,34073,8374,2.5304,5747,9.2553,49.9366,True
CHNCXR_0291_0,Shenzhen,0,4,dilation_0px,0,True,60426,22,1980,49953,8471,2.0575,2978,3.1862,52.0518,True
CHNCXR_0291_0,Shenzhen,0,4,dilation_4px,4,True,64139,22,2025,54012,8080,1.9384,664,0.7104,60.7838,True
CHNCXR_0291_0,Shenzhen,0,4,dilation_8px,8,True,67800,22,2061,58042,7675,1.8337,257,0.275,66.1967,True
CHNCXR_0292_0,Shenzhen,0,2,dilation_0px,0,True,35002,22,1291,25389,8300,2.9618,7434,12.9454,48.5478,True
CHNCXR_0292_0,Shenzhen,0,2,dilation_4px,4,True,37443,22,1344,28023,8054,2.7687,5162,8.989,51.3445,True
CHNCXR_0292_0,Shenzhen,0,2,dilation_8px,8,True,39911,22,1423,30644,7822,2.5975,4479,7.7996,52.3943,True
CHNCXR_0293_0,Shenzhen,0,4,dilation_0px,0,True,40618,22,1763,31299,7534,2.6874,13655,18.3249,46.3435,True
CHNCXR_0293_0,Shenzhen,0,4,dilation_4px,4,True,43680,22,1829,34671,7158,2.499,10577,14.1943,48.8671,True
CHNCXR_0293_0,Shenzhen,0,4,dilation_8px,8,True,46791,22,1881,37927,6961,2.3329,9632,12.9261,49.3059,True
CHNCXR_0294_0,Shenzhen,0,3,dilation_0px,0,True,37382,22,1589,28211,7560,2.8193,17187,22.8581,46.6663,True
CHNCXR_0294_0,Shenzhen,0,3,dilation_4px,4,True,40138,22,1621,31208,7287,2.6257,14657,19.4933,48.344,True
CHNCXR_0294_0,Shenzhen,0,3,dilation_8px,8,True,42864,22,1699,34077,7066,2.4587,13502,17.9572,48.9016,True
CHNCXR_0295_0,Shenzhen,0,0,dilation_0px,0,True,44132,22,1706,33603,8801,2.3457,13752,16.9312,48.3654,True
CHNCXR_0295_0,Shenzhen,0,0,dilation_4px,4,True,47096,22,1751,36832,8491,2.1981,11460,14.1093,50.2155,True
CHNCXR_0295_0,Shenzhen,0,0,dilation_8px,8,True,50070,22,1792,39941,8315,2.0675,10430,12.8412,50.8245,True
CHNCXR_0296_0,Shenzhen,0,0,dilation_0px,0,True,56493,22,1893,45894,8684,2.1755,2968,3.6049,48.7408,True
CHNCXR_0296_0,Shenzhen,0,0,dilation_4px,4,True,60038,22,1945,49968,8103,2.047,266,0.3231,62.018,True
CHNCXR_0296_0,Shenzhen,0,0,dilation_8px,8,True,63534,22,1986,53854,7672,1.9344,68,0.0826,69.2794,True
CHNCXR_0297_0,Shenzhen,0,2,dilation_0px,0,True,32248,22,1414,21883,8929,3.3455,15834,27.841,44.9648,True
CHNCXR_0297_0,Shenzhen,0,2,dilation_4px,4,True,34966,22,1448,24863,8633,3.0855,13797,24.2593,46.3432,True
CHNCXR_0297_0,Shenzhen,0,2,dilation_8px,8,True,37608,22,1482,27735,8369,2.8687,12626,22.2003,46.87,True
CHNCXR_0298_0,Shenzhen,0,2,dilation_0px,0,True,42089,22,1728,32858,7481,2.5712,11655,15.5036,47.3314,True
CHNCXR_0298_0,Shenzhen,0,2,dilation_4px,4,True,44990,22,1763,36103,7102,2.4054,9363,12.4548,49.5287,True
CHNCXR_0298_0,Shenzhen,0,2,dilation_8px,8,True,47906,22,1802,39197,6885,2.259,8576,11.4079,50.03,True
CHNCXR_0299_0,Shenzhen,0,4,dilation_0px,0,True,24862,22,1210,15631,7999,3.7619,1926,5.8419,48.9984,True
CHNCXR_0299_0,Shenzhen,0,4,dilation_4px,4,True,27108,22,1235,18130,7721,3.4502,626,1.8988,56.0065,True
CHNCXR_0299_0,Shenzhen,0,4,dilation_8px,8,True,29369,22,1267,20608,7472,3.1846,324,0.9827,58.8263,True
CHNCXR_0300_0,Shenzhen,0,2,dilation_0px,0,True,39335,22,1547,30404,7362,2.7508,1315,2.1412,52.3988,True
CHNCXR_0300_0,Shenzhen,0,2,dilation_4px,4,True,42224,22,1612,33489,7101,2.5625,242,0.3941,62.381,True
CHNCXR_0300_0,Shenzhen,0,2,dilation_8px,8,True,45141,22,1685,36483,6951,2.397,39,0.0635,71.9822,True
CHNCXR_0301_0,Shenzhen,0,2,dilation_0px,0,True,35686,22,1527,26295,7842,2.9913,1647,3.1161,50.7718,True
CHNCXR_0301_0,Shenzhen,0,2,dilation_4px,4,True,38358,22,1593,29241,7502,2.7829,204,0.386,61.9911,True
CHNCXR_0301_0,Shenzhen,0,2,dilation_8px,8,True,41069,22,1653,32097,7297,2.5992,0,0.0,inf,True
CHNCXR_0302_0,Shenzhen,0,0,dilation_0px,0,True,37329,22,1506,27321,8480,2.6567,894,1.6727,52.8217,True
CHNCXR_0302_0,Shenzhen,0,0,dilation_4px,4,True,40187,22,1574,30393,8198,2.4678,0,0.0,inf,True
CHNCXR_0302_0,Shenzhen,0,0,dilation_8px,8,True,42966,22,1626,33393,7925,2.3082,0,0.0,inf,True
CHNCXR_0303_0,Shenzhen,0,0,dilation_0px,0,True,23420,22,1113,12861,9424,4.7339,978,3.8049,51.4524,True
CHNCXR_0303_0,Shenzhen,0,0,dilation_4px,4,True,25558,22,1153,15111,9272,4.3379,235,0.9143,59.3528,True
CHNCXR_0303_0,Shenzhen,0,0,dilation_8px,8,True,27600,22,1187,17295,9096,4.017,70,0.2723,65.3377,True
CHNCXR_0304_0,Shenzhen,0,3,dilation_0px,0,True,35936,22,1501,26687,7726,2.9805,1361,2.5189,50.8497,True
CHNCXR_0304_0,Shenzhen,0,3,dilation_4px,4,True,38651,22,1565,29658,7406,2.7711,90,0.1666,65.4486,True
CHNCXR_0304_0,Shenzhen,0,3,dilation_8px,8,True,41373,22,1631,32541,7179,2.5888,0,0.0,inf,True
CHNCXR_0305_0,Shenzhen,0,3,dilation_0px,0,True,38768,22,1522,27638,9586,2.6735,2708,4.866,48.89,True
CHNCXR_0305_0,Shenzhen,0,3,dilation_4px,4,True,41545,22,1572,30799,9152,2.4948,531,0.9541,58.2673,True
CHNCXR_0305_0,Shenzhen,0,3,dilation_8px,8,True,44466,22,1663,33811,8970,2.3309,81,0.1455,66.7775,True
CHNCXR_0306_0,Shenzhen,0,0,dilation_0px,0,True,28402,22,1205,20263,6912,3.5236,1207,2.9845,51.7263,True
CHNCXR_0306_0,Shenzhen,0,0,dilation_4px,4,True,30617,22,1234,22692,6669,3.2687,99,0.2448,66.0037,True
CHNCXR_0306_0,Shenzhen,0,0,dilation_8px,8,True,32870,22,1273,25029,6546,3.0447,21,0.0519,71.5984,True
CHNCXR_0307_0,Shenzhen,0,2,dilation_0px,0,True,32354,22,1334,23026,7972,3.2761,761,1.6434,52.9906,True
CHNCXR_0307_0,Shenzhen,0,2,dilation_4px,4,True,34807,22,1403,25697,7685,3.0452,8,0.0173,75.1024,True
CHNCXR_0307_0,Shenzhen,0,2,dilation_8px,8,True,37221,22,1454,28282,7463,2.8477,0,0.0,inf,True
CHNCXR_0308_0,Shenzhen,0,4,dilation_0px,0,True,38146,22,1478,28421,8225,2.8045,1722,2.998,51.2156,True
CHNCXR_0308_0,Shenzhen,0,4,dilation_4px,4,True,40731,22,1543,31310,7856,2.6265,112,0.195,63.1533,True
CHNCXR_0308_0,Shenzhen,0,4,dilation_8px,8,True,43352,22,1597,34044,7689,2.4678,2,0.0035,76.4287,True
CHNCXR_0309_0,Shenzhen,0,2,dilation_0px,0,True,44111,22,1733,34300,8056,2.5191,2938,4.0803,49.5354,True
CHNCXR_0309_0,Shenzhen,0,2,dilation_4px,4,True,47270,22,1848,37728,7672,2.3508,300,0.4166,60.0523,True
CHNCXR_0309_0,Shenzhen,0,2,dilation_8px,8,True,50401,22,1899,41111,7369,2.2048,0,0.0,inf,True
CHNCXR_0310_0,Shenzhen,0,4,dilation_0px,0,True,46012,22,1685,35596,8709,2.6941,1593,2.4233,51.8505,True
CHNCXR_0310_0,Shenzhen,0,4,dilation_4px,4,True,49229,22,1724,39149,8334,2.518,243,0.3697,62.8512,True
CHNCXR_0310_0,Shenzhen,0,4,dilation_8px,8,True,52338,22,1769,42553,7994,2.3684,53,0.0806,69.0743,True
CHNCXR_0311_0,Shenzhen,0,3,dilation_0px,0,True,47552,22,1927,37807,7796,2.3644,2644,3.4614,51.0842,True
CHNCXR_0311_0,Shenzhen,0,3,dilation_4px,4,True,50740,22,1985,41405,7328,2.2158,516,0.6755,60.163,True
CHNCXR_0311_0,Shenzhen,0,3,dilation_8px,8,True,54058,22,2034,44870,7132,2.0798,155,0.2029,64.7,True
CHNCXR_0312_0,Shenzhen,0,4,dilation_0px,0,True,33472,22,1288,24703,7459,3.1049,894,1.8506,52.7885,True
CHNCXR_0312_0,Shenzhen,0,4,dilation_4px,4,True,35932,22,1351,27355,7204,2.8924,10,0.0207,69.9741,True
CHNCXR_0312_0,Shenzhen,0,4,dilation_8px,8,True,38397,22,1394,29950,7031,2.7067,0,0.0,inf,True
CHNCXR_0313_0,Shenzhen,0,2,dilation_0px,0,True,32210,22,1432,22023,8733,3.235,1486,3.3167,50.5775,True
CHNCXR_0313_0,Shenzhen,0,2,dilation_4px,4,True,34823,22,1464,24953,8384,2.9922,462,1.0312,58.9783,True
CHNCXR_0313_0,Shenzhen,0,2,dilation_8px,8,True,37392,22,1487,27792,8091,2.7867,236,0.5268,63.6957,True
CHNCXR_0314_0,Shenzhen,0,1,dilation_0px,0,True,38306,22,1636,28924,7724,2.5967,2517,4.3121,50.0672,True
CHNCXR_0314_0,Shenzhen,0,1,dilation_4px,4,True,41128,22,1683,31947,7476,2.4186,430,0.7367,58.5271,True
CHNCXR_0314_0,Shenzhen,0,1,dilation_8px,8,True,43874,22,1726,34878,7248,2.2672,39,0.0668,69.8488,True
CHNCXR_0315_0,Shenzhen,0,2,dilation_0px,0,True,43818,22,1723,34173,7900,2.5164,1842,2.6352,50.8082,True
CHNCXR_0315_0,Shenzhen,0,2,dilation_4px,4,True,46712,22,1765,37415,7510,2.3605,23,0.0329,70.4372,True
CHNCXR_0315_0,Shenzhen,0,2,dilation_8px,8,True,49682,22,1806,40551,7303,2.2194,0,0.0,inf,True
CHNCXR_0316_0,Shenzhen,0,1,dilation_0px,0,True,42211,22,1714,31630,8845,2.3454,1014,1.6373,53.6307,True
CHNCXR_0316_0,Shenzhen,0,1,dilation_4px,4,True,45142,22,1783,34822,8515,2.1931,41,0.0662,67.5557,True
CHNCXR_0316_0,Shenzhen,0,1,dilation_8px,8,True,48067,22,1835,37933,8277,2.0597,0,0.0,inf,True
CHNCXR_0317_0,Shenzhen,0,1,dilation_0px,0,True,40803,22,1703,31894,7184,2.6517,1511,2.3996,51.6801,True
CHNCXR_0317_0,Shenzhen,0,1,dilation_4px,4,True,43389,22,1749,35124,6494,2.4937,81,0.1286,64.636,True
CHNCXR_0317_0,Shenzhen,0,1,dilation_8px,8,True,46344,22,1794,38222,6306,2.3346,4,0.0064,81.3508,True
CHNCXR_0318_0,Shenzhen,0,3,dilation_0px,0,True,44017,22,1659,34452,7884,2.539,2820,3.9615,50.3178,True
CHNCXR_0318_0,Shenzhen,0,3,dilation_4px,4,True,47055,22,1730,37824,7479,2.375,859,1.2067,58.0066,True
CHNCXR_0318_0,Shenzhen,0,3,dilation_8px,8,True,50022,22,1770,41003,7227,2.2342,440,0.6181,61.1013,True
CHNCXR_0319_0,Shenzhen,0,1,dilation_0px,0,True,34986,22,1556,25567,7841,3.0968,1469,2.8494,51.7375,True
CHNCXR_0319_0,Shenzhen,0,1,dilation_4px,4,True,37710,22,1583,28567,7538,2.8731,228,0.4422,61.3477,True
CHNCXR_0319_0,Shenzhen,0,1,dilation_8px,8,True,40466,22,1679,31404,7361,2.6774,10,0.0194,73.1051,True
CHNCXR_0320_0,Shenzhen,0,4,dilation_0px,0,True,39980,22,1753,30762,7443,2.6714,825,1.3928,53.9448,True
CHNCXR_0320_0,Shenzhen,0,4,dilation_4px,4,True,42965,22,1797,34044,7102,2.4858,0,0.0,inf,True
CHNCXR_0320_0,Shenzhen,0,4,dilation_8px,8,True,45880,22,1841,37149,6868,2.3278,0,0.0,inf,True
CHNCXR_0321_0,Shenzhen,0,0,dilation_0px,0,True,39373,22,1558,30474,7319,2.7052,2634,4.2611,51.1966,True
CHNCXR_0321_0,Shenzhen,0,0,dilation_4px,4,True,42096,22,1617,33473,6984,2.5302,1124,1.8183,57.9718,True
CHNCXR_0321_0,Shenzhen,0,0,dilation_8px,8,True,44824,22,1660,36367,6775,2.3762,765,1.2376,59.7732,True
CHNCXR_0322_0,Shenzhen,0,2,dilation_0px,0,True,47548,22,1916,37970,7640,2.3452,789,1.0424,53.3499,True
CHNCXR_0322_0,Shenzhen,0,2,dilation_4px,4,True,50727,22,1971,41543,7191,2.1983,9,0.0119,80.109,True
CHNCXR_0322_0,Shenzhen,0,2,dilation_8px,8,True,53924,22,2017,44926,6959,2.0679,2,0.0026,84.6169,True
CHNCXR_0323_0,Shenzhen,0,1,dilation_0px,0,True,35127,22,1346,26325,7434,2.9939,949,1.8399,52.7833,True
CHNCXR_0323_0,Shenzhen,0,1,dilation_4px,4,True,37730,22,1448,29109,7151,2.7873,14,0.0271,79.2348,True
CHNCXR_0323_0,Shenzhen,0,1,dilation_8px,8,True,40295,22,1492,31793,6988,2.6099,0,0.0,inf,True
CHNCXR_0324_0,Shenzhen,0,1,dilation_0px,0,True,39417,22,1468,30243,7684,2.7925,1625,2.6938,52.0891,True
CHNCXR_0324_0,Shenzhen,0,1,dilation_4px,4,True,42143,22,1530,33206,7385,2.6119,197,0.3266,63.0801,True
CHNCXR_0324_0,Shenzhen,0,1,dilation_8px,8,True,44888,22,1582,36079,7205,2.4522,0,0.0,inf,True
CHNCXR_0325_0,Shenzhen,0,4,dilation_0px,0,True,37286,22,1364,28142,7758,2.8961,1338,2.4187,53.065,True
CHNCXR_0325_0,Shenzhen,0,4,dilation_4px,4,True,39894,22,1462,30945,7465,2.7068,293,0.5297,60.442,True
CHNCXR_0325_0,Shenzhen,0,4,dilation_8px,8,True,42470,22,1521,33651,7276,2.5426,50,0.0904,70.2961,True
CHNCXR_0326_0,Shenzhen,0,1,dilation_0px,0,True,36254,22,1376,27328,7528,2.9361,4175,7.2169,49.002,True
CHNCXR_0326_0,Shenzhen,0,1,dilation_4px,4,True,38891,22,1444,30151,7274,2.737,1899,3.2826,53.6075,True
CHNCXR_0326_0,Shenzhen,0,1,dilation_8px,8,True,41479,22,1512,32875,7070,2.5662,992,1.7148,56.5131,True
CHNCXR_0327_1,Shenzhen,1,0,dilation_0px,0,True,62286,22,2019,51168,9077,2.0681,14570,13.7967,46.2638,True
CHNCXR_0327_1,Shenzhen,1,0,dilation_4px,4,True,65979,22,2060,55489,8408,1.9523,11817,11.1898,48.7161,True
CHNCXR_0327_1,Shenzhen,1,0,dilation_8px,8,True,69690,22,2097,59499,8072,1.8483,10694,10.1264,49.4381,True
CHNCXR_0328_1,Shenzhen,1,4,dilation_0px,0,True,40290,22,1515,29459,9294,2.6973,1208,2.1469,52.1272,True
CHNCXR_0328_1,Shenzhen,1,4,dilation_4px,4,True,43301,22,1587,32663,9029,2.5098,12,0.0213,75.3803,True
CHNCXR_0328_1,Shenzhen,1,4,dilation_8px,8,True,46218,22,1648,35753,8795,2.3514,0,0.0,inf,True
CHNCXR_0329_1,Shenzhen,1,0,dilation_0px,0,True,55450,22,1956,44097,9375,2.2115,1548,1.9008,50.4151,True
CHNCXR_0329_1,Shenzhen,1,0,dilation_4px,4,True,59006,22,2003,48177,8804,2.0782,16,0.0196,73.3653,True
CHNCXR_0329_1,Shenzhen,1,0,dilation_8px,8,True,62465,22,2043,52060,8340,1.9631,0,0.0,inf,True
CHNCXR_0330_1,Shenzhen,1,4,dilation_0px,0,True,63304,22,2127,52698,8457,1.9377,1587,1.6917,51.6846,True
CHNCXR_0330_1,Shenzhen,1,4,dilation_4px,4,True,66999,22,2173,56984,7820,1.8309,54,0.0576,70.7017,True
CHNCXR_0330_1,Shenzhen,1,4,dilation_8px,8,True,70733,22,2215,60972,7524,1.7342,0,0.0,inf,True
CHNCXR_0331_1,Shenzhen,1,1,dilation_0px,0,True,66141,22,2149,55133,8837,1.9237,2338,2.3003,50.7108,True
CHNCXR_0331_1,Shenzhen,1,1,dilation_4px,4,True,70140,22,2193,59682,8243,1.814,310,0.305,60.9612,True
CHNCXR_0331_1,Shenzhen,1,1,dilation_8px,8,True,74042,22,2231,63998,7791,1.7184,3,0.003,84.9793,True
CHNCXR_0332_1,Shenzhen,1,1,dilation_0px,0,True,58153,22,1990,47341,8800,2.1495,4837,5.4861,47.8552,True
CHNCXR_0332_1,Shenzhen,1,1,dilation_4px,4,True,61754,22,2029,51547,8156,2.0242,1915,2.172,53.2798,True
CHNCXR_0332_1,Shenzhen,1,1,dilation_8px,8,True,65476,22,2067,55538,7849,1.9091,704,0.7985,57.7486,True
CHNCXR_0333_1,Shenzhen,1,3,dilation_0px,0,True,65268,22,2273,54316,8657,1.9911,2949,2.9555,50.0618,True
CHNCXR_0333_1,Shenzhen,1,3,dilation_4px,4,True,69244,22,2321,58924,7977,1.8767,260,0.2606,61.8681,True
CHNCXR_0333_1,Shenzhen,1,3,dilation_8px,8,True,73265,22,2365,63219,7659,1.7737,7,0.007,76.9155,True
CHNCXR_0334_1,Shenzhen,1,2,dilation_0px,0,True,47378,22,1893,37835,7628,2.3402,2134,2.7641,51.6826,True
CHNCXR_0334_1,Shenzhen,1,2,dilation_4px,4,True,50669,22,2000,41397,7250,2.1882,239,0.3096,63.7582,True
CHNCXR_0334_1,Shenzhen,1,2,dilation_8px,8,True,53919,22,2046,44821,7030,2.0563,0,0.0,inf,True
CHNCXR_0335_1,Shenzhen,1,2,dilation_0px,0,True,47394,22,1750,37063,8559,2.4989,1904,2.8137,50.0254,True
CHNCXR_0335_1,Shenzhen,1,2,dilation_4px,4,True,50612,22,1802,40736,8052,2.34,439,0.6487,57.7701,True
CHNCXR_0335_1,Shenzhen,1,2,dilation_8px,8,True,53783,22,1843,44197,7721,2.202,167,0.2468,60.8838,True
CHNCXR_0336_1,Shenzhen,1,3,dilation_0px,0,False,53936,22,2024,43465,8425,2.1294,,,,True
CHNCXR_0336_1,Shenzhen,1,3,dilation_4px,4,False,57388,22,2077,47574,7715,2.0014,,,,True
CHNCXR_0336_1,Shenzhen,1,3,dilation_8px,8,False,60952,22,2114,51417,7399,1.8843,,,,True
CHNCXR_0337_1,Shenzhen,1,4,dilation_0px,0,True,58226,22,1953,47654,8597,2.1078,15356,15.1724,45.9494,True
CHNCXR_0337_1,Shenzhen,1,4,dilation_4px,4,True,61725,22,1994,51672,8037,1.9883,10868,10.7381,49.402,True
CHNCXR_0337_1,Shenzhen,1,4,dilation_8px,8,True,65217,22,2029,55507,7659,1.8819,9577,9.4625,50.3064,True
CHNCXR_0338_1,Shenzhen,1,3,dilation_0px,0,True,41319,22,1682,31782,7833,2.5185,13825,20.1375,44.5153,True
CHNCXR_0338_1,Shenzhen,1,3,dilation_4px,4,True,44538,22,1743,35416,7357,2.3364,10913,15.8959,46.6971,True
CHNCXR_0338_1,Shenzhen,1,3,dilation_8px,8,True,47735,22,1790,38860,7063,2.18,9339,13.6032,47.855,True
CHNCXR_0339_1,Shenzhen,1,3,dilation_0px,0,True,54199,22,1970,42873,9334,2.2773,32235,29.3173,43.4567,True
CHNCXR_0339_1,Shenzhen,1,3,dilation_4px,4,True,57723,22,2028,46959,8714,2.1382,26748,24.327,45.057,True
CHNCXR_0339_1,Shenzhen,1,3,dilation_8px,8,True,61217,22,2068,50800,8327,2.0162,23866,21.7058,45.765,True
CHNCXR_0340_1,Shenzhen,1,3,dilation_0px,0,True,48621,22,1759,37886,8954,2.6027,19576,22.5871,44.2653,True
CHNCXR_0340_1,Shenzhen,1,3,dilation_4px,4,True,52010,22,1807,41711,8470,2.4331,15021,17.3315,46.3501,True
CHNCXR_0340_1,Shenzhen,1,3,dilation_8px,8,True,55263,22,1850,45275,8116,2.2899,12951,14.9431,47.2771,True
CHNCXR_0341_1,Shenzhen,1,1,dilation_0px,0,False,34389,22,1497,24736,8134,3.1129,,,,True
CHNCXR_0341_1,Shenzhen,1,1,dilation_4px,4,False,37020,22,1535,27655,7808,2.8917,,,,True
CHNCXR_0341_1,Shenzhen,1,1,dilation_8px,8,False,39717,22,1614,30504,7577,2.6953,,,,True
CHNCXR_0342_1,Shenzhen,1,4,dilation_0px,0,False,58522,22,2079,47387,9034,2.1085,,,,True
CHNCXR_0342_1,Shenzhen,1,4,dilation_4px,4,False,62246,22,2133,51726,8365,1.9823,,,,True
CHNCXR_0342_1,Shenzhen,1,4,dilation_8px,8,False,66065,22,2171,55849,8023,1.8678,,,,True
CHNCXR_0343_1,Shenzhen,1,3,dilation_0px,0,False,49523,22,1798,39039,8664,2.3923,,,,True
CHNCXR_0343_1,Shenzhen,1,3,dilation_4px,4,False,52730,22,1847,42787,8074,2.2468,,,,True
CHNCXR_0343_1,Shenzhen,1,3,dilation_8px,8,False,55955,22,1881,46293,7759,2.1173,,,,True
CHNCXR_0344_1,Shenzhen,1,0,dilation_0px,0,False,55368,22,1941,45030,8375,2.2623,,,,True
CHNCXR_0344_1,Shenzhen,1,0,dilation_4px,4,False,58791,22,1987,48860,7922,2.1306,,,,True
CHNCXR_0344_1,Shenzhen,1,0,dilation_8px,8,False,62239,22,2024,52586,7607,2.0126,,,,True
CHNCXR_0345_1,Shenzhen,1,3,dilation_0px,0,False,58801,22,2119,47818,8842,2.0959,,,,True
CHNCXR_0345_1,Shenzhen,1,3,dilation_4px,4,False,62510,22,2169,52179,8140,1.9715,,,,True
CHNCXR_0345_1,Shenzhen,1,3,dilation_8px,8,False,66224,22,2215,56294,7693,1.861,,,,True
CHNCXR_0346_1,Shenzhen,1,3,dilation_0px,0,False,55744,22,1847,45004,8871,2.0833,,,,True
CHNCXR_0346_1,Shenzhen,1,3,dilation_4px,4,False,59394,22,1893,49072,8407,1.9552,,,,True
CHNCXR_0346_1,Shenzhen,1,3,dilation_8px,8,False,62880,22,1933,52957,7968,1.8468,,,,True
CHNCXR_0347_1,Shenzhen,1,2,dilation_0px,0,False,51977,22,1949,41706,8300,2.0597,,,,True
CHNCXR_0347_1,Shenzhen,1,2,dilation_4px,4,False,55281,22,1998,45349,7912,1.9366,,,,True
CHNCXR_0347_1,Shenzhen,1,2,dilation_8px,8,False,58545,22,2042,48889,7592,1.8286,,,,True
CHNCXR_0348_1,Shenzhen,1,1,dilation_0px,0,False,29743,22,1255,20105,8361,3.2788,,,,True
CHNCXR_0348_1,Shenzhen,1,1,dilation_4px,4,False,31989,22,1299,22553,8115,3.0486,,,,True
CHNCXR_0348_1,Shenzhen,1,1,dilation_8px,8,False,34326,22,1360,24980,7964,2.841,,,,True
CHNCXR_0349_1,Shenzhen,1,4,dilation_0px,0,False,33390,22,1302,24414,7652,3.2454,,,,True
CHNCXR_0349_1,Shenzhen,1,4,dilation_4px,4,False,35832,22,1340,27075,7395,3.0243,,,,True
CHNCXR_0349_1,Shenzhen,1,4,dilation_8px,8,False,38356,22,1414,29642,7278,2.8252,,,,True
CHNCXR_0350_1,Shenzhen,1,2,dilation_0px,0,False,55994,22,1991,45366,8615,2.1666,,,,True
CHNCXR_0350_1,Shenzhen,1,2,dilation_4px,4,False,59445,22,2042,49391,7990,2.0408,,,,True
CHNCXR_0350_1,Shenzhen,1,2,dilation_8px,8,False,62965,22,2083,53196,7664,1.9268,,,,True
CHNCXR_0351_1,Shenzhen,1,2,dilation_0px,0,False,47971,22,1778,38131,8040,2.3784,,,,True
CHNCXR_0351_1,Shenzhen,1,2,dilation_4px,4,False,51098,22,1817,41606,7653,2.2328,,,,True
CHNCXR_0351_1,Shenzhen,1,2,dilation_8px,8,False,54210,22,1852,44956,7380,2.1046,,,,True
CHNCXR_0352_1,Shenzhen,1,0,dilation_0px,0,False,46167,22,1791,36058,8296,2.3782,,,,True
CHNCXR_0352_1,Shenzhen,1,0,dilation_4px,4,False,49584,22,1853,40001,7708,2.2143,,,,True
CHNCXR_0352_1,Shenzhen,1,0,dilation_8px,8,False,52948,22,1915,43658,7353,2.0736,,,,True
CHNCXR_0353_1,Shenzhen,1,1,dilation_0px,0,False,43294,22,1591,33095,8586,2.56,,,,True
CHNCXR_0353_1,Shenzhen,1,1,dilation_4px,4,False,46378,22,1627,36593,8136,2.3898,,,,True
CHNCXR_0353_1,Shenzhen,1,1,dilation_8px,8,False,49424,22,1664,39922,7816,2.2425,,,,True
CHNCXR_0354_1,Shenzhen,1,3,dilation_0px,0,False,50630,22,1928,40460,8220,2.2264,,,,True
CHNCXR_0354_1,Shenzhen,1,3,dilation_4px,4,False,54166,22,1991,44509,7644,2.0811,,,,True
CHNCXR_0354_1,Shenzhen,1,3,dilation_8px,8,False,57748,22,2033,48402,7291,1.952,,,,True
CHNCXR_0355_1,Shenzhen,1,4,dilation_0px,0,False,42028,22,1591,31680,8735,2.8679,,,,True
CHNCXR_0355_1,Shenzhen,1,4,dilation_4px,4,False,45126,22,1665,35175,8264,2.671,,,,True
CHNCXR_0355_1,Shenzhen,1,4,dilation_8px,8,False,48250,22,1731,38538,7959,2.4981,,,,True
CHNCXR_0356_1,Shenzhen,1,3,dilation_0px,0,False,47780,22,1712,37540,8506,2.3578,,,,True
CHNCXR_0356_1,Shenzhen,1,3,dilation_4px,4,False,51018,22,1809,41229,7958,2.2081,,,,True
CHNCXR_0356_1,Shenzhen,1,3,dilation_8px,8,False,54240,22,1884,44687,7647,2.077,,,,True
CHNCXR_0357_1,Shenzhen,1,3,dilation_0px,0,False,60358,22,2108,49289,8939,2.0653,,,,True
CHNCXR_0357_1,Shenzhen,1,3,dilation_4px,4,False,64115,22,2156,53676,8261,1.9442,,,,True
CHNCXR_0357_1,Shenzhen,1,3,dilation_8px,8,False,67813,22,2194,57705,7892,1.8382,,,,True
CHNCXR_0358_1,Shenzhen,1,4,dilation_0px,0,False,42865,22,1609,32932,8302,2.4795,,,,True
CHNCXR_0358_1,Shenzhen,1,4,dilation_4px,4,False,46000,22,1680,36500,7798,2.3105,,,,True
CHNCXR_0358_1,Shenzhen,1,4,dilation_8px,8,False,49002,22,1716,39900,7364,2.1689,,,,True
CHNCXR_0359_1,Shenzhen,1,4,dilation_0px,0,False,45664,22,1646,35616,8380,2.4331,,,,True
CHNCXR_0359_1,Shenzhen,1,4,dilation_4px,4,False,48697,22,1713,39041,7921,2.2815,,,,True
CHNCXR_0359_1,Shenzhen,1,4,dilation_8px,8,False,51762,22,1759,42400,7581,2.1464,,,,True
CHNCXR_0360_1,Shenzhen,1,1,dilation_0px,0,False,45593,22,1619,34938,9014,2.5201,,,,True
CHNCXR_0360_1,Shenzhen,1,1,dilation_4px,4,False,48849,22,1664,38655,8508,2.3522,,,,True
CHNCXR_0360_1,Shenzhen,1,1,dilation_8px,8,False,52126,22,1770,42253,8081,2.2043,,,,True
CHNCXR_0361_1,Shenzhen,1,0,dilation_0px,0,True,37406,22,1363,26933,9088,3.2084,5155,10.0386,45.4379,True
CHNCXR_0361_1,Shenzhen,1,0,dilation_4px,4,True,40038,22,1414,29896,8706,2.9975,3643,7.0942,47.5439,True
CHNCXR_0361_1,Shenzhen,1,0,dilation_8px,8,True,42650,22,1457,32719,8452,2.814,3299,6.4243,48.1874,True
CHNCXR_0362_1,Shenzhen,1,4,dilation_0px,0,True,54240,22,1867,43647,8704,2.2939,1258,1.6417,52.2703,True
CHNCXR_0362_1,Shenzhen,1,4,dilation_4px,4,True,57523,22,1925,47444,8132,2.163,35,0.0457,74.8529,True
CHNCXR_0362_1,Shenzhen,1,4,dilation_8px,8,True,60768,22,1964,50961,7821,2.0475,0,0.0,inf,True
CHNCXR_0363_1,Shenzhen,1,2,dilation_0px,0,True,45719,22,1666,35304,8727,2.4366,1921,3.0021,48.939,True
CHNCXR_0363_1,Shenzhen,1,2,dilation_4px,4,True,48912,22,1711,38957,8222,2.2775,268,0.4188,60.1777,True
CHNCXR_0363_1,Shenzhen,1,2,dilation_8px,8,True,52104,22,1756,42455,7871,2.138,17,0.0266,73.5436,True
CHNCXR_0364_1,Shenzhen,1,1,dilation_0px,0,True,36822,22,1448,27083,8269,3.039,1500,2.8551,50.5434,True
CHNCXR_0364_1,Shenzhen,1,1,dilation_4px,4,True,39498,22,1518,30006,7952,2.8331,239,0.4549,59.7545,True
CHNCXR_0364_1,Shenzhen,1,1,dilation_8px,8,True,42154,22,1567,32842,7723,2.6546,30,0.0571,68.5051,True
CHNCXR_0365_1,Shenzhen,1,1,dilation_0px,0,True,45510,22,1679,35419,8390,2.3636,1472,2.2896,50.4706,True
CHNCXR_0365_1,Shenzhen,1,1,dilation_4px,4,True,48620,22,1738,38953,7907,2.2124,44,0.0684,67.5376,True
CHNCXR_0365_1,Shenzhen,1,1,dilation_8px,8,True,51727,22,1798,42339,7568,2.0796,0,0.0,inf,True
CHNCXR_0366_1,Shenzhen,1,1,dilation_0px,0,True,37615,22,1385,27386,8822,3.0635,1130,2.4658,50.5805,True
CHNCXR_0366_1,Shenzhen,1,1,dilation_4px,4,True,40416,22,1423,30571,8400,2.8512,103,0.2248,62.7499,True
CHNCXR_0366_1,Shenzhen,1,1,dilation_8px,8,True,43168,22,1475,33678,7993,2.6695,0,0.0,inf,True
CHNCXR_0367_1,Shenzhen,1,1,dilation_0px,0,True,55582,22,2057,45032,8471,1.9621,3420,4.2943,48.596,True
CHNCXR_0367_1,Shenzhen,1,1,dilation_4px,4,True,59338,22,2129,49372,7815,1.8379,1167,1.4653,54.5979,True
CHNCXR_0367_1,Shenzhen,1,1,dilation_8px,8,True,63118,22,2171,53458,7467,1.7279,343,0.4307,59.0191,True
CHNCXR_0368_1,Shenzhen,1,1,dilation_0px,0,True,38546,22,1558,29149,7817,2.6697,2459,4.7234,47.8975,True
CHNCXR_0368_1,Shenzhen,1,1,dilation_4px,4,True,41514,22,1589,32540,7363,2.4788,531,1.02,56.1492,True
CHNCXR_0368_1,Shenzhen,1,1,dilation_8px,8,True,44566,22,1652,35793,7099,2.309,58,0.1114,66.2217,True
CHNCXR_0369_1,Shenzhen,1,0,dilation_0px,0,True,43407,22,1484,33008,8893,2.7409,976,1.733,52.54,True
CHNCXR_0369_1,Shenzhen,1,0,dilation_4px,4,True,46279,22,1538,36316,8403,2.5708,232,0.412,58.8996,True
CHNCXR_0369_1,Shenzhen,1,0,dilation_8px,8,True,49281,22,1585,39469,8205,2.4142,19,0.0337,67.4814,True
CHNCXR_0370_1,Shenzhen,1,1,dilation_0px,0,True,28929,22,1284,20088,7535,3.5348,756,2.1286,54.693,True
CHNCXR_0370_1,Shenzhen,1,1,dilation_4px,4,True,31146,22,1347,22459,7318,3.2832,211,0.5941,62.1738,True
CHNCXR_0370_1,Shenzhen,1,1,dilation_8px,8,True,33397,22,1394,24752,7229,3.0619,61,0.1718,66.5423,True
CHNCXR_0371_1,Shenzhen,1,2,dilation_0px,0,True,40674,22,1615,30521,8516,2.7947,1625,2.7404,50.4884,True
CHNCXR_0371_1,Shenzhen,1,2,dilation_4px,4,True,43531,22,1690,33701,8118,2.6113,109,0.1838,65.6163,True
CHNCXR_0371_1,Shenzhen,1,2,dilation_8px,8,True,46446,22,1734,36791,7899,2.4474,0,0.0,inf,True
CHNCXR_0372_1,Shenzhen,1,2,dilation_0px,0,True,41323,22,1829,31711,7761,2.6476,1723,2.7378,52.0723,True
CHNCXR_0372_1,Shenzhen,1,2,dilation_4px,4,True,44339,22,1884,34984,7449,2.4675,404,0.6419,59.4761,True
CHNCXR_0372_1,Shenzhen,1,2,dilation_8px,8,True,47294,22,1935,38140,7197,2.3134,75,0.1192,65.034,True
CHNCXR_0373_1,Shenzhen,1,3,dilation_0px,0,True,42315,22,1767,34031,6495,2.4448,1884,2.7675,53.0562,True
CHNCXR_0373_1,Shenzhen,1,3,dilation_4px,4,True,45285,22,1844,37310,6109,2.2845,314,0.4612,61.4749,True
CHNCXR_0373_1,Shenzhen,1,3,dilation_8px,8,True,48314,22,1899,40504,5889,2.1413,33,0.0485,69.6939,True
CHNCXR_0374_1,Shenzhen,1,1,dilation_0px,0,True,38398,22,1520,29440,7416,2.7382,2093,3.6638,53.9086,True
CHNCXR_0374_1,Shenzhen,1,1,dilation_4px,4,True,41136,22,1594,32373,7147,2.5559,1086,1.901,59.4317,True
CHNCXR_0374_1,Shenzhen,1,1,dilation_8px,8,True,43835,22,1651,35162,7000,2.3985,639,1.1186,63.3188,True
CHNCXR_0375_1,Shenzhen,1,0,dilation_0px,0,True,52914,22,1764,41698,9430,2.2983,729,1.0281,52.9369,True
CHNCXR_0375_1,Shenzhen,1,0,dilation_4px,4,True,56245,22,1844,45558,8821,2.1622,30,0.0423,68.1992,True
CHNCXR_0375_1,Shenzhen,1,0,dilation_8px,8,True,59428,22,1886,49087,8433,2.0464,0,0.0,inf,True
CHNCXR_0376_1,Shenzhen,1,3,dilation_0px,0,True,42425,22,1583,31748,9072,2.8884,2467,4.2577,49.6049,True
CHNCXR_0376_1,Shenzhen,1,3,dilation_4px,4,True,45527,22,1666,35145,8694,2.6916,572,0.9872,58.3022,True
CHNCXR_0376_1,Shenzhen,1,3,dilation_8px,8,True,48438,22,1727,38350,8339,2.5298,58,0.1001,67.2788,True
CHNCXR_0377_1,Shenzhen,1,3,dilation_0px,0,True,39550,22,1317,29800,8411,2.7468,1965,3.873,49.2055,True
CHNCXR_0377_1,Shenzhen,1,3,dilation_4px,4,True,42280,22,1408,32826,8024,2.5694,721,1.4211,56.2077,True
CHNCXR_0377_1,Shenzhen,1,3,dilation_8px,8,True,45059,22,1466,35772,7799,2.4109,307,0.6051,60.142,True
CHNCXR_0378_1,Shenzhen,1,0,dilation_0px,0,True,39953,22,1615,29140,9176,2.9904,1420,2.92,50.7558,True
CHNCXR_0378_1,Shenzhen,1,0,dilation_4px,4,True,42922,22,1673,32569,8658,2.7835,343,0.7053,57.998,True
CHNCXR_0378_1,Shenzhen,1,0,dilation_8px,8,True,45976,22,1726,35853,8375,2.5986,33,0.0679,69.5841,True
CHNCXR_0379_1,Shenzhen,1,4,dilation_0px,0,True,49820,22,1707,39003,9088,2.3981,1577,2.3427,51.0041,True
CHNCXR_0379_1,Shenzhen,1,4,dilation_4px,4,True,53170,22,1747,42715,8686,2.247,351,0.5214,59.1162,True
CHNCXR_0379_1,Shenzhen,1,4,dilation_8px,8,True,56329,22,1785,46242,8280,2.121,66,0.098,65.7189,True
CHNCXR_0380_1,Shenzhen,1,2,dilation_0px,0,True,31911,22,1236,21274,9379,3.6278,1508,4.0908,48.1395,True
CHNCXR_0380_1,Shenzhen,1,2,dilation_4px,4,True,34402,22,1276,24101,9003,3.3651,245,0.6646,56.7845,True
CHNCXR_0380_1,Shenzhen,1,2,dilation_8px,8,True,36893,22,1305,26859,8707,3.1379,18,0.0488,70.6792,True
CHNCXR_0381_1,Shenzhen,1,4,dilation_0px,0,True,41291,22,1560,30194,9515,3.0019,215,0.4545,55.5656,True
CHNCXR_0381_1,Shenzhen,1,4,dilation_4px,4,True,44251,22,1617,33487,9125,2.8011,0,0.0,inf,True
CHNCXR_0381_1,Shenzhen,1,4,dilation_8px,8,True,47216,22,1664,36638,8892,2.6252,0,0.0,inf,True
CHNCXR_0382_1,Shenzhen,1,0,dilation_0px,0,True,43743,22,1579,33988,8154,2.4729,1102,1.9026,51.1548,True
CHNCXR_0382_1,Shenzhen,1,0,dilation_4px,4,True,46672,22,1651,37435,7564,2.3177,75,0.1295,64.9528,True
CHNCXR_0382_1,Shenzhen,1,0,dilation_8px,8,True,49619,22,1698,40662,7237,2.1801,0,0.0,inf,True
CHNCXR_0383_1,Shenzhen,1,1,dilation_0px,0,True,40637,22,1443,30261,8911,2.9541,1739,3.2525,49.5812,True
CHNCXR_0383_1,Shenzhen,1,1,dilation_4px,4,True,43604,22,1545,33540,8497,2.7531,541,1.0119,56.7163,True
CHNCXR_0383_1,Shenzhen,1,1,dilation_8px,8,True,46440,22,1611,36681,8126,2.5849,184,0.3441,61.4548,True
CHNCXR_0384_1,Shenzhen,1,2,dilation_0px,0,True,41109,22,1658,31086,8343,2.5654,689,1.101,55.8251,True
CHNCXR_0384_1,Shenzhen,1,2,dilation_4px,4,True,43893,22,1697,34131,8043,2.4027,78,0.1246,70.14,True
CHNCXR_0384_1,Shenzhen,1,2,dilation_8px,8,True,46688,22,1744,37080,7842,2.2589,4,0.0064,77.0101,True
CHNCXR_0385_1,Shenzhen,1,1,dilation_0px,0,True,43768,22,1817,34176,7753,2.442,1132,1.7341,52.8112,True
CHNCXR_0385_1,Shenzhen,1,1,dilation_4px,4,True,46807,22,1881,37543,7361,2.2834,156,0.239,64.336,True
CHNCXR_0385_1,Shenzhen,1,1,dilation_8px,8,True,49865,22,1928,40765,7150,2.1434,9,0.0138,76.5936,True
CHNCXR_0386_1,Shenzhen,1,0,dilation_0px,0,True,37593,22,1548,28002,8021,2.9027,1354,2.4204,52.0357,True
CHNCXR_0386_1,Shenzhen,1,0,dilation_4px,4,True,40316,22,1609,30993,7692,2.7067,166,0.2967,62.2216,True
CHNCXR_0386_1,Shenzhen,1,0,dilation_8px,8,True,42958,22,1647,33872,7417,2.5402,3,0.0054,80.9842,True
CHNCXR_0387_1,Shenzhen,1,3,dilation_0px,0,True,54319,22,1941,42900,9456,2.296,1502,1.9837,50.9893,True
CHNCXR_0387_1,Shenzhen,1,3,dilation_4px,4,True,57944,22,2059,47050,8813,2.1523,73,0.0964,65.5778,True
CHNCXR_0387_1,Shenzhen,1,3,dilation_8px,8,True,61415,22,2109,50896,8388,2.0307,0,0.0,inf,True
CHNCXR_0388_1,Shenzhen,1,1,dilation_0px,0,True,49405,22,1850,38597,8936,2.4024,947,1.4084,53.2903,True
CHNCXR_0388_1,Shenzhen,1,1,dilation_4px,4,True,52724,22,1900,42456,8346,2.2512,114,0.1695,65.2244,True
CHNCXR_0388_1,Shenzhen,1,1,dilation_8px,8,True,56142,22,1943,46096,8081,2.1141,0,0.0,inf,True
CHNCXR_0389_1,Shenzhen,1,0,dilation_0px,0,True,35516,22,1591,25881,8022,3.0015,547,1.1661,54.7316,True
CHNCXR_0389_1,Shenzhen,1,0,dilation_4px,4,True,38267,22,1617,28880,7748,2.7858,7,0.0149,76.7143,True
CHNCXR_0389_1,Shenzhen,1,0,dilation_8px,8,True,41065,22,1665,31809,7569,2.596,0,0.0,inf,True
CHNCXR_0390_1,Shenzhen,1,4,dilation_0px,0,True,57416,22,1947,46492,8955,2.138,798,1.0044,54.6553,True
CHNCXR_0390_1,Shenzhen,1,4,dilation_4px,4,True,60998,22,2003,50676,8297,2.0125,45,0.0566,67.8579,True
CHNCXR_0390_1,Shenzhen,1,4,dilation_8px,8,True,64685,22,2032,54702,7929,1.8978,0,0.0,inf,True
CHNCXR_0391_1,Shenzhen,1,4,dilation_0px,0,True,33321,22,1434,23824,8041,2.7726,1300,2.7335,52.1564,True
CHNCXR_0391_1,Shenzhen,1,4,dilation_4px,4,True,35941,22,1464,26670,7785,2.5705,145,0.3049,61.5908,True
CHNCXR_0391_1,Shenzhen,1,4,dilation_8px,8,True,38478,22,1524,29350,7582,2.401,15,0.0315,73.3194,True
CHNCXR_0392_1,Shenzhen,1,4,dilation_0px,0,True,57701,22,1889,47291,8499,2.0857,1055,1.2662,53.799,True
CHNCXR_0392_1,Shenzhen,1,4,dilation_4px,4,True,61279,22,1937,51358,7962,1.9639,81,0.0972,67.5021,True
CHNCXR_0392_1,Shenzhen,1,4,dilation_8px,8,True,64819,22,1976,55164,7657,1.8567,0,0.0,inf,True
CHNCXR_0393_1,Shenzhen,1,3,dilation_0px,0,True,55261,22,1959,44643,8637,2.2491,1675,2.114,50.7373,True
CHNCXR_0393_1,Shenzhen,1,3,dilation_4px,4,True,58816,22,2012,48652,8130,2.1131,210,0.265,62.6685,True
CHNCXR_0393_1,Shenzhen,1,3,dilation_8px,8,True,62232,22,2049,52485,7676,1.9971,122,0.154,65.8166,True
CHNCXR_0394_1,Shenzhen,1,1,dilation_0px,0,True,54384,22,1849,42961,9552,2.3042,1536,2.1045,51.5546,True
CHNCXR_0394_1,Shenzhen,1,1,dilation_4px,4,True,57865,22,1911,47047,8885,2.1656,475,0.6508,57.8673,True
CHNCXR_0394_1,Shenzhen,1,1,dilation_8px,8,True,61568,22,1960,50969,8617,2.0354,215,0.2946,61.1749,True
CHNCXR_0395_1,Shenzhen,1,2,dilation_0px,0,True,44693,22,1705,34667,8299,2.3686,766,1.1575,54.6398,True
CHNCXR_0395_1,Shenzhen,1,2,dilation_4px,4,True,47633,22,1783,37843,7985,2.2224,0,0.0,inf,True
CHNCXR_0395_1,Shenzhen,1,2,dilation_8px,8,True,50576,22,1828,41025,7701,2.093,0,0.0,inf,True
CHNCXR_0396_1,Shenzhen,1,3,dilation_0px,0,True,52960,22,1787,42692,8459,2.176,570,0.7704,53.9134,True
CHNCXR_0396_1,Shenzhen,1,3,dilation_4px,4,True,56386,22,1876,46656,7832,2.0438,10,0.0135,71.7707,True
CHNCXR_0396_1,Shenzhen,1,3,dilation_8px,8,True,59824,22,1918,50333,7551,1.9264,0,0.0,inf,True
CHNCXR_0397_1,Shenzhen,1,1,dilation_0px,0,True,40776,22,1478,30563,8713,2.7259,1021,1.8827,50.7416,True
CHNCXR_0397_1,Shenzhen,1,1,dilation_4px,4,True,43710,22,1575,33890,8223,2.5429,52,0.0959,66.2931,True
CHNCXR_0397_1,Shenzhen,1,1,dilation_8px,8,True,46640,22,1617,37095,7906,2.3831,0,0.0,inf,True
CHNCXR_0398_1,Shenzhen,1,4,dilation_0px,0,True,33378,22,1424,23598,8334,2.7753,1086,2.3058,51.5533,True
CHNCXR_0398_1,Shenzhen,1,4,dilation_4px,4,True,35961,22,1463,26398,8078,2.576,24,0.051,72.0734,True
CHNCXR_0398_1,Shenzhen,1,4,dilation_8px,8,True,38484,22,1507,29158,7797,2.4071,2,0.0042,74.8609,True
CHNCXR_0399_1,Shenzhen,1,4,dilation_0px,0,True,43773,22,1635,33126,8990,2.635,1474,2.6739,53.3391,True
CHNCXR_0399_1,Shenzhen,1,4,dilation_4px,4,True,47034,22,1685,36841,8486,2.4523,669,1.2136,57.3083,True
CHNCXR_0399_1,Shenzhen,1,4,dilation_8px,8,True,50301,22,1770,40337,8172,2.293,236,0.4281,62.1024,True
CHNCXR_0400_1,Shenzhen,1,4,dilation_0px,0,True,48534,22,1812,37969,8731,2.3299,1216,1.6387,54.5061,True
CHNCXR_0400_1,Shenzhen,1,4,dilation_4px,4,True,51758,22,1859,41449,8428,2.1848,149,0.2008,65.1207,True
CHNCXR_0400_1,Shenzhen,1,4,dilation_8px,8,True,54850,22,1893,44812,8123,2.0616,8,0.0108,78.7059,True
CHNCXR_0401_1,Shenzhen,1,0,dilation_0px,0,True,35131,22,1542,25603,7964,2.904,1187,2.6595,49.6382,True
CHNCXR_0401_1,Shenzhen,1,0,dilation_4px,4,True,38065,22,1572,28883,7588,2.6802,263,0.5893,58.8466,True
CHNCXR_0401_1,Shenzhen,1,0,dilation_8px,8,True,40927,22,1605,31987,7313,2.4928,41,0.0919,64.3253,True
CHNCXR_0402_1,Shenzhen,1,3,dilation_0px,0,True,41906,22,1538,31757,8589,2.6491,543,1.0147,52.1049,True
CHNCXR_0402_1,Shenzhen,1,3,dilation_4px,4,True,44808,22,1569,35206,8011,2.4775,2,0.0037,80.7913,True
CHNCXR_0402_1,Shenzhen,1,3,dilation_8px,8,True,47853,22,1625,38499,7707,2.3199,0,0.0,inf,True
CHNCXR_0403_1,Shenzhen,1,0,dilation_0px,0,True,52632,22,1817,41785,9008,2.2868,1112,1.5492,52.512,True
CHNCXR_0403_1,Shenzhen,1,0,dilation_4px,4,True,56000,22,1909,45657,8412,2.1492,34,0.0474,68.2648,True
CHNCXR_0403_1,Shenzhen,1,0,dilation_8px,8,True,59362,22,1957,49304,8079,2.0275,7,0.0098,71.5454,True
CHNCXR_0404_1,Shenzhen,1,1,dilation_0px,0,True,42993,22,1632,33380,7959,2.2394,1356,2.142,52.9729,True
CHNCXR_0404_1,Shenzhen,1,1,dilation_4px,4,True,46042,22,1742,36696,7582,2.0911,226,0.357,63.0192,True
CHNCXR_0404_1,Shenzhen,1,1,dilation_8px,8,True,48979,22,1794,39844,7319,1.9657,76,0.1201,68.6094,True
CHNCXR_0405_1,Shenzhen,1,4,dilation_0px,0,True,42045,22,1782,31910,8331,2.4833,894,1.4238,53.7073,True
CHNCXR_0405_1,Shenzhen,1,4,dilation_4px,4,True,44951,22,1831,35167,7931,2.3228,4,0.0064,76.2421,True
CHNCXR_0405_1,Shenzhen,1,4,dilation_8px,8,True,47918,22,1872,38288,7736,2.1789,0,0.0,inf,True
CHNCXR_0406_1,Shenzhen,1,3,dilation_0px,0,True,44831,22,1691,34620,8498,2.4378,1175,1.9077,50.0812,True
CHNCXR_0406_1,Shenzhen,1,3,dilation_4px,4,True,47977,22,1741,38375,7839,2.2779,31,0.0503,68.4445,True
CHNCXR_0406_1,Shenzhen,1,3,dilation_8px,8,True,51215,22,1802,41973,7418,2.1339,0,0.0,inf,True
CHNCXR_0407_1,Shenzhen,1,0,dilation_0px,0,True,44282,22,1580,33378,9302,2.6937,1266,2.1079,50.5656,True
CHNCXR_0407_1,Shenzhen,1,0,dilation_4px,4,True,47439,22,1675,36988,8754,2.5145,277,0.4612,61.0652,True
CHNCXR_0407_1,Shenzhen,1,0,dilation_8px,8,True,50536,22,1735,40456,8323,2.3604,82,0.1365,63.955,True
CHNCXR_0408_1,Shenzhen,1,1,dilation_0px,0,True,56790,22,2010,45829,8929,2.2056,4248,5.1427,49.89,True
CHNCXR_0408_1,Shenzhen,1,1,dilation_4px,4,True,60538,22,2053,50002,8461,2.069,2310,2.7965,54.0549,True
CHNCXR_0408_1,Shenzhen,1,1,dilation_8px,8,True,64370,22,2108,54083,8157,1.9459,1310,1.5859,56.5595,True
CHNCXR_0409_1,Shenzhen,1,4,dilation_0px,0,True,43989,22,1698,34164,8105,2.3816,3279,4.6436,51.5572,True
CHNCXR_0409_1,Shenzhen,1,4,dilation_4px,4,True,46971,22,1738,37432,7779,2.2304,2306,3.2657,54.255,True
CHNCXR_0409_1,Shenzhen,1,4,dilation_8px,8,True,49905,22,1779,40603,7501,2.0993,1851,2.6213,54.9976,True
CHNCXR_0410_1,Shenzhen,1,3,dilation_0px,0,True,43103,22,1748,33029,8304,2.4852,4229,6.1575,49.4715,True
CHNCXR_0410_1,Shenzhen,1,3,dilation_4px,4,True,46131,22,1786,36453,7870,2.3221,2084,3.0343,55.4277,True
CHNCXR_0410_1,Shenzhen,1,3,dilation_8px,8,True,49180,22,1825,39698,7635,2.1781,1606,2.3383,57.1451,True
CHNCXR_0411_1,Shenzhen,1,3,dilation_0px,0,True,42412,22,1608,31726,9056,2.8084,1066,1.9021,50.6665,True
CHNCXR_0411_1,Shenzhen,1,3,dilation_4px,4,True,45507,22,1643,35252,8590,2.6174,173,0.3087,60.4638,True
CHNCXR_0411_1,Shenzhen,1,3,dilation_8px,8,True,48611,22,1707,38564,8318,2.4502,88,0.157,63.3836,True
CHNCXR_0412_1,Shenzhen,1,1,dilation_0px,0,True,36857,22,1384,26503,8948,3.1749,663,1.4136,50.8195,True
CHNCXR_0412_1,Shenzhen,1,1,dilation_4px,4,True,39543,22,1410,29637,8474,2.9593,0,0.0,inf,True
CHNCXR_0412_1,Shenzhen,1,1,dilation_8px,8,True,42323,22,1483,32661,8157,2.7649,0,0.0,inf,True
CHNCXR_0413_1,Shenzhen,1,0,dilation_0px,0,True,34290,22,1459,25509,7300,2.5484,1149,2.1687,52.1921,True
CHNCXR_0413_1,Shenzhen,1,0,dilation_4px,4,True,37022,22,1549,28377,7074,2.3604,126,0.2378,63.7048,True
CHNCXR_0413_1,Shenzhen,1,0,dilation_8px,8,True,39649,22,1591,31182,6854,2.204,4,0.0075,92.3618,True
CHNCXR_0414_1,Shenzhen,1,4,dilation_0px,0,True,41520,22,1546,31078,8874,2.531,595,1.0183,56.5488,True
CHNCXR_0414_1,Shenzhen,1,4,dilation_4px,4,True,44341,22,1619,34115,8585,2.37,21,0.0359,68.7301,True
CHNCXR_0414_1,Shenzhen,1,4,dilation_8px,8,True,47100,22,1669,37078,8331,2.2311,0,0.0,inf,True
CHNCXR_0415_1,Shenzhen,1,3,dilation_0px,0,True,42221,22,1707,33311,7181,2.1652,1802,2.6626,52.5809,True
CHNCXR_0415_1,Shenzhen,1,3,dilation_4px,4,True,45153,22,1777,36494,6860,2.0246,313,0.4625,61.7949,True
CHNCXR_0415_1,Shenzhen,1,3,dilation_8px,8,True,48125,22,1834,39566,6703,1.8996,60,0.0887,70.3394,True
CHNCXR_0416_1,Shenzhen,1,1,dilation_0px,0,True,37157,22,1605,26469,9061,2.5679,736,1.3682,53.4276,True
CHNCXR_0416_1,Shenzhen,1,1,dilation_4px,4,True,39988,22,1635,29569,8762,2.3861,12,0.0223,74.6462,True
CHNCXR_0416_1,Shenzhen,1,1,dilation_8px,8,True,42788,22,1674,32597,8495,2.23,0,0.0,inf,True
CHNCXR_0417_1,Shenzhen,1,0,dilation_0px,0,True,44803,22,1859,34634,8288,2.3531,2923,4.1901,51.1564,True
CHNCXR_0417_1,Shenzhen,1,0,dilation_4px,4,True,47958,22,1907,38114,7915,2.1983,1563,2.2405,55.7008,True
CHNCXR_0417_1,Shenzhen,1,0,dilation_8px,8,True,51223,22,1996,41507,7698,2.0582,1028,1.4736,57.3709,True
CHNCXR_0418_1,Shenzhen,1,0,dilation_0px,0,True,43721,22,1664,34064,7971,2.3851,811,1.2161,55.2295,True
CHNCXR_0418_1,Shenzhen,1,0,dilation_4px,4,True,46609,22,1730,37288,7569,2.2373,56,0.084,67.3295,True
CHNCXR_0418_1,Shenzhen,1,0,dilation_8px,8,True,49533,22,1768,40389,7354,2.1052,1,0.0015,96.3713,True
CHNCXR_0419_1,Shenzhen,1,0,dilation_0px,0,True,32017,22,1197,23270,7528,2.8439,685,1.5119,53.7755,True
CHNCXR_0419_1,Shenzhen,1,0,dilation_4px,4,True,34419,22,1250,25918,7229,2.6454,53,0.117,67.0583,True
CHNCXR_0419_1,Shenzhen,1,0,dilation_8px,8,True,36878,22,1333,28463,7060,2.469,19,0.0419,71.3682,True
CHNCXR_0420_1,Shenzhen,1,4,dilation_0px,0,True,45028,22,1835,35270,7901,2.3624,1257,1.7857,53.807,True
CHNCXR_0420_1,Shenzhen,1,4,dilation_4px,4,True,48075,22,1882,38633,7538,2.2126,422,0.5995,60.2897,True
CHNCXR_0420_1,Shenzhen,1,4,dilation_8px,8,True,51196,22,1923,41884,7367,2.0777,264,0.375,62.7914,True
CHNCXR_0421_1,Shenzhen,1,3,dilation_0px,0,True,50394,22,1958,40329,8085,2.2685,6514,7.5077,48.6608,True
CHNCXR_0421_1,Shenzhen,1,3,dilation_4px,4,True,53734,22,2005,44068,7639,2.1275,2398,2.7638,55.1835,True
CHNCXR_0421_1,Shenzhen,1,3,dilation_8px,8,True,57042,22,2047,47556,7417,2.0042,1019,1.1745,59.0694,True
CHNCXR_0422_1,Shenzhen,1,0,dilation_0px,0,True,43004,22,1560,32143,9279,2.7836,2156,3.7353,49.0244,True
CHNCXR_0422_1,Shenzhen,1,0,dilation_4px,4,True,46009,22,1625,35597,8765,2.6018,328,0.5683,58.9335,True
CHNCXR_0422_1,Shenzhen,1,0,dilation_8px,8,True,49068,22,1681,38891,8474,2.4396,76,0.1317,65.6368,True
CHNCXR_0423_1,Shenzhen,1,4,dilation_0px,0,True,47790,22,1806,36565,9397,2.5391,13116,17.085,45.2866,True
CHNCXR_0423_1,Shenzhen,1,4,dilation_4px,4,True,51157,22,1881,40338,8916,2.372,9452,12.3123,47.9423,True
CHNCXR_0423_1,Shenzhen,1,4,dilation_8px,8,True,54449,22,1915,43840,8672,2.2286,7653,9.9689,49.3638,True
CHNCXR_0424_1,Shenzhen,1,2,dilation_0px,0,True,42695,22,1465,31729,9479,2.8067,8275,12.9412,45.3696,True
CHNCXR_0424_1,Shenzhen,1,2,dilation_4px,4,True,45804,22,1560,35118,9104,2.6162,3731,5.8349,49.7109,True
CHNCXR_0424_1,Shenzhen,1,2,dilation_8px,8,True,48780,22,1613,38387,8758,2.4566,1433,2.2411,53.5837,True
CHNCXR_0425_1,Shenzhen,1,0,dilation_0px,0,True,47462,22,1662,36901,8877,2.5522,3328,4.9209,47.501,True
CHNCXR_0425_1,Shenzhen,1,0,dilation_4px,4,True,50595,22,1759,40551,8263,2.3941,469,0.6935,58.0506,True
CHNCXR_0425_1,Shenzhen,1,0,dilation_8px,8,True,53837,22,1811,44036,7968,2.25,42,0.0621,66.1832,True
CHNCXR_0426_1,Shenzhen,1,2,dilation_0px,0,True,47979,22,1773,37693,8491,2.2013,4400,5.8355,49.7961,True
CHNCXR_0426_1,Shenzhen,1,2,dilation_4px,4,True,51140,22,1829,41210,8079,2.0653,1761,2.3355,54.9475,True
CHNCXR_0426_1,Shenzhen,1,2,dilation_8px,8,True,54365,22,1869,44640,7834,1.9427,849,1.126,59.1419,True
CHNCXR_0427_1,Shenzhen,1,2,dilation_0px,0,True,39549,22,1392,29009,9126,2.9067,2200,4.2085,48.4911,True
CHNCXR_0427_1,Shenzhen,1,2,dilation_4px,4,True,42296,22,1413,32205,8656,2.7179,217,0.4151,60.7425,True
CHNCXR_0427_1,Shenzhen,1,2,dilation_8px,8,True,45050,22,1505,35227,8296,2.5518,54,0.1033,66.3984,True
CHNCXR_0428_1,Shenzhen,1,2,dilation_0px,0,True,43984,22,1640,33005,9317,2.7016,2581,4.2841,48.3773,True
CHNCXR_0428_1,Shenzhen,1,2,dilation_4px,4,True,47156,22,1673,36623,8838,2.5199,199,0.3303,60.5759,True
CHNCXR_0428_1,Shenzhen,1,2,dilation_8px,8,True,50239,22,1737,40053,8427,2.3652,1,0.0017,inf,True
CHNCXR_0429_1,Shenzhen,1,2,dilation_0px,0,True,43672,22,1498,32065,10087,2.7886,2615,4.4901,48.9251,True
CHNCXR_0429_1,Shenzhen,1,2,dilation_4px,4,True,46643,22,1582,35341,9698,2.611,511,0.8774,56.7979,True
CHNCXR_0429_1,Shenzhen,1,2,dilation_8px,8,True,49566,22,1649,38522,9373,2.457,44,0.0756,65.6084,True
CHNCXR_0430_1,Shenzhen,1,2,dilation_0px,0,True,33563,22,1273,23120,9148,3.4865,2346,5.451,48.4965,True
CHNCXR_0430_1,Shenzhen,1,2,dilation_4px,4,True,35975,22,1309,25900,8744,3.2527,242,0.5623,59.3026,True
CHNCXR_0430_1,Shenzhen,1,2,dilation_8px,8,True,38402,22,1336,28566,8478,3.0471,3,0.007,76.2739,True
CHNCXR_0431_1,Shenzhen,1,0,dilation_0px,0,True,53755,22,1914,42335,9484,2.253,6243,7.4933,46.527,True
CHNCXR_0431_1,Shenzhen,1,0,dilation_4px,4,True,57406,22,2021,46496,8867,2.1097,1884,2.2613,53.3991,True
CHNCXR_0431_1,Shenzhen,1,0,dilation_8px,8,True,60982,22,2076,50309,8575,1.986,310,0.3721,61.4609,True
CHNCXR_0432_1,Shenzhen,1,2,dilation_0px,0,True,44966,22,1591,34608,8745,2.657,3049,4.8595,47.8202,True
CHNCXR_0432_1,Shenzhen,1,2,dilation_4px,4,True,47942,22,1613,38152,8155,2.4921,339,0.5403,58.3249,True
CHNCXR_0432_1,Shenzhen,1,2,dilation_8px,8,True,51152,22,1751,41566,7813,2.3357,0,0.0,inf,True
CHNCXR_0433_1,Shenzhen,1,2,dilation_0px,0,True,49145,22,1733,38225,9165,2.4791,3886,5.4693,47.9392,True
CHNCXR_0433_1,Shenzhen,1,2,dilation_4px,4,True,52556,22,1847,42033,8654,2.3182,569,0.8008,58.5516,True
CHNCXR_0433_1,Shenzhen,1,2,dilation_8px,8,True,55780,22,1902,45575,8281,2.1842,31,0.0436,69.4948,True
CHNCXR_0434_1,Shenzhen,1,1,dilation_0px,0,True,44602,22,1618,33964,8998,2.704,5212,8.173,46.0104,True
CHNCXR_0434_1,Shenzhen,1,1,dilation_4px,4,True,47700,22,1670,37500,8508,2.5283,1854,2.9073,51.7935,True
CHNCXR_0434_1,Shenzhen,1,1,dilation_8px,8,True,50725,22,1732,40860,8111,2.3776,379,0.5943,60.124,True
CHNCXR_0435_1,Shenzhen,1,4,dilation_0px,0,True,46921,22,1711,36783,8405,2.5697,6497,8.9464,47.1818,True
CHNCXR_0435_1,Shenzhen,1,4,dilation_4px,4,True,50117,22,1751,40398,7946,2.4059,2781,3.8295,52.4507,True
CHNCXR_0435_1,Shenzhen,1,4,dilation_8px,8,True,53329,22,1795,43826,7686,2.2609,1666,2.2941,55.1744,True
CHNCXR_0436_1,Shenzhen,1,4,dilation_0px,0,True,44866,22,1640,34408,8796,2.6728,2200,3.5615,49.5144,True
CHNCXR_0436_1,Shenzhen,1,4,dilation_4px,4,True,47975,22,1704,37925,8324,2.4996,352,0.5698,59.697,True
CHNCXR_0436_1,Shenzhen,1,4,dilation_8px,8,True,50968,22,1743,41176,8027,2.3528,27,0.0437,72.5752,True
CHNCXR_0437_1,Shenzhen,1,2,dilation_0px,0,True,51847,22,1927,40964,8934,2.3257,2567,3.4338,49.8955,True
CHNCXR_0437_1,Shenzhen,1,2,dilation_4px,4,True,55380,22,1979,45039,8340,2.1774,408,0.5458,59.6599,True
CHNCXR_0437_1,Shenzhen,1,2,dilation_8px,8,True,58749,22,2020,48902,7805,2.0525,12,0.0161,75.9331,True
CHNCXR_0438_1,Shenzhen,1,0,dilation_0px,0,True,45565,22,1740,35733,8070,2.5662,3447,5.4959,48.3974,True
CHNCXR_0438_1,Shenzhen,1,0,dilation_4px,4,True,49051,22,1802,39525,7702,2.3839,713,1.1368,56.3116,True
CHNCXR_0438_1,Shenzhen,1,0,dilation_8px,8,True,52451,22,1844,43170,7415,2.2293,58,0.0925,69.1064,True
CHNCXR_0439_1,Shenzhen,1,4,dilation_0px,0,True,41179,22,1594,30190,9373,2.71,6299,9.8616,48.3779,True
CHNCXR_0439_1,Shenzhen,1,4,dilation_4px,4,True,44080,22,1655,33321,9082,2.5317,3575,5.597,52.1644,True
CHNCXR_0439_1,Shenzhen,1,4,dilation_8px,8,True,46953,22,1691,36356,8884,2.3768,2119,3.3175,54.9809,True
CHNCXR_0440_1,Shenzhen,1,3,dilation_0px,0,True,38142,22,1597,27855,8668,2.6218,3540,5.9341,50.2261,True
CHNCXR_0440_1,Shenzhen,1,3,dilation_4px,4,True,40889,22,1652,30820,8395,2.4456,1379,2.3116,56.2754,True
CHNCXR_0440_1,Shenzhen,1,3,dilation_8px,8,True,43462,22,1695,33574,8171,2.3009,655,1.098,59.4934,True
CHNCXR_0441_1,Shenzhen,1,0,dilation_0px,0,True,34907,22,1456,25257,8172,2.8798,1171,2.3614,52.9829,True
CHNCXR_0441_1,Shenzhen,1,0,dilation_4px,4,True,37493,22,1484,28173,7814,2.6811,147,0.2964,62.399,True
CHNCXR_0441_1,Shenzhen,1,0,dilation_8px,8,True,40164,22,1520,30982,7640,2.5028,41,0.0827,66.9025,True
CHNCXR_0442_1,Shenzhen,1,3,dilation_0px,0,True,38201,22,1285,28029,8865,3.1102,741,1.5153,52.4903,True
CHNCXR_0442_1,Shenzhen,1,3,dilation_4px,4,True,40966,22,1367,31111,8466,2.9002,219,0.4479,61.2182,True
CHNCXR_0442_1,Shenzhen,1,3,dilation_8px,8,True,43627,22,1420,34046,8139,2.7233,130,0.2658,64.2757,True
CHNCXR_0443_1,Shenzhen,1,1,dilation_0px,0,True,41976,22,1460,31532,8962,2.795,1484,2.6498,50.2013,True
CHNCXR_0443_1,Shenzhen,1,1,dilation_4px,4,True,44875,22,1505,34836,8512,2.6144,311,0.5553,58.1404,True
CHNCXR_0443_1,Shenzhen,1,1,dilation_8px,8,True,47550,22,1560,37860,8108,2.4673,0,0.0,inf,True
CHNCXR_0444_1,Shenzhen,1,4,dilation_0px,0,True,47677,22,1734,37143,8778,2.508,541,0.8263,54.7337,True
CHNCXR_0444_1,Shenzhen,1,4,dilation_4px,4,True,50813,22,1767,40729,8295,2.3532,36,0.055,70.4142,True
CHNCXR_0444_1,Shenzhen,1,4,dilation_8px,8,True,53878,22,1801,44120,7935,2.2193,0,0.0,inf,True
CHNCXR_0445_1,Shenzhen,1,0,dilation_0px,0,True,51645,22,1845,40582,9196,2.3667,535,0.7511,54.6552,True
CHNCXR_0445_1,Shenzhen,1,0,dilation_4px,4,True,54924,22,1920,44432,8550,2.2254,1,0.0014,inf,True
CHNCXR_0445_1,Shenzhen,1,0,dilation_8px,8,True,58309,22,1970,48026,8291,2.0962,0,0.0,inf,True
CHNCXR_0446_1,Shenzhen,1,3,dilation_0px,0,True,39352,22,1575,30000,7755,2.7396,808,1.3459,54.5814,True
CHNCXR_0446_1,Shenzhen,1,3,dilation_4px,4,True,42251,22,1629,33130,7470,2.5516,129,0.2149,63.5495,True
CHNCXR_0446_1,Shenzhen,1,3,dilation_8px,8,True,45111,22,1703,36159,7227,2.3898,0,0.0,inf,True
CHNCXR_0447_1,Shenzhen,1,4,dilation_0px,0,True,36475,22,1607,25911,8935,2.9866,3483,7.5691,47.4564,True
CHNCXR_0447_1,Shenzhen,1,4,dilation_4px,4,True,39716,22,1643,29534,8517,2.7428,1630,3.5422,51.5526,True
CHNCXR_0447_1,Shenzhen,1,4,dilation_8px,8,True,42999,22,1679,32961,8337,2.5334,932,2.0254,54.1086,True
CHNCXR_0448_1,Shenzhen,1,4,dilation_0px,0,True,47882,22,1747,37995,8118,2.265,2618,3.9901,49.0635,True
CHNCXR_0448_1,Shenzhen,1,4,dilation_4px,4,True,51287,22,1818,41683,7764,2.1147,1093,1.6658,53.893,True
CHNCXR_0448_1,Shenzhen,1,4,dilation_8px,8,True,54794,22,1862,45257,7653,1.9793,673,1.0257,55.1968,True
CHNCXR_0449_1,Shenzhen,1,2,dilation_0px,0,True,43156,22,1666,33295,8173,2.6205,1248,1.934,53.3189,True
CHNCXR_0449_1,Shenzhen,1,2,dilation_4px,4,True,46220,22,1798,36595,7805,2.4468,161,0.2495,62.5604,True
CHNCXR_0449_1,Shenzhen,1,2,dilation_8px,8,True,49272,22,1858,39728,7664,2.2953,1,0.0015,inf,True
CHNCXR_0450_1,Shenzhen,1,3,dilation_0px,0,True,43256,22,1497,33314,8423,2.6641,1290,2.2052,51.1939,True
CHNCXR_0450_1,Shenzhen,1,3,dilation_4px,4,True,46355,22,1581,36818,7934,2.486,159,0.2718,60.6275,True
CHNCXR_0450_1,Shenzhen,1,3,dilation_8px,8,True,49421,22,1649,40188,7562,2.3318,1,0.0017,83.7609,True
CHNCXR_0451_1,Shenzhen,1,1,dilation_0px,0,True,44287,22,1579,33884,8802,2.7077,1144,1.9626,52.557,True
CHNCXR_0451_1,Shenzhen,1,1,dilation_4px,4,True,47203,22,1637,37258,8286,2.5404,136,0.2333,63.073,True
CHNCXR_0451_1,Shenzhen,1,1,dilation_8px,8,True,50183,22,1679,40537,7945,2.3896,16,0.0274,67.7659,True
CHNCXR_0452_1,Shenzhen,1,1,dilation_0px,0,True,52383,22,1876,42071,8414,2.0965,1995,2.6539,50.5838,True
CHNCXR_0452_1,Shenzhen,1,1,dilation_4px,4,True,55935,22,1965,46185,7763,1.9634,700,0.9312,56.8559,True
CHNCXR_0452_1,Shenzhen,1,1,dilation_8px,8,True,59550,22,2023,50155,7350,1.8442,370,0.4922,59.5723,True
CHNCXR_0453_1,Shenzhen,1,0,dilation_0px,0,True,35207,22,1245,24218,9722,3.3021,1616,3.733,48.4082,True
CHNCXR_0453_1,Shenzhen,1,0,dilation_4px,4,True,37789,22,1282,27134,9351,3.0765,156,0.3604,58.8209,True
CHNCXR_0453_1,Shenzhen,1,0,dilation_8px,8,True,40275,22,1314,29983,8956,2.8866,42,0.097,65.0351,True
CHNCXR_0454_1,Shenzhen,1,4,dilation_0px,0,True,49129,22,1803,38878,8426,2.3109,2485,3.538,49.1984,True
CHNCXR_0454_1,Shenzhen,1,4,dilation_4px,4,True,52585,22,1865,42860,7838,2.159,1127,1.6046,54.0906,True
CHNCXR_0454_1,Shenzhen,1,4,dilation_8px,8,True,56083,22,1912,46644,7505,2.0244,856,1.2187,55.7625,True
CHNCXR_0455_1,Shenzhen,1,2,dilation_0px,0,True,24297,22,1003,15036,8236,4.5632,577,2.6569,50.7759,True
CHNCXR_0455_1,Shenzhen,1,2,dilation_4px,4,True,26298,22,1038,17160,8078,4.216,76,0.35,59.8375,True
CHNCXR_0455_1,Shenzhen,1,2,dilation_8px,8,True,28281,22,1061,19254,7944,3.9204,0,0.0,inf,True
CHNCXR_0456_1,Shenzhen,1,3,dilation_0px,0,True,49297,22,1905,38667,8703,2.1956,3370,4.2486,50.8348,True
CHNCXR_0456_1,Shenzhen,1,3,dilation_4px,4,True,52631,22,1965,42328,8316,2.0565,1740,2.1936,55.0715,True
CHNCXR_0456_1,Shenzhen,1,3,dilation_8px,8,True,55898,22,1999,45847,8030,1.9363,1027,1.2948,57.2306,True
CHNCXR_0457_1,Shenzhen,1,4,dilation_0px,0,True,51114,22,1788,40330,8974,2.2896,1092,1.5088,52.784,True
CHNCXR_0457_1,Shenzhen,1,4,dilation_4px,4,True,54341,22,1830,44125,8364,2.1537,358,0.4946,60.561,True
CHNCXR_0457_1,Shenzhen,1,4,dilation_8px,8,True,57589,22,1873,47822,7872,2.0322,133,0.1838,64.466,True
CHNCXR_0458_1,Shenzhen,1,1,dilation_0px,0,True,50054,22,1816,39589,8627,2.3118,3041,4.1435,49.6959,True
CHNCXR_0458_1,Shenzhen,1,1,dilation_4px,4,True,53407,22,1869,43449,8067,2.1666,1315,1.7917,55.8629,True
CHNCXR_0458_1,Shenzhen,1,1,dilation_8px,8,True,56701,22,1905,47079,7695,2.0408,851,1.1595,58.1779,True
CHNCXR_0459_1,Shenzhen,1,1,dilation_0px,0,True,41150,22,1596,30978,8554,2.5674,561,1.0464,52.8103,True
CHNCXR_0459_1,Shenzhen,1,1,dilation_4px,4,True,44192,22,1657,34552,7961,2.3907,13,0.0242,72.6588,True
CHNCXR_0459_1,Shenzhen,1,1,dilation_8px,8,True,47314,22,1691,37946,7655,2.2329,0,0.0,inf,True
CHNCXR_0460_1,Shenzhen,1,0,dilation_0px,0,True,49622,22,1771,38857,8972,2.4118,1511,2.2379,50.9487,True
CHNCXR_0460_1,Shenzhen,1,0,dilation_4px,4,True,52833,22,1816,42692,8303,2.2652,199,0.2947,60.7584,True
CHNCXR_0460_1,Shenzhen,1,0,dilation_8px,8,True,56125,22,1853,46302,7948,2.1323,18,0.0267,74.0698,True
CHNCXR_0461_1,Shenzhen,1,3,dilation_0px,0,True,39544,22,1738,30265,7519,2.7232,973,1.6107,53.3523,True
CHNCXR_0461_1,Shenzhen,1,3,dilation_4px,4,True,42500,22,1812,33557,7109,2.5338,57,0.0944,68.1675,True
CHNCXR_0461_1,Shenzhen,1,3,dilation_8px,8,True,45516,22,1866,36728,6900,2.3659,10,0.0166,77.0768,True
CHNCXR_0462_1,Shenzhen,1,0,dilation_0px,0,True,50825,22,1877,40652,8274,2.1523,1638,2.2747,50.1419,True
CHNCXR_0462_1,Shenzhen,1,0,dilation_4px,4,True,54276,22,1938,44728,7588,2.0155,199,0.2763,62.1777,True
CHNCXR_0462_1,Shenzhen,1,0,dilation_8px,8,True,57938,22,1979,48660,7277,1.8881,129,0.1791,64.4285,True
CHNCXR_0463_1,Shenzhen,1,0,dilation_0px,0,True,42964,22,1568,32742,8632,2.574,5074,8.2146,46.5287,True
CHNCXR_0463_1,Shenzhen,1,0,dilation_4px,4,True,46106,22,1602,36342,8140,2.3986,2526,4.0895,51.6503,True
CHNCXR_0463_1,Shenzhen,1,0,dilation_8px,8,True,49185,22,1715,39830,7618,2.2484,1644,2.6616,54.1036,True
CHNCXR_0464_1,Shenzhen,1,3,dilation_0px,0,True,35390,22,1203,25866,8299,3.2341,15039,25.127,44.1886,True
CHNCXR_0464_1,Shenzhen,1,3,dilation_4px,4,True,38063,22,1254,28873,7914,3.007,12179,20.3485,46.1194,True
CHNCXR_0464_1,Shenzhen,1,3,dilation_8px,8,True,40787,22,1295,31775,7695,2.8061,10458,17.4731,47.3019,True
CHNCXR_0465_1,Shenzhen,1,3,dilation_0px,0,True,44981,22,1624,34540,8795,2.6326,1114,1.8515,50.6127,True
CHNCXR_0465_1,Shenzhen,1,3,dilation_4px,4,True,48149,22,1689,38168,8270,2.4594,4,0.0066,72.9577,True
CHNCXR_0465_1,Shenzhen,1,3,dilation_8px,8,True,51273,22,1749,41641,7861,2.3095,0,0.0,inf,True
CHNCXR_0466_1,Shenzhen,1,0,dilation_0px,0,True,55788,22,1980,44833,8953,2.1494,1861,2.3309,49.2526,True
CHNCXR_0466_1,Shenzhen,1,0,dilation_4px,4,True,59459,22,2020,49138,8279,2.0167,197,0.2467,62.6923,True
CHNCXR_0466_1,Shenzhen,1,0,dilation_8px,8,True,63124,22,2062,53260,7780,1.8996,96,0.1202,67.6983,True
CHNCXR_0467_1,Shenzhen,1,3,dilation_0px,0,True,47439,22,1680,37170,8567,2.354,1657,2.5181,49.4595,True
CHNCXR_0467_1,Shenzhen,1,3,dilation_4px,4,True,50779,22,1753,41060,7944,2.1992,61,0.0927,66.0194,True
CHNCXR_0467_1,Shenzhen,1,3,dilation_8px,8,True,54100,22,1804,44768,7506,2.0642,0,0.0,inf,True
CHNCXR_0468_1,Shenzhen,1,1,dilation_0px,0,True,51193,22,1941,40928,8302,2.2193,3386,4.3852,48.9739,True
CHNCXR_0468_1,Shenzhen,1,1,dilation_4px,4,True,54610,22,1997,44838,7753,2.0805,500,0.6476,59.297,True
CHNCXR_0468_1,Shenzhen,1,1,dilation_8px,8,True,58048,22,2025,48629,7372,1.9572,0,0.0,inf,True
CHNCXR_0469_1,Shenzhen,1,3,dilation_0px,0,True,48317,22,1741,38350,8204,2.1675,2577,3.7227,48.8164,True
CHNCXR_0469_1,Shenzhen,1,3,dilation_4px,4,True,51735,22,1839,42220,7654,2.0243,350,0.5056,59.1766,True
CHNCXR_0469_1,Shenzhen,1,3,dilation_8px,8,True,55161,22,1894,45927,7318,1.8986,61,0.0881,67.1934,True
CHNCXR_0470_1,Shenzhen,1,0,dilation_0px,0,True,48533,22,1728,38848,7935,2.1566,2440,3.4316,48.935,True
CHNCXR_0470_1,Shenzhen,1,0,dilation_4px,4,True,51868,22,1786,42773,7287,2.0179,211,0.2967,61.0855,True
CHNCXR_0470_1,Shenzhen,1,0,dilation_8px,8,True,55275,22,1826,46413,7014,1.8936,0,0.0,inf,True
CHNCXR_0471_1,Shenzhen,1,2,dilation_0px,0,True,38146,22,1357,28536,8231,2.8093,1008,2.0689,50.8434,True
CHNCXR_0471_1,Shenzhen,1,2,dilation_4px,4,True,40957,22,1412,31691,7832,2.6165,78,0.1601,64.8293,True
CHNCXR_0471_1,Shenzhen,1,2,dilation_8px,8,True,43778,22,1469,34767,7520,2.4479,44,0.0903,66.1714,True
CHNCXR_0472_1,Shenzhen,1,0,dilation_0px,0,True,47499,22,1776,37705,7996,2.3303,1585,2.3459,50.5706,True
CHNCXR_0472_1,Shenzhen,1,0,dilation_4px,4,True,50631,22,1843,41323,7443,2.1862,89,0.1317,65.8097,True
CHNCXR_0472_1,Shenzhen,1,0,dilation_8px,8,True,53804,22,1888,44732,7162,2.0572,0,0.0,inf,True
CHNCXR_0473_1,Shenzhen,1,0,dilation_0px,0,True,44939,22,1656,34517,8744,2.5387,2133,3.4555,49.4906,True
CHNCXR_0473_1,Shenzhen,1,0,dilation_4px,4,True,48192,22,1743,38282,8145,2.3674,829,1.343,55.9911,True
CHNCXR_0473_1,Shenzhen,1,0,dilation_8px,8,True,51421,22,1808,41786,7805,2.2187,360,0.5832,59.6099,True
CHNCXR_0474_1,Shenzhen,1,4,dilation_0px,0,True,42116,22,1571,31775,8748,2.9587,8125,13.1201,46.728,True
CHNCXR_0474_1,Shenzhen,1,4,dilation_4px,4,True,45183,22,1614,35213,8334,2.7579,6186,9.989,49.0937,True
CHNCXR_0474_1,Shenzhen,1,4,dilation_8px,8,True,48262,22,1653,38557,8030,2.5819,5387,8.6988,49.854,True
CHNCXR_0475_1,Shenzhen,1,2,dilation_0px,0,True,42077,22,1570,31728,8757,2.6066,21291,28.1129,43.4858,True
CHNCXR_0475_1,Shenzhen,1,2,dilation_4px,4,True,45319,22,1609,35343,8345,2.4201,16664,22.0033,45.1617,True
CHNCXR_0475_1,Shenzhen,1,2,dilation_8px,8,True,48758,22,1669,38835,8232,2.2494,13169,17.3885,46.55,True
CHNCXR_0476_1,Shenzhen,1,3,dilation_0px,0,True,51728,22,1846,41483,8377,2.2119,3007,3.9192,49.9579,True
CHNCXR_0476_1,Shenzhen,1,3,dilation_4px,4,True,55072,22,1900,45351,7799,2.0776,292,0.3806,61.5894,True
CHNCXR_0476_1,Shenzhen,1,3,dilation_8px,8,True,58338,22,1941,48957,7418,1.9612,27,0.0352,64.3014,True
CHNCXR_0477_1,Shenzhen,1,4,dilation_0px,0,True,48293,22,1836,38197,8238,2.2614,1438,2.1307,52.0191,True
CHNCXR_0477_1,Shenzhen,1,4,dilation_4px,4,True,51610,22,1896,41960,7732,2.116,132,0.1956,64.8305,True
CHNCXR_0477_1,Shenzhen,1,4,dilation_8px,8,True,54889,22,1940,45553,7374,1.9896,15,0.0222,74.2747,True
CHNCXR_0478_1,Shenzhen,1,1,dilation_0px,0,True,47379,22,1811,36552,8994,2.2613,2819,3.8627,50.4202,True
CHNCXR_0478_1,Shenzhen,1,1,dilation_4px,4,True,50580,22,1849,40078,8631,2.1182,965,1.3223,56.4718,True
CHNCXR_0478_1,Shenzhen,1,1,dilation_8px,8,True,53754,22,1885,43472,8375,1.9931,389,0.533,60.5438,True
CHNCXR_0479_1,Shenzhen,1,2,dilation_0px,0,True,48933,22,1761,38366,8784,2.3682,890,1.3488,51.8285,True
CHNCXR_0479_1,Shenzhen,1,2,dilation_4px,4,True,52194,22,1821,42210,8141,2.2202,19,0.0288,67.7339,True
CHNCXR_0479_1,Shenzhen,1,2,dilation_8px,8,True,55475,22,1859,45857,7737,2.0889,0,0.0,inf,True
CHNCXR_0480_1,Shenzhen,1,0,dilation_0px,0,True,44789,22,1632,34273,8862,2.6275,1572,2.512,50.3415,True
CHNCXR_0480_1,Shenzhen,1,0,dilation_4px,4,True,47911,22,1724,37812,8353,2.4563,135,0.2157,65.3251,True
CHNCXR_0480_1,Shenzhen,1,0,dilation_8px,8,True,50995,22,1776,41185,8012,2.3077,41,0.0655,71.1676,True
CHNCXR_0481_1,Shenzhen,1,4,dilation_0px,0,False,36911,22,1469,27512,7908,2.9824,,,,True
CHNCXR_0481_1,Shenzhen,1,4,dilation_4px,4,False,39599,22,1512,30423,7642,2.78,,,,True
CHNCXR_0481_1,Shenzhen,1,4,dilation_8px,8,False,42224,22,1547,33191,7464,2.6071,,,,True
CHNCXR_0482_1,Shenzhen,1,3,dilation_0px,0,False,52068,22,1896,41543,8607,2.2145,,,,True
CHNCXR_0482_1,Shenzhen,1,3,dilation_4px,4,False,55727,22,1953,45670,8082,2.0691,,,,True
CHNCXR_0482_1,Shenzhen,1,3,dilation_8px,8,False,59250,22,1993,49570,7665,1.946,,,,True
CHNCXR_0483_1,Shenzhen,1,4,dilation_0px,0,False,32692,22,1366,24122,7182,3.197,,,,True
CHNCXR_0483_1,Shenzhen,1,4,dilation_4px,4,False,35110,22,1399,26767,6922,2.9768,,,,True
CHNCXR_0483_1,Shenzhen,1,4,dilation_8px,8,False,37509,22,1432,29295,6760,2.7864,,,,True
CHNCXR_0484_1,Shenzhen,1,4,dilation_0px,0,False,35783,22,1397,25778,8586,2.8521,,,,True
CHNCXR_0484_1,Shenzhen,1,4,dilation_4px,4,False,38360,22,1435,28587,8316,2.6605,,,,True
CHNCXR_0484_1,Shenzhen,1,4,dilation_8px,8,False,40983,22,1538,31359,8064,2.4902,,,,True
CHNCXR_0485_1,Shenzhen,1,1,dilation_0px,0,False,46941,22,1843,37303,7773,2.3793,,,,True
CHNCXR_0485_1,Shenzhen,1,1,dilation_4px,4,False,50097,22,1926,40753,7396,2.2294,,,,True
CHNCXR_0485_1,Shenzhen,1,1,dilation_8px,8,False,53168,22,1970,44060,7116,2.1006,,,,True
CHNCXR_0486_1,Shenzhen,1,3,dilation_0px,0,False,46834,22,1707,36902,8203,2.5006,,,,True
CHNCXR_0486_1,Shenzhen,1,3,dilation_4px,4,False,49977,22,1767,40511,7677,2.3434,,,,True
CHNCXR_0486_1,Shenzhen,1,3,dilation_8px,8,False,53105,22,1808,43913,7362,2.2053,,,,True
CHNCXR_0487_1,Shenzhen,1,2,dilation_0px,0,False,39911,22,1705,29774,8410,2.732,,,,True
CHNCXR_0487_1,Shenzhen,1,2,dilation_4px,4,False,42813,22,1750,32968,8073,2.5468,,,,True
CHNCXR_0487_1,Shenzhen,1,2,dilation_8px,8,False,45780,22,1808,36066,7884,2.3818,,,,True
CHNCXR_0488_1,Shenzhen,1,3,dilation_0px,0,False,41302,22,1506,31653,8121,2.7291,,,,True
CHNCXR_0488_1,Shenzhen,1,3,dilation_4px,4,False,44259,22,1561,34993,7683,2.5468,,,,True
CHNCXR_0488_1,Shenzhen,1,3,dilation_8px,8,False,47174,22,1602,38228,7322,2.3894,,,,True
CHNCXR_0489_1,Shenzhen,1,0,dilation_0px,0,False,53061,22,1954,41499,9586,2.0887,,,,True
CHNCXR_0489_1,Shenzhen,1,0,dilation_4px,4,False,56615,22,2004,45418,9171,1.9576,,,,True
CHNCXR_0489_1,Shenzhen,1,0,dilation_8px,8,False,60117,22,2042,49133,8920,1.8436,,,,True
CHNCXR_0490_1,Shenzhen,1,4,dilation_0px,0,False,36610,22,1479,26483,8626,3.2113,,,,True
CHNCXR_0490_1,Shenzhen,1,4,dilation_4px,4,False,39261,22,1534,29357,8348,2.9945,,,,True
CHNCXR_0490_1,Shenzhen,1,4,dilation_8px,8,False,41852,22,1582,32111,8137,2.8091,,,,True
CHNCXR_0491_1,Shenzhen,1,2,dilation_0px,0,False,47041,22,1620,37142,8257,2.3886,,,,True
CHNCXR_0491_1,Shenzhen,1,2,dilation_4px,4,False,50215,22,1707,40826,7660,2.2377,,,,True
CHNCXR_0491_1,Shenzhen,1,2,dilation_8px,8,False,53568,22,1781,44335,7430,2.0976,,,,True
CHNCXR_0492_1,Shenzhen,1,1,dilation_0px,0,False,48624,22,1808,37839,8955,2.3942,,,,True
CHNCXR_0492_1,Shenzhen,1,1,dilation_4px,4,False,52022,22,1844,41720,8436,2.2378,,,,True
CHNCXR_0492_1,Shenzhen,1,1,dilation_8px,8,False,55441,22,1895,45416,8108,2.0998,,,,True
CHNCXR_0493_1,Shenzhen,1,4,dilation_0px,0,False,43063,22,1621,33410,8010,2.4969,,,,True
CHNCXR_0493_1,Shenzhen,1,4,dilation_4px,4,False,46057,22,1627,36915,7493,2.3346,,,,True
CHNCXR_0493_1,Shenzhen,1,4,dilation_8px,8,False,49273,22,1761,40244,7246,2.1822,,,,True
CHNCXR_0494_1,Shenzhen,1,3,dilation_0px,0,False,44675,22,1719,34784,8150,2.3767,,,,True
CHNCXR_0494_1,Shenzhen,1,3,dilation_4px,4,False,47945,22,1788,38523,7612,2.2146,,,,True
CHNCXR_0494_1,Shenzhen,1,3,dilation_8px,8,False,51176,22,1860,42104,7190,2.0748,,,,True
CHNCXR_0495_1,Shenzhen,1,1,dilation_0px,0,False,47620,22,1753,37210,8635,2.4314,,,,True
CHNCXR_0495_1,Shenzhen,1,1,dilation_4px,4,False,50899,22,1825,40970,8082,2.2747,,,,True
CHNCXR_0495_1,Shenzhen,1,1,dilation_8px,8,False,54094,22,1873,44576,7623,2.1404,,,,True
CHNCXR_0496_1,Shenzhen,1,1,dilation_0px,0,False,42279,22,1735,32626,7896,2.3814,,,,True
CHNCXR_0496_1,Shenzhen,1,1,dilation_4px,4,False,45253,22,1770,35930,7531,2.2249,,,,True
CHNCXR_0496_1,Shenzhen,1,1,dilation_8px,8,False,48403,22,1886,39142,7353,2.0801,,,,True
CHNCXR_0497_1,Shenzhen,1,1,dilation_0px,0,False,49939,22,1862,39817,8238,2.0634,,,,True
CHNCXR_0497_1,Shenzhen,1,1,dilation_4px,4,False,53128,22,1913,43310,7883,1.9395,,,,True
CHNCXR_0497_1,Shenzhen,1,1,dilation_8px,8,False,56310,22,1960,46663,7665,1.8299,,,,True
CHNCXR_0498_1,Shenzhen,1,2,dilation_0px,0,False,56315,22,1905,46443,7945,1.9967,,,,True
CHNCXR_0498_1,Shenzhen,1,2,dilation_4px,4,False,59899,22,1953,50565,7359,1.8772,,,,True
CHNCXR_0498_1,Shenzhen,1,2,dilation_8px,8,False,63507,22,1993,54397,7095,1.7706,,,,True
CHNCXR_0499_1,Shenzhen,1,2,dilation_0px,0,False,54380,22,1835,44079,8444,2.2965,,,,True
CHNCXR_0499_1,Shenzhen,1,2,dilation_4px,4,False,57627,22,1878,47804,7923,2.1671,,,,True
CHNCXR_0499_1,Shenzhen,1,2,dilation_8px,8,False,60996,22,1913,51353,7708,2.0474,,,,True
CHNCXR_0500_1,Shenzhen,1,3,dilation_0px,0,False,49959,22,1733,39734,8470,2.1805,,,,True
CHNCXR_0500_1,Shenzhen,1,3,dilation_4px,4,False,53529,22,1804,43683,8020,2.0351,,,,True
CHNCXR_0500_1,Shenzhen,1,3,dilation_8px,8,False,56859,22,1845,47555,7437,1.9159,,,,True
CHNCXR_0501_1,Shenzhen,1,3,dilation_0px,0,True,47769,22,1684,38350,7713,2.1931,5520,7.8197,46.2119,True
CHNCXR_0501_1,Shenzhen,1,3,dilation_4px,4,True,51023,22,1748,42155,7098,2.0533,2429,3.4409,52.1711,True
CHNCXR_0501_1,Shenzhen,1,3,dilation_8px,8,True,54253,22,1797,45670,6764,1.931,1046,1.4818,56.9625,True
CHNCXR_0502_1,Shenzhen,1,0,dilation_0px,0,False,30437,22,1141,21199,8075,3.4109,,,,True
CHNCXR_0502_1,Shenzhen,1,0,dilation_4px,4,False,32509,22,1173,23468,7846,3.1935,,,,True
CHNCXR_0502_1,Shenzhen,1,0,dilation_8px,8,False,34569,22,1212,25642,7693,3.0032,,,,True
CHNCXR_0503_1,Shenzhen,1,1,dilation_0px,0,True,53394,22,1911,42763,8698,2.223,4432,5.9509,47.5696,True
CHNCXR_0503_1,Shenzhen,1,1,dilation_4px,4,True,56916,22,1985,46838,8071,2.0855,1953,2.6223,53.6676,True
CHNCXR_0503_1,Shenzhen,1,1,dilation_8px,8,True,60476,22,2035,50713,7706,1.9627,714,0.9587,57.0152,True
CHNCXR_0504_1,Shenzhen,1,1,dilation_0px,0,True,44189,22,1765,34598,7804,2.4733,2469,3.5201,50.7205,True
CHNCXR_0504_1,Shenzhen,1,1,dilation_4px,4,True,47157,22,1812,37867,7456,2.3176,287,0.4092,61.3896,True
CHNCXR_0504_1,Shenzhen,1,1,dilation_8px,8,True,50160,22,1856,41033,7249,2.1789,41,0.0585,65.1729,True
CHNCXR_0505_1,Shenzhen,1,0,dilation_0px,0,False,47042,22,1772,37214,8034,2.3818,,,,True
CHNCXR_0505_1,Shenzhen,1,0,dilation_4px,4,False,50235,22,1838,40865,7510,2.2304,,,,True
CHNCXR_0505_1,Shenzhen,1,0,dilation_8px,8,False,53469,22,1867,44397,7183,2.0955,,,,True
CHNCXR_0506_1,Shenzhen,1,1,dilation_0px,0,True,41358,22,1551,31149,8636,2.7046,6751,11.2765,46.0082,True
CHNCXR_0506_1,Shenzhen,1,1,dilation_4px,4,True,44357,22,1577,34643,8115,2.5218,3575,5.9715,49.6948,True
CHNCXR_0506_1,Shenzhen,1,1,dilation_8px,8,True,47385,22,1643,38039,7681,2.3606,1758,2.9365,54.4629,True
CHNCXR_0507_1,Shenzhen,1,0,dilation_0px,0,True,53284,22,1741,43130,8391,2.0238,4730,6.3164,47.2367,True
CHNCXR_0507_1,Shenzhen,1,0,dilation_4px,4,True,56650,22,1787,47081,7760,1.9036,1663,2.2207,53.5759,True
CHNCXR_0507_1,Shenzhen,1,0,dilation_8px,8,True,60110,22,1827,50830,7431,1.794,323,0.4313,60.4452,True
CHNCXR_0508_1,Shenzhen,1,1,dilation_0px,0,True,41325,22,1701,29890,9712,2.7382,9475,14.619,46.6346,True
CHNCXR_0508_1,Shenzhen,1,1,dilation_4px,4,True,44332,22,1804,33195,9311,2.5525,6864,10.5905,48.9948,True
CHNCXR_0508_1,Shenzhen,1,1,dilation_8px,8,True,47374,22,1854,36413,9085,2.3886,5985,9.2343,49.8121,True
CHNCXR_0509_1,Shenzhen,1,2,dilation_0px,0,True,55600,22,1935,45072,8571,2.0662,6298,7.5703,46.6981,True
CHNCXR_0509_1,Shenzhen,1,2,dilation_4px,4,True,59251,22,2014,49318,7897,1.9389,2430,2.9209,52.0474,True
CHNCXR_0509_1,Shenzhen,1,2,dilation_8px,8,True,62934,22,2069,53340,7503,1.8254,751,0.9027,57.5099,True
CHNCXR_0510_1,Shenzhen,1,2,dilation_0px,0,True,53994,22,1898,43207,8867,2.1462,2693,3.5246,49.7968,True
CHNCXR_0510_1,Shenzhen,1,2,dilation_4px,4,True,57574,22,1966,47306,8280,2.0127,623,0.8154,57.2215,True
CHNCXR_0510_1,Shenzhen,1,2,dilation_8px,8,True,61183,22,2015,51316,7830,1.894,67,0.0877,68.311,True
CHNCXR_0511_1,Shenzhen,1,3,dilation_0px,0,True,35876,22,1520,23719,10615,3.2447,24495,34.925,43.1819,True
CHNCXR_0511_1,Shenzhen,1,3,dilation_4px,4,True,38612,22,1538,26742,10310,3.0148,19619,27.9728,44.6547,True
CHNCXR_0511_1,Shenzhen,1,3,dilation_8px,8,True,41222,22,1568,29521,10111,2.8239,16029,22.8542,45.7793,True
CHNCXR_0512_1,Shenzhen,1,0,dilation_0px,0,True,52059,22,1810,40713,9514,2.4019,4119,5.4752,48.1782,True
CHNCXR_0512_1,Shenzhen,1,0,dilation_4px,4,True,55418,22,1889,44655,8852,2.2563,928,1.2336,56.3116,True
CHNCXR_0512_1,Shenzhen,1,0,dilation_8px,8,True,58833,22,1973,48204,8634,2.1254,19,0.0253,73.1107,True
CHNCXR_0513_1,Shenzhen,1,0,dilation_0px,0,True,50552,22,1946,40349,8235,2.1663,18294,20.7948,44.7832,True
CHNCXR_0513_1,Shenzhen,1,0,dilation_4px,4,True,53916,22,1994,44306,7594,2.0311,14986,17.0346,46.6809,True
CHNCXR_0513_1,Shenzhen,1,0,dilation_8px,8,True,57344,22,2034,47995,7293,1.9097,13168,14.9681,47.3811,True
CHNCXR_0514_1,Shenzhen,1,1,dilation_0px,0,True,47833,22,1683,37109,9019,2.5266,10914,14.3906,46.4031,True
CHNCXR_0514_1,Shenzhen,1,1,dilation_4px,4,True,51061,22,1727,40671,8641,2.3669,7005,9.2364,49.4972,True
CHNCXR_0514_1,Shenzhen,1,1,dilation_8px,8,True,54269,22,1771,44121,8355,2.227,4765,6.2829,51.6564,True
CHNCXR_0515_1,Shenzhen,1,2,dilation_0px,0,True,47398,22,1700,37913,7763,2.216,2476,3.7469,48.9823,True
CHNCXR_0515_1,Shenzhen,1,2,dilation_4px,4,True,50532,22,1742,41510,7258,2.0786,475,0.7188,57.0919,True
CHNCXR_0515_1,Shenzhen,1,2,dilation_8px,8,True,53663,22,1777,44912,6952,1.9573,77,0.1165,66.2841,True
CHNCXR_0516_1,Shenzhen,1,2,dilation_0px,0,True,36966,22,1419,27464,8061,2.8894,3359,6.7768,46.477,True
CHNCXR_0516_1,Shenzhen,1,2,dilation_4px,4,True,39780,22,1444,30698,7616,2.685,848,1.7109,53.2877,True
CHNCXR_0516_1,Shenzhen,1,2,dilation_8px,8,True,42623,22,1480,33771,7350,2.5059,230,0.464,57.9109,True
CHNCXR_0517_1,Shenzhen,1,0,dilation_0px,0,True,40448,22,1559,30329,8538,2.5216,4681,7.333,49.3118,True
CHNCXR_0517_1,Shenzhen,1,0,dilation_4px,4,True,43252,22,1625,33345,8260,2.3581,1922,3.0109,54.9078,True
CHNCXR_0517_1,Shenzhen,1,0,dilation_8px,8,True,46031,22,1678,36292,8039,2.2158,867,1.3582,59.4947,True
CHNCXR_0518_1,Shenzhen,1,0,dilation_0px,0,True,50843,22,1912,40585,8324,2.1913,12226,14.7766,44.633,True
CHNCXR_0518_1,Shenzhen,1,0,dilation_4px,4,True,54275,22,1957,44677,7619,2.0527,7524,9.0937,47.8082,True
CHNCXR_0518_1,Shenzhen,1,0,dilation_8px,8,True,57630,22,1998,48465,7145,1.9332,4654,5.6249,50.9952,True
CHNCXR_0519_1,Shenzhen,1,0,dilation_0px,0,True,49975,22,1885,40080,7988,2.2243,4453,6.0149,48.1452,True
CHNCXR_0519_1,Shenzhen,1,0,dilation_4px,4,True,53189,22,1941,43861,7365,2.0898,1696,2.2909,54.1677,True
CHNCXR_0519_1,Shenzhen,1,0,dilation_8px,8,True,56525,22,1982,47435,7086,1.9665,385,0.52,60.7742,True
CHNCXR_0520_1,Shenzhen,1,3,dilation_0px,0,True,43256,22,1652,32157,9425,2.567,7939,11.4235,47.5216,True
CHNCXR_0520_1,Shenzhen,1,3,dilation_4px,4,True,46285,22,1763,35430,9070,2.399,4202,6.0463,52.453,True
CHNCXR_0520_1,Shenzhen,1,3,dilation_8px,8,True,49252,22,1819,38567,8844,2.2545,2156,3.1023,55.3811,True
CHNCXR_0521_1,Shenzhen,1,2,dilation_0px,0,True,56873,22,1994,46388,8469,1.944,1115,1.3922,52.6606,True
CHNCXR_0521_1,Shenzhen,1,2,dilation_4px,4,True,60377,22,2059,50571,7725,1.8312,114,0.1423,64.6502,True
CHNCXR_0521_1,Shenzhen,1,2,dilation_8px,8,True,63962,22,2089,54405,7446,1.7285,0,0.0,inf,True
CHNCXR_0522_1,Shenzhen,1,3,dilation_0px,0,True,44275,22,1564,34611,8078,2.5127,866,1.5407,52.6948,True
CHNCXR_0522_1,Shenzhen,1,3,dilation_4px,4,True,47358,22,1616,38158,7562,2.3491,374,0.6654,61.7746,True
CHNCXR_0522_1,Shenzhen,1,3,dilation_8px,8,True,50502,22,1650,41517,7313,2.2029,237,0.4216,63.6921,True
CHNCXR_0523_1,Shenzhen,1,3,dilation_0px,0,True,49809,22,1813,39056,8918,2.4309,1291,1.9252,52.1783,True
CHNCXR_0523_1,Shenzhen,1,3,dilation_4px,4,True,53281,22,1858,43124,8277,2.2725,487,0.7262,59.0163,True
CHNCXR_0523_1,Shenzhen,1,3,dilation_8px,8,True,56855,22,1942,46942,7949,2.1296,218,0.3251,61.7609,True
CHNCXR_0524_1,Shenzhen,1,2,dilation_0px,0,True,48823,22,1774,37988,9039,2.4044,2055,3.1024,50.0186,True
CHNCXR_0524_1,Shenzhen,1,2,dilation_4px,4,True,52138,22,1839,41853,8424,2.2516,853,1.2877,55.7768,True
CHNCXR_0524_1,Shenzhen,1,2,dilation_8px,8,True,55392,22,1882,45395,8093,2.1193,539,0.8137,58.8146,True
CHNCXR_0525_1,Shenzhen,1,3,dilation_0px,0,True,52882,22,1951,42406,8503,2.136,1693,2.2079,50.0541,True
CHNCXR_0525_1,Shenzhen,1,3,dilation_4px,4,True,56373,22,1994,46500,7857,2.0038,208,0.2713,62.1761,True
CHNCXR_0525_1,Shenzhen,1,3,dilation_8px,8,True,59877,22,2030,50345,7480,1.8865,29,0.0378,72.1631,True
CHNCXR_0526_1,Shenzhen,1,4,dilation_0px,0,True,33485,22,1489,24230,7744,2.7535,4172,8.2932,48.6173,True
CHNCXR_0526_1,Shenzhen,1,4,dilation_4px,4,True,36114,22,1538,26991,7563,2.5531,2349,4.6694,52.5208,True
CHNCXR_0526_1,Shenzhen,1,4,dilation_8px,8,True,38691,22,1578,29641,7450,2.383,1610,3.2004,54.5186,True
CHNCXR_0527_1,Shenzhen,1,2,dilation_0px,0,True,50326,22,1806,39618,8880,2.3654,11144,14.3153,47.0139,True
CHNCXR_0527_1,Shenzhen,1,2,dilation_4px,4,True,53738,22,1847,43571,8298,2.2152,9550,12.2677,48.5391,True
CHNCXR_0527_1,Shenzhen,1,2,dilation_8px,8,True,57181,22,1889,47313,7957,2.0818,8772,11.2683,49.0904,True
CHNCXR_0528_1,Shenzhen,1,2,dilation_0px,0,True,58502,22,2122,47361,8997,2.1198,1435,1.664,52.1295,True
CHNCXR_0528_1,Shenzhen,1,2,dilation_4px,4,True,62168,22,2169,51650,8327,1.9948,535,0.6204,59.6259,True
CHNCXR_0528_1,Shenzhen,1,2,dilation_8px,8,True,65985,22,2212,55737,8014,1.8794,386,0.4476,61.576,True
CHNCXR_0529_1,Shenzhen,1,2,dilation_0px,0,True,57956,22,2100,46751,9083,2.1225,769,0.9358,52.9542,True
CHNCXR_0529_1,Shenzhen,1,2,dilation_4px,4,True,61727,22,2153,51172,8380,1.9929,18,0.0219,73.9135,True
CHNCXR_0529_1,Shenzhen,1,2,dilation_8px,8,True,65492,22,2195,55257,8018,1.8783,0,0.0,inf,True
CHNCXR_0530_1,Shenzhen,1,2,dilation_0px,0,True,46831,22,1706,36017,9086,2.6328,720,1.2285,53.9198,True
CHNCXR_0530_1,Shenzhen,1,2,dilation_4px,4,True,50064,22,1749,39697,8596,2.4628,137,0.2337,64.3648,True
CHNCXR_0530_1,Shenzhen,1,2,dilation_8px,8,True,53234,22,1797,43173,8242,2.3161,31,0.0529,71.7112,True
CHNCXR_0531_1,Shenzhen,1,1,dilation_0px,0,True,59933,22,2165,48549,9197,2.1094,1793,2.028,50.7497,True
CHNCXR_0531_1,Shenzhen,1,1,dilation_4px,4,True,63694,22,2212,52944,8516,1.9848,49,0.0554,64.2898,True
CHNCXR_0531_1,Shenzhen,1,1,dilation_8px,8,True,67596,22,2250,57164,8160,1.8703,0,0.0,inf,True
CHNCXR_0532_1,Shenzhen,1,2,dilation_0px,0,True,50022,22,1750,39627,8623,2.3633,1204,1.7031,52.3003,True
CHNCXR_0532_1,Shenzhen,1,2,dilation_4px,4,True,53217,22,1796,43261,8138,2.2215,98,0.1386,63.419,True
CHNCXR_0532_1,Shenzhen,1,2,dilation_8px,8,True,56512,22,1832,46816,7842,2.0919,33,0.0467,67.1161,True
CHNCXR_0533_1,Shenzhen,1,1,dilation_0px,0,True,42444,22,1549,34173,6700,2.2674,2250,3.9257,50.4449,True
CHNCXR_0533_1,Shenzhen,1,1,dilation_4px,4,True,45488,22,1589,37640,6237,2.1156,1136,1.9821,55.5598,True
CHNCXR_0533_1,Shenzhen,1,1,dilation_8px,8,True,48292,22,1612,40718,5940,1.9928,728,1.2702,57.5623,True
CHNCXR_0534_1,Shenzhen,1,0,dilation_0px,0,True,53377,22,1927,42353,9075,2.2466,1062,1.4102,51.5916,True
CHNCXR_0534_1,Shenzhen,1,0,dilation_4px,4,True,56798,22,1978,46404,8394,2.1113,101,0.1341,66.5449,True
CHNCXR_0534_1,Shenzhen,1,0,dilation_8px,8,True,60262,22,2015,50158,8067,1.99,0,0.0,inf,True
CHNCXR_0535_1,Shenzhen,1,1,dilation_0px,0,True,46170,22,1748,36032,8368,2.4306,911,1.4151,52.0359,True
CHNCXR_0535_1,Shenzhen,1,1,dilation_4px,4,True,49216,22,1784,39643,7767,2.2802,67,0.1041,66.5286,True
CHNCXR_0535_1,Shenzhen,1,1,dilation_8px,8,True,52291,22,1840,42971,7458,2.1461,0,0.0,inf,True
CHNCXR_0536_1,Shenzhen,1,0,dilation_0px,0,True,58010,22,1937,46976,9075,2.1135,797,0.9926,52.1199,True
CHNCXR_0536_1,Shenzhen,1,0,dilation_4px,4,True,61752,22,1983,51201,8546,1.9855,46,0.0573,68.1847,True
CHNCXR_0536_1,Shenzhen,1,0,dilation_8px,8,True,65358,22,2021,55178,8137,1.8759,0,0.0,inf,True
CHNCXR_0537_1,Shenzhen,1,0,dilation_0px,0,True,54698,22,1898,44392,8386,2.1391,1168,1.4875,51.9396,True
CHNCXR_0537_1,Shenzhen,1,0,dilation_4px,4,True,58032,22,1957,48391,7662,2.0162,157,0.1999,64.423,True
CHNCXR_0537_1,Shenzhen,1,0,dilation_8px,8,True,61598,22,1994,52160,7422,1.8995,12,0.0153,75.0666,True
CHNCXR_0538_1,Shenzhen,1,0,dilation_0px,0,True,56986,22,1979,46802,8183,1.9559,1005,1.2425,53.52,True
CHNCXR_0538_1,Shenzhen,1,0,dilation_4px,4,True,60602,22,2079,50982,7519,1.8392,90,0.1113,65.9481,True
CHNCXR_0538_1,Shenzhen,1,0,dilation_8px,8,True,64302,22,2132,54954,7194,1.7334,0,0.0,inf,True
CHNCXR_0539_1,Shenzhen,1,3,dilation_0px,0,True,54879,22,1917,44637,8303,2.0517,699,0.9197,53.2583,True
CHNCXR_0539_1,Shenzhen,1,3,dilation_4px,4,True,58360,22,1962,48771,7605,1.9293,5,0.0066,75.036,True
CHNCXR_0539_1,Shenzhen,1,3,dilation_8px,8,True,61926,22,2009,52710,7185,1.8182,0,0.0,inf,True
CHNCXR_0540_1,Shenzhen,1,3,dilation_0px,0,True,45247,22,1771,35602,7852,2.377,783,1.2744,53.8506,True
CHNCXR_0540_1,Shenzhen,1,3,dilation_4px,4,True,48512,22,1842,39293,7355,2.217,145,0.236,63.4699,True
CHNCXR_0540_1,Shenzhen,1,3,dilation_8px,8,True,51799,22,1888,42896,6993,2.0764,29,0.0472,70.8434,True
CHNCXR_0541_1,Shenzhen,1,4,dilation_0px,0,True,55439,22,1926,45047,8444,2.0631,997,1.2712,53.2429,True
CHNCXR_0541_1,Shenzhen,1,4,dilation_4px,4,True,58906,22,1975,49043,7866,1.9417,202,0.2576,62.2384,True
CHNCXR_0541_1,Shenzhen,1,4,dilation_8px,8,True,62473,22,2016,52908,7527,1.8308,12,0.0153,72.9093,True
CHNCXR_0542_1,Shenzhen,1,4,dilation_0px,0,True,56794,22,2097,45474,9201,2.0456,753,0.8549,55.2625,True
CHNCXR_0542_1,Shenzhen,1,4,dilation_4px,4,True,60423,22,2134,49397,8870,1.9227,6,0.0068,73.2341,True
CHNCXR_0542_1,Shenzhen,1,4,dilation_8px,8,True,64023,22,2166,53243,8592,1.8146,0,0.0,inf,True
CHNCXR_0543_1,Shenzhen,1,4,dilation_0px,0,True,50674,22,1997,39309,9346,2.2295,926,1.2183,54.1964,True
CHNCXR_0543_1,Shenzhen,1,4,dilation_4px,4,True,54045,22,2047,43010,8966,2.0904,32,0.0421,69.8467,True
CHNCXR_0543_1,Shenzhen,1,4,dilation_8px,8,True,57408,22,2081,46562,8743,1.9679,0,0.0,inf,True
CHNCXR_0544_1,Shenzhen,1,2,dilation_0px,0,True,32437,22,1343,22946,8126,3.0019,1535,3.5276,51.3009,True
CHNCXR_0544_1,Shenzhen,1,2,dilation_4px,4,True,34911,22,1375,25665,7849,2.7892,383,0.8802,58.6987,True
CHNCXR_0544_1,Shenzhen,1,2,dilation_8px,8,True,37398,22,1460,28330,7586,2.6037,89,0.2045,65.0232,True
CHNCXR_0545_1,Shenzhen,1,4,dilation_0px,0,True,37937,22,1562,28532,7821,2.517,633,1.1469,54.7208,True
CHNCXR_0545_1,Shenzhen,1,4,dilation_4px,4,True,40623,22,1616,31527,7458,2.3506,28,0.0507,69.2049,True
CHNCXR_0545_1,Shenzhen,1,4,dilation_8px,8,True,43375,22,1693,34373,7287,2.2014,0,0.0,inf,True
CHNCXR_0546_1,Shenzhen,1,0,dilation_0px,0,True,47216,22,1781,36712,8701,2.4191,1061,1.7818,51.1973,True
CHNCXR_0546_1,Shenzhen,1,0,dilation_4px,4,True,50879,22,1846,40846,8165,2.245,14,0.0235,70.91,True
CHNCXR_0546_1,Shenzhen,1,0,dilation_8px,8,True,54265,22,1886,44604,7753,2.1049,0,0.0,inf,True
CHNCXR_0547_1,Shenzhen,1,3,dilation_0px,0,True,50325,22,1883,39740,8680,2.2939,1581,2.2338,50.7339,True
CHNCXR_0547_1,Shenzhen,1,3,dilation_4px,4,True,53768,22,1957,43660,8129,2.1471,243,0.3433,61.0534,True
CHNCXR_0547_1,Shenzhen,1,3,dilation_8px,8,True,57222,22,2015,47381,7804,2.0175,54,0.0763,69.2657,True
CHNCXR_0548_1,Shenzhen,1,3,dilation_0px,0,True,36528,22,1659,27053,7794,2.9038,496,0.9748,56.1802,True
CHNCXR_0548_1,Shenzhen,1,3,dilation_4px,4,True,39325,22,1705,30139,7459,2.6973,42,0.0825,68.2945,True
CHNCXR_0548_1,Shenzhen,1,3,dilation_8px,8,True,42136,22,1785,33092,7237,2.5173,0,0.0,inf,True
CHNCXR_0549_1,Shenzhen,1,0,dilation_0px,0,True,47065,22,1655,36883,8505,2.5567,2351,3.7742,49.5713,True
CHNCXR_0549_1,Shenzhen,1,0,dilation_4px,4,True,50342,22,1720,40512,8088,2.3903,596,0.9568,57.0594,True
CHNCXR_0549_1,Shenzhen,1,0,dilation_8px,8,True,53529,22,1747,43977,7783,2.248,148,0.2376,63.5103,True
CHNCXR_0550_1,Shenzhen,1,0,dilation_0px,0,True,45391,22,1533,34473,9363,2.5787,3257,5.2549,48.2703,True
CHNCXR_0550_1,Shenzhen,1,0,dilation_4px,4,True,48599,22,1594,37975,9008,2.4085,1378,2.2233,52.0891,True
CHNCXR_0550_1,Shenzhen,1,0,dilation_8px,8,True,51627,22,1673,41266,8666,2.2673,957,1.544,53.4298,True
CHNCXR_0551_1,Shenzhen,1,4,dilation_0px,0,True,49218,22,1882,39492,7822,2.3426,1558,2.1356,53.1913,True
CHNCXR_0551_1,Shenzhen,1,4,dilation_4px,4,True,52374,22,1926,43068,7358,2.2014,405,0.5551,61.8129,True
CHNCXR_0551_1,Shenzhen,1,4,dilation_8px,8,True,55535,22,1965,46426,7122,2.0761,106,0.1453,65.5655,True
CHNCXR_0552_1,Shenzhen,1,3,dilation_0px,0,True,38139,22,1434,27636,9047,3.0379,811,1.6877,52.2356,True
CHNCXR_0552_1,Shenzhen,1,3,dilation_4px,4,True,40863,22,1455,30812,8574,2.8354,86,0.179,65.0848,True
CHNCXR_0552_1,Shenzhen,1,3,dilation_8px,8,True,43578,22,1502,33803,8251,2.6587,9,0.0187,79.8965,True
CHNCXR_0553_1,Shenzhen,1,0,dilation_0px,0,True,55151,22,2015,45029,8085,2.0,1641,2.0056,52.4237,True
CHNCXR_0553_1,Shenzhen,1,0,dilation_4px,4,True,58741,22,2067,49104,7548,1.8778,683,0.8347,59.123,True
CHNCXR_0553_1,Shenzhen,1,0,dilation_8px,8,True,62217,22,2107,52896,7192,1.7728,404,0.4938,62.2571,True
CHNCXR_0554_1,Shenzhen,1,1,dilation_0px,0,True,56241,22,1994,45628,8597,2.1222,1084,1.3631,53.1392,True
CHNCXR_0554_1,Shenzhen,1,1,dilation_4px,4,True,59706,22,2033,49571,8080,1.999,122,0.1534,64.7155,True
CHNCXR_0554_1,Shenzhen,1,1,dilation_8px,8,True,63106,22,2064,53341,7679,1.8913,0,0.0,inf,True
CHNCXR_0555_1,Shenzhen,1,4,dilation_0px,0,True,46381,22,1619,35968,8772,2.5789,3227,4.9501,47.1588,True
CHNCXR_0555_1,Shenzhen,1,4,dilation_4px,4,True,49493,22,1676,39533,8262,2.4167,371,0.5691,57.7613,True
CHNCXR_0555_1,Shenzhen,1,4,dilation_8px,8,True,52581,22,1724,42947,7888,2.2748,20,0.0307,71.8794,True
CHNCXR_0556_1,Shenzhen,1,1,dilation_0px,0,True,52709,22,1865,41852,8970,2.3504,4824,6.1183,47.5844,True
CHNCXR_0556_1,Shenzhen,1,1,dilation_4px,4,True,56109,22,1915,45790,8382,2.208,1175,1.4902,55.7492,True
CHNCXR_0556_1,Shenzhen,1,1,dilation_8px,8,True,59498,22,1957,49472,8047,2.0822,62,0.0786,67.0041,True
CHNCXR_0557_1,Shenzhen,1,4,dilation_0px,0,True,53557,22,1890,43140,8505,2.2256,5346,6.5452,47.5017,True
CHNCXR_0557_1,Shenzhen,1,4,dilation_4px,4,True,57020,22,1942,47113,7943,2.0904,1709,2.0924,53.6592,True
CHNCXR_0557_1,Shenzhen,1,4,dilation_8px,8,True,60505,22,1983,50899,7601,1.97,505,0.6183,57.6324,True
CHNCXR_0558_1,Shenzhen,1,3,dilation_0px,0,True,35904,22,1423,26788,7671,2.9733,2833,5.9421,47.8567,True
CHNCXR_0558_1,Shenzhen,1,3,dilation_4px,4,True,38789,22,1491,30038,7238,2.7522,977,2.0492,55.5573,True
CHNCXR_0558_1,Shenzhen,1,3,dilation_8px,8,True,41668,22,1546,33114,6986,2.562,517,1.0844,58.23,True
CHNCXR_0559_1,Shenzhen,1,3,dilation_0px,0,True,54726,22,1938,44068,8698,2.2189,4316,5.2857,47.8908,True
CHNCXR_0559_1,Shenzhen,1,3,dilation_4px,4,True,58221,22,1986,48173,8040,2.0857,920,1.1267,56.5899,True
CHNCXR_0559_1,Shenzhen,1,3,dilation_8px,8,True,61713,22,2025,52017,7649,1.9677,126,0.1543,65.4207,True
CHNCXR_0560_1,Shenzhen,1,3,dilation_0px,0,False,48891,22,1752,38642,8475,2.3303,,,,True
CHNCXR_0560_1,Shenzhen,1,3,dilation_4px,4,False,52155,22,1805,42412,7916,2.1845,,,,True
CHNCXR_0560_1,Shenzhen,1,3,dilation_8px,8,False,55427,22,1850,45901,7654,2.0556,,,,True
CHNCXR_0561_1,Shenzhen,1,3,dilation_0px,0,False,44391,22,1735,34588,8046,2.2853,,,,True
CHNCXR_0561_1,Shenzhen,1,3,dilation_4px,4,False,47315,22,1771,37873,7649,2.1441,,,,True
CHNCXR_0561_1,Shenzhen,1,3,dilation_8px,8,False,50215,22,1816,40936,7441,2.0203,,,,True
CHNCXR_0562_1,Shenzhen,1,2,dilation_0px,0,False,54244,22,1909,43479,8834,2.2629,,,,True
CHNCXR_0562_1,Shenzhen,1,2,dilation_4px,4,False,57562,22,1961,47292,8287,2.1324,,,,True
CHNCXR_0562_1,Shenzhen,1,2,dilation_8px,8,False,60997,22,2001,50938,8036,2.0124,,,,True
CHNCXR_0563_1,Shenzhen,1,4,dilation_0px,0,False,55884,22,1955,44781,9126,2.2498,,,,True
CHNCXR_0563_1,Shenzhen,1,4,dilation_4px,4,False,59474,22,1998,48938,8516,2.114,,,,True
CHNCXR_0563_1,Shenzhen,1,4,dilation_8px,8,False,62965,22,2049,52764,8130,1.9968,,,,True
CHNCXR_0564_1,Shenzhen,1,1,dilation_0px,0,False,38733,22,1618,28850,8243,2.8511,,,,True
CHNCXR_0564_1,Shenzhen,1,1,dilation_4px,4,False,41546,22,1661,31895,7968,2.658,,,,True
CHNCXR_0564_1,Shenzhen,1,1,dilation_8px,8,False,44356,22,1728,34902,7704,2.4897,,,,True
CHNCXR_0565_1,Shenzhen,1,4,dilation_0px,0,False,34109,22,1350,24556,8181,3.1997,,,,True
CHNCXR_0565_1,Shenzhen,1,4,dilation_4px,4,False,36962,22,1385,27794,7761,2.9527,,,,True
CHNCXR_0565_1,Shenzhen,1,4,dilation_8px,8,False,39824,22,1421,30837,7544,2.7405,,,,True
CHNCXR_0566_1,Shenzhen,1,3,dilation_0px,0,True,45637,22,1690,36282,7643,2.1456,853,1.1932,53.9588,True
CHNCXR_0566_1,Shenzhen,1,3,dilation_4px,4,True,48822,22,1810,39703,7287,2.0056,123,0.1721,64.9648,True
CHNCXR_0566_1,Shenzhen,1,3,dilation_8px,8,True,51967,22,1854,43007,7084,1.8843,0,0.0,inf,True
CHNCXR_0567_1,Shenzhen,1,3,dilation_0px,0,True,38016,22,1339,28416,8239,3.1458,84,0.1781,59.2186,True
CHNCXR_0567_1,Shenzhen,1,3,dilation_4px,4,True,40831,22,1416,31568,7825,2.929,0,0.0,inf,True
CHNCXR_0567_1,Shenzhen,1,3,dilation_8px,8,True,43646,22,1465,34548,7611,2.74,0,0.0,inf,True
CHNCXR_0568_1,Shenzhen,1,3,dilation_0px,0,True,43687,22,1784,33158,8723,2.5481,185,0.3465,56.8961,True
CHNCXR_0568_1,Shenzhen,1,3,dilation_4px,4,True,46920,22,1816,36946,8136,2.3725,7,0.0131,78.3293,True
CHNCXR_0568_1,Shenzhen,1,3,dilation_8px,8,True,50181,22,1871,40546,7742,2.2183,0,0.0,inf,True
CHNCXR_0569_1,Shenzhen,1,0,dilation_0px,0,True,47832,22,1744,37196,8870,2.331,1718,3.0249,50.0244,True
CHNCXR_0569_1,Shenzhen,1,0,dilation_4px,4,True,51075,22,1781,40952,8320,2.183,857,1.5089,53.9783,True
CHNCXR_0569_1,Shenzhen,1,0,dilation_8px,8,True,54380,22,1813,44443,8102,2.0503,635,1.1181,55.632,True
CHNCXR_0570_1,Shenzhen,1,2,dilation_0px,0,True,45637,22,1666,35655,8294,2.3359,532,0.8532,54.027,True
CHNCXR_0570_1,Shenzhen,1,2,dilation_4px,4,True,48815,22,1770,39407,7616,2.1839,0,0.0,inf,True
CHNCXR_0570_1,Shenzhen,1,2,dilation_8px,8,True,52017,22,1848,42901,7246,2.0494,0,0.0,inf,True
CHNCXR_0571_1,Shenzhen,1,1,dilation_0px,0,True,45963,22,1716,35652,8573,2.451,657,1.0824,55.6895,True
CHNCXR_0571_1,Shenzhen,1,1,dilation_4px,4,True,49301,22,1756,39490,8033,2.285,219,0.3608,62.8112,True
CHNCXR_0571_1,Shenzhen,1,1,dilation_8px,8,True,52609,22,1827,43100,7660,2.1413,66,0.1087,66.9589,True
CHNCXR_0572_1,Shenzhen,1,4,dilation_0px,0,True,39549,22,1461,29292,8774,2.9486,876,1.8161,54.0287,True
CHNCXR_0572_1,Shenzhen,1,4,dilation_4px,4,True,42530,22,1549,32588,8371,2.7419,453,0.9392,58.013,True
CHNCXR_0572_1,Shenzhen,1,4,dilation_8px,8,True,45416,22,1603,35752,8039,2.5677,254,0.5266,60.4742,True
CHNCXR_0573_1,Shenzhen,1,2,dilation_0px,0,True,46122,22,1756,36087,8257,2.3395,1025,1.6522,53.6576,True
CHNCXR_0573_1,Shenzhen,1,2,dilation_4px,4,True,49419,22,1798,39969,7630,2.1835,280,0.4513,61.5471,True
CHNCXR_0573_1,Shenzhen,1,2,dilation_8px,8,True,52880,22,1861,43696,7301,2.0405,59,0.0951,68.4081,True
CHNCXR_0574_1,Shenzhen,1,4,dilation_0px,0,True,49571,22,1769,39564,8216,2.2138,396,0.5854,56.4943,True
CHNCXR_0574_1,Shenzhen,1,4,dilation_4px,4,True,52782,22,1834,43229,7697,2.0791,82,0.1212,66.4033,True
CHNCXR_0574_1,Shenzhen,1,4,dilation_8px,8,True,56125,22,1878,46750,7475,1.9553,0,0.0,inf,True
CHNCXR_0575_1,Shenzhen,1,2,dilation_0px,0,True,52156,22,1890,40849,9395,2.3834,655,0.9213,55.5054,True
CHNCXR_0575_1,Shenzhen,1,2,dilation_4px,4,True,55728,22,1946,44806,8954,2.2307,189,0.2658,60.2157,True
CHNCXR_0575_1,Shenzhen,1,2,dilation_8px,8,True,59233,22,1986,48583,8642,2.0987,26,0.0366,67.7005,True
CHNCXR_0576_1,Shenzhen,1,1,dilation_0px,0,True,49642,22,1936,39681,8003,2.2353,820,1.2093,54.654,True
CHNCXR_0576_1,Shenzhen,1,1,dilation_4px,4,True,53105,22,2016,43701,7366,2.0895,230,0.3392,61.7674,True
CHNCXR_0576_1,Shenzhen,1,1,dilation_8px,8,True,56573,22,2067,47448,7036,1.9614,23,0.0339,71.9719,True
CHNCXR_0577_1,Shenzhen,1,2,dilation_0px,0,True,48830,22,1725,38810,8273,2.4716,1815,2.6109,52.0227,True
CHNCXR_0577_1,Shenzhen,1,2,dilation_4px,4,True,52205,22,1796,42566,7821,2.3118,971,1.3968,56.4751,True
CHNCXR_0577_1,Shenzhen,1,2,dilation_8px,8,True,55485,22,1851,46126,7486,2.1751,544,0.7825,59.1119,True
CHNCXR_0578_1,Shenzhen,1,4,dilation_0px,0,True,55671,22,1950,44393,9306,2.2198,402,0.541,55.3449,True
CHNCXR_0578_1,Shenzhen,1,4,dilation_4px,4,True,59186,22,2021,48491,8652,2.0879,0,0.0,inf,True
CHNCXR_0578_1,Shenzhen,1,4,dilation_8px,8,True,62800,22,2060,52369,8349,1.9678,0,0.0,inf,True
CHNCXR_0579_1,Shenzhen,1,1,dilation_0px,0,True,48621,22,1811,38445,8343,2.2234,2603,3.777,49.9808,True
CHNCXR_0579_1,Shenzhen,1,1,dilation_4px,4,True,52211,22,1857,42395,7937,2.0706,1238,1.7964,54.9459,True
CHNCXR_0579_1,Shenzhen,1,1,dilation_8px,8,True,55573,22,1890,46042,7619,1.9453,646,0.9374,57.9161,True
CHNCXR_0580_1,Shenzhen,1,0,dilation_0px,0,True,48161,22,1728,38043,8368,2.3079,330,0.5064,54.6663,True
CHNCXR_0580_1,Shenzhen,1,0,dilation_4px,4,True,51458,22,1782,41894,7760,2.1601,0,0.0,inf,True
CHNCXR_0580_1,Shenzhen,1,0,dilation_8px,8,True,54741,22,1823,45572,7324,2.0305,0,0.0,inf,True
CHNCXR_0581_1,Shenzhen,1,1,dilation_0px,0,True,48968,22,1781,38678,8487,2.3132,224,0.3331,56.5555,True
CHNCXR_0581_1,Shenzhen,1,1,dilation_4px,4,True,52176,22,1832,42411,7911,2.171,0,0.0,inf,True
CHNCXR_0581_1,Shenzhen,1,1,dilation_8px,8,True,55372,22,1883,45928,7539,2.0457,0,0.0,inf,True
CHNCXR_0582_1,Shenzhen,1,2,dilation_0px,0,True,46952,22,1752,36529,8649,2.5919,666,1.0783,54.9943,True
CHNCXR_0582_1,Shenzhen,1,2,dilation_4px,4,True,50261,22,1793,40279,8167,2.4212,119,0.1927,63.0935,True
CHNCXR_0582_1,Shenzhen,1,2,dilation_8px,8,True,53568,22,1838,43876,7832,2.2717,9,0.0146,69.0746,True
CHNCXR_0583_1,Shenzhen,1,2,dilation_0px,0,True,50470,22,1756,39812,8880,2.4436,244,0.3605,56.9947,True
CHNCXR_0583_1,Shenzhen,1,2,dilation_4px,4,True,53770,22,1845,43691,8212,2.2936,0,0.0,inf,True
CHNCXR_0583_1,Shenzhen,1,2,dilation_8px,8,True,57275,22,1909,47369,7975,2.1532,0,0.0,inf,True
CHNCXR_0584_1,Shenzhen,1,2,dilation_0px,0,True,43881,22,1551,33642,8666,2.6795,75,0.1274,63.1784,True
CHNCXR_0584_1,Shenzhen,1,2,dilation_4px,4,True,46838,22,1601,37031,8184,2.5103,1,0.0017,72.9064,True
CHNCXR_0584_1,Shenzhen,1,2,dilation_8px,8,True,49837,22,1647,40332,7836,2.3593,0,0.0,inf,True
CHNCXR_0585_1,Shenzhen,1,3,dilation_0px,0,True,47923,22,1620,37217,9064,2.5385,159,0.2505,57.3521,True
CHNCXR_0585_1,Shenzhen,1,3,dilation_4px,4,True,51015,22,1660,40847,8486,2.3846,0,0.0,inf,True
CHNCXR_0585_1,Shenzhen,1,3,dilation_8px,8,True,54206,22,1703,44273,8208,2.2442,0,0.0,inf,True
CHNCXR_0586_1,Shenzhen,1,1,dilation_0px,0,True,34415,22,1320,24188,8885,3.2916,331,0.8103,56.2074,True
CHNCXR_0586_1,Shenzhen,1,1,dilation_4px,4,True,37040,22,1382,27118,8518,3.0583,26,0.0636,69.9775,True
CHNCXR_0586_1,Shenzhen,1,1,dilation_8px,8,True,39594,22,1429,29899,8244,2.861,0,0.0,inf,True
CHNCXR_0587_1,Shenzhen,1,0,dilation_0px,0,True,48068,22,1748,36895,9403,2.576,1119,1.799,52.4228,True
CHNCXR_0587_1,Shenzhen,1,0,dilation_4px,4,True,51302,22,1797,40722,8761,2.4136,482,0.7749,58.4092,True
CHNCXR_0587_1,Shenzhen,1,0,dilation_8px,8,True,54655,22,1837,44323,8473,2.2656,240,0.3858,61.4674,True
CHNCXR_0588_1,Shenzhen,1,1,dilation_0px,0,True,55753,22,1999,44756,8976,2.113,867,1.1008,54.9419,True
CHNCXR_0588_1,Shenzhen,1,1,dilation_4px,4,True,59460,22,2046,49034,8358,1.9813,206,0.2616,63.3207,True
CHNCXR_0588_1,Shenzhen,1,1,dilation_8px,8,True,63098,22,2082,53007,7987,1.867,80,0.1016,67.7894,True
CHNCXR_0589_1,Shenzhen,1,1,dilation_0px,0,True,49485,22,1832,38950,8681,2.3768,1180,1.8045,52.7608,True
CHNCXR_0589_1,Shenzhen,1,1,dilation_4px,4,True,52863,22,1900,42815,8126,2.2249,482,0.7371,58.5923,True
CHNCXR_0589_1,Shenzhen,1,1,dilation_8px,8,True,56322,22,1961,46496,7843,2.0883,189,0.289,62.8956,True
CHNCXR_0590_1,Shenzhen,1,1,dilation_0px,0,True,55072,22,1994,44761,8295,2.076,781,0.9923,54.2675,True
CHNCXR_0590_1,Shenzhen,1,1,dilation_4px,4,True,58680,22,2050,48925,7683,1.9484,42,0.0534,69.077,True
CHNCXR_0590_1,Shenzhen,1,1,dilation_8px,8,True,62408,22,2094,52924,7368,1.832,0,0.0,inf,True
CHNCXR_0591_1,Shenzhen,1,3,dilation_0px,0,True,51566,22,1838,40563,9143,2.3889,147,0.2102,57.6186,True
CHNCXR_0591_1,Shenzhen,1,3,dilation_4px,4,True,54923,22,1885,44489,8527,2.2429,0,0.0,inf,True
CHNCXR_0591_1,Shenzhen,1,3,dilation_8px,8,True,58330,22,1923,48105,8280,2.1119,0,0.0,inf,True
CHNCXR_0592_1,Shenzhen,1,0,dilation_0px,0,True,45492,22,1736,34966,8768,2.6077,425,0.6899,54.3541,True
CHNCXR_0592_1,Shenzhen,1,0,dilation_4px,4,True,48682,22,1800,38628,8232,2.4368,0,0.0,inf,True
CHNCXR_0592_1,Shenzhen,1,0,dilation_8px,8,True,51738,22,1843,41959,7914,2.2929,0,0.0,inf,True
CHNCXR_0593_1,Shenzhen,1,1,dilation_0px,0,True,53951,22,1960,42793,9176,2.2565,383,0.501,56.1115,True
CHNCXR_0593_1,Shenzhen,1,1,dilation_4px,4,True,57574,22,2008,47004,8540,2.1145,9,0.0118,69.8717,True
CHNCXR_0593_1,Shenzhen,1,1,dilation_8px,8,True,61197,22,2051,51043,8081,1.9893,0,0.0,inf,True
CHNCXR_0594_1,Shenzhen,1,4,dilation_0px,0,True,56140,22,2021,45272,8825,2.1092,141,0.1761,59.9578,True
CHNCXR_0594_1,Shenzhen,1,4,dilation_4px,4,True,59805,22,2072,49477,8234,1.98,1,0.0012,80.2623,True
CHNCXR_0594_1,Shenzhen,1,4,dilation_8px,8,True,63585,22,2113,53616,7834,1.8623,0,0.0,inf,True
CHNCXR_0595_1,Shenzhen,1,1,dilation_0px,0,True,54788,22,1968,43914,8884,2.0752,353,0.4595,56.0478,True
CHNCXR_0595_1,Shenzhen,1,1,dilation_4px,4,True,58334,22,2014,47967,8331,1.9491,0,0.0,inf,True
CHNCXR_0595_1,Shenzhen,1,1,dilation_8px,8,True,61881,22,2054,51887,7918,1.8374,0,0.0,inf,True
CHNCXR_0596_1,Shenzhen,1,4,dilation_0px,0,True,39439,22,1676,29967,7774,2.3279,96,0.1713,59.515,True
CHNCXR_0596_1,Shenzhen,1,4,dilation_4px,4,True,42395,22,1759,33162,7452,2.1656,0,0.0,inf,True
CHNCXR_0596_1,Shenzhen,1,4,dilation_8px,8,True,45357,22,1797,36321,7217,2.0242,0,0.0,inf,True
CHNCXR_0597_1,Shenzhen,1,1,dilation_0px,0,True,45582,22,1709,34654,9197,2.661,98,0.169,59.6288,True
CHNCXR_0597_1,Shenzhen,1,1,dilation_4px,4,True,48714,22,1782,38303,8607,2.4899,0,0.0,inf,True
CHNCXR_0597_1,Shenzhen,1,1,dilation_8px,8,True,51877,22,1847,41786,8222,2.3381,0,0.0,inf,True
CHNCXR_0598_1,Shenzhen,1,3,dilation_0px,0,True,48753,22,1880,38516,8335,2.253,594,0.7764,57.4145,True
CHNCXR_0598_1,Shenzhen,1,3,dilation_4px,4,True,51906,22,1920,41918,8046,2.1162,127,0.166,67.4353,True
CHNCXR_0598_1,Shenzhen,1,3,dilation_8px,8,True,55056,22,1958,45269,7807,1.9951,25,0.0327,76.715,True
CHNCXR_0599_1,Shenzhen,1,4,dilation_0px,0,True,35202,22,1572,25701,7907,3.0217,2762,5.0397,52.7751,True
CHNCXR_0599_1,Shenzhen,1,4,dilation_4px,4,True,37832,22,1624,28514,7672,2.8116,1579,2.8811,56.8769,True
CHNCXR_0599_1,Shenzhen,1,4,dilation_8px,8,True,40292,22,1682,31067,7521,2.64,1025,1.8703,59.3438,True
CHNCXR_0600_1,Shenzhen,1,4,dilation_0px,0,True,56271,22,1963,45122,9164,2.2,267,0.3669,56.6974,True
CHNCXR_0600_1,Shenzhen,1,4,dilation_4px,4,True,59965,22,2021,49390,8532,2.0645,1,0.0014,72.6685,True
CHNCXR_0600_1,Shenzhen,1,4,dilation_8px,8,True,63765,22,2068,53475,8200,1.9415,0,0.0,inf,True
CHNCXR_0601_1,Shenzhen,1,1,dilation_0px,0,True,36218,22,1438,26494,8264,3.0096,1922,3.9639,48.1738,True
CHNCXR_0601_1,Shenzhen,1,1,dilation_4px,4,True,38989,22,1513,29696,7758,2.7957,260,0.5362,58.9872,True
CHNCXR_0601_1,Shenzhen,1,1,dilation_8px,8,True,41722,22,1561,32684,7455,2.6125,46,0.0949,66.0774,True
CHNCXR_0602_1,Shenzhen,1,2,dilation_0px,0,True,54292,22,2043,43383,8844,1.944,1626,1.8552,52.853,True
CHNCXR_0602_1,Shenzhen,1,2,dilation_4px,4,True,57681,22,2088,47138,8433,1.8298,207,0.2362,64.4874,True
CHNCXR_0602_1,Shenzhen,1,2,dilation_8px,8,True,61089,22,2139,50721,8207,1.7277,56,0.0639,69.343,True
CHNCXR_0603_1,Shenzhen,1,2,dilation_0px,0,True,27134,22,961,18596,7555,3.2394,5331,13.1675,45.9435,True
CHNCXR_0603_1,Shenzhen,1,2,dilation_4px,4,True,28704,22,980,20315,7387,3.0622,3925,9.6947,48.2697,True
CHNCXR_0603_1,Shenzhen,1,2,dilation_8px,8,True,30193,22,1003,21851,7317,2.9112,3778,9.3316,48.4544,True
CHNCXR_0604_1,Shenzhen,1,2,dilation_0px,0,True,30010,22,1243,21123,7622,3.4359,822,1.914,52.2244,True
CHNCXR_0604_1,Shenzhen,1,2,dilation_4px,4,True,32279,22,1266,23647,7344,3.1944,33,0.0768,67.2503,True
CHNCXR_0604_1,Shenzhen,1,2,dilation_8px,8,True,34617,22,1336,26091,7168,2.9786,11,0.0256,72.5568,True
CHNCXR_0605_1,Shenzhen,1,1,dilation_0px,0,True,42699,22,1754,33473,7450,2.1682,1114,1.6555,53.7142,True
CHNCXR_0605_1,Shenzhen,1,1,dilation_4px,4,True,45735,22,1854,36752,7107,2.0243,58,0.0862,70.5331,True
CHNCXR_0605_1,Shenzhen,1,1,dilation_8px,8,True,48785,22,1915,39978,6870,1.8978,0,0.0,inf,True
CHNCXR_0606_1,Shenzhen,1,1,dilation_0px,0,True,37916,22,1690,27108,9096,3.1479,2683,5.254,48.1491,True
CHNCXR_0606_1,Shenzhen,1,1,dilation_4px,4,True,40704,22,1724,30217,8741,2.9322,794,1.5549,54.0707,True
CHNCXR_0606_1,Shenzhen,1,1,dilation_8px,8,True,43521,22,1774,33198,8527,2.7424,494,0.9674,56.541,True
CHNCXR_0607_1,Shenzhen,1,3,dilation_0px,0,True,56048,22,1941,44742,9343,2.2461,2121,2.6236,48.9647,True
CHNCXR_0607_1,Shenzhen,1,3,dilation_4px,4,True,59673,22,1993,48935,8723,2.1096,279,0.3451,60.982,True
CHNCXR_0607_1,Shenzhen,1,3,dilation_8px,8,True,63353,22,2042,52906,8383,1.9871,70,0.0866,65.8242,True
CHNCXR_0608_1,Shenzhen,1,2,dilation_0px,0,True,47314,22,1759,36247,9286,2.5623,2435,3.7251,48.1129,True
CHNCXR_0608_1,Shenzhen,1,2,dilation_4px,4,True,50639,22,1796,40178,8643,2.394,390,0.5966,58.8157,True
CHNCXR_0608_1,Shenzhen,1,2,dilation_8px,8,True,54102,22,1879,43837,8364,2.2408,247,0.3779,62.8052,True
CHNCXR_0609_1,Shenzhen,1,0,dilation_0px,0,True,53890,22,1872,42814,9182,2.3129,2002,2.5944,49.3404,True
CHNCXR_0609_1,Shenzhen,1,0,dilation_4px,4,True,57268,22,1914,46790,8542,2.1764,275,0.3564,60.1539,True
CHNCXR_0609_1,Shenzhen,1,0,dilation_8px,8,True,60783,22,1949,50546,8266,2.0506,156,0.2022,62.9175,True
CHNCXR_0610_1,Shenzhen,1,3,dilation_0px,0,True,44720,22,1717,34563,8418,2.7093,5831,8.8282,47.0133,True
CHNCXR_0610_1,Shenzhen,1,3,dilation_4px,4,True,48224,22,1744,38403,8055,2.5124,2806,4.2483,51.4835,True
CHNCXR_0610_1,Shenzhen,1,3,dilation_8px,8,True,51612,22,1779,42042,7769,2.3475,1466,2.2195,54.8732,True
CHNCXR_0611_1,Shenzhen,1,2,dilation_0px,0,True,41527,22,1591,31363,8551,2.3787,2348,3.4824,51.2644,True
CHNCXR_0611_1,Shenzhen,1,2,dilation_4px,4,True,44446,22,1712,34457,8255,2.2225,325,0.482,61.9381,True
CHNCXR_0611_1,Shenzhen,1,2,dilation_8px,8,True,47228,22,1771,37423,8012,2.0916,52,0.0771,71.7355,True
CHNCXR_0612_1,Shenzhen,1,1,dilation_0px,0,True,45235,22,1730,35051,8432,2.5663,2535,3.9336,48.2355,True
CHNCXR_0612_1,Shenzhen,1,1,dilation_4px,4,True,48443,22,1822,38761,7838,2.3963,349,0.5416,58.9148,True
CHNCXR_0612_1,Shenzhen,1,1,dilation_8px,8,True,51587,22,1867,42222,7476,2.2503,60,0.0931,66.409,True
CHNCXR_0613_1,Shenzhen,1,0,dilation_0px,0,True,46175,22,1751,35021,9381,2.3586,1644,2.2966,51.8434,True
CHNCXR_0613_1,Shenzhen,1,0,dilation_4px,4,True,49173,22,1813,38340,8998,2.2148,234,0.3269,62.8751,True
CHNCXR_0613_1,Shenzhen,1,0,dilation_8px,8,True,52124,22,1857,41533,8712,2.0894,40,0.0559,70.3041,True
CHNCXR_0614_1,Shenzhen,1,1,dilation_0px,0,True,55423,22,1973,44372,9056,2.2518,4349,5.1982,47.5613,True
CHNCXR_0614_1,Shenzhen,1,1,dilation_4px,4,True,59043,22,2025,48504,8492,2.1138,1292,1.5443,55.5392,True
CHNCXR_0614_1,Shenzhen,1,1,dilation_8px,8,True,62556,22,2066,52447,8021,1.9951,475,0.5677,59.4428,True
CHNCXR_0615_1,Shenzhen,1,0,dilation_0px,0,True,40453,22,1684,29780,8967,2.5026,2352,3.8757,49.0537,True
CHNCXR_0615_1,Shenzhen,1,0,dilation_4px,4,True,43614,22,1743,33228,8621,2.3213,298,0.4911,60.6495,True
CHNCXR_0615_1,Shenzhen,1,0,dilation_8px,8,True,46651,22,1820,36463,8346,2.1701,41,0.0676,69.3153,True
CHNCXR_0616_1,Shenzhen,1,0,dilation_0px,0,True,41064,22,1658,31291,8093,2.4507,1776,2.812,50.9926,True
CHNCXR_0616_1,Shenzhen,1,0,dilation_4px,4,True,43974,22,1720,34512,7720,2.2885,295,0.4671,61.0862,True
CHNCXR_0616_1,Shenzhen,1,0,dilation_8px,8,True,46875,22,1785,37569,7499,2.1469,105,0.1663,63.9131,True
CHNCXR_0617_1,Shenzhen,1,4,dilation_0px,0,True,48481,22,1680,38128,8651,2.4619,2121,3.0984,50.2131,True
CHNCXR_0617_1,Shenzhen,1,4,dilation_4px,4,True,51799,22,1770,41811,8196,2.3042,350,0.5113,60.4588,True
CHNCXR_0617_1,Shenzhen,1,4,dilation_8px,8,True,55034,22,1819,45404,7789,2.1688,184,0.2688,63.0943,True
CHNCXR_0618_1,Shenzhen,1,1,dilation_0px,0,True,54224,22,1967,43611,8624,2.2174,3422,4.2573,48.7662,True
CHNCXR_0618_1,Shenzhen,1,1,dilation_4px,4,True,57786,22,2008,47679,8077,2.0807,662,0.8236,58.4583,True
CHNCXR_0618_1,Shenzhen,1,1,dilation_8px,8,True,61287,22,2048,51519,7698,1.9618,112,0.1393,66.6056,True
CHNCXR_0619_1,Shenzhen,1,4,dilation_0px,0,True,56823,22,2017,46254,8530,2.0946,2614,3.0204,50.0075,True
CHNCXR_0619_1,Shenzhen,1,4,dilation_4px,4,True,60418,22,2071,50374,7951,1.97,350,0.4044,61.4664,True
CHNCXR_0619_1,Shenzhen,1,4,dilation_8px,8,True,64036,22,2116,54294,7604,1.8587,45,0.052,71.3123,True
CHNCXR_0620_1,Shenzhen,1,4,dilation_0px,0,True,53002,22,1916,42053,9011,2.259,2579,3.4281,49.1723,True
CHNCXR_0620_1,Shenzhen,1,4,dilation_4px,4,True,56494,22,2017,46153,8302,2.1194,490,0.6513,58.6948,True
CHNCXR_0620_1,Shenzhen,1,4,dilation_8px,8,True,60026,22,2072,50087,7845,1.9947,106,0.1409,64.2396,True
CHNCXR_0621_1,Shenzhen,1,4,dilation_0px,0,True,41206,22,1511,30571,9102,2.9823,1761,3.2925,50.5261,True
CHNCXR_0621_1,Shenzhen,1,4,dilation_4px,4,True,44325,22,1569,34058,8676,2.7724,500,0.9348,57.764,True
CHNCXR_0621_1,Shenzhen,1,4,dilation_8px,8,True,47415,22,1619,37349,8425,2.5917,307,0.574,59.8273,True
CHNCXR_0622_1,Shenzhen,1,2,dilation_0px,0,True,52189,22,1862,41443,8862,2.4089,9577,11.5954,45.1756,True
CHNCXR_0622_1,Shenzhen,1,2,dilation_4px,4,True,55682,22,1900,45493,8267,2.2578,5281,6.394,48.8969,True
CHNCXR_0622_1,Shenzhen,1,2,dilation_8px,8,True,59112,22,1944,49302,7844,2.1268,2129,2.5777,52.2872,True
CHNCXR_0623_1,Shenzhen,1,4,dilation_0px,0,True,48209,22,1787,37677,8723,2.3095,1216,1.8223,51.1841,True
CHNCXR_0623_1,Shenzhen,1,4,dilation_4px,4,True,51657,22,1878,41575,8182,2.1553,232,0.3477,59.8913,True
CHNCXR_0623_1,Shenzhen,1,4,dilation_8px,8,True,55105,22,1923,45288,7872,2.0205,62,0.0929,65.8278,True
CHNCXR_0624_1,Shenzhen,1,2,dilation_0px,0,True,28544,22,1258,18788,8476,3.6278,1019,2.9757,52.511,True
CHNCXR_0624_1,Shenzhen,1,2,dilation_4px,4,True,31079,22,1272,21539,8246,3.3319,285,0.8323,60.6482,True
CHNCXR_0624_1,Shenzhen,1,2,dilation_8px,8,True,33580,22,1315,24167,8076,3.0837,63,0.184,65.8724,True
CHNCXR_0625_1,Shenzhen,1,1,dilation_0px,0,True,53901,22,2004,44024,7851,1.9774,4763,5.7854,48.7347,True
CHNCXR_0625_1,Shenzhen,1,1,dilation_4px,4,True,57514,22,2069,48195,7228,1.8532,2565,3.1156,53.1708,True
CHNCXR_0625_1,Shenzhen,1,1,dilation_8px,8,True,61148,22,2129,52150,6847,1.743,1662,2.0188,55.4382,True
CHNCXR_0626_1,Shenzhen,1,2,dilation_0px,0,True,45645,22,1695,34562,9366,2.6764,1548,2.5385,48.999,True
CHNCXR_0626_1,Shenzhen,1,2,dilation_4px,4,True,48828,22,1740,38321,8745,2.502,78,0.1279,61.591,True
CHNCXR_0626_1,Shenzhen,1,2,dilation_8px,8,True,52099,22,1778,41883,8416,2.3449,15,0.0246,66.3213,True
CHNCXR_0627_1,Shenzhen,1,0,dilation_0px,0,True,43901,22,1603,33869,8407,2.5203,978,1.6321,51.8744,True
CHNCXR_0627_1,Shenzhen,1,0,dilation_4px,4,True,47003,22,1682,37433,7866,2.354,135,0.2253,61.1209,True
CHNCXR_0627_1,Shenzhen,1,0,dilation_8px,8,True,50058,22,1724,40867,7445,2.2103,29,0.0484,64.1747,True
CHNCXR_0628_1,Shenzhen,1,2,dilation_0px,0,True,51504,22,1778,40453,9251,2.3959,935,1.2975,52.6284,True
CHNCXR_0628_1,Shenzhen,1,2,dilation_4px,4,True,54777,22,1831,44291,8633,2.2528,20,0.0278,72.834,True
CHNCXR_0628_1,Shenzhen,1,2,dilation_8px,8,True,58099,22,1870,47939,8268,2.124,0,0.0,inf,True
CHNCXR_0629_1,Shenzhen,1,2,dilation_0px,0,True,48855,22,1748,38279,8806,2.5115,1503,2.2434,51.4451,True
CHNCXR_0629_1,Shenzhen,1,2,dilation_4px,4,True,52140,22,1800,42015,8303,2.3532,154,0.2299,61.2712,True
CHNCXR_0629_1,Shenzhen,1,2,dilation_8px,8,True,55295,22,1836,45568,7869,2.219,9,0.0134,69.6611,True
CHNCXR_0630_1,Shenzhen,1,0,dilation_0px,0,True,44066,22,1532,33299,9213,2.7132,797,1.3526,51.7556,True
CHNCXR_0630_1,Shenzhen,1,0,dilation_4px,4,True,46969,22,1584,36714,8649,2.5455,1,0.0017,78.9316,True
CHNCXR_0630_1,Shenzhen,1,0,dilation_8px,8,True,49981,22,1648,39905,8406,2.3921,0,0.0,inf,True
CHNCXR_0631_1,Shenzhen,1,3,dilation_0px,0,True,39410,22,1532,29902,7954,2.657,1109,2.0395,51.378,True
CHNCXR_0631_1,Shenzhen,1,3,dilation_4px,4,True,42282,22,1553,33186,7521,2.4765,11,0.0202,70.0815,True
CHNCXR_0631_1,Shenzhen,1,3,dilation_8px,8,True,45189,22,1614,36403,7150,2.3172,0,0.0,inf,True
CHNCXR_0632_1,Shenzhen,1,4,dilation_0px,0,True,38207,22,1377,28272,8536,3.0253,457,0.9039,54.8282,True
CHNCXR_0632_1,Shenzhen,1,4,dilation_4px,4,True,40958,22,1450,31345,8141,2.8221,71,0.1404,67.5798,True
CHNCXR_0632_1,Shenzhen,1,4,dilation_8px,8,True,43648,22,1501,34364,7761,2.6482,15,0.0297,69.4055,True
CHNCXR_0633_1,Shenzhen,1,1,dilation_0px,0,True,39745,22,1501,29169,9053,3.0594,3361,6.0701,48.5497,True
CHNCXR_0633_1,Shenzhen,1,1,dilation_4px,4,True,42685,22,1538,32486,8639,2.8487,1823,3.2924,52.8463,True
CHNCXR_0633_1,Shenzhen,1,1,dilation_8px,8,True,45507,22,1576,35488,8421,2.6721,1402,2.5321,54.2033,True
CHNCXR_0634_1,Shenzhen,1,2,dilation_0px,0,True,50265,22,1831,40557,7855,2.1596,1278,1.7138,51.6306,True
CHNCXR_0634_1,Shenzhen,1,2,dilation_4px,4,True,53664,22,1884,44513,7245,2.0228,16,0.0215,72.8426,True
CHNCXR_0634_1,Shenzhen,1,2,dilation_8px,8,True,57103,22,1932,48130,7019,1.901,0,0.0,inf,True
CHNCXR_0635_1,Shenzhen,1,2,dilation_0px,0,True,39112,22,1597,30295,7198,2.2827,11218,15.6129,48.2596,True
CHNCXR_0635_1,Shenzhen,1,2,dilation_4px,4,True,41864,22,1678,33262,6902,2.1327,8512,11.8467,50.6078,True
CHNCXR_0635_1,Shenzhen,1,2,dilation_8px,8,True,44705,22,1755,36176,6752,1.9971,7117,9.9052,51.6833,True
CHNCXR_0636_1,Shenzhen,1,3,dilation_0px,0,True,42094,22,1635,32164,8273,2.5258,1511,2.3305,52.9844,True
CHNCXR_0636_1,Shenzhen,1,3,dilation_4px,4,True,45014,22,1716,35301,7975,2.3619,65,0.1003,67.4811,True
CHNCXR_0636_1,Shenzhen,1,3,dilation_8px,8,True,47895,22,1768,38316,7789,2.2198,2,0.0031,77.6158,True
CHNCXR_0637_1,Shenzhen,1,0,dilation_0px,0,True,35595,22,1450,26075,8048,2.6768,2148,4.2495,50.7456,True
CHNCXR_0637_1,Shenzhen,1,0,dilation_4px,4,True,38283,22,1484,29003,7774,2.4888,387,0.7656,58.5582,True
CHNCXR_0637_1,Shenzhen,1,0,dilation_8px,8,True,40930,22,1579,31821,7508,2.3279,100,0.1978,65.7776,True
CHNCXR_0638_1,Shenzhen,1,2,dilation_0px,0,True,49658,22,1697,38707,9232,2.4593,2621,3.8482,49.6724,True
CHNCXR_0638_1,Shenzhen,1,2,dilation_4px,4,True,53014,22,1782,42437,8773,2.3036,813,1.1937,56.2377,True
CHNCXR_0638_1,Shenzhen,1,2,dilation_8px,8,True,56297,22,1834,45955,8486,2.1693,304,0.4463,61.5957,True
CHNCXR_0639_1,Shenzhen,1,0,dilation_0px,0,True,44460,22,1793,34371,8274,2.2831,3027,4.3221,50.5328,True
CHNCXR_0639_1,Shenzhen,1,0,dilation_4px,4,True,47419,22,1839,37686,7872,2.1407,413,0.5897,61.3818,True
CHNCXR_0639_1,Shenzhen,1,0,dilation_8px,8,True,50478,22,1888,40922,7646,2.0109,50,0.0714,69.5856,True
CHNCXR_0640_1,Shenzhen,1,4,dilation_0px,0,True,40211,22,1665,30991,7533,2.6265,6231,9.3153,48.5944,True
CHNCXR_0640_1,Shenzhen,1,4,dilation_4px,4,True,43158,22,1746,34129,7261,2.4472,3237,4.8393,52.3861,True
CHNCXR_0640_1,Shenzhen,1,4,dilation_8px,8,True,46000,22,1777,37146,7055,2.296,1795,2.6835,55.3454,True
CHNCXR_0641_1,Shenzhen,1,0,dilation_0px,0,True,50470,22,1784,40277,8387,2.1068,1393,1.9502,50.336,True
CHNCXR_0641_1,Shenzhen,1,0,dilation_4px,4,True,53844,22,1831,44339,7652,1.9748,39,0.0546,66.9105,True
CHNCXR_0641_1,Shenzhen,1,0,dilation_8px,8,True,57323,22,1876,48165,7260,1.8549,0,0.0,inf,True
CHNCXR_0642_1,Shenzhen,1,4,dilation_0px,0,True,50937,22,1839,40935,8141,2.0729,2361,3.1689,49.961,True
CHNCXR_0642_1,Shenzhen,1,4,dilation_4px,4,True,54536,22,1948,45001,7565,1.9361,541,0.7261,57.1904,True
CHNCXR_0642_1,Shenzhen,1,4,dilation_8px,8,True,58191,22,1990,48918,7261,1.8145,302,0.4053,59.722,True
CHNCXR_0643_1,Shenzhen,1,0,dilation_0px,0,True,54474,22,1916,44305,8231,2.0149,2024,2.5804,49.9465,True
CHNCXR_0643_1,Shenzhen,1,0,dilation_4px,4,True,58063,22,1971,48444,7626,1.8903,156,0.1989,63.7517,True
CHNCXR_0643_1,Shenzhen,1,0,dilation_8px,8,True,61582,22,2009,52376,7175,1.7823,3,0.0038,76.8642,True
CHNCXR_0644_1,Shenzhen,1,3,dilation_0px,0,True,48699,22,1881,37897,8899,2.2291,1339,1.7969,53.7338,True
CHNCXR_0644_1,Shenzhen,1,3,dilation_4px,4,True,51832,22,1945,41291,8574,2.0943,249,0.3341,63.1225,True
CHNCXR_0644_1,Shenzhen,1,3,dilation_8px,8,True,54970,22,1992,44619,8337,1.9748,60,0.0805,67.4086,True
CHNCXR_0645_1,Shenzhen,1,2,dilation_0px,0,True,48472,22,1881,38139,8430,2.2931,1174,1.7565,52.5523,True
CHNCXR_0645_1,Shenzhen,1,2,dilation_4px,4,True,51801,22,1921,42081,7777,2.1457,224,0.3351,61.5039,True
CHNCXR_0645_1,Shenzhen,1,2,dilation_8px,8,True,55184,22,1964,45723,7475,2.0142,29,0.0434,67.0918,True
CHNCXR_0646_1,Shenzhen,1,0,dilation_0px,0,True,39002,22,1464,28883,8633,3.0596,771,1.6298,51.8161,True
CHNCXR_0646_1,Shenzhen,1,0,dilation_4px,4,True,41866,22,1537,32122,8185,2.8503,101,0.2135,63.0815,True
CHNCXR_0646_1,Shenzhen,1,0,dilation_8px,8,True,44759,22,1592,35274,7871,2.6661,27,0.0571,69.0706,True
CHNCXR_0647_1,Shenzhen,1,2,dilation_0px,0,True,41499,22,1662,31297,8518,2.8947,988,1.8018,52.2475,True
CHNCXR_0647_1,Shenzhen,1,2,dilation_4px,4,True,44488,22,1718,34746,8002,2.7002,12,0.0219,73.2424,True
CHNCXR_0647_1,Shenzhen,1,2,dilation_8px,8,True,47430,22,1752,37964,7692,2.5327,0,0.0,inf,True
CHNCXR_0648_1,Shenzhen,1,3,dilation_0px,0,True,49108,22,1879,38531,8676,2.2861,2948,4.6816,48.6289,True
CHNCXR_0648_1,Shenzhen,1,3,dilation_4px,4,True,52587,22,1936,42422,8207,2.1349,997,1.5833,55.6685,True
CHNCXR_0648_1,Shenzhen,1,3,dilation_8px,8,True,56098,22,1977,46128,7971,2.0013,326,0.5177,61.7685,True
CHNCXR_0649_1,Shenzhen,1,4,dilation_0px,0,True,39032,22,1549,30295,7166,2.6728,1451,2.3721,53.5169,True
CHNCXR_0649_1,Shenzhen,1,4,dilation_4px,4,True,41708,22,1605,33192,6889,2.5013,184,0.3008,64.5473,True
CHNCXR_0649_1,Shenzhen,1,4,dilation_8px,8,True,44354,22,1648,36016,6668,2.3521,0,0.0,inf,True
CHNCXR_0650_1,Shenzhen,1,1,dilation_0px,0,True,45727,22,1679,35826,8200,2.4578,1298,2.0426,51.7703,True
CHNCXR_0650_1,Shenzhen,1,1,dilation_4px,4,True,48923,22,1785,39480,7636,2.2972,155,0.2439,62.4585,True
CHNCXR_0650_1,Shenzhen,1,1,dilation_8px,8,True,52044,22,1835,42888,7299,2.1595,5,0.0079,78.919,True
CHNCXR_0651_1,Shenzhen,1,4,dilation_0px,0,True,54517,22,2035,43312,9148,2.1925,1834,2.3713,50.6238,True
CHNCXR_0651_1,Shenzhen,1,4,dilation_4px,4,True,58211,22,2081,47514,8594,2.0533,98,0.1267,65.7633,True
CHNCXR_0651_1,Shenzhen,1,4,dilation_8px,8,True,61853,22,2116,51598,8117,1.9324,2,0.0026,76.1512,True
CHNCXR_0652_1,Shenzhen,1,2,dilation_0px,0,True,41027,22,1541,30058,9406,3.0357,1484,2.8258,49.5787,True
CHNCXR_0652_1,Shenzhen,1,2,dilation_4px,4,True,44011,22,1607,33415,8967,2.8298,54,0.1028,63.9319,True
CHNCXR_0652_1,Shenzhen,1,2,dilation_8px,8,True,46961,22,1676,36651,8612,2.6521,7,0.0133,76.7605,True
CHNCXR_0653_1,Shenzhen,1,1,dilation_0px,0,True,50245,22,1957,39606,8660,2.3341,2555,3.6253,51.08,True
CHNCXR_0653_1,Shenzhen,1,1,dilation_4px,4,True,53744,22,2000,43540,8182,2.1822,1256,1.7821,56.4556,True
CHNCXR_0653_1,Shenzhen,1,1,dilation_8px,8,True,57183,22,2080,47234,7847,2.0509,749,1.0628,59.1278,True
CHNCXR_0654_1,Shenzhen,1,2,dilation_0px,0,True,63866,22,2233,53304,8307,1.8291,1447,1.5085,53.1036,True
CHNCXR_0654_1,Shenzhen,1,2,dilation_4px,4,True,67753,22,2281,57790,7660,1.7242,90,0.0938,69.287,True
CHNCXR_0654_1,Shenzhen,1,2,dilation_8px,8,True,71596,22,2324,61943,7307,1.6316,0,0.0,inf,True
CHNCXR_0655_1,Shenzhen,1,4,dilation_0px,0,True,49248,22,1926,39482,7818,2.1166,933,1.2026,55.9321,True
CHNCXR_0655_1,Shenzhen,1,4,dilation_4px,4,True,52455,22,2001,42917,7515,1.9872,91,0.1173,67.3391,True
CHNCXR_0655_1,Shenzhen,1,4,dilation_8px,8,True,55675,22,2042,46297,7314,1.8722,14,0.018,77.7858,True
CHNCXR_0656_1,Shenzhen,1,1,dilation_0px,0,True,36482,22,1410,26033,9017,3.2854,1290,2.8579,51.6242,True
CHNCXR_0656_1,Shenzhen,1,1,dilation_4px,4,True,39188,22,1467,29069,8630,3.0586,424,0.9393,58.542,True
CHNCXR_0656_1,Shenzhen,1,1,dilation_8px,8,True,41883,22,1517,32060,8284,2.8618,91,0.2016,64.7507,True
CHNCXR_0657_1,Shenzhen,1,4,dilation_0px,0,True,56237,22,1997,45443,8775,2.101,724,0.9461,54.2035,True
CHNCXR_0657_1,Shenzhen,1,4,dilation_4px,4,True,59818,22,2069,49639,8088,1.9752,14,0.0183,74.6899,True
CHNCXR_0657_1,Shenzhen,1,4,dilation_8px,8,True,63568,22,2107,53683,7756,1.8587,0,0.0,inf,True
CHNCXR_0658_1,Shenzhen,1,2,dilation_0px,0,True,49802,22,1791,39131,8858,2.3308,1871,2.8608,49.3347,True
CHNCXR_0658_1,Shenzhen,1,2,dilation_4px,4,True,53235,22,1870,43115,8228,2.1805,194,0.2966,60.266,True
CHNCXR_0658_1,Shenzhen,1,2,dilation_8px,8,True,56657,22,1911,46890,7834,2.0488,0,0.0,inf,True
CHNCXR_0659_1,Shenzhen,1,4,dilation_0px,0,True,45814,22,1598,35480,8714,2.7016,907,1.4631,52.3066,True
CHNCXR_0659_1,Shenzhen,1,4,dilation_4px,4,True,48753,22,1642,38859,8230,2.5387,26,0.0419,70.2108,True
CHNCXR_0659_1,Shenzhen,1,4,dilation_8px,8,True,51647,22,1686,41999,7940,2.3964,0,0.0,inf,True
CHNCXR_0660_1,Shenzhen,1,0,dilation_0px,0,True,45097,22,1719,34312,9044,2.5924,2005,3.7006,49.7264,True
CHNCXR_0660_1,Shenzhen,1,0,dilation_4px,4,True,48181,22,1768,37833,8558,2.4264,343,0.6331,59.0278,True
CHNCXR_0660_1,Shenzhen,1,0,dilation_8px,8,True,51350,22,1808,41218,8302,2.2767,28,0.0517,67.1251,True
CHNCXR_0661_1,Shenzhen,1,0,dilation_0px,0,True,58717,22,2092,47796,8807,2.0972,3469,3.9766,49.5287,True
CHNCXR_0661_1,Shenzhen,1,0,dilation_4px,4,True,62367,22,2148,52049,8148,1.9744,866,0.9927,57.9502,True
CHNCXR_0661_1,Shenzhen,1,0,dilation_8px,8,True,65919,22,2201,55941,7755,1.8681,253,0.29,63.5985,True
CHNCXR_0662_1,Shenzhen,1,3,dilation_0px,0,True,58260,22,2022,47859,8357,1.9584,3319,3.8222,49.7916,True
CHNCXR_0662_1,Shenzhen,1,3,dilation_4px,4,True,61998,22,2088,52175,7713,1.8403,838,0.965,57.6037,True
CHNCXR_0662_1,Shenzhen,1,3,dilation_8px,8,True,65744,22,2135,56271,7316,1.7354,150,0.1727,64.4407,True
MCUCXR_0001_0,Montgomery,0,0,dilation_0px,0,True,32232,22,1278,24767,6165,2.3149,1539,2.953,50.8104,True
MCUCXR_0001_0,Montgomery,0,0,dilation_4px,4,True,34714,22,1338,27408,5946,2.1494,126,0.2418,63.4707,True
MCUCXR_0001_0,Montgomery,0,0,dilation_8px,8,True,37193,22,1376,30072,5723,2.0061,30,0.0576,73.7169,True
MCUCXR_0002_0,Montgomery,0,1,dilation_0px,0,True,29739,22,1322,21503,6892,2.9948,1747,3.9794,50.2099,True
MCUCXR_0002_0,Montgomery,0,1,dilation_4px,4,True,32311,22,1353,24304,6632,2.7564,152,0.3462,62.5198,True
MCUCXR_0002_0,Montgomery,0,1,dilation_8px,8,True,34937,22,1399,27129,6387,2.5492,29,0.0661,69.7555,True
MCUCXR_0003_0,Montgomery,0,3,dilation_0px,0,True,35309,22,1461,26751,7075,2.2746,1029,1.8785,53.1533,True
MCUCXR_0003_0,Montgomery,0,3,dilation_4px,4,True,37989,22,1522,29664,6781,2.1141,100,0.1826,63.3897,True
MCUCXR_0003_0,Montgomery,0,3,dilation_8px,8,True,40687,22,1597,32558,6510,1.9739,6,0.011,73.9636,True
MCUCXR_0004_0,Montgomery,0,4,dilation_0px,0,True,26717,22,1166,18706,6823,2.1688,928,2.4335,51.0206,True
MCUCXR_0004_0,Montgomery,0,4,dilation_4px,4,True,28978,22,1198,21213,6545,1.9996,64,0.1678,61.8596,True
MCUCXR_0004_0,Montgomery,0,4,dilation_8px,8,True,31216,22,1253,23737,6204,1.8562,4,0.0105,75.6833,True
MCUCXR_0005_0,Montgomery,0,3,dilation_0px,0,True,40656,22,1756,31834,7044,1.9465,1263,1.9,52.6293,True
MCUCXR_0005_0,Montgomery,0,3,dilation_4px,4,True,43719,22,1806,35204,6687,1.8102,19,0.0286,69.214,True
MCUCXR_0005_0,Montgomery,0,3,dilation_8px,8,True,46692,22,1844,38521,6305,1.6949,0,0.0,inf,True
MCUCXR_0006_0,Montgomery,0,4,dilation_0px,0,True,28557,22,1208,21361,5966,2.8356,1645,3.5808,50.7018,True
MCUCXR_0006_0,Montgomery,0,4,dilation_4px,4,True,30936,22,1269,23928,5717,2.6175,229,0.4985,62.1952,True
MCUCXR_0006_0,Montgomery,0,4,dilation_8px,8,True,33260,22,1332,26391,5515,2.4346,29,0.0631,71.4082,True
MCUCXR_0008_0,Montgomery,0,3,dilation_0px,0,True,37087,22,1507,27943,7615,2.0628,3172,5.3392,48.7005,True
MCUCXR_0008_0,Montgomery,0,3,dilation_4px,4,True,39830,22,1534,31158,7116,1.9207,875,1.4728,55.1746,True
MCUCXR_0008_0,Montgomery,0,3,dilation_8px,8,True,42975,22,1598,34335,7020,1.7802,206,0.3467,60.8918,True
MCUCXR_0011_0,Montgomery,0,3,dilation_0px,0,True,36890,22,1500,27973,7395,1.9824,1098,1.9455,51.126,True
MCUCXR_0011_0,Montgomery,0,3,dilation_4px,4,True,39687,22,1555,31106,7004,1.8426,47,0.0833,66.0229,True
MCUCXR_0011_0,Montgomery,0,3,dilation_8px,8,True,42466,22,1615,34229,6600,1.7221,0,0.0,inf,True
MCUCXR_0013_0,Montgomery,0,3,dilation_0px,0,True,30032,22,1249,22922,5839,2.6807,889,1.8759,52.9273,True
MCUCXR_0013_0,Montgomery,0,3,dilation_4px,4,True,32332,22,1300,25528,5482,2.49,11,0.0232,69.9601,True
MCUCXR_0013_0,Montgomery,0,3,dilation_8px,8,True,34794,22,1344,28230,5198,2.3138,0,0.0,inf,True
MCUCXR_0015_0,Montgomery,0,0,dilation_0px,0,True,40345,22,1689,31690,6944,2.2667,1322,2.0574,52.5615,True
MCUCXR_0015_0,Montgomery,0,0,dilation_4px,4,True,43524,22,1774,35134,6594,2.1012,37,0.0576,67.8027,True
MCUCXR_0015_0,Montgomery,0,0,dilation_8px,8,True,46643,22,1819,38467,6335,1.9607,1,0.0016,86.6676,True
MCUCXR_0016_0,Montgomery,0,2,dilation_0px,0,True,31067,22,1323,23139,6583,2.3228,800,1.5884,55.2746,True
MCUCXR_0016_0,Montgomery,0,2,dilation_4px,4,True,33323,22,1385,25577,6339,2.1655,33,0.0655,71.728,True
MCUCXR_0016_0,Montgomery,0,2,dilation_8px,8,True,35459,22,1432,27923,6082,2.0351,0,0.0,inf,True
MCUCXR_0017_0,Montgomery,0,4,dilation_0px,0,True,25804,22,1198,17257,7327,2.2862,439,1.3085,51.1128,True
MCUCXR_0017_0,Montgomery,0,4,dilation_4px,4,True,28182,22,1231,19920,7009,2.0933,4,0.0119,78.2025,True
MCUCXR_0017_0,Montgomery,0,4,dilation_8px,8,True,30719,22,1260,22478,6959,1.9204,0,0.0,inf,True
MCUCXR_0019_0,Montgomery,0,3,dilation_0px,0,True,37242,22,1620,28975,6625,1.9149,808,1.3017,52.8157,True
MCUCXR_0019_0,Montgomery,0,3,dilation_4px,4,True,40084,22,1699,32250,6113,1.7791,2,0.0032,73.2044,True
MCUCXR_0019_0,Montgomery,0,3,dilation_8px,8,True,43002,22,1752,35358,5870,1.6584,0,0.0,inf,True
MCUCXR_0020_0,Montgomery,0,2,dilation_0px,0,True,35443,22,1543,27735,6143,2.3289,1166,1.9786,53.1342,True
MCUCXR_0020_0,Montgomery,0,2,dilation_4px,4,True,38109,22,1593,30619,5875,2.166,27,0.0458,65.4243,True
MCUCXR_0020_0,Montgomery,0,2,dilation_8px,8,True,40424,22,1631,33291,5480,2.042,2,0.0034,95.8342,True
MCUCXR_0021_0,Montgomery,0,0,dilation_0px,0,True,32118,22,1381,24813,5902,1.8805,786,1.5259,53.7286,True
MCUCXR_0021_0,Montgomery,0,0,dilation_4px,4,True,34576,22,1443,27487,5624,1.7468,25,0.0485,66.8801,True
MCUCXR_0021_0,Montgomery,0,0,dilation_8px,8,True,37045,22,1488,30154,5381,1.6304,0,0.0,inf,True
MCUCXR_0022_0,Montgomery,0,4,dilation_0px,0,True,50944,22,1954,42074,6894,1.8142,1158,1.3509,54.8342,True
MCUCXR_0022_0,Montgomery,0,4,dilation_4px,4,True,53947,22,1975,45655,6295,1.7132,10,0.0117,72.7931,True
MCUCXR_0022_0,Montgomery,0,4,dilation_8px,8,True,56383,22,1998,48956,5407,1.6392,0,0.0,inf,True
MCUCXR_0023_0,Montgomery,0,1,dilation_0px,0,True,47964,22,1955,40158,5829,1.785,1684,2.0193,52.7205,True
MCUCXR_0023_0,Montgomery,0,1,dilation_4px,4,True,51145,22,1994,43802,5327,1.674,412,0.494,61.9415,True
MCUCXR_0023_0,Montgomery,0,1,dilation_8px,8,True,54183,22,2011,47122,5028,1.5801,137,0.1643,64.6635,True
MCUCXR_0024_0,Montgomery,0,0,dilation_0px,0,True,25451,22,1104,18502,5823,2.5428,895,2.3092,52.6263,True
MCUCXR_0024_0,Montgomery,0,0,dilation_4px,4,True,27598,22,1131,20861,5584,2.345,48,0.1238,66.9729,True
MCUCXR_0024_0,Montgomery,0,0,dilation_8px,8,True,29702,22,1202,23158,5320,2.1788,10,0.0258,72.4611,True
MCUCXR_0026_0,Montgomery,0,3,dilation_0px,0,True,25749,22,1226,18455,6046,2.0231,690,1.8149,50.8399,True
MCUCXR_0026_0,Montgomery,0,3,dilation_4px,4,True,28163,22,1265,21025,5851,1.8497,1,0.0026,78.3677,True
MCUCXR_0026_0,Montgomery,0,3,dilation_8px,8,True,30721,22,1297,23461,5941,1.6956,0,0.0,inf,True
MCUCXR_0027_0,Montgomery,0,0,dilation_0px,0,True,30547,22,1395,22858,6272,2.2118,1179,2.4803,52.0083,True
MCUCXR_0027_0,Montgomery,0,0,dilation_4px,4,True,32767,22,1428,25577,5740,2.062,47,0.0989,67.0618,True
MCUCXR_0027_0,Montgomery,0,0,dilation_8px,8,True,35243,22,1476,28283,5462,1.9171,10,0.021,73.8971,True
MCUCXR_0028_0,Montgomery,0,0,dilation_0px,0,True,26519,22,1181,18953,6363,2.2187,895,2.2564,51.6107,True
MCUCXR_0028_0,Montgomery,0,0,dilation_4px,4,True,28720,22,1212,21362,6124,2.0486,36,0.0908,67.9449,True
MCUCXR_0028_0,Montgomery,0,0,dilation_8px,8,True,30954,22,1264,23731,5937,1.9008,9,0.0227,74.3836,True
MCUCXR_0029_0,Montgomery,0,3,dilation_0px,0,True,31841,22,1340,24549,5930,2.0738,573,1.0786,57.2214,True
MCUCXR_0029_0,Montgomery,0,3,dilation_4px,4,True,34082,22,1433,27051,5576,1.9374,50,0.0941,72.9534,True
MCUCXR_0029_0,Montgomery,0,3,dilation_8px,8,True,36294,22,1472,29514,5286,1.8194,20,0.0376,73.8916,True
MCUCXR_0030_0,Montgomery,0,2,dilation_0px,0,True,43887,22,1768,36147,5950,1.9614,2529,3.3018,50.5899,True
MCUCXR_0030_0,Montgomery,0,2,dilation_4px,4,True,46923,22,1791,39680,5430,1.8345,505,0.6593,58.5448,True
MCUCXR_0030_0,Montgomery,0,2,dilation_8px,8,True,49659,22,1823,42884,4930,1.7334,90,0.1175,65.9794,True
MCUCXR_0031_0,Montgomery,0,0,dilation_0px,0,True,45521,22,1769,37055,6675,2.0663,1877,2.4493,50.8017,True
MCUCXR_0031_0,Montgomery,0,0,dilation_4px,4,True,48463,22,1812,40756,5873,1.9409,317,0.4137,61.7479,True
MCUCXR_0031_0,Montgomery,0,0,dilation_8px,8,True,51972,22,1845,44260,5845,1.8099,66,0.0861,70.6605,True
MCUCXR_0035_0,Montgomery,0,3,dilation_0px,0,True,37824,22,1521,28709,7572,1.9206,1708,2.9455,49.6955,True
MCUCXR_0035_0,Montgomery,0,3,dilation_4px,4,True,40724,22,1583,31968,7151,1.7838,119,0.2052,61.8955,True
MCUCXR_0035_0,Montgomery,0,3,dilation_8px,8,True,43655,22,1638,35276,6719,1.6641,23,0.0397,68.4001,True
MCUCXR_0038_0,Montgomery,0,3,dilation_0px,0,True,38385,22,1584,29977,6802,1.9254,2172,3.6714,49.4809,True
MCUCXR_0038_0,Montgomery,0,3,dilation_4px,4,True,41593,22,1654,33447,6470,1.7769,232,0.3922,59.5969,True
MCUCXR_0038_0,Montgomery,0,3,dilation_8px,8,True,44562,22,1696,36804,6040,1.6585,28,0.0473,68.4317,True
MCUCXR_0040_0,Montgomery,0,3,dilation_0px,0,True,38028,22,1596,28713,7697,2.0068,1550,2.5937,51.3439,True
MCUCXR_0040_0,Montgomery,0,3,dilation_4px,4,True,40964,22,1627,32025,7290,1.8629,411,0.6878,58.8483,True
MCUCXR_0040_0,Montgomery,0,3,dilation_8px,8,True,43982,22,1731,35360,6869,1.7351,171,0.2861,64.6109,True
MCUCXR_0041_0,Montgomery,0,2,dilation_0px,0,True,24537,22,1165,17038,6312,2.3509,644,1.722,51.7139,True
MCUCXR_0041_0,Montgomery,0,2,dilation_4px,4,True,26679,22,1195,19507,5955,2.1622,78,0.2086,61.1947,True
MCUCXR_0041_0,Montgomery,0,2,dilation_8px,8,True,28790,22,1225,21842,5701,2.0036,2,0.0053,81.5549,True
MCUCXR_0042_0,Montgomery,0,2,dilation_0px,0,True,23229,22,990,15770,6447,2.1431,738,2.3399,48.9859,True
MCUCXR_0042_0,Montgomery,0,2,dilation_4px,4,True,25381,22,1026,18193,6140,1.9613,6,0.019,75.7955,True
MCUCXR_0042_0,Montgomery,0,2,dilation_8px,8,True,27643,22,1053,20552,6016,1.8009,0,0.0,inf,True
MCUCXR_0043_0,Montgomery,0,0,dilation_0px,0,True,29680,22,1207,22127,6324,2.7617,863,2.003,51.0048,True
MCUCXR_0043_0,Montgomery,0,0,dilation_4px,4,True,32108,22,1281,24747,6058,2.5529,17,0.0395,67.2396,True
MCUCXR_0043_0,Montgomery,0,0,dilation_8px,8,True,34535,22,1332,27309,5872,2.3735,0,0.0,inf,True
MCUCXR_0044_0,Montgomery,0,0,dilation_0px,0,True,36425,22,1554,28124,6725,2.1415,1349,2.3207,51.7026,True
MCUCXR_0044_0,Montgomery,0,0,dilation_4px,4,True,39169,22,1597,31168,6382,1.9914,23,0.0396,69.0909,True
MCUCXR_0044_0,Montgomery,0,0,dilation_8px,8,True,41741,22,1667,34160,5892,1.8687,1,0.0017,75.7748,True
MCUCXR_0045_0,Montgomery,0,3,dilation_0px,0,True,35000,22,1522,27628,5828,2.3485,1502,2.5647,50.885,True
MCUCXR_0045_0,Montgomery,0,3,dilation_4px,4,True,37314,22,1558,30671,5063,2.2028,71,0.1212,62.823,True
MCUCXR_0045_0,Montgomery,0,3,dilation_8px,8,True,39875,22,1600,33482,4771,2.0614,14,0.0239,68.6222,True
MCUCXR_0046_0,Montgomery,0,2,dilation_0px,0,True,38379,22,1542,29014,7801,2.097,1570,2.6279,50.2193,True
MCUCXR_0046_0,Montgomery,0,2,dilation_4px,4,True,41333,22,1643,32218,7450,1.9471,70,0.1172,65.3706,True
MCUCXR_0046_0,Montgomery,0,2,dilation_8px,8,True,44237,22,1700,35350,7165,1.8193,6,0.01,74.31,True
MCUCXR_0047_0,Montgomery,0,1,dilation_0px,0,True,33739,22,1455,25751,6511,2.0445,1232,2.2549,52.2007,True
MCUCXR_0047_0,Montgomery,0,1,dilation_4px,4,True,36329,22,1539,28707,6061,1.8987,16,0.0293,71.8508,True
MCUCXR_0047_0,Montgomery,0,1,dilation_8px,8,True,38935,22,1580,31512,5821,1.7716,1,0.0018,78.6037,True
MCUCXR_0048_0,Montgomery,0,2,dilation_0px,0,True,26644,22,1144,19873,5605,2.0406,1219,2.898,50.8396,True
MCUCXR_0048_0,Montgomery,0,2,dilation_4px,4,True,28732,22,1201,22358,5151,1.8923,20,0.0475,69.4006,True
MCUCXR_0048_0,Montgomery,0,2,dilation_8px,8,True,30954,22,1251,24658,5023,1.7564,1,0.0024,94.3699,True
MCUCXR_0049_0,Montgomery,0,4,dilation_0px,0,True,31246,22,1354,23988,5882,1.9813,1113,2.2168,51.6163,True
MCUCXR_0049_0,Montgomery,0,4,dilation_4px,4,True,33627,22,1412,26723,5470,1.841,81,0.1613,67.9204,True
MCUCXR_0049_0,Montgomery,0,4,dilation_8px,8,True,36035,22,1482,29313,5218,1.718,7,0.0139,83.9991,True
MCUCXR_0051_0,Montgomery,0,2,dilation_0px,0,True,43794,22,1751,35071,6950,1.9058,1638,2.21,51.9435,True
MCUCXR_0051_0,Montgomery,0,2,dilation_4px,4,True,46909,22,1800,38465,6622,1.7792,70,0.0944,64.4646,True
MCUCXR_0051_0,Montgomery,0,2,dilation_8px,8,True,49766,22,1836,41701,6207,1.6771,1,0.0013,90.8094,True
MCUCXR_0052_0,Montgomery,0,1,dilation_0px,0,True,22250,22,1045,15245,5938,2.6895,1043,3.3205,50.5716,True
MCUCXR_0052_0,Montgomery,0,1,dilation_4px,4,True,24262,22,1077,17451,5712,2.4664,130,0.4139,62.4384,True
MCUCXR_0052_0,Montgomery,0,1,dilation_8px,8,True,26288,22,1099,19695,5472,2.2764,75,0.2388,65.4449,True
MCUCXR_0053_0,Montgomery,0,0,dilation_0px,0,True,24505,22,1130,17248,6105,2.5623,765,2.1505,52.8491,True
MCUCXR_0053_0,Montgomery,0,0,dilation_4px,4,True,26582,22,1151,19525,5884,2.362,27,0.0759,65.875,True
MCUCXR_0053_0,Montgomery,0,0,dilation_8px,8,True,28691,22,1181,21888,5600,2.1884,5,0.0141,71.312,True
MCUCXR_0054_0,Montgomery,0,2,dilation_0px,0,True,33016,22,1403,24554,7037,2.26,1289,2.5114,51.6521,True
MCUCXR_0054_0,Montgomery,0,2,dilation_4px,4,True,35546,22,1434,27389,6701,2.0992,52,0.1013,69.9065,True
MCUCXR_0054_0,Montgomery,0,2,dilation_8px,8,True,38114,22,1517,30168,6407,1.9577,12,0.0234,79.1063,True
MCUCXR_0055_0,Montgomery,0,2,dilation_0px,0,True,34870,22,1511,26101,7236,2.2826,1596,2.9142,51.1333,True
MCUCXR_0055_0,Montgomery,0,2,dilation_4px,4,True,37571,22,1581,29121,6847,2.1185,50,0.0913,68.3392,True
MCUCXR_0055_0,Montgomery,0,2,dilation_8px,8,True,40354,22,1636,32054,6642,1.9724,0,0.0,inf,True
MCUCXR_0056_0,Montgomery,0,1,dilation_0px,0,True,30303,22,1241,22932,6108,1.8929,1191,2.5079,50.83,True
MCUCXR_0056_0,Montgomery,0,1,dilation_4px,4,True,32633,22,1279,25502,5830,1.7577,50,0.1053,66.5908,True
MCUCXR_0056_0,Montgomery,0,1,dilation_8px,8,True,35054,22,1367,28011,5654,1.6363,12,0.0253,68.2222,True
MCUCXR_0057_0,Montgomery,0,4,dilation_0px,0,True,33731,22,1456,25113,7140,1.9973,1254,2.4029,51.4244,True
MCUCXR_0057_0,Montgomery,0,4,dilation_4px,4,True,36468,22,1501,28117,6828,1.8474,36,0.069,65.5706,True
MCUCXR_0057_0,Montgomery,0,4,dilation_8px,8,True,39178,22,1563,31103,6490,1.7196,7,0.0134,71.4148,True
MCUCXR_0058_0,Montgomery,0,1,dilation_0px,0,True,29504,22,1261,22129,6092,2.2154,568,1.2946,55.1239,True
MCUCXR_0058_0,Montgomery,0,1,dilation_4px,4,True,31967,22,1312,24765,5868,2.0447,18,0.041,68.0498,True
MCUCXR_0058_0,Montgomery,0,1,dilation_8px,8,True,34444,22,1363,27435,5624,1.8977,4,0.0091,80.9356,True
MCUCXR_0059_0,Montgomery,0,1,dilation_0px,0,True,37785,22,1494,28719,7550,2.1109,1316,2.2354,50.7719,True
MCUCXR_0059_0,Montgomery,0,1,dilation_4px,4,True,40706,22,1574,31923,7187,1.9594,62,0.1053,65.3337,True
MCUCXR_0059_0,Montgomery,0,1,dilation_8px,8,True,43648,22,1633,35076,6917,1.8273,7,0.0119,75.0743,True
MCUCXR_0060_0,Montgomery,0,4,dilation_0px,0,True,16971,22,849,11311,4789,2.1575,313,1.47,50.4057,True
MCUCXR_0060_0,Montgomery,0,4,dilation_4px,4,True,18896,22,886,13421,4567,1.9377,1,0.0047,91.4132,True
MCUCXR_0060_0,Montgomery,0,4,dilation_8px,8,True,20928,22,917,15408,4581,1.7496,0,0.0,inf,True
MCUCXR_0061_0,Montgomery,0,3,dilation_0px,0,True,21353,22,1003,13438,6890,2.6965,605,2.2893,50.3299,True
MCUCXR_0061_0,Montgomery,0,3,dilation_4px,4,True,23139,22,1042,15577,6498,2.4884,13,0.0492,65.0677,True
MCUCXR_0061_0,Montgomery,0,3,dilation_8px,8,True,25191,22,1073,17669,6427,2.2857,0,0.0,inf,True
MCUCXR_0062_0,Montgomery,0,0,dilation_0px,0,True,28664,22,1322,20805,6515,2.2547,1537,3.5353,50.9332,True
MCUCXR_0062_0,Montgomery,0,0,dilation_4px,4,True,30983,22,1349,23456,6156,2.086,366,0.8418,58.0986,True
MCUCXR_0062_0,Montgomery,0,0,dilation_8px,8,True,33375,22,1375,26101,5877,1.9364,134,0.3082,60.9017,True
MCUCXR_0063_0,Montgomery,0,4,dilation_0px,0,True,34636,22,1501,26195,6918,2.1886,1213,2.1761,53.1028,True
MCUCXR_0063_0,Montgomery,0,4,dilation_4px,4,True,37285,22,1571,29149,6543,2.0331,55,0.0987,66.0598,True
MCUCXR_0063_0,Montgomery,0,4,dilation_8px,8,True,39833,22,1623,32033,6155,1.903,0,0.0,inf,True
MCUCXR_0064_0,Montgomery,0,2,dilation_0px,0,True,31297,22,1400,23143,6732,2.2217,1738,3.5474,50.3727,True
MCUCXR_0064_0,Montgomery,0,2,dilation_4px,4,True,33818,22,1455,25906,6435,2.056,425,0.8675,57.8347,True
MCUCXR_0064_0,Montgomery,0,2,dilation_8px,8,True,36306,22,1512,28539,6233,1.9151,94,0.1919,64.6859,True
MCUCXR_0068_0,Montgomery,0,2,dilation_0px,0,True,30222,22,1256,22858,6086,2.1546,515,1.0605,55.3517,True
MCUCXR_0068_0,Montgomery,0,2,dilation_4px,4,True,32491,22,1330,25316,5823,2.0041,10,0.0206,70.7943,True
MCUCXR_0068_0,Montgomery,0,2,dilation_8px,8,True,34685,22,1376,27765,5522,1.8773,0,0.0,inf,True
MCUCXR_0069_0,Montgomery,0,4,dilation_0px,0,True,38273,22,1662,29871,6718,2.0964,872,1.398,55.1838,True
MCUCXR_0069_0,Montgomery,0,4,dilation_4px,4,True,41070,22,1749,33094,6205,1.9536,16,0.0257,74.0668,True
MCUCXR_0069_0,Montgomery,0,4,dilation_8px,8,True,44079,22,1805,36268,5984,1.8203,0,0.0,inf,True
MCUCXR_0070_0,Montgomery,0,4,dilation_0px,0,True,26222,22,1166,18854,6180,2.3754,809,2.0579,53.5981,True
MCUCXR_0070_0,Montgomery,0,4,dilation_4px,4,True,28274,22,1195,21274,5783,2.203,24,0.0611,68.2213,True
MCUCXR_0070_0,Montgomery,0,4,dilation_8px,8,True,30452,22,1222,23706,5502,2.0454,1,0.0025,88.0553,True
MCUCXR_0071_0,Montgomery,0,3,dilation_0px,0,True,36043,22,1585,27514,6922,2.1099,608,1.0821,54.5831,True
MCUCXR_0071_0,Montgomery,0,3,dilation_4px,4,True,38656,22,1624,30665,6345,1.9673,21,0.0374,72.4258,True
MCUCXR_0071_0,Montgomery,0,3,dilation_8px,8,True,41723,22,1702,33715,6284,1.8227,2,0.0036,81.6478,True
MCUCXR_0072_0,Montgomery,0,1,dilation_0px,0,True,32871,22,1491,25063,6295,2.081,924,1.6716,53.8432,True
MCUCXR_0072_0,Montgomery,0,1,dilation_4px,4,True,35428,22,1551,27800,6055,1.9308,69,0.1248,67.6462,True
MCUCXR_0072_0,Montgomery,0,1,dilation_8px,8,True,37905,22,1611,30506,5766,1.8047,4,0.0072,82.7686,True
MCUCXR_0074_0,Montgomery,0,1,dilation_0px,0,True,26404,22,1198,19155,6029,2.3613,747,1.9085,53.7087,True
MCUCXR_0074_0,Montgomery,0,1,dilation_4px,4,True,28654,22,1252,21571,5809,2.1759,40,0.1022,67.7527,True
MCUCXR_0074_0,Montgomery,0,1,dilation_8px,8,True,30936,22,1298,24023,5593,2.0154,17,0.0434,69.3588,True
MCUCXR_0075_0,Montgomery,0,4,dilation_0px,0,True,33396,22,1360,25160,6854,2.1152,330,0.6556,55.0598,True
MCUCXR_0075_0,Montgomery,0,4,dilation_4px,4,True,35898,22,1432,27997,6447,1.9678,1,0.002,95.1492,True
MCUCXR_0075_0,Montgomery,0,4,dilation_8px,8,True,38523,22,1495,30779,6227,1.8337,0,0.0,inf,True
MCUCXR_0077_0,Montgomery,0,1,dilation_0px,0,True,23144,22,996,14873,7253,2.1729,330,1.138,50.334,True
MCUCXR_0077_0,Montgomery,0,1,dilation_4px,4,True,25293,22,1026,17333,6912,1.9883,3,0.0103,74.1213,True
MCUCXR_0077_0,Montgomery,0,1,dilation_8px,8,True,27458,22,1055,19555,6826,1.8315,0,0.0,inf,True
MCUCXR_0079_0,Montgomery,0,1,dilation_0px,0,True,43363,22,1760,35188,6393,2.0658,2413,3.2111,50.1616,True
MCUCXR_0079_0,Montgomery,0,1,dilation_4px,4,True,46061,22,1800,38493,5746,1.9448,121,0.161,64.2463,True
MCUCXR_0079_0,Montgomery,0,1,dilation_8px,8,True,48788,22,1832,41621,5313,1.8361,10,0.0133,73.8795,True
MCUCXR_0080_0,Montgomery,0,0,dilation_0px,0,True,21352,22,917,12846,7567,2.4392,497,2.0681,48.1907,True
MCUCXR_0080_0,Montgomery,0,0,dilation_4px,4,True,23268,22,951,15067,7228,2.2384,11,0.0458,71.7684,True
MCUCXR_0080_0,Montgomery,0,0,dilation_8px,8,True,25340,22,980,17197,7141,2.0553,1,0.0042,71.9387,True
MCUCXR_0081_0,Montgomery,0,3,dilation_0px,0,True,36168,22,1460,27555,7131,1.9613,840,1.4901,53.8329,True
MCUCXR_0081_0,Montgomery,0,3,dilation_4px,4,True,38951,22,1534,30629,6766,1.8212,36,0.0639,68.3741,True
MCUCXR_0081_0,Montgomery,0,3,dilation_8px,8,True,41794,22,1587,33654,6531,1.6973,2,0.0035,82.6311,True
MCUCXR_0082_0,Montgomery,0,4,dilation_0px,0,True,34704,22,1450,26549,6683,2.0981,460,0.8438,56.3017,True
MCUCXR_0082_0,Montgomery,0,4,dilation_4px,4,True,37315,22,1515,29391,6387,1.9513,16,0.0293,71.4137,True
MCUCXR_0082_0,Montgomery,0,4,dilation_8px,8,True,39868,22,1597,32175,6074,1.8264,2,0.0037,79.3683,True
MCUCXR_0083_0,Montgomery,0,1,dilation_0px,0,True,40087,22,1722,32541,5802,2.0442,2409,3.4218,50.4898,True
MCUCXR_0083_0,Montgomery,0,1,dilation_4px,4,True,42915,22,1800,35800,5293,1.9095,596,0.8466,60.6067,True
MCUCXR_0083_0,Montgomery,0,1,dilation_8px,8,True,45831,22,1844,38850,5115,1.788,278,0.3949,64.1886,True
MCUCXR_0084_0,Montgomery,0,1,dilation_0px,0,True,27851,22,1375,20599,5855,2.791,1390,3.226,51.6171,True
MCUCXR_0084_0,Montgomery,0,1,dilation_4px,4,True,30334,22,1410,23310,5592,2.5625,307,0.7125,59.9733,True
MCUCXR_0084_0,Montgomery,0,1,dilation_8px,8,True,32781,22,1473,25913,5373,2.3713,53,0.123,65.5256,True
MCUCXR_0085_0,Montgomery,0,4,dilation_0px,0,True,32677,22,1456,24610,6589,2.3653,837,1.6293,54.8817,True
MCUCXR_0085_0,Montgomery,0,4,dilation_4px,4,True,35068,22,1509,27369,6168,2.204,25,0.0487,74.2343,True
MCUCXR_0085_0,Montgomery,0,4,dilation_8px,8,True,37383,22,1576,30008,5777,2.0675,2,0.0039,81.2586,True
MCUCXR_0086_0,Montgomery,0,2,dilation_0px,0,True,25876,22,1157,19058,5639,2.1932,359,0.9088,54.546,True
MCUCXR_0086_0,Montgomery,0,2,dilation_4px,4,True,27888,22,1198,21332,5336,2.035,4,0.0101,75.6461,True
MCUCXR_0086_0,Montgomery,0,2,dilation_8px,8,True,30026,22,1241,23573,5190,1.8901,0,0.0,inf,True
MCUCXR_0087_0,Montgomery,0,0,dilation_0px,0,True,37038,22,1506,28507,7003,1.9904,952,1.6856,51.7119,True
MCUCXR_0087_0,Montgomery,0,0,dilation_4px,4,True,39900,22,1575,31663,6640,1.8477,19,0.0336,73.3198,True
MCUCXR_0087_0,Montgomery,0,0,dilation_8px,8,True,42707,22,1666,34714,6305,1.7262,0,0.0,inf,True
MCUCXR_0089_0,Montgomery,0,1,dilation_0px,0,True,45349,22,1847,37685,5795,1.8979,1285,1.6059,53.1236,True
MCUCXR_0089_0,Montgomery,0,1,dilation_4px,4,True,48019,22,1862,41009,5126,1.7924,42,0.0525,68.5116,True
MCUCXR_0089_0,Montgomery,0,1,dilation_8px,8,True,50663,22,1876,43942,4823,1.6988,0,0.0,inf,True
MCUCXR_0090_0,Montgomery,0,3,dilation_0px,0,True,48377,22,1772,39979,6604,1.834,896,1.0764,54.0579,True
MCUCXR_0090_0,Montgomery,0,3,dilation_4px,4,True,51017,22,1783,43245,5967,1.739,2,0.0024,94.324,True
MCUCXR_0090_0,Montgomery,0,3,dilation_8px,8,True,53717,22,1800,46274,5621,1.6516,0,0.0,inf,True
MCUCXR_0091_0,Montgomery,0,0,dilation_0px,0,True,38282,22,1638,28991,7631,2.1956,747,1.2602,52.9964,True
MCUCXR_0091_0,Montgomery,0,0,dilation_4px,4,True,41343,22,1693,32421,7207,2.0331,5,0.0084,73.1412,True
MCUCXR_0091_0,Montgomery,0,0,dilation_8px,8,True,44341,22,1748,35724,6847,1.8956,0,0.0,inf,True
MCUCXR_0092_0,Montgomery,0,4,dilation_0px,0,True,32042,22,1424,24453,6143,2.4765,1067,2.0241,52.362,True
MCUCXR_0092_0,Montgomery,0,4,dilation_4px,4,True,34408,22,1481,27260,5645,2.3062,112,0.2125,66.3083,True
MCUCXR_0092_0,Montgomery,0,4,dilation_8px,8,True,36941,22,1547,29933,5439,2.1481,31,0.0588,72.2751,True
MCUCXR_0094_0,Montgomery,0,1,dilation_0px,0,True,31609,22,1347,23440,6800,2.054,1252,2.5361,51.8974,True
MCUCXR_0094_0,Montgomery,0,1,dilation_4px,4,True,34154,22,1370,26259,6503,1.901,132,0.2674,64.7391,True
MCUCXR_0094_0,Montgomery,0,1,dilation_8px,8,True,36521,22,1381,28861,6257,1.7778,3,0.0061,85.5228,True
MCUCXR_0095_0,Montgomery,0,2,dilation_0px,0,True,42867,22,1804,34197,6844,2.1018,1411,1.954,51.8602,True
MCUCXR_0095_0,Montgomery,0,2,dilation_4px,4,True,45684,22,1848,37674,6140,1.9722,67,0.0928,65.4264,True
MCUCXR_0095_0,Montgomery,0,2,dilation_8px,8,True,48609,22,1877,40906,5804,1.8535,14,0.0194,74.9559,True
MCUCXR_0096_0,Montgomery,0,4,dilation_0px,0,True,35876,22,1618,27819,6417,1.9948,1095,1.8691,52.8713,True
MCUCXR_0096_0,Montgomery,0,4,dilation_4px,4,True,38478,22,1659,30834,5963,1.8599,47,0.0802,68.0562,True
MCUCXR_0096_0,Montgomery,0,4,dilation_8px,8,True,41166,22,1694,33771,5679,1.7384,3,0.0051,82.0066,True
MCUCXR_0097_0,Montgomery,0,0,dilation_0px,0,True,34672,22,1419,25600,7631,2.1354,1825,3.438,49.6344,True
MCUCXR_0097_0,Montgomery,0,0,dilation_4px,4,True,37349,22,1450,28674,7203,1.9824,304,0.5727,59.3305,True
MCUCXR_0097_0,Montgomery,0,0,dilation_8px,8,True,40109,22,1547,31769,6771,1.846,0,0.0,inf,True
MCUCXR_0099_0,Montgomery,0,2,dilation_0px,0,True,43833,22,1706,34818,7287,1.908,1233,1.7087,51.719,True
MCUCXR_0099_0,Montgomery,0,2,dilation_4px,4,True,46886,22,1765,38310,6789,1.7837,23,0.0319,68.5314,True
MCUCXR_0099_0,Montgomery,0,2,dilation_8px,8,True,50094,22,1805,41679,6588,1.6695,1,0.0014,82.7343,True
MCUCXR_0100_0,Montgomery,0,2,dilation_0px,0,True,35201,22,1495,27109,6575,2.0133,607,1.0678,54.1514,True
MCUCXR_0100_0,Montgomery,0,2,dilation_4px,4,True,37896,22,1562,30118,6194,1.8701,8,0.0141,73.9461,True
MCUCXR_0100_0,Montgomery,0,2,dilation_8px,8,True,40404,22,1634,32874,5874,1.754,0,0.0,inf,True
MCUCXR_0101_0,Montgomery,0,0,dilation_0px,0,True,33387,22,1359,24665,7341,2.1933,957,1.9156,51.2122,True
MCUCXR_0101_0,Montgomery,0,0,dilation_4px,4,True,36056,22,1419,27662,6953,2.031,13,0.026,67.158,True
MCUCXR_0101_0,Montgomery,0,0,dilation_8px,8,True,38654,22,1492,30603,6537,1.8945,0,0.0,inf,True
MCUCXR_0102_0,Montgomery,0,1,dilation_0px,0,True,43419,22,1759,35195,6443,2.0521,1415,1.9125,51.8895,True
MCUCXR_0102_0,Montgomery,0,1,dilation_4px,4,True,46112,22,1802,38635,5653,1.9323,25,0.0338,71.082,True
MCUCXR_0102_0,Montgomery,0,1,dilation_8px,8,True,49396,22,1842,41798,5734,1.8038,0,0.0,inf,True
MCUCXR_0103_0,Montgomery,0,4,dilation_0px,0,True,38045,22,1591,30207,6225,2.2261,1014,1.6152,53.6899,True
MCUCXR_0103_0,Montgomery,0,4,dilation_4px,4,True,40762,22,1681,33396,5663,2.0777,12,0.0191,71.3666,True
MCUCXR_0103_0,Montgomery,0,4,dilation_8px,8,True,43561,22,1738,36291,5510,1.9442,0,0.0,inf,True
MCUCXR_0104_1,Montgomery,1,2,dilation_0px,0,True,42855,22,1776,34560,6497,1.8166,1343,1.8113,52.1112,True
MCUCXR_0104_1,Montgomery,1,2,dilation_4px,4,True,46122,22,1827,38241,6032,1.6879,136,0.1834,63.3194,True
MCUCXR_0104_1,Montgomery,1,2,dilation_8px,8,True,49449,22,1876,41599,5952,1.5743,26,0.0351,71.504,True
MCUCXR_0108_1,Montgomery,1,2,dilation_0px,0,True,36470,22,1522,28606,6320,2.0233,3347,5.536,48.8397,True
MCUCXR_0108_1,Montgomery,1,2,dilation_4px,4,True,39288,22,1558,31764,5944,1.8781,1446,2.3917,54.3618,True
MCUCXR_0108_1,Montgomery,1,2,dilation_8px,8,True,42281,22,1600,34825,5834,1.7452,700,1.1578,58.462,True
MCUCXR_0113_1,Montgomery,1,2,dilation_0px,0,True,27441,22,1374,19222,6823,2.6286,1820,4.6601,49.4588,True
MCUCXR_0113_1,Montgomery,1,2,dilation_4px,4,True,29973,22,1403,22008,6540,2.4065,349,0.8936,58.4068,True
MCUCXR_0113_1,Montgomery,1,2,dilation_8px,8,True,32514,22,1421,24739,6332,2.2185,109,0.2791,64.0476,True
MCUCXR_0117_1,Montgomery,1,4,dilation_0px,0,True,26873,22,1259,18716,6876,2.4672,1329,3.5179,51.1278,True
MCUCXR_0117_1,Montgomery,1,4,dilation_4px,4,True,29393,22,1288,21461,6622,2.2557,492,1.3023,56.9782,True
MCUCXR_0117_1,Montgomery,1,4,dilation_8px,8,True,31862,22,1323,24167,6350,2.0809,219,0.5797,60.0257,True
MCUCXR_0126_1,Montgomery,1,4,dilation_0px,0,True,30061,22,1298,21531,7210,2.5522,11536,21.3136,48.8273,True
MCUCXR_0126_1,Montgomery,1,4,dilation_4px,4,True,32462,22,1347,24137,6956,2.3634,9832,18.1654,51.0655,True
MCUCXR_0126_1,Montgomery,1,4,dilation_8px,8,True,34874,22,1405,26765,6682,2.2,8989,16.6079,51.9208,True
MCUCXR_0140_1,Montgomery,1,0,dilation_0px,0,True,36978,22,1475,28122,7359,2.4903,1088,1.9316,51.2114,True
MCUCXR_0140_1,Montgomery,1,0,dilation_4px,4,True,39596,22,1524,31289,6761,2.3257,7,0.0124,68.954,True
MCUCXR_0140_1,Montgomery,1,0,dilation_8px,8,True,42342,22,1569,34306,6445,2.1748,0,0.0,inf,True
MCUCXR_0141_1,Montgomery,1,1,dilation_0px,0,True,46843,22,1850,37537,7434,1.8723,1637,2.1244,51.4439,True
MCUCXR_0141_1,Montgomery,1,1,dilation_4px,4,True,50104,22,1898,41136,7048,1.7505,60,0.0779,63.1482,True
MCUCXR_0141_1,Montgomery,1,1,dilation_8px,8,True,53213,22,1926,44633,6632,1.6482,0,0.0,inf,True
MCUCXR_0142_1,Montgomery,1,2,dilation_0px,0,True,35575,22,1503,27053,6997,2.0532,1062,2.0039,50.6525,True
MCUCXR_0142_1,Montgomery,1,2,dilation_4px,4,True,38353,22,1527,30227,6577,1.9045,48,0.0906,62.6993,True
MCUCXR_0142_1,Montgomery,1,2,dilation_8px,8,True,41230,22,1611,33209,6388,1.7716,2,0.0038,75.3733,True
MCUCXR_0144_1,Montgomery,1,0,dilation_0px,0,True,35803,22,1566,27639,6576,2.2417,3389,5.7221,50.2313,True
MCUCXR_0144_1,Montgomery,1,0,dilation_4px,4,True,38568,22,1658,30688,6200,2.081,1768,2.9851,54.4284,True
MCUCXR_0144_1,Montgomery,1,0,dilation_8px,8,True,41357,22,1700,33678,5957,1.9406,1091,1.8421,56.3738,True
MCUCXR_0150_1,Montgomery,1,1,dilation_0px,0,True,37117,22,1456,28438,7201,2.1607,11119,17.2094,46.4101,True
MCUCXR_0150_1,Montgomery,1,1,dilation_4px,4,True,39768,22,1515,31434,6797,2.0166,8680,13.4345,49.2626,True
MCUCXR_0150_1,Montgomery,1,1,dilation_8px,8,True,42622,22,1565,34357,6678,1.8816,7871,12.1823,50.0841,True
MCUCXR_0162_1,Montgomery,1,1,dilation_0px,0,True,48603,22,1874,39181,7526,1.8696,3006,3.7407,50.3239,True
MCUCXR_0162_1,Montgomery,1,1,dilation_4px,4,True,52230,22,1962,43027,7219,1.7398,778,0.9682,57.8311,True
MCUCXR_0162_1,Montgomery,1,1,dilation_8px,8,True,55894,22,2027,46741,7104,1.6257,220,0.2738,63.2401,True
MCUCXR_0166_1,Montgomery,1,0,dilation_0px,0,True,45890,22,1818,36789,7261,1.8736,1235,1.6471,53.0492,True
MCUCXR_0166_1,Montgomery,1,0,dilation_4px,4,True,49219,22,1920,40442,6835,1.7469,79,0.1054,68.7512,True
MCUCXR_0166_1,Montgomery,1,0,dilation_8px,8,True,52755,22,1977,43972,6784,1.6298,0,0.0,inf,True
MCUCXR_0170_1,Montgomery,1,0,dilation_0px,0,True,46319,22,1853,37184,7260,1.8911,2668,3.4279,51.3266,True
MCUCXR_0170_1,Montgomery,1,0,dilation_4px,4,True,49742,22,1947,40882,6891,1.761,740,0.9508,57.935,True
MCUCXR_0170_1,Montgomery,1,0,dilation_8px,8,True,53449,22,2006,44470,6951,1.6389,244,0.3135,62.901,True
MCUCXR_0173_1,Montgomery,1,0,dilation_0px,0,True,47004,22,1862,37901,7219,1.9831,969,1.3512,53.5873,True
MCUCXR_0173_1,Montgomery,1,0,dilation_4px,4,True,50091,22,1895,41638,6536,1.8609,52,0.0725,68.7559,True
MCUCXR_0173_1,Montgomery,1,0,dilation_8px,8,True,53427,22,1933,45209,6263,1.7447,10,0.0139,71.3213,True
MCUCXR_0182_1,Montgomery,1,3,dilation_0px,0,True,36090,22,1493,27696,6879,2.3883,1688,2.9129,51.5957,True
MCUCXR_0182_1,Montgomery,1,3,dilation_4px,4,True,38888,22,1596,30716,6554,2.2164,95,0.1639,65.8891,True
MCUCXR_0182_1,Montgomery,1,3,dilation_8px,8,True,41585,22,1638,33680,6245,2.0727,0,0.0,inf,True
MCUCXR_0188_1,Montgomery,1,1,dilation_0px,0,True,43511,22,1724,34981,6784,1.9229,3527,4.7814,49.9928,True
MCUCXR_0188_1,Montgomery,1,1,dilation_4px,4,True,46818,22,1829,38432,6535,1.7871,1206,1.6349,55.7795,True
MCUCXR_0188_1,Montgomery,1,1,dilation_8px,8,True,50214,22,1877,41698,6617,1.6662,410,0.5558,61.9507,True
MCUCXR_0194_1,Montgomery,1,3,dilation_0px,0,True,33614,22,1505,25096,6991,2.2655,1207,2.3468,51.2494,True
MCUCXR_0194_1,Montgomery,1,3,dilation_4px,4,True,36267,22,1531,28148,6566,2.0997,108,0.21,61.9227,True
MCUCXR_0194_1,Montgomery,1,3,dilation_8px,8,True,39075,22,1565,31142,6346,1.9488,5,0.0097,67.3543,True
MCUCXR_0195_1,Montgomery,1,4,dilation_0px,0,True,33801,22,1470,25250,7059,2.1294,846,1.6563,54.3731,True
MCUCXR_0195_1,Montgomery,1,4,dilation_4px,4,True,36495,22,1516,28210,6747,1.9722,21,0.0411,72.4485,True
MCUCXR_0195_1,Montgomery,1,4,dilation_8px,8,True,38997,22,1561,31220,6194,1.8457,6,0.0117,82.4256,True
MCUCXR_0196_1,Montgomery,1,1,dilation_0px,0,True,35523,22,1364,27443,6694,1.9609,1493,2.8602,50.324,True
MCUCXR_0196_1,Montgomery,1,1,dilation_4px,4,True,38230,22,1403,30430,6375,1.8221,37,0.0709,65.9223,True
MCUCXR_0196_1,Montgomery,1,1,dilation_8px,8,True,40927,22,1437,33355,6113,1.702,0,0.0,inf,True
MCUCXR_0203_1,Montgomery,1,4,dilation_0px,0,True,38349,22,1668,29798,6861,2.033,1195,2.118,53.4986,True
MCUCXR_0203_1,Montgomery,1,4,dilation_4px,4,True,41537,22,1742,33267,6506,1.877,320,0.5672,61.8322,True
MCUCXR_0203_1,Montgomery,1,4,dilation_8px,8,True,44733,22,1819,36559,6333,1.7429,125,0.2216,65.1413,True
MCUCXR_0213_1,Montgomery,1,4,dilation_0px,0,True,34845,22,1657,25992,7174,2.2906,1209,2.2078,51.5333,True
MCUCXR_0213_1,Montgomery,1,4,dilation_4px,4,True,37655,22,1680,29255,6698,2.1197,117,0.2137,65.7018,True
MCUCXR_0213_1,Montgomery,1,4,dilation_8px,8,True,40442,22,1721,32309,6390,1.9736,11,0.0201,73.5289,True
MCUCXR_0218_1,Montgomery,1,0,dilation_0px,0,True,41541,22,1665,32756,7098,2.0484,1773,2.7099,50.2664,True
MCUCXR_0218_1,Montgomery,1,0,dilation_4px,4,True,44649,22,1715,36155,6757,1.9058,64,0.0978,65.9662,True
MCUCXR_0218_1,Montgomery,1,0,dilation_8px,8,True,47577,22,1805,39404,6346,1.7885,3,0.0046,79.1283,True
MCUCXR_0223_1,Montgomery,1,4,dilation_0px,0,True,36071,22,1556,28113,6380,2.3539,1107,1.9318,52.0961,True
MCUCXR_0223_1,Montgomery,1,4,dilation_4px,4,True,38897,22,1643,31151,6081,2.1829,7,0.0122,73.6715,True
MCUCXR_0223_1,Montgomery,1,4,dilation_8px,8,True,41696,22,1695,34120,5859,2.0364,0,0.0,inf,True
MCUCXR_0228_1,Montgomery,1,3,dilation_0px,0,True,37292,22,1515,28868,6887,1.9967,2310,3.9214,50.0486,True
MCUCXR_0228_1,Montgomery,1,3,dilation_4px,4,True,40049,22,1555,31990,6482,1.8592,385,0.6536,57.7403,True
MCUCXR_0228_1,Montgomery,1,3,dilation_8px,8,True,42867,22,1612,35097,6136,1.737,111,0.1884,63.1468,True
MCUCXR_0243_1,Montgomery,1,3,dilation_0px,0,True,42082,22,1778,33605,6677,2.1186,1792,2.5615,51.4378,True
MCUCXR_0243_1,Montgomery,1,3,dilation_4px,4,True,44872,22,1828,36992,6030,1.9869,222,0.3173,62.3715,True
MCUCXR_0243_1,Montgomery,1,3,dilation_8px,8,True,47890,22,1872,40259,5737,1.8617,34,0.0486,74.0025,True
MCUCXR_0251_1,Montgomery,1,1,dilation_0px,0,True,35607,22,1488,26212,7885,2.212,3656,7.4554,47.0335,True
MCUCXR_0251_1,Montgomery,1,1,dilation_4px,4,True,38488,22,1491,29546,7429,2.0464,1453,2.963,51.7613,True
MCUCXR_0251_1,Montgomery,1,1,dilation_8px,8,True,41262,22,1502,32523,7215,1.9089,715,1.4581,54.1117,True
MCUCXR_0253_1,Montgomery,1,4,dilation_0px,0,True,39070,22,1533,30191,7324,1.9934,698,1.2257,53.8752,True
MCUCXR_0253_1,Montgomery,1,4,dilation_4px,4,True,42021,22,1604,33466,6929,1.8535,11,0.0193,71.2606,True
MCUCXR_0253_1,Montgomery,1,4,dilation_8px,8,True,45060,22,1659,36717,6662,1.7285,0,0.0,inf,True
MCUCXR_0254_1,Montgomery,1,2,dilation_0px,0,True,39745,22,1674,31027,7022,2.0359,4098,5.8083,49.4627,True
MCUCXR_0254_1,Montgomery,1,2,dilation_4px,4,True,42625,22,1712,34186,6705,1.8983,2320,3.2883,52.6663,True
MCUCXR_0254_1,Montgomery,1,2,dilation_8px,8,True,45419,22,1723,37102,6572,1.7816,1745,2.4733,53.549,True
MCUCXR_0255_1,Montgomery,1,3,dilation_0px,0,True,42925,22,1735,34350,6818,2.0026,1436,1.989,52.5437,True
MCUCXR_0255_1,Montgomery,1,3,dilation_4px,4,True,45579,22,1769,37690,6098,1.886,46,0.0637,68.5801,True
MCUCXR_0255_1,Montgomery,1,3,dilation_8px,8,True,48610,22,1806,40955,5827,1.7684,0,0.0,inf,True
MCUCXR_0258_1,Montgomery,1,3,dilation_0px,0,True,21819,22,1085,15014,5698,2.3403,6749,18.2578,47.4878,True
MCUCXR_0258_1,Montgomery,1,3,dilation_4px,4,True,23818,22,1117,17153,5526,2.1439,4903,13.2639,50.8486,True
MCUCXR_0258_1,Montgomery,1,3,dilation_8px,8,True,25974,22,1149,19244,5559,1.9659,3701,10.0122,53.6926,True
MCUCXR_0264_1,Montgomery,1,0,dilation_0px,0,True,35083,22,1413,27034,6614,1.9984,1550,2.7723,50.2454,True
MCUCXR_0264_1,Montgomery,1,0,dilation_4px,4,True,37970,22,1500,30173,6275,1.8465,72,0.1288,62.712,True
MCUCXR_0264_1,Montgomery,1,0,dilation_8px,8,True,40843,22,1552,33166,6103,1.7166,3,0.0054,84.4663,True
MCUCXR_0266_1,Montgomery,1,0,dilation_0px,0,True,34963,22,1585,26742,6614,2.3762,2112,3.703,51.3918,True
MCUCXR_0266_1,Montgomery,1,0,dilation_4px,4,True,37663,22,1619,29770,6252,2.2059,426,0.7469,61.2331,True
MCUCXR_0266_1,Montgomery,1,0,dilation_8px,8,True,40401,22,1658,32678,6043,2.0564,99,0.1736,66.5172,True
MCUCXR_0275_1,Montgomery,1,2,dilation_0px,0,True,37748,22,1576,28920,7230,2.0531,2541,4.2753,49.2853,True
MCUCXR_0275_1,Montgomery,1,2,dilation_4px,4,True,40433,22,1609,32031,6771,1.9168,764,1.2854,56.3153,True
MCUCXR_0275_1,Montgomery,1,2,dilation_8px,8,True,43139,22,1644,35028,6445,1.7966,307,0.5165,60.2364,True
MCUCXR_0282_1,Montgomery,1,0,dilation_0px,0,True,42111,22,1642,32701,7746,2.072,3576,5.503,48.3965,True
MCUCXR_0282_1,Montgomery,1,0,dilation_4px,4,True,45143,22,1678,36224,7219,1.9329,1093,1.682,55.1348,True
MCUCXR_0282_1,Montgomery,1,0,dilation_8px,8,True,48185,22,1695,39522,6946,1.8108,381,0.5863,59.2002,True
MCUCXR_0289_1,Montgomery,1,1,dilation_0px,0,True,32213,22,1398,24383,6410,2.3382,1188,2.3006,52.6051,True
MCUCXR_0289_1,Montgomery,1,1,dilation_4px,4,True,34645,22,1466,27168,5989,2.1741,15,0.029,75.6227,True
MCUCXR_0289_1,Montgomery,1,1,dilation_8px,8,True,37163,22,1515,29862,5764,2.0268,1,0.0019,95.2606,True
MCUCXR_0294_1,Montgomery,1,3,dilation_0px,0,True,30808,22,1335,23179,6272,2.2433,1249,2.6089,52.1982,True
MCUCXR_0294_1,Montgomery,1,3,dilation_4px,4,True,33216,22,1372,25827,5995,2.0807,87,0.1817,64.9276,True
MCUCXR_0294_1,Montgomery,1,3,dilation_8px,8,True,35649,22,1447,28433,5747,1.9387,1,0.0021,94.9319,True
MCUCXR_0301_1,Montgomery,1,3,dilation_0px,0,True,34243,22,1466,26727,6028,2.5004,8881,13.7258,47.7722,True
MCUCXR_0301_1,Montgomery,1,3,dilation_4px,4,True,36729,22,1513,29554,5640,2.3311,5217,8.063,51.3124,True
MCUCXR_0301_1,Montgomery,1,3,dilation_8px,8,True,39217,22,1549,32203,5443,2.1832,3169,4.8978,53.6269,True
MCUCXR_0309_1,Montgomery,1,2,dilation_0px,0,True,21053,22,938,14586,5507,2.7673,6138,17.2082,46.8989,True
MCUCXR_0309_1,Montgomery,1,2,dilation_4px,4,True,23130,22,971,16722,5415,2.5188,4125,11.5647,49.9757,True
MCUCXR_0309_1,Montgomery,1,2,dilation_8px,8,True,25271,22,1003,18822,5424,2.3054,3281,9.1985,51.5079,True
MCUCXR_0311_1,Montgomery,1,2,dilation_0px,0,True,20958,22,982,13596,6358,2.6576,4849,14.4307,46.6907,True
MCUCXR_0311_1,Montgomery,1,2,dilation_4px,4,True,22973,22,1015,15715,6221,2.4245,3053,9.0858,49.3222,True
MCUCXR_0311_1,Montgomery,1,2,dilation_8px,8,True,25057,22,1049,17730,6256,2.2228,2108,6.2734,51.0288,True
MCUCXR_0313_1,Montgomery,1,4,dilation_0px,0,True,36437,22,1483,28233,6699,1.9732,827,1.4689,52.9137,True
MCUCXR_0313_1,Montgomery,1,4,dilation_4px,4,True,39198,22,1550,31339,6287,1.8342,36,0.0639,67.869,True
MCUCXR_0313_1,Montgomery,1,4,dilation_8px,8,True,42162,22,1603,34342,6195,1.7053,0,0.0,inf,True
MCUCXR_0316_1,Montgomery,1,3,dilation_0px,0,True,36307,22,1526,27748,7011,1.959,2133,3.7072,49.5398,True
MCUCXR_0316_1,Montgomery,1,3,dilation_4px,4,True,39112,22,1568,30957,6565,1.8185,268,0.4658,60.9808,True
MCUCXR_0316_1,Montgomery,1,3,dilation_8px,8,True,42096,22,1627,34071,6376,1.6896,3,0.0052,77.8769,True
MCUCXR_0331_1,Montgomery,1,2,dilation_0px,0,True,39301,22,1665,31047,6567,2.2421,1117,1.7525,52.1087,True
MCUCXR_0331_1,Montgomery,1,2,dilation_4px,4,True,42193,22,1711,34315,6145,2.0885,46,0.0722,68.1744,True
MCUCXR_0331_1,Montgomery,1,2,dilation_8px,8,True,44897,22,1754,37463,5658,1.9627,0,0.0,inf,True
MCUCXR_0334_1,Montgomery,1,4,dilation_0px,0,True,34995,22,1397,26041,7535,2.0771,296,0.5926,54.4758,True
MCUCXR_0334_1,Montgomery,1,4,dilation_4px,4,True,37785,22,1473,29154,7136,1.9238,2,0.004,76.4827,True
MCUCXR_0334_1,Montgomery,1,4,dilation_8px,8,True,40585,22,1539,32226,6798,1.791,0,0.0,inf,True
MCUCXR_0338_1,Montgomery,1,2,dilation_0px,0,True,49281,22,2075,40393,6791,1.8697,1675,2.0223,52.7539,True
MCUCXR_0338_1,Montgomery,1,2,dilation_4px,4,True,52615,22,2110,44233,6250,1.7512,55,0.0664,68.8061,True
MCUCXR_0338_1,Montgomery,1,2,dilation_8px,8,True,56062,22,2144,47919,5977,1.6436,0,0.0,inf,True
MCUCXR_0348_1,Montgomery,1,1,dilation_0px,0,True,23983,22,1154,16337,6470,2.9728,2226,6.2002,49.2403,True
MCUCXR_0348_1,Montgomery,1,1,dilation_4px,4,True,26194,22,1185,18699,6288,2.7219,457,1.2729,57.1191,True
MCUCXR_0348_1,Montgomery,1,1,dilation_8px,8,True,28313,22,1216,20965,6110,2.5182,74,0.2061,67.2871,True
MCUCXR_0350_1,Montgomery,1,4,dilation_0px,0,True,39159,22,1591,30730,6816,2.2279,1204,1.9474,52.3231,True
MCUCXR_0350_1,Montgomery,1,4,dilation_4px,4,True,41809,22,1642,33960,6185,2.0867,61,0.0987,65.3053,True
MCUCXR_0350_1,Montgomery,1,4,dilation_8px,8,True,44770,22,1701,37143,5904,1.9486,0,0.0,inf,True
MCUCXR_0352_1,Montgomery,1,4,dilation_0px,0,True,32631,22,1413,25090,6106,2.0219,1284,2.4232,52.5625,True
MCUCXR_0352_1,Montgomery,1,4,dilation_4px,4,True,35093,22,1471,27711,5889,1.8801,22,0.0415,66.187,True
MCUCXR_0352_1,Montgomery,1,4,dilation_8px,8,True,37506,22,1524,30281,5679,1.7591,4,0.0075,70.5582,True
MCUCXR_0354_1,Montgomery,1,2,dilation_0px,0,True,43882,22,1759,35772,6329,1.9524,3022,3.923,49.4547,True
MCUCXR_0354_1,Montgomery,1,2,dilation_4px,4,True,46458,22,1787,39163,5486,1.8441,515,0.6686,58.9534,True
MCUCXR_0354_1,Montgomery,1,2,dilation_8px,8,True,49002,22,1806,42258,4916,1.7484,174,0.2259,61.7354,True
MCUCXR_0362_1,Montgomery,1,3,dilation_0px,0,True,31655,22,1383,23574,6676,2.3791,1480,2.9297,52.3795,True
MCUCXR_0362_1,Montgomery,1,3,dilation_4px,4,True,34027,22,1426,26298,6281,2.2132,298,0.5899,62.3662,True
MCUCXR_0362_1,Montgomery,1,3,dilation_8px,8,True,36573,22,1519,29022,6010,2.0592,79,0.1564,70.6015,True
MCUCXR_0367_1,Montgomery,1,3,dilation_0px,0,True,29933,22,1322,21480,7109,2.3929,822,1.9205,52.5471,True
MCUCXR_0367_1,Montgomery,1,3,dilation_4px,4,True,32357,22,1349,24145,6841,2.2136,25,0.0584,62.8197,True
MCUCXR_0367_1,Montgomery,1,3,dilation_8px,8,True,34752,22,1377,26813,6540,2.0611,9,0.021,65.7943,True
MCUCXR_0369_1,Montgomery,1,4,dilation_0px,0,True,32466,22,1360,24032,7052,2.1016,1134,2.4354,51.2837,True
MCUCXR_0369_1,Montgomery,1,4,dilation_4px,4,True,35107,22,1390,26922,6773,1.9435,281,0.6035,56.5454,True
MCUCXR_0369_1,Montgomery,1,4,dilation_8px,8,True,37766,22,1462,29801,6481,1.8067,102,0.2191,60.858,True
MCUCXR_0372_1,Montgomery,1,0,dilation_0px,0,True,31798,22,1407,23577,6792,2.1721,1722,3.6529,49.4263,True
MCUCXR_0372_1,Montgomery,1,0,dilation_4px,4,True,34436,22,1431,26456,6527,2.0057,355,0.7531,57.617,True
MCUCXR_0372_1,Montgomery,1,0,dilation_8px,8,True,37129,22,1499,29318,6290,1.8602,170,0.3606,63.0036,True
MCUCXR_0375_1,Montgomery,1,0,dilation_0px,0,True,35510,22,1444,26745,7299,1.9476,1782,3.1554,50.0295,True
MCUCXR_0375_1,Montgomery,1,0,dilation_4px,4,True,38217,22,1479,29755,6961,1.8097,197,0.3488,62.0377,True
MCUCXR_0375_1,Montgomery,1,0,dilation_8px,8,True,41039,22,1585,32765,6667,1.6853,55,0.0974,67.4736,True
MCUCXR_0383_1,Montgomery,1,1,dilation_0px,0,True,31174,22,1318,23631,6203,2.0304,1141,2.296,52.6262,True
MCUCXR_0383_1,Montgomery,1,1,dilation_4px,4,True,33660,22,1389,26288,5961,1.8805,30,0.0604,63.7046,True
MCUCXR_0383_1,Montgomery,1,1,dilation_8px,8,True,36027,22,1450,28868,5687,1.7569,4,0.008,80.3227,True
MCUCXR_0387_1,Montgomery,1,1,dilation_0px,0,True,42458,22,1716,33456,7264,2.0509,1804,2.6958,51.3063,True
MCUCXR_0387_1,Montgomery,1,1,dilation_4px,4,True,45660,22,1799,37010,6829,1.907,337,0.5036,60.187,True
MCUCXR_0387_1,Montgomery,1,1,dilation_8px,8,True,48943,22,1848,40413,6660,1.7791,44,0.0658,69.3534,True
MCUCXR_0390_1,Montgomery,1,3,dilation_0px,0,True,35289,22,1641,26800,6826,2.2123,1478,2.5979,51.6508,True
MCUCXR_0390_1,Montgomery,1,3,dilation_4px,4,True,38061,22,1671,29977,6391,2.0512,61,0.1072,67.2118,True
MCUCXR_0390_1,Montgomery,1,3,dilation_8px,8,True,40884,22,1781,33020,6061,1.9095,3,0.0053,76.8164,True
MCUCXR_0393_1,Montgomery,1,1,dilation_0px,0,True,34875,22,1392,26953,6508,2.0118,1752,3.1646,49.4692,True
MCUCXR_0393_1,Montgomery,1,1,dilation_4px,4,True,37545,22,1470,29909,6144,1.8687,52,0.0939,66.1578,True
MCUCXR_0393_1,Montgomery,1,1,dilation_8px,8,True,40150,22,1517,32825,5786,1.7475,5,0.009,82.7754,True
MCUCXR_0399_1,Montgomery,1,2,dilation_0px,0,True,26600,22,1220,20042,5316,2.3538,2631,5.9219,49.8915,True
MCUCXR_0399_1,Montgomery,1,2,dilation_4px,4,True,28932,22,1275,22533,5102,2.1641,783,1.7624,57.3238,True
MCUCXR_0399_1,Montgomery,1,2,dilation_8px,8,True,31231,22,1335,24974,4900,2.0048,407,0.9161,60.1327,True
